model_time,"source1 [Model.NeuronTrainer.Source1.Output]","source2 [Model.NeuronTrainer.Source2.Output]","source3 [Model.NeuronTrainer.Source3.Output]","synapse1 [Model.NeuronTrainer.Neuron.Dendrite1_5.ExcSynapse1.Output]","synapse2 [Model.NeuronTrainer.Neuron.Dendrite2_3.ExcSynapse1.Output]","synapse3 [Model.NeuronTrainer.Neuron.Dendrite3_1.ExcSynapse1.Output]","ltz [Model.NeuronTrainer.Neuron.LTZone.Output]","soma_sum_potential [Model.NeuronTrainer.Neuron.Soma1.SumPotential]","ltz_output_potential [Model.NeuronTrainer.Neuron.LTZone.OutputPotential]"
0,0,0,0,0,0,0,0,0,0
0.00050000000000000001,0,0,0,0,0,0,0,0,0
0.001,0,0,0,0,0,0,0,0,0
0.0015,0,0,0,0,0,0,0,0,0
0.002,0,0,0,0,0,0,0,0,0
0.0025000000000000001,0,0,0,0,0,0,0,0,0
0.0030000000000000001,0,0,0,0,0,0,0,0,0
0.0035000000000000001,0,0,0,0,0,0,0,0,0
0.0040000000000000001,0,0,0,0,0,0,0,0,0
0.0044999999999999997,0,0,0,0,0,0,0,0,0
0.0050000000000000001,0,0,0,0,0,0,0,0,0
0.0054999999999999997,0,0,0,0,0,0,0,0,0
0.0060000000000000001,0,0,0,0,0,0,0,0,0
0.0064999999999999997,0,0,0,0,0,0,0,0,0
0.0070000000000000001,0,0,0,0,0,0,0,0,0
0.0074999999999999997,0,0,0,0,0,0,0,0,0
0.0080000000000000002,0,0,0,0,0,0,0,0,0
0.0085000000000000006,0,0,0,0,0,0,0,0,0
0.0089999999999999993,0,0,0,0,0,0,0,0,0
0.0094999999999999998,0,0,0,0,0,0,0,0,0
0.01,0,0,0,0,0,0,0,0,0
0.010500000000000001,0,0,0,0,0,0,0,0,0
0.010999999999999999,0,0,0,0,0,0,0,0,0
0.0115,0,0,0,0,0,0,0,0,0
0.012,0,0,0,0,0,0,0,0,0
0.012500000000000001,0,0,0,0,0,0,0,0,0
0.012999999999999999,0,0,0,0,0,0,0,0,0
0.0135,0,0,0,0,0,0,0,0,0
0.014,0,0,0,0,0,0,0,0,0
0.014500000000000001,0,0,0,0,0,0,0,0,0
0.014999999999999999,0,0,0,0,0,0,0,0,0
0.0155,0,0,0,0,0,0,0,0,0
0.016,0,0,0,0,0,0,0,0,0
0.016500000000000001,0,0,0,0,0,0,0,0,0
0.017000000000000001,0,0,0,0,0,0,0,0,0
0.017500000000000002,0,0,0,0,0,0,0,0,0
0.017999999999999999,0,0,0,0,0,0,0,0,0
0.018499999999999999,0,0,0,0,0,0,0,0,0
0.019,0,0,0,0,0,0,0,0,0
0.0195,0,0,0,0,0,0,0,0,0
0.02,0,0,0,0,0,0,0,0,0
0.020500000000000001,0,0,0,0,0,0,0,0,0
0.021000000000000001,0,0,0,0,0,0,0,0,0
0.021499999999999998,0,0,0,0,0,0,0,0,0
0.021999999999999999,0,0,0,0,0,0,0,0,0
0.022499999999999999,0,0,0,0,0,0,0,0,0
0.023,0,0,0,0,0,0,0,0,0
0.0235,0,0,0,0,0,0,0,0,0
0.024,0,0,0,0,0,0,0,0,0
0.024500000000000001,0,0,0,0,0,0,0,0,0
0.025000000000000001,0,0,0,0,0,0,0,0,0
0.025499999999999998,0,0,0,0,0,0,0,0,0
0.025999999999999999,0,0,0,0,0,0,0,0,0
0.026499999999999999,0,0,0,0,0,0,0,0,0
0.027,0,0,0,0,0,0,0,0,0
0.0275,0,0,0,0,0,0,0,0,0
0.028000000000000001,0,0,0,0,0,0,0,0,0
0.028500000000000001,0,0,0,0,0,0,0,0,0
0.029000000000000001,0,0,0,0,0,0,0,0,0
0.029499999999999998,0,0,0,0,0,0,0,0,0
0.029999999999999999,0,0,0,0,0,0,0,0,0
0.030499999999999999,0,0,0,0,0,0,0,0,0
0.031,0,0,0,0,0,0,0,0,0
0.0315,0,0,0,0,0,0,0,0,0
0.032000000000000001,0,0,0,0,0,0,0,0,0
0.032500000000000001,0,0,0,0,0,0,0,0,0
0.033000000000000002,0,0,0,0,0,0,0,0,0
0.033500000000000002,0,0,0,0,0,0,0,0,0
0.034000000000000002,0,0,0,0,0,0,0,0,0
0.034500000000000003,0,0,0,0,0,0,0,0,0
0.035000000000000003,0,0,0,0,0,0,0,0,0
0.035499999999999997,0,0,0,0,0,0,0,0,0
0.035999999999999997,0,0,0,0,0,0,0,0,0
0.036499999999999998,0,0,0,0,0,0,0,0,0
0.036999999999999998,0,0,0,0,0,0,0,0,0
0.037499999999999999,0,0,0,0,0,0,0,0,0
0.037999999999999999,0,0,0,0,0,0,0,0,0
0.0385,0,0,0,0,0,0,0,0,0
0.039,0,0,0,0,0,0,0,0,0
0.0395,0,0,0,0,0,0,0,0,0
0.040000000000000001,0,0,0,0,0,0,0,0,0
0.040500000000000001,0,0,0,0,0,0,0,0,0
0.041000000000000002,0,0,0,0,0,0,0,0,0
0.041500000000000002,0,0,0,0,0,0,0,0,0
0.042000000000000003,0,0,0,0,0,0,0,0,0
0.042500000000000003,0,0,0,0,0,0,0,0,0
0.042999999999999997,0,0,0,0,0,0,0,0,0
0.043499999999999997,0,0,0,0,0,0,0,0,0
0.043999999999999997,0,0,0,0,0,0,0,0,0
0.044499999999999998,0,0,0,0,0,0,0,0,0
0.044999999999999998,0,0,0,0,0,0,0,0,0
0.045499999999999999,0,0,0,0,0,0,0,0,0
0.045999999999999999,0,0,0,0,0,0,0,0,0
0.0465,0,0,0,0,0,0,0,0,0
0.047,0,0,0,0,0,0,0,0,0
0.047500000000000001,0,0,0,0,0,0,0,0,0
0.048000000000000001,0,0,0,0,0,0,0,0,0
0.048500000000000001,0,0,0,0,0,0,0,0,0
0.049000000000000002,0,0,0,0,0,0,0,0,0
0.049500000000000002,0,0,0,0,0,0,0,0,0
0.050000000000000003,0,0,0,0,0,0,0,0,0
0.050500000000000003,0,0,0,0,0,0,0,0,0
0.050999999999999997,0,0,0,0,0,0,0,0,0
0.051499999999999997,0,0,0,0,0,0,0,0,0
0.051999999999999998,0,0,0,0,0,0,0,0,0
0.052499999999999998,0,0,0,0,0,0,0,0,0
0.052999999999999999,0,0,0,0,0,0,0,0,0
0.053499999999999999,0,0,0,0,0,0,0,0,0
0.053999999999999999,0,0,0,0,0,0,0,0,0
0.0545,0,0,0,0,0,0,0,0,0
0.055,0,0,0,0,0,0,0,0,0
0.055500000000000001,0,0,0,0,0,0,0,0,0
0.056000000000000001,0,0,0,0,0,0,0,0,0
0.056500000000000002,0,0,0,0,0,0,0,0,0
0.057000000000000002,0,0,0,0,0,0,0,0,0
0.057500000000000002,0,0,0,0,0,0,0,0,0
0.058000000000000003,0,0,0,0,0,0,0,0,0
0.058500000000000003,0,0,0,0,0,0,0,0,0
0.058999999999999997,0,0,0,0,0,0,0,0,0
0.059499999999999997,0,0,0,0,0,0,0,0,0
0.059999999999999998,0,0,0,0,0,0,0,0,0
0.060499999999999998,0,0,0,0,0,0,0,0,0
0.060999999999999999,0,0,0,0,0,0,0,0,0
0.061499999999999999,0,0,0,0,0,0,0,0,0
0.062,0,0,0,0,0,0,0,0,0
0.0625,0,0,0,0,0,0,0,0,0
0.063,0,0,0,0,0,0,0,0,0
0.063500000000000001,0,0,0,0,0,0,0,0,0
0.064000000000000001,0,0,0,0,0,0,0,0,0
0.064500000000000002,0,0,0,0,0,0,0,0,0
0.065000000000000002,0,0,0,0,0,0,0,0,0
0.065500000000000003,0,0,0,0,0,0,0,0,0
0.066000000000000003,0,0,0,0,0,0,0,0,0
0.066500000000000004,0,0,0,0,0,0,0,0,0
0.067000000000000004,0,0,0,0,0,0,0,0,0
0.067500000000000004,0,0,0,0,0,0,0,0,0
0.068000000000000005,0,0,0,0,0,0,0,0,0
0.068500000000000005,0,0,0,0,0,0,0,0,0
0.069000000000000006,0,0,0,0,0,0,0,0,0
0.069500000000000006,0,0,0,0,0,0,0,0,0
0.070000000000000007,0,0,0,0,0,0,0,0,0
0.070499999999999993,0,0,0,0,0,0,0,0,0
0.070999999999999994,0,0,0,0,0,0,0,0,0
0.071499999999999994,0,0,0,0,0,0,0,0,0
0.071999999999999995,0,0,0,0,0,0,0,0,0
0.072499999999999995,0,0,0,0,0,0,0,0,0
0.072999999999999995,0,0,0,0,0,0,0,0,0
0.073499999999999996,0,0,0,0,0,0,0,0,0
0.073999999999999996,0,0,0,0,0,0,0,0,0
0.074499999999999997,0,0,0,0,0,0,0,0,0
0.074999999999999997,0,0,0,0,0,0,0,0,0
0.075499999999999998,0,0,0,0,0,0,0,0,0
0.075999999999999998,0,0,0,0,0,0,0,0,0
0.076499999999999999,0,0,0,0,0,0,0,0,0
0.076999999999999999,0,0,0,0,0,0,0,0,0
0.077499999999999999,0,0,0,0,0,0,0,0,0
0.078,0,0,0,0,0,0,0,0,0
0.0785,0,0,0,0,0,0,0,0,0
0.079000000000000001,0,0,0,0,0,0,0,0,0
0.079500000000000001,0,0,0,0,0,0,0,0,0
0.080000000000000002,0,0,0,0,0,0,0,0,0
0.080500000000000002,0,0,0,0,0,0,0,0,0
0.081000000000000003,0,0,0,0,0,0,0,0,0
0.081500000000000003,0,0,0,0,0,0,0,0,0
0.082000000000000003,0,0,0,0,0,0,0,0,0
0.082500000000000004,0,0,0,0,0,0,0,0,0
0.083000000000000004,0,0,0,0,0,0,0,0,0
0.083500000000000005,0,0,0,0,0,0,0,0,0
0.084000000000000005,0,0,0,0,0,0,0,0,0
0.084500000000000006,0,0,0,0,0,0,0,0,0
0.085000000000000006,0,0,0,0,0,0,0,0,0
0.085500000000000007,0,0,0,0,0,0,0,0,0
0.085999999999999993,0,0,0,0,0,0,0,0,0
0.086499999999999994,0,0,0,0,0,0,0,0,0
0.086999999999999994,0,0,0,0,0,0,0,0,0
0.087499999999999994,0,0,0,0,0,0,0,0,0
0.087999999999999995,0,0,0,0,0,0,0,0,0
0.088499999999999995,0,0,0,0,0,0,0,0,0
0.088999999999999996,0,0,0,0,0,0,0,0,0
0.089499999999999996,0,0,0,0,0,0,0,0,0
0.089999999999999997,0,0,0,0,0,0,0,0,0
0.090499999999999997,0,0,0,0,0,0,0,0,0
0.090999999999999998,0,0,0,0,0,0,0,0,0
0.091499999999999998,0,0,0,0,0,0,0,0,0
0.091999999999999998,0,0,0,0,0,0,0,0,0
0.092499999999999999,0,0,0,0,0,0,0,0,0
0.092999999999999999,0,0,0,0,0,0,0,0,0
0.0935,0,0,0,0,0,0,0,0,0
0.094,0,0,0,0,0,0,0,0,0
0.094500000000000001,0,0,0,0,0,0,0,0,0
0.095000000000000001,0,0,0,0,0,0,0,0,0
0.095500000000000002,0,0,0,0,0,0,0,0,0
0.096000000000000002,0,0,0,0,0,0,0,0,0
0.096500000000000002,0,0,0,0,0,0,0,0,0
0.097000000000000003,0,0,0,0,0,0,0,0,0
0.097500000000000003,0,0,0,0,0,0,0,0,0
0.098000000000000004,0,0,0,0,0,0,0,0,0
0.098500000000000004,0,0,0,0,0,0,0,0,0
0.099000000000000005,0,0,0,0,0,0,0,0,0
0.099500000000000005,0,0,0,0,0,0,0,0,0
0.10000000000000001,0,0,0,0,0,0,0,0,0
0.10050000000000001,0,0,0,0,0,0,0,0,0
0.10100000000000001,0,0,0,0,0,0,0,0,0
0.10150000000000001,0,0,0,0,0,0,0,0,0
0.10199999999999999,0,0,0,0,0,0,0,0,0
0.10249999999999999,0,0,0,0,0,0,0,0,0
0.10299999999999999,0,0,0,0,0,0,0,0,0
0.10349999999999999,0,0,0,0,0,0,0,0,0
0.104,0,0,0,0,0,0,0,0,0
0.1045,0,0,0,0,0,0,0,0,0
0.105,0,0,0,0,0,0,0,0,0
0.1055,0,0,0,0,0,0,0,0,0
0.106,0,0,0,0,0,0,0,0,0
0.1065,0,0,0,0,0,0,0,0,0
0.107,0,0,0,0,0,0,0,0,0
0.1075,0,0,0,0,0,0,0,0,0
0.108,0,0,0,0,0,0,0,0,0
0.1085,0,0,0,0,0,0,0,0,0
0.109,0,0,0,0,0,0,0,0,0
0.1095,0,0,0,0,0,0,0,0,0
0.11,1,0,0,5.0000000000000003e-10,0,0,0,1.5781220774613303e-10,1.8265301822469099e-11
0.1105,1,0,0,7.500000000000001e-10,0,0,0,1.1371819041983144e-09,1.4354145908299072e-10
0.111,0,0,0,7.1250000000000007e-10,0,0,0,4.5708254958753969e-09,6.2273140336845648e-10
0.1115,0,0,0,6.76875e-10,0,0,0,1.3578769664235324e-08,1.978122080929794e-09
0.112,0,0,0,6.4303125000000009e-10,0,0,0,3.3295701973301561e-08,5.1449433460353697e-09
0.1125,0,0,0,6.1087968750000017e-10,0,0,0,7.137225888076415e-08,1.1619182795417087e-08
0.113,0,0,0,5.8033570312500011e-10,0,0,0,1.3842453761014895e-07,2.3606102844479317e-08
0.1135,0,0,0,5.5131891796875012e-10,0,0,0,2.4841388091001448e-07,4.4161145943620118e-08
0.114,0,0,0,5.2375297207031259e-10,0,0,0,4.1894536539910376e-07,7.7316461634389025e-08
0.1145,0,0,0,4.9756532346679698e-10,0,0,0,6.7147860993710395e-07,1.281878997170206e-07
0.115,0,0,0,4.7268705729345716e-10,0,0,0,1.031448688793013e-06,2.0305884759224641e-07
0.11550000000000001,0,0,0,4.490527044287843e-10,0,0,0,1.5282982234188225e-06,3.0943867174063565e-07
0.11600000000000001,0,0,0,4.2660006920734509e-10,0,0,0,2.195424277928737e-06,4.560947206650373e-07
0.11650000000000001,0,0,0,4.0527006574697787e-10,0,0,0,3.0700455986298891e-06,6.5305784990517353e-07
0.11700000000000001,0,0,0,3.8500656245962897e-10,0,0,0,4.1929971330567639e-06,9.116022461252248e-07
0.11749999999999999,0,0,0,3.6575623433664754e-10,0,0,0,5.6084597057637353e-06,1.2442009692025467e-06
0.11799999999999999,0,0,0,3.4746842261981514e-10,0,0,0,7.3636333147719668e-06,1.6644591181798993e-06
0.11849999999999999,0,0,0,3.3009500148882438e-10,0,0,0,9.5083627890124589e-06,2.1870268767994319e-06
0.11899999999999999,0,0,0,3.1359025141438313e-10,0,0,0,1.2094724587297101e-05,2.8274949273664234e-06
0.1195,0,0,0,2.97910738843664e-10,0,0,0,1.5176583358034179e-05,3.6022748551366672e-06
0.12,0,0,0,2.830152019014808e-10,0,0,0,1.8809126569374612e-05,4.5284672167066453e-06
0.1205,0,0,0,2.6886444180640676e-10,0,0,0,2.3048385088708656e-05,5.6237199295062655e-06
0.121,0,0,0,2.5542121971608643e-10,0,0,0,2.7950747077176707e-05,6.9060795693972268e-06
0.1215,0,0,0,2.4265015873028208e-10,0,0,0,3.357247198543245e-05,8.3938380505593524e-06
0.122,0,0,0,2.3051765079376797e-10,0,0,0,3.9969210821499956e-05,1.0105377016973924e-05
0.1225,0,0,0,2.1899176825407959e-10,0,0,0,4.7195538222299938e-05,1.2059012106253804e-05
0.123,0,0,0,2.0804217984137559e-10,0,0,0,5.5304501216046908e-05,1.4272839061958144e-05
0.1235,0,0,0,1.9764007084930679e-10,0,0,0,6.4347188920899079e-05,1.6764583475734143e-05
0.124,0,0,0,1.8775806730684144e-10,0,0,0,7.4372326801297461e-05,1.95514557412544e-05
0.1245,0,0,0,1.783701639414994e-10,0,0,0,8.5425898497915043e-05,2.2650012601688639e-05
0.125,0,0,0,1.6945165574442442e-10,0,0,0,9.7550797676149159e-05,2.6076026475656607e-05
0.1255,0,0,0,1.6097907295720322e-10,0,0,0,0.0001107865117908613,2.9844363554810711e-05
0.126,0,0,0,1.5293011930934307e-10,0,0,0,0.00012516883916346977,3.3968871482940063e-05
0.1265,0,0,0,1.4528361334387591e-10,0,0,0,0.00014072964029610002,3.8462277252301154e-05
0.127,0,0,0,1.3801943267668209e-10,0,0,0,0.0001574966239201725,4.3336095789716552e-05
0.1275,0,0,0,1.31118461042848e-10,0,0,0,0.00017549316788523228,4.8600549553152038e-05
0.128,0,0,0,1.245625379907056e-10,0,0,0,0.00019473817464421561,5.426449931990661e-05
0.1285,0,0,0,1.1833441109117034e-10,0,0,0,0.00021524596078015268,6.0335386220419671e-05
0.129,0,0,0,1.1241769053661182e-10,0,0,0,0.0002370261797419726,6.6819184956613378e-05
0.1295,0,0,0,1.0679680600978123e-10,0,0,0,0.00026008377672193106,7.3720368041346117e-05
0.13,0,1,0,1.0145696570929217e-10,5.0000000000000003e-10,0,0,0.0002844189743989034,8.1045515786655147e-05
0.1305,0,1,0,9.6384117423827558e-11,7.500000000000001e-10,0,0,0.00031002728810380908,8.8806775900709855e-05
0.13100000000000001,0,0,0,9.1564911552636178e-11,7.1250000000000007e-10,0,0,0.00033689956881732819,9.7022846153151351e-05
0.13150000000000001,0,0,0,8.6986665975004362e-11,6.76875e-10,0,0,0.00036502207230149075,0.00010571854114009344
0.13200000000000001,0,0,0,8.2637332676254152e-11,6.4303125000000009e-10,0,0,0.00039437655257645865,0.0001149236119594762
0.13250000000000001,0,0,0,7.8505466042441437e-11,6.1087968750000017e-10,0,0,0.00042494037789031491,0.00012467123398118363
0.13300000000000001,0,0,0,7.4580192740319369e-11,5.8033570312500011e-10,0,0,0.00045668666729314911,0.00013499641451994909
0.13350000000000001,0,0,0,7.0851183103303392e-11,5.5131891796875012e-10,0,0,0.00048958444589974892,0.00014593446755387435
0.13400000000000001,0,0,0,6.7308623948138224e-11,5.2375297207031259e-10,0,0,0.00052359881692798371,0.00015751963610760513
0.13450000000000001,0,0,0,6.3943192750731309e-11,4.9756532346679698e-10,0,0,0.0005586911486078483,0.00016978390112438012
0.13500000000000001,0,0,0,6.0746033113194744e-11,4.7268705729345716e-10,0,0,0.00059481927408711055,0.0001827559898462417
0.13550000000000001,0,0,0,5.7708731457535011e-11,4.490527044287843e-10,0,0,0.00063193770249792003,0.00019646058121422012
0.13600000000000001,0,0,0,5.4823294884658259e-11,4.2660006920734509e-10,0,0,0.00066999783939691859,0.00021091769688648165
0.13650000000000001,0,0,0,5.2082130140425345e-11,4.0527006574697787e-10,0,0,0.00070894821485556481,0.00022614226174807922
0.13700000000000001,0,0,0,4.9478023633404076e-11,3.8500656245962897e-10,0,0,0.00074873471754022258,0.00024214381568816258
0.13750000000000001,0,0,0,4.7004122451733873e-11,3.6575623433664754e-10,0,0,0.00078930083319750377,0.00025892635794287156
0.13800000000000001,0,0,0,4.465391632914718e-11,3.4746842261981514e-10,0,0,0.00083058788603984635,0.00027648830579248218
0.13850000000000001,0,0,0,4.2421220512689821e-11,3.3009500148882438e-10,0,0,0.00087253528160702309,0.00029482255044489499
0.13900000000000001,0,0,0,4.0300159487055332e-11,3.1359025141438313e-10,0,0,0.00091508074976798248,0.00031391659426822086
0.13950000000000001,0,0,0,3.8285151512702567e-11,2.97910738843664e-10,0,0,0.00095816058661224446,0.00033375275498838625
0.14000000000000001,0,0,0,3.6370893937067438e-11,2.830152019014808e-10,0,0,0.0010017098940726665,0.00035430842393986722
0.14050000000000001,0,0,0,3.4552349240214069e-11,2.6886444180640676e-10,0,0,0.0010456628162073267,0.00037555636688789336
0.14099999999999999,0,0,0,3.2824731778203365e-11,2.5542121971608643e-10,0,0,0.0010899527711594192,0.00039746505729423961
0.14149999999999999,0,0,0,3.1183495189293198e-11,2.4265015873028208e-10,0,0,0.0011345126779037651,0.00041999903315725217
0.14199999999999999,0,0,0,2.9624320429828537e-11,2.3051765079376797e-10,0,0,0.0011792751769700294,0.00044311926971225021
0.14249999999999999,0,0,0,2.8143104408337113e-11,2.1899176825407959e-10,0,0,0.0012241728444252198,0.00046678356133107208
0.14299999999999999,0,0,0,2.6735949187920256e-11,2.0804217984137559e-10,0,0,0.0012691383984726468,0.00049094690690961135
0.14349999999999999,0,0,0,2.5399151728524243e-11,1.9764007084930679e-10,0,0,0.0013141048981111236,0.00051556189388760726
0.14399999999999999,0,0,0,2.4129194142098031e-11,1.8775806730684144e-10,0,0,0.0013590059333703497,0.00054057907680935956
0.14449999999999999,0,0,0,2.2922734434993131e-11,1.783701639414994e-10,0,0,0.0014037758067153572,0.0005659473470160432
0.14499999999999999,0,0,0,2.1776597713243474e-11,1.6945165574442442e-10,0,0,0.0014483497052806271,0.00059161429066496645
0.14549999999999999,0,0,0,2.0687767827581299e-11,1.6097907295720322e-10,0,0,0.001492663863664645,0.00061752653280717205
0.14599999999999999,0,0,0,1.9653379436202235e-11,1.5293011930934307e-10,0,0,0.0015366557170743977,0.00064363006572597573
0.14649999999999999,0,0,0,1.8670710464392122e-11,1.4528361334387591e-10,0,0,0.0015802640446737071,0.00066987056015417059
0.14699999999999999,0,0,0,1.7737174941172517e-11,1.3801943267668209e-10,0,0,0.001623429103042251,0.00069619365834987712
0.14749999999999999,0,0,0,1.685031619411389e-11,1.31118461042848e-10,0,0,0.0016660927497037514,0.00072254524832661784
0.14799999999999999,0,0,0,1.6007800384408196e-11,1.245625379907056e-10,0,0,0.0017081985567338753,0.00074887171880726351
0.14849999999999999,0,0,0,1.5207410365187787e-11,1.1833441109117034e-10,0,0,0.0017496919144979195,0.00077512019470703188
0.14899999999999999,0,0,0,1.4447039846928397e-11,1.1241769053661182e-10,0,0,0.0017905201256142034,0.00080123875315318621
0.14949999999999999,0,0,0,1.3724687854581977e-11,1.0679680600978123e-10,0,0,0.0018306324892740644,0.00082717662022077144
0.14999999999999999,0,0,0,1.3038453461852878e-11,1.0145696570929217e-10,0,0,0.0018699803760838796,0.00085288434870878758
0.15049999999999999,0,0,1,1.2386530788760235e-11,9.6384117423827558e-11,5.0000000000000003e-10,0,0.0019085172936267325,0.00087976797042773843
0.151,0,0,1,1.1767204249322223e-11,9.1564911552636178e-11,7.500000000000001e-10,0,0.0019461989429663262,0.00090931621375343657
0.1515,0,0,0,1.1178844036856113e-11,8.6986665975004362e-11,7.1250000000000007e-10,0,0.0019829832663432745,0.00094216737392591968
0.152,0,0,0,1.0619901835013306e-11,8.2637332676254152e-11,6.76875e-10,0,0.002018830486333667,0.00097843801193288229
0.1525,0,0,0,1.0088906743262641e-11,7.8505466042441437e-11,6.4303125000000009e-10,0,0.0020537031367576786,0.0010179347410505346
0.153,0,0,0,9.5844614060995096e-12,7.4580192740319369e-11,6.1087968750000017e-10,0,0.0020875660856451983,0.0010602899102483362
0.1535,0,0,0,9.1052383357945341e-12,7.0851183103303392e-11,5.8033570312500011e-10,0,0.0021203865505746711,0.0011050478076049259
0.154,0,0,0,8.6499764190048072e-12,6.7308623948138224e-11,5.5131891796875012e-10,0,0.0021521341067159971,0.001151718747775721
0.1545,0,0,0,8.2174775980545678e-12,6.3943192750731309e-11,5.2375297207031259e-10,0,0.0021827806879152201,0.0011998123645510959
0.155,0,0,0,7.8066037181518396e-12,6.0746033113194744e-11,4.9756532346679698e-10,0,0.002212300581165616,0.0012488574858560506
0.1555,0,0,0,7.4162735322442478e-12,5.7708731457535011e-11,4.7268705729345716e-10,0,0.0022406704148140166,0.001298413395155378
0.156,0,0,0,7.045459855632035e-12,5.4823294884658259e-11,4.490527044287843e-10,0,0.0022678691408559715,0.0013480756042698395
0.1565,0,0,0,6.6931868628504337e-12,5.2082130140425345e-11,4.2660006920734509e-10,0,0.0022938780116718016,0.0013974781674428549
0.157,0,0,0,6.3585275197079119e-12,4.9478023633404076e-11,4.0527006574697787e-10,0,0.0023186805515560405,0.0014462938523542592
0.1575,0,0,0,6.0406011437225164e-12,4.7004122451733873e-11,3.8500656245962897e-10,0,0.0023422625233923133,0.0014942330183013346
0.158,0,0,0,5.7385710865363908e-12,4.465391632914718e-11,3.6575623433664754e-10,0,0.0023646118908194902,0.0015410417485589841
0.1585,0,0,0,5.4516425322095715e-12,4.2421220512689821e-11,3.4746842261981514e-10,0,0.0023857187762336141,0.0015864995866006011
0.159,0,0,0,5.1790604055990933e-12,4.0300159487055332e-11,3.3009500148882438e-10,0,0.0024055754149614472,0.0016304170975983234
0.1595,0,0,0,4.9201073853191377e-12,3.8285151512702567e-11,3.1359025141438313e-10,0,0.0024241761059375921,0.0016726333934039444
0.16,0,0,0,4.674102016053181e-12,3.6370893937067438e-11,2.97910738843664e-10,0,0.0024415171592082618,0.001713013705359712
0.1605,0,0,0,4.4403969152505223e-12,3.4552349240214069e-11,2.830152019014808e-10,0,0.0024575968405755599,0.0017514470545698048
0.161,0,0,0,4.2183770694879959e-12,3.2824731778203365e-11,2.6886444180640676e-10,0,0.0024724153136911342,0.0017878440470032147
0.1615,0,0,0,4.007458216013596e-12,3.1183495189293198e-11,2.5542121971608643e-10,0,0.0024859745798929689,0.0018221348066393853
0.16200000000000001,0,0,0,3.8070853052129167e-12,2.9624320429828537e-11,2.4265015873028208e-10,0,0.0024982784160744176,0.0018542670509704643
0.16250000000000001,0,0,0,3.6167310399522705e-12,2.8143104408337113e-11,2.3051765079376797e-10,0,0.0025093323108608123,0.0018842043076848112
0.16300000000000001,0,0,0,3.4358944879546569e-12,2.6735949187920256e-11,2.1899176825407959e-10,0,0.0025191433993595469,0.0019119242680683908
0.16350000000000001,0,0,0,3.264099763556924e-12,2.5399151728524243e-11,2.0804217984137559e-10,0,0.0025277203967379869,0.0019374172707878835
0.16400000000000001,0,0,0,3.1008947753790778e-12,2.4129194142098031e-11,1.9764007084930679e-10,0,0.0025350735308740102,0.0019606849087507043
0.16450000000000001,0,0,0,2.9458500366101237e-12,2.2922734434993131e-11,1.8775806730684144e-10,0,0.002541214474309661,0.0019817387513383204
0.16500000000000001,0,0,0,2.7985575347796178e-12,2.1776597713243474e-11,1.783701639414994e-10,1,0.0025461562757297385,0.002000599174267639
0.16550000000000001,0,0,0,2.6586296580406368e-12,2.0687767827581299e-11,1.6945165574442442e-10,1,0.0025499132911749323,0.0006115022387580423
0.16600000000000001,0,0,0,2.525698175138605e-12,1.9653379436202235e-11,1.6097907295720322e-10,0,-0.017449827926424022,-0.00029526937192183341
0.16650000000000001,0,0,0,2.3994132663816747e-12,1.8670710464392122e-11,1.5293011930934307e-10,0,-0.037349672741527784,-0.013334884449660441
0.16700000000000001,0,0,0,2.2794426030625911e-12,1.7737174941172517e-11,1.4528361334387591e-10,0,-0.035354191443468741,-0.021151561680617111
0.16750000000000001,0,0,0,2.1654704729094613e-12,1.685031619411389e-11,1.3801943267668209e-10,0,-0.033459584831084799,-0.025594131030611297
0.16800000000000001,0,0,0,2.0571969492639882e-12,1.6007800384408196e-11,1.31118461042848e-10,0,-0.031660845088294143,-0.027867714055980521
0.16850000000000001,0,0,0,1.954337101800789e-12,1.5207410365187787e-11,1.245625379907056e-10,0,-0.029953212897229853,-0.028757319736749051
0.16900000000000001,0,0,0,1.8566202467107494e-12,1.4447039846928397e-11,1.1833441109117034e-10,0,-0.028332165034095302,-0.028773798690451935
0.16950000000000001,0,0,0,1.763789234375212e-12,1.3724687854581977e-11,1.1241769053661182e-10,0,-0.026793402587507287,-0.028249114863423679
0.17000000000000001,0,0,0,1.6755997726564514e-12,1.3038453461852878e-11,1.0679680600978123e-10,0,-0.025332839768038018,-0.027398532989280695
0.17050000000000001,0,0,0,1.5918197840236289e-12,1.2386530788760235e-11,1.0145696570929217e-10,0,-0.023946593279238981,-0.026361209577931723
0.17100000000000001,0,0,0,1.5122287948224474e-12,1.1767204249322223e-11,9.6384117423827558e-11,0,-0.022630972221920898,-0.025226686383034876
0.17150000000000001,0,0,0,1.4366173550813249e-12,1.1178844036856113e-11,9.1564911552636178e-11,0,-0.021382468504873797,-0.024052181486164476
0.17199999999999999,0,0,0,1.3647864873272587e-12,1.0619901835013306e-11,8.6986665975004362e-11,0,-0.020197747736564686,-0.022873873427260834
0.17249999999999999,0,0,0,1.2965471629608959e-12,1.0088906743262641e-11,8.2637332676254152e-11,0,-0.019073640573621153,-0.021714264279244219
0.17299999999999999,0,0,0,1.231719804812851e-12,9.5844614060995096e-12,7.8505466042441437e-11,0,-0.018007134503127187,-0.0205869832873973
0.17349999999999999,0,0,0,1.1701338145722084e-12,9.1052383357945341e-12,7.4580192740319369e-11,0,-0.016995366036911874,-0.019499919902347253
0.17399999999999999,0,0,0,1.111627123843598e-12,8.6499764190048072e-12,7.0851183103303392e-11,0,-0.016035613297104012,-0.018457266407838142
0.17449999999999999,0,0,0,1.056045767651418e-12,8.2174775980545678e-12,6.7308623948138224e-11,0,-0.01512528897326948,-0.01746084887952631
0.17499999999999999,0,0,0,1.0032434792688472e-12,7.8066037181518396e-12,6.3943192750731309e-11,0,-0.014261933632437218,-0.016510993699478761
0.17549999999999999,0,0,0,9.5308130530540474e-13,7.4162735322442478e-12,6.0746033113194744e-11,0,-0.013443209364258468,-0.015607091003513972
0.17599999999999999,0,0,0,9.0542724004013447e-13,7.045459855632035e-12,5.7708731457535011e-11,0,-0.012666893744435415,-0.014747960399425971
0.17649999999999999,0,0,0,8.6015587803812774e-13,6.6931868628504337e-12,5.4823294884658259e-11,0,-0.011930874100407718,-0.013932087713308509
0.17699999999999999,0,0,0,8.1714808413622138e-13,6.3585275197079119e-12,5.2082130140425345e-11,0,-0.011233142064086432,-0.013157777642290716
0.17749999999999999,0,0,0,7.762906799294103e-13,6.0406011437225164e-12,4.9478023633404076e-11,0,-0.010571788397189419,-0.012423251604606809
0.17799999999999999,0,0,0,7.3747614593293973e-13,5.7385710865363908e-12,4.7004122451733873e-11,0,-0.009944998075466227,-0.011726709903044715
0.17849999999999999,0,0,0,7.0060233863629282e-13,5.4516425322095715e-12,4.465391632914718e-11,0,-0.0093510456187818614,-0.011066370676091572
0.17899999999999999,0,0,0,6.6557222170447814e-13,5.1790604055990933e-12,4.2421220512689821e-11,0,-0.0087882906546898898,-0.010440493775726964
0.17949999999999999,0,0,0,6.3229361061925421e-13,4.9201073853191377e-12,4.0300159487055332e-11,0,-0.0082551737037490636,-0.0098473948809705367
0.17999999999999999,0,0,0,6.0067893008829148e-13,4.674102016053181e-12,3.8285151512702567e-11,0,-0.007750212175425597,-0.0092854533092169914
0.18049999999999999,0,0,0,5.706449835838769e-13,4.4403969152505223e-12,3.6370893937067438e-11,0,-0.0072719965639866935,-0.0087531157818343565
0.18099999999999999,0,0,0,5.4211273440468304e-13,4.2183770694879959e-12,3.4552349240214069e-11,0,-0.0068191868343280282,-0.0082488976137070416
0.18149999999999999,0,0,0,5.1500709768444882e-13,4.007458216013596e-12,3.2824731778203365e-11,0,-0.0063905089881793886,-0.0077713822829605832
0.182,0,0,0,4.8925674280022643e-13,3.8070853052129167e-12,3.1183495189293198e-11,0,-0.005984751801617394,-0.0073192200020907733
0.1825,0,0,0,4.6479390566021509e-13,3.6167310399522705e-12,2.9624320429828537e-11,0,-0.0056007637252728504,-0.0068911256931723014
0.183,0,0,0,4.4155421037720431e-13,3.4358944879546569e-12,2.8143104408337113e-11,0,-0.0052374499390503981,-0.0064858766272962954
0.1835,0,0,0,4.194764998583441e-13,3.264099763556924e-12,2.6735949187920256e-11,0,-0.0048937695535948844,-0.0061023098954781189
0.184,0,0,0,3.9850267486542689e-13,3.1008947753790778e-12,2.5399151728524243e-11,0,-0.0045687329511282515,-0.0057393198177522068
0.1845,0,0,0,3.7857754112215552e-13,2.9458500366101237e-12,2.4129194142098031e-11,0,-0.0042613992586536531,-0.0053958553577802887
0.185,0,0,0,3.5964866406604775e-13,2.7985575347796178e-12,2.2922734434993131e-11,0,-0.0039708739468757859,-0.0050709175846974175
0.1855,0,0,0,3.4166623086274537e-13,2.6586296580406368e-12,2.1776597713243474e-11,0,-0.0036963065485245972,-0.0047635572073156454
0.186,0,0,0,3.245829193196081e-13,2.525698175138605e-12,2.0687767827581299e-11,0,-0.0034368884900839447,-0.0044728721950685829
0.1865,0,0,0,3.083537733536277e-13,2.3994132663816747e-12,1.9653379436202235e-11,0,-0.0031918510312339832,-0.004198005493166455
0.187,0,0,0,2.9293608468594637e-13,2.2794426030625911e-12,1.8670710464392122e-11,0,-0.0029604633066003805,-0.0039381428350134771
0.1875,0,0,0,2.7828928045164904e-13,2.1654704729094613e-12,1.7737174941172517e-11,0,-0.0027420304646759153,-0.0036925106521408734
0.188,0,0,0,2.6437481642906658e-13,2.0571969492639882e-12,1.685031619411389e-11,0,-0.0025358918990432411,-0.003460374080168725
0.1885,0,0,0,2.511560756076132e-13,1.954337101800789e-12,1.6007800384408196e-11,0,-0.0023414195672672999,-0.0032410350582502438
0.189,0,0,0,2.3859827182723257e-13,1.8566202467107494e-12,1.5207410365187787e-11,0,-0.0021580163930651208,-0.0030338305188404016
0.1895,0,0,0,2.2666835823587094e-13,1.763789234375212e-12,1.4447039846928397e-11,0,-0.0019851147475795639,-0.0028381306643007055
0.19,0,0,0,2.1533494032407738e-13,1.6755997726564514e-12,1.3724687854581977e-11,0,-0.0018221750057950681,-0.0026533373267068928
0.1905,0,0,0,2.0456819330787353e-13,1.5918197840236289e-12,1.3038453461852878e-11,0,-0.0016686841743334124,-0.0024788824071972438
0.191,0,0,0,1.9433978364247983e-13,1.5122287948224474e-12,1.2386530788760235e-11,0,-0.0015241545870557927,-0.0023142263912420808
0.1915,0,0,0,1.8462279446035584e-13,1.4366173550813249e-12,1.1767204249322223e-11,0,-0.0013881226650821477,-0.002158856936303015
0.192,0,0,0,1.7539165473733803e-13,1.3647864873272587e-12,1.1178844036856113e-11,0,-0.0012601477380038695,-0.0020122875284643068
0.1925,0,0,0,1.6662207200047113e-13,1.2965471629608959e-12,1.0619901835013306e-11,0,-0.001139810923233564,-0.0018740562047471281
0.193,0,0,0,1.5829096840044758e-13,1.231719804812851e-12,1.0088906743262641e-11,0,-0.0010267140605871861,-0.0017437243379521637
0.19350000000000001,0,0,0,1.5037641998042519e-13,1.1701338145722084e-12,9.5844614060995096e-12,0,-0.00092047869934019921,-0.0016208754810137585
0.19400000000000001,0,0,0,1.4285759898140393e-13,1.111627123843598e-12,9.1052383357945341e-12,0,-0.00082074513514129865,-0.0015051142679833977
0.19450000000000001,0,0,0,1.3571471903233373e-13,1.056045767651418e-12,8.6499764190048072e-12,0,-0.00072717149429502026,-0.0013960653688949876
0.19500000000000001,0,0,0,1.2892898308071703e-13,1.0032434792688472e-12,8.2174775980545678e-12,0,-0.00063943286305367941,-0.0012933724958916514
0.19550000000000001,0,0,0,1.2248253392668118e-13,9.5308130530540474e-13,7.8066037181518396e-12,0,-0.00055722045967643297,-0.0011966974581193029
0.19600000000000001,0,0,0,1.1635840723034712e-13,9.0542724004013447e-13,7.4162735322442478e-12,0,-0.00048024084712483539,-0.0011057192630107562
0.19650000000000001,0,0,0,1.1054048686882976e-13,8.6015587803812774e-13,7.045459855632035e-12,0,-0.00040821518437561544,-0.00102013326169857
0.19700000000000001,0,0,0,1.0501346252538827e-13,8.1714808413622138e-13,6.6931868628504337e-12,0,-0.00034087851442810013,-0.00093965033640360581
0.19750000000000001,0,0,0,9.9762789399118854e-14,7.762906799294103e-13,6.3585275197079119e-12,0,-0.00027797908718518727,-0.0008639961277512587
0.19800000000000001,0,0,0,9.4774649929162908e-14,7.3747614593293973e-13,6.0406011437225164e-12,0,-0.00021927771547425312,-0.00079291030006514306
0.19850000000000001,0,0,0,9.0035917432704769e-14,7.0060233863629282e-13,5.7385710865363908e-12,0,-0.00016454716256508739,-0.00072614584278389365
0.19900000000000001,0,0,0,8.5534121561069518e-14,6.6557222170447814e-13,5.4516425322095715e-12,0,-0.00011357155962299359,-0.00066346840623589113
0.19950000000000001,0,0,0,8.1257415483016052e-14,6.3229361061925421e-13,5.1790604055990933e-12,0,-6.6145851612353646e-05,-0.00060465567009340378
0.20000000000000001,0,0,0,7.7194544708865247e-14,6.0067893008829148e-13,4.9201073853191377e-12,0,-2.2075270244115153e-05,-0.00054949674290826042
0.20050000000000001,0,0,0,7.3334817473421997e-14,5.706449835838769e-13,4.674102016053181e-12,0,1.8825167372504836e-05,-0.00049779159120947952
0.20100000000000001,0,0,0,6.9668076599750891e-14,5.4211273440468304e-13,4.4403969152505223e-12,0,5.6731135643639519e-05,-0.0004493504967175434
0.20150000000000001,0,0,0,6.6184672769763334e-14,5.1500709768444882e-13,4.2183770694879959e-12,0,9.1809454177083083e-05,-0.0004039935402995963
0.20200000000000001,0,0,0,6.2875439131275164e-14,4.8925674280022643e-13,4.007458216013596e-12,0,0.00012421851938837492,-0.00036155011135726996
0.20250000000000001,0,0,0,5.9731667174711408e-14,4.6479390566021509e-13,3.8070853052129167e-12,0,0.00015410871511378765,-0.00032185844140304124
0.20300000000000001,0,0,0,5.674508381597584e-14,4.4155421037720431e-13,3.6167310399522705e-12,0,0.00018162280326694535,-0.00028476516064047605
0.20349999999999999,0,0,0,5.3907829625177045e-14,4.194764998583441e-13,3.4358944879546569e-12,0,0.00020689629551984279,-0.00025012487642302769
0.20399999999999999,0,0,0,5.1212438143918187e-14,3.9850267486542689e-13,3.264099763556924e-12,0,0.00023005780694229649,-0.00021779977251917032
0.20449999999999999,0,0,0,4.8651816236722277e-14,3.7857754112215552e-13,3.1008947753790778e-12,0,0.00025122939248645171,-0.00018765922816577199
0.20499999999999999,0,0,0,4.6219225424886162e-14,3.5964866406604775e-13,2.9458500366101237e-12,0,0.00027052686715922647,-0.00015957945593949761
0.20549999999999999,0,0,0,4.3908264153641853e-14,3.4166623086274537e-13,2.7985575347796178e-12,0,0.00028806011068205351,-0.00013344315752493371
0.20599999999999999,0,0,0,4.1712850945959757e-14,3.245829193196081e-13,2.6586296580406368e-12,0,0.0003039333573991998,-0.00010913919650188323
0.20649999999999999,0,0,0,3.9627208398661772e-14,3.083537733536277e-13,2.525698175138605e-12,0,0.00031824547215641985,-8.6562287317965551e-05
0.20699999999999999,0,0,0,3.7645847978728686e-14,2.9293608468594637e-13,2.3994132663816747e-12,0,0.0003310902128363935,-6.5612699652727987e-05
0.20749999999999999,0,0,0,3.576355557979225e-14,2.7828928045164904e-13,2.2794426030625911e-12,0,0.00034255648020431462,-4.6195977418635151e-05
0.20799999999999999,0,0,0,3.3975377800802634e-14,2.6437481642906658e-13,2.1654704729094613e-12,0,0.00035272855568124761,-2.8222671681097069e-05
0.20849999999999999,0,0,0,3.2276608910762496e-14,2.511560756076132e-13,2.0571969492639882e-12,0,0.00036168632763633468,-1.1608086814534661e-05
0.20899999999999999,0,0,0,3.0662778465224374e-14,2.3859827182723257e-13,1.954337101800789e-12,0,0.00036950550675640681,3.7279607548934176e-06
0.20949999999999999,0,0,0,2.9129639541963156e-14,2.2666835823587094e-13,1.8566202467107494e-12,0,0.00037625783102490651,1.7861371837665954e-05
0.20999999999999999,0,0,0,2.7673157564864997e-14,2.1533494032407738e-13,1.763789234375212e-12,0,0.00038201126081616188,3.0863982388033164e-05
0.21049999999999999,0,0,0,2.6289499686621748e-14,2.0456819330787353e-13,1.6755997726564514e-12,0,0.00038683016458485042,4.280377058855882e-05
0.21099999999999999,0,0,0,2.497502470229066e-14,1.9433978364247983e-13,1.5918197840236289e-12,0,0.00039077549560806446,5.374505364393321e-05
0.21149999999999999,0,0,0,2.3726273467176128e-14,1.8462279446035584e-13,1.5122287948224474e-12,0,0.00039390496021296517,6.3748674789246195e-05
0.21199999999999999,0,0,0,2.253995979381732e-14,1.7539165473733803e-13,1.4366173550813249e-12,0,0.00039627317790424943,7.2872180993816088e-05
0.21249999999999999,0,0,0,2.1412961804126453e-14,1.6662207200047113e-13,1.3647864873272587e-12,0,0.00039793183378178387,8.1169991817769645e-05
0.21299999999999999,0,0,0,2.0342313713920131e-14,1.5829096840044758e-13,1.2965471629608959e-12,0,0.00039892982362288443,8.8693559856426395e-05
0.2135,0,0,0,1.9325198028224125e-14,1.5037641998042519e-13,1.231719804812851e-12,0,0.00039931339198306937,9.5491523186083592e-05
0.214,0,0,0,1.8358938126812917e-14,1.4285759898140393e-13,1.1701338145722084e-12,0,0.00039912626365223858,0.00010160985020467468
0.2145,0,0,0,1.7440991220472273e-14,1.3571471903233373e-13,1.111627123843598e-12,0,0.00039840976878746659,0.00010709197724150913
0.215,0,0,0,1.6568941659448659e-14,1.2892898308071703e-13,1.056045767651418e-12,0,0.00039720296202616634,0.00011197893929198132
0.2155,0,0,0,1.5740494576476225e-14,1.2248253392668118e-13,1.0032434792688472e-12,0,0.00039554273587050215,0.00011630949421579362
0.216,0,0,0,1.4953469847652413e-14,1.1635840723034712e-13,9.5308130530540474e-13,0,0.00039346392861772106,0.00012012024072044364
0.2165,0,0,0,1.4205796355269792e-14,1.1054048686882976e-13,9.0542724004013447e-13,0,0.00039099942709941438,0.00012344573043627757
0.217,0,0,0,1.3495506537506304e-14,1.0501346252538827e-13,8.6015587803812774e-13,0,0.00038818026447828835,0.00012631857437422599
0.2175,0,0,0,1.2820731210630988e-14,9.9762789399118854e-14,8.1714808413622138e-13,0,0.00038503571333936559,0.00012876954404306997
0.218,0,0,0,1.2179694650099439e-14,9.4774649929162908e-14,7.762906799294103e-13,0,0.00038159337430254681,0.00013082766748973577
0.2185,0,0,0,1.1570709917594468e-14,9.0035917432704769e-14,7.3747614593293973e-13,0,0.00037787926036947361,0.00013252032051291787
0.219,0,0,0,1.0992174421714744e-14,8.5534121561069518e-14,7.0060233863629282e-13,0,0.00037391787720986169,0.00013387331328836057
0.2195,0,0,0,1.0442565700629007e-14,8.1257415483016052e-14,6.6557222170447814e-13,0,0.00036973229958048304,0.00013491097263220291
0.22,0,0,0,9.920437415597557e-15,7.7194544708865247e-14,6.3229361061925421e-13,0,0.00036534424406331478,0.00013565622011784602
0.2205,0,0,0,9.4244155448176787e-15,7.3334817473421997e-14,6.0067893008829148e-13,0,0.00036077413829627147,0.00013613064625130295
0.221,0,0,0,8.9531947675767942e-15,6.9668076599750891e-14,5.706449835838769e-13,0,0.0003560411868660518,0.00013635458089970674
0.2215,0,0,0,8.5055350291979563e-15,6.6184672769763334e-14,5.4211273440468304e-13,0,0.00035116343402064043,0.00013634716015845948
0.222,0,0,0,8.0802582777380577e-15,6.2875439131275164e-14,5.1500709768444882e-13,0,0.00034615782335434275,0.00013612638983296924
0.2225,0,0,0,7.6762453638511551e-15,5.9731667174711408e-14,4.8925674280022643e-13,0,0.00034104025460779397,0.00013570920570280974
0.223,0,0,0,7.2924330956585974e-15,5.674508381597584e-14,4.6479390566021509e-13,0,0.00033582563772238672,0.0001351115307274483
0.2235,0,0,0,6.927811440875667e-15,5.3907829625177045e-14,4.4155421037720431e-13,0,0.00033052794427745891,0.00013434832934517907
0.224,0,0,0,6.5814208688318842e-15,5.1212438143918187e-14,4.194764998583441e-13,0,0.00032516025643636315,0.00013343365900933638
0.22450000000000001,0,0,0,6.2523498253902905e-15,4.8651816236722277e-14,3.9850267486542689e-13,0,0.00031973481351910138,0.00013238071909884585
0.22500000000000001,0,0,0,5.9397323341207762e-15,4.6219225424886162e-14,3.7857754112215552e-13,0,0.00031426305631365725,0.00013120189733334053
0.22550000000000001,0,0,0,5.6427457174147376e-15,4.3908264153641853e-14,3.5964866406604775e-13,0,0.00030875566923449504,0.00012990881381690238
0.22600000000000001,0,0,0,5.360608431544e-15,4.1712850945959757e-14,3.4166623086274537e-13,0,0.00030322262042936643,0.00012851236282813747
0.22650000000000001,0,0,0,5.0925780099668e-15,3.9627208398661772e-14,3.245829193196081e-13,0,0.0002976731999325688,0.00012702275246872092
0.22700000000000001,0,0,0,4.8379491094684598e-15,3.7645847978728686e-14,3.083537733536277e-13,0,0.00029211605595635959,0.00012544954227686672
0.22750000000000001,0,0,0,4.5960516539950369e-15,3.576355557979225e-14,2.9293608468594637e-13,0,0.00028655922940945544,0.00012380167890714542
0.22800000000000001,0,0,0,4.3662490712952848e-15,3.3975377800802634e-14,2.7828928045164904e-13,0,0.00028101018672599398,0.00012208752997293834
0.22850000000000001,0,0,0,4.1479366177305205e-15,3.2276608910762496e-14,2.6437481642906658e-13,0,0.0002754758510861155,0.00012031491614308936
0.22900000000000001,0,0,0,3.9405397868439939e-15,3.0662778465224374e-14,2.511560756076132e-13,0,0.00026996263210299354,0.00011849114157999637
0.22950000000000001,0,0,0,3.7435127975017945e-15,2.9129639541963156e-14,2.3859827182723257e-13,0,0.00026447645404992226,0.00011662302280181745
0.23000000000000001,0,0,0,3.5563371576267051e-15,2.7673157564864997e-14,2.2666835823587094e-13,0,0.00025902278269585022,0.00011471691604766305
0.23050000000000001,0,0,0,3.3785202997453698e-15,2.6289499686621748e-14,2.1533494032407738e-13,0,0.000253606650815974,0.00011277874322049198
0.23100000000000001,0,0,0,3.2095942847581011e-15,2.497502470229066e-14,2.0456819330787353e-13,0,0.00024823268243989727,0.00011081401647913978
0.23150000000000001,0,0,0,3.0491145705201961e-15,2.3726273467176128e-14,1.9433978364247983e-13,0,0.00024290511589653008,0.00010882786154692276
0.23200000000000001,0,0,0,2.8966588419941862e-15,2.253995979381732e-14,1.8462279446035584e-13,0,0.00023762782571390417,0.00010682503980140327
0.23250000000000001,0,0,0,2.7518258998944768e-15,2.1412961804126453e-14,1.7539165473733803e-13,0,0.00023240434342730598,0.00010480996920636509
0.23300000000000001,0,0,0,2.614234604899753e-15,2.0342313713920131e-14,1.6662207200047113e-13,0,0.0002272378773474637,0.0001027867441441487
0.23350000000000001,0,0,0,2.4835228746547653e-15,1.9325198028224125e-14,1.5829096840044758e-13,0,0.00022213133133863749,0.00010075915420381938
0.23400000000000001,0,0,0,2.3593467309220271e-15,1.8358938126812917e-14,1.5037641998042519e-13,0,0.00021708732265302011,9.8730701977531941e-05
0.23449999999999999,0,0,0,2.2413793943759261e-15,1.7440991220472273e-14,1.4285759898140393e-13,0,0.00021210819886696708,9.6704619915374812e-05
0.23499999999999999,0,0,0,2.1293104246571297e-15,1.6568941659448659e-14,1.3571471903233373e-13,0,0.00020719605396035679,9.4683886285857328e-05
0.23549999999999999,0,0,0,2.0228449034242735e-15,1.5740494576476225e-14,1.2892898308071703e-13,0,0.00020235274358171296,9.2671240287540646e-05
0.23599999999999999,0,0,0,1.9217026582530596e-15,1.4953469847652413e-14,1.2248253392668118e-13,0,0.00019757989953583799,9.0669196354518144e-05
0.23649999999999999,0,0,0,1.8256175253404068e-15,1.4205796355269792e-14,1.1635840723034712e-13,0,0.00019287894353248181,8.8680057696793603e-05
0.23699999999999999,0,0,0,1.7343366490733863e-15,1.3495506537506304e-14,1.1054048686882976e-13,0,0.00018825110023024116,8.6705929114200172e-05
0.23749999999999999,0,0,0,1.647619816619717e-15,1.2820731210630988e-14,1.0501346252538827e-13,0,0.00018369740960999525,8.4748729120791706e-05
0.23799999999999999,0,0,0,1.5652388257887311e-15,1.2179694650099439e-14,9.9762789399118854e-14,0,0.0001792187387090749,8.2810201414762379e-05
0.23849999999999999,0,0,0,1.4869768844992945e-15,1.1570709917594468e-14,9.4774649929162908e-14,0,0.00017481579274769565,8.0891925727341024e-05
0.23899999999999999,0,0,0,1.4126280402743297e-15,1.0992174421714744e-14,9.0035917432704769e-14,0,0.00017048912567596552,7.8995328082117787e-05
0.23949999999999999,0,0,0,1.3419966382606133e-15,1.0442565700629007e-14,8.5534121561069518e-14,0,0.00016623915016922286,7.7121690495129277e-05
0.23999999999999999,0,0,0,1.2748968063475827e-15,9.920437415597557e-15,8.1257415483016052e-14,0,0.00016206614709857181,7.5272160144172426e-05
0.24049999999999999,0,0,0,1.2111519660302036e-15,9.4244155448176787e-15,7.7194544708865247e-14,0,0.00015797027450137335,7.3447758034643522e-05
0.24099999999999999,0,0,0,1.1505943677286934e-15,8.9531947675767942e-15,7.3334817473421997e-14,0,0.00015395157607667187,7.1649387187675372e-05
0.24149999999999999,0,0,0,1.0930646493422586e-15,8.5055350291979563e-15,6.9668076599750891e-14,0,0.00015000998922665154,6.9877840375119084e-05
0.24199999999999999,0,0,0,1.0384114168751458e-15,8.0802582777380577e-15,6.6184672769763334e-14,0,0.00014614535266788131,6.8133807424821115e-05
0.24249999999999999,0,0,0,9.8649084603138853e-16,7.6762453638511551e-15,6.2875439131275164e-14,0,0.00014235741363211041,6.6417882118275544e-05
0.24299999999999999,0,0,0,9.3716630372981924e-16,7.2924330956585974e-15,5.9731667174711408e-14,0,0.00013864583467637637,6.4730568701733897e-05
0.24349999999999999,0,0,0,8.9030798854332814e-16,6.927811440875667e-15,5.674508381597584e-14,0,0.00013501020012274267,6.3072288030895232e-05
0.24399999999999999,0,0,0,8.4579258911616183e-16,6.5814208688318842e-15,5.3907829625177045e-14,0,0.00013145002214320911,6.1443383367978897e-05
0.2445,0,0,0,8.0350295966035377e-16,6.2523498253902905e-15,5.1212438143918187e-14,0,0.00012796474650988987,5.9844125849583208e-05
0.245,0,0,0,7.6332781167733603e-16,5.9397323341207762e-15,4.8651816236722277e-14,0,0.00012455375802455926,5.8274719642148923e-05
0.2455,0,0,0,7.2516142109346926e-16,5.6427457174147376e-15,4.6219225424886162e-14,0,0.00012121638564455139,5.6735306801673495e-05
0.246,0,0,0,6.8890335003879579e-16,5.360608431544e-15,4.3908264153641853e-14,0,0.00011795190731944682,5.5225971852885223e-05
0.2465,0,0,0,6.5445818253685609e-16,5.0925780099668e-15,4.1712850945959757e-14,0,0.00011475955455253484,5.3746746102765734e-05
0.247,0,0,0,6.2173527341001326e-16,4.8379491094684598e-15,3.9627208398661772e-14,0,0.00011163851670137337,5.2297611702379848e-05
0.2475,0,0,0,5.9064850973951262e-16,4.5960516539950369e-15,3.7645847978728686e-14,0,0.00010858794502988101,5.0878505470288526e-05
0.248,0,0,0,5.6111608425253699e-16,4.3662490712952848e-15,3.576355557979225e-14,0,0.00010560695652395147,4.9489322490104303e-05
0.2485,0,0,0,5.3306028003991013e-16,4.1479366177305205e-15,3.3975377800802634e-14,0,0.00010269463748291408,4.8129919494217067e-05
0.249,0,0,0,5.0640726603791463e-16,3.9405397868439939e-15,3.2276608910762496e-14,0,9.9850046897942413e-05,4.6800118045036784e-05
0.2495,0,0,0,4.8108690273601886e-16,3.7435127975017945e-15,3.0662778465224374e-14,0,9.7072219628291379e-05,4.5499707524655121e-05
0.25,0,0,0,4.5703255759921798e-16,3.5563371576267051e-15,2.9129639541963156e-14,0,9.436016938435543e-05,4.422844794292096e-05
0.2505,0,0,0,4.3418092971925709e-16,3.3785202997453698e-15,2.7673157564864997e-14,0,9.1712891529316387e-05,4.2986072574052126e-05
0.251,0,0,0,4.1247188323329421e-16,3.2095942847581011e-15,2.6289499686621748e-14,0,8.9129365706264174e-05,4.1772290430626915e-05
0.2515,0,0,0,3.918482890716295e-16,3.0491145705201961e-15,2.497502470229066e-14,0,8.6608558301892735e-05,4.0586788583992181e-05
0.252,0,0,0,3.7225587461804801e-16,2.8966588419941862e-15,2.3726273467176128e-14,0,8.4149424753543478e-05,3.9429234339364101e-05
0.2525,0,0,0,3.5364308088714563e-16,2.7518258998944768e-15,2.253995979381732e-14,0,8.1750911708255991e-05,3.829927727343992e-05
0.253,0,0,0,3.3596092684278836e-16,2.614234604899753e-15,2.1412961804126453e-14,0,7.9411959041375546e-05,3.7196551142155705e-05
0.2535,0,0,0,3.1916288050064891e-16,2.4835228746547653e-15,2.0342313713920131e-14,0,7.7131501741711794e-05,3.6120675665488646e-05
0.254,0,0,0,3.0320473647561645e-16,2.3593467309220271e-15,1.9325198028224125e-14,0,7.4908471671020216e-05,3.5071258196351428e-05
0.2545,0,0,0,2.8804449965183567e-16,2.2413793943759261e-15,1.8358938126812917e-14,0,7.2741799203246416e-05,3.4047895279772539e-05
0.255,0,0,0,2.7364227466924387e-16,2.1293104246571297e-15,1.7440991220472273e-14,0,7.0630414750749715e-05,3.3050174108487295e-05
0.2555,0,0,0,2.5996016093578167e-16,2.0228449034242735e-15,1.6568941659448659e-14,0,6.8573250183057155e-05,3.2077673880775351e-05
0.25600000000000001,0,0,0,2.4696215288899262e-16,1.9217026582530596e-15,1.5740494576476225e-14,0,6.6569240144032094e-05,3.1129967065896071e-05
0.25650000000000001,0,0,0,2.3461404524454298e-16,1.8256175253404068e-15,1.4953469847652413e-14,0,6.4617323272231353e-05,3.0206620582491037e-05
0.25700000000000001,0,0,0,2.2288334298231579e-16,1.7343366490733863e-15,1.4205796355269792e-14,0,6.2716443331112259e-05,2.9307196894602425e-05
0.25750000000000001,0,0,0,2.1173917583320003e-16,1.647619816619717e-15,1.3495506537506304e-14,0,6.0865550252753309e-05,2.8431255030294821e-05
0.25800000000000001,0,0,0,2.0115221704154004e-16,1.5652388257887311e-15,1.2820731210630988e-14,0,5.9063601099307306e-05,2.7578351526933084e-05
0.25850000000000001,0,0,0,1.9109460618946303e-16,1.4869768844992945e-15,1.2179694650099439e-14,0,5.7309560949070359e-05,2.674804130776622e-05
0.25900000000000001,0,0,0,1.8153987587998986e-16,1.4126280402743297e-15,1.1570709917594468e-14,0,5.5602403708165937e-05,2.5939878493263828e-05
0.25950000000000001,0,0,0,1.7246288208599036e-16,1.3419966382606133e-15,1.0992174421714744e-14,0,5.3941112854727358e-05,2.51534171514596e-05
0.26000000000000001,0,0,0,1.6383973798169086e-16,1.2748968063475827e-15,1.0442565700629007e-14,0,5.2324682117799171e-05,2.4388211990541607e-05
0.26050000000000001,0,0,0,1.5564775108260631e-16,1.2111519660302036e-15,9.920437415597557e-15,0,5.0752116094843203e-05,2.3643818997192076e-05
0.26100000000000001,0,0,0,1.47865363528476e-16,1.1505943677286934e-15,9.4244155448176787e-15,0,4.9222430812068119e-05,2.2919796023888243e-05
0.26150000000000001,0,0,0,1.4047209535205219e-16,1.0930646493422586e-15,8.9531947675767942e-15,0,4.7734654229802942e-05,2.2215703328134549e-05
0.26200000000000001,0,0,0,1.334484905844496e-16,1.0384114168751458e-15,8.5055350291979563e-15,0,4.6287826697244405e-05,2.1531104066554589e-05
0.26250000000000001,0,0,0,1.2677606605522712e-16,9.8649084603138853e-16,8.0802582777380577e-15,0,4.4881001358465511e-05,2.0865564746615267e-05
0.26300000000000001,0,0,0,1.2043726275246575e-16,9.3716630372981924e-16,7.6762453638511551e-15,0,4.3513244513238014e-05,2.0218655638332693e-05
0.26350000000000001,0,0,0,1.1441539961484247e-16,8.9030798854332814e-16,7.2924330956585974e-15,0,4.2183635935222341e-05,1.9589951148714293e-05
0.26400000000000001,0,0,0,1.0869462963410034e-16,8.4579258911616183e-16,6.927811440875667e-15,0,4.0891269150078458e-05,1.8979030160966439e-05
0.26450000000000001,0,0,0,1.0325989815239533e-16,8.0350295966035377e-16,6.5814208688318842e-15,0,3.9635251675718131e-05,1.838547634080746e-05
0.26500000000000001,0,0,0,9.8096903244775559e-17,7.6332781167733603e-16,6.2523498253902905e-15,0,3.8414705227474144e-05,1.7808878411914553e-05
0.26550000000000001,0,0,0,9.3192058082536779e-17,7.2516142109346926e-16,5.9397323341207762e-15,0,3.7228765889962823e-05,1.7248830402445593e-05
0.26600000000000001,0,0,0,8.8532455178409948e-17,6.8890335003879579e-16,5.6427457174147376e-15,0,3.6076584257971334e-05,1.6704931864416853e-05
0.26650000000000001,0,0,0,8.4105832419489446e-17,6.5445818253685609e-16,5.360608431544e-15,0,3.4957325548146123e-05,1.6176788067844525e-05
0.26700000000000002,0,0,0,7.9900540798514976e-17,6.2173527341001326e-16,5.0925780099668e-15,0,3.3870169683813955e-05,1.5664010171113905e-05
0.26750000000000002,0,0,0,7.590551375858922e-17,5.9064850973951262e-16,4.8379491094684598e-15,0,3.2814311354267822e-05,1.5166215369302872e-05
0.26800000000000002,0,0,0,7.2110238070659757e-17,5.6111608425253699e-16,4.5960516539950369e-15,0,3.1788960050405102e-05,1.4683027021817965e-05
0.26850000000000002,0,0,0,6.8504726167126776e-17,5.3306028003991013e-16,4.3662490712952848e-15,0,3.0793340078050235e-05,1.4214074760743809e-05
0.26900000000000002,0,0,0,6.5079489858770437e-17,5.0640726603791463e-16,4.1479366177305205e-15,0,2.98266905508493e-05,1.3758994581218555e-05
0.26950000000000002,0,0,0,6.182551536583192e-17,4.8108690273601886e-16,3.9405397868439939e-15,0,2.8888265364734877e-05,1.3317428915231934e-05
0.27000000000000002,0,0,0,5.873423959754032e-17,4.5703255759921798e-16,3.7435127975017945e-15,0,2.7977333153517137e-05,1.2889026689719035e-05
0.27050000000000002,0,0,0,5.5797527617663316e-17,4.3418092971925709e-16,3.5563371576267051e-15,0,2.7093177228709742e-05,1.2473443370329294e-05
0.27100000000000002,0,0,0,5.3007651236780147e-17,4.1247188323329421e-16,3.3785202997453698e-15,0,2.6235095504256734e-05,1.2070340991719791e-05
0.27150000000000002,0,0,0,5.0357268674941141e-17,3.918482890716295e-16,3.2095942847581011e-15,0,2.5402400406604464e-05,1.167938817549252e-05
0.27200000000000002,0,0,0,4.783940524119408e-17,3.7225587461804801e-16,3.0491145705201961e-15,0,2.4594418772783122e-05,1.1300260136635017e-05
0.27250000000000002,0,0,0,4.544743497913438e-17,3.5364308088714563e-16,2.8966588419941862e-15,0,2.3810491735276607e-05,1.0932638679256639e-05
0.27300000000000002,0,0,0,4.3175063230177655e-17,3.3596092684278836e-16,2.7518258998944768e-15,0,2.3049974597233458e-05,1.0576212182625979e-05
0.27350000000000002,0,0,0,4.1016310068668774e-17,3.1916288050064891e-16,2.614234604899753e-15,0,2.2312236697130672e-05,1.0230675578165755e-05
0.27400000000000002,0,0,0,3.8965494565235335e-17,3.0320473647561645e-16,2.4835228746547653e-15,0,2.1596661264111638e-05,9.8957303180906427e-06
0.27450000000000002,0,0,0,3.7017219836973565e-17,2.8804449965183567e-16,2.3593467309220271e-15,0,2.0902645265219455e-05,9.5710843364695693e-06
0.27500000000000002,0,0,0,3.5166358845124887e-17,2.7364227466924387e-16,2.2413793943759261e-15,0,2.0229599245191743e-05,9.2564520032869238e-06
0.27550000000000002,0,0,0,3.3408040902868641e-17,2.5996016093578167e-16,2.1293104246571297e-15,0,1.9576947159594127e-05,8.9515540721603156e-06
0.27600000000000002,0,0,0,3.1737638857725211e-17,2.4696215288899262e-16,2.0228449034242735e-15,0,1.8944126201625444e-05,8.6561176222855617e-06
0.27650000000000002,0,0,0,3.0150756914838955e-17,2.3461404524454298e-16,1.9217026582530596e-15,0,1.8330586623260814e-05,8.3698759950456436e-06
0.27700000000000002,0,0,0,2.8643219069097005e-17,2.2288334298231579e-16,1.8256175253404068e-15,0,1.7735791552286884e-05,8.0925687258386213e-06
0.27750000000000002,0,0,0,2.7211058115642159e-17,2.1173917583320003e-16,1.7343366490733863e-15,0,1.7159216804230049e-05,7.8239414717051642e-06
0.27800000000000002,0,0,0,2.5850505209860049e-17,2.0115221704154004e-16,1.647619816619717e-15,0,1.6600350691398091e-05,7.5637459350320259e-06
0.27850000000000003,0,0,0,2.4557979949367045e-17,1.9109460618946303e-16,1.5652388257887311e-15,0,1.6058693828147064e-05,7.3117397837430628e-06
0.27900000000000003,0,0,0,2.3330080951898695e-17,1.8153987587998986e-16,1.4869768844992945e-15,0,1.5533758933816699e-05,7.0676865685934792e-06
0.27950000000000003,0,0,0,2.216357690430376e-17,1.7246288208599036e-16,1.4126280402743297e-15,0,1.5025070633112314e-05,6.8313556376093812e-06
0.28000000000000003,0,0,0,2.1055398059088573e-17,1.6383973798169086e-16,1.3419966382606133e-15,0,1.453216525471035e-05,6.6025220482141048e-06
0.28050000000000003,0,0,0,2.0002628156134146e-17,1.5564775108260631e-16,1.2748968063475827e-15,0,1.4054590628642671e-05,6.3809664773562348e-06
0.28100000000000003,0,0,0,1.9002496748327438e-17,1.47865363528476e-16,1.2111519660302036e-15,0,1.3591905882015531e-05,6.1664751297549317e-06
0.28149999999999997,0,0,0,1.8052371910911065e-17,1.4047209535205219e-16,1.1505943677286934e-15,0,1.3143681235172622e-05,5.958839644852021e-06
0.28199999999999997,0,0,0,1.7149753315365513e-17,1.334484905844496e-16,1.0930646493422586e-15,0,1.2709497795859725e-05,5.7578570023416533e-06
0.28249999999999997,0,0,0,1.6292265649597238e-17,1.2677606605522712e-16,1.0384114168751458e-15,0,1.2288947354721635e-05,5.5633294268485343e-06
0.28299999999999997,0,0,0,1.5477652367117374e-17,1.2043726275246575e-16,9.8649084603138853e-16,0,1.1881632179910895e-05,5.3750642917933511e-06
0.28349999999999997,0,0,0,1.4703769748761505e-17,1.1441539961484247e-16,9.3716630372981924e-16,0,1.148716481280676e-05,5.1928740226890874e-06
0.28399999999999997,0,0,0,1.3968581261323431e-17,1.0869462963410034e-16,8.9030798854332814e-16,0,1.1105167863956211e-05,5.0165760000658201e-06
0.28449999999999998,0,0,0,1.327015219825726e-17,1.0325989815239533e-16,8.4579258911616183e-16,0,1.0735273810125179e-05,4.8459924622558021e-06
0.28499999999999998,0,0,0,1.2606644588344397e-17,9.8096903244775559e-17,8.0350295966035377e-16,0,1.0377124792571024e-05,4.6809504080616473e-06
0.28549999999999998,0,0,0,1.1976312358927178e-17,9.3192058082536779e-17,7.6332781167733603e-16,0,1.003037241609217e-05,4.5212814995923404e-06
0.28599999999999998,0,0,0,1.1377496740980819e-17,8.8532455178409948e-17,7.2516142109346926e-16,0,9.6946775501871585e-06,4.3668219653758626e-06
0.28649999999999998,0,0,0,1.0808621903931779e-17,8.4105832419489446e-17,6.8890335003879579e-16,0,9.3697101313239273e-06,4.217412503845121e-06
0.28699999999999998,0,0,0,1.0268190808735189e-17,7.9900540798514976e-17,6.5445818253685609e-16,0,9.0551489673185159e-06,4.0728981873374155e-06
0.28749999999999998,0,0,0,9.7547812682984301e-18,7.590551375858922e-17,6.2173527341001326e-16,0,8.7506815432680796e-06,3.933128366673272e-06
0.28799999999999998,0,0,0,9.267042204883507e-18,7.2110238070659757e-17,5.9064850973951262e-16,0,8.4560038297043505e-06,3.797956576447573e-06
0.28849999999999998,0,0,0,8.8036900946393322e-18,6.8504726167126776e-17,5.6111608425253699e-16,0,8.1708200931895902e-06,3.6672404412354005e-06
0.28899999999999998,0,0,0,8.3635055899073662e-18,6.5079489858770437e-17,5.3306028003991013e-16,0,7.8948427085778761e-06,3.5408415825363306e-06
0.28949999999999998,0,0,0,7.9453303104119972e-18,6.182551536583192e-17,5.0640726603791463e-16,0,7.6277919739409228e-06,3.4186255267404676e-06
0.28999999999999998,0,0,0,7.5480637948913989e-18,5.873423959754032e-17,4.8108690273601886e-16,0,7.3693959279363952e-06,3.3004616141340852e-06
0.29049999999999998,0,0,0,7.1706606051468278e-18,5.5797527617663316e-17,4.5703255759921798e-16,0,7.1193901696187112e-06,3.1862229090079508e-06
0.29099999999999998,0,0,0,6.8121275748894876e-18,5.3007651236780147e-17,4.3418092971925709e-16,0,6.8775176804702909e-06,3.075786110870946e-06
0.29149999999999998,0,0,0,6.4715211961450136e-18,5.0357268674941141e-17,4.1247188323329421e-16,0,6.6435286496524526e-06,2.9690314668349452e-06
0.29199999999999998,0,0,0,6.1479451363377624e-18,4.783940524119408e-17,3.918482890716295e-16,0,6.4171803014767548e-06,2.8658426853168046e-06
0.29249999999999998,0,0,0,5.8405478795208742e-18,4.544743497913438e-17,3.7225587461804801e-16,0,6.1982367257629178e-06,2.7661068509727811e-06
0.29299999999999998,0,0,0,5.5485204855448305e-18,4.3175063230177655e-17,3.5364308088714563e-16,0,5.9864687108612813e-06,2.66971434087434e-06
0.29349999999999998,0,0,0,5.271094461267589e-18,4.1016310068668774e-17,3.3596092684278836e-16,0,5.7816535794508184e-06,2.5765587421111117e-06
0.29399999999999998,0,0,0,5.0075397382042091e-18,3.8965494565235335e-17,3.1916288050064891e-16,0,5.5835750268906637e-06,2.4865367706980975e-06
0.29449999999999998,0,0,0,4.7571627512939989e-18,3.7017219836973565e-17,3.0320473647561645e-16,0,5.392022963346399e-06,2.399548191925356e-06
0.29499999999999998,0,0,0,4.519304613729299e-18,3.5166358845124887e-17,2.8804449965183567e-16,0,5.2067933571375846e-06,2.3154957419834012e-06
0.29549999999999998,0,0,0,4.2933393830428344e-18,3.3408040902868641e-17,2.7364227466924387e-16,0,5.027688082637205e-06,2.2342850511537962e-06
0.29599999999999999,0,0,0,4.0786724138906931e-18,3.1737638857725211e-17,2.5996016093578167e-16,0,4.8545147693923596e-06,2.155824568265618e-06
0.29649999999999999,0,0,0,3.8747387931961587e-18,3.0150756914838955e-17,2.4696215288899262e-16,0,4.6870866557968682e-06,2.0800254866978432e-06
0.29699999999999999,0,0,0,3.6810018535363508e-18,2.8643219069097005e-17,2.3461404524454298e-16,0,4.5252224437630773e-06,2.0068016717378235e-06
0.29749999999999999,0,0,0,3.4969517608595332e-18,2.7211058115642159e-17,2.2288334298231579e-16,0,4.3687461578345577e-06,1.936069589403225e-06
0.29799999999999999,0,0,0,3.3221041728165568e-18,2.5850505209860049e-17,2.1173917583320003e-16,0,4.2174870060751601e-06,1.8677482367075774e-06
0.29849999999999999,0,0,0,3.1559989641757291e-18,2.4557979949367045e-17,2.0115221704154004e-16,0,4.0712792442887391e-06,1.8017590733436236e-06
0.29899999999999999,0,0,0,2.9981990159669427e-18,2.3330080951898695e-17,1.9109460618946303e-16,0,3.9299620430144344e-06,1.7380259547676192e-06
0.29949999999999999,0,0,0,2.8482890651685956e-18,2.216357690430376e-17,1.8153987587998986e-16,0,3.793379356742399e-06,1.6764750667506833e-06
0.29999999999999999,0,0,0,2.7058746119101658e-18,2.1055398059088573e-17,1.7246288208599036e-16,0,3.6613797966822403e-06,1.617034861299001e-06
0.30049999999999999,0,0,0,2.5705808813146577e-18,2.0002628156134146e-17,1.6383973798169086e-16,0,3.5338165057519078e-06,1.5596359940329737e-06
0.30099999999999999,0,0,0,2.4420518372489247e-18,1.9002496748327438e-17,1.5564775108260631e-16,0,3.4105470364531598e-06,1.5042112628528327e-06
0.30149999999999999,0,0,0,2.3199492453864781e-18,1.8052371910911065e-17,1.47865363528476e-16,0,3.2914332311895222e-06,1.4506955481250673e-06
0.30199999999999999,0,0,0,2.2039517831171543e-18,1.7149753315365513e-17,1.4047209535205219e-16,0,3.1763411056928703e-06,1.3990257540929023e-06
0.30249999999999999,0,0,0,2.0937541939612965e-18,1.6292265649597238e-17,1.334484905844496e-16,0,3.0651407346704573e-06,1.3491407517668497e-06
0.30299999999999999,0,0,0,1.9890664842632317e-18,1.5477652367117374e-17,1.2677606605522712e-16,0,2.9577061401164784e-06,1.3009813230255631e-06
0.30349999999999999,0,0,0,1.8896131600500698e-18,1.4703769748761505e-17,1.2043726275246575e-16,0,2.8539151823991915e-06,1.254490106136393e-06
0.30399999999999999,0,0,0,1.7951325020475664e-18,1.3968581261323431e-17,1.1441539961484247e-16,0,2.7536494536795075e-06,1.209611542536787e-06
0.30449999999999999,0,0,0,1.7053758769451879e-18,1.327015219825726e-17,1.0869462963410034e-16,0,2.6567941736610479e-06,1.1662918249270316e-06
0.30499999999999999,0,0,0,1.6201070830979285e-18,1.2606644588344397e-17,1.0325989815239533e-16,0,2.5632380883378048e-06,1.1244788465788053e-06
0.30549999999999999,0,0,0,1.539101728943032e-18,1.1976312358927178e-17,9.8096903244775559e-17,0,2.472873370407136e-06,1.0841221518871286e-06
0.30599999999999999,0,0,0,1.4621466424958803e-18,1.1377496740980819e-17,9.3192058082536779e-17,0,2.3855955227913839e-06,1.0451728882608176e-06
0.30649999999999999,0,0,0,1.3890393103710863e-18,1.0808621903931779e-17,8.8532455178409948e-17,0,2.3013032841578962e-06,1.0075837591051299e-06
0.307,0,0,0,1.319587344852532e-18,1.0268190808735189e-17,8.4105832419489446e-17,0,2.2198985365484702e-06,9.7130897803136169e-07
0.3075,0,0,0,1.2536079776099053e-18,9.7547812682984301e-18,7.9900540798514976e-17,0,2.1412862155623102e-06,9.363042242143166e-07
0.308,0,0,0,1.1909275787294102e-18,9.267042204883507e-18,7.590551375858922e-17,0,2.065374222870453e-06,9.0252659896167003e-07
0.3085,0,0,0,1.1313811997929397e-18,8.8036900946393322e-18,7.2110238070659757e-17,0,1.9920733406175728e-06,8.6993458333143183e-07
0.309,0,0,0,1.0748121398032928e-18,8.3635055899073662e-18,6.8504726167126776e-17,0,1.9212971481552543e-06,8.3848799692187347e-07
0.3095,0,0,0,1.0210715328131281e-18,7.9453303104119972e-18,6.5079489858770437e-17,0,1.8529619406626452e-06,8.081479577095119e-07
0.31,0,0,0,9.7001795617247172e-19,7.5480637948913989e-18,6.182551536583192e-17,0,1.7869866502095988e-06,7.788768429053351e-07
0.3105,0,0,0,9.2151705836384812e-19,7.1706606051468278e-18,5.873423959754032e-17,0,1.7232927684851518e-06,7.5063825098970591e-07
0.311,0,0,0,8.7544120544565575e-19,6.8121275748894876e-18,5.5797527617663316e-17,0,1.6618042718574699e-06,7.2339696458092964e-07
0.3115,0,0,0,8.3166914517337298e-19,6.4715211961450136e-18,5.3007651236780147e-17,0,1.6024475480991285e-06,6.9711891449050954e-07
0.312,0,0,0,7.9008568791470433e-19,6.1479451363377624e-18,5.0357268674941141e-17,0,1.5451513252218163e-06,6.717711446558429e-07
0.3125,0,0,0,7.5058140351896909e-19,5.8405478795208742e-18,4.783940524119408e-17,0,1.4898466019763745e-06,6.4732177801833714e-07
0.313,0,0,0,7.1305233334302068e-19,5.5485204855448305e-18,4.544743497913438e-17,0,1.4364665803512366e-06,6.2373998344271674e-07
0.3135,0,0,0,6.7739971667586969e-19,5.271094461267589e-18,4.3175063230177655e-17,0,1.3849465998472255e-06,6.0099594339309586e-07
0.314,0,0,0,6.4352973084207621e-19,5.0075397382042091e-18,4.1016310068668774e-17,0,1.3352240736397292e-06,5.7906082265559341e-07
0.3145,0,0,0,6.1135324429997246e-19,4.7571627512939989e-18,3.8965494565235335e-17,0,1.2872384260731451e-06,5.5790673785975397e-07
0.315,0,0,0,5.8078558208497376e-19,4.519304613729299e-18,3.7017219836973565e-17,0,1.2409310321537248e-06,5.3750672786835794e-07
0.3155,0,0,0,5.5174630298072507e-19,4.2933393830428344e-18,3.5166358845124887e-17,0,1.1962451588187761e-06,5.178347250296413e-07
0.316,0,0,0,5.2415898783168876e-19,4.0786724138906931e-18,3.3408040902868641e-17,0,1.1531259073160882e-06,4.9886552721092411e-07
0.3165,0,0,0,4.9795103844010425e-19,3.8747387931961587e-18,3.1737638857725211e-17,0,1.1115201576927802e-06,4.8057477067642057e-07
0.317,0,0,0,4.7305348651809902e-19,3.6810018535363508e-18,3.0150756914838955e-17,0,1.0713765145053955e-06,4.6293890365745922e-07
0.3175,0,0,0,4.4940081219219401e-19,3.4969517608595332e-18,2.8643219069097005e-17,0,1.0326452539732855e-06,4.4593516078588739e-07
0.318,0,0,0,4.269307715825843e-19,3.3221041728165568e-18,2.7211058115642159e-17,0,9.9527827324141782e-07,4.2954153823229057e-07
0.31850000000000001,0,0,0,4.0558423300345511e-19,3.1559989641757291e-18,2.5850505209860049e-17,0,9.5922903975420581e-07,4.1373676949704643e-07
0.31900000000000001,0,0,0,3.8530502135328237e-19,2.9981990159669427e-18,2.4557979949367045e-17,0,9.2445254362694129e-07,3.9850030205157871e-07
0.31950000000000001,0,0,0,3.6603977028561828e-19,2.8482890651685956e-18,2.3330080951898695e-17,0,8.9090525012824884e-07,3.8381227452175222e-07
0.32000000000000001,0,0,0,3.4773778177133738e-19,2.7058746119101658e-18,2.216357690430376e-17,0,8.5854505427196415e-07,3.6965349463635971e-07
0.32050000000000001,0,0,0,3.303508926827705e-19,2.5705808813146577e-18,2.1055398059088573e-17,0,8.2733123629719074e-07,3.5600541775214241e-07
0.32100000000000001,0,0,0,3.1383334804863198e-19,2.4420518372489247e-18,2.0002628156134146e-17,0,7.9722441836960201e-07,3.4285012610210364e-07
0.32150000000000001,0,0,0,2.9814168064620037e-19,2.3199492453864781e-18,1.9002496748327438e-17,0,7.6818652305910007e-07,3.3017030865731986e-07
0.32200000000000001,0,0,0,2.8323459661389035e-19,2.2039517831171543e-18,1.8052371910911065e-17,0,7.4018073226156389e-07,3.1794924144062819e-07
0.32250000000000001,0,0,0,2.6907286678319585e-19,2.0937541939612965e-18,1.7149753315365513e-17,0,7.1317144789695419e-07,3.0617076862358219e-07
0.32300000000000001,0,0,0,2.5561922344403604e-19,1.9890664842632317e-18,1.6292265649597238e-17,0,6.8712425360661911e-07,2.9481928410900693e-07
0.32350000000000001,0,0,0,2.4283826227183424e-19,1.8896131600500698e-18,1.5477652367117374e-17,0,6.6200587733877825e-07,2.8387971366184014e-07
0.32400000000000001,0,0,0,2.3069634915824255e-19,1.7951325020475664e-18,1.4703769748761505e-17,0,6.3778415515525211e-07,2.7333749756492901e-07
0.32450000000000001,0,0,0,2.1916153170033043e-19,1.7053758769451879e-18,1.3968581261323431e-17,0,6.1442799637045908e-07,2.6317857390020233e-07
0.32500000000000001,0,0,0,2.082034551153139e-19,1.6201070830979285e-18,1.327015219825726e-17,0,5.9190734913450171e-07,2.5338936219952426e-07
0.32550000000000001,0,0,0,1.977932823595482e-19,1.539101728943032e-18,1.2606644588344397e-17,0,5.7019316779260976e-07,2.4395674772236227e-07
0.32600000000000001,0,0,0,1.8790361824157081e-19,1.4621466424958803e-18,1.1976312358927178e-17,0,5.4925738046662786e-07,2.3486806615547513e-07
0.32650000000000001,0,0,0,1.7850843732949225e-19,1.3890393103710863e-18,1.1377496740980819e-17,0,5.2907285807979321e-07,2.2611108876798353e-07
0.32700000000000001,0,0,0,1.6958301546301762e-19,1.319587344852532e-18,1.0808621903931779e-17,0,5.0961338426969149e-07,2.1767400808215092e-07
0.32750000000000001,0,0,0,1.6110386468986676e-19,1.2536079776099053e-18,1.0268190808735189e-17,0,4.9085362585632453e-07,2.0954542395790756e-07
0.32800000000000001,0,0,0,1.5304867145537342e-19,1.1909275787294102e-18,9.7547812682984301e-18,0,4.7276910442040077e-07,2.0171433006310494e-07
0.32850000000000001,0,0,0,1.4539623788260475e-19,1.1313811997929397e-18,9.267042204883507e-18,0,4.5533616888082662e-07,1.941701008525625e-07
0.32900000000000001,0,0,0,1.3812642598847452e-19,1.0748121398032928e-18,8.8036900946393322e-18,0,4.3853196907139846e-07,1.8690247895634176e-07
0.32950000000000002,0,0,0,1.3122010468905079e-19,1.0210715328131281e-18,8.3635055899073662e-18,0,4.2233442909545005e-07,1.7990156282230479e-07
0.33000000000000002,0,0,0,1.2465909945459825e-19,9.7001795617247172e-19,7.9453303104119972e-18,0,4.0672222290094595e-07,1.7315779492300814e-07
0.33050000000000002,0,0,0,1.1842614448186832e-19,9.2151705836384812e-19,7.5480637948913989e-18,0,3.9167474952250814e-07,1.6666195027958288e-07
0.33100000000000002,0,0,0,1.1250483725777492e-19,8.7544120544565575e-19,7.1706606051468278e-18,0,3.7717210954468783e-07,1.6040512524393558e-07
0.33150000000000002,0,0,0,1.0687959539488617e-19,8.3166914517337298e-19,6.8121275748894876e-18,0,3.631950822313712e-07,1.5437872675797071e-07
0.33200000000000002,0,0,0,1.0153561562514186e-19,7.9008568791470433e-19,6.4715211961450136e-18,0,3.497251034323412e-07,1.4857446197560098e-07
0.33250000000000002,0,0,0,9.6458834843884763e-20,7.5058140351896909e-19,6.1479451363377624e-18,0,3.3674424404495085e-07,1.4298432810872825e-07
0.33300000000000002,0,0,0,9.1635893101690526e-20,7.1305233334302068e-19,5.8405478795208742e-18,0,3.2423518880886348e-07,1.3760060263787362e-07
0.33350000000000002,0,0,0,8.7054098446605997e-20,6.7739971667586969e-19,5.5485204855448305e-18,0,3.1218121676612753e-07,1.3241583386364119e-07
0.33400000000000002,0,0,0,8.2701393524275699e-20,6.4352973084207621e-19,5.271094461267589e-18,0,3.0056618127716206e-07,1.2742283175776908e-07
0.33450000000000002,0,0,0,7.8566323848061919e-20,6.1135324429997246e-19,5.0075397382042091e-18,0,2.8937449114696534e-07,1.2261465907399354e-07
0.33500000000000002,0,0,0,7.4638007655658829e-20,5.8078558208497376e-19,4.7571627512939989e-18,0,2.7859109219541267e-07,1.1798462278271065e-07
0.33550000000000002,0,0,0,7.0906107272875894e-20,5.5174630298072507e-19,4.519304613729299e-18,0,2.6820144949368796e-07,1.1352626574270589e-07
0.33600000000000002,0,0,0,6.7360801909232095e-20,5.2415898783168876e-19,4.2933393830428344e-18,0,2.5819153026684916e-07,1.0923335870753316e-07
0.33650000000000002,0,0,0,6.3992761813770479e-20,4.9795103844010425e-19,4.0786724138906931e-18,0,2.4854778724048288e-07,1.0509989255034588e-07
0.33700000000000002,0,0,0,6.0793123723081959e-20,4.7305348651809902e-19,3.8747387931961587e-18,0,2.3925714220940364e-07,1.0112007070842738e-07
0.33750000000000002,0,0,0,5.775346753692785e-20,4.4940081219219401e-19,3.6810018535363508e-18,0,2.3030697049453153e-07,9.7288301912484014e-08
0.33800000000000002,0,0,0,5.4865794160081468e-20,4.269307715825843e-19,3.4969517608595332e-18,0,2.2168508595488134e-07,9.3599193191773621e-08
0.33850000000000002,0,0,0,5.212250445207739e-20,4.0558423300345511e-19,3.3221041728165568e-18,0,2.133797261105741e-07,9.0047543046443462e-08
0.33900000000000002,0,0,0,4.9516379229473517e-20,3.8530502135328237e-19,3.1559989641757291e-18,0,2.0537953815402687e-07,8.6628334870366528e-08
0.33950000000000002,0,0,0,4.7040560267999849e-20,3.6603977028561828e-19,2.9981990159669427e-18,0,1.9767356473909814e-07,8.3336730563197289e-08
0.34000000000000002,0,0,0,4.4688532254599851e-20,3.4773778177133738e-19,2.8482890651685956e-18,0,1.9025123143556755e-07,8.0168064420143298e-08
0.34050000000000002,0,0,0,4.2454105641869857e-20,3.303508926827705e-19,2.7058746119101658e-18,0,1.8310233307339274e-07,7.7117837125924703e-08
0.34100000000000003,0,0,0,4.0331400359776368e-20,3.1383334804863198e-19,2.5705808813146577e-18,0,1.762170217523007e-07,7.4181710035192038e-08
0.34150000000000003,0,0,0,3.8314830341787547e-20,2.9814168064620037e-19,2.4420518372489247e-18,0,1.6958579474035673e-07,7.1355499639937537e-08
0.34200000000000003,0,0,0,3.6399088824698172e-20,2.8323459661389035e-19,2.3199492453864781e-18,0,1.6319948237253357e-07,6.8635172120422271e-08
0.34250000000000003,0,0,0,3.4579134383463262e-20,2.6907286678319585e-19,2.2039517831171543e-18,0,1.5704923717052566e-07,6.601683818191705e-08
0.34300000000000003,0,0,0,3.2850177664290104e-20,2.5561922344403604e-19,2.0937541939612965e-18,0,1.5112652307358587e-07,6.3496748039466774e-08
0.34350000000000003,0,0,0,3.1207668781075594e-20,2.4283826227183424e-19,1.9890664842632317e-18,0,1.4542310422527294e-07,6.1071286537830594e-08
0.34399999999999997,0,0,0,2.9647285342021813e-20,2.3069634915824255e-19,1.8896131600500698e-18,0,1.3993103531451112e-07,5.873696850100972e-08
0.34449999999999997,0,0,0,2.8164921074920721e-20,2.1916153170033043e-19,1.7951325020475664e-18,0,1.3464265136153841e-07,5.6490434154546056e-08
0.34499999999999997,0,0,0,2.6756675021174688e-20,2.082034551153139e-19,1.7053758769451879e-18,0,1.295505580589662e-07,5.4328444723822136e-08
0.34549999999999997,0,0,0,2.5418841270115955e-20,1.977932823595482e-19,1.6201070830979285e-18,0,1.2464762300101739e-07,5.2247878224349514e-08
0.34599999999999997,0,0,0,2.4147899206610158e-20,1.8790361824157081e-19,1.539101728943032e-18,0,1.1992696624663068e-07,5.024572539023287e-08
0.34649999999999997,0,0,0,2.2940504246279651e-20,1.7850843732949225e-19,1.4621466424958803e-18,0,1.1538195177074329e-07,4.8319085679982242e-08
0.34699999999999998,0,0,0,2.1793479033965667e-20,1.6958301546301762e-19,1.3890393103710863e-18,0,1.1100617913761823e-07,4.6465163499863923e-08
0.34749999999999998,0,0,0,2.0703805082267385e-20,1.6110386468986676e-19,1.319587344852532e-18,0,1.0679347539621631e-07,4.4681264427907863e-08
0.34799999999999998,0,0,0,1.9668614828154016e-20,1.5304867145537342e-19,1.2536079776099053e-18,0,1.0273788719761257e-07,4.2964791721039361e-08
0.34849999999999998,0,0,0,1.8685184086746312e-20,1.4539623788260475e-19,1.1909275787294102e-18,0,9.8833673356502061e-08,4.1313242891379726e-08
0.34899999999999998,0,0,0,1.7750924882409e-20,1.3812642598847452e-19,1.1313811997929397e-18,0,9.507529719066099e-08,3.9724206289149498e-08
0.34949999999999998,0,0,0,1.6863378638288549e-20,1.3122010468905079e-19,1.0748121398032928e-18,0,9.1457419859608535e-08,3.8195357972577362e-08
0.34999999999999998,0,0,0,1.6020209706374121e-20,1.2465909945459825e-19,1.0210715328131281e-18,0,8.797489325917951e-08,3.672445857241296e-08
0.35049999999999998,0,0,0,1.5219199221055413e-20,1.1842614448186832e-19,9.7001795617247172e-19,0,8.4622753360186209e-08,3.5309350230016026e-08
0.35099999999999998,0,0,0,1.4458239260002644e-20,1.1250483725777492e-19,9.2151705836384812e-19,0,8.1396213991169475e-08,3.3947953801921232e-08
0.35149999999999998,0,0,0,1.3735327297002513e-20,1.0687959539488617e-19,8.7544120544565575e-19,0,7.8290660621149755e-08,3.2638266032755535e-08
0.35199999999999998,0,0,0,1.3048560932152386e-20,1.0153561562514186e-19,8.3166914517337298e-19,0,7.5301644142378166e-08,3.1378356810295222e-08
0.35249999999999998,0,0,0,1.2396132885544767e-20,9.6458834843884763e-20,7.9008568791470433e-19,0,7.2424875652288279e-08,3.0166366641189321e-08
0.35299999999999998,0,0,0,1.1776326241267528e-20,9.1635893101690526e-20,7.5058140351896909e-19,0,6.9656220014202574e-08,2.9000504039432696e-08
0.35349999999999998,0,0,0,1.1187509929204153e-20,8.7054098446605997e-20,7.1305233334302068e-19,0,6.6991691416440347e-08,2.7879043191978937e-08
0.35399999999999998,0,0,0,1.0628134432743945e-20,8.2701393524275699e-20,6.7739971667586969e-19,0,6.4427447377113367e-08,2.6800321535418084e-08
0.35449999999999998,0,0,0,1.0096727711106748e-20,7.8566323848061919e-20,6.4352973084207621e-19,0,6.1959784192211487e-08,2.5762737544445319e-08
0.35499999999999998,0,0,0,9.5918913255514094e-21,7.4638007655658829e-20,6.1135324429997246e-19,0,5.9585131939599023e-08,2.4764748504384466e-08
0.35549999999999998,0,0,0,9.1122967592738397e-21,7.0906107272875894e-20,5.8078558208497376e-19,0,5.7300049594033453e-08,2.3804868427500451e-08
0.35599999999999998,0,0,0,8.6566819213101474e-21,6.7360801909232095e-20,5.5174630298072507e-19,0,5.5101220808317919e-08,2.2881666011774806e-08
0.35649999999999998,0,0,0,8.2238478252446401e-21,6.3992761813770479e-20,5.2415898783168876e-19,0,5.2985449250364525e-08,2.1993762678799285e-08
0.35699999999999998,0,0,0,7.8126554339824093e-21,6.0793123723081959e-20,4.9795103844010425e-19,0,5.0949654495369145e-08,2.1139830676165873e-08
0.35749999999999998,0,0,0,7.4220226622832877e-21,5.775346753692785e-20,4.7305348651809902e-19,0,4.8990868029008539e-08,2.0318591247658167e-08
0.35799999999999998,0,0,0,7.0509215291691233e-21,5.4865794160081468e-20,4.4940081219219401e-19,0,4.7106228917570547e-08,1.9528812834852228e-08
0.35849999999999999,0,0,0,6.6983754527106674e-21,5.212250445207739e-20,4.269307715825843e-19,0,4.529298058830733e-08,1.8769309414869038e-08
0.35899999999999999,0,0,0,6.363456680075134e-21,4.9516379229473517e-20,4.0558423300345511e-19,0,4.3548466610587866e-08,1.8038938862754683e-08
0.35949999999999999,0,0,0,6.0452838460713775e-21,4.7040560267999849e-20,3.8530502135328237e-19,0,4.1870127254206579e-08,1.733660130423739e-08
0.35999999999999999,0,0,0,5.7430196537678081e-21,4.4688532254599851e-20,3.6603977028561828e-19,0,4.0255496380758871e-08,1.66612376677996e-08
0.36049999999999999,0,0,0,5.4558686710794171e-21,4.2454105641869857e-20,3.4773778177133738e-19,0,3.8702197668882832e-08,1.601182812271224e-08
0.36099999999999999,0,0,0,5.1830752375254472e-21,4.0331400359776368e-20,3.303508926827705e-19,0,3.7207941727679383e-08,1.5387390712473511e-08
0.36149999999999999,0,0,0,4.923921475649174e-21,3.8314830341787547e-20,3.1383334804863198e-19,0,3.57705227660432e-08,1.4786979948755945e-08
0.36199999999999999,0,0,0,4.6777254018667159e-21,3.6399088824698172e-20,2.9814168064620037e-19,0,3.4387815928127452e-08,1.4209685520922e-08
0.36249999999999999,0,0,0,4.4438391317733803e-21,3.4579134383463262e-20,2.8323459661389035e-19,0,3.3057774184719335e-08,1.3654630991031579e-08
0.36299999999999999,0,0,0,4.2216471751847117e-21,3.2850177664290104e-20,2.6907286678319585e-19,0,3.1778425224615603e-08,1.3120972530778233e-08
0.36349999999999999,0,0,0,4.0105648164254756e-21,3.1207668781075594e-20,2.5561922344403604e-19,0,3.0547869567243424e-08,1.2607897788593896e-08
0.36399999999999999,0,0,0,3.8100365756042016e-21,2.9647285342021813e-20,2.4283826227183424e-19,0,2.9364277343013612e-08,1.2114624726076516e-08
0.36449999999999999,0,0,0,3.6195347468239914e-21,2.8164921074920721e-20,2.3069634915824255e-19,0,2.8225885961852271e-08,1.1640400485791566e-08
0.36499999999999999,0,0,0,3.4385580094827925e-21,2.6756675021174688e-20,2.1916153170033043e-19,0,2.7130997670710144e-08,1.1184500343802742e-08
0.36549999999999999,0,0,0,3.2666301090086526e-21,2.5418841270115955e-20,2.082034551153139e-19,0,2.6077977444138867e-08,1.0746226691812401e-08
0.36599999999999999,0,0,0,3.1032986035582196e-21,2.4147899206610158e-20,1.977932823595482e-19,0,2.5065250208733403e-08,1.0324907987231334e-08
0.36649999999999999,0,0,0,2.9481336733803087e-21,2.2940504246279651e-20,1.8790361824157081e-19,0,2.4091299177797509e-08,9.9198978493609999e-09
0.36699999999999999,0,0,0,2.8007269897112932e-21,2.1793479033965667e-20,1.7850843732949225e-19,0,2.3154663630897687e-08,9.5305741353064766e-09
0.36749999999999999,0,0,0,2.6606906402257287e-21,2.0703805082267385e-20,1.6958301546301762e-19,0,2.2253936804439434e-08,9.1563380412074858e-09
0.36799999999999999,0,0,0,2.5276561082144422e-21,1.9668614828154016e-20,1.6110386468986676e-19,0,2.1387764004288101e-08,8.7966132456961124e-09
0.36849999999999999,0,0,0,2.4012733028037203e-21,1.8685184086746312e-20,1.5304867145537342e-19,0,2.0554840607367453e-08,8.450845068069352e-09
0.36899999999999999,0,0,0,2.2812096376635344e-21,1.7750924882409e-20,1.4539623788260475e-19,0,1.9753910507347427e-08,8.1184997003162038e-09
0.3695,0,0,0,2.1671491557803579e-21,1.6863378638288549e-20,1.3812642598847452e-19,0,1.8983764005220394e-08,7.7990633974067354e-09
0.37,0,0,0,2.0587916979913399e-21,1.6020209706374121e-20,1.3122010468905079e-19,0,1.8243236366011217e-08,7.4920417688335272e-09
0.3705,0,0,0,1.955852113091773e-21,1.5219199221055413e-20,1.2465909945459825e-19,0,1.7531206153442724e-08,7.196959033449997e-09
0.371,0,0,0,1.8580595074371847e-21,1.4458239260002644e-20,1.1842614448186832e-19,0,1.6846593675623467e-08,6.913357378847771e-09
0.3715,0,0,0,1.7651565320653253e-21,1.3735327297002513e-20,1.1250483725777492e-19,0,1.6188359208690883e-08,6.6407962476269918e-09
0.372,0,0,0,1.6768987054620593e-21,1.3048560932152386e-20,1.0687959539488617e-19,0,1.5555501997610577e-08,6.3788517301415908e-09
0.3725,0,0,0,1.5930537701889562e-21,1.2396132885544767e-20,1.0153561562514186e-19,0,1.4947058479819475e-08,6.1271159239506347e-09
0.373,0,0,0,1.5134010816795084e-21,1.1776326241267528e-20,9.6458834843884763e-20,0,1.4362101063980504e-08,5.8851963614847551e-09
0.3735,0,0,0,1.4377310275955329e-21,1.1187509929204153e-20,9.1635893101690526e-20,0,1.3799736797714957e-08,5.6527154436924572e-09
0.374,0,0,0,1.3658444762157562e-21,1.0628134432743945e-20,8.7054098446605997e-20,0,1.3259106035334867e-08,5.4293098647401638e-09
0.3745,0,0,0,1.2975522524049683e-21,1.0096727711106748e-20,8.2701393524275699e-20,0,1.2739381327619981e-08,5.2146300565719353e-09
0.375,0,0,0,1.2326746397847198e-21,9.5918913255514094e-21,7.8566323848061919e-20,0,1.223976608955013e-08,5.008339736381774e-09
0.3755,0,0,0,1.1710409077954839e-21,9.1122967592738397e-21,7.4638007655658829e-20,0,1.1759493601104509e-08,4.810115367067336e-09
0.376,0,0,0,1.1124888624057095e-21,8.6566819213101474e-21,7.0906107272875894e-20,0,1.1297826119083254e-08,4.6196457279272782e-09
0.3765,0,0,0,1.0568644192854241e-21,8.2238478252446401e-21,6.7360801909232095e-20,0,1.085405332279521e-08,4.43663144167498e-09
0.377,0,0,0,1.0040211983211528e-21,7.8126554339824093e-21,6.3992761813770479e-20,0,1.0427491425879509e-08,4.2607844343871438e-09
0.3775,0,0,0,9.5382013840509538e-22,7.4220226622832877e-21,6.0793123723081959e-20,0,1.0017482621194063e-08,4.0918276729188661e-09
0.378,0,0,0,9.0612913148484065e-22,7.0509215291691233e-21,5.775346753692785e-20,0,9.6233938595702284e-09,3.9294946593991454e-09
0.3785,0,0,0,8.6082267491059867e-22,6.6983754527106674e-21,5.4865794160081468e-20,0,9.244615517545185e-09,3.7735290369997574e-09
0.379,0,0,0,8.1778154116506865e-22,6.363456680075134e-21,5.212250445207739e-20,0,8.8805615083842326e-09,3.6236842426413216e-09
0.3795,0,0,0,7.7689246410681517e-22,6.0452838460713775e-21,4.9516379229473517e-20,0,8.5306672836793496e-09,3.4797231003902818e-09
0.38,0,0,0,7.3804784090147438e-22,5.7430196537678081e-21,4.7040560267999849e-20,0,8.1943897223268891e-09,3.3414174917884786e-09
0.3805,0,0,0,7.0114544885640071e-22,5.4558686710794171e-21,4.4688532254599851e-20,0,7.8712064643937651e-09,3.2085480507029925e-09
0.38100000000000001,0,0,0,6.6608817641358072e-22,5.1830752375254472e-21,4.2454105641869857e-20,0,7.5606145788498225e-09,3.0809037456842442e-09
0.38150000000000001,0,0,0,6.3278376759290172e-22,4.923921475649174e-21,4.0331400359776368e-20,0,7.2621303415232319e-09,2.9582816715876607e-09
0.38200000000000001,0,0,0,6.0114457921325666e-22,4.6777254018667159e-21,3.8314830341787547e-20,0,6.9752881248774656e-09,2.8404866565528584e-09
0.38250000000000001,0,0,0,5.7108735025259378e-22,4.4438391317733803e-21,3.6399088824698172e-20,0,6.6996399539220874e-09,2.7273310054483891e-09
0.38300000000000001,0,0,0,5.4253298273996403e-22,4.2216471751847117e-21,3.4579134383463262e-20,0,6.4347550621235428e-09,2.6186342424495448e-09
0.38350000000000001,0,0,0,5.1540633360296592e-22,4.0105648164254756e-21,3.2850177664290104e-20,0,6.1802188922044365e-09,2.5142228402004423e-09
0.38400000000000001,0,0,0,4.8963601692281761e-22,3.8100365756042016e-21,3.1207668781075594e-20,0,5.9356324300097185e-09,2.4139298631198014e-09
0.38450000000000001,0,0,0,4.6515421607667667e-22,3.6195347468239914e-21,2.9647285342021813e-20,0,5.7006119824620782e-09,2.3175948245075065e-09
0.38500000000000001,0,0,0,4.4189650527284282e-22,3.4385580094827925e-21,2.8164921074920721e-20,0,5.4747882893835254e-09,2.2250634133696983e-09
0.38550000000000001,0,0,0,4.1980168000920075e-22,3.2666301090086526e-21,2.6756675021174688e-20,0,5.2578061904284823e-09,2.1361872389974417e-09
0.38600000000000001,0,0,0,3.9881159600874069e-22,3.1032986035582196e-21,2.5418841270115955e-20,0,5.0493241809945744e-09,2.0508236128341424e-09
0.38650000000000001,0,0,0,3.7887101620830368e-22,2.9481336733803087e-21,2.4147899206610158e-20,0,4.8490136350665125e-09,1.9688353546842293e-09
0.38700000000000001,0,0,0,3.5992746539788846e-22,2.8007269897112932e-21,2.2940504246279651e-20,0,4.6565583611268835e-09,1.8900905762618651e-09
0.38750000000000001,0,0,0,3.4193109212799404e-22,2.6606906402257287e-21,2.1793479033965667e-20,0,4.4716543801115449e-09,1.814462475647337e-09
0.38800000000000001,0,0,0,3.2483453752159428e-22,2.5276561082144422e-21,2.0703805082267385e-20,0,4.2940091482535081e-09,1.74182911316413e-09
0.38850000000000001,0,0,0,3.0859281064551456e-22,2.4012733028037203e-21,1.9668614828154016e-20,0,4.1233414460606355e-09,1.6720733036258728e-09
0.38900000000000001,0,0,0,2.9316317011323884e-22,2.2812096376635344e-21,1.8685184086746312e-20,0,3.9593804901372209e-09,1.6050823404006818e-09
0.38950000000000001,0,0,0,2.7850501160757691e-22,2.1671491557803579e-21,1.7750924882409e-20,0,3.8018662662508973e-09,1.5407479052351221e-09
0.39000000000000001,0,0,0,2.6457976102719803e-22,2.0587916979913399e-21,1.6863378638288549e-20,0,3.6505484191096116e-09,1.478965855191649e-09
0.39050000000000001,0,0,0,2.5135077297583816e-22,1.955852113091773e-21,1.6020209706374121e-20,0,3.5051862523616251e-09,1.4196360835661071e-09
0.39100000000000001,0,0,0,2.3878323432704621e-22,1.8580595074371847e-21,1.5219199221055413e-20,0,3.3655483955286059e-09,1.3626623519989407e-09
0.39150000000000001,0,0,0,2.2684407261069393e-22,1.7651565320653253e-21,1.4458239260002644e-20,0,3.2314120268495117e-09,1.3079521423317142e-09
0.39200000000000002,0,0,0,2.1550186898015921e-22,1.6768987054620593e-21,1.3735327297002513e-20,0,3.1025633173697997e-09,1.2554165599023401e-09
0.39250000000000002,0,0,0,2.0472677553115125e-22,1.5930537701889562e-21,1.3048560932152386e-20,0,2.9787962096960996e-09,1.2049701290705131e-09
0.39300000000000002,0,0,0,1.9449043675459368e-22,1.5134010816795084e-21,1.2396132885544767e-20,0,2.8599127510631206e-09,1.1565306854408662e-09
0.39350000000000002,0,0,0,1.8476591491686401e-22,1.4377310275955329e-21,1.1776326241267528e-20,0,2.7457227602667444e-09,1.1100192669592296e-09
0.39400000000000002,0,0,0,1.7552761917102081e-22,1.3658444762157562e-21,1.1187509929204153e-20,0,2.636043050507908e-09,1.0653599785736727e-09
0.39450000000000002,0,0,0,1.6675123821246978e-22,1.2975522524049683e-21,1.0628134432743945e-20,0,2.5306976514372082e-09,1.0224798781886313e-09
0.39500000000000002,0,0,0,1.5841367630184629e-22,1.2326746397847198e-21,1.0096727711106748e-20,0,2.429517365065692e-09,9.8130885081908276e-10
0.39550000000000002,0,0,0,1.5049299248675396e-22,1.1710409077954839e-21,9.5918913255514094e-21,0,2.3323394326979496e-09,9.4177952644118839e-10
0.39600000000000002,0,0,0,1.4296834286241626e-22,1.1124888624057095e-21,9.1122967592738397e-21,0,2.2390074239098112e-09,9.0382714926819703e-10
0.39650000000000002,0,0,0,1.3581992571929546e-22,1.0568644192854241e-21,8.6566819213101474e-21,0,2.1493709034814401e-09,8.6738946671705235e-10
0.39700000000000002,0,0,0,1.2902892943333069e-22,1.0040211983211528e-21,8.2238478252446401e-21,0,2.0632853203750301e-09,8.3240668262786887e-10
0.39750000000000002,0,0,0,1.2257748296166414e-22,9.5382013840509538e-22,7.8126554339824093e-21,0,1.9806116746678981e-09,7.9882132392821748e-10
0.39800000000000002,0,0,0,1.1644860881358093e-22,9.0612913148484065e-22,7.4220226622832877e-21,0,1.9012162955078793e-09,7.6657816644433743e-10
0.39850000000000002,0,0,0,1.1062617837290188e-22,8.6082267491059867e-22,7.0509215291691233e-21,0,1.8249707300910245e-09,7.356241350731299e-10
0.39900000000000002,0,0,0,1.050948694542568e-22,8.1778154116506865e-22,6.6983754527106674e-21,0,1.751751410594693e-09,7.0590823861665407e-10
0.39950000000000002,0,0,0,9.984012598154395e-23,7.7689246410681517e-22,6.363456680075134e-21,0,1.6814396541775523e-09,6.7738148869412315e-10
0.40000000000000002,0,0,0,9.4848119682466762e-23,7.3804784090147438e-22,6.0452838460713775e-21,0,1.6139212188903684e-09,6.4999676971063724e-10
0.40050000000000002,0,0,0,9.0105713698343412e-23,7.0114544885640071e-22,5.7430196537678081e-21,0,1.549086525720611e-09,6.2370883107448153e-10
0.40100000000000002,0,0,0,8.5600428013426254e-23,6.6608817641358072e-22,5.4558686710794171e-21,0,1.4868299924586381e-09,5.9847420501793164e-10
0.40150000000000002,0,0,0,8.1320406612754931e-23,6.3278376759290172e-22,5.1830752375254472e-21,0,1.427050366764604e-09,5.7425114010269692e-10
0.40200000000000002,0,0,0,7.7254386282117188e-23,6.0114457921325666e-22,4.923921475649174e-21,0,1.3696501710569464e-09,5.509994807149314e-10
0.40250000000000002,0,0,0,7.3391666968011334e-23,5.7108735025259378e-22,4.6777254018667159e-21,0,1.3145357025123872e-09,5.2868066550107494e-10
0.40300000000000002,0,0,0,6.9722083619610766e-23,5.4253298273996403e-22,4.4438391317733803e-21,0,1.2616169220436291e-09,5.0725766209778823e-10
0.40350000000000003,0,0,0,6.6235979438630231e-23,5.1540633360296592e-22,4.2216471751847117e-21,0,1.2108074542993563e-09,4.8669486027608677e-10
0.40400000000000003,0,0,0,6.2924180466698724e-23,4.8963601692281761e-22,4.0105648164254756e-21,0,1.1620241435750245e-09,4.6695807928702774e-10
0.40450000000000003,0,0,0,5.9777971443363794e-23,4.6515421607667667e-22,3.8100365756042016e-21,0,1.1151870538128605e-09,4.4801448270818564e-10
0.40500000000000003,0,0,0,5.6789072871195607e-23,4.4189650527284282e-22,3.6195347468239914e-21,0,1.0702193575795604e-09,4.2983251000752116e-10
0.40550000000000003,0,0,0,5.3949619227635829e-23,4.1980168000920075e-22,3.4385580094827925e-21,0,1.0270472250439866e-09,4.1238184471959872e-10
0.40600000000000003,0,0,0,5.1252138266254034e-23,3.9881159600874069e-22,3.2666301090086526e-21,0,9.8559982397716794e-10,3.9563335512231805e-10
0.40649999999999997,0,0,0,4.8689531352941333e-23,3.7887101620830368e-22,3.1032986035582196e-21,0,9.4580887566309002e-10,3.7955905551200263e-10
0.40699999999999997,0,0,0,4.6255054785294272e-23,3.5992746539788846e-22,2.9481336733803087e-21,0,9.0760898796560241e-10,3.6413206807483471e-10
0.40749999999999997,0,0,0,4.3942302046029561e-23,3.4193109212799404e-22,2.8007269897112932e-21,0,8.7093721123920886e-10,3.4932658514757177e-10
0.40799999999999997,0,0,0,4.1745186943728079e-23,3.2483453752159428e-22,2.6606906402257287e-21,0,8.3573303832906731e-10,3.3511783173237731e-10
0.40849999999999997,0,0,0,3.9657927596541682e-23,3.0859281064551456e-22,2.5276561082144422e-21,0,8.0193840457098986e-10,3.2148197677831788e-10
0.40899999999999997,0,0,0,3.7675031216714599e-23,2.9316317011323884e-22,2.4012733028037203e-21,0,7.694973547245354e-10,3.083961395169133e-10
0.40949999999999998,0,0,0,3.5791279655878865e-23,2.7850501160757691e-22,2.2812096376635344e-21,0,7.3835626501761453e-10,2.9583834219862914e-10
0.40999999999999998,0,0,0,3.4001715673084923e-23,2.6457976102719803e-22,2.1671491557803579e-21,0,7.0846373212418712e-10,2.8378749209011273e-10
0.41049999999999998,0,0,0,3.2301629889430675e-23,2.5135077297583816e-22,2.0587916979913399e-21,0,6.7977012907505241e-10,2.7222330547337128e-10
0.41099999999999998,0,0,0,3.0686548394959148e-23,2.3878323432704621e-22,1.955852113091773e-21,0,6.5222782730245399e-10,2.6112633513294547e-10
0.41149999999999998,0,0,0,2.9152220975211188e-23,2.2684407261069393e-22,1.8580595074371847e-21,0,6.257910856177773e-10,2.5047787265069373e-10
0.41199999999999998,0,0,0,2.769460992645063e-23,2.1550186898015921e-22,1.7651565320653253e-21,0,6.0041605021154965e-10,2.4025994887501637e-10
0.41249999999999998,0,0,0,2.6309879430128096e-23,2.0472677553115125e-22,1.6768987054620593e-21,0,5.7606053260883527e-10,2.3045534707695802e-10
0.41299999999999998,0,0,0,2.4994385458621691e-23,1.9449043675459368e-22,1.5930537701889562e-21,0,5.5268400966923537e-10,2.2104749588998749e-10
0.41349999999999998,0,0,0,2.3744666185690606e-23,1.8476591491686401e-22,1.5134010816795084e-21,0,5.3024740154228311e-10,2.1202047652228602e-10
0.41399999999999998,0,0,0,2.2557432876406077e-23,1.7552761917102081e-22,1.4377310275955329e-21,0,5.0871340473435112e-10,2.0335902746476903e-10
0.41449999999999998,0,0,0,2.1429561232585772e-23,1.6675123821246978e-22,1.3658444762157562e-21,0,4.8804604801944151e-10,1.9504847046555676e-10
0.41499999999999998,0,0,0,2.0358083170956482e-23,1.5841367630184629e-22,1.2975522524049683e-21,0,4.6821080346148847e-10,1.87074713606968e-10
0.41549999999999998,0,0,0,1.934017901240866e-23,1.5049299248675396e-22,1.2326746397847198e-21,0,4.4917447539205568e-10,1.7942424046430946e-10
0.41599999999999998,0,0,0,1.8373170061788224e-23,1.4296834286241626e-22,1.1710409077954839e-21,0,4.3090531143263888e-10,1.7208406447956407e-10
0.41649999999999998,0,0,0,1.7454511558698813e-23,1.3581992571929546e-22,1.1124888624057095e-21,0,4.1337255840545595e-10,1.6504172487715545e-10
0.41699999999999998,0,0,0,1.6581785980763871e-23,1.2902892943333069e-22,1.0568644192854241e-21,0,3.9654690642265678e-10,1.582852197488322e-10
0.41749999999999998,0,0,0,1.5752696681725678e-23,1.2257748296166414e-22,1.0040211983211528e-21,0,3.8039993377481096e-10,1.5180303947178852e-10
0.41799999999999998,0,0,0,1.4965061847639392e-23,1.1644860881358093e-22,9.5382013840509538e-22,0,3.6490477306472258e-10,1.4558417567346721e-10
0.41849999999999998,0,0,0,1.4216808755257423e-23,1.1062617837290188e-22,9.0612913148484065e-22,0,3.5003533405131293e-10,1.3961802428515553e-10
0.41899999999999998,0,0,0,1.3505968317494555e-23,1.050948694542568e-22,8.6082267491059867e-22,0,3.3576652569422549e-10,1.3389441220615176e-10
0.41949999999999998,0,0,0,1.2830669901619826e-23,9.984012598154395e-23,8.1778154116506865e-22,0,3.220742561538259e-10,1.2840356331032651e-10
0.41999999999999998,0,0,0,1.2189136406538834e-23,9.4848119682466762e-23,7.7689246410681517e-22,0,3.0893554381350441e-10,1.2313608910576464e-10
0.42049999999999998,0,0,0,1.1579679586211892e-23,9.0105713698343412e-23,7.3804784090147438e-22,0,2.9632829523507098e-10,1.1808299548739092e-10
0.42099999999999999,0,0,0,1.1000695606901299e-23,8.5600428013426254e-23,7.0114544885640071e-22,0,2.8423097209184789e-10,1.1323559719630909e-10
0.42149999999999999,0,0,0,1.0450660826556233e-23,8.1320406612754931e-23,6.6608817641358072e-22,0,2.7262336832478695e-10,1.0858561617840167e-10
0.42199999999999999,0,0,0,9.9281277852284219e-24,7.7254386282117188e-23,6.3278376759290172e-22,0,2.6148572196404984e-10,1.0412507874319241e-10
0.42249999999999999,0,0,0,9.4317213959670011e-24,7.3391666968011334e-23,6.0114457921325666e-22,0,2.507992702405204e-10,9.9846338380061615e-11
0.42299999999999999,0,0,0,8.9601353261686509e-24,6.9722083619610766e-23,5.7108735025259378e-22,0,2.4054580549659477e-10,9.5742026403146961e-11
0.42349999999999999,0,0,0,8.5121285598602189e-24,6.6235979438630231e-23,5.4253298273996403e-22,0,2.3070800825308879e-10,9.1805122531859652e-11
0.42399999999999999,0,0,0,8.0865221318672086e-24,6.2924180466698724e-23,5.1540633360296592e-22,0,2.2126933618693556e-10,8.8028872466241723e-11
0.42449999999999999,0,0,0,7.6821960252738492e-24,5.9777971443363794e-23,4.8963601692281761e-22,0,2.1221358004197555e-10,8.4406759781597939e-11
0.42499999999999999,0,0,0,7.2980862240101554e-24,5.6789072871195607e-23,4.6515421607667667e-22,0,2.0352530771816646e-10,8.093253898115018e-11
0.42549999999999999,0,0,0,6.9331819128096491e-24,5.3949619227635829e-23,4.4189650527284282e-22,0,1.9518986427158325e-10,7.760021852266519e-11
0.42599999999999999,0,0,0,6.5865228171691655e-24,5.1252138266254034e-23,4.1980168000920075e-22,0,1.8719292782520824e-10,7.4404049738614295e-11
0.42649999999999999,0,0,0,6.2571966763107074e-24,4.8689531352941333e-23,3.9881159600874069e-22,0,1.7952095365814102e-10,7.1338519603499912e-11
0.42699999999999999,0,0,0,5.9443368424951715e-24,4.6255054785294272e-23,3.7887101620830368e-22,0,1.7216084113869101e-10,6.8398346012527023e-11
0.42749999999999999,0,0,0,5.6471200003704137e-24,4.3942302046029561e-23,3.5992746539788846e-22,0,1.6509993372437748e-10,6.5578410450607202e-11
0.42799999999999999,0,0,0,5.3647640003518923e-24,4.1745186943728079e-23,3.4193109212799404e-22,0,1.5832635202883694e-10,6.287385538801946e-11
0.42849999999999999,0,0,0,5.0965258003342975e-24,3.9657927596541682e-23,3.2483453752159428e-22,0,1.5182843871031082e-10,6.0280006510294532e-11
0.42899999999999999,0,0,0,4.8416995103175827e-24,3.7675031216714599e-23,3.0859281064551456e-22,0,1.4559509153855288e-10,5.7792360501022115e-11
0.42949999999999999,0,0,0,4.5996145348017044e-24,3.5791279655878865e-23,2.9316317011323884e-22,0,1.3961554135022425e-10,5.5406602766346024e-11
0.42999999999999999,0,0,0,4.3696338080616192e-24,3.4001715673084923e-23,2.7850501160757691e-22,0,1.3387968511580084e-10,5.3118606155317167e-11
0.43049999999999999,0,0,0,4.1511521176585377e-24,3.2301629889430675e-23,2.6457976102719803e-22,0,1.2837753082806103e-10,5.0924378725354341e-11
0.43099999999999999,0,0,0,3.9435945117756106e-24,3.0686548394959148e-23,2.5135077297583816e-22,0,1.2309975261359796e-10,4.8820145292929527e-11
0.43149999999999999,0,0,0,3.7464147861868304e-24,2.9152220975211188e-23,2.3878323432704621e-22,0,1.1803713562130724e-10,4.6802220770793666e-11
0.432,0,0,0,3.5590940468774891e-24,2.769460992645063e-23,2.2684407261069393e-22,0,1.1318113113389927e-10,4.4867094532778171e-11
0.4325,0,0,0,3.3811393445336144e-24,2.6309879430128096e-23,2.1550186898015921e-22,0,1.0852330145638689e-10,4.3011382686834421e-11
0.433,0,0,0,3.2120823773069339e-24,2.4994385458621691e-23,2.0472677553115125e-22,0,1.040556529829928e-10,4.1231861168952148e-11
0.4335,0,0,0,3.0514782584415873e-24,2.3744666185690606e-23,1.9449043675459368e-22,0,9.977052517484708e-11,3.952543594691982e-11
0.434,0,0,0,2.8989043455195078e-24,2.2557432876406077e-23,1.8476591491686401e-22,0,9.5660479537684751e-11,3.7889136419805124e-11
0.4345,0,0,0,2.7539591282435323e-24,2.1429561232585772e-23,1.7552761917102081e-22,0,9.1718410644148207e-11,3.6320085409675416e-11
0.435,0,0,0,2.6162611718313559e-24,2.0358083170956482e-23,1.6675123821246978e-22,0,8.7937546133787237e-11,3.4815530972073802e-11
0.4355,0,0,0,2.485448113239788e-24,1.934017901240866e-23,1.5841367630184629e-22,0,8.4311446713059013e-11,3.3372867161191029e-11
0.436,0,0,0,2.3611757075777987e-24,1.8373170061788224e-23,1.5049299248675396e-22,0,8.0833562066118247e-11,3.198953193667648e-11
0.4365,0,0,0,2.2431169221989088e-24,1.7454511558698813e-23,1.4296834286241626e-22,0,7.749811903323689e-11,3.0663133266526078e-11
0.437,0,0,0,2.1309610760889634e-24,1.6581785980763871e-23,1.3581992571929546e-22,0,7.4299233432384426e-11,2.9391325847388748e-11
0.4375,0,0,0,2.0244130222845152e-24,1.5752696681725678e-23,1.2902892943333069e-22,0,7.1231465170740194e-11,2.8171910527571428e-11
0.438,0,0,0,1.9231923711702895e-24,1.4965061847639392e-23,1.2257748296166414e-22,0,6.8289374155483529e-11,2.7002732160721472e-11
0.4385,0,0,0,1.8270327526117747e-24,1.4216808755257423e-23,1.1644860881358093e-22,0,6.5467853360701156e-11,2.5881715725408682e-11
0.439,0,0,0,1.7356811149811863e-24,1.3505968317494555e-23,1.1062617837290188e-22,0,6.2762017805084724e-11,2.4806915602792826e-11
0.4395,0,0,0,1.6488970592321269e-24,1.2830669901619826e-23,1.050948694542568e-22,0,6.0167204551930809e-11,2.3776444945561742e-11
0.44,0,0,0,1.5664522062705204e-24,1.2189136406538834e-23,9.984012598154395e-23,0,5.7678861686838445e-11,2.2788480970757797e-11
0.4405,0,0,0,1.4881295959569944e-24,1.1579679586211892e-23,9.4848119682466762e-23,0,5.5292659340011596e-11,2.1841281264620938e-11
0.441,0,0,0,1.4137231161591446e-24,1.1000695606901299e-23,9.0105713698343412e-23,0,5.3004489686259149e-11,2.0933194426027876e-11
0.4415,0,0,0,1.3430369603511876e-24,1.0450660826556233e-23,8.5600428013426254e-23,0,5.0810244900389989e-11,2.0062589915471517e-11
0.442,0,0,0,1.2758851123336281e-24,9.9281277852284219e-24,8.1320406612754931e-23,0,4.8706150224120393e-11,1.9227940760068924e-11
0.4425,0,0,0,1.2120908567169468e-24,9.4317213959670011e-24,7.7254386282117188e-23,0,4.6688541921469096e-11,1.8427774743124385e-11
0.443,0,0,0,1.1514863138810994e-24,8.9601353261686509e-24,7.3391666968011334e-23,0,4.475397830105976e-11,1.7660693940974993e-11
0.44350000000000001,0,0,0,1.0939119981870446e-24,8.5121285598602189e-24,6.9722083619610766e-23,0,4.2899017671516049e-11,1.6925323227191648e-11
0.44400000000000001,0,0,0,1.0392163982776923e-24,8.0865221318672086e-24,6.6235979438630231e-23,0,4.1120218341461623e-11,1.6220353756086972e-11
0.44450000000000001,0,0,0,9.8725557836380762e-25,7.6821960252738492e-24,6.2924180466698724e-23,0,3.9414693731032457e-11,1.5544532798372407e-11
0.44500000000000001,0,0,0,9.3789279944561727e-25,7.2980862240101554e-24,5.9777971443363794e-23,0,3.7779446238062064e-11,1.4896695655511613e-11
0.44550000000000001,0,0,0,8.9099815947333636e-25,6.9331819128096491e-24,5.6789072871195607e-23,0,3.6211589282686418e-11,1.4275696544076487e-11
0.44600000000000001,0,0,0,8.4644825149966961e-25,6.5865228171691655e-24,5.3949619227635829e-23,0,3.4708347307343956e-11,1.3680402028001246e-11
0.44650000000000001,0,0,0,8.0412583892468611e-25,6.2571966763107074e-24,5.1252138266254034e-23,0,3.3266944754473116e-11,1.3109750980321467e-11
0.44700000000000001,0,0,0,7.6391954697845171e-25,5.9443368424951715e-24,4.8689531352941333e-23,0,3.1885050155722183e-11,1.256274232565076e-11
0.44750000000000001,0,0,0,7.257235696295291e-25,5.6471200003704137e-24,4.6255054785294272e-23,0,3.0560109998134521e-11,1.2038401339134862e-11
0.44800000000000001,0,0,0,6.8943739114805273e-25,5.3647640003518923e-24,4.3942302046029561e-23,0,2.9289792813358417e-11,1.1535796196568373e-11
0.44850000000000001,0,0,0,6.5496552159065009e-25,5.0965258003342975e-24,4.1745186943728079e-23,0,2.8071989177647083e-11,1.1054035928139642e-11
0.44900000000000001,0,0,0,6.2221724551111763e-25,4.8416995103175827e-24,3.9657927596541682e-23,0,2.6904478644951269e-11,1.0592256232877391e-11
0.44950000000000001,0,0,0,5.9110638323556163e-25,4.5996145348017044e-24,3.7675031216714599e-23,0,2.5785151791524186e-11,1.014963591824374e-11
0.45000000000000001,0,0,0,5.615510640737836e-25,4.3696338080616192e-24,3.5791279655878865e-23,0,2.4712010215921509e-11,9.7253819319281665e-12
0.45050000000000001,0,0,0,5.3347351087009441e-25,4.1511521176585377e-24,3.4001715673084923e-23,0,2.3683277561303839e-11,9.318745290542286e-12
0.45100000000000001,0,0,0,5.0679983532658977e-25,3.9435945117756106e-24,3.2301629889430675e-23,0,2.2697066448529313e-11,8.928992928107247e-12
0.45150000000000001,0,0,0,4.814598435602602e-25,3.7464147861868304e-24,3.0686548394959148e-23,0,2.1751600520758529e-11,8.5554278687824699e-12
0.45200000000000001,0,0,0,4.5738685138224721e-25,3.5590940468774891e-24,2.9152220975211188e-23,0,2.0845214443454552e-11,8.197389545371167e-12
0.45250000000000001,0,0,0,4.345175088131349e-25,3.3811393445336144e-24,2.769460992645063e-23,0,1.9976353904382904e-11,7.8542411574301334e-12
0.45300000000000001,0,0,0,4.1279163337247817e-25,3.2120823773069339e-24,2.6309879430128096e-23,0,1.9143464591309112e-11,7.5253742687282794e-12
0.45350000000000001,0,0,0,3.921520517038543e-25,3.0514782584415873e-24,2.4994385458621691e-23,0,1.8345103214301162e-11,7.210198958561869e-12
0.45400000000000001,0,0,0,3.7254444911866156e-25,2.8989043455195078e-24,2.3744666185690606e-23,0,1.7579826483427041e-11,6.9081245429484388e-12
0.45450000000000002,0,0,0,3.5391722666272847e-25,2.7539591282435323e-24,2.2557432876406077e-23,0,1.68463021310572e-11,6.618624088671765e-12
0.45500000000000002,0,0,0,3.362213653295921e-25,2.6162611718313559e-24,2.1429561232585772e-23,0,1.6142975844957164e-11,6.3411480285815123e-12
0.45550000000000002,0,0,0,3.194102970631125e-25,2.485448113239788e-24,2.0358083170956482e-23,0,1.5468848424404769e-11,6.0752091194192865e-12
0.45600000000000002,0,0,0,3.0343978220995688e-25,2.3611757075777987e-24,1.934017901240866e-23,0,1.4822698624072927e-11,5.8203479517748537e-12
0.45650000000000002,0,0,0,2.88267793099459e-25,2.2431169221989088e-24,1.8373170061788224e-23,0,1.4203305198634553e-11,5.5760975859484756e-12
0.45700000000000002,0,0,0,2.7385440344448608e-25,2.1309610760889634e-24,1.7454511558698813e-23,0,1.3609668947367481e-11,5.3420375658488689e-12
0.45750000000000002,0,0,0,2.6016168327226179e-25,2.0244130222845152e-24,1.6581785980763871e-23,0,1.3040679647247089e-11,5.1177392294408043e-12
0.45800000000000002,0,0,0,2.4715359910864868e-25,1.9231923711702895e-24,1.5752696681725678e-23,0,1.2495338097551212e-11,4.9028071074417737e-12
0.45850000000000002,0,0,0,2.3479591915321625e-25,1.8270327526117747e-24,1.4965061847639392e-23,0,1.1972645097557688e-11,4.6968416984535808e-12
0.45900000000000002,0,0,0,2.2305612319555543e-25,1.7356811149811863e-24,1.4216808755257423e-23,0,1.1471601446544355e-11,4.4994665686095593e-12
0.45950000000000002,0,0,0,2.1190331703577764e-25,1.6488970592321269e-24,1.3505968317494555e-23,0,1.0991429988393975e-11,4.31033319181854e-12
0.46000000000000002,0,0,0,2.0130815118398877e-25,1.5664522062705204e-24,1.2830669901619826e-23,0,1.0531242544686847e-11,4.1290984097615012e-12
0.46050000000000002,0,0,0,1.9124274362478932e-25,1.4881295959569944e-24,1.2189136406538834e-23,0,1.0090150937003273e-11,3.9554354178853187e-12
0.46100000000000002,0,0,0,1.8168060644354985e-25,1.4137231161591446e-24,1.1579679586211892e-23,0,9.6674890315284756e-12,3.7890409368153569e-12
0.46150000000000002,0,0,0,1.7259657612137236e-25,1.3430369603511876e-24,1.1000695606901299e-23,0,9.262368649842756e-12,3.6296013442836627e-12
0.46200000000000002,0,0,0,1.6396674731530373e-25,1.2758851123336281e-24,1.0450660826556233e-23,0,8.8741236581313387e-12,3.4768348158219466e-12
0.46250000000000002,0,0,0,1.5576840994953855e-25,1.2120908567169468e-24,9.9281277852284219e-24,0,8.5020879225794488e-12,3.3304674340553947e-12
0.46300000000000002,0,0,0,1.4797998945206163e-25,1.1514863138810994e-24,9.4317213959670011e-24,0,8.1454842870698485e-12,3.190204743577049e-12
0.46350000000000002,0,0,0,1.4058098997945854e-25,1.0939119981870446e-24,8.9601353261686509e-24,0,7.8037576400902253e-12,3.055790281423072e-12
0.46400000000000002,0,0,0,1.3355194048048561e-25,1.0392163982776923e-24,8.5121285598602189e-24,0,7.4761308255233416e-12,2.9269795354486937e-12
0.46450000000000002,0,0,0,1.2687434345646133e-25,9.8725557836380762e-25,8.0865221318672086e-24,0,7.1621597541593474e-12,2.8035486445417818e-12
0.46500000000000002,0,0,0,1.2053062628363827e-25,9.3789279944561727e-25,7.6821960252738492e-24,0,6.8612893144859299e-12,2.6852743783218742e-12
0.46550000000000002,0,0,0,1.1450409496945633e-25,8.9099815947333636e-25,7.2980862240101554e-24,0,6.5729643949907768e-12,2.5719467679396507e-12
0.46600000000000003,0,0,0,1.0877889022098351e-25,8.4644825149966961e-25,6.9331819128096491e-24,0,6.2967409064640378e-12,2.4633645013786208e-12
0.46650000000000003,0,0,0,1.0333994570993434e-25,8.0412583892468611e-25,6.5865228171691655e-24,0,6.0320637373934005e-12,2.359344767413918e-12
0.46700000000000003,0,0,0,9.8172948424437625e-26,7.6391954697845171e-25,6.2571966763107074e-24,0,5.7783777762665522e-12,2.2596782823157394e-12
0.46750000000000003,0,0,0,9.3264301003215745e-26,7.257235696295291e-25,5.9443368424951715e-24,0,5.535238933873643e-12,2.1641770311019168e-12
0.46800000000000003,0,0,0,8.8601085953054949e-26,6.8943739114805273e-25,5.6471200003704137e-24,0,5.3023141433072851e-12,2.0726925821631498e-12
0.46850000000000003,0,0,0,8.4171031655402206e-26,6.5496552159065009e-25,5.3647640003518923e-24,0,5.0791593153576287e-12,1.9850509438222134e-12
0.46899999999999997,0,0,0,7.9962480072632084e-26,6.2221724551111763e-25,5.0965258003342975e-24,0,4.8653303608148235e-12,1.9010999887681188e-12
0.46949999999999997,0,0,0,7.5964356069000473e-26,5.9110638323556163e-25,4.8416995103175827e-24,0,4.6603831904690196e-12,1.8206633128517052e-12
0.46999999999999997,0,0,0,7.2166138265550458e-26,5.615510640737836e-25,4.5996145348017044e-24,0,4.4639847374128294e-12,1.7436000637574414e-12
0.47049999999999997,0,0,0,6.8557831352272933e-26,5.3347351087009441e-25,4.3696338080616192e-24,0,4.2758019347388654e-12,1.6697668970096967e-12
0.47099999999999997,0,0,0,6.5129939784659285e-26,5.0679983532658977e-25,4.1511521176585377e-24,0,4.09550171553974e-12,1.5990316911096351e-12
0.47149999999999997,0,0,0,6.1873442795426325e-26,4.814598435602602e-25,3.9435945117756106e-24,0,3.9227510129080656e-12,1.5312696506682725e-12
0.47199999999999998,0,0,0,5.8779770655655013e-26,4.5738685138224721e-25,3.7464147861868304e-24,0,3.7572167599364548e-12,1.4663607626183333e-12
0.47249999999999998,0,0,0,5.5840782122872257e-26,4.345175088131349e-25,3.5590940468774891e-24,0,3.5986769120199824e-12,1.4041881356858805e-12
0.47299999999999998,0,0,0,5.3048743016728641e-26,4.1279163337247817e-25,3.3811393445336144e-24,0,3.446798402251261e-12,1.3446240666307682e-12
0.47349999999999998,0,0,0,5.0396305865892212e-26,3.921520517038543e-25,3.2120823773069339e-24,0,3.301248163722903e-12,1.2875723438121535e-12
0.47399999999999998,0,0,0,4.78764905725976e-26,3.7254444911866156e-25,3.0514782584415873e-24,0,3.1618041518299833e-12,1.2329187631948277e-12
0.47449999999999998,0,0,0,4.5482666043967718e-26,3.5391722666272847e-25,2.8989043455195078e-24,0,3.028244321967577e-12,1.1805630753154223e-12
0.47499999999999998,0,0,0,4.3208532741769331e-26,3.362213653295921e-25,2.7539591282435323e-24,0,2.9002356072282964e-12,1.1304141399449647e-12
0.47549999999999998,0,0,0,4.1048106104680867e-26,3.194102970631125e-25,2.6162611718313559e-24,0,2.7775559630072166e-12,1.0823739133567428e-12
0.47599999999999998,0,0,0,3.899570079944682e-26,3.0343978220995688e-25,2.485448113239788e-24,0,2.6600943670018751e-12,1.0363526951776571e-12
0.47649999999999998,0,0,0,3.704591575947448e-26,2.88267793099459e-25,2.3611757075777987e-24,0,2.5475177523048842e-12,9.9227908119396353e-13
0.47699999999999998,0,0,0,3.5193619971500759e-26,2.7385440344448608e-25,2.2431169221989088e-24,0,2.4397150966137815e-12,9.5006791091111369e-13
0.47749999999999998,0,0,0,3.3433938972925716e-26,2.6016168327226179e-25,2.1309610760889634e-24,0,2.3363533330211794e-12,9.096250440401443e-13
0.47799999999999998,0,0,0,3.1762242024279429e-26,2.4715359910864868e-25,2.0244130222845152e-24,0,2.2373214392246155e-12,8.7087617808890065e-13
0.47849999999999998,0,0,0,3.0174129923065458e-26,2.3479591915321625e-25,1.9231923711702895e-24,0,2.1425083929216271e-12,8.3377281004167082e-13
0.47899999999999998,0,0,0,2.8665423426912186e-26,2.2305612319555543e-25,1.8270327526117747e-24,0,2.0516921495072893e-12,7.9824472879706541e-13
0.47949999999999998,0,0,0,2.7232152255566578e-26,2.1190331703577764e-25,1.7356811149811863e-24,0,1.964650664376677e-12,7.642075526977671e-13
0.47999999999999998,0,0,0,2.5870544642788247e-26,2.0130815118398877e-25,1.6488970592321269e-24,0,1.8812729152273278e-12,7.3160619927302696e-13
0.48049999999999998,0,0,0,2.4577017410648836e-26,1.9124274362478932e-25,1.5664522062705204e-24,0,1.801447879756779e-12,7.0037901230294343e-13
0.48099999999999998,0,0,0,2.3348166540116395e-26,1.8168060644354985e-25,1.4881295959569944e-24,0,1.7249535133601057e-12,6.7047289417377731e-13
0.48149999999999998,0,0,0,2.2180758213110576e-26,1.7259657612137236e-25,1.4137231161591446e-24,0,1.6516787937348454e-12,6.4184033413970085e-13
0.48199999999999998,0,0,0,2.1071720302455046e-26,1.6396674731530373e-25,1.3430369603511876e-24,0,1.5815126985785355e-12,6.144246186345806e-13
0.48249999999999998,0,0,0,2.0018134287332292e-26,1.5576840994953855e-25,1.2758851123336281e-24,0,1.5143442055887135e-12,5.881758764992202e-13
0.48299999999999998,0,0,0,1.9017227572965677e-26,1.4797998945206163e-25,1.2120908567169468e-24,0,1.4499512701604544e-12,5.6302300353856716e-13
0.48349999999999999,0,0,0,1.8066366194317394e-26,1.4058098997945854e-25,1.1514863138810994e-24,0,1.3882228699912957e-12,5.389195845141843e-13
0.48399999999999999,0,0,0,1.7163047884601523e-26,1.3355194048048561e-25,1.0939119981870446e-24,0,1.3291590050812374e-12,5.1584817039339545e-13
0.48449999999999999,0,0,0,1.6304895490371448e-26,1.2687434345646133e-25,1.0392163982776923e-24,0,1.2725376308253544e-12,4.9375882142484859e-13
0.48499999999999999,0,0,0,1.5489650715852876e-26,1.2053062628363827e-25,9.8725557836380762e-25,0,1.2183587472236468e-12,4.7260608824510758e-13
0.48549999999999999,0,0,0,1.4715168180060232e-26,1.1450409496945633e-25,9.3789279944561727e-25,0,1.1664003096711895e-12,4.5234745271618136e-13
0.48599999999999999,0,0,0,1.3979409771057222e-26,1.0877889022098351e-25,8.9099815947333636e-25,0,1.1166623181679824e-12,4.3294231013891123e-13
0.48649999999999999,0,0,0,1.3280439282504361e-26,1.0333994570993434e-25,8.4644825149966961e-25,0,1.0690337504115632e-12,4.1436415466801298e-13
0.48699999999999999,0,0,0,1.2616417318379143e-26,9.8172948424437625e-26,8.0412583892468611e-25,0,1.0234035840994693e-12,3.965699842696524e-13
0.48749999999999999,0,0,0,1.1985596452460186e-26,9.3264301003215745e-26,7.6391954697845171e-25,0,9.7977181923170065e-13,3.7953172817174321e-13
0.48799999999999999,0,0,0,1.1386316629837176e-26,8.8601085953054949e-26,7.257235696295291e-25,0,9.3791641120333225e-13,3.6320536279101099e-13
0.48849999999999999,0,0,0,1.0817000798345317e-26,8.4171031655402206e-26,6.8943739114805273e-25,0,8.9783736001436409e-13,3.475750003141217e-13
0.48899999999999999,0,0,0,1.0276150758428052e-26,7.9962480072632084e-26,6.5496552159065009e-25,0,8.5942364336233368e-13,3.3261741972606775e-13
0.48949999999999999,0,0,0,9.762343220506649e-27,7.5964356069000473e-26,6.2221724551111763e-25,0,8.22675261247241e-13,3.1830461306074889e-13
0.48999999999999999,0,0,0,9.2742260594813173e-27,7.2166138265550458e-26,5.9110638323556163e-25,0,7.8748119136662353e-13,3.0460544753676842e-13
0.49049999999999999,0,0,0,8.8105147565072506e-27,6.8557831352272933e-26,5.615510640737836e-25,0,7.5373041141801878e-13,2.9148675056274444e-13
0.49099999999999999,0,0,0,8.3699890186818882e-27,6.5129939784659285e-26,5.3347351087009441e-25,0,7.2142292140142672e-13,2.7892686780819142e-13
0.49149999999999999,0,0,0,7.9514895677477938e-27,6.1873442795426325e-26,5.0679983532658977e-25,0,6.9055872131684737e-13,2.6689881400385017e-13
0.49199999999999999,0,0,0,7.5539150893604038e-27,5.8779770655655013e-26,4.814598435602602e-25,0,6.6091576655935569e-13,2.5537212396209504e-13
0.49249999999999999,0,0,0,7.1762193348923846e-27,5.5840782122872257e-26,4.5738685138224721e-25,0,6.326050794314142e-13,2.4433976048897405e-13
0.49299999999999999,0,0,0,6.8174083681477649e-27,5.3048743016728641e-26,4.345175088131349e-25,0,6.0540461532809786e-13,2.3377143025360581e-13
0.49349999999999999,0,0,0,6.4765379497403771e-27,5.0396305865892212e-26,4.1279163337247817e-25,0,5.794253965518692e-13,2.2364735844277614e-13
0.49399999999999999,0,0,0,6.1527110522533575e-27,4.78764905725976e-26,3.921520517038543e-25,0,5.5455640080026569e-13,2.1395463649785911e-13
0.4945,0,0,0,5.8450754996406902e-27,4.5482666043967718e-26,3.7254444911866156e-25,0,5.3068660577082483e-13,2.0467198819511483e-13
0.495,0,0,0,5.5528217246586556e-27,4.3208532741769331e-26,3.5391722666272847e-25,0,5.078160114635466e-13,1.9578552488849085e-13
0.4955,0,0,0,5.2751806384257228e-27,4.1048106104680867e-26,3.362213653295921e-25,0,4.8594461787843102e-13,1.8727333057495496e-13
0.496,0,0,0,5.0114216065044364e-27,3.899570079944682e-26,3.194102970631125e-25,0,4.6496140271301556e-13,1.7912109897475002e-13
0.4965,0,0,0,4.760850526179215e-27,3.704591575947448e-26,3.0343978220995688e-25,0,4.4497738826976274e-13,1.7131949126636793e-13
0.497,0,0,0,4.5228079998702535e-27,3.5193619971500759e-26,2.88267793099459e-25,0,4.2577052994374753e-13,1.6384956147113177e-13
0.4975,0,0,0,4.296667599876741e-27,3.3433938972925716e-26,2.7385440344448608e-25,0,4.0745185003743245e-13,1.5669894207518302e-13
0.498,0,0,0,4.081834219882904e-27,3.1762242024279429e-26,2.6016168327226179e-25,0,3.8991032624835498e-13,1.4987240964383423e-13
0.4985,0,0,0,3.8777425088887592e-27,3.0174129923065458e-26,2.4715359910864868e-25,0,3.730349362740526e-13,1.4333453280219826e-13
0.499,0,0,0,3.6838553834443213e-27,2.8665423426912186e-26,2.3479591915321625e-25,0,3.5693670241698783e-13,1.370878823431642e-13
0.4995,0,0,0,3.4996626142721051e-27,2.7232152255566578e-26,2.2305612319555543e-25,0,3.4150460237469815e-13,1.311084368161498e-13
0.5,0,0,0,3.3246794835584995e-27,2.5870544642788247e-26,2.1190331703577764e-25,0,3.2673863614718357e-13,1.2539336535555075e-13
0.50049999999999994,0,0,0,3.1584455093805745e-27,2.4577017410648836e-26,2.0130815118398877e-25,0,3.1252778143198157e-13,1.1991512042815712e-13
0.501,0,0,0,3.0005232339115457e-27,2.3348166540116395e-26,1.9124274362478932e-25,0,2.9898306053155466e-13,1.1466856941998271e-13
0.50149999999999995,0,0,0,2.8504970722159684e-27,2.2180758213110576e-26,1.8168060644354985e-25,0,2.8599345114344032e-13,1.0965036187467534e-13
0.502,0,0,0,2.7079722186051702e-27,2.1071720302455046e-26,1.7259657612137236e-25,0,2.7355895326763857e-13,1.0484546088525717e-13
0.50249999999999995,0,0,0,2.572573607674912e-27,2.0018134287332292e-26,1.6396674731530373e-25,0,2.616795669041494e-13,1.0024405069300656e-13
0.503,0,0,0,2.4439449272911664e-27,1.9017227572965677e-26,1.5576840994953855e-25,0,2.5024426975051028e-13,9.5839723788757992e-14
0.50349999999999995,0,0,0,2.3217476809266081e-27,1.8066366194317394e-26,1.4797998945206163e-25,0,2.3936408410918375e-13,9.1628297492917307e-14
0.504,0,0,0,2.2056602968802776e-27,1.7163047884601523e-26,1.4058098997945854e-25,0,2.2892798767770728e-13,8.7594191641668111e-14
0.50449999999999995,0,0,0,2.0953772820362636e-27,1.6304895490371448e-26,1.3355194048048561e-25,0,2.1893598045608087e-13,8.3727235850296925e-14
0.505,0,0,0,1.9906084179344505e-27,1.5489650715852876e-26,1.2687434345646133e-25,0,2.0938806244430452e-13,8.003364092119712e-14
0.50549999999999995,0,0,0,1.8910779970377278e-27,1.4715168180060232e-26,1.2053062628363827e-25,0,2.0017321133991572e-13,7.6491761521101713e-14
0.50600000000000001,0,0,0,1.7965240971858416e-27,1.3979409771057222e-26,1.1450409496945633e-25,0,1.9140244944537699e-13,7.3100317860987201e-14
0.50649999999999995,0,0,0,1.7066978923265494e-27,1.3280439282504361e-26,1.0877889022098351e-25,0,1.829647544582258e-13,6.9858474523018783e-14
0.50700000000000001,0,0,0,1.6213629977102219e-27,1.2616417318379143e-26,1.0333994570993434e-25,0,1.7497114868092467e-13,6.6765686164998749e-14
0.50749999999999995,0,0,0,1.5402948478247108e-27,1.1985596452460186e-26,9.8172948424437625e-26,0,1.6731060981101109e-13,6.3808746996133395e-14
0.50800000000000001,0,0,0,1.4632801054334754e-27,1.1386316629837176e-26,9.3264301003215745e-26,0,1.5998313784848506e-13,6.0979036569654615e-14
0.50849999999999995,0,0,0,1.3901161001618016e-27,1.0817000798345317e-26,8.8601085953054949e-26,0,1.5298873279334657e-13,5.8270927649477669e-14
0.50900000000000001,0,0,0,1.3206102951537116e-27,1.0276150758428052e-26,8.4171031655402206e-26,0,1.4621637234313312e-13,5.5680746900936116e-14
0.50949999999999995,0,0,0,1.2545797803960262e-27,9.762343220506649e-27,7.9962480072632084e-26,0,1.3977707880030721e-13,5.3206096452789376e-14
0.51000000000000001,0,0,0,1.1918507913762248e-27,9.2742260594813173e-27,7.5964356069000473e-26,0,1.3355982986240633e-13,5.0832561224451876e-14
0.51049999999999995,0,0,0,1.1322582518074136e-27,8.8105147565072506e-27,7.2166138265550458e-26,0,1.27675647831893e-13,4.8563581175178223e-14
0.51100000000000001,0,0,0,1.075645339217043e-27,8.3699890186818882e-27,6.8557831352272933e-26,0,1.220135104063047e-13,4.6388552030400529e-14
0.51149999999999995,0,0,0,1.0218630722561909e-27,7.9514895677477938e-27,6.5129939784659285e-26,0,1.1657341758564144e-13,4.4300551555331433e-14
0.51200000000000001,0,0,0,9.7076991864338143e-28,7.5539150893604038e-27,6.1873442795426325e-26,0,1.113553693699032e-13,4.2295061068929176e-14
0.51249999999999996,0,0,0,9.2223142271121225e-28,7.1762193348923846e-27,5.8779770655655013e-26,0,1.0635936575909e-13,4.0381980680150594e-14
0.51300000000000001,0,0,0,8.7611985157565166e-28,6.8174083681477649e-27,5.5840782122872257e-26,0,1.0158540675320182e-13,3.8554923156594526e-14
0.51349999999999996,0,0,0,8.3231385899686898e-28,6.4765379497403771e-27,5.3048743016728641e-26,0,9.7033492352238682e-14,3.6809719054887998e-14
0.51400000000000001,0,0,0,7.9069816604702553e-28,6.1527110522533575e-27,5.0396305865892212e-26,0,9.2703622556200571e-14,3.514364665505143e-14
0.51449999999999996,0,0,0,7.5116325774467429e-28,5.8450754996406902e-27,4.78764905725976e-26,0,8.8484775062624976e-14,3.354207947523906e-14
0.51500000000000001,0,0,0,7.1360509485744059e-28,5.5528217246586556e-27,4.5482666043967718e-26,0,8.4487972173974413e-14,3.2008319476660664e-14
0.51549999999999996,0,0,0,6.7792484011456851e-28,5.2751806384257228e-27,4.3208532741769331e-26,0,8.071321389024888e-14,3.0544522106217062e-14
0.51600000000000001,0,0,0,6.4402859810884009e-28,5.0114216065044364e-27,4.1048106104680867e-26,0,7.7049477908985864e-14,2.9139244588220539e-14
0.51649999999999996,0,0,0,6.11827168203398e-28,4.760850526179215e-27,3.899570079944682e-26,0,7.3607786532647879e-14,2.779786713651181e-14
0.51700000000000002,0,0,0,5.8123580979322819e-28,4.5228079998702535e-27,3.704591575947448e-26,0,7.0277117458772409e-14,2.6511052031600034e-14
0.51749999999999996,0,0,0,5.5217401930356676e-28,4.296667599876741e-27,3.5193619971500759e-26,0,6.7057470687359455e-14,2.5285553621232224e-14
0.51800000000000002,0,0,0,5.2456531833838845e-28,4.081834219882904e-27,3.3433938972925716e-26,0,6.3948846218409017e-14,2.4112931189995256e-14
0.51849999999999996,0,0,0,4.9833705242146899e-28,3.8777425088887592e-27,3.1762242024279429e-26,0,6.106226635438361e-14,2.3000524629964651e-14
0.51900000000000002,0,0,0,4.7342019980039549e-28,3.6838553834443213e-27,3.0174129923065458e-26,0,5.8286708792820718e-14,2.1940275456052843e-14
0.51949999999999996,0,0,0,4.497491898103758e-28,3.4996626142721051e-27,2.8665423426912186e-26,0,5.5622173533720343e-14,2.0926923268272116e-14
0.52000000000000002,0,0,0,4.2726173031985696e-28,3.3246794835584995e-27,2.7232152255566578e-26,0,5.3068660577082483e-14,1.9957034194408265e-14
0.52049999999999996,0,0,0,4.058986438038641e-28,3.1584455093805745e-27,2.5870544642788247e-26,0,5.0626169922907138e-14,1.9028366678988128e-14
0.52100000000000002,0,0,0,3.8560371161367093e-28,3.0005232339115457e-27,2.4577017410648836e-26,0,4.829470157119431e-14,1.813945748441117e-14
0.52149999999999996,0,0,0,3.6632352603298733e-28,2.8504970722159684e-27,2.3348166540116395e-26,0,4.6074255521943996e-14,1.7289351441688154e-14
0.52200000000000002,0,0,0,3.4800734973133799e-28,2.7079722186051702e-27,2.2180758213110576e-26,0,4.3964831775156199e-14,1.6477425037728878e-14
0.52249999999999996,0,0,0,3.306069822447711e-28,2.572573607674912e-27,2.1071720302455046e-26,0,4.1966430330830917e-14,1.5703271257043914e-14
0.52300000000000002,0,0,0,3.1407663313253254e-28,2.4439449272911664e-27,2.0018134287332292e-26,0,3.9968028886505635e-14,1.4953774605440787e-14
0.52349999999999997,0,0,0,2.9837280147590593e-28,2.3217476809266081e-27,1.9017227572965677e-26,0,3.8080649744642869e-14,1.4233223383291838e-14
0.52400000000000002,0,0,0,2.8345416140211063e-28,2.2056602968802776e-27,1.8066366194317394e-26,0,3.6304292905242619e-14,1.3544416897784566e-14
0.52449999999999997,0,0,0,2.6928145333200511e-28,2.0953772820362636e-27,1.7163047884601523e-26,0,3.4638958368304884e-14,1.2889182474444142e-14
0.52500000000000002,0,0,0,2.5581738066540481e-28,1.9906084179344505e-27,1.6304895490371448e-26,0,3.2973623831367149e-14,1.225586314724041e-14
0.52549999999999997,0,0,0,2.4302651163213459e-28,1.8910779970377278e-27,1.5489650715852876e-26,0,3.141931159689193e-14,1.1649699311318329e-14
0.52600000000000002,0,0,0,2.3087518605052784e-28,1.7965240971858416e-27,1.4715168180060232e-26,0,2.9864999362416711e-14,1.1061261976649547e-14
0.52649999999999997,0,0,0,2.1933142674800143e-28,1.7066978923265494e-27,1.3979409771057222e-26,0,2.8421709430404007e-14,1.0510095715128177e-14
0.52700000000000002,0,0,0,2.0836485541060137e-28,1.6213629977102219e-27,1.3280439282504361e-26,0,2.708944180085382e-14,9.9961089854371228e-15
0.52749999999999997,0,0,0,1.9794661264007129e-28,1.5402948478247108e-27,1.2616417318379143e-26,0,2.5757174171303632e-14,9.5063922279130794e-15
0.52800000000000002,0,0,0,1.8804928200806773e-28,1.4632801054334754e-27,1.1985596452460186e-26,0,2.453592884421596e-14,9.0453681724127003e-15
0.52849999999999997,0,0,0,1.7864681790766434e-28,1.3901161001618016e-27,1.1386316629837176e-26,0,2.3314683517128287e-14,8.6030740751777687e-15
0.52900000000000003,0,0,0,1.6971447701228112e-28,1.3206102951537116e-27,1.0817000798345317e-26,0,2.2204460492503131e-14,8.1858562820029801e-15
0.52949999999999997,0,0,0,1.6122875316166707e-28,1.2545797803960262e-27,1.0276150758428052e-26,0,2.1094237467877974e-14,7.7850077428674513e-15
0.53000000000000003,0,0,0,1.5316731550358371e-28,1.1918507913762248e-27,9.762343220506649e-27,0,2.0095036745715333e-14,7.4076944925333056e-15
0.53049999999999997,0,0,0,1.4550894972840455e-28,1.1322582518074136e-27,9.2742260594813173e-27,0,1.9095836023552692e-14,7.0457445557222842e-15
0.53100000000000003,0,0,0,1.382335022419843e-28,1.075645339217043e-27,8.8105147565072506e-27,0,1.8096635301390052e-14,6.6938234485721915e-15
0.53149999999999997,0,0,0,1.3132182712988509e-28,1.0218630722561909e-27,8.3699890186818882e-27,0,1.7208456881689926e-14,6.3612987420876254e-15
0.53200000000000003,0,0,0,1.2475573577339085e-28,9.7076991864338143e-28,7.9514895677477938e-27,0,1.6320278461989801e-14,6.0414355749263896e-15
0.53249999999999997,0,0,0,1.1851794898472131e-28,9.2223142271121225e-28,7.5539150893604038e-27,0,1.5543122344752192e-14,5.7426873827936372e-15
0.53300000000000003,0,0,0,1.1259205153548524e-28,8.7611985157565166e-28,7.1762193348923846e-27,0,1.4765966227514582e-14,5.4577225771378125e-15
0.53349999999999997,0,0,0,1.0696244895871097e-28,8.3231385899686898e-28,6.8174083681477649e-27,0,1.3988810110276972e-14,5.1817552598766475e-15
0.53400000000000003,0,0,0,1.0161432651077542e-28,7.9069816604702553e-28,6.4765379497403771e-27,0,1.3211653993039363e-14,4.9116613030953304e-15
0.53449999999999998,0,0,0,9.6533610185236669e-29,7.5116325774467429e-28,6.1527110522533575e-27,0,1.2545520178264269e-14,4.6582511490418907e-15
0.53500000000000003,0,0,0,9.1706929675974832e-29,7.1360509485744059e-28,5.8450754996406902e-27,0,1.1879386363489175e-14,4.4157318106580371e-15
0.53549999999999998,0,0,0,8.7121583192176082e-29,6.7792484011456851e-28,5.5528217246586556e-27,0,1.1213252548714081e-14,4.180321754725163e-15
0.53600000000000003,0,0,0,8.2765504032567282e-29,6.4402859810884009e-28,5.2751806384257228e-27,0,1.0547118733938987e-14,3.9495524803922343e-15
0.53649999999999998,0,0,0,7.8627228830938911e-29,6.11827168203398e-28,5.0114216065044364e-27,0,9.9920072216264089e-15,3.7346624086850243e-15
0.53700000000000003,0,0,0,7.4695867389391976e-29,5.8123580979322819e-28,4.760850526179215e-27,0,9.4368957093138306e-15,3.5301379275807137e-15
0.53749999999999998,0,0,0,7.0961074019922373e-29,5.5217401930356676e-28,4.5228079998702535e-27,0,8.8817841970012523e-15,3.3323798736755183e-15
0.53800000000000003,0,0,0,6.7413020318926265e-29,5.2456531833838845e-28,4.296667599876741e-27,0,8.4376949871511897e-15,3.1518885966066102e-15
0.53849999999999998,0,0,0,6.4042369302979957e-29,4.9833705242146899e-28,4.081834219882904e-27,0,7.9936057773011271e-15,2.9826686877502786e-15
0.53900000000000003,0,0,0,6.084025083783096e-29,4.7342019980039549e-28,3.8777425088887592e-27,0,7.5495165674510645e-15,2.820806477588268e-15
0.53949999999999998,0,0,0,5.7798238295939417e-29,4.497491898103758e-28,3.6838553834443213e-27,0,7.1054273576010019e-15,2.6637472096294946e-15
0.54000000000000004,0,0,0,5.4908326381142435e-29,4.2726173031985696e-28,3.4996626142721051e-27,0,6.6613381477509392e-15,2.5098231956089454e-15
0.54049999999999998,0,0,0,5.2162910062085323e-29,4.058986438038641e-28,3.3246794835584995e-27,0,6.2172489379008766e-15,2.3579458056869594e-15
0.54100000000000004,0,0,0,4.9554764558981049e-29,3.8560371161367093e-28,3.1584455093805745e-27,0,5.8841820305133297e-15,2.2202542100217341e-15
0.54149999999999998,0,0,0,4.7077026331032001e-29,3.6632352603298733e-28,3.0005232339115457e-27,0,5.5511151231257827e-15,2.0918227856074494e-15
0.54200000000000004,0,0,0,4.4723175014480405e-29,3.4800734973133799e-28,2.8504970722159684e-27,0,5.2180482157382357e-15,1.9694361952041957e-15
0.54249999999999998,0,0,0,4.2487016263756382e-29,3.306069822447711e-28,2.7079722186051702e-27,0,4.8849813083506888e-15,1.8509955381136982e-15
0.54300000000000004,0,0,0,4.0362665450568557e-29,3.1407663313253254e-28,2.572573607674912e-27,0,4.5519144009631418e-15,1.7351306986023611e-15
0.54349999999999998,0,0,0,3.8344532178040134e-29,2.9837280147590593e-28,2.4439449272911664e-27,0,4.2188474935755949e-15,1.6209472955663092e-15
0.54400000000000004,0,0,0,3.6427305569138125e-29,2.8345416140211063e-28,2.3217476809266081e-27,0,3.9968028886505635e-15,1.5207113004218226e-15
0.54449999999999998,0,0,0,3.4605940290681213e-29,2.6928145333200511e-28,2.2056602968802776e-27,0,3.7747582837255322e-15,1.4295798632065524e-15
0.54500000000000004,0,0,0,3.287564327614715e-29,2.5581738066540481e-28,2.0953772820362636e-27,0,3.5527136788005009e-15,1.3443916790839649e-15
0.54549999999999998,0,0,0,3.1231861112339791e-29,2.4302651163213459e-28,1.9906084179344505e-27,0,3.3306690738754696e-15,1.2630831185079897e-15
0.54600000000000004,0,0,0,2.96702680567228e-29,2.3087518605052784e-28,1.8910779970377278e-27,0,3.1086244689504383e-15,1.1843070899693867e-15
0.54649999999999999,0,0,0,2.818675465388666e-29,2.1933142674800143e-28,1.7965240971858416e-27,0,2.886579864025407e-15,1.1071842420662902e-15
0.54700000000000004,0,0,0,2.6777416921192329e-29,2.0836485541060137e-28,1.7066978923265494e-27,0,2.6645352591003757e-15,1.0311405537447051e-15
0.54749999999999999,0,0,0,2.5438546075132707e-29,1.9794661264007129e-28,1.6213629977102219e-27,0,2.4424906541753444e-15,9.5580131681660667e-16
0.54800000000000004,0,0,0,2.4166618771376074e-29,1.8804928200806773e-28,1.5402948478247108e-27,0,2.2204460492503131e-15,8.8092193010370077e-16
0.54849999999999999,0,0,0,2.2958287832807273e-29,1.7864681790766434e-28,1.4632801054334754e-27,0,1.9984014443252818e-15,8.0634272339237899e-16
0.54900000000000004,0,0,0,2.1810373441166908e-29,1.6971447701228112e-28,1.3901161001618016e-27,0,1.8873791418627661e-15,7.4480927104117866e-16
0.54949999999999999,0,0,0,2.0719854769108563e-29,1.6122875316166707e-28,1.3206102951537116e-27,0,1.7763568394002505e-15,6.9179179723061319e-16
0.55000000000000004,0,0,0,1.9683862030653134e-29,1.5316731550358371e-28,1.2545797803960262e-27,0,1.6653345369377348e-15,6.4433336496740658e-16
0.55049999999999999,0,0,0,1.8699668929120479e-29,1.4550894972840455e-28,1.1918507913762248e-27,0,1.5543122344752192e-15,6.0050375149205932e-16
0.55100000000000005,0,0,0,1.7764685482664455e-29,1.382335022419843e-28,1.1322582518074136e-27,0,1.4432899320127035e-15,5.5904295028100899e-16
0.55149999999999999,0,0,0,1.6876451208531234e-29,1.3132182712988509e-28,1.075645339217043e-27,0,1.3322676295501878e-15,5.1912845707581923e-16
0.55200000000000005,0,0,0,1.6032628648104671e-29,1.2475573577339085e-28,1.0218630722561909e-27,0,1.2212453270876722e-15,4.8022335937445512e-16
0.55249999999999999,0,0,0,1.5230997215699437e-29,1.1851794898472131e-28,9.7076991864338143e-28,0,1.1102230246251565e-15,4.4197717262697727e-16
0.55300000000000005,0,0,0,1.4469447354914468e-29,1.1259205153548524e-28,9.2223142271121225e-28,0,9.9920072216264089e-16,4.0416110830773065e-16
0.55349999999999999,0,0,0,1.3745974987168742e-29,1.0696244895871097e-28,8.7611985157565166e-28,0,8.8817841970012523e-16,3.6662581835135719e-16
0.55400000000000005,0,0,0,1.3058676237810306e-29,1.0161432651077542e-28,8.3231385899686898e-28,0,7.7715611723760958e-16,3.2927381165963706e-16
0.55449999999999999,0,0,0,1.2405742425919792e-29,9.6533610185236669e-29,7.9069816604702553e-28,0,6.6613381477509392e-16,2.9204144821012119e-16
0.55500000000000005,0,0,0,1.1785455304623801e-29,9.1706929675974832e-29,7.5116325774467429e-28,0,5.5511151231257827e-16,2.5488718521037752e-16
0.55549999999999999,0,0,0,1.1196182539392612e-29,8.7121583192176082e-29,7.1360509485744059e-28,0,4.4408920985006262e-16,2.1778390444867961e-16
0.55600000000000005,0,0,0,1.0636373412422981e-29,8.2765504032567282e-29,6.7792484011456851e-28,0,3.3306690738754696e-16,1.8071390375903935e-16
0.55649999999999999,0,0,0,1.0104554741801831e-29,7.8627228830938911e-29,6.4402859810884009e-28,0,2.2204460492503131e-16,1.4366562756088115e-16
0.55700000000000005,0,0,0,9.5993270047117401e-30,7.4695867389391976e-29,6.11827168203398e-28,0,1.1102230246251565e-16,1.06631532627996e-16
0.5575,0,0,0,9.1193606544761533e-30,7.0961074019922373e-29,5.8123580979322819e-28,0,0,6.9606694909941829e-17
0.55800000000000005,0,0,0,8.6633926217523457e-30,6.7413020318926265e-29,5.5217401930356676e-28,0,0,4.543770362176759e-17
0.5585,0,0,0,8.2302229906647295e-30,6.4042369302979957e-29,5.2456531833838845e-28,0,0,2.9660723197542734e-17
0.55900000000000005,0,0,0,7.8187118411314937e-30,6.084025083783096e-29,4.9833705242146899e-28,0,0,1.936186097617373e-17
0.5595,0,0,0,7.4277762490749195e-30,5.7798238295939417e-29,4.7342019980039549e-28,0,0,1.2638992581668964e-17
0.56000000000000005,0,0,0,7.0563874366211731e-30,5.4908326381142435e-29,4.497491898103758e-28,0,0,8.2504534908116853e-18
0.5605,0,0,0,6.7035680647901149e-30,5.2162910062085323e-29,4.2726173031985696e-28,0,0,5.3857126953909614e-18
0.56100000000000005,0,0,0,6.3683896615506094e-30,4.9554764558981049e-29,4.058986438038641e-28,0,0,3.5156735650468775e-18
0.5615,0,0,0,6.0499701784730781e-30,4.7077026331032001e-29,3.8560371161367093e-28,0,0,2.2949535771833783e-18
0.56200000000000006,0,0,0,5.7474716695494244e-30,4.4723175014480405e-29,3.6632352603298733e-28,0,0,1.4980946962169276e-18
0.5625,0,0,0,5.4600980860719534e-30,4.2487016263756382e-29,3.4800734973133799e-28,0,0,9.7792292669716108e-19
0.56299999999999994,0,0,0,5.1870931817683551e-30,4.0362665450568557e-29,3.306069822447711e-28,0,0,6.3836635492731356e-19
0.5635,0,0,0,4.9277385226799374e-30,3.8344532178040134e-29,3.1407663313253254e-28,0,0,4.1671137057755192e-19
0.56399999999999995,0,0,0,4.6813515965459404e-30,3.6427305569138125e-29,2.9837280147590593e-28,0,0,2.720199224603464e-19
0.5645,0,0,0,4.4472840167186432e-30,3.4605940290681213e-29,2.8345416140211063e-28,0,0,1.7756856049494834e-19
0.56499999999999995,0,0,0,4.2249198158827109e-30,3.287564327614715e-29,2.6928145333200511e-28,0,0,1.1591281032309129e-19
0.5655,0,0,0,4.013673825088575e-30,3.1231861112339791e-29,2.5581738066540481e-28,0,0,7.5665306738684591e-20
0.56599999999999995,0,0,0,3.812990133834146e-30,2.96702680567228e-29,2.4302651163213459e-28,0,0,4.9392630787752444e-20
0.5665,0,0,0,3.6223406271424392e-30,2.818675465388666e-29,2.3087518605052784e-28,0,0,3.2242411764227294e-20
0.56699999999999995,0,0,0,3.4412235957853167e-30,2.6777416921192329e-29,2.1933142674800143e-28,0,0,2.1047129901648373e-20
0.5675,0,0,0,3.2691624159960509e-30,2.5438546075132707e-29,2.0836485541060137e-28,0,0,1.3739098685798244e-20
0.56799999999999995,0,0,0,3.1057042951962485e-30,2.4166618771376074e-29,1.9794661264007129e-28,0,0,8.9685783087849655e-21
0.56850000000000001,0,0,0,2.9504190804364363e-30,2.2958287832807273e-29,1.8804928200806773e-28,0,0,5.854488618234631e-21
0.56899999999999995,0,0,0,2.8028981264146146e-30,2.1810373441166908e-29,1.7864681790766434e-28,0,0,3.8216800702364959e-21
0.56950000000000001,0,0,0,2.6627532200938837e-30,2.0719854769108563e-29,1.6971447701228112e-28,0,0,2.4947078236266016e-21
0.56999999999999995,0,0,0,2.5296155590891899e-30,1.9683862030653134e-29,1.6122875316166707e-28,0,0,1.6284898293118095e-21
0.57050000000000001,0,0,0,2.4031347811347305e-30,1.8699668929120479e-29,1.5316731550358371e-28,0,0,1.0630419719118758e-21
0.57099999999999995,0,0,0,2.2829780420779938e-30,1.7764685482664455e-29,1.4550894972840455e-28,0,0,6.9393017610914122e-22
0.57150000000000001,0,0,0,2.1688291399740944e-30,1.6876451208531234e-29,1.382335022419843e-28,0,0,4.529821982934672e-22
0.57199999999999995,0,0,0,2.0603876829753896e-30,1.6032628648104671e-29,1.3132182712988509e-28,0,0,2.9569671277490225e-22
0.57250000000000001,0,0,0,1.9573682988266202e-30,1.5230997215699437e-29,1.2475573577339085e-28,0,0,1.9302424306139455e-22
0.57299999999999995,0,0,0,1.859499883885289e-30,1.4469447354914468e-29,1.1851794898472131e-28,0,0,1.2600193644285479e-22
0.57350000000000001,0,0,0,1.7665248896910245e-30,1.3745974987168742e-29,1.1259205153548524e-28,0,0,8.2251264066863551e-23
0.57399999999999995,0,0,0,1.6781986452064734e-30,1.3058676237810306e-29,1.0696244895871097e-28,0,0,5.3691797376980383e-23
0.57450000000000001,0,0,0,1.5942887129461497e-30,1.2405742425919792e-29,1.0161432651077542e-28,0,0,3.5048812176639975e-23
0.57499999999999996,0,0,0,1.5145742772988422e-30,1.1785455304623801e-29,9.6533610185236669e-29,0,0,2.2879085726417763e-23
0.57550000000000001,0,0,0,1.4388455634339001e-30,1.1196182539392612e-29,9.1706929675974832e-29,0,0,1.4934958738078264e-23
0.57599999999999996,0,0,0,1.3669032852622051e-30,1.0636373412422981e-29,8.7121583192176082e-29,0,0,9.7492091762455339e-24
0.57650000000000001,0,0,0,1.2985581209990948e-30,1.0104554741801831e-29,8.2765504032567282e-29,0,0,6.3640671011602797e-24
0.57699999999999996,0,0,0,1.2336302149491401e-30,9.5993270047117401e-30,7.8627228830938911e-29,0,0,4.1543215799240717e-24
0.57750000000000001,0,0,0,1.171948704201683e-30,9.1193606544761533e-30,7.4695867389391976e-29,0,0,2.7118488091171025e-24
0.57799999999999996,0,0,0,1.1133512689915989e-30,8.6633926217523457e-30,7.0961074019922373e-29,0,0,1.7702346392847751e-24
0.57850000000000001,0,0,0,1.057683705542019e-30,8.2302229906647295e-30,6.7413020318926265e-29,0,0,1.1555698339775616e-24
0.57899999999999996,0,0,0,1.0047995202649181e-30,7.8187118411314937e-30,6.4042369302979957e-29,0,0,7.5433030829090834e-25
0.57950000000000002,0,0,0,9.5455954425167237e-31,7.4277762490749195e-30,6.084025083783096e-29,0,0,4.9241006235656519e-25
0.57999999999999996,0,0,0,9.0683156703908865e-31,7.0563874366211731e-30,5.7798238295939417e-29,0,0,3.2143434626053561e-25
0.58050000000000002,0,0,0,8.6148998868713419e-31,6.7035680647901149e-30,5.4908326381142435e-29,0,0,2.0982519825340517e-25
0.58099999999999996,0,0,0,8.184154892527775e-31,6.3683896615506094e-30,5.2162910062085323e-29,0,0,1.369692266376395e-25
0.58150000000000002,0,0,0,7.7749471479013866e-31,6.0499701784730781e-30,4.9554764558981049e-29,0,0,8.9410467388459123e-26
0.58199999999999996,0,0,0,7.3861997905063178e-31,5.7474716695494244e-30,4.7077026331032001e-29,0,0,5.8365166211910827e-26
0.58250000000000002,0,0,0,7.0168898009810023e-31,5.4600980860719534e-30,4.4723175014480405e-29,0,0,3.8099483499441794e-26
0.58299999999999996,0,0,0,6.6660453109319519e-31,5.1870931817683551e-30,4.2487016263756382e-29,0,0,2.4870496173246728e-26
0.58350000000000002,0,0,0,6.3327430453853538e-31,4.9277385226799374e-30,4.0362665450568557e-29,0,0,1.6234907224202727e-26
0.58399999999999996,0,0,0,6.0161058931160856e-31,4.6813515965459404e-30,3.8344532178040134e-29,0,0,1.0597786660243448e-26
0.58450000000000002,0,0,0,5.7153005984602808e-31,4.4472840167186432e-30,3.6427305569138125e-29,0,0,6.917999625436696e-27
0.58499999999999996,0,0,0,5.429535568537266e-31,4.2249198158827109e-30,3.4605940290681213e-29,0,0,4.5159164221600659e-27
0.58550000000000002,0,0,0,5.1580587901104029e-31,4.013673825088575e-30,3.287564327614715e-29,0,0,2.9478898866878211e-27
0.58599999999999997,0,0,0,4.9001558506048825e-31,3.812990133834146e-30,3.1231861112339791e-29,0,0,1.9243170093656613e-27
0.58650000000000002,0,0,0,4.6551480580746385e-31,3.6223406271424392e-30,2.96702680567228e-29,0,0,1.2561513811136957e-27
0.58699999999999997,0,0,0,4.4223906551709068e-31,3.4412235957853167e-30,2.818675465388666e-29,0,0,8.1998770711588485e-28
0.58750000000000002,0,0,0,4.2012711224123615e-31,3.2691624159960509e-30,2.6777416921192329e-29,0,0,5.3526975325620262e-28
0.58799999999999997,0,0,0,3.9912075662917433e-31,3.1057042951962485e-30,2.5438546075132707e-29,0,0,3.494122000422434e-28
0.58850000000000002,0,0,0,3.7916471879771565e-31,2.9504190804364363e-30,2.4166618771376074e-29,0,0,2.2808851947201998e-28
0.58899999999999997,0,0,0,3.6020648285782986e-31,2.8028981264146146e-30,2.2958287832807273e-29,0,0,1.4889111687756861e-28
0.58950000000000002,0,0,0,3.4219615871493838e-31,2.6627532200938837e-30,2.1810373441166908e-29,0,0,9.7192812406190629e-29
0.58999999999999997,0,0,0,3.2508635077919144e-31,2.5296155590891899e-30,2.0719854769108563e-29,0,0,6.3445308098485553e-29
0.59050000000000002,0,0,0,3.0883203324023192e-31,2.4031347811347305e-30,1.9683862030653134e-29,0,0,4.1415687230955852e-29
0.59099999999999997,0,0,0,2.9339043157822032e-31,2.2829780420779938e-30,1.8699668929120479e-29,0,0,2.7035240275762846e-29
0.59150000000000003,0,0,0,2.7872090999930929e-31,2.1688291399740944e-30,1.7764685482664455e-29,0,0,1.7648004068900748e-29
0.59199999999999997,0,0,0,2.6478486449934386e-31,2.0603876829753896e-30,1.6876451208531234e-29,0,0,1.1520224878310211e-29
0.59250000000000003,0,0,0,2.5154562127437662e-31,1.9573682988266202e-30,1.6032628648104671e-29,0,0,7.5201467955636099e-30
0.59299999999999997,0,0,0,2.3896834021065779e-31,1.859499883885289e-30,1.5230997215699437e-29,0,0,4.9089847137706899e-30
0.59350000000000003,0,0,0,2.2701992320012492e-31,1.7665248896910245e-30,1.4469447354914468e-29,0,0,3.2044761326003114e-30
0.59399999999999997,0,0,0,2.1566892704011867e-31,1.6781986452064734e-30,1.3745974987168742e-29,0,0,2.0918108087807589e-30
0.59450000000000003,0,0,0,2.0488548068811276e-31,1.5942887129461497e-30,1.3058676237810306e-29,0,0,1.3654876112874399e-30
0.59499999999999997,0,0,0,1.9464120665370712e-31,1.5145742772988422e-30,1.2405742425919792e-29,0,0,8.9135996847930101e-31
0.59550000000000003,0,0,0,1.8490914632102173e-31,1.4388455634339001e-30,1.1785455304623801e-29,0,0,5.8185997942398824e-31
0.59599999999999997,0,0,0,1.7566368900497067e-31,1.3669032852622051e-30,1.1196182539392612e-29,0,0,3.7982526434621455e-31
0.59650000000000003,0,0,0,1.6688050455472213e-31,1.2985581209990948e-30,1.0636373412422981e-29,0,0,2.4794149200377898e-31
0.59699999999999998,0,0,0,1.5853647932698602e-31,1.2336302149491401e-30,1.0104554741801831e-29,0,0,1.618506961691335e-31
0.59750000000000003,0,0,0,1.5060965536063674e-31,1.171948704201683e-30,9.5993270047117401e-30,0,0,1.0565253777707325e-31
0.59799999999999998,0,0,0,1.4307917259260488e-31,1.1133512689915989e-30,9.1193606544761533e-30,0,0,6.8967628826700593e-32
0.59850000000000003,0,0,0,1.3592521396297463e-31,1.057683705542019e-30,8.6633926217523457e-30,0,0,4.502053548409622e-32
0.59899999999999998,0,0,0,1.2912895326482591e-31,1.0047995202649181e-30,8.2302229906647295e-30,0,0,2.9388405107673925e-32
0.59950000000000003,0,0,0,1.226725056015846e-31,9.5455954425167237e-31,7.8187118411314937e-30,0,0,1.9184097778620479e-32
0.59999999999999998,0,0,0,1.1653888032150537e-31,9.0683156703908865e-31,7.4277762490749195e-30,0,0,1.2522952716599481e-32
0.60050000000000003,0,0,0,1.1071193630543011e-31,8.6148998868713419e-31,7.0563874366211731e-30,0,0,8.1747052455579947e-33
0.60099999999999998,0,0,0,1.0517633949015862e-31,8.184154892527775e-31,6.7035680647901149e-30,0,0,5.3362659241836908e-33
0.60150000000000003,0,0,0,9.9917522515650673e-32,7.7749471479013866e-31,6.3683896615506094e-30,0,0,3.4833958116199094e-33
0.60199999999999998,0,0,0,9.4921646389868142e-32,7.3861997905063178e-31,6.0499701784730781e-30,0,0,2.2738833770296631e-33
0.60250000000000004,0,0,0,9.0175564070374735e-32,7.0168898009810023e-31,5.7474716695494244e-30,0,0,1.4843405377832523e-33
0.60299999999999998,0,0,0,8.5666785866855994e-32,6.6660453109319519e-31,5.4600980860719534e-30,0,0,9.6894451771962311e-34
0.60350000000000004,0,0,0,8.1383446573513198e-32,6.3327430453853538e-31,5.1870931817683551e-30,0,0,6.3250544906697621e-34
0.60399999999999998,0,0,0,7.7314274244837533e-32,6.0161058931160856e-31,4.9277385226799374e-30,0,0,4.1288550147427613e-34
0.60450000000000004,0,0,0,7.3448560532595663e-32,5.7153005984602808e-31,4.6813515965459404e-30,0,0,2.695224801290414e-34
0.60499999999999998,0,0,0,6.9776132505965888e-32,5.429535568537266e-31,4.4472840167186432e-30,0,0,1.7593828563979091e-34
0.60550000000000004,0,0,0,6.6287325880667588e-32,5.1580587901104029e-31,4.2249198158827109e-30,0,0,1.1484860312597462e-34
0.60599999999999998,0,0,0,6.2972959586634217e-32,4.9001558506048825e-31,4.013673825088575e-30,0,0,7.497061592945566e-35
0.60650000000000004,0,0,0,5.9824311607302505e-32,4.6551480580746385e-31,3.812990133834146e-30,0,0,4.893915206506134e-35
0.60699999999999998,0,0,0,5.6833096026937387e-32,4.4223906551709068e-31,3.6223406271424392e-30,0,0,3.1946390931359488e-35
0.60750000000000004,0,0,0,5.3991441225590522e-32,4.2012711224123615e-31,3.4412235957853167e-30,0,0,2.0853894080193e-35
0.60799999999999998,0,0,0,5.1291869164310999e-32,3.9912075662917433e-31,3.2691624159960509e-30,0,0,1.3612958635681543e-35
0.60850000000000004,0,0,0,4.8727275706095447e-32,3.7916471879771565e-31,3.1057042951962485e-30,0,0,8.8862368871810076e-36
0.60899999999999999,0,0,0,4.6290911920790675e-32,3.6020648285782986e-31,2.9504190804364363e-30,0,0,5.8007379680209361e-36
0.60950000000000004,0,0,0,4.3976366324751142e-32,3.4219615871493838e-31,2.8028981264146146e-30,0,0,3.7865928402358895e-36
0.60999999999999999,0,0,0,4.1777548008513586e-32,3.2508635077919144e-31,2.6627532200938837e-30,0,0,2.4718036595984279e-36
0.61050000000000004,0,0,0,3.9688670608087908e-32,3.0883203324023192e-31,2.5296155590891899e-30,0,0,1.6135385000156404e-36
0.61099999999999999,0,0,0,3.7704237077683513e-32,2.9339043157822032e-31,2.4031347811347305e-30,0,0,1.0532820763990987e-36
0.61150000000000004,0,0,0,3.5819025223799335e-32,2.7872090999930929e-31,2.2829780420779938e-30,0,0,6.8755913320496722e-37
0.61199999999999999,0,0,0,3.4028073962609367e-32,2.6478486449934386e-31,2.1688291399740944e-30,0,0,4.4882332306435361e-37
0.61250000000000004,0,0,0,3.2326670264478897e-32,2.5154562127437662e-31,2.0603876829753896e-30,0,0,2.9298189144478643e-37
0.61299999999999999,0,0,0,3.071033675125495e-32,2.3896834021065779e-31,1.9573682988266202e-30,0,0,1.9125206802645784e-37
0.61350000000000005,0,0,0,2.9174819913692201e-32,2.2701992320012492e-31,1.859499883885289e-30,0,0,1.2484509996171554e-37
0.61399999999999999,0,0,0,2.7716078918007592e-32,2.1566892704011867e-31,1.7665248896910245e-30,0,0,8.1496106919453203e-38
0.61450000000000005,0,0,0,2.6330274972107212e-32,2.0488548068811276e-31,1.6781986452064734e-30,0,0,5.3198847572420852e-38
0.61499999999999999,0,0,0,2.5013761223501853e-32,1.9464120665370712e-31,1.5942887129461497e-30,0,0,3.4727025498663613e-38
0.61550000000000005,0,0,0,2.3763073162326762e-32,1.8490914632102173e-31,1.5145742772988422e-30,0,0,2.2669030533849861e-38
0.61599999999999999,0,0,0,2.2574919504210423e-32,1.7566368900497067e-31,1.4388455634339001e-30,0,0,1.4797839376263103e-38
0.61650000000000005,0,0,0,2.1446173528999901e-32,1.6688050455472213e-31,1.3669032852622051e-30,0,0,9.6597007039495259e-39
0.61699999999999999,0,0,0,2.0373864852549907e-32,1.5853647932698602e-31,1.2985581209990948e-30,0,0,6.3056379595226074e-39
0.61750000000000005,0,0,0,1.9355171609922411e-32,1.5060965536063674e-31,1.2336302149491401e-30,0,0,4.1161803346883693e-39
0.61799999999999999,0,0,0,1.8387413029426292e-32,1.4307917259260488e-31,1.171948704201683e-30,0,0,2.6869510518104634e-39
0.61850000000000005,0,0,0,1.7468042377954979e-32,1.3592521396297463e-31,1.1133512689915989e-30,0,0,1.7539819365984971e-39
0.61899999999999999,0,0,0,1.659464025905723e-32,1.2912895326482591e-31,1.057683705542019e-30,0,0,1.1449604308351302e-39
0.61950000000000005,0,0,0,1.5764908246104369e-32,1.226725056015846e-31,1.0047995202649181e-30,0,0,7.4740472568404348e-40
0.62,0,0,0,1.4976662833799149e-32,1.1653888032150537e-31,9.5455954425167237e-31,0,0,4.878891959326395e-40
0.62050000000000005,0,0,0,1.4227829692109192e-32,1.1071193630543011e-31,9.0683156703908865e-31,0,0,3.1848322512269525e-40
0.621,0,0,0,1.3516438207503733e-32,1.0517633949015862e-31,8.6148998868713419e-31,0,0,2.0789877195509274e-40
0.62150000000000005,0,0,0,1.2840616297128548e-32,9.9917522515650673e-32,8.184154892527775e-31,0,0,1.3571169835957443e-40
0.622,0,0,0,1.2198585482272119e-32,9.4921646389868142e-32,7.7749471479013866e-31,0,0,8.8589580873611091e-41
0.62250000000000005,0,0,0,1.1588656208158513e-32,9.0175564070374735e-32,7.3861997905063178e-31,0,0,5.7829309736940579e-41
0.623,0,0,0,1.1009223397750588e-32,8.5666785866855994e-32,7.0168898009810023e-31,0,0,3.7749688300502878e-41
0.62350000000000005,0,0,0,1.0458762227863057e-32,8.1383446573513198e-32,6.6660453109319519e-31,0,0,2.4642157640606049e-41
0.624,0,0,0,9.935824116469905e-33,7.7314274244837533e-32,6.3327430453853538e-31,0,0,1.6085852904284504e-41
0.62450000000000006,0,0,0,9.4390329106464097e-33,7.3448560532595663e-32,6.0161058931160856e-31,0,0,1.0500487312519052e-41
0.625,0,0,0,8.967081265114088e-33,6.9776132505965888e-32,5.7153005984602808e-31,0,0,6.8544847734499365e-42
0.62549999999999994,0,0,0,8.5187272018583844e-33,6.6287325880667588e-32,5.429535568537266e-31,0,0,4.4744553382242644e-42
0.626,0,0,0,8.0927908417654656e-33,6.2972959586634217e-32,5.1580587901104029e-31,0,0,2.9208250124519502e-42
0.62649999999999995,0,0,0,7.6881512996771924e-33,5.9824311607302505e-32,4.9001558506048825e-31,0,0,1.9066496609061343e-42
0.627,0,0,0,7.303743734693333e-33,5.6833096026937387e-32,4.6551480580746385e-31,0,0,1.2446185286470601e-42
0.62749999999999995,0,0,0,6.938556547958666e-33,5.3991441225590522e-32,4.4223906551709068e-31,0,0,8.1245931731127528e-43
0.628,0,0,0,6.591628720560733e-33,5.1291869164310999e-32,4.2012711224123615e-31,0,0,5.3035538768930472e-43
0.62849999999999995,0,0,0,6.2620472845326962e-33,4.8727275706095447e-32,3.9912075662917433e-31,0,0,3.4620421140829614e-43
0.629,0,0,0,5.9489449203060617e-33,4.6290911920790675e-32,3.7916471879771565e-31,0,0,2.2599441578041555e-43
0.62949999999999995,0,0,0,5.6514976742907589e-33,4.3976366324751142e-32,3.6020648285782986e-31,0,0,1.4752413252332683e-43
0.63,0,0,0,5.3689227905762207e-33,4.1777548008513586e-32,3.4219615871493838e-31,0,0,9.6300475397171687e-44
0.63049999999999995,0,0,0,5.1004766510474099e-33,3.9688670608087908e-32,3.2508635077919144e-31,0,0,6.2862810328709295e-44
0.63100000000000001,0,0,0,4.8454528184950391e-33,3.7704237077683513e-32,3.0883203324023192e-31,0,0,4.1035445631240794e-44
0.63149999999999995,0,0,0,4.6031801775702871e-33,3.5819025223799335e-32,2.9339043157822032e-31,0,0,2.678702700928219e-44
0.63200000000000001,0,0,0,4.3730211686917724e-33,3.4028073962609367e-32,2.7872090999930929e-31,0,0,1.7485975964392543e-44
0.63249999999999995,0,0,0,4.1543701102571839e-33,3.2326670264478897e-32,2.6478486449934386e-31,0,0,1.14144565323118e-44
0.63300000000000001,0,0,0,3.9466516047443247e-33,3.071033675125495e-32,2.5154562127437662e-31,0,0,7.4511035697035365e-45
0.63349999999999995,0,0,0,3.749319024507108e-33,2.9174819913692201e-32,2.3896834021065779e-31,0,0,4.8639148302231423e-45
0.63400000000000001,0,0,0,3.5618530732817526e-33,2.7716078918007592e-32,2.2701992320012492e-31,0,0,3.1750555141734403e-45
0.63449999999999995,0,0,0,3.3837604196176647e-33,2.6330274972107212e-32,2.1566892704011867e-31,0,0,2.0726056828632183e-45
0.63500000000000001,0,0,0,3.2145723986367814e-33,2.5013761223501853e-32,2.0488548068811276e-31,0,0,1.3529509318690453e-45
0.63549999999999995,0,0,0,3.0538437787049421e-33,2.3763073162326762e-32,1.9464120665370712e-31,0,0,8.8317630274784908e-46
0.63600000000000001,0,0,0,2.9011515897696952e-33,2.2574919504210423e-32,1.8490914632102173e-31,0,0,5.7651786429373486e-46
0.63649999999999995,0,0,0,2.7560940102812105e-33,2.1446173528999901e-32,1.7566368900497067e-31,0,0,3.7633805030285473e-46
0.63700000000000001,0,0,0,2.6182893097671497e-33,2.0373864852549907e-32,1.6688050455472213e-31,0,0,2.4566511616991906e-46
0.63749999999999996,0,0,0,2.4873748442787922e-33,1.9355171609922411e-32,1.5853647932698602e-31,0,0,1.603647286109194e-46
0.63800000000000001,0,0,0,2.3630061020648528e-33,1.8387413029426292e-32,1.5060965536063674e-31,0,0,1.0468253117657238e-46
0.63849999999999996,0,0,0,2.24485579696161e-33,1.7468042377954979e-32,1.4307917259260488e-31,0,0,6.8334430073595869e-47
0.63900000000000001,0,0,0,2.1326130071135296e-33,1.659464025905723e-32,1.3592521396297463e-31,0,0,4.4607197409152861e-47
0.63949999999999996,0,0,0,2.0259823567578532e-33,1.5764908246104369e-32,1.2912895326482591e-31,0,0,2.9118587197641453e-47
0.64000000000000001,0,0,0,1.9246832389199607e-33,1.4976662833799149e-32,1.226725056015846e-31,0,0,1.9007966642904838e-47
0.64049999999999996,0,0,0,1.8284490769739626e-33,1.4227829692109192e-32,1.1653888032150537e-31,0,0,1.2407978225229548e-47
0.64100000000000001,0,0,0,1.7370266231252643e-33,1.3516438207503733e-32,1.1071193630543011e-31,0,0,8.0996524525804001e-48
0.64149999999999996,0,0,0,1.6501752919690012e-33,1.2840616297128548e-32,1.0517633949015862e-31,0,0,5.2872731287677612e-48
0.64200000000000002,0,0,0,1.567666527370551e-33,1.2198585482272119e-32,9.9917522515650673e-32,0,0,3.4514144035011778e-48
0.64249999999999996,0,0,0,1.4892832010020236e-33,1.1588656208158513e-32,9.4921646389868142e-32,0,0,2.2530066245077136e-48
0.64300000000000002,0,0,0,1.4148190409519225e-33,1.1009223397750588e-32,9.0175564070374735e-32,0,0,1.4707126576647577e-48
0.64349999999999996,0,0,0,1.3440780889043263e-33,1.0458762227863057e-32,8.5666785866855994e-32,0,0,9.6004854042005024e-49
0.64400000000000002,0,0,0,1.2768741844591099e-33,9.935824116469905e-33,8.1383446573513198e-32,0,0,6.2669835277419955e-49
0.64449999999999996,0,0,0,1.2130304752361544e-33,9.4390329106464097e-33,7.7314274244837533e-32,0,0,4.0909475806093585e-49
0.64500000000000002,0,0,0,1.1523789514743466e-33,8.967081265114088e-33,7.3448560532595663e-32,0,0,2.6704796706755536e-49
0.64549999999999996,0,0,0,1.0947600039006294e-33,8.5187272018583844e-33,6.9776132505965888e-32,0,0,1.7432297850243197e-49
0.64600000000000002,0,0,0,1.0400220037055978e-33,8.0927908417654656e-33,6.6287325880667588e-32,0,0,1.1379416652242087e-49
0.64649999999999996,0,0,0,9.8802090352031795e-34,7.6881512996771924e-33,6.2972959586634217e-32,0,0,7.4282303146580292e-50
0.64700000000000002,0,0,0,9.3861985834430215e-34,7.303743734693333e-33,5.9824311607302505e-32,0,0,4.8489836776239918e-50
0.64749999999999996,0,0,0,8.9168886542708696e-34,6.938556547958666e-33,5.6833096026937387e-32,0,0,3.1653087895601061e-50
0.64800000000000002,0,0,0,8.4710442215573271e-34,6.591628720560733e-33,5.3991441225590522e-32,0,0,2.0662432376295138e-50
0.64849999999999997,0,0,0,8.0474920104794613e-34,6.2620472845326962e-33,5.1291869164310999e-32,0,0,1.348797669008155e-50
0.64900000000000002,0,0,0,7.645117409955488e-34,5.9489449203060617e-33,4.8727275706095447e-32,0,0,8.8046514504699005e-51
0.64949999999999997,0,0,0,7.262861539457714e-34,5.6514976742907589e-33,4.6290911920790675e-32,0,0,5.7474808079456298e-51
0.65000000000000002,0,0,0,6.899718462484828e-34,5.3689227905762207e-33,4.3976366324751142e-32,0,0,3.7518277496311752e-51
0.65049999999999997,0,0,0,6.554732539360587e-34,5.1004766510474099e-33,4.1777548008513586e-32,0,0,2.4491097810092395e-51
0.65100000000000002,0,0,0,6.2269959123925575e-34,4.8454528184950391e-33,3.9688670608087908e-32,0,0,1.5987244403810316e-51
0.65149999999999997,0,0,0,5.9156461167729292e-34,4.6031801775702871e-33,3.7704237077683513e-32,0,0,1.0436117874709512e-51
0.65200000000000002,0,0,0,5.619863810934283e-34,4.3730211686917724e-33,3.5819025223799335e-32,0,0,6.8124658348798213e-52
0.65249999999999997,0,0,0,5.3388706203875686e-34,4.1543701102571839e-33,3.4028073962609367e-32,0,0,4.447026308879884e-52
0.65300000000000002,0,0,0,5.0719270893681897e-34,3.9466516047443247e-33,3.2326670264478897e-32,0,0,2.9029199516299245e-52
0.65349999999999997,0,0,0,4.8183307348997809e-34,3.749319024507108e-33,3.071033675125495e-32,0,0,1.8949616350917562e-52
0.65400000000000003,0,0,0,4.5774141981547924e-34,3.5618530732817526e-33,2.9174819913692201e-32,0,0,1.236988845129341e-52
0.65449999999999997,0,0,0,4.348543488247052e-34,3.3837604196176647e-33,2.7716078918007592e-32,0,0,8.0747882945943094e-53
0.65500000000000003,0,0,0,4.1311163138346995e-34,3.2145723986367814e-33,2.6330274972107212e-32,0,0,5.2710423589712853e-53
0.65549999999999997,0,0,0,3.9245604981429643e-34,3.0538437787049421e-33,2.5013761223501853e-32,0,0,3.4408193176618117e-53
0.65600000000000003,0,0,0,3.7283324732358161e-34,2.9011515897696952e-33,2.3763073162326762e-32,0,0,2.2460903879181272e-53
0.65649999999999997,0,0,0,3.5419158495740251e-34,2.7560940102812105e-33,2.2574919504210423e-32,0,0,1.4661978921132219e-53
0.65700000000000003,0,0,0,3.3648200570953239e-34,2.6182893097671497e-33,2.1446173528999901e-32,0,0,9.5710140179613096e-54
0.65749999999999997,0,0,0,3.1965790542405578e-34,2.4873748442787922e-33,2.0373864852549907e-32,0,0,6.2477452617247442e-54
0.65800000000000003,0,0,0,3.0367501015285297e-34,2.3630061020648528e-33,1.9355171609922411e-32,0,0,4.0783892680703194e-54
0.65849999999999997,0,0,0,2.8849125964521035e-34,2.24485579696161e-33,1.8387413029426292e-32,0,0,2.6622818833236808e-54
0.65900000000000003,0,0,0,2.7406669666294982e-34,2.1326130071135296e-33,1.7468042377954979e-32,0,0,1.7378784516140695e-54
0.65949999999999998,0,0,0,2.603633618298023e-34,2.0259823567578532e-33,1.659464025905723e-32,0,0,1.1344484336925177e-54
0.66000000000000003,0,0,0,2.4734519373831221e-34,1.9246832389199607e-33,1.5764908246104369e-32,0,0,7.4054272754928246e-55
0.66049999999999998,0,0,0,2.3497793405139656e-34,1.8284490769739626e-33,1.4976662833799149e-32,0,0,4.8340983603911495e-55
0.66100000000000003,0,0,0,2.2322903734882678e-34,1.7370266231252643e-33,1.4227829692109192e-32,0,0,3.1555919852553338e-55
0.66149999999999998,0,0,0,2.1206758548138546e-34,1.6501752919690012e-33,1.3516438207503733e-32,0,0,2.0599003237083428e-55
0.66200000000000003,0,0,0,2.0146420620731618e-34,1.567666527370551e-33,1.2840616297128548e-32,0,0,1.3446571557540573e-55
0.66249999999999998,0,0,0,1.9139099589695037e-34,1.4892832010020236e-33,1.2198585482272119e-32,0,0,8.7776231000612072e-56
0.66300000000000003,0,0,0,1.8182144610210286e-34,1.4148190409519225e-33,1.1588656208158513e-32,0,0,5.7298373014288438e-56
0.66349999999999998,0,0,0,1.7273037379699772e-34,1.3440780889043263e-33,1.1009223397750588e-32,0,0,3.7403104606549399e-56
0.66400000000000003,0,0,0,1.6409385510714783e-34,1.2768741844591099e-33,1.0458762227863057e-32,0,0,2.4415915507053082e-56
0.66449999999999998,0,0,0,1.5588916235179045e-34,1.2130304752361544e-33,9.935824116469905e-33,0,0,1.5938167067104097e-56
0.66500000000000004,0,0,0,1.4809470423420094e-34,1.1523789514743466e-33,9.4390329106464097e-33,0,0,1.0404081279915176e-56
0.66549999999999998,0,0,0,1.406899690224909e-34,1.0947600039006294e-33,8.967081265114088e-33,0,0,6.7915530577224071e-57
0.66600000000000004,0,0,0,1.3365547057136634e-34,1.0400220037055978e-33,8.5187272018583844e-33,0,0,4.433374912679905e-57
0.66649999999999998,0,0,0,1.2697269704279804e-34,9.8802090352031795e-34,8.0927908417654656e-33,0,0,2.8940086235549378e-57
0.66700000000000004,0,0,0,1.2062406219065812e-34,9.3861985834430215e-34,7.6881512996771924e-33,0,0,1.8891445181539179e-57
0.66749999999999998,0,0,0,1.1459285908112522e-34,8.9168886542708696e-34,7.303743734693333e-33,0,0,1.2331915604615853e-57
0.66800000000000004,0,0,0,1.0886321612706897e-34,8.4710442215573271e-34,6.938556547958666e-33,0,0,8.0500004641242372e-58
0.66849999999999998,0,0,0,1.0342005532071551e-34,8.0474920104794613e-34,6.591628720560733e-33,0,0,5.2548614140810991e-58
0.66900000000000004,0,0,0,9.8249052554679743e-35,7.645117409955488e-34,6.2620472845326962e-33,0,0,3.4302567564140511e-58
0.66949999999999998,0,0,0,9.3336599926945745e-35,7.262861539457714e-34,5.9489449203060617e-33,0,0,2.2391953826591725e-58
0.67000000000000004,0,0,0,8.8669769930598469e-35,6.899718462484828e-34,5.6514976742907589e-33,0,0,1.4616969859025153e-58
0.67049999999999998,0,0,0,8.4236281434068548e-35,6.554732539360587e-34,5.3689227905762207e-33,0,0,9.5416331024191975e-59
0.67100000000000004,0,0,0,8.0024467362365124e-35,6.2269959123925575e-34,5.1004766510474099e-33,0,0,6.2285660529680881e-59
0.67149999999999999,0,0,0,7.6023243994246869e-35,5.9156461167729292e-34,4.8454528184950391e-33,0,0,4.0658695067986134e-59
0.67200000000000004,0,0,0,7.2222081794534529e-35,5.619863810934283e-34,4.6031801775702871e-33,0,0,2.6541092613824281e-59
0.67249999999999999,0,0,0,6.8610977704807808e-35,5.3388706203875686e-34,4.3730211686917724e-33,0,0,1.7325435456246407e-59
0.67300000000000004,0,0,0,6.518042881956742e-35,5.0719270893681897e-34,4.1543701102571839e-33,0,0,1.1309659256160851e-59
0.67349999999999999,0,0,0,6.192140737858905e-35,4.8183307348997809e-34,3.9466516047443247e-33,0,0,7.3826942366605549e-60
0.67400000000000004,0,0,0,5.8825337009659604e-35,4.5774141981547924e-34,3.749319024507108e-33,0,0,4.8192587378200848e-60
0.67449999999999999,0,0,0,5.5884070159176623e-35,4.348543488247052e-34,3.5618530732817526e-33,0,0,3.1459050094103337e-60
0.67500000000000004,0,0,0,5.3089866651217796e-35,4.1311163138346995e-34,3.3837604196176647e-33,0,0,2.053576881142857e-60
0.67549999999999999,0,0,0,5.0435373318656898e-35,3.9245604981429643e-34,3.2145723986367814e-33,0,0,1.3405293529682539e-60
0.67600000000000005,0,0,0,4.791360465272406e-35,3.7283324732358161e-34,3.0538437787049421e-33,0,0,8.7506777207649913e-61
0.67649999999999999,0,0,0,4.5517924420087853e-35,3.5419158495740251e-34,2.9011515897696952e-33,0,0,5.7122479566104811e-61
0.67700000000000005,0,0,0,4.3242028199083462e-35,3.3648200570953239e-34,2.7560940102812105e-33,0,0,3.7288285272318426e-61
0.67749999999999999,0,0,0,4.107992678912929e-35,3.1965790542405578e-34,2.6182893097671497e-33,0,0,2.4340963997207863e-61
0.67800000000000005,0,0,0,3.9025930449672825e-35,3.0367501015285297e-34,2.4873748442787922e-33,0,0,1.5889240387066245e-61
0.67849999999999999,0,0,0,3.7074633927189179e-35,2.8849125964521035e-34,2.3630061020648528e-33,0,0,1.0372143030446022e-61
0.67900000000000005,0,0,0,3.5220902230829721e-35,2.7406669666294982e-34,2.24485579696161e-33,0,0,6.7707044782078202e-62
0.67949999999999999,0,0,0,3.3459857119288238e-35,2.603633618298023e-34,2.1326130071135296e-33,0,0,4.4197654232745493e-62
0.68000000000000005,0,0,0,3.1786864263323826e-35,2.4734519373831221e-34,2.0259823567578532e-33,0,0,2.8851246513042199e-62
0.68049999999999999,0,0,0,3.0197521050157634e-35,2.3497793405139656e-34,1.9246832389199607e-33,0,0,1.8833452584902548e-62
0.68100000000000005,0,0,0,2.868764499764975e-35,2.2322903734882678e-34,1.8284490769739626e-33,0,0,1.229405932625583e-62
0.68149999999999999,0,0,0,2.7253262747767262e-35,2.1206758548138546e-34,1.7370266231252643e-33,0,0,8.0252887268614451e-63
0.68200000000000005,0,0,0,2.5890599610378901e-35,2.0146420620731618e-34,1.6501752919690012e-33,0,0,5.2387301411456658e-63
0.6825,0,0,0,2.4596069629859954e-35,1.9139099589695037e-34,1.567666527370551e-33,0,0,3.4197266199145321e-63
0.68300000000000005,0,0,0,2.3366266148366959e-35,1.8182144610210286e-34,1.4892832010020236e-33,0,0,2.2323215435553196e-63
0.6835,0,0,0,2.2197952840948611e-35,1.7273037379699772e-34,1.4148190409519225e-33,0,0,1.4572098964875004e-63
0.68400000000000005,0,0,0,2.1088055198901181e-35,1.6409385510714783e-34,1.3440780889043263e-33,0,0,9.5123423798489612e-64
0.6845,0,0,0,2.003365243895612e-35,1.5588916235179045e-34,1.2768741844591099e-33,0,0,6.2094457201791828e-64
0.68500000000000005,0,0,0,1.9031969817008315e-35,1.4809470423420094e-34,1.2130304752361544e-33,0,0,4.0533881784503001e-64
0.6855,0,0,0,1.8080371326157898e-35,1.406899690224909e-34,1.1523789514743466e-33,0,0,2.6459617275995018e-64
0.68600000000000005,0,0,0,1.7176352759850003e-35,1.3365547057136634e-34,1.0947600039006294e-33,0,0,1.7272250166274526e-64
0.6865,0,0,0,1.6317535121857502e-35,1.2697269704279804e-34,1.0400220037055978e-33,0,0,1.1274941080762539e-64
0.68700000000000006,0,0,0,1.5501658365764628e-35,1.2062406219065812e-34,9.8802090352031795e-34,0,0,7.360030983275547e-65
0.6875,0,0,0,1.4726575447476397e-35,1.1459285908112522e-34,9.3861985834430215e-34,0,0,4.8044646696382048e-65
0.68799999999999994,0,0,0,1.3990246675102577e-35,1.0886321612706897e-34,8.9168886542708696e-34,0,0,3.1362477704582728e-65
0.6885,0,0,0,1.3290734341347448e-35,1.0342005532071551e-34,8.4710442215573271e-34,0,0,2.0472728501602618e-65
0.68899999999999995,0,0,0,1.2626197624280075e-35,9.8249052554679743e-35,8.0474920104794613e-34,0,0,1.3364142216323932e-65
0.6895,0,0,0,1.1994887743066071e-35,9.3336599926945745e-35,7.645117409955488e-34,0,0,8.7238150578781231e-66
0.68999999999999995,0,0,0,1.1395143355912769e-35,8.8669769930598469e-35,7.262861539457714e-34,0,0,5.6947126072259971e-66
0.6905,0,0,0,1.082538618811713e-35,8.4236281434068548e-35,6.899718462484828e-34,0,0,3.7173818408280818e-66
0.69099999999999995,0,0,0,1.0284116878711273e-35,8.0024467362365124e-35,6.554732539360587e-34,0,0,2.4266242572072205e-66
0.6915,0,0,0,9.7699110347757106e-36,7.6023243994246869e-35,6.2269959123925575e-34,0,0,1.5840463901213804e-66
0.69199999999999995,0,0,0,9.2814154830369252e-36,7.2222081794534529e-35,5.9156461167729292e-34,0,0,1.0340302824403456e-66
0.6925,0,0,0,8.8173447088850784e-36,6.8610977704807808e-35,5.619863810934283e-34,0,0,6.7499198992633673e-67
0.69299999999999995,0,0,0,8.3764774734408256e-36,6.518042881956742e-35,5.3388706203875686e-34,0,0,4.4061977120191425e-67
0.69350000000000001,0,0,0,7.9576535997687847e-36,6.192140737858905e-35,5.0719270893681897e-34,0,0,2.8762679509013848e-67
0.69399999999999995,0,0,0,7.5597709197803446e-36,5.8825337009659604e-35,4.8183307348997809e-34,0,0,1.8775638012828484e-67
0.69450000000000001,0,0,0,7.1817823737913264e-36,5.5884070159176623e-35,4.5774141981547924e-34,0,0,1.225631925837415e-67
0.69499999999999995,0,0,0,6.8226932551017617e-36,5.3089866651217796e-35,4.348543488247052e-34,0,0,8.0006528492164591e-68
0.69550000000000001,0,0,0,6.4815585923466722e-36,5.0435373318656898e-35,4.1311163138346995e-34,0,0,5.2226483876829672e-68
0.69599999999999995,0,0,0,6.1574806627293381e-36,4.791360465272406e-35,3.9245604981429643e-34,0,0,3.4092288086263814e-68
0.69650000000000001,0,0,0,5.8496066295928717e-36,4.5517924420087853e-35,3.7283324732358161e-34,0,0,2.2254688056311104e-68
0.69699999999999995,0,0,0,5.5571262981132277e-36,4.3242028199083462e-35,3.5419158495740251e-34,0,0,1.4527365814536415e-68
0.69750000000000001,0,0,0,5.2792699832075667e-36,4.107992678912929e-35,3.3648200570953239e-34,0,0,9.4831415733779379e-69
0.69799999999999995,0,0,0,5.0153064840471884e-36,3.9025930449672825e-35,3.1965790542405578e-34,0,0,6.1903840826217103e-69
0.69850000000000001,0,0,0,4.7645411598448286e-36,3.7074633927189179e-35,3.0367501015285297e-34,0,0,4.0409451650447282e-69
0.69899999999999995,0,0,0,4.5263141018525874e-36,3.5220902230829721e-35,2.8849125964521035e-34,0,0,2.6378392049597534e-69
0.69950000000000001,0,0,0,4.2999983967599576e-36,3.3459857119288238e-35,2.7406669666294982e-34,0,0,1.7219228143487279e-69
0.69999999999999996,0,0,0,4.0849984769219602e-36,3.1786864263323826e-35,2.603633618298023e-34,0,0,1.1240329482554197e-69
0.70050000000000001,0,0,0,3.8807485530758617e-36,3.0197521050157634e-35,2.4734519373831221e-34,0,0,7.3374373011117685e-70
0.70099999999999996,0,0,0,3.6867111254220694e-36,2.868764499764975e-35,2.3497793405139656e-34,0,0,4.7897160160035158e-70
0.70150000000000001,0,0,0,3.5023755691509659e-36,2.7253262747767262e-35,2.2322903734882678e-34,0,0,3.1266201771134063e-70
0.70199999999999996,0,0,0,3.3272567906934174e-36,2.5890599610378901e-35,2.1206758548138546e-34,0,0,2.0409881711712515e-70
0.70250000000000001,0,0,0,3.1608939511587468e-36,2.4596069629859954e-35,2.0146420620731618e-34,0,0,1.3323117228479003e-70
0.70299999999999996,0,0,0,3.0028492536008096e-36,2.3366266148366959e-35,1.9139099589695037e-34,0,0,8.6970348574793511e-71
0.70350000000000001,0,0,0,2.8527067909207692e-36,2.2197952840948611e-35,1.8182144610210286e-34,0,0,5.6772310875212437e-71
0.70399999999999996,0,0,0,2.7100714513747306e-36,2.1088055198901181e-35,1.7273037379699772e-34,0,0,3.7059702932430346e-71
0.70450000000000002,0,0,0,2.5745678788059939e-36,2.003365243895612e-35,1.6409385510714783e-34,0,0,2.4191750525336475e-71
0.70499999999999996,0,0,0,2.4458394848656942e-36,1.9031969817008315e-35,1.5588916235179045e-34,0,0,1.5791837148483533e-71
0.70550000000000002,0,0,0,2.3235475106224098e-36,1.8080371326157898e-35,1.4809470423420094e-34,0,0,1.030856036081564e-71
0.70599999999999996,0,0,0,2.2073701350912894e-36,1.7176352759850003e-35,1.406899690224909e-34,0,0,6.7291991244213212e-72
0.70650000000000002,0,0,0,2.0970016283367248e-36,1.6317535121857502e-35,1.3365547057136634e-34,0,0,4.3926716506639182e-72
0.70699999999999996,0,0,0,1.9921515469198884e-36,1.5501658365764628e-35,1.2697269704279804e-34,0,0,2.8674384386278355e-72
0.70750000000000002,0,0,0,1.892543969573894e-36,1.4726575447476397e-35,1.2062406219065812e-34,0,0,1.8718000918820593e-72
0.70799999999999996,0,0,0,1.7979167710951995e-36,1.3990246675102577e-35,1.1459285908112522e-34,0,0,1.2218695044230111e-72
0.70850000000000002,0,0,0,1.7080209325404399e-36,1.3290734341347448e-35,1.0886321612706897e-34,0,0,7.9760925983168785e-73
0.70899999999999996,0,0,0,1.6226198859134178e-36,1.2626197624280075e-35,1.0342005532071551e-34,0,0,5.2066160016790736e-73
0.70950000000000002,0,0,0,1.5414888916177469e-36,1.1994887743066071e-35,9.8249052554679743e-35,0,0,3.3987632233182841e-73
0.70999999999999996,0,0,0,1.4644144470368595e-36,1.1395143355912769e-35,9.3336599926945745e-35,0,0,2.2186371041105465e-73
0.71050000000000002,0,0,0,1.3911937246850164e-36,1.082538618811713e-35,8.8669769930598469e-35,0,0,1.4482769985166067e-73
0.71099999999999997,0,0,0,1.3216340384507657e-36,1.0284116878711273e-35,8.4236281434068548e-35,0,0,9.4540304069834054e-74
0.71150000000000002,0,0,0,1.2555523365282275e-36,9.7699110347757106e-36,8.0024467362365124e-35,0,0,6.1713809601141672e-74
0.71199999999999997,0,0,0,1.1927747197018161e-36,9.2814154830369252e-36,7.6023243994246869e-35,0,0,4.0285403489634151e-74
0.71250000000000002,0,0,0,1.1331359837167253e-36,8.8173447088850784e-36,7.2222081794534529e-35,0,0,2.6297416166844515e-74
0.71299999999999997,0,0,0,1.0764791845308891e-36,8.3764774734408256e-36,6.8610977704807808e-35,0,0,1.716636888669017e-74
0.71350000000000002,0,0,0,1.0226552253043447e-36,7.9576535997687847e-36,6.518042881956742e-35,0,0,1.1205824134367194e-74
0.71399999999999997,0,0,0,9.715224640391276e-37,7.5597709197803446e-36,6.192140737858905e-35,0,0,7.3149129766008077e-75
0.71450000000000002,0,0,0,9.2294634083717121e-37,7.1817823737913264e-36,5.8825337009659604e-35,0,0,4.7750126375033058e-75
0.71499999999999997,0,0,0,8.767990237953127e-37,6.8226932551017617e-36,5.5884070159176623e-35,0,0,3.1170221383702138e-75
0.71550000000000002,0,0,0,8.3295907260554705e-37,6.4815585923466722e-36,5.3089866651217796e-35,0,0,2.0347227847694451e-75
0.71599999999999997,0,0,0,7.9131111897526972e-37,6.1574806627293381e-36,5.0435373318656898e-35,0,0,1.3282218178356101e-75
0.71650000000000003,0,0,0,7.5174556302650616e-37,5.8496066295928717e-36,4.791360465272406e-35,0,0,8.6703368664269005e-76
0.71699999999999997,0,0,0,7.1415828487518086e-37,5.5571262981132277e-36,4.5517924420087853e-35,0,0,5.659803232250894e-76
0.71750000000000003,0,0,0,6.7845037063142183e-37,5.2792699832075667e-36,4.3242028199083462e-35,0,0,3.6945937766082229e-76
0.71799999999999997,0,0,0,6.4452785209985082e-37,5.0153064840471884e-36,4.107992678912929e-35,0,0,2.4117487152859235e-76
0.71850000000000003,0,0,0,6.1230145949485828e-37,4.7645411598448286e-36,3.9025930449672825e-35,0,0,1.5743359669227555e-76
0.71899999999999997,0,0,0,5.8168638652011532e-37,4.5263141018525874e-36,3.7074633927189179e-35,0,0,1.0276915339634656e-76
0.71950000000000003,0,0,0,5.526020671941096e-37,4.2999983967599576e-36,3.5220902230829721e-35,0,0,6.7085419578170674e-77
0.71999999999999997,0,0,0,5.2497196383440419e-37,4.0849984769219602e-36,3.3459857119288238e-35,0,0,4.3791871113528083e-77
0.72050000000000003,0,0,0,4.9872336564268396e-37,3.8807485530758617e-36,3.1786864263323826e-35,0,0,2.8586360310219723e-77
0.72099999999999997,0,0,0,4.7378719736054979e-37,3.6867111254220694e-36,3.0197521050157634e-35,0,0,1.8660540758060098e-77
0.72150000000000003,0,0,0,4.5009783749252224e-37,3.5023755691509659e-36,2.868764499764975e-35,0,0,1.218118632817812e-77
0.72199999999999998,0,0,0,4.2759294561789608e-37,3.3272567906934174e-36,2.7253262747767262e-35,0,0,7.9516077420051621e-78
0.72250000000000003,0,0,0,4.0621329833700126e-37,3.1608939511587468e-36,2.5890599610378901e-35,0,0,5.1906328315867035e-78
0.72299999999999998,0,0,0,3.8590263342015126e-37,3.0028492536008096e-36,2.4596069629859954e-35,0,0,3.3883297650635429e-78
0.72350000000000003,0,0,0,3.6660750174914368e-37,2.8527067909207692e-36,2.3366266148366959e-35,0,0,2.2118263744164795e-78
0.72399999999999998,0,0,0,3.4827712666168646e-37,2.7100714513747306e-36,2.2197952840948611e-35,0,0,1.4438311055218685e-78
0.72450000000000003,0,0,0,3.3086327032860218e-37,2.5745678788059939e-36,2.1088055198901181e-35,0,0,9.4250086054899753e-79
0.72499999999999998,0,0,0,3.1432010681217204e-37,2.4458394848656942e-36,2.003365243895612e-35,0,0,6.1524361730281779e-79
0.72550000000000003,0,0,0,2.9860410147156343e-37,2.3235475106224098e-36,1.9031969817008315e-35,0,0,4.0161736129489498e-79
0.72599999999999998,0,0,0,2.8367389639798526e-37,2.2073701350912894e-36,1.8080371326157898e-35,0,0,2.6216688862305646e-79
0.72650000000000003,0,0,0,2.6949020157808603e-37,2.0970016283367248e-36,1.7176352759850003e-35,0,0,1.7113671896227296e-79
0.72699999999999998,0,0,0,2.5601569149918167e-37,1.9921515469198884e-36,1.6317535121857502e-35,0,0,1.1171424710037263e-79
0.72750000000000004,0,0,0,2.432149069242226e-37,1.892543969573894e-36,1.5501658365764628e-35,0,0,7.29245779682988e-80
0.72799999999999998,0,0,0,2.3105416157801146e-37,1.7979167710951995e-36,1.4726575447476397e-35,0,0,4.7603543951528388e-80
0.72850000000000004,0,0,0,2.195014534991109e-37,1.7080209325404399e-36,1.3990246675102577e-35,0,0,3.1074535635025479e-80
0.72899999999999998,0,0,0,2.0852638082415534e-37,1.6226198859134178e-36,1.3290734341347448e-35,0,0,2.0284766317308301e-80
0.72950000000000004,0,0,0,1.9810006178294758e-37,1.5414888916177469e-36,1.2626197624280075e-35,0,0,1.324144467935403e-80
0.72999999999999998,0,0,0,1.8819505869380018e-37,1.4644144470368595e-36,1.1994887743066071e-35,0,0,8.6437208323561039e-81
0.73050000000000004,0,0,0,1.7878530575911018e-37,1.3911937246850164e-36,1.1395143355912769e-35,0,0,5.642428876676901e-81
0.73099999999999998,0,0,0,1.6984604047115466e-37,1.3216340384507657e-36,1.082538618811713e-35,0,0,3.6832521833863106e-81
0.73150000000000004,0,0,0,1.6135373844759694e-37,1.2555523365282275e-36,1.0284116878711273e-35,0,0,2.404345175266064e-81
0.73199999999999998,0,0,0,1.532860515252171e-37,1.1927747197018161e-36,9.7699110347757106e-36,0,0,1.5695031005209031e-81
0.73250000000000004,0,0,0,1.4562174894895625e-37,1.1331359837167253e-36,9.2814154830369252e-36,0,0,1.0245367461733674e-81
0.73299999999999998,0,0,0,1.3834066150150843e-37,1.0764791845308891e-36,8.8173447088850784e-36,0,0,6.6879482041872593e-82
0.73350000000000004,0,0,0,1.3142362842643301e-37,1.0226552253043447e-36,8.3764774734408256e-36,0,0,4.3657439666222388e-82
0.73399999999999999,0,0,0,1.2485244700511135e-37,9.715224640391276e-37,7.9576535997687847e-36,0,0,2.8498606448784061e-82
0.73450000000000004,0,0,0,1.1860982465485579e-37,9.2294634083717121e-37,7.5597709197803446e-36,0,0,1.8603256987400709e-82
0.73499999999999999,0,0,0,1.12679333422113e-37,8.767990237953127e-37,7.1817823737913264e-36,0,0,1.2143792755664351e-82
0.73550000000000004,0,0,0,1.0704536675100735e-37,8.3295907260554705e-37,6.8226932551017617e-36,0,0,7.9271980488364515e-83
0.73599999999999999,0,0,0,1.0169309841345698e-37,7.9131111897526972e-37,6.4815585923466722e-36,0,0,5.1746987263237951e-83
0.73650000000000004,0,0,0,9.6608443492784117e-38,7.5174556302650616e-37,6.1574806627293381e-36,0,0,3.3779283352391443e-83
0.73699999999999999,0,0,0,9.1778021318144925e-38,7.1415828487518086e-37,5.8496066295928717e-36,0,0,2.2050365521699972e-83
0.73750000000000004,0,0,0,8.7189120252237686e-38,6.7845037063142183e-37,5.5571262981132277e-36,0,0,1.4393988604443037e-83
0.73799999999999999,0,0,0,8.2829664239625799e-38,6.4452785209985082e-37,5.2792699832075667e-36,0,0,9.3960758945669845e-84
0.73850000000000005,0,0,0,7.8688181027644505e-38,6.1230145949485828e-37,5.0153064840471884e-36,0,0,6.1335495422867825e-84
0.73899999999999999,0,0,0,7.4753771976262282e-38,5.8168638652011532e-37,4.7645411598448286e-36,0,0,4.0038448401038722e-84
0.73950000000000005,0,0,0,7.1016083377449169e-38,5.526020671941096e-37,4.5263141018525874e-36,0,0,2.6136209372900277e-84
0.73999999999999999,0,0,0,6.7465279208576708e-38,5.2497196383440419e-37,4.2999983967599576e-36,0,0,1.7061136673976571e-84
0.74050000000000005,0,0,0,6.4092015248147871e-38,4.9872336564268396e-37,4.0849984769219602e-36,0,0,1.1137130884401373e-84
0.74099999999999999,0,0,0,6.0887414485740472e-38,4.7378719736054979e-37,3.8807485530758617e-36,0,0,7.2700715495397853e-85
0.74150000000000005,0,0,0,5.7843043761453453e-38,4.5009783749252224e-37,3.6867111254220694e-36,0,0,4.7457411503940268e-85
0.74199999999999999,0,0,0,5.4950891573380779e-38,4.2759294561789608e-37,3.5023755691509659e-36,0,0,3.0979143620627674e-85
0.74250000000000005,0,0,0,5.2203346994711734e-38,4.0621329833700126e-37,3.3272567906934174e-36,0,0,2.0222496530131955e-85
0.74299999999999999,0,0,0,4.9593179644976148e-38,3.8590263342015126e-37,3.1608939511587468e-36,0,0,1.3200796346058362e-85
0.74350000000000005,0,0,0,4.7113520662727347e-38,3.6660750174914368e-37,3.0028492536008096e-36,0,0,8.6171865036769869e-86
0.74399999999999999,0,0,0,4.475784462959098e-38,3.4827712666168646e-37,2.8527067909207692e-36,0,0,5.6251078565669224e-86
0.74450000000000005,0,0,0,4.251995239811143e-38,3.3086327032860218e-37,2.7100714513747306e-36,0,0,3.6719454063700746e-86
0.745,0,0,0,4.0393954778205857e-38,3.1432010681217204e-37,2.5745678788059939e-36,0,0,2.3969643624915768e-86
0.74550000000000005,0,0,0,3.8374257039295568e-38,2.9860410147156343e-37,2.4458394848656942e-36,0,0,1.5646850699597794e-86
0.746,0,0,0,3.6455544187330789e-38,2.8367389639798526e-37,2.3235475106224098e-36,0,0,1.0213916428904116e-86
0.74650000000000005,0,0,0,3.4632766977964248e-38,2.6949020157808603e-37,2.2073701350912894e-36,0,0,6.6674176688679647e-87
0.747,0,0,0,3.2901128629066042e-38,2.5601569149918167e-37,2.0970016283367248e-36,0,0,4.3523420893999211e-87
0.74750000000000005,0,0,0,3.125607219761274e-38,2.432149069242226e-37,1.9921515469198884e-36,0,0,2.8411121972471711e-87
0.748,0,0,0,2.9693268587732097e-38,2.3105416157801146e-37,1.892543969573894e-36,0,0,1.8546149065363479e-87
0.74850000000000005,0,0,0,2.8208605158345491e-38,2.195014534991109e-37,1.7979167710951995e-36,0,0,1.2106513973223383e-87
0.749,0,0,0,2.6798174900428215e-38,2.0852638082415534e-37,1.7080209325404399e-36,0,0,7.9028632880763752e-88
0.74950000000000006,0,0,0,2.545826615540681e-38,1.9810006178294758e-37,1.6226198859134178e-36,0,0,5.1588135352720793e-88
0.75,0,0,0,2.4185352847636469e-38,1.8819505869380018e-37,1.5414888916177469e-36,0,0,3.3675588355248297e-88
0.75049999999999994,0,0,0,2.2976085205254645e-38,1.7878530575911018e-37,1.4644144470368595e-36,0,0,2.1982675731898197e-88
0.751,0,0,0,2.1827280944991916e-38,1.6984604047115466e-37,1.3911937246850164e-36,0,0,1.434980221387799e-88
0.75149999999999995,0,0,0,2.0735916897742319e-38,1.6135373844759694e-37,1.3216340384507657e-36,0,0,9.3672320007259104e-89
0.752,0,0,0,1.9699121052855203e-38,1.532860515252171e-37,1.2555523365282275e-36,0,0,6.1147208893627472e-89
0.75249999999999995,0,0,0,1.8714165000212444e-38,1.4562174894895625e-37,1.1927747197018161e-36,0,0,3.9915539138895713e-89
0.753,0,0,0,1.7778456750201821e-38,1.3834066150150843e-37,1.1331359837167253e-36,0,0,2.6055976937890258e-89
0.75349999999999995,0,0,0,1.6889533912691729e-38,1.3142362842643301e-37,1.0764791845308891e-36,0,0,1.7008762723345029e-89
0.754,0,0,0,1.6045057217057143e-38,1.2485244700511135e-37,1.0226552253043447e-36,0,0,1.1102942333294671e-89
0.75449999999999995,0,0,0,1.5242804356204287e-38,1.1860982465485579e-37,9.715224640391276e-37,0,0,7.2477540231229105e-90
0.755,0,0,0,1.4480664138394069e-38,1.12679333422113e-37,9.2294634083717121e-37,0,0,4.7311727650941226e-90
0.75549999999999995,0,0,0,1.3756630931474365e-38,1.0704536675100735e-37,8.767990237953127e-37,0,0,3.0884044438808858e-90
0.75600000000000001,0,0,0,1.3068799384900647e-38,1.0169309841345698e-37,8.3295907260554705e-37,0,0,2.0160417897555785e-90
0.75649999999999995,0,0,0,1.2415359415655614e-38,9.6608443492784117e-38,7.9131111897526972e-37,0,0,1.3160272794237806e-90
0.75700000000000001,0,0,0,1.1794591444872834e-38,9.1778021318144925e-38,7.5174556302650616e-37,0,0,8.5907336295719016e-91
0.75749999999999995,0,0,0,1.1204861872629193e-38,8.7189120252237686e-38,7.1415828487518086e-37,0,0,5.6078400081927692e-91
0.75800000000000001,0,0,0,1.0644618778997733e-38,8.2829664239625799e-38,6.7845037063142183e-37,0,0,3.6606733386813912e-91
0.75849999999999995,0,0,0,1.0112387840047846e-38,7.8688181027644505e-38,6.4452785209985082e-37,0,0,2.3896062071947971e-91
0.75900000000000001,0,0,0,9.6067684480454555e-39,7.4753771976262282e-38,6.1230145949485828e-37,0,0,1.5598818296966038e-91
0.75949999999999995,0,0,0,9.1264300256431832e-39,7.1016083377449169e-38,5.8168638652011532e-37,0,0,1.0182561943852831e-91
0.76000000000000001,0,0,0,8.6701085243610233e-39,6.7465279208576708e-38,5.526020671941096e-37,0,0,6.6469501577928208e-92
0.76049999999999995,0,0,0,8.2366030981429709e-39,6.4092015248147871e-38,5.2497196383440419e-37,0,0,4.3389813530036476e-92
0.76100000000000001,0,0,0,7.8247729432358232e-39,6.0887414485740472e-38,4.9872336564268396e-37,0,0,2.8323906054329371e-92
0.76149999999999995,0,0,0,7.4335342960740306e-39,5.7843043761453453e-38,4.7378719736054979e-37,0,0,1.8489216452131676e-92
0.76200000000000001,0,0,0,7.06185758127033e-39,5.4950891573380779e-38,4.5009783749252224e-37,0,0,1.2069349628474845e-92
0.76249999999999996,0,0,0,6.7087647022068132e-39,5.2203346994711734e-38,4.2759294561789608e-37,0,0,7.8786032296988563e-93
0.76300000000000001,0,0,0,6.373326467096473e-39,4.9593179644976148e-38,4.0621329833700126e-37,0,0,5.1429771082756427e-93
0.76349999999999996,0,0,0,6.0546601437416498e-39,4.7113520662727347e-38,3.8590263342015126e-37,0,0,3.3572211679021559e-93
0.76400000000000001,0,0,0,5.751927136554568e-39,4.475784462959098e-38,3.6660750174914368e-37,0,0,2.1915193734916855e-93
0.76449999999999996,0,0,0,5.4643307797268394e-39,4.251995239811143e-38,3.4827712666168646e-37,0,0,1.4305751465848503e-93
0.76500000000000001,0,0,0,5.1911142407404977e-39,4.0393954778205857e-38,3.3086327032860218e-37,0,0,9.3384766513177741e-94
0.76549999999999996,0,0,0,4.931558528703473e-39,3.8374257039295568e-38,3.1432010681217204e-37,0,0,6.0959500362768806e-94
0.76600000000000001,0,0,0,4.6849806022682993e-39,3.6455544187330789e-38,2.9860410147156343e-37,0,0,3.9793007181251866e-94
0.76649999999999996,0,0,0,4.4507315721548848e-39,3.4632766977964248e-38,2.8367389639798526e-37,0,0,2.5975990798872745e-94
0.76700000000000002,0,0,0,4.2281949935471408e-39,3.2901128629066042e-38,2.6949020157808603e-37,0,0,1.6956549549264153e-94
0.76749999999999996,0,0,0,4.0167852438697841e-39,3.125607219761274e-38,2.5601569149918167e-37,0,0,1.1068858733547435e-94
0.76800000000000002,0,0,0,3.8159459816762944e-39,2.9693268587732097e-38,2.432149069242226e-37,0,0,7.2255050066212437e-95
0.76849999999999996,0,0,0,3.6251486825924793e-39,2.8208605158345491e-38,2.3105416157801146e-37,0,0,4.7166491015444228e-95
0.76900000000000002,0,0,0,3.4438912484628555e-39,2.6798174900428215e-38,2.195014534991109e-37,0,0,3.0789237190637206e-95
0.76949999999999996,0,0,0,3.2716966860397129e-39,2.545826615540681e-38,2.0852638082415534e-37,0,0,2.0098529832777065e-95
0.77000000000000002,0,0,0,3.1081118517377268e-39,2.4185352847636469e-38,1.9810006178294758e-37,0,0,1.3119873640840585e-95
0.77049999999999996,0,0,0,2.9527062591508407e-39,2.2976085205254645e-38,1.8819505869380018e-37,0,0,8.5643619599931601e-96
0.77100000000000002,0,0,0,2.8050709461932988e-39,2.1827280944991916e-38,1.7878530575911018e-37,0,0,5.5906251683288683e-96
0.77149999999999996,0,0,0,2.6648173988836338e-39,2.0735916897742319e-38,1.6984604047115466e-37,0,0,3.6494358737702336e-96
0.77200000000000002,0,0,0,2.531576528939452e-39,1.9699121052855203e-38,1.6135373844759694e-37,0,0,2.3822706398222362e-96
0.77249999999999996,0,0,0,2.4049977024924792e-39,1.8714165000212444e-38,1.532860515252171e-37,0,0,1.5550933343284044e-96
0.77300000000000002,0,0,0,2.2847478173678553e-39,1.7778456750201821e-38,1.4562174894895625e-37,0,0,1.0151303710199307e-96
0.77349999999999997,0,0,0,2.1705104264994626e-39,1.6889533912691729e-38,1.3834066150150843e-37,0,0,6.6265454774912145e-97
0.77400000000000002,0,0,0,2.0619849051744893e-39,1.6045057217057143e-38,1.3142362842643301e-37,0,0,4.3256616311400988e-97
0.77449999999999997,0,0,0,1.9588856599157647e-39,1.5242804356204287e-38,1.2485244700511135e-37,0,0,2.8236957869942316e-97
0.77500000000000002,0,0,0,1.8609413769199763e-39,1.4480664138394069e-38,1.1860982465485579e-37,0,0,1.8432458609545681e-97
0.77549999999999997,0,0,0,1.7678943080739775e-39,1.3756630931474365e-38,1.12679333422113e-37,0,0,1.2032299370120098e-97
0.77600000000000002,0,0,0,1.6794995926702785e-39,1.3068799384900647e-38,1.0704536675100735e-37,0,0,7.8544176443839523e-98
0.77649999999999997,1,0,0,5.0000000000000003e-10,1.2415359415655614e-38,1.0169309841345698e-37,0,1.5781242979073795e-10,1.8265327522076151e-11
0.77700000000000002,1,0,0,7.500000000000001e-10,1.1794591444872834e-38,9.6608443492784117e-38,0,1.137183236465944e-09,1.4354163005676542e-10
0.77749999999999997,0,0,0,7.1250000000000007e-10,1.1204861872629193e-38,9.1778021318144925e-38,0,4.5708312690351249e-09,6.2273218316612052e-10
0.77800000000000002,0,0,0,6.76875e-10,1.0644618778997733e-38,8.7189120252237686e-38,0,1.3578786872692206e-08,1.9781245816839262e-09
0.77849999999999997,0,0,0,6.4303125000000009e-10,1.0112387840047846e-38,8.2829664239625799e-38,0,3.3295743939731892e-08,5.1449498356978277e-09
0.77900000000000003,0,0,0,6.1087968750000017e-10,9.6067684480454555e-39,7.8688181027644505e-38,0,7.1372348253717632e-08,1.1619197375816362e-08
0.77949999999999997,0,0,0,5.8033570312500011e-10,9.1264300256431832e-39,7.4753771976262282e-38,0,1.3842470980574006e-07,2.3606132292285224e-08
0.78000000000000003,0,0,0,5.5131891796875012e-10,8.6701085243610233e-39,7.1016083377449169e-38,0,2.484141879977031e-07,4.4161200709049975e-08
0.78049999999999997,0,0,0,5.2375297207031259e-10,8.2366030981429709e-39,6.7465279208576708e-38,0,4.1894587976543107e-07,7.7316556917184356e-08
0.78100000000000003,0,0,0,4.9756532346679698e-10,7.8247729432358232e-39,6.4092015248147871e-38,0,6.7147942861556231e-07,1.281880566699632e-07
0.78149999999999997,0,0,0,4.7268705729345716e-10,7.4335342960740306e-39,6.0887414485740472e-38,0,1.0314499374608488e-06,2.0305909456937974e-07
0.78200000000000003,0,0,0,4.490527044287843e-10,7.06185758127033e-39,5.7843043761453453e-38,0,1.5283000607269059e-06,3.0943904561321848e-07
0.78249999999999997,0,0,0,4.2660006920734509e-10,6.7087647022068132e-39,5.4950891573380779e-38,0,2.1954268989432535e-06,4.5609526807891271e-07
0.78300000000000003,0,0,0,4.0527006574697787e-10,6.373326467096473e-39,5.2203346994711734e-38,0,3.07004923871812e-06,6.5305862855129478e-07
0.78349999999999997,0,0,0,3.8500656245962897e-10,6.0546601437416498e-39,4.9593179644976148e-38,0,4.1930020706626436e-06,9.1160332589027152e-07
0.78400000000000003,0,0,0,3.6575623433664754e-10,5.751927136554568e-39,4.7113520662727347e-38,0,5.6084662655164763e-06,1.2442024332798158e-06
0.78449999999999998,0,0,0,3.4746842261981514e-10,5.4643307797268394e-39,4.475784462959098e-38,0,7.3636418693734385e-06,1.6644610640129165e-06
0.78500000000000003,0,0,0,3.3009500148882438e-10,5.1911142407404977e-39,4.251995239811143e-38,0,9.5083737613466113e-06,2.187029416942067e-06
0.78549999999999998,0,0,0,3.1359025141438313e-10,4.931558528703473e-39,4.0393954778205857e-38,0,1.2094738451540188e-05,2.8274981901728524e-06
0.78600000000000003,0,0,0,2.97910738843664e-10,4.6849806022682993e-39,3.8374257039295568e-38,0,1.5176600640320892e-05,3.6022789852888633e-06
0.78649999999999998,0,0,0,2.830152019014808e-10,4.4507315721548848e-39,3.6455544187330789e-38,0,1.8809147847909102e-05,4.5284723755715611e-06
0.78700000000000003,0,0,0,2.6886444180640676e-10,4.2281949935471408e-39,3.4632766977964248e-38,0,2.3048410993209423e-05,5.6237262953047483e-06
0.78749999999999998,0,0,0,2.5542121971608643e-10,4.0167852438697841e-39,3.2901128629066042e-38,0,2.7950778288210465e-05,6.906087337237181e-06
0.78800000000000003,0,0,0,2.4265015873028208e-10,3.8159459816762944e-39,3.125607219761274e-38,0,3.3572509232748793e-05,8.3938474322646395e-06
0.78849999999999998,0,0,0,2.3051765079376797e-10,3.6251486825924793e-39,2.9693268587732097e-38,0,3.9969254882143979e-05,1.010538824075423e-05
0.78900000000000003,0,0,0,2.1899176825407959e-10,3.4438912484628555e-39,2.8208605158345491e-38,0,4.7195589918169745e-05,1.2059025416206435e-05
0.78949999999999998,0,0,0,2.0804217984137559e-10,3.2716966860397129e-39,2.6798174900428215e-38,0,5.5304561411118058e-05,1.4272854717421568e-05
0.79000000000000004,0,0,0,1.9764007084930679e-10,3.1081118517377268e-39,2.545826615540681e-38,0,6.4347258518115957e-05,1.6764601750506202e-05
0.79049999999999998,0,0,0,1.8775806730684144e-10,2.9527062591508407e-39,2.4185352847636469e-38,0,7.4372406738687502e-05,1.9551476922632232e-05
0.79100000000000004,0,0,0,1.783701639414994e-10,2.8050709461932988e-39,2.2976085205254645e-38,0,8.5425989745258057e-05,2.2650036989456462e-05
0.79149999999999998,0,0,0,1.6945165574442442e-10,2.6648173988836338e-39,2.1827280944991916e-38,0,9.7550901230536446e-05,2.6076054380910981e-05
0.79200000000000004,0,0,0,1.6097907295720322e-10,2.531576528939452e-39,2.0735916897742319e-38,0,0.00011078662867247679,2.9844395298705408e-05
0.79249999999999998,0,0,0,1.5293011930934307e-10,2.4049977024924792e-39,1.9699121052855203e-38,0,0.00012516897041103814,3.3968907395339887e-05
0.79300000000000004,0,0,0,1.4528361334387591e-10,2.2847478173678553e-39,1.8714165000212444e-38,0,0.00014072978696244576,3.8462317670389206e-05
0.79349999999999998,0,0,0,1.3801943267668209e-10,2.1705104264994626e-39,1.7778456750201821e-38,0,0.00015749678706755699,4.3336141056545384e-05
0.79400000000000004,0,0,0,1.31118461042848e-10,2.0619849051744893e-39,1.6889533912691729e-38,0,0.00017549334858035781,4.860060001611965e-05
0.79449999999999998,0,0,0,1.245625379907056e-10,1.9588856599157647e-39,1.6045057217057143e-38,0,0.00019473837395389548,5.4264555329260456e-05
0.79500000000000004,0,0,0,1.1833441109117034e-10,1.8609413769199763e-39,1.5242804356204287e-38,0,0.00021524617976631522,6.0335448127701875e-05
0.79549999999999998,0,0,0,1.1241769053661182e-10,1.7678943080739775e-39,1.4480664138394069e-38,0,0.00023702641945722025,6.6819253113131811e-05
0.79600000000000004,0,0,0,1.0679680600978123e-10,1.6794995926702785e-39,1.3756630931474365e-38,0,0.00026008403820487747,7.372044279663667e-05
0.79649999999999999,0,1,0,1.0145696570929217e-10,5.0000000000000003e-10,1.3068799384900647e-38,0,0.00028441925866984352,8.1045597487593561e-05
0.79700000000000004,0,1,0,9.6384117423827558e-11,7.500000000000001e-10,1.2415359415655614e-38,0,0.00031002759616016728,8.8806864891150414e-05
0.79749999999999999,0,0,0,9.1564911552636178e-11,7.1250000000000007e-10,1.1794591444872834e-38,0,0.00033689990162988348,9.7022942773780966e-05
0.79800000000000004,0,0,0,8.6986665975004362e-11,6.76875e-10,1.1204861872629193e-38,0,0.00036502243081049102,0.00010571864572818219
0.79849999999999999,0,0,0,8.2637332676254152e-11,6.4303125000000009e-10,1.0644618778997733e-38,0,0.00039437693768740179,0.00011492372484840613
0.79900000000000004,0,0,0,7.8505466042441437e-11,6.1087968750000017e-10,1.0112387840047846e-38,0,0.00042494079047106226,0.00012467135549976846
0.79949999999999999,0,0,0,7.4580192740319369e-11,5.8033570312500011e-10,9.6067684480454555e-39,0,0.00045668710817015068,0.0001349965449915019
0.80000000000000004,0,0,0,7.0851183103303392e-11,5.5131891796875012e-10,9.1264300256431832e-39,0,0.00048958491585548991,0.00014593460729516209
0.80049999999999999,0,0,0,6.7308623948138224e-11,5.2375297207031259e-10,8.6701085243610233e-39,0,0.00052359931669787585,0.00015751978542758786
0.80100000000000005,0,0,0,6.3943192750731309e-11,4.9756532346679698e-10,8.2366030981429709e-39,0,0.00055869167887789839,0.00016978406032286118
0.80149999999999999,0,0,0,6.0746033113194744e-11,4.7268705729345716e-10,7.8247729432358232e-39,0,0.00059481983549170003,0.00018275615921247262
0.80200000000000005,0,0,0,5.7708731457535011e-11,4.490527044287843e-10,7.4335342960740306e-39,0,0.00063193829561758452,0.00019646076102541169
0.80249999999999999,0,0,0,5.4823294884658259e-11,4.2660006920734509e-10,7.06185758127033e-39,0,0.00066999846475690461,0.00021091788740644645
0.80300000000000005,0,0,0,5.2082130140425345e-11,4.0527006574697787e-10,6.7087647022068132e-39,0,0.00070894887292416442,0.00022614246322578009
0.80349999999999999,0,0,0,4.9478023633404076e-11,3.8500656245962897e-10,6.373326467096473e-39,0,0.0007487354087276632,0.00024214402835641822
0.80400000000000005,0,0,0,4.7004122451733873e-11,3.6575623433664754e-10,6.0546601437416498e-39,0,0.00078930155785494893,0.00025892658201708745
0.80449999999999999,0,0,0,4.465391632914718e-11,3.4746842261981514e-10,5.751927136554568e-39,0,0.0008305886444587296,0.00027648854146955238
0.80500000000000005,0,0,0,4.2421220512689821e-11,3.3009500148882438e-10,5.4643307797268394e-39,0,0.00087253607401871491,0.00029482279790215117
0.80549999999999999,0,0,0,4.0300159487055332e-11,3.1359025141438313e-10,5.1911142407404977e-39,0,0.00091508157634323517,0.00031391685366252762
0.80600000000000005,0,0,0,3.8285151512702567e-11,2.97910738843664e-10,4.931558528703473e-39,0,0.00095816144746174725,0.00033375302645540959
0.80649999999999999,0,0,0,3.6370893937067438e-11,2.830152019014808e-10,4.6849806022682993e-39,0,0.0010017107892468236,0.0003543087075934038
0.80700000000000005,0,0,0,3.4552349240214069e-11,2.6886444180640676e-10,4.4507315721548848e-39,0,0.00104566374569659,0.00037555666281933022
0.8075,0,0,0,3.2824731778203365e-11,2.5542121971608643e-10,4.2281949935471408e-39,0,0.0010899537348955102,0.00039746536557222706
0.80800000000000005,0,0,0,3.1183495189293198e-11,2.4265015873028208e-10,4.0167852438697841e-39,0,0.0011345136757597851,0.00041999935382737452
0.8085,0,0,0,2.9624320429828537e-11,2.3051765079376797e-10,3.8159459816762944e-39,0,0.0011792762087620146,0.00044311960279695245
0.80900000000000005,0,0,0,2.8143104408337113e-11,2.1899176825407959e-10,3.6251486825924793e-39,0,0.0012241739099128068,0.00046678390682959885
0.8095,0,0,0,2.6735949187920256e-11,2.0804217984137559e-10,3.4438912484628555e-39,0,0.0012691394973607384,0.00049094726479810861
0.81000000000000005,0,0,0,2.5399151728524243e-11,1.9764007084930679e-10,3.2716966860397129e-39,0,0.0013141060300511098,0.00051556226411931725
0.8105,0,0,0,2.4129194142098031e-11,1.8775806730684144e-10,3.1081118517377268e-39,0,0.001359007097961884,0.00054057945931496607
0.81100000000000005,0,0,0,2.2922734434993131e-11,1.783701639414994e-10,2.9527062591508407e-39,0,0.0014037770035076891,0.00056594774170398764
0.8115,0,0,0,2.1776597713243474e-11,1.6945165574442442e-10,2.8050709461932988e-39,0,0.0014483509337749334,0.00059161469742200043
0.81200000000000006,0,0,0,2.0687767827581299e-11,1.6097907295720322e-10,2.6648173988836338e-39,0,0.0014926651233153621,0.00061752695149884702
0.8125,0,0,0,1.9653379436202235e-11,1.5293011930934307e-10,2.531576528939452e-39,0,0.0015366570072914421,0.00064363049619728374
0.81299999999999994,0,0,0,1.8670710464392122e-11,1.4528361334387591e-10,2.4049977024924792e-39,0,0.0015802653648245846,0.00066987100223025781
0.8135,0,0,0,1.7737174941172517e-11,1.3801943267668209e-10,2.2847478173678553e-39,0,0.0016234304524539445,0.00069619411183675418
0.81399999999999995,0,0,0,1.685031619411389e-11,1.31118461042848e-10,2.1705104264994626e-39,0,0.001666094127665052,0.00072254571301197043
0.8145,0,0,0,1.6007800384408196e-11,1.245625379907056e-10,2.0619849051744893e-39,0,0.001708199962497492,0.00074887219446126386
0.81499999999999995,0,0,0,1.5207410365187787e-11,1.1833441109117034e-10,1.9588856599157647e-39,0,0.0017496933472825882,0.00077512068108322857
0.8155,0,0,0,1.4447039846928397e-11,1.1241769053661182e-10,1.8609413769199763e-39,0,0.0017905215846072409,0.00080123924998939337
0.81599999999999995,0,0,0,1.3724687854581977e-11,1.0679680600978123e-10,1.7678943080739775e-39,0,0.0018306339736332555,0.00082717712723998343
0.8165,0,0,0,1.3038453461852878e-11,1.0145696570929217e-10,1.6794995926702785e-39,0,0.0018699818849400307,0.00085288486562010981
0.81699999999999995,0,0,1,1.2386530788760235e-11,9.6384117423827558e-11,5.0000000000000003e-10,0,0.0019085188260857811,0.00087976849695747491
0.8175,0,0,1,1.1767204249322223e-11,9.1564911552636178e-11,7.500000000000001e-10,0,0.001946200498111561,0.00090931674964536322
0.81799999999999995,0,0,0,1.1178844036856113e-11,8.6986665975004362e-11,7.1250000000000007e-10,0,0.0019829848432377783,0.00094216791892376851
0.81850000000000001,0,0,0,1.0619901835013306e-11,8.2637332676254152e-11,6.76875e-10,0,0.002018832084022204,0.00097843856577032109
0.81899999999999995,0,0,0,1.0088906743262641e-11,7.8505466042441437e-11,6.4303125000000009e-10,0,0.0020537047542692477,0.0010179353034460517
0.81950000000000001,0,0,0,9.5844614060995096e-12,7.4580192740319369e-11,6.1087968750000017e-10,0,0.0020875677219948097,0.0010602904809030203
0.81999999999999995,0,0,0,9.1052383357945341e-12,7.0851183103303392e-11,5.8033570312500011e-10,0,0.0021203882047657885,0.0011050483862022106
0.82050000000000001,0,0,0,8.6499764190048072e-12,6.7308623948138224e-11,5.5131891796875012e-10,0,0.0021521357777425365,0.0011517193339821315
0.82099999999999995,0,0,0,8.2174775980545678e-12,6.3943192750731309e-11,5.2375297207031259e-10,0,0.0021827823747635478,0.0011998129580177374
0.82150000000000001,0,0,0,7.8066037181518396e-12,6.0746033113194744e-11,4.9756532346679698e-10,0,0.0022123022828162142,0.0012488580862203011
0.82199999999999995,0,0,0,7.4162735322442478e-12,5.7708731457535011e-11,4.7268705729345716e-10,0,0.0022406721302439259,0.0012984140020428018
0.82250000000000001,0,0,0,7.045459855632035e-12,5.4823294884658259e-11,4.490527044287843e-10,0,0.0022678708690403449,0.0013480762172961432
0.82299999999999995,0,0,0,6.6931868628504337e-12,5.2082130140425345e-11,4.2660006920734509e-10,0,0.0022938797515856812,0.001397478786215691
0.82350000000000001,0,0,0,6.3585275197079119e-12,4.9478023633404076e-11,4.0527006574697787e-10,0,0.0023186823021761338,0.0014462944764750206
0.82399999999999995,0,0,0,6.0406011437225164e-12,4.7004122451733873e-11,3.8500656245962897e-10,0,0.0023422642836986585,0.001494233647366801
0.82450000000000001,0,0,0,5.7385710865363908e-12,4.465391632914718e-11,3.6575623433664754e-10,0,0.0023646136597971212,0.001541042382162924
0.82499999999999996,0,0,0,5.4516425322095715e-12,4.2421220512689821e-11,3.4746842261981514e-10,0,0.0023857205528740044,0.001586500224335177
0.82550000000000001,0,0,0,5.1790604055990933e-12,4.0300159487055332e-11,3.3009500148882438e-10,0,0.0024055771982640639,0.0016304177390553951
0.82599999999999996,0,0,0,4.9201073853191377e-12,3.8285151512702567e-11,3.1359025141438313e-10,0,0.0024241778949113391,0.0016726340381762912
0.82650000000000001,0,0,0,4.674102016053181e-12,3.6370893937067438e-11,2.97910738843664e-10,0,0.002441518952872479,0.001713014353042051
0.82699999999999996,0,0,0,4.4403969152505223e-12,3.4552349240214069e-11,2.830152019014808e-10,0,0.0024575986379617998,0.0017514477047598776
0.82750000000000001,0,0,0,4.2183770694879959e-12,3.2824731778203365e-11,2.6886444180640676e-10,0,0.0024724171138438278,0.0017878446993026262
0.82799999999999996,0,0,0,4.007458216013596e-12,3.1183495189293198e-11,2.5542121971608643e-10,0,0.0024859763818708691,0.0018221354606544342
0.82850000000000001,0,0,0,3.8070853052129167e-12,2.9624320429828537e-11,2.4265015873028208e-10,0,0.0024982802189514874,0.0018542677063128649
0.82899999999999996,0,0,0,3.6167310399522705e-12,2.8143104408337113e-11,2.3051765079376797e-10,0,0.002509334113727224,0.0018842049639723566
0.82950000000000002,0,0,0,3.4358944879546569e-12,2.6735949187920256e-11,2.1899176825407959e-10,0,0.0025191452013225701,0.0019119249249255155
0.82999999999999996,0,0,0,3.264099763556924e-12,2.5399151728524243e-11,2.0804217984137559e-10,0,0.0025277221969229879,0.0019374179278462361
0.83050000000000002,0,0,0,3.1008947753790778e-12,2.4129194142098031e-11,1.9764007084930679e-10,0,0.0025350753284250072,0.0019606855656495717
0.83099999999999996,0,0,0,2.9458500366101237e-12,2.2922734434993131e-11,1.8775806730684144e-10,0,0.0025412162683899897,0.0019817394077250592
0.83150000000000002,0,0,0,2.7985575347796178e-12,2.1776597713243474e-11,1.783701639414994e-10,1,0.002546158065522941,0.0020005998297980485
0.83199999999999996,0,0,0,2.6586296580406368e-12,2.0687767827581299e-11,1.6945165574442442e-10,1,0.0025499150758852007,0.0006115026666737263
0.83250000000000002,0,0,0,2.525698175138605e-12,1.9653379436202235e-11,1.6097907295720322e-10,0,-0.017449826142299507,-0.00029526909258798418
0.83299999999999996,0,0,0,2.3994132663816747e-12,1.8670710464392122e-11,1.5293011930934307e-10,0,-0.037349670958090608,-0.013334884041056384
0.83350000000000002,0,0,0,2.2794426030625911e-12,1.7737174941172517e-11,1.4528361334387591e-10,0,-0.035354189667932578,-0.021151561188644433
0.83399999999999996,0,0,0,2.1654704729094613e-12,1.685031619411389e-11,1.3801943267668209e-10,0,-0.033459583064130216,-0.02559413048532725
0.83450000000000002,0,0,0,2.0571969492639882e-12,1.6007800384408196e-11,1.31118461042848e-10,0,-0.031660843330580501,-0.027867713477096219
0.83499999999999996,0,0,0,1.954337101800789e-12,1.5207410365187787e-11,1.245625379907056e-10,0,-0.029953211149394865,-0.02875731913721858
0.83550000000000002,0,0,0,1.8566202467107494e-12,1.4447039846928397e-11,1.1833441109117034e-10,0,-0.028332163296755142,-0.02877379807881519
0.83599999999999997,0,0,0,1.763789234375212e-12,1.3724687854581977e-11,1.1241769053661182e-10,0,-0.026793400861255701,-0.028249114245335702
0.83650000000000002,0,0,0,1.6755997726564514e-12,1.3038453461852878e-11,1.0679680600978123e-10,0,-0.025332838053446327,-0.027398532368509983
0.83699999999999997,0,0,0,1.5918197840236289e-12,1.2386530788760235e-11,1.0145696570929217e-10,0,-0.023946591576856857,-0.026361208957012112
0.83750000000000002,0,0,0,1.5122287948224474e-12,1.1767204249322223e-11,9.6384117423827558e-11,0,-0.022630970532275252,-0.025226685763690793
0.83799999999999997,0,0,0,1.4366173550813249e-12,1.1178844036856113e-11,9.1564911552636178e-11,0,-0.021382466828469449,-0.024052180869588737
0.83850000000000002,0,0,0,1.3647864873272587e-12,1.0619901835013306e-11,8.6986665975004362e-11,0,-0.020197746073884026,-0.022873872814295964
0.83899999999999997,0,0,0,1.2965471629608959e-12,1.0088906743262641e-11,8.2637332676254152e-11,0,-0.019073638925123926,-0.021714263670500781
0.83950000000000002,0,0,0,1.231719804812851e-12,9.5844614060995096e-12,7.8505466042441437e-11,0,-0.018007132869251152,-0.020586982683331308
0.83999999999999997,0,0,0,1.1701338145722084e-12,9.1052383357945341e-12,7.4580192740319369e-11,0,-0.016995364418072811,-0.019499919303310534
0.84050000000000002,0,0,0,1.111627123843598e-12,8.6499764190048072e-12,7.0851183103303392e-11,0,-0.016035611693695828,-0.018457265814111428
0.84099999999999997,0,0,0,1.056045767651418e-12,8.2174775980545678e-12,6.7308623948138224e-11,0,-0.015125287385664321,-0.017460848291340966
0.84150000000000003,0,0,0,1.0032434792688472e-12,7.8066037181518396e-12,6.3943192750731309e-11,0,-0.014261932060986027,-0.016510993117030786
0.84199999999999997,0,0,0,9.5308130530540474e-13,7.4162735322442478e-12,6.0746033113194744e-11,0,-0.013443207809290425,-0.015607090426973332
0.84250000000000003,0,0,0,9.0542724004013447e-13,7.045459855632035e-12,5.7708731457535011e-11,0,-0.01266689220625894,-0.014747959828942564
0.84299999999999997,0,0,0,8.6015587803812774e-13,6.6931868628504337e-12,5.4823294884658259e-11,0,-0.011930872579310914,-0.013932087149016434
0.84350000000000003,0,0,0,8.1714808413622138e-13,6.3585275197079119e-12,5.2082130140425345e-11,0,-0.011233140560336752,-0.01315777708431092
0.84399999999999997,0,0,0,7.762906799294103e-13,6.0406011437225164e-12,4.9478023633404076e-11,0,-0.010571786911034442,-0.012423251053048904
0.84450000000000003,0,0,0,7.3747614593293973e-13,5.7385710865363908e-12,4.7004122451733873e-11,0,-0.0099449966071341045,-0.011726709358008135
0.84499999999999997,0,0,0,7.0060233863629282e-13,5.4516425322095715e-12,4.465391632914718e-11,0,-0.009351044168480982,-0.011066370137666579
0.84550000000000003,0,0,0,6.6557222170447814e-13,5.1790604055990933e-12,4.2421220512689821e-11,0,-0.0087882892226102127,-0.010440493243995236
0.84599999999999997,0,0,0,6.3229361061925421e-13,4.9201073853191377e-12,4.0300159487055332e-11,0,-0.0082551722900621183,-0.0098473943560056405
0.84650000000000003,0,0,0,6.0067893008829148e-13,4.674102016053181e-12,3.8285151512702567e-11,0,-0.0077502107802845943,-0.0092854527910848153
0.84699999999999998,0,0,0,5.706449835838769e-13,4.4403969152505223e-12,3.6370893937067438e-11,0,-0.0072719951875273026,-0.0087531152705934562
0.84750000000000003,0,0,0,5.4211273440468304e-13,4.2183770694879959e-12,3.4552349240214069e-11,0,-0.006819185476669043,-0.0082488971094087996
0.84799999999999998,0,0,0,5.1500709768444882e-13,4.007458216013596e-12,3.2824731778203365e-11,0,-0.0063905076494225055,-0.007771381785649515
0.84850000000000003,0,0,0,4.8925674280022643e-13,3.8070853052129167e-12,3.1183495189293198e-11,0,-0.0059847504818484332,-0.0073192195118048295
0.84899999999999998,0,0,0,4.6479390566021509e-13,3.6167310399522705e-12,2.9624320429828537e-11,0,-0.0056007624245615339,-0.0068911252099429759
0.84950000000000003,0,0,0,4.4155421037720431e-13,3.4358944879546569e-12,2.8143104408337113e-11,0,-0.005237448657451016,-0.0064858761511489013
0.84999999999999998,0,0,0,4.194764998583441e-13,3.264099763556924e-12,2.6735949187920256e-11,0,-0.0048937682911469604,-0.0061023094264319811
0.85050000000000003,0,0,0,3.9850267486542689e-13,3.1008947753790778e-12,2.5399151728524243e-11,0,-0.0045687317078570988,-0.0057393193558209028
0.85099999999999998,0,0,0,3.7857754112215552e-13,2.9458500366101237e-12,2.4129194142098031e-11,0,-0.0042613980345701519,-0.0053958549029717705
0.85150000000000003,0,0,0,3.5964866406604775e-13,2.7985575347796178e-12,2.2922734434993131e-11,0,-0.0039708727419777157,-0.0050709171370142544
0.85199999999999998,0,0,0,3.4166623086274537e-13,2.6586296580406368e-12,2.1776597713243474e-11,0,-0.0036963053627966369,-0.0047635567667552352
0.85250000000000004,0,0,0,3.245829193196081e-13,2.525698175138605e-12,2.0687767827581299e-11,0,-0.0034368873234982278,-0.0044728717616234065
0.85299999999999998,0,0,0,3.083537733536277e-13,2.3994132663816747e-12,1.9653379436202235e-11,0,-0.0031918498837506526,-0.0041980050668241767
0.85350000000000004,0,0,0,2.9293608468594637e-13,2.2794426030625911e-12,1.8670710464392122e-11,0,-0.0029604621781675888,-0.0039381424157571149
0.85399999999999998,0,0,0,2.7828928045164904e-13,2.1654704729094613e-12,1.7737174941172517e-11,0,-0.0027420293552309349,-0.0036925102399491374
0.85450000000000004,0,0,0,2.6437481642906658e-13,2.0571969492639882e-12,1.685031619411389e-11,0,-0.0025358908085126863,-0.0034603736750160249
0.85499999999999998,0,0,0,2.511560756076132e-13,1.954337101800789e-12,1.6007800384408196e-11,0,-0.0023414184955673489,-0.0032410346601069867
0.85550000000000004,0,0,0,2.3859827182723257e-13,1.8566202467107494e-12,1.5207410365187787e-11,0,-0.0021580153401021818,-0.003033830127673135
0.85599999999999998,0,0,0,2.2666835823587094e-13,1.763789234375212e-12,1.4447039846928397e-11,0,-0.0019851137132507191,-0.0028381302800722622
0.85650000000000004,0,0,0,2.1533494032407738e-13,1.6755997726564514e-12,1.3724687854581977e-11,0,-0.0018221739899885181,-0.0026533369493766282
0.85699999999999998,0,0,0,2.0456819330787353e-13,1.5918197840236289e-12,1.3038453461852878e-11,0,-0.0016686831769286981,-0.0024788820367212523
0.85750000000000004,0,0,0,1.9433978364247983e-13,1.5122287948224474e-12,1.2386530788760235e-11,0,-0.0015241536079244611,-0.0023142260275732371
0.85799999999999998,0,0,0,1.8462279446035584e-13,1.4366173550813249e-12,1.1767204249322223e-11,0,-0.0013881217040879745,-0.0021588565793912045
0.85850000000000004,0,0,0,1.7539165473733803e-13,1.3647864873272587e-12,1.1178844036856113e-11,0,-0.001260146795003525,-0.0020122871782565907
0.85899999999999999,0,0,0,1.6662207200047113e-13,1.2965471629608959e-12,1.0619901835013306e-11,0,-0.001139809998076724,-0.0018740558611878109
0.85950000000000004,0,0,0,1.5829096840044758e-13,1.231719804812851e-12,1.0088906743262641e-11,0,-0.001026713153116865,-0.001743724000983121
0.85999999999999999,0,0,0,1.5037641998042519e-13,1.1701338145722084e-12,9.5844614060995096e-12,0,-0.0009204778093935273,-0.0016208751505744712
0.86050000000000004,0,0,0,1.4285759898140393e-13,1.111627123843598e-12,9.1052383357945341e-12,0,-0.00082074426254963306,-0.0015051139440111275
0.86099999999999999,0,0,0,1.3571471903233373e-13,1.056045767651418e-12,8.6499764190048072e-12,0,-0.00072717063888438904,-0.001396065051324854
0.86150000000000004,0,0,0,1.2892898308071703e-13,1.0032434792688472e-12,8.2174775980545678e-12,0,-0.00063943202464511462,-0.0012933721846569131
0.86199999999999999,0,0,0,1.2248253392668118e-13,9.5308130530540474e-13,7.8066037181518396e-12,0,-0.0005572196380863037,-0.001196697153151464
0.86250000000000004,0,0,0,1.1635840723034712e-13,9.0542724004013447e-13,7.4162735322442478e-12,0,-0.0004802400421651809,-0.0011057189642395843
0.86299999999999999,0,0,0,1.1054048686882976e-13,8.6015587803812774e-13,7.045459855632035e-12,0,-0.00040821439585436714,-0.0010201329690523139
0.86350000000000005,0,0,0,1.0501346252538827e-13,8.1714808413622138e-13,6.6931868628504337e-12,0,-0.00034087774214963673,-0.00093965004980912416
0.86399999999999999,0,0,0,9.9762789399118854e-14,7.762906799294103e-13,6.3585275197079119e-12,0,-0.00027797833095033475,-0.00086399584713410483
0.86450000000000005,0,0,0,9.4774649929162908e-14,7.3747614593293973e-13,6.0406011437225164e-12,0,-0.00021927697508083988,-0.00079291002534967079
0.86499999999999999,0,0,0,9.0035917432704769e-14,7.0060233863629282e-13,5.7385710865363908e-12,0,-0.00016454643780838829,-0.00072614557389337855
0.86550000000000005,0,0,0,8.5534121561069518e-14,6.6557222170447814e-13,5.4516425322095715e-12,0,-0.00011357085029573,-0.0006634681430927506
0.86599999999999999,0,0,0,8.1257415483016052e-14,6.3229361061925421e-13,5.1790604055990933e-12,0,-6.6145157504915453e-05,-0.00060465541261913521
0.86650000000000005,0,0,0,7.7194544708865247e-14,6.0067893008829148e-13,4.9201073853191377e-12,0,-2.2074591144893851e-05,-0.00054949649102358075
0.86699999999999999,0,0,0,7.3334817473421997e-14,5.706449835838769e-13,4.674102016053181e-12,0,1.8825831676783089e-05,-0.00049779134483451926
0.86750000000000005,0,0,0,6.9668076599750891e-14,5.4211273440468304e-13,4.4403969152505223e-12,0,5.6731785367691856e-05,-0.0004493502557718959
0.86799999999999999,0,0,0,6.6184672769763334e-14,5.1500709768444882e-13,4.2183770694879959e-12,0,9.1810089536958905e-05,-0.00040399330470235022
0.86850000000000005,0,0,0,6.2875439131275164e-14,4.8925674280022643e-13,4.007458216013596e-12,0,0.00012421914060090078,-0.00036154988102717143
0.86899999999999999,0,0,0,5.9731667174711408e-14,4.6479390566021509e-13,3.8070853052129167e-12,0,0.00015410932239667829,-0.00032185821625847164
0.86950000000000005,0,0,0,5.674508381597584e-14,4.4155421037720431e-13,3.6167310399522705e-12,0,0.00018162339683858164,-0.00028476494059971987
0.87,0,0,0,5.3907829625177045e-14,4.194764998583441e-13,3.4358944879546569e-12,0,0.00020689687559882763,-0.00025012466140412641
0.87050000000000005,0,0,0,5.1212438143918187e-14,3.9850267486542689e-13,3.264099763556924e-12,0,0.00023005837374723281,-0.00021779956244019947
0.871,0,0,0,4.8651816236722277e-14,3.7857754112215552e-13,3.1008947753790778e-12,0,0.00025122994623616446,-0.00018765902294479078
0.87150000000000005,0,0,0,4.6219225424886162e-14,3.5964866406604775e-13,2.9458500366101237e-12,0,0.00027052740807231856,-0.00015957925549465738
0.872,0,0,0,4.3908264153641853e-14,3.4166623086274537e-13,2.7985575347796178e-12,0,0.00028806063897679479,-0.00013344296177448454
0.87250000000000005,0,0,0,4.1712850945959757e-14,3.245829193196081e-13,2.6586296580406368e-12,0,0.00030393387329319399,-0.00010913900536435803
0.873,0,0,0,3.9627208398661772e-14,3.083537733536277e-13,2.525698175138605e-12,0,0.00031824597586660452,-8.6562100712120463e-05
0.87350000000000005,0,0,0,3.7645847978728686e-14,2.9293608468594637e-13,2.3994132663816747e-12,0,0.00033109070457915113,-6.5612517497619052e-05
0.874,0,0,0,3.576355557979225e-14,2.7828928045164904e-13,2.2794426030625911e-12,0,0.00034255696019480641,-4.6195799633706933e-05
0.87450000000000006,0,0,0,3.3975377800802634e-14,2.6437481642906658e-13,2.1654704729094613e-12,0,0.00035272902413341356,-2.8222498186240479e-05
0.875,0,0,0,3.2276608910762496e-14,2.511560756076132e-13,2.0571969492639882e-12,0,0.00036168678476322658,-1.1607917530073335e-05
0.87549999999999994,0,0,0,3.0662778465224374e-14,2.3859827182723257e-13,1.954337101800789e-12,0,0.00036950595276941112,3.7281259080963732e-06
0.876,0,0,0,2.9129639541963156e-14,2.2666835823587094e-13,1.8566202467107494e-12,0,0.00037625826613407742,1.7861532938189684e-05
0.87649999999999995,0,0,0,2.7673157564864997e-14,2.1533494032407738e-13,1.763789234375212e-12,0,0.00038201168522999929,3.0864139513835727e-05
0.877,0,0,0,2.6289499686621748e-14,2.0456819330787353e-13,1.6755997726564514e-12,0,0.00038683057851018887,4.2803923817000101e-05
0.87749999999999995,0,0,0,2.497502470229066e-14,1.9433978364247983e-13,1.5918197840236289e-12,0,0.00039077589924985112,5.3745203051661376e-05
0.878,0,0,0,2.3726273467176128e-14,1.8462279446035584e-13,1.5122287948224474e-12,0,0.0003939053537745929,6.3748820452239215e-05
0.87849999999999995,0,0,0,2.253995979381732e-14,1.7539165473733803e-13,1.4366173550813249e-12,0,0.00039627356158689064,7.2872322987280357e-05
0.879,0,0,0,2.1412961804126453e-14,1.6662207200047113e-13,1.3647864873272587e-12,0,0.0003979322077847236,8.117013021617657e-05
0.87949999999999995,0,0,0,2.0342313713920131e-14,1.5829096840044758e-13,1.2965471629608959e-12,0,0.00039893018814329828,8.8693694733446389e-05
0.88,0,0,0,1.9325198028224125e-14,1.5037641998042519e-13,1.231719804812851e-12,0,0.00039931374721613455,9.5491654614607188e-05
0.88049999999999995,0,0,0,1.8358938126812917e-14,1.4285759898140393e-13,1.1701338145722084e-12,0,0.00039912660979091186,0.00010160997825674923
0.88100000000000001,0,0,0,1.7440991220472273e-14,1.3571471903233373e-13,1.111627123843598e-12,0,0.00039841010602215121,0.00010709210198827175
0.88149999999999995,0,0,0,1.6568941659448659e-14,1.2892898308071703e-13,1.056045767651418e-12,0,0.00039720329054526715,0.00011197906080376937
0.88200000000000001,0,0,0,1.5740494576476225e-14,1.2248253392668118e-13,1.0032434792688472e-12,0,0.00039554305585998151,0.00011630961256202408
0.88249999999999995,0,0,0,1.4953469847652413e-14,1.1635840723034712e-13,9.5308130530540474e-13,0,0.00039346424026120985,0.00012012035596962427
0.88300000000000001,0,0,0,1.4205796355269792e-14,1.1054048686882976e-13,9.0542724004013447e-13,0,0.000390999730578101,0.00012344584265598849
0.88349999999999995,0,0,0,1.3495506537506304e-14,1.0501346252538827e-13,8.6015587803812774e-13,0,0.00038818055997069667,0.00012631868363110772
0.88400000000000001,0,0,0,1.2820731210630988e-14,9.9762789399118854e-14,8.1714808413622138e-13,0,0.000385036001021688,0.00012876965040281558
0.88449999999999995,0,0,0,1.2179694650099439e-14,9.4774649929162908e-14,7.762906799294103e-13,0,0.00038159365434842218,0.00013082777101708573
0.88500000000000001,0,0,0,1.1570709917594468e-14,9.0035917432704769e-14,7.3747614593293973e-13,0,0.00037787953295009835,0.00013252042127169533
0.88549999999999995,0,0,0,1.0992174421714744e-14,8.5534121561069518e-14,7.0060233863629282e-13,0,0.00037391814249365662,0.00013387341134140428
0.88600000000000001,0,0,0,1.0442565700629007e-14,8.1257415483016052e-14,6.6557222170447814e-13,0,0.00036973255773353753,0.00013491106804136219
0.88649999999999995,0,0,0,9.920437415597557e-15,7.7194544708865247e-14,6.3229361061925421e-13,0,0.00036534449524894264,0.00013565631294401587
0.88700000000000001,0,0,0,9.4244155448176787e-15,7.3334817473421997e-14,6.0067893008829148e-13,0,0.00036077438267512196,0.00013613073655434417
0.88749999999999996,0,0,0,8.9531947675767942e-15,6.9668076599750891e-14,5.706449835838769e-13,0,0.00035604142459622068,0.00013635466873852242
0.88800000000000001,0,0,0,8.5055350291979563e-15,6.6184672769763334e-14,5.4211273440468304e-13,0,0.00035116366525766995,0.00013634724559094197
0.88849999999999996,0,0,0,8.0802582777380577e-15,6.2875439131275164e-14,5.1500709768444882e-13,0,0.00034615804825111063,0.0001361264729160556
0.88900000000000001,0,0,0,7.6762453638511551e-15,5.9731667174711408e-14,4.8925674280022643e-13,0,0.00034104047331473542,0.00013570928649246649
0.88949999999999996,0,0,0,7.2924330956585974e-15,5.674508381597584e-14,4.6479390566021509e-13,0,0.00033582585038705037,0.00013511160927864863
0.89000000000000001,0,0,0,6.927811440875667e-15,5.3907829625177045e-14,4.4155421037720431e-13,0,0.00033052815104495092,0.00013434840571192644
0.89049999999999996,0,0,0,6.5814208688318842e-15,5.1212438143918187e-14,4.194764998583441e-13,0,0.00032516045744923616,0.00013343373324465433
0.89100000000000001,0,0,0,6.2523498253902905e-15,4.8651816236722277e-14,3.9850267486542689e-13,0,0.00031973500891713247,0.00013238079125477132
0.89149999999999996,0,0,0,5.9397323341207762e-15,4.6219225424886162e-14,3.7857754112215552e-13,0,0.00031426324623395896,0.00013120196746091946
0.89200000000000002,0,0,0,5.6427457174147376e-15,4.3908264153641853e-14,3.5964866406604775e-13,0,0.00030875585381173742,0.00012990888196621255
0.89249999999999996,0,0,0,5.360608431544e-15,4.1712850945959757e-14,3.4166623086274537e-13,0,0.00030322279979588806,0.000128512429048342
0.89300000000000002,0,0,0,5.0925780099668e-15,3.9627208398661772e-14,3.245829193196081e-13,0,0.00029767337421793272,0.00012702281680800038
0.89349999999999996,0,0,0,4.8379491094684598e-15,3.7645847978728686e-14,3.083537733536277e-13,0,0.00029211622528768633,0.00012544960478245185
0.89400000000000002,0,0,0,4.5960516539950369e-15,3.576355557979225e-14,2.9293608468594637e-13,0,0.000286559393911201,0.00012380173962532571
0.89449999999999996,0,0,0,4.3662490712952848e-15,3.3975377800802634e-14,2.7828928045164904e-13,0,0.00028101034652028289,0.00012208758894906763
0.89500000000000002,0,0,0,4.1479366177305205e-15,3.2276608910762496e-14,2.6437481642906658e-13,0,0.00027547600629274083,0.00012031497342164083
0.89549999999999996,0,0,0,3.9405397868439939e-15,3.0662778465224374e-14,2.511560756076132e-13,0,0.00026996278283919484,0.0001184911972045214
0.89600000000000002,0,0,0,3.7435127975017945e-15,2.9129639541963156e-14,2.3859827182723257e-13,0,0.00026447660043049659,0.00011662307681499586
0.89649999999999996,0,0,0,3.5563371576267051e-15,2.7673157564864997e-14,2.2666835823587094e-13,0,0.00025902292483315215,0.00011471696849123306
0.89700000000000002,0,0,0,3.3785202997453698e-15,2.6289499686621748e-14,2.1533494032407738e-13,0,0.00025360678882013765,0.00011277879413532016
0.89749999999999996,0,0,0,3.2095942847581011e-15,2.497502470229066e-14,2.0456819330787353e-13,0,0.00024823281641861428,0.00011081406590520248
0.89800000000000002,0,0,0,3.0491145705201961e-15,2.3726273467176128e-14,1.9433978364247983e-13,0,0.00024290524595527163,0.0001088279095233839
0.89849999999999997,0,0,0,2.8966588419941862e-15,2.253995979381732e-14,1.8462279446035584e-13,0,0.00023762795195580999,0.00010682508636654949
0.89900000000000002,0,0,0,2.7518258998944768e-15,2.1412961804126453e-14,1.7539165473733803e-13,0,0.00023240446595329534,0.0001048100143976405
0.89949999999999997,0,0,0,2.614234604899753e-15,2.0342313713920131e-14,1.6662207200047113e-13,0,0.00022723799625623542,0.00010278678799816477
0.90000000000000002,0,0,0,2.4835228746547653e-15,1.9325198028224125e-14,1.5829096840044758e-13,0,0.00022213144672666996,0.00010075919675637416
0.90049999999999997,0,0,0,2.3593467309220271e-15,1.8358938126812917e-14,1.5037641998042519e-13,0,0.00021708743461468227,9.8730743263648381e-05
0.90100000000000002,0,0,0,2.2413793943759261e-15,1.7440991220472273e-14,1.4285759898140393e-13,0,0.00021210830749440746,9.6704659969235797e-05
0.90149999999999997,0,0,0,2.1293104246571297e-15,1.6568941659448659e-14,1.3571471903233373e-13,0,0.00020719615934372548,9.4683925140878918e-05
0.90200000000000002,0,0,0,2.0228449034242735e-15,1.5740494576476225e-14,1.2892898308071703e-13,0,0.00020235284580916169,9.2671277976368494e-05
0.90249999999999997,0,0,0,1.9217026582530596e-15,1.4953469847652413e-14,1.2248253392668118e-13,0,0.00019757999869329801,9.0669232909037985e-05
0.90300000000000002,0,0,0,1.8256175253404068e-15,1.4205796355269792e-14,1.1635840723034712e-13,0,0.000192879039703997,8.8680093148150974e-05
0.90349999999999997,0,0,0,1.7343366490733863e-15,1.3495506537506304e-14,1.1054048686882976e-13,0,0.00018825119349785702,8.6705963492800453e-05
0.90400000000000003,0,0,0,1.647619816619717e-15,1.2820731210630988e-14,1.0501346252538827e-13,0,0.00018369750005386987,8.4748762456338635e-05
0.90449999999999997,0,0,0,1.5652388257887311e-15,1.2179694650099439e-14,9.9762789399118854e-14,0,0.00017921882640747899,8.281023373625755e-05
0.90500000000000003,0,0,0,1.4869768844992945e-15,1.1570709917594468e-14,9.4774649929162908e-14,0,0.00017481587777701257,8.0891957063070703e-05
0.90549999999999997,0,0,0,1.4126280402743297e-15,1.0992174421714744e-14,9.0035917432704769e-14,0,0.00017048920811080226,7.8995358459708502e-05
0.90600000000000003,0,0,0,1.3419966382606133e-15,1.0442565700629007e-14,8.5534121561069518e-14,0,0.00016623923008218799,7.7121719941519956e-05
0.90649999999999997,0,0,0,1.2748968063475827e-15,9.920437415597557e-15,8.1257415483016052e-14,0,0.00016206622456049757,7.5272188685621794e-05
0.90700000000000003,0,0,0,1.2111519660302036e-15,9.4244155448176787e-15,7.7194544708865247e-14,0,0.00015797034958164868,7.3447785696799278e-05
0.90749999999999997,0,0,0,1.1505943677286934e-15,8.9531947675767942e-15,7.3334817473421997e-14,0,0.00015395164884268731,7.1649413995529337e-05
0.90800000000000003,0,0,0,1.0930646493422586e-15,8.5055350291979563e-15,6.9668076599750891e-14,0,0.00015001005974424331,6.9877866353029337e-05
0.90849999999999997,0,0,0,1.0384114168751458e-15,8.0802582777380577e-15,6.6184672769763334e-14,0,0.0001461454210012203,6.81338325965393e-05
0.90900000000000003,0,0,0,9.8649084603138853e-16,7.6762453638511551e-15,6.2875439131275164e-14,0,0.00014235747984359115,6.6417906506951844e-05
0.90949999999999998,0,0,0,9.3716630372981924e-16,7.2924330956585974e-15,5.9731667174711408e-14,0,0.00013864589882706113,6.4730592329920259e-05
0.91000000000000003,0,0,0,8.9030798854332814e-16,6.927811440875667e-15,5.674508381597584e-14,0,0.00013501026227191737,6.3072310920547509e-05
0.91049999999999998,0,0,0,8.4579258911616183e-16,6.5814208688318842e-15,5.3907829625177045e-14,0,0.00013145008234882738,6.1443405540509636e-05
0.91100000000000003,0,0,0,8.0350295966035377e-16,6.2523498253902905e-15,5.1212438143918187e-14,0,0.00012796480482846206,5.9844147325857533e-05
0.91149999999999998,0,0,0,7.6332781167733603e-16,5.9397323341207762e-15,4.8651816236722277e-14,0,0.00012455381451104142,5.8274740442520419e-05
0.91200000000000003,0,0,0,7.2516142109346926e-16,5.6427457174147376e-15,4.6219225424886162e-14,0,0.00012121644035234524,5.6735326945917677e-05
0.91249999999999998,0,0,0,6.8890335003879579e-16,5.360608431544e-15,4.3908264153641853e-14,0,0.00011795196030073285,5.5225991360271774e-05
0.91300000000000003,0,0,0,6.5445818253685609e-16,5.0925780099668e-15,4.1712850945959757e-14,0,0.00011475960585805023,5.3746764992067065e-05
0.91349999999999998,0,0,0,6.2173527341001326e-16,4.8379491094684598e-15,3.9627208398661772e-14,0,0.00011163856638052305,5.2297629991863884e-05
0.91400000000000003,0,0,0,5.9064850973951262e-16,4.5960516539950369e-15,3.7645847978728686e-14,0,0.00010858799313073764,5.0878523177739666e-05
0.91449999999999998,0,0,0,5.6111608425253699e-16,4.3662490712952848e-15,3.576355557979225e-14,0,0.00010560700309336646,4.9489339632849981e-05
0.91500000000000004,0,0,0,5.3306028003991013e-16,4.1479366177305205e-15,3.3975377800802634e-14,0,0.00010269468256640657,4.8129936089093663e-05
0.91549999999999998,0,0,0,5.0640726603791463e-16,3.9405397868439939e-15,3.2276608910762496e-14,0,9.9850090540032355e-05,4.6800134108457323e-05
0.91600000000000004,0,0,0,4.8108690273601886e-16,3.7435127975017945e-15,3.0662778465224374e-14,0,9.7072261871944399e-05,4.5499723072524991e-05
0.91649999999999998,0,0,0,4.5703255759921798e-16,3.5563371576267051e-15,2.9129639541963156e-14,0,9.4360210271648981e-05,4.4228462990775605e-05
0.91700000000000004,0,0,0,4.3418092971925709e-16,3.3785202997453698e-15,2.7673157564864997e-14,0,9.1712931100884632e-05,4.2986087136941364e-05
0.91749999999999998,0,0,0,4.1247188323329421e-16,3.2095942847581011e-15,2.6289499686621748e-14,0,8.9129404001964119e-05,4.1772304523219317e-05
0.91800000000000004,0,0,0,3.918482890716295e-16,3.0491145705201961e-15,2.497502470229066e-14,0,8.6608595360471163e-05,4.0586802220591789e-05
0.91849999999999998,0,0,0,3.7225587461804801e-16,2.8966588419941862e-15,2.3726273467176128e-14,0,8.4149460612525928e-05,3.9429247533831402e-05
0.91900000000000004,0,0,0,3.5364308088714563e-16,2.7518258998944768e-15,2.253995979381732e-14,0,8.1750946404168801e-05,3.8299290039268773e-05
0.91949999999999998,0,0,0,3.3596092684278836e-16,2.614234604899753e-15,2.1412961804126453e-14,0,7.9411992609634829e-05,3.7196563492459278e-05
0.92000000000000004,0,0,0,3.1916288050064891e-16,2.4835228746547653e-15,2.0342313713920131e-14,0,7.7131534216845488e-05,3.612068761300311e-05
0.92049999999999998,0,0,0,3.0320473647561645e-16,2.3593467309220271e-15,1.9325198028224125e-14,0,7.4908503086557054e-05,3.5071269753476911e-05
0.92100000000000004,0,0,0,2.8804449965183567e-16,2.2413793943759261e-15,1.8358938126812917e-14,0,7.2741829591826956e-05,3.4047906458535607e-05
0.92149999999999999,0,0,0,2.7364227466924387e-16,2.1293104246571297e-15,1.7440991220472273e-14,0,7.0630444144015314e-05,3.3050184920567862e-05
0.92200000000000004,0,0,0,2.5996016093578167e-16,2.0228449034242735e-15,1.6568941659448659e-14,0,6.8573278611872013e-05,3.2077684337537109e-05
0.92249999999999999,0,0,0,2.4696215288899262e-16,1.9217026582530596e-15,1.5740494576476225e-14,0,6.6569267638261209e-05,3.112997717840632e-05
0.92300000000000004,0,0,0,2.3461404524454298e-16,1.8256175253404068e-15,1.4953469847652413e-14,0,6.461734986096257e-05,3.0206630361482266e-05
0.92349999999999999,0,0,0,2.2288334298231579e-16,1.7343366490733863e-15,1.4205796355269792e-14,0,6.2716469042656264e-05,2.9307206350498611e-05
0.92400000000000004,0,0,0,2.1173917583320003e-16,1.647619816619717e-15,1.3495506537506304e-14,0,6.0865575114310566e-05,2.8431264173164354e-05
0.92449999999999999,0,0,0,2.0115221704154004e-16,1.5652388257887311e-15,1.2820731210630988e-14,0,5.906362513763419e-05,2.7578360366599387e-05
0.92500000000000004,0,0,0,1.9109460618946303e-16,1.4869768844992945e-15,1.2179694650099439e-14,0,5.7309584189813023e-05,2.6748049853725757e-05
0.92549999999999999,0,0,0,1.8153987587998986e-16,1.4126280402743297e-15,1.1570709917594468e-14,0,5.560242617641542e-05,2.5939886754761085e-05
0.92600000000000005,0,0,0,1.7246288208599036e-16,1.3419966382606133e-15,1.0992174421714744e-14,0,5.3941134574908567e-05,2.5153425137484619e-05
0.92649999999999999,0,0,0,1.6383973798169086e-16,1.2748968063475827e-15,1.0442565700629007e-14,0,5.2324703113559856e-05,2.4388219709854101e-05
0.92700000000000005,0,0,0,1.5564775108260631e-16,1.2111519660302036e-15,9.920437415597557e-15,0,5.0752136389164981e-05,2.36438264582472e-05
0.92749999999999999,0,0,0,1.47865363528476e-16,1.1505943677286934e-15,9.4244155448176787e-15,0,4.9222450427155451e-05,2.2919803234903787e-05
0.92800000000000005,0,0,0,1.4047209535205219e-16,1.0930646493422586e-15,8.9531947675767942e-15,0,4.7734673187305177e-05,2.2215710297070567e-05
0.92849999999999999,0,0,0,1.334484905844496e-16,1.0384114168751458e-15,8.5055350291979563e-15,0,4.6287845018144758e-05,2.153111080116434e-05
0.92900000000000005,0,0,0,1.2677606605522712e-16,9.8649084603138853e-16,8.0802582777380577e-15,0,4.4881019063081062e-05,2.0865571254388517e-05
0.92949999999999999,0,0,0,1.2043726275246575e-16,9.3716630372981924e-16,7.6762453638511551e-15,0,4.3513261621219712e-05,2.0218661926522961e-05
0.93000000000000005,0,0,0,1.1441539961484247e-16,8.9030798854332814e-16,7.2924330956585974e-15,0,4.2183652465888066e-05,1.9589957224395178e-05
0.93049999999999999,0,0,0,1.0869462963410034e-16,8.4579258911616183e-16,6.927811440875667e-15,0,4.0891285121968934e-05,1.8979036031004144e-05
0.93100000000000005,0,0,0,1.0325989815239533e-16,8.0350295966035377e-16,6.5814208688318842e-15,0,3.9635267106818972e-05,1.8385482011855706e-05
0.93149999999999999,0,0,0,9.8096903244775559e-17,7.6332781167733603e-16,6.2523498253902905e-15,0,3.8414720135215852e-05,1.7808883890411261e-05
0.93200000000000005,0,0,0,9.3192058082536779e-17,7.2516142109346926e-16,5.9397323341207762e-15,0,3.7228780291442831e-05,1.7248835694649263e-05
0.9325,0,0,0,8.8532455178409948e-17,6.8890335003879579e-16,5.6427457174147376e-15,0,3.6076598169509921e-05,1.6704936976378915e-05
0.93300000000000005,0,0,0,8.4105832419489446e-17,6.5445818253685609e-16,5.360608431544e-15,0,3.4957338985619479e-05,1.6176793005416987e-05
0.9335,0,0,0,7.9900540798514976e-17,6.2173527341001326e-16,5.0925780099668e-15,0,3.387018266265418e-05,1.5664014939967203e-05
0.93400000000000005,0,0,0,7.590551375858922e-17,5.9064850973951262e-16,4.8379491094684598e-15,0,3.2814323889573949e-05,1.5166219974976057e-05
0.9345,0,0,0,7.2110238070659757e-17,5.6111608425253699e-16,4.5960516539950369e-15,0,3.1788972156610029e-05,1.4683031469661534e-05
0.93500000000000005,0,0,0,6.8504726167126776e-17,5.3306028003991013e-16,4.3662490712952848e-15,0,3.0793351769142774e-05,1.4214079055908072e-05
0.9355,0,0,0,6.5079489858770437e-17,5.0640726603791463e-16,4.1479366177305205e-15,0,2.9826701840596215e-05,1.3758998728723142e-05
0.93600000000000005,0,0,0,6.182551536583192e-17,4.8108690273601886e-16,3.9405397868439939e-15,0,2.8888276266347823e-05,1.3317432919934076e-05
0.9365,0,0,0,5.873423959754032e-17,4.5703255759921798e-16,3.7435127975017945e-15,0,2.7977343679652655e-05,1.288903055631855e-05
0.93700000000000006,0,0,0,5.5797527617663316e-17,4.3418092971925709e-16,3.5563371576267051e-15,0,2.7093187391802331e-05,1.2473447103371847e-05
0.9375,0,0,0,5.3007651236780147e-17,4.1247188323329421e-16,3.3785202997453698e-15,0,2.6235105316296803e-05,1.2070344595624719e-05
0.93799999999999994,0,0,0,5.0357268674941141e-17,3.918482890716295e-16,3.2095942847581011e-15,0,2.5402409879249355e-05,1.1679391654545297e-05
0.9385,0,0,0,4.783940524119408e-17,3.7225587461804801e-16,3.0491145705201961e-15,0,2.4594427917135064e-05,1.1300263494969483e-05
0.93899999999999995,0,0,0,4.544743497913438e-17,3.5364308088714563e-16,2.8966588419941862e-15,0,2.3810500562437831e-05,1.0932641920920503e-05
0.9395,0,0,0,4.3175063230177655e-17,3.3596092684278836e-16,2.7518258998944768e-15,0,2.3049983117751083e-05,1.0576215311520778e-05
0.93999999999999995,0,0,0,4.1016310068668774e-17,3.1916288050064891e-16,2.614234604899753e-15,0,2.2312244921218749e-05,1.0230678598071905e-05
0.9405,0,0,0,3.8965494565235335e-17,3.0320473647561645e-16,2.4835228746547653e-15,0,2.1596669201540131e-05,9.8957332326452454e-06
0.94099999999999995,0,0,0,3.7017219836973565e-17,2.8804449965183567e-16,2.3593467309220271e-15,0,2.0902652925647303e-05,9.5710871492161785e-06
0.9415,0,0,0,3.5166358845124887e-17,2.7364227466924387e-16,2.2413793943759261e-15,0,2.0229606637944819e-05,9.2564547176309271e-06
0.94199999999999995,0,0,0,3.3408040902868641e-17,2.5996016093578167e-16,2.1293104246571297e-15,0,1.9576954293776261e-05,8.9515566914297562e-06
0.9425,0,0,0,3.1737638857725211e-17,2.4696215288899262e-16,2.0228449034242735e-15,0,1.8944133085785353e-05,8.6561201496808944e-06
0.94299999999999995,0,0,0,3.0150756914838955e-17,2.3461404524454298e-16,1.9217026582530596e-15,0,1.8330593265947215e-05,8.3698784336583421e-06
0.94350000000000001,0,0,0,2.8643219069097005e-17,2.2288334298231579e-16,1.8256175253404068e-15,0,1.7735797961604405e-05,8.0925710786890136e-06
0.94399999999999995,0,0,0,2.7211058115642159e-17,2.1173917583320003e-16,1.7343366490733863e-15,0,1.7159222988061273e-05,7.8239437416900404e-06
0.94450000000000001,0,0,0,2.5850505209860049e-17,2.0115221704154004e-16,1.647619816619717e-15,0,1.6600356657403559e-05,7.5637481249418318e-06
0.94499999999999995,0,0,0,2.4557979949367045e-17,1.9109460618946303e-16,1.5652388257887311e-15,0,1.6058699583765268e-05,7.3117418962988258e-06
0.94550000000000001,0,0,0,2.3330080951898695e-17,1.8153987587998986e-16,1.4869768844992945e-15,0,1.553376448626409e-05,7.0676886064323625e-06
0.94599999999999995,0,0,0,2.216357690430376e-17,1.7246288208599036e-16,1.4126280402743297e-15,0,1.5025075989272274e-05,6.8313576032752535e-06
0.94650000000000001,0,0,0,2.1055398059088573e-17,1.6383973798169086e-16,1.3419966382606133e-15,0,1.4532170421244217e-05,6.6025239441770844e-06
0.94699999999999995,0,0,0,2.0002628156134146e-17,1.5564775108260631e-16,1.2748968063475827e-15,0,1.4054595611878717e-05,6.3809683059740499e-06
0.94750000000000001,0,0,0,1.9002496748327438e-17,1.47865363528476e-16,1.2111519660302036e-15,0,1.359191068839305e-05,6.1664768933633417e-06
0.94799999999999995,0,0,0,1.8052371910911065e-17,1.4047209535205219e-16,1.1505943677286934e-15,0,1.3143685870686816e-05,5.9588413456824968e-06
0.94850000000000001,0,0,0,1.7149753315365513e-17,1.334484905844496e-16,1.0930646493422586e-15,0,1.2709502266505801e-05,5.7578586425704386e-06
0.94899999999999995,0,0,0,1.6292265649597238e-17,1.2677606605522712e-16,1.0384114168751458e-15,0,1.2288951666050707e-05,5.5633310085644225e-06
0.94950000000000001,0,0,0,1.5477652367117374e-17,1.2043726275246575e-16,9.8649084603138853e-16,0,1.1881636337363055e-05,5.3750658169895006e-06
0.94999999999999996,0,0,0,1.4703769748761505e-17,1.1441539961484247e-16,9.3716630372981924e-16,0,1.148716882171108e-05,5.192875493309077e-06
0.95050000000000001,0,0,0,1.3968581261323431e-17,1.0869462963410034e-16,8.9030798854332814e-16,0,1.1105171729530738e-05,5.0165774180337157e-06
0.95099999999999996,0,0,0,1.327015219825726e-17,1.0325989815239533e-16,8.4579258911616183e-16,0,1.0735277537254895e-05,4.8459938293672839e-06
0.95150000000000001,0,0,0,1.2606644588344397e-17,9.8096903244775559e-17,8.0350295966035377e-16,0,1.0377128386029888e-05,4.6809517260671352e-06
0.95199999999999996,0,0,0,1.1976312358927178e-17,9.3192058082536779e-17,7.6332781167733603e-16,0,1.0030375880543119e-05,4.521282770199861e-06
0.95250000000000001,0,0,0,1.1377496740980819e-17,8.8532455178409948e-17,7.2516142109346926e-16,0,9.6946808900710835e-06,4.3668231902272199e-06
0.95299999999999996,0,0,0,1.0808621903931779e-17,8.4105832419489446e-17,6.8890335003879579e-16,0,9.369713351081721e-06,4.2174136845645904e-06
0.95350000000000001,0,0,0,1.0268190808735189e-17,7.9900540798514976e-17,6.5445818253685609e-16,0,9.0551520710580036e-06,4.0728993254478801e-06
0.95399999999999996,0,0,0,9.7547812682984301e-18,7.590551375858922e-17,6.2173527341001326e-16,0,8.750684534986064e-06,3.933129463669978e-06
0.95450000000000002,0,0,0,9.267042204883507e-18,7.2110238070659757e-17,5.9064850973951262e-16,0,8.4560067133976347e-06,3.7979576337948772e-06
0.95499999999999996,0,0,0,8.8036900946393322e-18,6.8504726167126776e-17,5.6111608425253699e-16,0,8.1708228726329324e-06,3.6672414603132453e-06
0.95550000000000002,0,0,0,8.3635055899073662e-18,6.5079489858770437e-17,5.3306028003991013e-16,0,7.8948453874350122e-06,3.540842564682406e-06
0.95599999999999996,0,0,0,7.9453303104119972e-18,6.182551536583192e-17,5.0640726603791463e-16,0,7.6277945557645666e-06,3.4186264732391809e-06
0.95650000000000002,0,0,0,7.5480637948913989e-18,5.873423959754032e-17,4.8108690273601886e-16,0,7.3693984160572157e-06,3.300462526222213e-06
0.95699999999999996,0,0,0,7.1706606051468278e-18,5.5797527617663316e-17,4.5703255759921798e-16,0,7.1193925673673775e-06,3.1862237879040273e-06
0.95750000000000002,0,0,0,6.8121275748894876e-18,5.3007651236780147e-17,4.3418092971925709e-16,0,6.8775199910664497e-06,3.0757869577558971e-06
0.95799999999999996,0,0,0,6.4715211961450136e-18,5.0357268674941141e-17,4.1247188323329421e-16,0,6.6435308760937062e-06,2.9690322828394476e-06
0.95850000000000002,0,0,0,6.1479451363377624e-18,4.783940524119408e-17,3.918482890716295e-16,0,6.4171824467607053e-06,2.8658434715258838e-06
0.95899999999999996,0,0,0,5.8405478795208742e-18,4.544743497913438e-17,3.7225587461804801e-16,0,6.1982387927761451e-06,2.7661076084288123e-06
0.95950000000000002,0,0,0,5.5485204855448305e-18,4.3175063230177655e-17,3.5364308088714563e-16,0,5.9864707023793429e-06,2.6697150705918578e-06
0.95999999999999996,0,0,0,5.271094461267589e-18,4.1016310068668774e-17,3.3596092684278836e-16,0,5.7816554980272272e-06,2.5765594450736264e-06
0.96050000000000002,0,0,0,5.0075397382042091e-18,3.8965494565235335e-17,3.1916288050064891e-16,0,5.583576875189955e-06,2.4865374478560181e-06
0.96099999999999997,0,0,0,4.7571627512939989e-18,3.7017219836973565e-17,3.0320473647561645e-16,0,5.3920247438110636e-06,2.399548844194634e-06
0.96150000000000002,0,0,0,4.519304613729299e-18,3.5166358845124887e-17,2.8804449965183567e-16,0,5.2067950723211354e-06,2.3154963702574949e-06
0.96199999999999997,0,0,0,4.2933393830428344e-18,3.3408040902868641e-17,2.7364227466924387e-16,0,5.027689734760088e-06,2.2342856562986312e-06
0.96250000000000002,0,0,0,4.0786724138906931e-18,3.1737638857725211e-17,2.5996016093578167e-16,0,4.8545163607860431e-06,2.155825151090597e-06
0.96299999999999997,0,0,0,3.8747387931961587e-18,3.0150756914838955e-17,2.4696215288899262e-16,0,4.687088188570776e-06,2.0800260480011728e-06
0.96350000000000002,0,0,0,3.6810018535363508e-18,2.8643219069097005e-17,2.3461404524454298e-16,0,4.5252239200266331e-06,2.0068022122975508e-06
0.96399999999999997,0,0,0,3.4969517608595332e-18,2.7211058115642159e-17,2.2288334298231579e-16,0,4.368747579586163e-06,1.9360701099713883e-06
0.96450000000000002,0,0,0,3.3221041728165568e-18,2.5850505209860049e-17,2.1173917583320003e-16,0,4.2174883753132164e-06,1.867748738006387e-06
0.96499999999999997,0,0,0,3.1559989641757291e-18,2.4557979949367045e-17,2.0115221704154004e-16,0,4.0712805629006255e-06,1.8017595560372695e-06
0.96550000000000002,0,0,0,2.9981990159669427e-18,2.3330080951898695e-17,1.9109460618946303e-16,0,3.9299633127765077e-06,1.7380264195209665e-06
0.96599999999999997,0,0,0,2.8482890651685956e-18,2.216357690430376e-17,1.8153987587998986e-16,0,3.793380579431016e-06,1.6764755142161874e-06
0.96650000000000003,0,0,0,2.7058746119101658e-18,2.1055398059088573e-17,1.7246288208599036e-16,0,3.6613809739627357e-06,1.6170352920953175e-06
0.96699999999999997,0,0,0,2.5705808813146577e-18,2.0002628156134146e-17,1.6383973798169086e-16,0,3.5338176394006382e-06,1.5596364087695443e-06
0.96750000000000003,0,0,0,2.4420518372489247e-18,1.9002496748327438e-17,1.5564775108260631e-16,0,3.4105481279134153e-06,1.504211662133084e-06
0.96799999999999997,0,0,0,2.3199492453864781e-18,1.8052371910911065e-17,1.47865363528476e-16,0,3.2914342820156151e-06,1.4506959325099503e-06
0.96850000000000003,0,0,0,2.2039517831171543e-18,1.7149753315365513e-17,1.4047209535205219e-16,0,3.1763421173280904e-06,1.3990261241284906e-06
0.96899999999999997,0,0,0,2.0937541939612965e-18,1.6292265649597238e-17,1.334484905844496e-16,0,3.0651417084470722e-06,1.3491411079252565e-06
0.96950000000000003,0,0,0,1.9890664842632317e-18,1.5477652367117374e-17,1.2677606605522712e-16,0,2.9577070774777781e-06,1.3009816658205697e-06
0.96999999999999997,0,0,0,1.8896131600500698e-18,1.4703769748761505e-17,1.2043726275246575e-16,0,2.8539160846774436e-06,1.2544904360447327e-06
0.97050000000000003,0,0,0,1.7951325020475664e-18,1.3968581261323431e-17,1.1441539961484247e-16,0,2.7536503220959574e-06,1.2096118600238582e-06
0.97099999999999997,0,0,0,1.7053758769451879e-18,1.327015219825726e-17,1.0869462963410034e-16,0,2.6567950094369408e-06,1.1662921304251341e-06
0.97150000000000003,0,0,0,1.6201070830979285e-18,1.2606644588344397e-17,1.0325989815239533e-16,0,2.5632388926943861e-06,1.1244791405243326e-06
0.97199999999999998,0,0,0,1.539101728943032e-18,1.1976312358927178e-17,9.8096903244775559e-17,0,2.472874144565651e-06,1.0841224347319959e-06
0.97250000000000003,0,0,0,1.4621466424958803e-18,1.1377496740980819e-17,9.3192058082536779e-17,0,2.3855962678620557e-06,1.0451731604156732e-06
0.97299999999999998,0,0,0,1.3890393103710863e-18,1.0808621903931779e-17,8.8532455178409948e-17,0,2.3013040011399255e-06,1.007584020966534e-06
0.97350000000000003,0,0,0,1.319587344852532e-18,1.0268190808735189e-17,8.4105832419489446e-17,0,2.2198992264410577e-06,9.7130922996097883e-07
0.97399999999999998,0,0,0,1.2536079776099053e-18,9.7547812682984301e-18,7.9900540798514976e-17,0,2.141286879475679e-06,9.3630446658958082e-07
0.97450000000000003,0,0,0,1.1909275787294102e-18,9.267042204883507e-18,7.590551375858922e-17,0,2.0653748616927814e-06,9.0252683213176039e-07
0.97499999999999998,0,0,0,1.1313811997929397e-18,8.8036900946393322e-18,7.2110238070659757e-17,0,1.9920739552370392e-06,8.6993480762708303e-07
0.97550000000000003,0,0,0,1.0748121398032928e-18,8.3635055899073662e-18,6.8504726167126776e-17,0,1.9212977394600372e-06,8.384882126874799e-07
0.97599999999999998,0,0,0,1.0210715328131281e-18,7.9453303104119972e-18,6.5079489858770437e-17,0,1.852962509540923e-06,8.0814816524698534e-07
0.97650000000000003,0,0,0,9.7001795617247172e-19,7.5480637948913989e-18,6.182551536583192e-17,0,1.7869871974385276e-06,7.7887704252740508e-07
0.97699999999999998,0,0,0,9.2151705836384812e-19,7.1706606051468278e-18,5.873423959754032e-17,0,1.7232932949529101e-06,7.5063844297761405e-07
0.97750000000000004,0,0,0,8.7544120544565575e-19,6.8121275748894876e-18,5.5797527617663316e-17,0,1.6618047783412138e-06,7.2339714922106285e-07
0.97799999999999998,0,0,0,8.3166914517337298e-19,6.4715211961450136e-18,5.3007651236780147e-17,0,1.6024480352649917e-06,6.9711909204691342e-07
0.97850000000000004,0,0,0,7.9008568791470433e-19,6.1479451363377624e-18,5.0357268674941141e-17,0,1.5451517937359327e-06,6.7177131537797955e-07
0.97899999999999998,0,0,0,7.5058140351896909e-19,5.8405478795208742e-18,4.783940524119408e-17,0,1.4898470526159002e-06,6.4732194219754789e-07
0.97950000000000004,0,0,0,7.1305233334302068e-19,5.5485204855448305e-18,4.544743497913438e-17,0,1.4364670136712832e-06,6.2374014129488211e-07
0.97999999999999998,0,0,0,6.7739971667586969e-19,5.271094461267589e-18,4.3175063230177655e-17,0,1.3849470166249489e-06,6.0099609517478638e-07
0.98050000000000004,0,0,0,6.4352973084207621e-19,5.0075397382042091e-18,4.1016310068668774e-17,0,1.3352244744302411e-06,5.7906096858569169e-07
0.98099999999999998,0,0,0,6.1135324429997246e-19,4.7571627512939989e-18,3.8965494565235335e-17,0,1.2872388114315569e-06,5.5790687815824063e-07
0.98150000000000004,0,0,0,5.8078558208497376e-19,4.519304613729299e-18,3.7017219836973565e-17,0,1.2409314027461704e-06,5.3750686274308046e-07
0.98199999999999998,0,0,0,5.5174630298072507e-19,4.2933393830428344e-18,3.5166358845124887e-17,0,1.1962455150893447e-06,5.1783485466767695e-07
0.98250000000000004,0,0,0,5.2415898783168876e-19,4.0786724138906931e-18,3.3408040902868641e-17,0,1.1531262498198913e-06,4.9886565181149168e-07
0.98299999999999998,0,0,0,4.9795103844010425e-19,3.8747387931961587e-18,3.1737638857725211e-17,0,1.1115204869849293e-06,4.8057489040811506e-07
0.98350000000000004,0,0,0,4.7305348651809902e-19,3.6810018535363508e-18,3.0150756914838955e-17,0,1.0713768310299798e-06,4.6293901870743458e-07
0.98399999999999999,0,0,0,4.4940081219219401e-19,3.4969517608595332e-18,2.8643219069097005e-17,0,1.0326455582854166e-06,4.4593527132771279e-07
0.98450000000000004,0,0,0,4.269307715825843e-19,3.3221041728165568e-18,2.7211058115642159e-17,0,9.9527856567416251e-07,4.2954164443066723e-07
0.98499999999999999,0,0,0,4.0558423300345511e-19,3.1559989641757291e-18,2.5850505209860049e-17,0,9.5922932075165335e-07,4.1373687152373675e-07
0.98550000000000004,0,0,0,3.8530502135328237e-19,2.9981990159669427e-18,2.4557979949367045e-17,0,9.2445281363318088e-07,3.985004000444049e-07
0.98599999999999999,0,0,0,3.6603977028561828e-19,2.8482890651685956e-18,2.3330080951898695e-17,0,8.9090550958736969e-07,3.8381236863493061e-07
0.98650000000000004,0,0,0,3.4773778177133738e-19,2.7058746119101658e-18,2.216357690430376e-17,0,8.5854530362805548e-07,3.6965358502195849e-07
0.98699999999999999,0,0,0,3.303508926827705e-19,2.5705808813146577e-18,2.1055398059088573e-17,0,8.2733147588331946e-07,3.5600550457367738e-07
0.98750000000000004,0,0,0,3.1383334804863198e-19,2.4420518372489247e-18,2.0002628156134146e-17,0,7.9722464862985731e-07,3.4285020951771347e-07
0.98799999999999999,0,0,0,2.9814168064620037e-19,2.3199492453864781e-18,1.9002496748327438e-17,0,7.6818674432654888e-07,3.3017038878308368e-07
0.98850000000000005,0,0,0,2.8323459661389035e-19,2.2039517831171543e-18,1.8052371910911065e-17,0,7.4018094486927311e-07,3.1794931840371922e-07
0.98899999999999999,0,0,0,2.6907286678319585e-19,2.0937541939612965e-18,1.7149753315365513e-17,0,7.1317165217799072e-07,3.0617084253271578e-07
0.98950000000000005,0,0,0,2.5561922344403604e-19,1.9890664842632317e-18,1.6292265649597238e-17,0,6.8712444989404986e-07,2.9481935508654933e-07
0.98999999999999999,0,0,0,2.4283826227183424e-19,1.8896131600500698e-18,1.5477652367117374e-17,0,6.6200606596567013e-07,2.8387978183906853e-07
0.99050000000000005,0,0,0,2.3069634915824255e-19,1.7951325020475664e-18,1.4703769748761505e-17,0,6.3778433634364973e-07,2.7333756305323781e-07
0.99099999999999999,0,0,0,2.1916153170033043e-19,1.7053758769451879e-18,1.3968581261323431e-17,0,6.1442817034240704e-07,2.6317863678515712e-07
0.99150000000000005,0,0,0,2.082034551153139e-19,1.6201070830979285e-18,1.327015219825726e-17,0,5.9190751622306692e-07,2.5338942260122943e-07
0.99199999999999999,0,0,0,1.977932823595482e-19,1.539101728943032e-18,1.2606644588344397e-17,0,5.7019332821983681e-07,2.4395680573206906e-07
0.99250000000000005,0,0,0,1.8790361824157081e-19,1.4621466424958803e-18,1.1976312358927178e-17,0,5.4925753445456138e-07,2.348681218327503e-07
0.99299999999999999,0,0,0,1.7850843732949225e-19,1.3890393103710863e-18,1.1377496740980819e-17,0,5.2907300596150009e-07,2.2611114219026035e-07
0.99350000000000005,0,0,0,1.6958301546301762e-19,1.319587344852532e-18,1.0808621903931779e-17,0,5.0961352626721634e-07,2.1767405935137536e-07
0.99399999999999999,0,0,0,1.6110386468986676e-19,1.2536079776099053e-18,1.0268190808735189e-17,0,4.9085376208068965e-07,2.0954547314062768e-07
0.99450000000000005,0,0,0,1.5304867145537342e-19,1.1909275787294102e-18,9.7547812682984301e-18,0,4.7276923520467307e-07,2.0171437725416102e-07
0.995,0,0,0,1.4539623788260475e-19,1.1313811997929397e-18,9.267042204883507e-18,0,4.553362944470507e-07,1.9417014613956379e-07
0.99550000000000005,0,0,0,1.3812642598847452e-19,1.0748121398032928e-18,8.8036900946393322e-18,0,4.3853208953059664e-07,1.8690252238362784e-07
0.996,0,0,0,1.3122010468905079e-19,1.0210715328131281e-18,8.3635055899073662e-18,0,4.2233454478068921e-07,1.7990160448306857e-07
0.99650000000000005,0,0,0,1.2465909945459825e-19,9.7001795617247172e-19,7.9453303104119972e-18,0,4.0672233392324841e-07,1.7315783490378344e-07
0.997,0,0,0,1.1842614448186832e-19,9.2151705836384812e-19,7.5480637948913989e-18,0,3.916748559928962e-07,1.6666198862400729e-07
0.99750000000000005,0,0,0,1.1250483725777492e-19,8.7544120544565575e-19,7.1706606051468278e-18,0,3.7717221157418379e-07,1.6040516198049475e-07
0.998,0,0,0,1.0687959539488617e-19,8.3166914517337298e-19,6.8121275748894876e-18,0,3.6319518015304197e-07,1.5437876198235825e-07
0.99850000000000005,0,0,0,1.0153561562514186e-19,7.9008568791470433e-19,6.4715211961450136e-18,0,3.4972519735720908e-07,1.4857449573743375e-07
0.999,0,0,0,9.6458834843884763e-20,7.5058140351896909e-19,6.1479451363377624e-18,0,3.3674433397301584e-07,1.4298436045324486e-07
0.99950000000000006,0,0,0,9.1635893101690526e-20,7.1305233334302068e-19,5.8405478795208742e-18,0,3.242352750731925e-07,1.3760063362030439e-07
1,0,0,0,8.7054098446605997e-20,6.7739971667586969e-19,5.5485204855448305e-18,0,3.1218129947774287e-07,1.3241586354573887e-07
1.0004999999999999,0,0,0,8.2701393524275699e-20,6.4352973084207621e-19,5.271094461267589e-18,0,3.0056626054708602e-07,1.2742286017984453e-07
1.0009999999999999,0,0,0,7.8566323848061919e-20,6.1135324429997246e-19,5.0075397382042091e-18,0,2.8937456708622022e-07,1.2261468627521055e-07
1.0015000000000001,0,0,0,7.4638007655658829e-20,5.8078558208497376e-19,4.7571627512939989e-18,0,2.7859116491502078e-07,1.1798464880148432e-07
1.002,0,0,0,7.0906107272875894e-20,5.5174630298072507e-19,4.519304613729299e-18,0,2.682015191046716e-07,1.1352629061696251e-07
1.0024999999999999,0,0,0,6.7360801909232095e-20,5.2415898783168876e-19,4.2933393830428344e-18,0,2.5819159699125294e-07,1.0923338248772978e-07
1.0029999999999999,0,0,0,6.3992761813770479e-20,4.9795103844010425e-19,4.0786724138906931e-18,0,2.4854785118932909e-07,1.0509991528226956e-07
1.0035000000000001,0,0,0,6.0793123723081959e-20,4.7305348651809902e-19,3.8747387931961587e-18,0,2.392572033826923e-07,1.0112009242196689e-07
1.004,0,0,0,5.775346753692785e-20,4.4940081219219401e-19,3.6810018535363508e-18,0,2.3030702911430723e-07,9.728832266569948e-08
1.0044999999999999,0,0,0,5.4865794160081468e-20,4.269307715825843e-19,3.4969517608595332e-18,0,2.2168514213216639e-07,9.3599213048265018e-08
1.0049999999999999,0,0,0,5.212250445207739e-20,4.0558423300345511e-19,3.3221041728165568e-18,0,2.1337977984536849e-07,9.004756203487764e-08
1.0055000000000001,0,0,0,4.9516379229473517e-20,3.8530502135328237e-19,3.1559989641757291e-18,0,2.0537958944633061e-07,8.6628352996606769e-08
1.006,0,0,0,4.7040560267999849e-20,3.6603977028561828e-19,2.9981990159669427e-18,0,1.9767361392197813e-07,8.3336747882470221e-08
1.0065,0,0,0,4.4688532254599851e-20,3.4773778177133738e-19,2.8482890651685956e-18,0,1.9025127839800149e-07,8.0168080955649828e-08
1.0069999999999999,0,0,0,4.2454105641869857e-20,3.303508926827705e-19,2.7058746119101658e-18,0,1.8310237803742524e-07,7.7117852931359281e-08
1.0075000000000001,0,0,0,4.0331400359776368e-20,3.1383334804863198e-19,2.5705808813146577e-18,0,1.7621706482895405e-07,7.4181725158455026e-08
1.008,0,0,0,3.8314830341787547e-20,2.9814168064620037e-19,2.4420518372489247e-18,0,1.6958583581860864e-07,7.1355514073747801e-08
1.0085,0,0,0,3.6399088824698172e-20,2.8323459661389035e-19,2.3199492453864781e-18,0,1.6319952156340634e-07,6.8635185872876652e-08
1.0089999999999999,0,0,0,3.4579134383463262e-20,2.6907286678319585e-19,2.2039517831171543e-18,0,1.5704927469606389e-07,6.6016851296850389e-08
1.0095000000000001,0,0,0,3.2850177664290104e-20,2.5561922344403604e-19,2.0937541939612965e-18,0,1.5112655893378957e-07,6.3496760558343293e-08
1.01,0,0,0,3.1207668781075594e-20,2.4283826227183424e-19,1.9890664842632317e-18,0,1.454231384201421e-07,6.1071298474867423e-08
1.0105,0,0,0,2.9647285342021813e-20,2.3069634915824255e-19,1.8896131600500698e-18,0,1.3993106795506804e-07,5.8736979865487468e-08
1.0109999999999999,0,0,0,2.8164921074920721e-20,2.1916153170033043e-19,1.7951325020475664e-18,0,1.346426824477831e-07,5.6490444952522914e-08
1.0115000000000001,0,0,0,2.6756675021174688e-20,2.082034551153139e-19,1.7053758769451879e-18,0,1.2955058770192096e-07,5.432845495925275e-08
1.012,0,0,0,2.5418841270115955e-20,1.977932823595482e-19,1.6201070830979285e-18,0,1.2464765131170452e-07,5.2247887938364797e-08
1.0125,0,0,0,2.4147899206610158e-20,1.8790361824157081e-19,1.539101728943032e-18,0,1.1992699322505018e-07,5.0245734622531973e-08
1.0129999999999999,0,0,0,2.2940504246279651e-20,1.7850843732949225e-19,1.4621466424958803e-18,0,1.1538197752791746e-07,4.8319094482179495e-08
1.0135000000000001,0,0,0,2.1793479033965667e-20,1.6958301546301762e-19,1.3890393103710863e-18,0,1.1100620367354708e-07,4.6465171854252796e-08
1.014,0,0,0,2.0703805082267385e-20,1.6110386468986676e-19,1.319587344852532e-18,0,1.0679349871089983e-07,4.4681272348629539e-08
1.0145,0,0,0,1.9668614828154016e-20,1.5304867145537342e-19,1.2536079776099053e-18,0,1.0273790951309536e-07,4.2964799255874307e-08
1.0149999999999999,0,0,0,1.8685184086746312e-20,1.4539623788260475e-19,1.1909275787294102e-18,0,9.8833694672784134e-08,4.1313250058668157e-08
1.0155000000000001,0,0,0,1.7750924882409e-20,1.3812642598847452e-19,1.1313811997929397e-18,0,9.5075317507742341e-08,3.9724213100863496e-08
1.016,0,0,0,1.6863378638288549e-20,1.3122010468905079e-19,1.0748121398032928e-18,0,9.1457439177489164e-08,3.8195364436532044e-08
1.0165,0,0,0,1.6020209706374121e-20,1.2465909945459825e-19,1.0210715328131281e-18,0,8.7974911688881718e-08,3.6724464706559654e-08
1.0169999999999999,0,0,0,1.5219199221055413e-20,1.1842614448186832e-19,9.7001795617247172e-19,0,8.4622770901709998e-08,3.5309356046072971e-08
1.0175000000000001,0,0,0,1.4458239260002644e-20,1.1250483725777492e-19,9.2151705836384812e-19,0,8.1396230644514844e-08,3.3947959307537828e-08
1.018,0,0,0,1.3735327297002513e-20,1.0687959539488617e-19,8.7544120544565575e-19,0,7.8290676386316704e-08,3.2638271220075341e-08
1.0185,0,0,0,1.3048560932152386e-20,1.0153561562514186e-19,8.3166914517337298e-19,0,7.5301659130388998e-08,3.1378361687039525e-08
1.0189999999999999,0,0,0,1.2396132885544767e-20,9.6458834843884763e-20,7.9008568791470433e-19,0,7.2424889752120691e-08,3.0166371225248212e-08
1.0195000000000001,0,0,0,1.1776326241267528e-20,9.1635893101690526e-20,7.5058140351896909e-19,0,6.9656233447901172e-08,2.9000508381033842e-08
1.02,0,0,0,1.1187509929204153e-20,8.7054098446605997e-20,7.1305233334302068e-19,0,6.6991704072982827e-08,2.7879047298210234e-08
1.0205,0,0,0,1.0628134432743945e-20,8.2701393524275699e-20,6.7739971667586969e-19,0,6.4427459367522033e-08,2.6800325410906353e-08
1.0209999999999999,0,0,0,1.0096727711106748e-20,7.8566323848061919e-20,6.4352973084207621e-19,0,6.1959795516486338e-08,2.5762741166511236e-08
1.0215000000000001,0,0,0,9.5918913255514094e-21,7.4638007655658829e-20,6.1135324429997246e-19,0,5.9585142708762362e-08,2.476475190962269e-08
1.022,0,0,0,9.1122967592738397e-21,7.0906107272875894e-20,5.8078558208497376e-19,0,5.730005980808528e-08,2.3804871614099557e-08
1.0225,0,0,0,8.6566819213101474e-21,6.7360801909232095e-20,5.5174630298072507e-19,0,5.5101230356235931e-08,2.2881668978552335e-08
1.0229999999999999,0,0,0,8.2238478252446401e-21,6.3992761813770479e-20,5.2415898783168876e-19,0,5.2985458243171024e-08,2.1993765437833156e-08
1.0235000000000001,0,0,0,7.8126554339824093e-21,6.0793123723081959e-20,4.9795103844010425e-19,0,5.0949662933064133e-08,2.1139833222490478e-08
1.024,0,0,0,7.4220226622832877e-21,5.775346753692785e-20,4.7305348651809902e-19,0,4.8990875911592013e-08,2.0318593603731674e-08
1.0245,0,0,0,7.0509215291691233e-21,5.4865794160081468e-20,4.4940081219219401e-19,0,4.7106236356064812e-08,1.9528815015334833e-08
1.0249999999999999,0,0,0,6.6983754527106674e-21,5.212250445207739e-20,4.269307715825843e-19,0,4.5292987471690083e-08,1.8769311416480787e-08
1.0255000000000001,0,0,0,6.363456680075134e-21,4.9516379229473517e-20,4.0558423300345511e-19,0,4.3548472938859106e-08,1.8038940683354495e-08
1.026,0,0,0,6.0452838460713775e-21,4.7040560267999849e-20,3.8530502135328237e-19,0,4.187013313838861e-08,1.7336602955277416e-08
1.0265,0,0,0,5.7430196537678081e-21,4.4688532254599851e-20,3.6603977028561828e-19,0,4.0255501820851691e-08,1.6661239169605354e-08
1.0269999999999999,0,0,0,5.4558686710794171e-21,4.2454105641869857e-20,3.4773778177133738e-19,0,3.8702202664886443e-08,1.6011829475701965e-08
1.0275000000000001,0,0,0,5.1830752375254472e-21,4.0331400359776368e-20,3.303508926827705e-19,0,3.7207946390616087e-08,1.5387391942619831e-08
1.028,0,0,0,4.923921475649174e-21,3.8314830341787547e-20,3.1383334804863198e-19,0,3.5770527095912996e-08,1.4786981060163411e-08
1.0285,0,0,0,4.6777254018667159e-21,3.6399088824698172e-20,2.9814168064620037e-19,0,3.4387819924930341e-08,1.420968651626997e-08
1.0289999999999999,0,0,0,4.4438391317733803e-21,3.4579134383463262e-20,2.8323459661389035e-19,0,3.3057777737433014e-08,1.3654631859219273e-08
1.0295000000000001,0,0,0,4.2216471751847117e-21,3.2850177664290104e-20,2.6907286678319585e-19,0,3.1778428444262374e-08,1.3120973264559311e-08
1.03,0,0,0,4.0105648164254756e-21,3.1207668781075594e-20,2.5561922344403604e-19,0,3.0547872453823288e-08,1.2607898396087912e-08
1.0305,0,0,0,3.8100365756042016e-21,2.9647285342021813e-20,2.4283826227183424e-19,0,2.9364280007548871e-08,1.2114625238283342e-08
1.0309999999999999,0,0,0,3.6195347468239914e-21,2.8164921074920721e-20,2.3069634915824255e-19,0,2.8225888404342925e-08,1.1640400910097424e-08
1.0315000000000001,0,0,0,3.4385580094827925e-21,2.6756675021174688e-20,2.1916153170033043e-19,0,2.7130999891156193e-08,1.1184500697879e-08
1.032,0,0,0,3.2666301090086526e-21,2.5418841270115955e-20,2.082034551153139e-19,0,2.6077979331518009e-08,1.0746226961494925e-08
1.0325,0,0,0,3.1032986035582196e-21,2.4147899206610158e-20,1.977932823595482e-19,0,2.5065251763045637e-08,1.0324908163274093e-08
1.0329999999999999,0,0,0,2.9481336733803087e-21,2.2940504246279651e-20,1.8790361824157081e-19,0,2.4091300399042836e-08,9.9198979257283902e-09
1.0335000000000001,0,0,0,2.8007269897112932e-21,2.1793479033965667e-20,1.7850843732949225e-19,0,2.3154664630098409e-08,9.5305741209083939e-09
1.034,0,0,0,2.6606906402257287e-21,2.0703805082267385e-20,1.6958301546301762e-19,0,2.2253937581595551e-08,9.1563379418601131e-09
1.0345,0,0,0,2.5276561082144422e-21,1.9668614828154016e-20,1.6110386468986676e-19,0,2.1387764559399614e-08,8.7966130651961243e-09
1.0349999999999999,0,0,0,2.4012733028037203e-21,1.8685184086746312e-20,1.5304867145537342e-19,0,2.0554841051456663e-08,8.4508448217449364e-09
1.0355000000000001,0,0,0,2.2812096376635344e-21,1.7750924882409e-20,1.4539623788260475e-19,0,1.9753910729392032e-08,8.1184993981732616e-09
1.036,0,0,0,2.1671491557803579e-21,1.6863378638288549e-20,1.3812642598847452e-19,0,1.8983764005220394e-08,7.7990630331270908e-09
1.0365,0,0,0,2.0587916979913399e-21,1.6020209706374121e-20,1.3122010468905079e-19,0,1.8243236143966612e-08,7.4920413382928178e-09
1.0369999999999999,0,0,0,1.955852113091773e-21,1.5219199221055413e-20,1.2465909945459825e-19,0,1.7531205709353515e-08,7.1969585339559286e-09
1.0375000000000001,0,0,0,1.8580595074371847e-21,1.4458239260002644e-20,1.1842614448186832e-19,0,1.6846593009489652e-08,6.9133568214926802e-09
1.038,0,0,0,1.7651565320653253e-21,1.3735327297002513e-20,1.1250483725777492e-19,0,1.6188358431534766e-08,6.6407956396517074e-09
1.0385,0,0,0,1.6768987054620593e-21,1.3048560932152386e-20,1.0687959539488617e-19,0,1.5555501109432157e-08,6.3788510762727651e-09
1.0389999999999999,0,0,0,1.5930537701889562e-21,1.2396132885544767e-20,1.0153561562514186e-19,0,1.4947057480618753e-08,6.1271152272737218e-09
1.0395000000000001,0,0,0,1.5134010816795084e-21,1.1776326241267528e-20,9.6458834843884763e-20,0,1.4362099953757479e-08,5.8851956240138702e-09
1.04,0,0,0,1.4377310275955329e-21,1.1187509929204153e-20,9.1635893101690526e-20,0,1.3799735576469629e-08,5.6527146667423708e-09
1.0405,0,0,0,1.3658444762157562e-21,1.0628134432743945e-20,8.7054098446605997e-20,0,1.3259104703067237e-08,5.4293090491691288e-09
1.0409999999999999,0,0,0,1.2975522524049683e-21,1.0096727711106748e-20,8.2701393524275699e-20,0,1.2739379773307746e-08,5.2146291900903961e-09
1.0415000000000001,0,0,0,1.2326746397847198e-21,9.5918913255514094e-21,7.8566323848061919e-20,0,1.2239764424215593e-08,5.0083388366669889e-09
1.042,0,0,0,1.1710409077954839e-21,9.1122967592738397e-21,7.4638007655658829e-20,0,1.1759491935769972e-08,4.8101144585084292e-09
1.0425,0,0,0,1.1124888624057095e-21,8.6566819213101474e-21,7.0906107272875894e-20,0,1.1297824342726415e-08,4.6196448135951256e-09
1.0429999999999999,0,0,0,1.0568644192854241e-21,8.2238478252446401e-21,6.7360801909232095e-20,0,1.0854051435416068e-08,4.4366305107243776e-09
1.0435000000000001,0,0,0,1.0040211983211528e-21,7.8126554339824093e-21,6.3992761813770479e-20,0,1.0427489427478065e-08,4.2607834797385828e-09
1.044,0,0,0,9.5382013840509538e-22,7.4220226622832877e-21,6.0793123723081959e-20,0,1.0017480622792618e-08,4.0918267028008051e-09
1.0445,0,0,0,9.0612913148484065e-22,7.0509215291691233e-21,5.775346753692785e-20,0,9.6233917501464816e-09,3.929493679182938e-09
1.0449999999999999,0,0,0,8.6082267491059867e-22,6.6983754527106674e-21,5.4865794160081468e-20,0,9.2446134081214382e-09,3.7735280373419013e-09
1.0455000000000001,0,0,0,8.1778154116506865e-22,6.363456680075134e-21,5.212250445207739e-20,0,8.8805591769158809e-09,3.623683204592782e-09
1.046,0,0,0,7.7689246410681517e-22,6.0452838460713775e-21,4.9516379229473517e-20,0,8.5306648411886954e-09,3.4797220244313537e-09
1.0465,0,0,0,7.3804784090147438e-22,5.7430196537678081e-21,4.7040560267999849e-20,0,8.1943872798362349e-09,3.3414163910824912e-09
1.0469999999999999,0,0,0,7.0114544885640071e-22,5.4558686710794171e-21,4.4688532254599851e-20,0,7.871204021903111e-09,3.2085469338426748e-09
1.0475000000000001,0,0,0,6.6608817641358072e-22,5.1830752375254472e-21,4.2454105641869857e-20,0,7.5606120253368658e-09,3.0809026182787385e-09
1.048,0,0,0,6.3278376759290172e-22,4.923921475649174e-21,4.0331400359776368e-20,0,7.2621276769879728e-09,2.958280524448687e-09
1.0485,0,0,0,6.0114457921325666e-22,4.6777254018667159e-21,3.8314830341787547e-20,0,6.9752854603422065e-09,2.8404855093821193e-09
1.0489999999999999,0,0,0,5.7108735025259378e-22,4.4438391317733803e-21,3.6399088824698172e-20,0,6.6996372893868283e-09,2.7273298582569139e-09
1.0495000000000001,0,0,0,5.4253298273996403e-22,4.2216471751847117e-21,3.4579134383463262e-20,0,6.4347522865659812e-09,2.6186330823947302e-09
1.05,0,0,0,5.1540633360296592e-22,4.0105648164254756e-21,3.2850177664290104e-20,0,6.1802160056245725e-09,2.5142216588989221e-09
1.0505,0,0,0,4.8963601692281761e-22,3.8100365756042016e-21,3.1207668781075594e-20,0,5.935629432407552e-09,2.4139286679489037e-09
1.0509999999999999,0,0,0,4.6515421607667667e-22,3.6195347468239914e-21,2.9647285342021813e-20,0,5.7006088738376093e-09,2.3175936074331839e-09
1.0515000000000001,0,0,0,4.4189650527284282e-22,3.4385580094827925e-21,2.8164921074920721e-20,0,5.4747851807590564e-09,2.2250621819973065e-09
1.052,0,0,0,4.1980168000920075e-22,3.2666301090086526e-21,2.6756675021174688e-20,0,5.2578031928263158e-09,2.1361860111413918e-09
1.0525,0,0,0,3.9881159600874069e-22,3.1032986035582196e-21,2.5418841270115955e-20,0,5.0493211833924079e-09,2.0508223872734823e-09
1.0529999999999999,0,0,0,3.7887101620830368e-22,2.9481336733803087e-21,2.4147899206610158e-20,0,4.8490105264420436e-09,1.9688341306219485e-09
1.0535000000000001,0,0,0,3.5992746539788846e-22,2.8007269897112932e-21,2.2940504246279651e-20,0,4.6565552525024145e-09,1.8900893660274969e-09
1.054,0,0,0,3.4193109212799404e-22,2.6606906402257287e-21,2.1793479033965667e-20,0,4.471651271487076e-09,1.8144612872893262e-09
1.0545,0,0,0,3.2483453752159428e-22,2.5276561082144422e-21,2.0703805082267385e-20,0,4.2940059286067367e-09,1.7418279262367156e-09
1.0549999999999999,0,0,0,3.0859281064551456e-22,2.4012733028037203e-21,1.9668614828154016e-20,0,4.1233381153915616e-09,1.6720721047825164e-09
1.0555000000000001,0,0,0,2.9316317011323884e-22,2.2812096376635344e-21,1.8685184086746312e-20,0,3.9593772704904495e-09,1.6050811594784705e-09
1.056,0,0,0,2.7850501160757691e-22,2.1671491557803579e-21,1.7750924882409e-20,0,3.8018630466041259e-09,1.5407467360114358e-09
1.0565,0,0,0,2.6457976102719803e-22,2.0587916979913399e-21,1.6863378638288549e-20,0,3.6505453104851426e-09,1.4789647064543037e-09
1.0569999999999999,0,0,0,2.5135077297583816e-22,1.955852113091773e-21,1.6020209706374121e-20,0,3.5051832547594586e-09,1.4196349610515932e-09
1.0575000000000001,0,0,0,2.3878323432704621e-22,1.8580595074371847e-21,1.5219199221055413e-20,0,3.3655453979264394e-09,1.3626612466021084e-09
1.0580000000000001,0,0,0,2.2684407261069393e-22,1.7651565320653253e-21,1.4458239260002644e-20,0,3.2314091402696477e-09,1.3079510609587277e-09
1.0585,0,0,0,2.1550186898015921e-22,1.6768987054620593e-21,1.3735327297002513e-20,0,3.1025603197676332e-09,1.2554154685119793e-09
1.0589999999999999,0,0,0,2.0472677553115125e-22,1.5930537701889562e-21,1.3048560932152386e-20,0,2.9787932120939331e-09,1.2049690182912295e-09
1.0595000000000001,0,0,0,1.9449043675459368e-22,1.5134010816795084e-21,1.2396132885544767e-20,0,2.8599098644832566e-09,1.1565295877045316e-09
1.0600000000000001,0,0,0,1.8476591491686401e-22,1.4377310275955329e-21,1.1776326241267528e-20,0,2.7457198736868804e-09,1.1100181777370423e-09
1.0605,0,0,0,1.7552761917102081e-22,1.3658444762157562e-21,1.1187509929204153e-20,0,2.636040163928044e-09,1.0653589077591351e-09
1.0609999999999999,0,0,0,1.6675123821246978e-22,1.2975522524049683e-21,1.0628134432743945e-20,0,2.5306947648573441e-09,1.0224788193901982e-09
1.0615000000000001,0,0,0,1.5841367630184629e-22,1.2326746397847198e-21,1.0096727711106748e-20,0,2.4295143674635256e-09,9.8130778701469222e-10
1.0620000000000001,0,0,0,1.5049299248675396e-22,1.1710409077954839e-21,9.5918913255514094e-21,0,2.3323364350957831e-09,9.4177844651921669e-10
1.0625,0,0,0,1.4296834286241626e-22,1.1124888624057095e-21,9.1122967592738397e-21,0,2.2390045373299472e-09,9.0382608452463347e-10
1.0629999999999999,0,0,0,1.3581992571929546e-22,1.0568644192854241e-21,8.6566819213101474e-21,0,2.1493680169015761e-09,8.6738839903181275e-10
1.0634999999999999,0,0,0,1.2902892943333069e-22,1.0040211983211528e-21,8.2238478252446401e-21,0,2.0632825448174685e-09,8.3240563872197559e-10
1.0640000000000001,0,0,0,1.2257748296166414e-22,9.5382013840509538e-22,7.8126554339824093e-21,0,1.9806088991103366e-09,7.9882029554495301e-10
1.0645,0,0,0,1.1644860881358093e-22,9.0612913148484065e-22,7.4220226622832877e-21,0,1.9012135199503177e-09,7.6657716104370364e-10
1.0649999999999999,0,0,0,1.1062617837290188e-22,8.6082267491059867e-22,7.0509215291691233e-21,0,1.8249679545334629e-09,7.3562315752485031e-10
1.0654999999999999,0,0,0,1.050948694542568e-22,8.1778154116506865e-22,6.6983754527106674e-21,0,1.7517486350371314e-09,7.0590727924977229e-10
1.0660000000000001,0,0,0,9.984012598154395e-23,7.7689246410681517e-22,6.363456680075134e-21,0,1.6814368786199907e-09,6.7738054119565392e-10
1.0665,0,0,0,9.4848119682466762e-23,7.3804784090147438e-22,6.0452838460713775e-21,0,1.6139185543551093e-09,6.4999584280940739e-10
1.0669999999999999,0,0,0,9.0105713698343412e-23,7.0114544885640071e-22,5.7430196537678081e-21,0,1.5490838611853519e-09,6.2370791761867187e-10
1.0674999999999999,0,0,0,8.5600428013426254e-23,6.6608817641358072e-22,5.4558686710794171e-21,0,1.486827327923379e-09,5.984732874891899e-10
1.0680000000000001,0,0,0,8.1320406612754931e-23,6.3278376759290172e-22,5.1830752375254472e-21,0,1.4270477022293448e-09,5.7425021991523571e-10
1.0685,0,0,0,7.7254386282117188e-23,6.0114457921325666e-22,4.923921475649174e-21,0,1.3696473954993849e-09,5.5099853309231011e-10
1.069,0,0,0,7.3391666968011334e-23,5.7108735025259378e-22,4.6777254018667159e-21,0,1.3145329269548256e-09,5.2867969996939079e-10
1.0694999999999999,0,0,0,6.9722083619610766e-23,5.4253298273996403e-22,4.4438391317733803e-21,0,1.26161425750837e-09,5.0725669772526939e-10
1.0700000000000001,0,0,0,6.6235979438630231e-23,5.1540633360296592e-22,4.2216471751847117e-21,0,1.2108047897640972e-09,4.8669390951004887e-10
1.0705,0,0,0,6.2924180466698724e-23,4.8963601692281761e-22,4.0105648164254756e-21,0,1.1620214790397654e-09,4.6695715025280173e-10
1.071,0,0,0,5.9777971443363794e-23,4.6515421607667667e-22,3.8100365756042016e-21,0,1.1151843892776014e-09,4.48013580709807e-10
1.0714999999999999,0,0,0,5.6789072871195607e-23,4.4189650527284282e-22,3.6195347468239914e-21,0,1.0702166930443013e-09,4.2983162565754293e-10
1.0720000000000001,0,0,0,5.3949619227635829e-23,4.1980168000920075e-22,3.4385580094827925e-21,0,1.02704467153103e-09,4.123809847399076e-10
1.0725,0,0,0,5.1252138266254034e-23,3.9881159600874069e-22,3.2666301090086526e-21,0,9.8559727046421131e-10,3.9563251105100878e-10
1.073,0,0,0,4.8689531352941333e-23,3.7887101620830368e-22,3.1032986035582196e-21,0,9.4580632215013338e-10,3.7955822182533151e-10
1.0734999999999999,0,0,0,4.6255054785294272e-23,3.5992746539788846e-22,2.9481336733803087e-21,0,9.0760643445264577e-10,3.6413124116702457e-10
1.0740000000000001,0,0,0,4.3942302046029561e-23,3.4193109212799404e-22,2.8007269897112932e-21,0,8.7093465772625223e-10,3.4932576266485143e-10
1.0745,0,0,0,4.1745186943728079e-23,3.2483453752159428e-22,2.6606906402257287e-21,0,8.3573048481611067e-10,3.3511701213825733e-10
1.075,0,0,0,3.9657927596541682e-23,3.0859281064551456e-22,2.5276561082144422e-21,0,8.0193574003573076e-10,3.2148114622000847e-10
1.0754999999999999,0,0,0,3.7675031216714599e-23,2.9316317011323884e-22,2.4012733028037203e-21,0,7.694946901892763e-10,3.0839528895162116e-10
1.0760000000000001,0,0,0,3.5791279655878865e-23,2.7850501160757691e-22,2.2812096376635344e-21,0,7.3835371150465789e-10,2.958374914230268e-10
1.0765,0,0,0,3.4001715673084923e-23,2.6457976102719803e-22,2.1671491557803579e-21,0,7.0846117861123048e-10,2.8378664117722456e-10
1.077,0,0,0,3.2301629889430675e-23,2.5135077297583816e-22,2.0587916979913399e-21,0,6.7976746453979331e-10,2.7222244162106243e-10
1.0774999999999999,0,0,0,3.0686548394959148e-23,2.3878323432704621e-22,1.955852113091773e-21,0,6.5222516276719489e-10,2.6112546283407034e-10
1.0780000000000001,0,0,0,2.9152220975211188e-23,2.2684407261069393e-22,1.8580595074371847e-21,0,6.2578853210482066e-10,2.5047700768789134e-10
1.0785,0,0,0,2.769460992645063e-23,2.1550186898015921e-22,1.7651565320653253e-21,0,6.0041349669859301e-10,2.4025908870103924e-10
1.079,0,0,0,2.6309879430128096e-23,2.0472677553115125e-22,1.6768987054620593e-21,0,5.7605797909587864e-10,2.3045449002901963e-10
1.0794999999999999,0,0,0,2.4994385458621691e-23,1.9449043675459368e-22,1.5930537701889562e-21,0,5.5268145615627873e-10,2.210466408826577e-10
1.0800000000000001,0,0,0,2.3744666185690606e-23,1.8476591491686401e-22,1.5134010816795084e-21,0,5.3024495905162894e-10,2.1201964854662725e-10
1.0805,0,0,0,2.2557432876406077e-23,1.7552761917102081e-22,1.4377310275955329e-21,0,5.0871096224369694e-10,2.0335821713478438e-10
1.081,0,0,0,2.1429561232585772e-23,1.6675123821246978e-22,1.3658444762157562e-21,0,4.8804360552878734e-10,1.9504765880447256e-10
1.0814999999999999,0,0,0,2.0358083170956482e-23,1.5841367630184629e-22,1.2975522524049683e-21,0,4.6820836097083429e-10,1.8707390107697156e-10
1.0820000000000001,0,0,0,1.934017901240866e-23,1.5049299248675396e-22,1.2326746397847198e-21,0,4.4917203290140151e-10,1.7942342736710646e-10
1.0825,0,0,0,1.8373170061788224e-23,1.4296834286241626e-22,1.1710409077954839e-21,0,4.3090275791968224e-10,1.7208323816229768e-10
1.083,0,0,0,1.7454511558698813e-23,1.3581992571929546e-22,1.1124888624057095e-21,0,4.1337000489249931e-10,1.6504088993012546e-10
1.0834999999999999,0,0,0,1.6581785980763871e-23,1.2902892943333069e-22,1.0568644192854241e-21,0,3.9654424188739767e-10,1.5828436631868079e-10
1.0840000000000001,0,0,0,1.5752696681725678e-23,1.2257748296166414e-22,1.0040211983211528e-21,0,3.8039738026185432e-10,1.518021868260697e-10
1.0845,0,0,0,1.4965061847639392e-23,1.1644860881358093e-22,9.5382013840509538e-22,0,3.6490221955176594e-10,1.4558332353980854e-10
1.085,0,0,0,1.4216808755257423e-23,1.1062617837290188e-22,9.0612913148484065e-22,0,3.5003278053835629e-10,1.3961718533556187e-10
1.0854999999999999,0,0,0,1.3505968317494555e-23,1.050948694542568e-22,8.6082267491059867e-22,0,3.3576397218126885e-10,1.338935818628228e-10
1.0860000000000001,0,0,0,1.2830669901619826e-23,9.984012598154395e-23,8.1778154116506865e-22,0,3.2207181366317172e-10,1.284027514347794e-10
1.0865,0,0,0,1.2189136406538834e-23,9.4848119682466762e-23,7.7689246410681517e-22,0,3.0893310132285023e-10,1.2313528928557513e-10
1.087,0,0,0,1.1579679586211892e-23,9.0105713698343412e-23,7.3804784090147438e-22,0,2.9632585274441681e-10,1.1808220353667096e-10
1.0874999999999999,0,0,0,1.1000695606901299e-23,8.5600428013426254e-23,7.0114544885640071e-22,0,2.8422864062349618e-10,1.1323482323240749e-10
1.0880000000000001,0,0,0,1.0450660826556233e-23,8.1320406612754931e-23,6.6608817641358072e-22,0,2.7262103685643524e-10,1.0858485395589539e-10
1.0885,0,0,0,9.9281277852284219e-24,7.7254386282117188e-23,6.3278376759290172e-22,0,2.6148350151800059e-10,1.041243370350116e-10
1.089,0,0,0,9.4317213959670011e-24,7.3391666968011334e-23,6.0114457921325666e-22,0,2.5079704979447115e-10,9.98456100631766e-11
1.0894999999999999,0,0,0,8.9601353261686509e-24,6.9722083619610766e-23,5.7108735025259378e-22,0,2.4054369607284798e-10,9.5741319677605771e-11
1.0900000000000001,0,0,0,8.5121285598602189e-24,6.6235979438630231e-23,5.4253298273996403e-22,0,2.3070600985164447e-10,9.1804442750471438e-11
1.0905,0,0,0,8.0865221318672086e-24,6.2924180466698724e-23,5.1540633360296592e-22,0,2.2126733778549124e-10,8.8028210273397816e-11
1.091,0,0,0,7.6821960252738492e-24,5.9777971443363794e-23,4.8963601692281761e-22,0,2.1221158164053122e-10,8.440610907016489e-11
1.0914999999999999,0,0,0,7.2980862240101554e-24,5.6789072871195607e-23,4.6515421607667667e-22,0,2.035234203390246e-10,8.0931908614330538e-11
1.0920000000000001,0,0,0,6.9331819128096491e-24,5.3949619227635829e-23,4.4189650527284282e-22,0,1.9518786587013892e-10,7.7599588586553543e-11
1.0925,0,0,0,6.5865228171691655e-24,5.1252138266254034e-23,4.1980168000920075e-22,0,1.8719092942376392e-10,7.4403420083659257e-11
1.093,0,0,0,6.2571966763107074e-24,4.8689531352941333e-23,3.9881159600874069e-22,0,1.7951906627899916e-10,7.1337902981881184e-11
1.0934999999999999,0,0,0,5.9443368424951715e-24,4.6255054785294272e-23,3.7887101620830368e-22,0,1.7215906478185161e-10,6.8397750748584132e-11
1.0940000000000001,0,0,0,5.6471200003704137e-24,4.3942302046029561e-23,3.5992746539788846e-22,0,1.6509826838984054e-10,6.5577841978284004e-11
1.0945,0,0,0,5.3647640003518923e-24,4.1745186943728079e-23,3.4193109212799404e-22,0,1.583246866943e-10,6.2873304404670229e-11
1.095,0,0,0,5.0965258003342975e-24,3.9657927596541682e-23,3.2483453752159428e-22,0,1.5182677337577388e-10,6.0279466943358866e-11
1.0954999999999999,0,0,0,4.8416995103175827e-24,3.7675031216714599e-23,3.0859281064551456e-22,0,1.4559342620401594e-10,5.7791828386467529e-11
1.0960000000000001,0,0,0,4.5996145348017044e-24,3.5791279655878865e-23,2.9316317011323884e-22,0,1.3961387601568731e-10,5.5406075516540192e-11
1.0965,0,0,0,4.3696338080616192e-24,3.4001715673084923e-23,2.7850501160757691e-22,0,1.3387790875896144e-10,5.3118069231307691e-11
1.097,0,0,0,4.1511521176585377e-24,3.2301629889430675e-23,2.6457976102719803e-22,0,1.2837575447122163e-10,5.0923835486239713e-11
1.0974999999999999,0,0,0,3.9435945117756106e-24,3.0686548394959148e-23,2.5135077297583816e-22,0,1.2309797625675856e-10,4.8819597931454593e-11
1.0980000000000001,0,0,0,3.7464147861868304e-24,2.9152220975211188e-23,2.3878323432704621e-22,0,1.1803547028677031e-10,4.6801683568137053e-11
1.0985,0,0,0,3.5590940468774891e-24,2.769460992645063e-23,2.2684407261069393e-22,0,1.1317946579936233e-10,4.486656396157241e-11
1.099,0,0,0,3.3811393445336144e-24,2.6309879430128096e-23,2.1550186898015921e-22,0,1.0852163612184995e-10,4.3010856444492415e-11
1.0994999999999999,0,0,0,3.2120823773069339e-24,2.4994385458621691e-23,2.0472677553115125e-22,0,1.0405409867075832e-10,4.1231350602199726e-11
1.1000000000000001,0,0,0,3.0514782584415873e-24,2.3744666185690606e-23,1.9449043675459368e-22,0,9.9768970862612605e-11,3.9524935612843933e-11
1.1005,0,0,0,2.8989043455195078e-24,2.2557432876406077e-23,1.8476591491686401e-22,0,9.5659036247752738e-11,3.7888655615196611e-11
1.101,0,0,0,2.7539591282435323e-24,2.1429561232585772e-23,1.7552761917102081e-22,0,9.1717078376518657e-11,3.6319630203272743e-11
1.1014999999999999,0,0,0,2.6162611718313559e-24,2.0358083170956482e-23,1.6675123821246978e-22,0,8.7936213866157686e-11,3.4815092475611054e-11
1.1020000000000001,0,0,0,2.485448113239788e-24,1.934017901240866e-23,1.5841367630184629e-22,0,8.4310114445429463e-11,3.3372439572605726e-11
1.1025,0,0,0,2.3611757075777987e-24,1.8373170061788224e-23,1.5049299248675396e-22,0,8.083234082079116e-11,3.1989124318314709e-11
1.103,0,0,0,2.2431169221989088e-24,1.7454511558698813e-23,1.4296834286241626e-22,0,7.7496897787909802e-11,3.0662738684282445e-11
1.1034999999999999,0,0,0,2.1309610760889634e-24,1.6581785980763871e-23,1.3581992571929546e-22,0,7.4298012187057338e-11,2.9390939774833341e-11
1.1040000000000001,0,0,0,2.0244130222845152e-24,1.5752696681725678e-23,1.2902892943333069e-22,0,7.1230243925413106e-11,2.8171530009951389e-11
1.1045,0,0,0,1.9231923711702895e-24,1.4965061847639392e-23,1.2257748296166414e-22,0,6.8288152910156441e-11,2.7002355269239802e-11
1.105,0,0,0,1.8270327526117747e-24,1.4216808755257423e-23,1.1644860881358093e-22,0,6.5466632115374068e-11,2.5881341200989558e-11
1.1054999999999999,0,0,0,1.7356811149811863e-24,1.3505968317494555e-23,1.1062617837290188e-22,0,6.2760907582060099e-11,2.4806555473343056e-11
1.1060000000000001,0,0,0,1.6488970592321269e-24,1.2830669901619826e-23,1.050948694542568e-22,0,6.0166205351208646e-11,2.3776107062631601e-11
1.1065,0,0,0,1.5664522062705204e-24,1.2189136406538834e-23,9.984012598154395e-23,0,5.7677862486116283e-11,2.2788157609861307e-11
1.107,0,0,0,1.4881295959569944e-24,1.1579679586211892e-23,9.4848119682466762e-23,0,5.5291660139289434e-11,2.18409673833853e-11
1.1074999999999999,0,0,0,1.4137231161591446e-24,1.1000695606901299e-23,9.0105713698343412e-23,0,5.3003490485536986e-11,2.0932886732904183e-11
1.1080000000000001,0,0,0,1.3430369603511876e-24,1.0450660826556233e-23,8.5600428013426254e-23,0,5.0809245699667827e-11,2.006228626180979e-11
1.1085,0,0,0,1.2758851123336281e-24,9.9281277852284219e-24,8.1320406612754931e-23,0,4.8705262045700692e-11,1.9227652593081726e-11
1.109,0,0,0,1.2120908567169468e-24,9.4317213959670011e-24,7.7254386282117188e-23,0,4.6687764765351858e-11,1.8427509535297698e-11
1.1094999999999999,0,0,0,1.1514863138810994e-24,8.9601353261686509e-24,7.3391666968011334e-23,0,4.4753201144942523e-11,1.7660443720378083e-11
1.1100000000000001,0,0,0,1.0939119981870446e-24,8.5121285598602189e-24,6.9722083619610766e-23,0,4.2898129493096349e-11,1.6925069940121763e-11
1.1105,0,0,0,1.0392163982776923e-24,8.0865221318672086e-24,6.6235979438630231e-23,0,4.1119441185344385e-11,1.6220111317095199e-11
1.111,0,0,0,9.8725557836380762e-25,7.6821960252738492e-24,6.2924180466698724e-23,0,3.9414027597217682e-11,1.5544310290568482e-11
1.1114999999999999,0,0,0,9.3789279944561727e-25,7.2980862240101554e-24,5.9777971443363794e-23,0,3.7778780104247289e-11,1.4896486158344201e-11
1.1120000000000001,0,0,0,8.9099815947333636e-25,6.9331819128096491e-24,5.6789072871195607e-23,0,3.6210923148871643e-11,1.4275495539963466e-11
1.1125,0,0,0,8.4644825149966961e-25,6.5865228171691655e-24,5.3949619227635829e-23,0,3.4707570151226719e-11,1.3680193718161869e-11
1.113,0,0,0,8.0412583892468611e-25,6.2571966763107074e-24,5.1252138266254034e-23,0,3.3266278620658341e-11,1.3109550751269801e-11
1.1134999999999999,0,0,0,7.6391954697845171e-25,5.9443368424951715e-24,4.8689531352941333e-23,0,3.1884384021907408e-11,1.2562547371557739e-11
1.1140000000000001,0,0,0,7.257235696295291e-25,5.6471200003704137e-24,4.6255054785294272e-23,0,3.0559554886622209e-11,1.2038222678221148e-11
1.1145,0,0,0,6.8943739114805273e-25,5.3647640003518923e-24,4.3942302046029561e-23,0,2.9289348724148567e-11,1.1535641021283566e-11
1.115,0,0,0,6.5496552159065009e-25,5.0965258003342975e-24,4.1745186943728079e-23,0,2.8071545088437233e-11,1.1053896083751483e-11
1.1154999999999999,0,0,0,6.2221724551111763e-25,4.8416995103175827e-24,3.9657927596541682e-23,0,2.6903923533438956e-11,1.0592113546354351e-11
1.1160000000000001,0,0,0,5.9110638323556163e-25,4.5996145348017044e-24,3.7675031216714599e-23,0,2.5784596680011873e-11,1.0149491376438207e-11
1.1165,0,0,0,5.615510640737836e-25,4.3696338080616192e-24,3.5791279655878865e-23,0,2.4711455104409197e-11,9.7252361790354512e-12
1.117,0,0,0,5.3347351087009441e-25,4.1511521176585377e-24,3.4001715673084923e-23,0,2.3682722449791527e-11,9.3185987470787717e-12
1.1174999999999999,0,0,0,5.0679983532658977e-25,3.9435945117756106e-24,3.2301629889430675e-23,0,2.2696511337017e-11,8.9288458685766827e-12
1.1180000000000001,0,0,0,4.814598435602602e-25,3.7464147861868304e-24,3.0686548394959148e-23,0,2.1751045409246217e-11,8.5552804723748043e-12
1.1185,0,0,0,4.5738685138224721e-25,3.5590940468774891e-24,2.9152220975211188e-23,0,2.0844770354244702e-11,8.1972547788611425e-12
1.119,0,0,0,4.345175088131349e-25,3.3811393445336144e-24,2.769460992645063e-23,0,1.9976020837475517e-11,7.8541274852401498e-12
1.1194999999999999,0,0,0,4.1279163337247817e-25,3.2120823773069339e-24,2.6309879430128096e-23,0,1.9143242546704187e-11,7.5252872162451815e-12
1.1200000000000001,0,0,0,3.921520517038543e-25,3.0514782584415873e-24,2.4994385458621691e-23,0,1.8344881169696237e-11,7.2101292828318766e-12
1.1205000000000001,0,0,0,3.7254444911866156e-25,2.8989043455195078e-24,2.3744666185690606e-23,0,1.7579493416519654e-11,6.908053360573198e-12
1.121,0,0,0,3.5391722666272847e-25,2.7539591282435323e-24,2.2557432876406077e-23,0,1.684585804184735e-11,6.6185390729884612e-12
1.1214999999999999,0,0,0,3.362213653295921e-25,2.6162611718313559e-24,2.1429561232585772e-23,0,1.6142642778049776e-11,6.3410668326256371e-12
1.1220000000000001,0,0,0,3.194102970631125e-25,2.485448113239788e-24,2.0358083170956482e-23,0,1.5468515357497381e-11,6.0751304168965946e-12
1.1225000000000001,0,0,0,3.0343978220995688e-25,2.3611757075777987e-24,1.934017901240866e-23,0,1.482236555716554e-11,5.8202708769099337e-12
1.123,0,0,0,2.88267793099459e-25,2.2431169221989088e-24,1.8373170061788224e-23,0,1.4203083154029628e-11,5.5760344233859042e-12
1.1234999999999999,0,0,0,2.7385440344448608e-25,2.1309610760889634e-24,1.7454511558698813e-23,0,1.3609446902762556e-11,5.3419834849281091e-12
1.1240000000000001,0,0,0,2.6016168327226179e-25,2.0244130222845152e-24,1.6581785980763871e-23,0,1.3040457602642164e-11,5.1176910768140047e-12
1.1245000000000001,0,0,0,2.4715359910864868e-25,1.9231923711702895e-24,1.5752696681725678e-23,0,1.2495116052946287e-11,4.9027628246735319e-12
1.125,0,0,0,2.3479591915321625e-25,1.8270327526117747e-24,1.4965061847639392e-23,0,1.1972423052952763e-11,4.6967999418430087e-12
1.1254999999999999,0,0,0,2.2305612319555543e-25,1.7356811149811863e-24,1.4216808755257423e-23,0,1.1471490424241892e-11,4.4994393108221026e-12
1.1259999999999999,0,0,0,2.1190331703577764e-25,1.6488970592321269e-24,1.3505968317494555e-23,0,1.0991318966091512e-11,4.310315398540617e-12
1.1265000000000001,0,0,0,2.0130815118398877e-25,1.5664522062705204e-24,1.2830669901619826e-23,0,1.0531131522384385e-11,4.1290867947050787e-12
1.127,0,0,0,1.9124274362478932e-25,1.4881295959569944e-24,1.2189136406538834e-23,0,1.009003991470081e-11,3.9554278358345981e-12
1.1274999999999999,0,0,0,1.8168060644354985e-25,1.4137231161591446e-24,1.1579679586211892e-23,0,9.6673780092260131e-12,3.7890359874211362e-12
1.1279999999999999,0,0,0,1.7259657612137236e-25,1.3430369603511876e-24,1.1000695606901299e-23,0,9.2622576275402935e-12,3.6295981134291023e-12
1.1285000000000001,0,0,0,1.6396674731530373e-25,1.2758851123336281e-24,1.0450660826556233e-23,0,8.8740126358288762e-12,3.4768327067918865e-12
1.129,0,0,0,1.5576840994953855e-25,1.2120908567169468e-24,9.9281277852284219e-24,0,8.5019769002769863e-12,3.3304660573274387e-12
1.1294999999999999,0,0,0,1.4797998945206163e-25,1.1514863138810994e-24,9.4317213959670011e-24,0,8.1452622424649235e-12,3.1901781452725814e-12
1.1299999999999999,0,0,0,1.4058098997945854e-25,1.0939119981870446e-24,8.9601353261686509e-24,0,7.8034245731828378e-12,3.0557343692304116e-12
1.1305000000000001,0,0,0,1.3355194048048561e-25,1.0392163982776923e-24,8.5121285598602189e-24,0,7.4757977586159541e-12,2.9269044878012409e-12
1.131,0,0,0,1.2687434345646133e-25,9.8725557836380762e-25,8.0865221318672086e-24,0,7.1618266872519598e-12,2.8034611056946729e-12
1.1315,0,0,0,1.2053062628363827e-25,9.3789279944561727e-25,7.6821960252738492e-24,0,6.8609562475785424e-12,2.6851786854972117e-12
1.1319999999999999,0,0,0,1.1450409496945633e-25,8.9099815947333636e-25,7.2980862240101554e-24,0,6.5726313280833892e-12,2.5718457523796409e-12
1.1325000000000001,0,0,0,1.0877889022098351e-25,8.4644825149966961e-25,6.9331819128096491e-24,0,6.2964078395566503e-12,2.4632600112552593e-12
1.133,0,0,0,1.0333994570993434e-25,8.0412583892468611e-25,6.5865228171691655e-24,0,6.031730670486013e-12,2.359238009172813e-12
1.1335,0,0,0,9.8172948424437625e-26,7.6391954697845171e-25,6.2571966763107074e-24,0,5.7780447093591647e-12,2.2595700434977742e-12
1.1339999999999999,0,0,0,9.3264301003215745e-26,7.257235696295291e-25,5.9443368424951715e-24,0,5.5350168892687179e-12,2.1640806755998043e-12
1.1345000000000001,0,0,0,8.8601085953054949e-26,6.8943739114805273e-25,5.6471200003704137e-24,0,5.3020920987023601e-12,2.0726039838255528e-12
1.135,0,0,0,8.4171031655402206e-26,6.5496552159065009e-25,5.3647640003518923e-24,0,5.0789372707527036e-12,1.9849674091892305e-12
1.1355,0,0,0,7.9962480072632084e-26,6.2221724551111763e-25,5.0965258003342975e-24,0,4.8651083162098985e-12,1.9010197596089813e-12
1.1359999999999999,0,0,0,7.5964356069000473e-26,5.9110638323556163e-25,4.8416995103175827e-24,0,4.6601611458640946e-12,1.8205852414324389e-12
1.1365000000000001,0,0,0,7.2166138265550458e-26,5.615510640737836e-25,4.5996145348017044e-24,0,4.4637626928079044e-12,1.7435234008628134e-12
1.137,0,0,0,6.8557831352272933e-26,5.3347351087009441e-25,4.3696338080616192e-24,0,4.2755798901339404e-12,1.6696911535686518e-12
1.1375,0,0,0,6.5129939784659285e-26,5.0679983532658977e-25,4.1511521176585377e-24,0,4.0952796709348149e-12,1.598956547867457e-12
1.1379999999999999,0,0,0,6.1873442795426325e-26,4.814598435602602e-25,3.9435945117756106e-24,0,3.9225289683031406e-12,1.5311948992225769e-12
1.1385000000000001,0,0,0,5.8779770655655013e-26,4.5738685138224721e-25,3.7464147861868304e-24,0,3.7569947153315297e-12,1.466286266928675e-12
1.139,0,0,0,5.5840782122872257e-26,4.345175088131349e-25,3.5590940468774891e-24,0,3.5984548674150574e-12,1.4041138069480798e-12
1.1395,0,0,0,5.3048743016728641e-26,4.1279163337247817e-25,3.3811393445336144e-24,0,3.446576357646336e-12,1.3445498468754301e-12
1.1399999999999999,0,0,0,5.0396305865892212e-26,3.921520517038543e-25,3.2120823773069339e-24,0,3.3010261191179779e-12,1.2874981951981453e-12
1.1405000000000001,0,0,0,4.78764905725976e-26,3.7254444911866156e-25,3.0514782584415873e-24,0,3.1615821072250583e-12,1.2328446610202986e-12
1.141,0,0,0,4.5482666043967718e-26,3.5391722666272847e-25,2.8989043455195078e-24,0,3.0280222773626519e-12,1.1804890034555532e-12
1.1415,0,0,0,4.3208532741769331e-26,3.362213653295921e-25,2.7539591282435323e-24,0,2.9000135626233714e-12,1.130340087873832e-12
1.1419999999999999,0,0,0,4.1048106104680867e-26,3.194102970631125e-25,2.6162611718313559e-24,0,2.7773339184022916e-12,1.0822998742032575e-12
1.1425000000000001,0,0,0,3.899570079944682e-26,3.0343978220995688e-25,2.485448113239788e-24,0,2.65987232239695e-12,1.0362786644565248e-12
1.143,0,0,0,3.704591575947448e-26,2.88267793099459e-25,2.3611757075777987e-24,0,2.5472957076999592e-12,9.9220505597728409e-13
1.1435,0,0,0,3.5193619971500759e-26,2.7385440344448608e-25,2.2431169221989088e-24,0,2.4394930520088565e-12,9.4999388928761879e-13
1.1439999999999999,0,0,0,3.3433938972925716e-26,2.6016168327226179e-25,2.1309610760889634e-24,0,2.3361312884162544e-12,9.095510247622002e-13
1.1445000000000001,0,0,0,3.1762242024279429e-26,2.4715359910864868e-25,2.0244130222845152e-24,0,2.2372104169221529e-12,8.7081501014560585e-13
1.145,0,0,0,3.0174129923065458e-26,2.3479591915321625e-25,1.9231923711702895e-24,0,2.1423973706191646e-12,8.3372003116404978e-13
1.1455,0,0,0,2.8665423426912186e-26,2.2305612319555543e-25,1.8270327526117747e-24,0,2.0515811272048268e-12,7.9819742611509258e-13
1.1459999999999999,0,0,0,2.7232152255566578e-26,2.1190331703577764e-25,1.7356811149811863e-24,0,1.9645396420742145e-12,7.6416382475462022e-13
1.1465000000000001,0,0,0,2.5870544642788247e-26,2.0130815118398877e-25,1.6488970592321269e-24,0,1.8811618929248652e-12,7.3156480483994697e-13
1.147,0,0,0,2.4577017410648836e-26,1.9124274362478932e-25,1.5664522062705204e-24,0,1.8013368574543165e-12,7.0033914113337926e-13
1.1475,0,0,0,2.3348166540116395e-26,1.8168060644354985e-25,1.4881295959569944e-24,0,1.7248424910576432e-12,6.7043401735678601e-13
1.1479999999999999,0,0,0,2.2180758213110576e-26,1.7259657612137236e-25,1.4137231161591446e-24,0,1.6515677714323829e-12,6.4180210641397246e-13
1.1485000000000001,0,0,0,2.1071720302455046e-26,1.6396674731530373e-25,1.3430369603511876e-24,0,1.581401676276073e-12,6.1438681462120436e-13
1.149,0,0,0,2.0018134287332292e-26,1.5576840994953855e-25,1.2758851123336281e-24,0,1.514233183286251e-12,5.8813834907585166e-13
1.1495,0,0,0,1.9017227572965677e-26,1.4797998945206163e-25,1.2120908567169468e-24,0,1.4498402478579919e-12,5.6298565666700911e-13
1.1499999999999999,0,0,0,1.8066366194317394e-26,1.4058098997945854e-25,1.1514863138810994e-24,0,1.3882228699912957e-12,5.3889520530636172e-13
1.1505000000000001,0,0,0,1.7163047884601523e-26,1.3355194048048561e-25,1.0939119981870446e-24,0,1.3291590050812374e-12,5.1583225618828904e-13
1.151,0,0,0,1.6304895490371448e-26,1.2687434345646133e-25,1.0392163982776923e-24,0,1.2725376308253544e-12,4.9374843298540412e-13
1.1515,0,0,0,1.5489650715852876e-26,1.2053062628363827e-25,9.8725557836380762e-25,0,1.2183587472236468e-12,4.7259930690269238e-13
1.1519999999999999,0,0,0,1.4715168180060232e-26,1.1450409496945633e-25,9.3789279944561727e-25,0,1.1664003096711895e-12,4.5234302600654925e-13
1.1525000000000001,0,0,0,1.3979409771057222e-26,1.0877889022098351e-25,8.9099815947333636e-25,0,1.1166623181679824e-12,4.3293942048123474e-13
1.153,0,0,0,1.3280439282504361e-26,1.0333994570993434e-25,8.4644825149966961e-25,0,1.0690337504115632e-12,4.1436226836369642e-13
1.1535,0,0,0,1.2616417318379143e-26,9.8172948424437625e-26,8.0412583892468611e-25,0,1.0234035840994693e-12,3.9656875293211241e-13
1.1539999999999999,0,0,0,1.1985596452460186e-26,9.3264301003215745e-26,7.6391954697845171e-25,0,9.7977181923170065e-13,3.795309243819602e-13
1.1545000000000001,0,0,0,1.1386316629837176e-26,8.8601085953054949e-26,7.257235696295291e-25,0,9.3791641120333225e-13,3.6320483809490262e-13
1.155,0,0,0,1.0817000798345317e-26,8.4171031655402206e-26,6.8943739114805273e-25,0,8.9783736001436409e-13,3.4757465780416207e-13
1.1555,0,0,0,1.0276150758428052e-26,7.9962480072632084e-26,6.5496552159065009e-25,0,8.5942364336233368e-13,3.326171961431774e-13
1.1559999999999999,0,0,0,9.762343220506649e-27,7.5964356069000473e-26,6.2221724551111763e-25,0,8.22675261247241e-13,3.1830446711080659e-13
1.1565000000000001,0,0,0,9.2742260594813173e-27,7.2166138265550458e-26,5.9110638323556163e-25,0,7.8748119136662353e-13,3.0460535226388943e-13
1.157,0,0,0,8.8105147565072506e-27,6.8557831352272933e-26,5.615510640737836e-25,0,7.5373041141801878e-13,2.914866883707262e-13
1.1575,0,0,0,8.3699890186818882e-27,6.5129939784659285e-26,5.3347351087009441e-25,0,7.2142292140142672e-13,2.7892682721062397e-13
1.1579999999999999,0,0,0,7.9514895677477938e-27,6.1873442795426325e-26,5.0679983532658977e-25,0,6.9055872131684737e-13,2.6689878750266033e-13
1.1585000000000001,0,0,0,7.5539150893604038e-27,5.8779770655655013e-26,4.814598435602602e-25,0,6.6091576655935569e-13,2.5537210666270724e-13
1.159,0,0,0,7.1762193348923846e-27,5.5840782122872257e-26,4.5738685138224721e-25,0,6.326050794314142e-13,2.4433974919631811e-13
1.1595,0,0,0,6.8174083681477649e-27,5.3048743016728641e-26,4.345175088131349e-25,0,6.0540461532809786e-13,2.3377142288201095e-13
1.1599999999999999,0,0,0,6.4765379497403771e-27,5.0396305865892212e-26,4.1279163337247817e-25,0,5.794253965518692e-13,2.2364735363076283e-13
1.1605000000000001,0,0,0,6.1527110522533575e-27,4.78764905725976e-26,3.921520517038543e-25,0,5.5455640080026569e-13,2.1395463335668375e-13
1.161,0,0,0,5.8450754996406902e-27,4.5482666043967718e-26,3.7254444911866156e-25,0,5.3068660577082483e-13,2.0467198614462535e-13
1.1615,0,0,0,5.5528217246586556e-27,4.3208532741769331e-26,3.5391722666272847e-25,0,5.078160114635466e-13,1.9578552354997688e-13
1.1619999999999999,0,0,0,5.2751806384257228e-27,4.1048106104680867e-26,3.362213653295921e-25,0,4.8594461787843102e-13,1.8727332970120278e-13
1.1625000000000001,0,0,0,5.0114216065044364e-27,3.899570079944682e-26,3.194102970631125e-25,0,4.6496140271301556e-13,1.7912109840438402e-13
1.163,0,0,0,4.760850526179215e-27,3.704591575947448e-26,3.0343978220995688e-25,0,4.4497738826976274e-13,1.7131949089404567e-13
1.1635,0,0,0,4.5228079998702535e-27,3.5193619971500759e-26,2.88267793099459e-25,0,4.2577052994374753e-13,1.6384956122808806e-13
1.1639999999999999,0,0,0,4.296667599876741e-27,3.3433938972925716e-26,2.7385440344448608e-25,0,4.0745185003743245e-13,1.5669894191652948e-13
1.1645000000000001,0,0,0,4.081834219882904e-27,3.1762242024279429e-26,2.6016168327226179e-25,0,3.8991032624835498e-13,1.4987240954026873e-13
1.165,0,0,0,3.8777425088887592e-27,3.0174129923065458e-26,2.4715359910864868e-25,0,3.730349362740526e-13,1.43334532734593e-13
1.1655,0,0,0,3.6838553834443213e-27,2.8665423426912186e-26,2.3479591915321625e-25,0,3.5693670241698783e-13,1.37087882299033e-13
1.1659999999999999,0,0,0,3.4996626142721051e-27,2.7232152255566578e-26,2.2305612319555543e-25,0,3.4150460237469815e-13,1.3110843678734194e-13
1.1665000000000001,0,0,0,3.3246794835584995e-27,2.5870544642788247e-26,2.1190331703577764e-25,0,3.2673863614718357e-13,1.2539336533674561e-13
1.167,0,0,0,3.1584455093805745e-27,2.4577017410648836e-26,2.0130815118398877e-25,0,3.1252778143198157e-13,1.1991512041588157e-13
1.1675,0,0,0,3.0005232339115457e-27,2.3348166540116395e-26,1.9124274362478932e-25,0,2.9898306053155466e-13,1.146685694119695e-13
1.1679999999999999,0,0,0,2.8504970722159684e-27,2.2180758213110576e-26,1.8168060644354985e-25,0,2.8599345114344032e-13,1.0965036186944448e-13
1.1685000000000001,0,0,0,2.7079722186051702e-27,2.1071720302455046e-26,1.7259657612137236e-25,0,2.7355895326763857e-13,1.0484546088184258e-13
1.169,0,0,0,2.572573607674912e-27,2.0018134287332292e-26,1.6396674731530373e-25,0,2.616795669041494e-13,1.0024405069077759e-13
1.1695,0,0,0,2.4439449272911664e-27,1.9017227572965677e-26,1.5576840994953855e-25,0,2.5024426975051028e-13,9.5839723787302966e-14
1.1699999999999999,0,0,0,2.3217476809266081e-27,1.8066366194317394e-26,1.4797998945206163e-25,0,2.3936408410918375e-13,9.1628297491967494e-14
1.1705000000000001,0,0,0,2.2056602968802776e-27,1.7163047884601523e-26,1.4058098997945854e-25,0,2.2892798767770728e-13,8.7594191641048092e-14
1.171,0,0,0,2.0953772820362636e-27,1.6304895490371448e-26,1.3355194048048561e-25,0,2.1893598045608087e-13,8.3727235849892195e-14
1.1715,0,0,0,1.9906084179344505e-27,1.5489650715852876e-26,1.2687434345646133e-25,0,2.0938806244430452e-13,8.0033640920932921e-14
1.1719999999999999,0,0,0,1.8910779970377278e-27,1.4715168180060232e-26,1.2053062628363827e-25,0,2.0017321133991572e-13,7.6491761520929249e-14
1.1725000000000001,0,0,0,1.7965240971858416e-27,1.3979409771057222e-26,1.1450409496945633e-25,0,1.9140244944537699e-13,7.3100317860874615e-14
1.173,0,0,0,1.7066978923265494e-27,1.3280439282504361e-26,1.0877889022098351e-25,0,1.829647544582258e-13,6.9858474522945286e-14
1.1735,0,0,0,1.6213629977102219e-27,1.2616417318379143e-26,1.0333994570993434e-25,0,1.7497114868092467e-13,6.6765686164950774e-14
1.1739999999999999,0,0,0,1.5402948478247108e-27,1.1985596452460186e-26,9.8172948424437625e-26,0,1.6731060981101109e-13,6.380874699610208e-14
1.1745000000000001,0,0,0,1.4632801054334754e-27,1.1386316629837176e-26,9.3264301003215745e-26,0,1.5998313784848506e-13,6.0979036569634181e-14
1.175,0,0,0,1.3901161001618016e-27,1.0817000798345317e-26,8.8601085953054949e-26,0,1.5298873279334657e-13,5.8270927649464328e-14
1.1755,0,0,0,1.3206102951537116e-27,1.0276150758428052e-26,8.4171031655402206e-26,0,1.4621637234313312e-13,5.5680746900927407e-14
1.1759999999999999,0,0,0,1.2545797803960262e-27,9.762343220506649e-27,7.9962480072632084e-26,0,1.3977707880030721e-13,5.3206096452783696e-14
1.1765000000000001,0,0,0,1.1918507913762248e-27,9.2742260594813173e-27,7.5964356069000473e-26,0,1.3355982986240633e-13,5.0832561224448165e-14
1.177,0,0,0,1.1322582518074136e-27,8.8105147565072506e-27,7.2166138265550458e-26,0,1.27675647831893e-13,4.8563581175175799e-14
1.1775,0,0,0,1.075645339217043e-27,8.3699890186818882e-27,6.8557831352272933e-26,0,1.220135104063047e-13,4.6388552030398945e-14
1.1779999999999999,0,0,0,1.0218630722561909e-27,7.9514895677477938e-27,6.5129939784659285e-26,0,1.1657341758564144e-13,4.4300551555330398e-14
1.1785000000000001,0,0,0,9.7076991864338143e-28,7.5539150893604038e-27,6.1873442795426325e-26,0,1.113553693699032e-13,4.2295061068928501e-14
1.179,0,0,0,9.2223142271121225e-28,7.1762193348923846e-27,5.8779770655655013e-26,0,1.0635936575909e-13,4.0381980680150152e-14
1.1795,0,0,0,8.7611985157565166e-28,6.8174083681477649e-27,5.5840782122872257e-26,0,1.0158540675320182e-13,3.8554923156594236e-14
1.1799999999999999,0,0,0,8.3231385899686898e-28,6.4765379497403771e-27,5.3048743016728641e-26,0,9.7033492352238682e-14,3.6809719054887809e-14
1.1805000000000001,0,0,0,7.9069816604702553e-28,6.1527110522533575e-27,5.0396305865892212e-26,0,9.2703622556200571e-14,3.5143646655051304e-14
1.181,0,0,0,7.5116325774467429e-28,5.8450754996406902e-27,4.78764905725976e-26,0,8.8484775062624976e-14,3.3542079475238978e-14
1.1815,0,0,0,7.1360509485744059e-28,5.5528217246586556e-27,4.5482666043967718e-26,0,8.4487972173974413e-14,3.2008319476660607e-14
1.1819999999999999,0,0,0,6.7792484011456851e-28,5.2751806384257228e-27,4.3208532741769331e-26,0,8.071321389024888e-14,3.0544522106217024e-14
1.1825000000000001,0,0,0,6.4402859810884009e-28,5.0114216065044364e-27,4.1048106104680867e-26,0,7.7049477908985864e-14,2.9139244588220514e-14
1.1830000000000001,0,0,0,6.11827168203398e-28,4.760850526179215e-27,3.899570079944682e-26,0,7.3607786532647879e-14,2.7797867136511794e-14
1.1835,0,0,0,5.8123580979322819e-28,4.5228079998702535e-27,3.704591575947448e-26,0,7.0277117458772409e-14,2.6511052031600025e-14
1.1839999999999999,0,0,0,5.5217401930356676e-28,4.296667599876741e-27,3.5193619971500759e-26,0,6.7057470687359455e-14,2.5285553621232217e-14
1.1845000000000001,0,0,0,5.2456531833838845e-28,4.081834219882904e-27,3.3433938972925716e-26,0,6.3948846218409017e-14,2.4112931189995253e-14
1.1850000000000001,0,0,0,4.9833705242146899e-28,3.8777425088887592e-27,3.1762242024279429e-26,0,6.106226635438361e-14,2.3000524629964651e-14
1.1855,0,0,0,4.7342019980039549e-28,3.6838553834443213e-27,3.0174129923065458e-26,0,5.8286708792820718e-14,2.1940275456052843e-14
1.1859999999999999,0,0,0,4.497491898103758e-28,3.4996626142721051e-27,2.8665423426912186e-26,0,5.5622173533720343e-14,2.0926923268272116e-14
1.1865000000000001,0,0,0,4.2726173031985696e-28,3.3246794835584995e-27,2.7232152255566578e-26,0,5.3068660577082483e-14,1.9957034194408265e-14
1.1870000000000001,0,0,0,4.058986438038641e-28,3.1584455093805745e-27,2.5870544642788247e-26,0,5.0626169922907138e-14,1.9028366678988128e-14
1.1875,0,0,0,3.8560371161367093e-28,3.0005232339115457e-27,2.4577017410648836e-26,0,4.829470157119431e-14,1.813945748441117e-14
1.1879999999999999,0,0,0,3.6632352603298733e-28,2.8504970722159684e-27,2.3348166540116395e-26,0,4.6074255521943996e-14,1.7289351441688154e-14
1.1884999999999999,0,0,0,3.4800734973133799e-28,2.7079722186051702e-27,2.2180758213110576e-26,0,4.3964831775156199e-14,1.6477425037728878e-14
1.1890000000000001,0,0,0,3.306069822447711e-28,2.572573607674912e-27,2.1071720302455046e-26,0,4.1966430330830917e-14,1.5703271257043914e-14
1.1895,0,0,0,3.1407663313253254e-28,2.4439449272911664e-27,2.0018134287332292e-26,0,3.9968028886505635e-14,1.4953774605440787e-14
1.1899999999999999,0,0,0,2.9837280147590593e-28,2.3217476809266081e-27,1.9017227572965677e-26,0,3.8080649744642869e-14,1.4233223383291838e-14
1.1904999999999999,0,0,0,2.8345416140211063e-28,2.2056602968802776e-27,1.8066366194317394e-26,0,3.6304292905242619e-14,1.3544416897784566e-14
1.1910000000000001,0,0,0,2.6928145333200511e-28,2.0953772820362636e-27,1.7163047884601523e-26,0,3.4638958368304884e-14,1.2889182474444142e-14
1.1915,0,0,0,2.5581738066540481e-28,1.9906084179344505e-27,1.6304895490371448e-26,0,3.2973623831367149e-14,1.225586314724041e-14
1.1919999999999999,0,0,0,2.4302651163213459e-28,1.8910779970377278e-27,1.5489650715852876e-26,0,3.141931159689193e-14,1.1649699311318329e-14
1.1924999999999999,0,0,0,2.3087518605052784e-28,1.7965240971858416e-27,1.4715168180060232e-26,0,2.9864999362416711e-14,1.1061261976649547e-14
1.1930000000000001,0,0,0,2.1933142674800143e-28,1.7066978923265494e-27,1.3979409771057222e-26,0,2.8421709430404007e-14,1.0510095715128177e-14
1.1935,0,0,0,2.0836485541060137e-28,1.6213629977102219e-27,1.3280439282504361e-26,0,2.708944180085382e-14,9.9961089854371228e-15
1.194,0,0,0,1.9794661264007129e-28,1.5402948478247108e-27,1.2616417318379143e-26,0,2.5757174171303632e-14,9.5063922279130794e-15
1.1944999999999999,0,0,0,1.8804928200806773e-28,1.4632801054334754e-27,1.1985596452460186e-26,0,2.453592884421596e-14,9.0453681724127003e-15
1.1950000000000001,0,0,0,1.7864681790766434e-28,1.3901161001618016e-27,1.1386316629837176e-26,0,2.3314683517128287e-14,8.6030740751777687e-15
1.1955,0,0,0,1.6971447701228112e-28,1.3206102951537116e-27,1.0817000798345317e-26,0,2.2204460492503131e-14,8.1858562820029801e-15
1.196,0,0,0,1.6122875316166707e-28,1.2545797803960262e-27,1.0276150758428052e-26,0,2.1094237467877974e-14,7.7850077428674513e-15
1.1964999999999999,0,0,0,1.5316731550358371e-28,1.1918507913762248e-27,9.762343220506649e-27,0,2.0095036745715333e-14,7.4076944925333056e-15
1.1970000000000001,0,0,0,1.4550894972840455e-28,1.1322582518074136e-27,9.2742260594813173e-27,0,1.9095836023552692e-14,7.0457445557222842e-15
1.1975,0,0,0,1.382335022419843e-28,1.075645339217043e-27,8.8105147565072506e-27,0,1.8096635301390052e-14,6.6938234485721915e-15
1.198,0,0,0,1.3132182712988509e-28,1.0218630722561909e-27,8.3699890186818882e-27,0,1.7208456881689926e-14,6.3612987420876254e-15
1.1984999999999999,0,0,0,1.2475573577339085e-28,9.7076991864338143e-28,7.9514895677477938e-27,0,1.6320278461989801e-14,6.0414355749263896e-15
1.1990000000000001,0,0,0,1.1851794898472131e-28,9.2223142271121225e-28,7.5539150893604038e-27,0,1.5543122344752192e-14,5.7426873827936372e-15
1.1995,0,0,0,1.1259205153548524e-28,8.7611985157565166e-28,7.1762193348923846e-27,0,1.4765966227514582e-14,5.4577225771378125e-15
1.2,0,0,0,1.0696244895871097e-28,8.3231385899686898e-28,6.8174083681477649e-27,0,1.3988810110276972e-14,5.1817552598766475e-15
1.2004999999999999,0,0,0,1.0161432651077542e-28,7.9069816604702553e-28,6.4765379497403771e-27,0,1.3211653993039363e-14,4.9116613030953304e-15
1.2010000000000001,0,0,0,9.6533610185236669e-29,7.5116325774467429e-28,6.1527110522533575e-27,0,1.2545520178264269e-14,4.6582511490418907e-15
1.2015,0,0,0,9.1706929675974832e-29,7.1360509485744059e-28,5.8450754996406902e-27,0,1.1879386363489175e-14,4.4157318106580371e-15
1.202,0,0,0,8.7121583192176082e-29,6.7792484011456851e-28,5.5528217246586556e-27,0,1.1213252548714081e-14,4.180321754725163e-15
1.2024999999999999,0,0,0,8.2765504032567282e-29,6.4402859810884009e-28,5.2751806384257228e-27,0,1.0547118733938987e-14,3.9495524803922343e-15
1.2030000000000001,0,0,0,7.8627228830938911e-29,6.11827168203398e-28,5.0114216065044364e-27,0,9.9920072216264089e-15,3.7346624086850243e-15
1.2035,0,0,0,7.4695867389391976e-29,5.8123580979322819e-28,4.760850526179215e-27,0,9.4368957093138306e-15,3.5301379275807137e-15
1.204,0,0,0,7.0961074019922373e-29,5.5217401930356676e-28,4.5228079998702535e-27,0,8.8817841970012523e-15,3.3323798736755183e-15
1.2044999999999999,0,0,0,6.7413020318926265e-29,5.2456531833838845e-28,4.296667599876741e-27,0,8.4376949871511897e-15,3.1518885966066102e-15
1.2050000000000001,0,0,0,6.4042369302979957e-29,4.9833705242146899e-28,4.081834219882904e-27,0,7.9936057773011271e-15,2.9826686877502786e-15
1.2055,0,0,0,6.084025083783096e-29,4.7342019980039549e-28,3.8777425088887592e-27,0,7.5495165674510645e-15,2.820806477588268e-15
1.206,0,0,0,5.7798238295939417e-29,4.497491898103758e-28,3.6838553834443213e-27,0,7.1054273576010019e-15,2.6637472096294946e-15
1.2064999999999999,0,0,0,5.4908326381142435e-29,4.2726173031985696e-28,3.4996626142721051e-27,0,6.6613381477509392e-15,2.5098231956089454e-15
1.2070000000000001,0,0,0,5.2162910062085323e-29,4.058986438038641e-28,3.3246794835584995e-27,0,6.2172489379008766e-15,2.3579458056869594e-15
1.2075,0,0,0,4.9554764558981049e-29,3.8560371161367093e-28,3.1584455093805745e-27,0,5.8841820305133297e-15,2.2202542100217341e-15
1.208,0,0,0,4.7077026331032001e-29,3.6632352603298733e-28,3.0005232339115457e-27,0,5.5511151231257827e-15,2.0918227856074494e-15
1.2084999999999999,0,0,0,4.4723175014480405e-29,3.4800734973133799e-28,2.8504970722159684e-27,0,5.2180482157382357e-15,1.9694361952041957e-15
1.2090000000000001,0,0,0,4.2487016263756382e-29,3.306069822447711e-28,2.7079722186051702e-27,0,4.8849813083506888e-15,1.8509955381136982e-15
1.2095,0,0,0,4.0362665450568557e-29,3.1407663313253254e-28,2.572573607674912e-27,0,4.5519144009631418e-15,1.7351306986023611e-15
1.21,0,0,0,3.8344532178040134e-29,2.9837280147590593e-28,2.4439449272911664e-27,0,4.2188474935755949e-15,1.6209472955663092e-15
1.2104999999999999,0,0,0,3.6427305569138125e-29,2.8345416140211063e-28,2.3217476809266081e-27,0,3.9968028886505635e-15,1.5207113004218226e-15
1.2110000000000001,0,0,0,3.4605940290681213e-29,2.6928145333200511e-28,2.2056602968802776e-27,0,3.7747582837255322e-15,1.4295798632065524e-15
1.2115,0,0,0,3.287564327614715e-29,2.5581738066540481e-28,2.0953772820362636e-27,0,3.5527136788005009e-15,1.3443916790839649e-15
1.212,0,0,0,3.1231861112339791e-29,2.4302651163213459e-28,1.9906084179344505e-27,0,3.3306690738754696e-15,1.2630831185079897e-15
1.2124999999999999,0,0,0,2.96702680567228e-29,2.3087518605052784e-28,1.8910779970377278e-27,0,3.1086244689504383e-15,1.1843070899693867e-15
1.2130000000000001,0,0,0,2.818675465388666e-29,2.1933142674800143e-28,1.7965240971858416e-27,0,2.886579864025407e-15,1.1071842420662902e-15
1.2135,0,0,0,2.6777416921192329e-29,2.0836485541060137e-28,1.7066978923265494e-27,0,2.6645352591003757e-15,1.0311405537447051e-15
1.214,0,0,0,2.5438546075132707e-29,1.9794661264007129e-28,1.6213629977102219e-27,0,2.4424906541753444e-15,9.5580131681660667e-16
1.2144999999999999,0,0,0,2.4166618771376074e-29,1.8804928200806773e-28,1.5402948478247108e-27,0,2.2204460492503131e-15,8.8092193010370077e-16
1.2150000000000001,0,0,0,2.2958287832807273e-29,1.7864681790766434e-28,1.4632801054334754e-27,0,1.9984014443252818e-15,8.0634272339237899e-16
1.2155,0,0,0,2.1810373441166908e-29,1.6971447701228112e-28,1.3901161001618016e-27,0,1.8873791418627661e-15,7.4480927104117866e-16
1.216,0,0,0,2.0719854769108563e-29,1.6122875316166707e-28,1.3206102951537116e-27,0,1.7763568394002505e-15,6.9179179723061319e-16
1.2164999999999999,0,0,0,1.9683862030653134e-29,1.5316731550358371e-28,1.2545797803960262e-27,0,1.6653345369377348e-15,6.4433336496740658e-16
1.2170000000000001,0,0,0,1.8699668929120479e-29,1.4550894972840455e-28,1.1918507913762248e-27,0,1.5543122344752192e-15,6.0050375149205932e-16
1.2175,0,0,0,1.7764685482664455e-29,1.382335022419843e-28,1.1322582518074136e-27,0,1.4432899320127035e-15,5.5904295028100899e-16
1.218,0,0,0,1.6876451208531234e-29,1.3132182712988509e-28,1.075645339217043e-27,0,1.3322676295501878e-15,5.1912845707581923e-16
1.2184999999999999,0,0,0,1.6032628648104671e-29,1.2475573577339085e-28,1.0218630722561909e-27,0,1.2212453270876722e-15,4.8022335937445512e-16
1.2190000000000001,0,0,0,1.5230997215699437e-29,1.1851794898472131e-28,9.7076991864338143e-28,0,1.1102230246251565e-15,4.4197717262697727e-16
1.2195,0,0,0,1.4469447354914468e-29,1.1259205153548524e-28,9.2223142271121225e-28,0,9.9920072216264089e-16,4.0416110830773065e-16
1.22,0,0,0,1.3745974987168742e-29,1.0696244895871097e-28,8.7611985157565166e-28,0,8.8817841970012523e-16,3.6662581835135719e-16
1.2204999999999999,0,0,0,1.3058676237810306e-29,1.0161432651077542e-28,8.3231385899686898e-28,0,7.7715611723760958e-16,3.2927381165963706e-16
1.2210000000000001,0,0,0,1.2405742425919792e-29,9.6533610185236669e-29,7.9069816604702553e-28,0,6.6613381477509392e-16,2.9204144821012119e-16
1.2215,0,0,0,1.1785455304623801e-29,9.1706929675974832e-29,7.5116325774467429e-28,0,5.5511151231257827e-16,2.5488718521037752e-16
1.222,0,0,0,1.1196182539392612e-29,8.7121583192176082e-29,7.1360509485744059e-28,0,4.4408920985006262e-16,2.1778390444867961e-16
1.2224999999999999,0,0,0,1.0636373412422981e-29,8.2765504032567282e-29,6.7792484011456851e-28,0,3.3306690738754696e-16,1.8071390375903935e-16
1.2230000000000001,0,0,0,1.0104554741801831e-29,7.8627228830938911e-29,6.4402859810884009e-28,0,2.2204460492503131e-16,1.4366562756088115e-16
1.2235,0,0,0,9.5993270047117401e-30,7.4695867389391976e-29,6.11827168203398e-28,0,1.1102230246251565e-16,1.06631532627996e-16
1.224,0,0,0,9.1193606544761533e-30,7.0961074019922373e-29,5.8123580979322819e-28,0,0,6.9606694909941829e-17
1.2244999999999999,0,0,0,8.6633926217523457e-30,6.7413020318926265e-29,5.5217401930356676e-28,0,0,4.543770362176759e-17
1.2250000000000001,0,0,0,8.2302229906647295e-30,6.4042369302979957e-29,5.2456531833838845e-28,0,0,2.9660723197542734e-17
1.2255,0,0,0,7.8187118411314937e-30,6.084025083783096e-29,4.9833705242146899e-28,0,0,1.936186097617373e-17
1.226,0,0,0,7.4277762490749195e-30,5.7798238295939417e-29,4.7342019980039549e-28,0,0,1.2638992581668964e-17
1.2264999999999999,0,0,0,7.0563874366211731e-30,5.4908326381142435e-29,4.497491898103758e-28,0,0,8.2504534908116853e-18
1.2270000000000001,0,0,0,6.7035680647901149e-30,5.2162910062085323e-29,4.2726173031985696e-28,0,0,5.3857126953909614e-18
1.2275,0,0,0,6.3683896615506094e-30,4.9554764558981049e-29,4.058986438038641e-28,0,0,3.5156735650468775e-18
1.228,0,0,0,6.0499701784730781e-30,4.7077026331032001e-29,3.8560371161367093e-28,0,0,2.2949535771833783e-18
1.2284999999999999,0,0,0,5.7474716695494244e-30,4.4723175014480405e-29,3.6632352603298733e-28,0,0,1.4980946962169276e-18
1.2290000000000001,0,0,0,5.4600980860719534e-30,4.2487016263756382e-29,3.4800734973133799e-28,0,0,9.7792292669716108e-19
1.2295,0,0,0,5.1870931817683551e-30,4.0362665450568557e-29,3.306069822447711e-28,0,0,6.3836635492731356e-19
1.23,0,0,0,4.9277385226799374e-30,3.8344532178040134e-29,3.1407663313253254e-28,0,0,4.1671137057755192e-19
1.2304999999999999,0,0,0,4.6813515965459404e-30,3.6427305569138125e-29,2.9837280147590593e-28,0,0,2.720199224603464e-19
1.2310000000000001,0,0,0,4.4472840167186432e-30,3.4605940290681213e-29,2.8345416140211063e-28,0,0,1.7756856049494834e-19
1.2315,0,0,0,4.2249198158827109e-30,3.287564327614715e-29,2.6928145333200511e-28,0,0,1.1591281032309129e-19
1.232,0,0,0,4.013673825088575e-30,3.1231861112339791e-29,2.5581738066540481e-28,0,0,7.5665306738684591e-20
1.2324999999999999,0,0,0,3.812990133834146e-30,2.96702680567228e-29,2.4302651163213459e-28,0,0,4.9392630787752444e-20
1.2330000000000001,0,0,0,3.6223406271424392e-30,2.818675465388666e-29,2.3087518605052784e-28,0,0,3.2242411764227294e-20
1.2335,0,0,0,3.4412235957853167e-30,2.6777416921192329e-29,2.1933142674800143e-28,0,0,2.1047129901648373e-20
1.234,0,0,0,3.2691624159960509e-30,2.5438546075132707e-29,2.0836485541060137e-28,0,0,1.3739098685798244e-20
1.2344999999999999,0,0,0,3.1057042951962485e-30,2.4166618771376074e-29,1.9794661264007129e-28,0,0,8.9685783087849655e-21
1.2350000000000001,0,0,0,2.9504190804364363e-30,2.2958287832807273e-29,1.8804928200806773e-28,0,0,5.854488618234631e-21
1.2355,0,0,0,2.8028981264146146e-30,2.1810373441166908e-29,1.7864681790766434e-28,0,0,3.8216800702364959e-21
1.236,0,0,0,2.6627532200938837e-30,2.0719854769108563e-29,1.6971447701228112e-28,0,0,2.4947078236266016e-21
1.2364999999999999,0,0,0,2.5296155590891899e-30,1.9683862030653134e-29,1.6122875316166707e-28,0,0,1.6284898293118095e-21
1.2370000000000001,0,0,0,2.4031347811347305e-30,1.8699668929120479e-29,1.5316731550358371e-28,0,0,1.0630419719118758e-21
1.2375,0,0,0,2.2829780420779938e-30,1.7764685482664455e-29,1.4550894972840455e-28,0,0,6.9393017610914122e-22
1.238,0,0,0,2.1688291399740944e-30,1.6876451208531234e-29,1.382335022419843e-28,0,0,4.529821982934672e-22
1.2384999999999999,0,0,0,2.0603876829753896e-30,1.6032628648104671e-29,1.3132182712988509e-28,0,0,2.9569671277490225e-22
1.2390000000000001,0,0,0,1.9573682988266202e-30,1.5230997215699437e-29,1.2475573577339085e-28,0,0,1.9302424306139455e-22
1.2395,0,0,0,1.859499883885289e-30,1.4469447354914468e-29,1.1851794898472131e-28,0,0,1.2600193644285479e-22
1.24,0,0,0,1.7665248896910245e-30,1.3745974987168742e-29,1.1259205153548524e-28,0,0,8.2251264066863551e-23
1.2404999999999999,0,0,0,1.6781986452064734e-30,1.3058676237810306e-29,1.0696244895871097e-28,0,0,5.3691797376980383e-23
1.2410000000000001,0,0,0,1.5942887129461497e-30,1.2405742425919792e-29,1.0161432651077542e-28,0,0,3.5048812176639975e-23
1.2415,0,0,0,1.5145742772988422e-30,1.1785455304623801e-29,9.6533610185236669e-29,0,0,2.2879085726417763e-23
1.242,0,0,0,1.4388455634339001e-30,1.1196182539392612e-29,9.1706929675974832e-29,0,0,1.4934958738078264e-23
1.2424999999999999,0,0,0,1.3669032852622051e-30,1.0636373412422981e-29,8.7121583192176082e-29,0,0,9.7492091762455339e-24
1.2430000000000001,0,0,0,1.2985581209990948e-30,1.0104554741801831e-29,8.2765504032567282e-29,0,0,6.3640671011602797e-24
1.2435,0,0,0,1.2336302149491401e-30,9.5993270047117401e-30,7.8627228830938911e-29,0,0,4.1543215799240717e-24
1.244,0,0,0,1.171948704201683e-30,9.1193606544761533e-30,7.4695867389391976e-29,0,0,2.7118488091171025e-24
1.2444999999999999,0,0,0,1.1133512689915989e-30,8.6633926217523457e-30,7.0961074019922373e-29,0,0,1.7702346392847751e-24
1.2450000000000001,0,0,0,1.057683705542019e-30,8.2302229906647295e-30,6.7413020318926265e-29,0,0,1.1555698339775616e-24
1.2455000000000001,0,0,0,1.0047995202649181e-30,7.8187118411314937e-30,6.4042369302979957e-29,0,0,7.5433030829090834e-25
1.246,0,0,0,9.5455954425167237e-31,7.4277762490749195e-30,6.084025083783096e-29,0,0,4.9241006235656519e-25
1.2464999999999999,0,0,0,9.0683156703908865e-31,7.0563874366211731e-30,5.7798238295939417e-29,0,0,3.2143434626053561e-25
1.2470000000000001,0,0,0,8.6148998868713419e-31,6.7035680647901149e-30,5.4908326381142435e-29,0,0,2.0982519825340517e-25
1.2475000000000001,0,0,0,8.184154892527775e-31,6.3683896615506094e-30,5.2162910062085323e-29,0,0,1.369692266376395e-25
1.248,0,0,0,7.7749471479013866e-31,6.0499701784730781e-30,4.9554764558981049e-29,0,0,8.9410467388459123e-26
1.2484999999999999,0,0,0,7.3861997905063178e-31,5.7474716695494244e-30,4.7077026331032001e-29,0,0,5.8365166211910827e-26
1.2490000000000001,0,0,0,7.0168898009810023e-31,5.4600980860719534e-30,4.4723175014480405e-29,0,0,3.8099483499441794e-26
1.2495000000000001,0,0,0,6.6660453109319519e-31,5.1870931817683551e-30,4.2487016263756382e-29,0,0,2.4870496173246728e-26
1.25,0,0,0,6.3327430453853538e-31,4.9277385226799374e-30,4.0362665450568557e-29,0,0,1.6234907224202727e-26
1.2504999999999999,0,0,0,6.0161058931160856e-31,4.6813515965459404e-30,3.8344532178040134e-29,0,0,1.0597786660243448e-26
1.2509999999999999,0,0,0,5.7153005984602808e-31,4.4472840167186432e-30,3.6427305569138125e-29,0,0,6.917999625436696e-27
1.2515000000000001,0,0,0,5.429535568537266e-31,4.2249198158827109e-30,3.4605940290681213e-29,0,0,4.5159164221600659e-27
1.252,0,0,0,5.1580587901104029e-31,4.013673825088575e-30,3.287564327614715e-29,0,0,2.9478898866878211e-27
1.2524999999999999,0,0,0,4.9001558506048825e-31,3.812990133834146e-30,3.1231861112339791e-29,0,0,1.9243170093656613e-27
1.2529999999999999,0,0,0,4.6551480580746385e-31,3.6223406271424392e-30,2.96702680567228e-29,0,0,1.2561513811136957e-27
1.2535000000000001,0,0,0,4.4223906551709068e-31,3.4412235957853167e-30,2.818675465388666e-29,0,0,8.1998770711588485e-28
1.254,0,0,0,4.2012711224123615e-31,3.2691624159960509e-30,2.6777416921192329e-29,0,0,5.3526975325620262e-28
1.2544999999999999,0,0,0,3.9912075662917433e-31,3.1057042951962485e-30,2.5438546075132707e-29,0,0,3.494122000422434e-28
1.2549999999999999,0,0,0,3.7916471879771565e-31,2.9504190804364363e-30,2.4166618771376074e-29,0,0,2.2808851947201998e-28
1.2555000000000001,0,0,0,3.6020648285782986e-31,2.8028981264146146e-30,2.2958287832807273e-29,0,0,1.4889111687756861e-28
1.256,0,0,0,3.4219615871493838e-31,2.6627532200938837e-30,2.1810373441166908e-29,0,0,9.7192812406190629e-29
1.2565,0,0,0,3.2508635077919144e-31,2.5296155590891899e-30,2.0719854769108563e-29,0,0,6.3445308098485553e-29
1.2569999999999999,0,0,0,3.0883203324023192e-31,2.4031347811347305e-30,1.9683862030653134e-29,0,0,4.1415687230955852e-29
1.2575000000000001,0,0,0,2.9339043157822032e-31,2.2829780420779938e-30,1.8699668929120479e-29,0,0,2.7035240275762846e-29
1.258,0,0,0,2.7872090999930929e-31,2.1688291399740944e-30,1.7764685482664455e-29,0,0,1.7648004068900748e-29
1.2585,0,0,0,2.6478486449934386e-31,2.0603876829753896e-30,1.6876451208531234e-29,0,0,1.1520224878310211e-29
1.2589999999999999,0,0,0,2.5154562127437662e-31,1.9573682988266202e-30,1.6032628648104671e-29,0,0,7.5201467955636099e-30
1.2595000000000001,0,0,0,2.3896834021065779e-31,1.859499883885289e-30,1.5230997215699437e-29,0,0,4.9089847137706899e-30
1.26,0,0,0,2.2701992320012492e-31,1.7665248896910245e-30,1.4469447354914468e-29,0,0,3.2044761326003114e-30
1.2605,0,0,0,2.1566892704011867e-31,1.6781986452064734e-30,1.3745974987168742e-29,0,0,2.0918108087807589e-30
1.2609999999999999,0,0,0,2.0488548068811276e-31,1.5942887129461497e-30,1.3058676237810306e-29,0,0,1.3654876112874399e-30
1.2615000000000001,0,0,0,1.9464120665370712e-31,1.5145742772988422e-30,1.2405742425919792e-29,0,0,8.9135996847930101e-31
1.262,0,0,0,1.8490914632102173e-31,1.4388455634339001e-30,1.1785455304623801e-29,0,0,5.8185997942398824e-31
1.2625,0,0,0,1.7566368900497067e-31,1.3669032852622051e-30,1.1196182539392612e-29,0,0,3.7982526434621455e-31
1.2629999999999999,0,0,0,1.6688050455472213e-31,1.2985581209990948e-30,1.0636373412422981e-29,0,0,2.4794149200377898e-31
1.2635000000000001,0,0,0,1.5853647932698602e-31,1.2336302149491401e-30,1.0104554741801831e-29,0,0,1.618506961691335e-31
1.264,0,0,0,1.5060965536063674e-31,1.171948704201683e-30,9.5993270047117401e-30,0,0,1.0565253777707325e-31
1.2645,0,0,0,1.4307917259260488e-31,1.1133512689915989e-30,9.1193606544761533e-30,0,0,6.8967628826700593e-32
1.2649999999999999,0,0,0,1.3592521396297463e-31,1.057683705542019e-30,8.6633926217523457e-30,0,0,4.502053548409622e-32
1.2655000000000001,0,0,0,1.2912895326482591e-31,1.0047995202649181e-30,8.2302229906647295e-30,0,0,2.9388405107673925e-32
1.266,0,0,0,1.226725056015846e-31,9.5455954425167237e-31,7.8187118411314937e-30,0,0,1.9184097778620479e-32
1.2665,0,0,0,1.1653888032150537e-31,9.0683156703908865e-31,7.4277762490749195e-30,0,0,1.2522952716599481e-32
1.2669999999999999,0,0,0,1.1071193630543011e-31,8.6148998868713419e-31,7.0563874366211731e-30,0,0,8.1747052455579947e-33
1.2675000000000001,0,0,0,1.0517633949015862e-31,8.184154892527775e-31,6.7035680647901149e-30,0,0,5.3362659241836908e-33
1.268,0,0,0,9.9917522515650673e-32,7.7749471479013866e-31,6.3683896615506094e-30,0,0,3.4833958116199094e-33
1.2685,0,0,0,9.4921646389868142e-32,7.3861997905063178e-31,6.0499701784730781e-30,0,0,2.2738833770296631e-33
1.2689999999999999,0,0,0,9.0175564070374735e-32,7.0168898009810023e-31,5.7474716695494244e-30,0,0,1.4843405377832523e-33
1.2695000000000001,0,0,0,8.5666785866855994e-32,6.6660453109319519e-31,5.4600980860719534e-30,0,0,9.6894451771962311e-34
1.27,0,0,0,8.1383446573513198e-32,6.3327430453853538e-31,5.1870931817683551e-30,0,0,6.3250544906697621e-34
1.2705,0,0,0,7.7314274244837533e-32,6.0161058931160856e-31,4.9277385226799374e-30,0,0,4.1288550147427613e-34
1.2709999999999999,0,0,0,7.3448560532595663e-32,5.7153005984602808e-31,4.6813515965459404e-30,0,0,2.695224801290414e-34
1.2715000000000001,0,0,0,6.9776132505965888e-32,5.429535568537266e-31,4.4472840167186432e-30,0,0,1.7593828563979091e-34
1.272,0,0,0,6.6287325880667588e-32,5.1580587901104029e-31,4.2249198158827109e-30,0,0,1.1484860312597462e-34
1.2725,0,0,0,6.2972959586634217e-32,4.9001558506048825e-31,4.013673825088575e-30,0,0,7.497061592945566e-35
1.2729999999999999,0,0,0,5.9824311607302505e-32,4.6551480580746385e-31,3.812990133834146e-30,0,0,4.893915206506134e-35
1.2735000000000001,0,0,0,5.6833096026937387e-32,4.4223906551709068e-31,3.6223406271424392e-30,0,0,3.1946390931359488e-35
1.274,0,0,0,5.3991441225590522e-32,4.2012711224123615e-31,3.4412235957853167e-30,0,0,2.0853894080193e-35
1.2745,0,0,0,5.1291869164310999e-32,3.9912075662917433e-31,3.2691624159960509e-30,0,0,1.3612958635681543e-35
1.2749999999999999,0,0,0,4.8727275706095447e-32,3.7916471879771565e-31,3.1057042951962485e-30,0,0,8.8862368871810076e-36
1.2755000000000001,0,0,0,4.6290911920790675e-32,3.6020648285782986e-31,2.9504190804364363e-30,0,0,5.8007379680209361e-36
1.276,0,0,0,4.3976366324751142e-32,3.4219615871493838e-31,2.8028981264146146e-30,0,0,3.7865928402358895e-36
1.2765,0,0,0,4.1777548008513586e-32,3.2508635077919144e-31,2.6627532200938837e-30,0,0,2.4718036595984279e-36
1.2769999999999999,0,0,0,3.9688670608087908e-32,3.0883203324023192e-31,2.5296155590891899e-30,0,0,1.6135385000156404e-36
1.2775000000000001,0,0,0,3.7704237077683513e-32,2.9339043157822032e-31,2.4031347811347305e-30,0,0,1.0532820763990987e-36
1.278,0,0,0,3.5819025223799335e-32,2.7872090999930929e-31,2.2829780420779938e-30,0,0,6.8755913320496722e-37
1.2785,0,0,0,3.4028073962609367e-32,2.6478486449934386e-31,2.1688291399740944e-30,0,0,4.4882332306435361e-37
1.2789999999999999,0,0,0,3.2326670264478897e-32,2.5154562127437662e-31,2.0603876829753896e-30,0,0,2.9298189144478643e-37
1.2795000000000001,0,0,0,3.071033675125495e-32,2.3896834021065779e-31,1.9573682988266202e-30,0,0,1.9125206802645784e-37
1.28,0,0,0,2.9174819913692201e-32,2.2701992320012492e-31,1.859499883885289e-30,0,0,1.2484509996171554e-37
1.2805,0,0,0,2.7716078918007592e-32,2.1566892704011867e-31,1.7665248896910245e-30,0,0,8.1496106919453203e-38
1.2809999999999999,0,0,0,2.6330274972107212e-32,2.0488548068811276e-31,1.6781986452064734e-30,0,0,5.3198847572420852e-38
1.2815000000000001,0,0,0,2.5013761223501853e-32,1.9464120665370712e-31,1.5942887129461497e-30,0,0,3.4727025498663613e-38
1.282,0,0,0,2.3763073162326762e-32,1.8490914632102173e-31,1.5145742772988422e-30,0,0,2.2669030533849861e-38
1.2825,0,0,0,2.2574919504210423e-32,1.7566368900497067e-31,1.4388455634339001e-30,0,0,1.4797839376263103e-38
1.2829999999999999,0,0,0,2.1446173528999901e-32,1.6688050455472213e-31,1.3669032852622051e-30,0,0,9.6597007039495259e-39
1.2835000000000001,0,0,0,2.0373864852549907e-32,1.5853647932698602e-31,1.2985581209990948e-30,0,0,6.3056379595226074e-39
1.284,0,0,0,1.9355171609922411e-32,1.5060965536063674e-31,1.2336302149491401e-30,0,0,4.1161803346883693e-39
1.2845,0,0,0,1.8387413029426292e-32,1.4307917259260488e-31,1.171948704201683e-30,0,0,2.6869510518104634e-39
1.2849999999999999,0,0,0,1.7468042377954979e-32,1.3592521396297463e-31,1.1133512689915989e-30,0,0,1.7539819365984971e-39
1.2855000000000001,0,0,0,1.659464025905723e-32,1.2912895326482591e-31,1.057683705542019e-30,0,0,1.1449604308351302e-39
1.286,0,0,0,1.5764908246104369e-32,1.226725056015846e-31,1.0047995202649181e-30,0,0,7.4740472568404348e-40
1.2865,0,0,0,1.4976662833799149e-32,1.1653888032150537e-31,9.5455954425167237e-31,0,0,4.878891959326395e-40
1.2869999999999999,0,0,0,1.4227829692109192e-32,1.1071193630543011e-31,9.0683156703908865e-31,0,0,3.1848322512269525e-40
1.2875000000000001,0,0,0,1.3516438207503733e-32,1.0517633949015862e-31,8.6148998868713419e-31,0,0,2.0789877195509274e-40
1.288,0,0,0,1.2840616297128548e-32,9.9917522515650673e-32,8.184154892527775e-31,0,0,1.3571169835957443e-40
1.2885,0,0,0,1.2198585482272119e-32,9.4921646389868142e-32,7.7749471479013866e-31,0,0,8.8589580873611091e-41
1.2889999999999999,0,0,0,1.1588656208158513e-32,9.0175564070374735e-32,7.3861997905063178e-31,0,0,5.7829309736940579e-41
1.2895000000000001,0,0,0,1.1009223397750588e-32,8.5666785866855994e-32,7.0168898009810023e-31,0,0,3.7749688300502878e-41
1.29,0,0,0,1.0458762227863057e-32,8.1383446573513198e-32,6.6660453109319519e-31,0,0,2.4642157640606049e-41
1.2905,0,0,0,9.935824116469905e-33,7.7314274244837533e-32,6.3327430453853538e-31,0,0,1.6085852904284504e-41
1.2909999999999999,0,0,0,9.4390329106464097e-33,7.3448560532595663e-32,6.0161058931160856e-31,0,0,1.0500487312519052e-41
1.2915000000000001,0,0,0,8.967081265114088e-33,6.9776132505965888e-32,5.7153005984602808e-31,0,0,6.8544847734499365e-42
1.292,0,0,0,8.5187272018583844e-33,6.6287325880667588e-32,5.429535568537266e-31,0,0,4.4744553382242644e-42
1.2925,0,0,0,8.0927908417654656e-33,6.2972959586634217e-32,5.1580587901104029e-31,0,0,2.9208250124519502e-42
1.2929999999999999,0,0,0,7.6881512996771924e-33,5.9824311607302505e-32,4.9001558506048825e-31,0,0,1.9066496609061343e-42
1.2935000000000001,0,0,0,7.303743734693333e-33,5.6833096026937387e-32,4.6551480580746385e-31,0,0,1.2446185286470601e-42
1.294,0,0,0,6.938556547958666e-33,5.3991441225590522e-32,4.4223906551709068e-31,0,0,8.1245931731127528e-43
1.2945,0,0,0,6.591628720560733e-33,5.1291869164310999e-32,4.2012711224123615e-31,0,0,5.3035538768930472e-43
1.2949999999999999,0,0,0,6.2620472845326962e-33,4.8727275706095447e-32,3.9912075662917433e-31,0,0,3.4620421140829614e-43
1.2955000000000001,0,0,0,5.9489449203060617e-33,4.6290911920790675e-32,3.7916471879771565e-31,0,0,2.2599441578041555e-43
1.296,0,0,0,5.6514976742907589e-33,4.3976366324751142e-32,3.6020648285782986e-31,0,0,1.4752413252332683e-43
1.2965,0,0,0,5.3689227905762207e-33,4.1777548008513586e-32,3.4219615871493838e-31,0,0,9.6300475397171687e-44
1.2969999999999999,0,0,0,5.1004766510474099e-33,3.9688670608087908e-32,3.2508635077919144e-31,0,0,6.2862810328709295e-44
1.2975000000000001,0,0,0,4.8454528184950391e-33,3.7704237077683513e-32,3.0883203324023192e-31,0,0,4.1035445631240794e-44
1.298,0,0,0,4.6031801775702871e-33,3.5819025223799335e-32,2.9339043157822032e-31,0,0,2.678702700928219e-44
1.2985,0,0,0,4.3730211686917724e-33,3.4028073962609367e-32,2.7872090999930929e-31,0,0,1.7485975964392543e-44
1.2989999999999999,0,0,0,4.1543701102571839e-33,3.2326670264478897e-32,2.6478486449934386e-31,0,0,1.14144565323118e-44
1.2995000000000001,0,0,0,3.9466516047443247e-33,3.071033675125495e-32,2.5154562127437662e-31,0,0,7.4511035697035365e-45
1.3,0,0,0,3.749319024507108e-33,2.9174819913692201e-32,2.3896834021065779e-31,0,0,4.8639148302231423e-45
1.3005,0,0,0,3.5618530732817526e-33,2.7716078918007592e-32,2.2701992320012492e-31,0,0,3.1750555141734403e-45
1.3009999999999999,0,0,0,3.3837604196176647e-33,2.6330274972107212e-32,2.1566892704011867e-31,0,0,2.0726056828632183e-45
1.3015000000000001,0,0,0,3.2145723986367814e-33,2.5013761223501853e-32,2.0488548068811276e-31,0,0,1.3529509318690453e-45
1.302,0,0,0,3.0538437787049421e-33,2.3763073162326762e-32,1.9464120665370712e-31,0,0,8.8317630274784908e-46
1.3025,0,0,0,2.9011515897696952e-33,2.2574919504210423e-32,1.8490914632102173e-31,0,0,5.7651786429373486e-46
1.3029999999999999,0,0,0,2.7560940102812105e-33,2.1446173528999901e-32,1.7566368900497067e-31,0,0,3.7633805030285473e-46
1.3035000000000001,0,0,0,2.6182893097671497e-33,2.0373864852549907e-32,1.6688050455472213e-31,0,0,2.4566511616991906e-46
1.304,0,0,0,2.4873748442787922e-33,1.9355171609922411e-32,1.5853647932698602e-31,0,0,1.603647286109194e-46
1.3045,0,0,0,2.3630061020648528e-33,1.8387413029426292e-32,1.5060965536063674e-31,0,0,1.0468253117657238e-46
1.3049999999999999,0,0,0,2.24485579696161e-33,1.7468042377954979e-32,1.4307917259260488e-31,0,0,6.8334430073595869e-47
1.3055000000000001,0,0,0,2.1326130071135296e-33,1.659464025905723e-32,1.3592521396297463e-31,0,0,4.4607197409152861e-47
1.306,0,0,0,2.0259823567578532e-33,1.5764908246104369e-32,1.2912895326482591e-31,0,0,2.9118587197641453e-47
1.3065,0,0,0,1.9246832389199607e-33,1.4976662833799149e-32,1.226725056015846e-31,0,0,1.9007966642904838e-47
1.3069999999999999,0,0,0,1.8284490769739626e-33,1.4227829692109192e-32,1.1653888032150537e-31,0,0,1.2407978225229548e-47
1.3075000000000001,0,0,0,1.7370266231252643e-33,1.3516438207503733e-32,1.1071193630543011e-31,0,0,8.0996524525804001e-48
1.3080000000000001,0,0,0,1.6501752919690012e-33,1.2840616297128548e-32,1.0517633949015862e-31,0,0,5.2872731287677612e-48
1.3085,0,0,0,1.567666527370551e-33,1.2198585482272119e-32,9.9917522515650673e-32,0,0,3.4514144035011778e-48
1.3089999999999999,0,0,0,1.4892832010020236e-33,1.1588656208158513e-32,9.4921646389868142e-32,0,0,2.2530066245077136e-48
1.3095000000000001,0,0,0,1.4148190409519225e-33,1.1009223397750588e-32,9.0175564070374735e-32,0,0,1.4707126576647577e-48
1.3100000000000001,0,0,0,1.3440780889043263e-33,1.0458762227863057e-32,8.5666785866855994e-32,0,0,9.6004854042005024e-49
1.3105,0,0,0,1.2768741844591099e-33,9.935824116469905e-33,8.1383446573513198e-32,0,0,6.2669835277419955e-49
1.3109999999999999,0,0,0,1.2130304752361544e-33,9.4390329106464097e-33,7.7314274244837533e-32,0,0,4.0909475806093585e-49
1.3115000000000001,0,0,0,1.1523789514743466e-33,8.967081265114088e-33,7.3448560532595663e-32,0,0,2.6704796706755536e-49
1.3120000000000001,0,0,0,1.0947600039006294e-33,8.5187272018583844e-33,6.9776132505965888e-32,0,0,1.7432297850243197e-49
1.3125,0,0,0,1.0400220037055978e-33,8.0927908417654656e-33,6.6287325880667588e-32,0,0,1.1379416652242087e-49
1.3129999999999999,0,0,0,9.8802090352031795e-34,7.6881512996771924e-33,6.2972959586634217e-32,0,0,7.4282303146580292e-50
1.3134999999999999,0,0,0,9.3861985834430215e-34,7.303743734693333e-33,5.9824311607302505e-32,0,0,4.8489836776239918e-50
1.3140000000000001,0,0,0,8.9168886542708696e-34,6.938556547958666e-33,5.6833096026937387e-32,0,0,3.1653087895601061e-50
1.3145,0,0,0,8.4710442215573271e-34,6.591628720560733e-33,5.3991441225590522e-32,0,0,2.0662432376295138e-50
1.3149999999999999,0,0,0,8.0474920104794613e-34,6.2620472845326962e-33,5.1291869164310999e-32,0,0,1.348797669008155e-50
1.3154999999999999,0,0,0,7.645117409955488e-34,5.9489449203060617e-33,4.8727275706095447e-32,0,0,8.8046514504699005e-51
1.3160000000000001,0,0,0,7.262861539457714e-34,5.6514976742907589e-33,4.6290911920790675e-32,0,0,5.7474808079456298e-51
1.3165,0,0,0,6.899718462484828e-34,5.3689227905762207e-33,4.3976366324751142e-32,0,0,3.7518277496311752e-51
1.3169999999999999,0,0,0,6.554732539360587e-34,5.1004766510474099e-33,4.1777548008513586e-32,0,0,2.4491097810092395e-51
1.3174999999999999,0,0,0,6.2269959123925575e-34,4.8454528184950391e-33,3.9688670608087908e-32,0,0,1.5987244403810316e-51
1.3180000000000001,0,0,0,5.9156461167729292e-34,4.6031801775702871e-33,3.7704237077683513e-32,0,0,1.0436117874709512e-51
1.3185,0,0,0,5.619863810934283e-34,4.3730211686917724e-33,3.5819025223799335e-32,0,0,6.8124658348798213e-52
1.319,0,0,0,5.3388706203875686e-34,4.1543701102571839e-33,3.4028073962609367e-32,0,0,4.447026308879884e-52
1.3194999999999999,0,0,0,5.0719270893681897e-34,3.9466516047443247e-33,3.2326670264478897e-32,0,0,2.9029199516299245e-52
1.3200000000000001,0,0,0,4.8183307348997809e-34,3.749319024507108e-33,3.071033675125495e-32,0,0,1.8949616350917562e-52
1.3205,0,0,0,4.5774141981547924e-34,3.5618530732817526e-33,2.9174819913692201e-32,0,0,1.236988845129341e-52
1.321,0,0,0,4.348543488247052e-34,3.3837604196176647e-33,2.7716078918007592e-32,0,0,8.0747882945943094e-53
1.3214999999999999,0,0,0,4.1311163138346995e-34,3.2145723986367814e-33,2.6330274972107212e-32,0,0,5.2710423589712853e-53
1.3220000000000001,0,0,0,3.9245604981429643e-34,3.0538437787049421e-33,2.5013761223501853e-32,0,0,3.4408193176618117e-53
1.3225,0,0,0,3.7283324732358161e-34,2.9011515897696952e-33,2.3763073162326762e-32,0,0,2.2460903879181272e-53
1.323,0,0,0,3.5419158495740251e-34,2.7560940102812105e-33,2.2574919504210423e-32,0,0,1.4661978921132219e-53
1.3234999999999999,0,0,0,3.3648200570953239e-34,2.6182893097671497e-33,2.1446173528999901e-32,0,0,9.5710140179613096e-54
1.3240000000000001,0,0,0,3.1965790542405578e-34,2.4873748442787922e-33,2.0373864852549907e-32,0,0,6.2477452617247442e-54
1.3245,0,0,0,3.0367501015285297e-34,2.3630061020648528e-33,1.9355171609922411e-32,0,0,4.0783892680703194e-54
1.325,0,0,0,2.8849125964521035e-34,2.24485579696161e-33,1.8387413029426292e-32,0,0,2.6622818833236808e-54
1.3254999999999999,0,0,0,2.7406669666294982e-34,2.1326130071135296e-33,1.7468042377954979e-32,0,0,1.7378784516140695e-54
1.3260000000000001,0,0,0,2.603633618298023e-34,2.0259823567578532e-33,1.659464025905723e-32,0,0,1.1344484336925177e-54
1.3265,0,0,0,2.4734519373831221e-34,1.9246832389199607e-33,1.5764908246104369e-32,0,0,7.4054272754928246e-55
1.327,0,0,0,2.3497793405139656e-34,1.8284490769739626e-33,1.4976662833799149e-32,0,0,4.8340983603911495e-55
1.3274999999999999,0,0,0,2.2322903734882678e-34,1.7370266231252643e-33,1.4227829692109192e-32,0,0,3.1555919852553338e-55
1.3280000000000001,0,0,0,2.1206758548138546e-34,1.6501752919690012e-33,1.3516438207503733e-32,0,0,2.0599003237083428e-55
1.3285,0,0,0,2.0146420620731618e-34,1.567666527370551e-33,1.2840616297128548e-32,0,0,1.3446571557540573e-55
1.329,0,0,0,1.9139099589695037e-34,1.4892832010020236e-33,1.2198585482272119e-32,0,0,8.7776231000612072e-56
1.3294999999999999,0,0,0,1.8182144610210286e-34,1.4148190409519225e-33,1.1588656208158513e-32,0,0,5.7298373014288438e-56
1.3300000000000001,0,0,0,1.7273037379699772e-34,1.3440780889043263e-33,1.1009223397750588e-32,0,0,3.7403104606549399e-56
1.3305,0,0,0,1.6409385510714783e-34,1.2768741844591099e-33,1.0458762227863057e-32,0,0,2.4415915507053082e-56
1.331,0,0,0,1.5588916235179045e-34,1.2130304752361544e-33,9.935824116469905e-33,0,0,1.5938167067104097e-56
1.3314999999999999,0,0,0,1.4809470423420094e-34,1.1523789514743466e-33,9.4390329106464097e-33,0,0,1.0404081279915176e-56
1.3320000000000001,0,0,0,1.406899690224909e-34,1.0947600039006294e-33,8.967081265114088e-33,0,0,6.7915530577224071e-57
1.3325,0,0,0,1.3365547057136634e-34,1.0400220037055978e-33,8.5187272018583844e-33,0,0,4.433374912679905e-57
1.333,0,0,0,1.2697269704279804e-34,9.8802090352031795e-34,8.0927908417654656e-33,0,0,2.8940086235549378e-57
1.3334999999999999,0,0,0,1.2062406219065812e-34,9.3861985834430215e-34,7.6881512996771924e-33,0,0,1.8891445181539179e-57
1.3340000000000001,0,0,0,1.1459285908112522e-34,8.9168886542708696e-34,7.303743734693333e-33,0,0,1.2331915604615853e-57
1.3345,0,0,0,1.0886321612706897e-34,8.4710442215573271e-34,6.938556547958666e-33,0,0,8.0500004641242372e-58
1.335,0,0,0,1.0342005532071551e-34,8.0474920104794613e-34,6.591628720560733e-33,0,0,5.2548614140810991e-58
1.3354999999999999,0,0,0,9.8249052554679743e-35,7.645117409955488e-34,6.2620472845326962e-33,0,0,3.4302567564140511e-58
1.3360000000000001,0,0,0,9.3336599926945745e-35,7.262861539457714e-34,5.9489449203060617e-33,0,0,2.2391953826591725e-58
1.3365,0,0,0,8.8669769930598469e-35,6.899718462484828e-34,5.6514976742907589e-33,0,0,1.4616969859025153e-58
1.337,0,0,0,8.4236281434068548e-35,6.554732539360587e-34,5.3689227905762207e-33,0,0,9.5416331024191975e-59
1.3374999999999999,0,0,0,8.0024467362365124e-35,6.2269959123925575e-34,5.1004766510474099e-33,0,0,6.2285660529680881e-59
1.3380000000000001,0,0,0,7.6023243994246869e-35,5.9156461167729292e-34,4.8454528184950391e-33,0,0,4.0658695067986134e-59
1.3385,0,0,0,7.2222081794534529e-35,5.619863810934283e-34,4.6031801775702871e-33,0,0,2.6541092613824281e-59
1.339,0,0,0,6.8610977704807808e-35,5.3388706203875686e-34,4.3730211686917724e-33,0,0,1.7325435456246407e-59
1.3394999999999999,0,0,0,6.518042881956742e-35,5.0719270893681897e-34,4.1543701102571839e-33,0,0,1.1309659256160851e-59
1.3400000000000001,0,0,0,6.192140737858905e-35,4.8183307348997809e-34,3.9466516047443247e-33,0,0,7.3826942366605549e-60
1.3405,0,0,0,5.8825337009659604e-35,4.5774141981547924e-34,3.749319024507108e-33,0,0,4.8192587378200848e-60
1.341,0,0,0,5.5884070159176623e-35,4.348543488247052e-34,3.5618530732817526e-33,0,0,3.1459050094103337e-60
1.3414999999999999,0,0,0,5.3089866651217796e-35,4.1311163138346995e-34,3.3837604196176647e-33,0,0,2.053576881142857e-60
1.3420000000000001,0,0,0,5.0435373318656898e-35,3.9245604981429643e-34,3.2145723986367814e-33,0,0,1.3405293529682539e-60
1.3425,0,0,0,4.791360465272406e-35,3.7283324732358161e-34,3.0538437787049421e-33,0,0,8.7506777207649913e-61
1.343,0,0,0,4.5517924420087853e-35,3.5419158495740251e-34,2.9011515897696952e-33,0,0,5.7122479566104811e-61
1.3434999999999999,0,0,0,4.3242028199083462e-35,3.3648200570953239e-34,2.7560940102812105e-33,0,0,3.7288285272318426e-61
1.3440000000000001,0,0,0,4.107992678912929e-35,3.1965790542405578e-34,2.6182893097671497e-33,0,0,2.4340963997207863e-61
1.3445,0,0,0,3.9025930449672825e-35,3.0367501015285297e-34,2.4873748442787922e-33,0,0,1.5889240387066245e-61
1.345,0,0,0,3.7074633927189179e-35,2.8849125964521035e-34,2.3630061020648528e-33,0,0,1.0372143030446022e-61
1.3454999999999999,0,0,0,3.5220902230829721e-35,2.7406669666294982e-34,2.24485579696161e-33,0,0,6.7707044782078202e-62
1.3460000000000001,0,0,0,3.3459857119288238e-35,2.603633618298023e-34,2.1326130071135296e-33,0,0,4.4197654232745493e-62
1.3465,0,0,0,3.1786864263323826e-35,2.4734519373831221e-34,2.0259823567578532e-33,0,0,2.8851246513042199e-62
1.347,0,0,0,3.0197521050157634e-35,2.3497793405139656e-34,1.9246832389199607e-33,0,0,1.8833452584902548e-62
1.3474999999999999,0,0,0,2.868764499764975e-35,2.2322903734882678e-34,1.8284490769739626e-33,0,0,1.229405932625583e-62
1.3480000000000001,0,0,0,2.7253262747767262e-35,2.1206758548138546e-34,1.7370266231252643e-33,0,0,8.0252887268614451e-63
1.3485,0,0,0,2.5890599610378901e-35,2.0146420620731618e-34,1.6501752919690012e-33,0,0,5.2387301411456658e-63
1.349,0,0,0,2.4596069629859954e-35,1.9139099589695037e-34,1.567666527370551e-33,0,0,3.4197266199145321e-63
1.3494999999999999,0,0,0,2.3366266148366959e-35,1.8182144610210286e-34,1.4892832010020236e-33,0,0,2.2323215435553196e-63
1.3500000000000001,0,0,0,2.2197952840948611e-35,1.7273037379699772e-34,1.4148190409519225e-33,0,0,1.4572098964875004e-63
1.3505,0,0,0,2.1088055198901181e-35,1.6409385510714783e-34,1.3440780889043263e-33,0,0,9.5123423798489612e-64
1.351,0,0,0,2.003365243895612e-35,1.5588916235179045e-34,1.2768741844591099e-33,0,0,6.2094457201791828e-64
1.3514999999999999,0,0,0,1.9031969817008315e-35,1.4809470423420094e-34,1.2130304752361544e-33,0,0,4.0533881784503001e-64
1.3520000000000001,0,0,0,1.8080371326157898e-35,1.406899690224909e-34,1.1523789514743466e-33,0,0,2.6459617275995018e-64
1.3525,0,0,0,1.7176352759850003e-35,1.3365547057136634e-34,1.0947600039006294e-33,0,0,1.7272250166274526e-64
1.353,0,0,0,1.6317535121857502e-35,1.2697269704279804e-34,1.0400220037055978e-33,0,0,1.1274941080762539e-64
1.3534999999999999,0,0,0,1.5501658365764628e-35,1.2062406219065812e-34,9.8802090352031795e-34,0,0,7.360030983275547e-65
1.3540000000000001,0,0,0,1.4726575447476397e-35,1.1459285908112522e-34,9.3861985834430215e-34,0,0,4.8044646696382048e-65
1.3545,0,0,0,1.3990246675102577e-35,1.0886321612706897e-34,8.9168886542708696e-34,0,0,3.1362477704582728e-65
1.355,0,0,0,1.3290734341347448e-35,1.0342005532071551e-34,8.4710442215573271e-34,0,0,2.0472728501602618e-65
1.3554999999999999,0,0,0,1.2626197624280075e-35,9.8249052554679743e-35,8.0474920104794613e-34,0,0,1.3364142216323932e-65
1.3560000000000001,0,0,0,1.1994887743066071e-35,9.3336599926945745e-35,7.645117409955488e-34,0,0,8.7238150578781231e-66
1.3565,0,0,0,1.1395143355912769e-35,8.8669769930598469e-35,7.262861539457714e-34,0,0,5.6947126072259971e-66
1.357,0,0,0,1.082538618811713e-35,8.4236281434068548e-35,6.899718462484828e-34,0,0,3.7173818408280818e-66
1.3574999999999999,0,0,0,1.0284116878711273e-35,8.0024467362365124e-35,6.554732539360587e-34,0,0,2.4266242572072205e-66
1.3580000000000001,0,0,0,9.7699110347757106e-36,7.6023243994246869e-35,6.2269959123925575e-34,0,0,1.5840463901213804e-66
1.3585,0,0,0,9.2814154830369252e-36,7.2222081794534529e-35,5.9156461167729292e-34,0,0,1.0340302824403456e-66
1.359,0,0,0,8.8173447088850784e-36,6.8610977704807808e-35,5.619863810934283e-34,0,0,6.7499198992633673e-67
1.3594999999999999,0,0,0,8.3764774734408256e-36,6.518042881956742e-35,5.3388706203875686e-34,0,0,4.4061977120191425e-67
1.3600000000000001,0,0,0,7.9576535997687847e-36,6.192140737858905e-35,5.0719270893681897e-34,0,0,2.8762679509013848e-67
1.3605,0,0,0,7.5597709197803446e-36,5.8825337009659604e-35,4.8183307348997809e-34,0,0,1.8775638012828484e-67
1.361,0,0,0,7.1817823737913264e-36,5.5884070159176623e-35,4.5774141981547924e-34,0,0,1.225631925837415e-67
1.3614999999999999,0,0,0,6.8226932551017617e-36,5.3089866651217796e-35,4.348543488247052e-34,0,0,8.0006528492164591e-68
1.3620000000000001,0,0,0,6.4815585923466722e-36,5.0435373318656898e-35,4.1311163138346995e-34,0,0,5.2226483876829672e-68
1.3625,0,0,0,6.1574806627293381e-36,4.791360465272406e-35,3.9245604981429643e-34,0,0,3.4092288086263814e-68
1.363,0,0,0,5.8496066295928717e-36,4.5517924420087853e-35,3.7283324732358161e-34,0,0,2.2254688056311104e-68
1.3634999999999999,0,0,0,5.5571262981132277e-36,4.3242028199083462e-35,3.5419158495740251e-34,0,0,1.4527365814536415e-68
1.3640000000000001,0,0,0,5.2792699832075667e-36,4.107992678912929e-35,3.3648200570953239e-34,0,0,9.4831415733779379e-69
1.3645,0,0,0,5.0153064840471884e-36,3.9025930449672825e-35,3.1965790542405578e-34,0,0,6.1903840826217103e-69
1.365,0,0,0,4.7645411598448286e-36,3.7074633927189179e-35,3.0367501015285297e-34,0,0,4.0409451650447282e-69
1.3654999999999999,0,0,0,4.5263141018525874e-36,3.5220902230829721e-35,2.8849125964521035e-34,0,0,2.6378392049597534e-69
1.3660000000000001,0,0,0,4.2999983967599576e-36,3.3459857119288238e-35,2.7406669666294982e-34,0,0,1.7219228143487279e-69
1.3665,0,0,0,4.0849984769219602e-36,3.1786864263323826e-35,2.603633618298023e-34,0,0,1.1240329482554197e-69
1.367,0,0,0,3.8807485530758617e-36,3.0197521050157634e-35,2.4734519373831221e-34,0,0,7.3374373011117685e-70
1.3674999999999999,0,0,0,3.6867111254220694e-36,2.868764499764975e-35,2.3497793405139656e-34,0,0,4.7897160160035158e-70
1.3680000000000001,0,0,0,3.5023755691509659e-36,2.7253262747767262e-35,2.2322903734882678e-34,0,0,3.1266201771134063e-70
1.3685,0,0,0,3.3272567906934174e-36,2.5890599610378901e-35,2.1206758548138546e-34,0,0,2.0409881711712515e-70
1.369,0,0,0,3.1608939511587468e-36,2.4596069629859954e-35,2.0146420620731618e-34,0,0,1.3323117228479003e-70
1.3694999999999999,0,0,0,3.0028492536008096e-36,2.3366266148366959e-35,1.9139099589695037e-34,0,0,8.6970348574793511e-71
1.3700000000000001,0,0,0,2.8527067909207692e-36,2.2197952840948611e-35,1.8182144610210286e-34,0,0,5.6772310875212437e-71
1.3705000000000001,0,0,0,2.7100714513747306e-36,2.1088055198901181e-35,1.7273037379699772e-34,0,0,3.7059702932430346e-71
1.371,0,0,0,2.5745678788059939e-36,2.003365243895612e-35,1.6409385510714783e-34,0,0,2.4191750525336475e-71
1.3714999999999999,0,0,0,2.4458394848656942e-36,1.9031969817008315e-35,1.5588916235179045e-34,0,0,1.5791837148483533e-71
1.3720000000000001,0,0,0,2.3235475106224098e-36,1.8080371326157898e-35,1.4809470423420094e-34,0,0,1.030856036081564e-71
1.3725000000000001,0,0,0,2.2073701350912894e-36,1.7176352759850003e-35,1.406899690224909e-34,0,0,6.7291991244213212e-72
1.373,0,0,0,2.0970016283367248e-36,1.6317535121857502e-35,1.3365547057136634e-34,0,0,4.3926716506639182e-72
1.3734999999999999,0,0,0,1.9921515469198884e-36,1.5501658365764628e-35,1.2697269704279804e-34,0,0,2.8674384386278355e-72
1.3740000000000001,0,0,0,1.892543969573894e-36,1.4726575447476397e-35,1.2062406219065812e-34,0,0,1.8718000918820593e-72
1.3745000000000001,0,0,0,1.7979167710951995e-36,1.3990246675102577e-35,1.1459285908112522e-34,0,0,1.2218695044230111e-72
1.375,0,0,0,1.7080209325404399e-36,1.3290734341347448e-35,1.0886321612706897e-34,0,0,7.9760925983168785e-73
1.3754999999999999,0,0,0,1.6226198859134178e-36,1.2626197624280075e-35,1.0342005532071551e-34,0,0,5.2066160016790736e-73
1.3759999999999999,0,0,0,1.5414888916177469e-36,1.1994887743066071e-35,9.8249052554679743e-35,0,0,3.3987632233182841e-73
1.3765000000000001,0,0,0,1.4644144470368595e-36,1.1395143355912769e-35,9.3336599926945745e-35,0,0,2.2186371041105465e-73
1.377,0,0,0,1.3911937246850164e-36,1.082538618811713e-35,8.8669769930598469e-35,0,0,1.4482769985166067e-73
1.3774999999999999,0,0,0,1.3216340384507657e-36,1.0284116878711273e-35,8.4236281434068548e-35,0,0,9.4540304069834054e-74
1.3779999999999999,0,0,0,1.2555523365282275e-36,9.7699110347757106e-36,8.0024467362365124e-35,0,0,6.1713809601141672e-74
1.3785000000000001,0,0,0,1.1927747197018161e-36,9.2814154830369252e-36,7.6023243994246869e-35,0,0,4.0285403489634151e-74
1.379,0,0,0,1.1331359837167253e-36,8.8173447088850784e-36,7.2222081794534529e-35,0,0,2.6297416166844515e-74
1.3794999999999999,0,0,0,1.0764791845308891e-36,8.3764774734408256e-36,6.8610977704807808e-35,0,0,1.716636888669017e-74
1.3799999999999999,0,0,0,1.0226552253043447e-36,7.9576535997687847e-36,6.518042881956742e-35,0,0,1.1205824134367194e-74
1.3805000000000001,0,0,0,9.715224640391276e-37,7.5597709197803446e-36,6.192140737858905e-35,0,0,7.3149129766008077e-75
1.381,0,0,0,9.2294634083717121e-37,7.1817823737913264e-36,5.8825337009659604e-35,0,0,4.7750126375033058e-75
1.3815,0,0,0,8.767990237953127e-37,6.8226932551017617e-36,5.5884070159176623e-35,0,0,3.1170221383702138e-75
1.3819999999999999,0,0,0,8.3295907260554705e-37,6.4815585923466722e-36,5.3089866651217796e-35,0,0,2.0347227847694451e-75
1.3825000000000001,0,0,0,7.9131111897526972e-37,6.1574806627293381e-36,5.0435373318656898e-35,0,0,1.3282218178356101e-75
1.383,0,0,0,7.5174556302650616e-37,5.8496066295928717e-36,4.791360465272406e-35,0,0,8.6703368664269005e-76
1.3835,0,0,0,7.1415828487518086e-37,5.5571262981132277e-36,4.5517924420087853e-35,0,0,5.659803232250894e-76
1.3839999999999999,0,0,0,6.7845037063142183e-37,5.2792699832075667e-36,4.3242028199083462e-35,0,0,3.6945937766082229e-76
1.3845000000000001,0,0,0,6.4452785209985082e-37,5.0153064840471884e-36,4.107992678912929e-35,0,0,2.4117487152859235e-76
1.385,0,0,0,6.1230145949485828e-37,4.7645411598448286e-36,3.9025930449672825e-35,0,0,1.5743359669227555e-76
1.3855,0,0,0,5.8168638652011532e-37,4.5263141018525874e-36,3.7074633927189179e-35,0,0,1.0276915339634656e-76
1.3859999999999999,0,0,0,5.526020671941096e-37,4.2999983967599576e-36,3.5220902230829721e-35,0,0,6.7085419578170674e-77
1.3865000000000001,0,0,0,5.2497196383440419e-37,4.0849984769219602e-36,3.3459857119288238e-35,0,0,4.3791871113528083e-77
1.387,0,0,0,4.9872336564268396e-37,3.8807485530758617e-36,3.1786864263323826e-35,0,0,2.8586360310219723e-77
1.3875,0,0,0,4.7378719736054979e-37,3.6867111254220694e-36,3.0197521050157634e-35,0,0,1.8660540758060098e-77
1.3879999999999999,0,0,0,4.5009783749252224e-37,3.5023755691509659e-36,2.868764499764975e-35,0,0,1.218118632817812e-77
1.3885000000000001,0,0,0,4.2759294561789608e-37,3.3272567906934174e-36,2.7253262747767262e-35,0,0,7.9516077420051621e-78
1.389,0,0,0,4.0621329833700126e-37,3.1608939511587468e-36,2.5890599610378901e-35,0,0,5.1906328315867035e-78
1.3895,0,0,0,3.8590263342015126e-37,3.0028492536008096e-36,2.4596069629859954e-35,0,0,3.3883297650635429e-78
1.3899999999999999,0,0,0,3.6660750174914368e-37,2.8527067909207692e-36,2.3366266148366959e-35,0,0,2.2118263744164795e-78
1.3905000000000001,0,0,0,3.4827712666168646e-37,2.7100714513747306e-36,2.2197952840948611e-35,0,0,1.4438311055218685e-78
1.391,0,0,0,3.3086327032860218e-37,2.5745678788059939e-36,2.1088055198901181e-35,0,0,9.4250086054899753e-79
1.3915,0,0,0,3.1432010681217204e-37,2.4458394848656942e-36,2.003365243895612e-35,0,0,6.1524361730281779e-79
1.3919999999999999,0,0,0,2.9860410147156343e-37,2.3235475106224098e-36,1.9031969817008315e-35,0,0,4.0161736129489498e-79
1.3925000000000001,0,0,0,2.8367389639798526e-37,2.2073701350912894e-36,1.8080371326157898e-35,0,0,2.6216688862305646e-79
1.393,0,0,0,2.6949020157808603e-37,2.0970016283367248e-36,1.7176352759850003e-35,0,0,1.7113671896227296e-79
1.3935,0,0,0,2.5601569149918167e-37,1.9921515469198884e-36,1.6317535121857502e-35,0,0,1.1171424710037263e-79
1.3939999999999999,0,0,0,2.432149069242226e-37,1.892543969573894e-36,1.5501658365764628e-35,0,0,7.29245779682988e-80
1.3945000000000001,0,0,0,2.3105416157801146e-37,1.7979167710951995e-36,1.4726575447476397e-35,0,0,4.7603543951528388e-80
1.395,0,0,0,2.195014534991109e-37,1.7080209325404399e-36,1.3990246675102577e-35,0,0,3.1074535635025479e-80
1.3955,0,0,0,2.0852638082415534e-37,1.6226198859134178e-36,1.3290734341347448e-35,0,0,2.0284766317308301e-80
1.3959999999999999,0,0,0,1.9810006178294758e-37,1.5414888916177469e-36,1.2626197624280075e-35,0,0,1.324144467935403e-80
1.3965000000000001,0,0,0,1.8819505869380018e-37,1.4644144470368595e-36,1.1994887743066071e-35,0,0,8.6437208323561039e-81
1.397,0,0,0,1.7878530575911018e-37,1.3911937246850164e-36,1.1395143355912769e-35,0,0,5.642428876676901e-81
1.3975,0,0,0,1.6984604047115466e-37,1.3216340384507657e-36,1.082538618811713e-35,0,0,3.6832521833863106e-81
1.3979999999999999,0,0,0,1.6135373844759694e-37,1.2555523365282275e-36,1.0284116878711273e-35,0,0,2.404345175266064e-81
1.3985000000000001,0,0,0,1.532860515252171e-37,1.1927747197018161e-36,9.7699110347757106e-36,0,0,1.5695031005209031e-81
1.399,0,0,0,1.4562174894895625e-37,1.1331359837167253e-36,9.2814154830369252e-36,0,0,1.0245367461733674e-81
1.3995,0,0,0,1.3834066150150843e-37,1.0764791845308891e-36,8.8173447088850784e-36,0,0,6.6879482041872593e-82
