model_time,"source1 [Model.NeuronTrainer.Source1.Output]","source2 [Model.NeuronTrainer.Source2.Output]","source3 [Model.NeuronTrainer.Source3.Output]","synapse1 [Model.NeuronTrainer.Neuron.Dendrite1_5.ExcSynapse1.Output]","synapse2 [Model.NeuronTrainer.Neuron.Dendrite2_3.ExcSynapse1.Output]","synapse3 [Model.NeuronTrainer.Neuron.Dendrite3_1.ExcSynapse1.Output]","ltz [Model.NeuronTrainer.Neuron.LTZone.Output]","soma_sum_potential [Model.NeuronTrainer.Neuron.Soma1.SumPotential]","ltz_output_potential [Model.NeuronTrainer.Neuron.LTZone.OutputPotential]"
0,0,0,0,0,0,0,0,0,0
0.00050000000000000001,0,0,0,0,0,0,0,0,0
0.001,0,0,0,0,0,0,0,0,0
0.0015,0,0,0,0,0,0,0,0,0
0.002,0,0,0,0,0,0,0,0,0
0.0025000000000000001,0,0,0,0,0,0,0,0,0
0.0030000000000000001,0,0,0,0,0,0,0,0,0
0.0035000000000000001,0,0,0,0,0,0,0,0,0
0.0040000000000000001,0,0,0,0,0,0,0,0,0
0.0044999999999999997,0,0,0,0,0,0,0,0,0
0.0050000000000000001,0,0,0,0,0,0,0,0,0
0.0054999999999999997,0,0,0,0,0,0,0,0,0
0.0060000000000000001,0,0,0,0,0,0,0,0,0
0.0064999999999999997,0,0,0,0,0,0,0,0,0
0.0070000000000000001,0,0,0,0,0,0,0,0,0
0.0074999999999999997,0,0,0,0,0,0,0,0,0
0.0080000000000000002,0,0,0,0,0,0,0,0,0
0.0085000000000000006,0,0,0,0,0,0,0,0,0
0.0089999999999999993,0,0,0,0,0,0,0,0,0
0.0094999999999999998,0,0,0,0,0,0,0,0,0
0.01,0,0,0,0,0,0,0,0,0
0.010500000000000001,0,0,0,0,0,0,0,0,0
0.010999999999999999,0,0,0,0,0,0,0,0,0
0.0115,0,0,0,0,0,0,0,0,0
0.012,0,0,0,0,0,0,0,0,0
0.012500000000000001,0,0,0,0,0,0,0,0,0
0.012999999999999999,0,0,0,0,0,0,0,0,0
0.0135,0,0,0,0,0,0,0,0,0
0.014,0,0,0,0,0,0,0,0,0
0.014500000000000001,0,0,0,0,0,0,0,0,0
0.014999999999999999,0,0,0,0,0,0,0,0,0
0.0155,0,0,0,0,0,0,0,0,0
0.016,0,0,0,0,0,0,0,0,0
0.016500000000000001,0,0,0,0,0,0,0,0,0
0.017000000000000001,0,0,0,0,0,0,0,0,0
0.017500000000000002,0,0,0,0,0,0,0,0,0
0.017999999999999999,0,0,0,0,0,0,0,0,0
0.018499999999999999,0,0,0,0,0,0,0,0,0
0.019,0,0,0,0,0,0,0,0,0
0.0195,0,0,0,0,0,0,0,0,0
0.02,0,0,0,0,0,0,0,0,0
0.020500000000000001,0,0,0,0,0,0,0,0,0
0.021000000000000001,0,0,0,0,0,0,0,0,0
0.021499999999999998,0,0,0,0,0,0,0,0,0
0.021999999999999999,0,0,0,0,0,0,0,0,0
0.022499999999999999,0,0,0,0,0,0,0,0,0
0.023,0,0,0,0,0,0,0,0,0
0.0235,0,0,0,0,0,0,0,0,0
0.024,0,0,0,0,0,0,0,0,0
0.024500000000000001,0,0,0,0,0,0,0,0,0
0.025000000000000001,0,0,0,0,0,0,0,0,0
0.025499999999999998,0,0,0,0,0,0,0,0,0
0.025999999999999999,0,0,0,0,0,0,0,0,0
0.026499999999999999,0,0,0,0,0,0,0,0,0
0.027,0,0,0,0,0,0,0,0,0
0.0275,0,0,0,0,0,0,0,0,0
0.028000000000000001,0,0,0,0,0,0,0,0,0
0.028500000000000001,0,0,0,0,0,0,0,0,0
0.029000000000000001,0,0,0,0,0,0,0,0,0
0.029499999999999998,0,0,0,0,0,0,0,0,0
0.029999999999999999,0,0,0,0,0,0,0,0,0
0.030499999999999999,0,0,0,0,0,0,0,0,0
0.031,0,0,0,0,0,0,0,0,0
0.0315,0,0,0,0,0,0,0,0,0
0.032000000000000001,0,0,0,0,0,0,0,0,0
0.032500000000000001,0,0,0,0,0,0,0,0,0
0.033000000000000002,0,0,0,0,0,0,0,0,0
0.033500000000000002,0,0,0,0,0,0,0,0,0
0.034000000000000002,0,0,0,0,0,0,0,0,0
0.034500000000000003,0,0,0,0,0,0,0,0,0
0.035000000000000003,0,0,0,0,0,0,0,0,0
0.035499999999999997,0,0,0,0,0,0,0,0,0
0.035999999999999997,0,0,0,0,0,0,0,0,0
0.036499999999999998,0,0,0,0,0,0,0,0,0
0.036999999999999998,0,0,0,0,0,0,0,0,0
0.037499999999999999,0,0,0,0,0,0,0,0,0
0.037999999999999999,0,0,0,0,0,0,0,0,0
0.0385,0,0,0,0,0,0,0,0,0
0.039,0,0,0,0,0,0,0,0,0
0.0395,0,0,0,0,0,0,0,0,0
0.040000000000000001,0,0,0,0,0,0,0,0,0
0.040500000000000001,0,0,0,0,0,0,0,0,0
0.041000000000000002,0,0,0,0,0,0,0,0,0
0.041500000000000002,0,0,0,0,0,0,0,0,0
0.042000000000000003,0,0,0,0,0,0,0,0,0
0.042500000000000003,0,0,0,0,0,0,0,0,0
0.042999999999999997,0,0,0,0,0,0,0,0,0
0.043499999999999997,0,0,0,0,0,0,0,0,0
0.043999999999999997,0,0,0,0,0,0,0,0,0
0.044499999999999998,0,0,0,0,0,0,0,0,0
0.044999999999999998,0,0,0,0,0,0,0,0,0
0.045499999999999999,0,0,0,0,0,0,0,0,0
0.045999999999999999,0,0,0,0,0,0,0,0,0
0.0465,0,0,0,0,0,0,0,0,0
0.047,0,0,0,0,0,0,0,0,0
0.047500000000000001,0,0,0,0,0,0,0,0,0
0.048000000000000001,0,0,0,0,0,0,0,0,0
0.048500000000000001,0,0,0,0,0,0,0,0,0
0.049000000000000002,0,0,0,0,0,0,0,0,0
0.049500000000000002,0,0,0,0,0,0,0,0,0
0.050000000000000003,0,0,0,0,0,0,0,0,0
0.050500000000000003,0,0,0,0,0,0,0,0,0
0.050999999999999997,0,0,0,0,0,0,0,0,0
0.051499999999999997,0,0,0,0,0,0,0,0,0
0.051999999999999998,0,0,0,0,0,0,0,0,0
0.052499999999999998,0,0,0,0,0,0,0,0,0
0.052999999999999999,0,0,0,0,0,0,0,0,0
0.053499999999999999,0,0,0,0,0,0,0,0,0
0.053999999999999999,0,0,0,0,0,0,0,0,0
0.0545,0,0,0,0,0,0,0,0,0
0.055,0,0,0,0,0,0,0,0,0
0.055500000000000001,0,0,0,0,0,0,0,0,0
0.056000000000000001,0,0,0,0,0,0,0,0,0
0.056500000000000002,0,0,0,0,0,0,0,0,0
0.057000000000000002,0,0,0,0,0,0,0,0,0
0.057500000000000002,0,0,0,0,0,0,0,0,0
0.058000000000000003,0,0,0,0,0,0,0,0,0
0.058500000000000003,0,0,0,0,0,0,0,0,0
0.058999999999999997,0,0,0,0,0,0,0,0,0
0.059499999999999997,0,0,0,0,0,0,0,0,0
0.059999999999999998,0,0,0,0,0,0,0,0,0
0.060499999999999998,0,0,0,0,0,0,0,0,0
0.060999999999999999,0,0,0,0,0,0,0,0,0
0.061499999999999999,0,0,0,0,0,0,0,0,0
0.062,0,0,0,0,0,0,0,0,0
0.0625,0,0,0,0,0,0,0,0,0
0.063,0,0,0,0,0,0,0,0,0
0.063500000000000001,0,0,0,0,0,0,0,0,0
0.064000000000000001,0,0,0,0,0,0,0,0,0
0.064500000000000002,0,0,0,0,0,0,0,0,0
0.065000000000000002,0,0,0,0,0,0,0,0,0
0.065500000000000003,0,0,0,0,0,0,0,0,0
0.066000000000000003,0,0,0,0,0,0,0,0,0
0.066500000000000004,0,0,0,0,0,0,0,0,0
0.067000000000000004,0,0,0,0,0,0,0,0,0
0.067500000000000004,0,0,0,0,0,0,0,0,0
0.068000000000000005,0,0,0,0,0,0,0,0,0
0.068500000000000005,0,0,0,0,0,0,0,0,0
0.069000000000000006,0,0,0,0,0,0,0,0,0
0.069500000000000006,0,0,0,0,0,0,0,0,0
0.070000000000000007,0,0,0,0,0,0,0,0,0
0.070499999999999993,0,0,0,0,0,0,0,0,0
0.070999999999999994,0,0,0,0,0,0,0,0,0
0.071499999999999994,0,0,0,0,0,0,0,0,0
0.071999999999999995,0,0,0,0,0,0,0,0,0
0.072499999999999995,0,0,0,0,0,0,0,0,0
0.072999999999999995,0,0,0,0,0,0,0,0,0
0.073499999999999996,0,0,0,0,0,0,0,0,0
0.073999999999999996,0,0,0,0,0,0,0,0,0
0.074499999999999997,0,0,0,0,0,0,0,0,0
0.074999999999999997,0,0,0,0,0,0,0,0,0
0.075499999999999998,0,0,0,0,0,0,0,0,0
0.075999999999999998,0,0,0,0,0,0,0,0,0
0.076499999999999999,0,0,0,0,0,0,0,0,0
0.076999999999999999,0,0,0,0,0,0,0,0,0
0.077499999999999999,0,0,0,0,0,0,0,0,0
0.078,0,0,0,0,0,0,0,0,0
0.0785,0,0,0,0,0,0,0,0,0
0.079000000000000001,0,0,0,0,0,0,0,0,0
0.079500000000000001,0,0,0,0,0,0,0,0,0
0.080000000000000002,0,0,0,0,0,0,0,0,0
0.080500000000000002,0,0,0,0,0,0,0,0,0
0.081000000000000003,0,0,0,0,0,0,0,0,0
0.081500000000000003,0,0,0,0,0,0,0,0,0
0.082000000000000003,0,0,0,0,0,0,0,0,0
0.082500000000000004,0,0,0,0,0,0,0,0,0
0.083000000000000004,0,0,0,0,0,0,0,0,0
0.083500000000000005,0,0,0,0,0,0,0,0,0
0.084000000000000005,0,0,0,0,0,0,0,0,0
0.084500000000000006,0,0,0,0,0,0,0,0,0
0.085000000000000006,0,0,0,0,0,0,0,0,0
0.085500000000000007,0,0,0,0,0,0,0,0,0
0.085999999999999993,0,0,0,0,0,0,0,0,0
0.086499999999999994,0,0,0,0,0,0,0,0,0
0.086999999999999994,0,0,0,0,0,0,0,0,0
0.087499999999999994,0,0,0,0,0,0,0,0,0
0.087999999999999995,0,0,0,0,0,0,0,0,0
0.088499999999999995,0,0,0,0,0,0,0,0,0
0.088999999999999996,0,0,0,0,0,0,0,0,0
0.089499999999999996,0,0,0,0,0,0,0,0,0
0.089999999999999997,0,0,0,0,0,0,0,0,0
0.090499999999999997,0,0,0,0,0,0,0,0,0
0.090999999999999998,0,0,0,0,0,0,0,0,0
0.091499999999999998,0,0,0,0,0,0,0,0,0
0.091999999999999998,0,0,0,0,0,0,0,0,0
0.092499999999999999,0,0,0,0,0,0,0,0,0
0.092999999999999999,0,0,0,0,0,0,0,0,0
0.0935,0,0,0,0,0,0,0,0,0
0.094,0,0,0,0,0,0,0,0,0
0.094500000000000001,0,0,0,0,0,0,0,0,0
0.095000000000000001,0,0,0,0,0,0,0,0,0
0.095500000000000002,0,0,0,0,0,0,0,0,0
0.096000000000000002,0,0,0,0,0,0,0,0,0
0.096500000000000002,0,0,0,0,0,0,0,0,0
0.097000000000000003,0,0,0,0,0,0,0,0,0
0.097500000000000003,0,0,0,0,0,0,0,0,0
0.098000000000000004,0,0,0,0,0,0,0,0,0
0.098500000000000004,0,0,0,0,0,0,0,0,0
0.099000000000000005,0,0,0,0,0,0,0,0,0
0.099500000000000005,0,0,0,0,0,0,0,0,0
0.10000000000000001,0,0,0,0,0,0,0,0,0
0.10050000000000001,0,0,0,0,0,0,0,0,0
0.10100000000000001,0,0,0,0,0,0,0,0,0
0.10150000000000001,0,0,0,0,0,0,0,0,0
0.10199999999999999,0,0,0,0,0,0,0,0,0
0.10249999999999999,0,0,0,0,0,0,0,0,0
0.10299999999999999,0,0,0,0,0,0,0,0,0
0.10349999999999999,0,0,0,0,0,0,0,0,0
0.104,0,0,0,0,0,0,0,0,0
0.1045,0,0,0,0,0,0,0,0,0
0.105,0,0,0,0,0,0,0,0,0
0.1055,0,0,0,0,0,0,0,0,0
0.106,0,0,0,0,0,0,0,0,0
0.1065,0,0,0,0,0,0,0,0,0
0.107,0,0,0,0,0,0,0,0,0
0.1075,0,0,0,0,0,0,0,0,0
0.108,0,0,0,0,0,0,0,0,0
0.1085,0,0,0,0,0,0,0,0,0
0.109,0,0,0,0,0,0,0,0,0
0.1095,0,0,0,0,0,0,0,0,0
0.11,1,0,0,5.0000000000000003e-10,0,0,0,1.5781220774613303e-10,1.8265301822469099e-11
0.1105,1,0,0,7.500000000000001e-10,0,0,0,1.1371819041983144e-09,1.4354145908299072e-10
0.111,0,0,0,7.1250000000000007e-10,0,0,0,4.5708254958753969e-09,6.2273140336845648e-10
0.1115,0,0,0,6.76875e-10,0,0,0,1.3578769664235324e-08,1.978122080929794e-09
0.112,0,0,0,6.4303125000000009e-10,0,0,0,3.3295701973301561e-08,5.1449433460353697e-09
0.1125,0,0,0,6.1087968750000017e-10,0,0,0,7.137225888076415e-08,1.1619182795417087e-08
0.113,0,0,0,5.8033570312500011e-10,0,0,0,1.3842453761014895e-07,2.3606102844479317e-08
0.1135,0,0,0,5.5131891796875012e-10,0,0,0,2.4841388091001448e-07,4.4161145943620118e-08
0.114,0,0,0,5.2375297207031259e-10,0,0,0,4.1894536539910376e-07,7.7316461634389025e-08
0.1145,0,0,0,4.9756532346679698e-10,0,0,0,6.7147860993710395e-07,1.281878997170206e-07
0.115,0,0,0,4.7268705729345716e-10,0,0,0,1.031448688793013e-06,2.0305884759224641e-07
0.11550000000000001,0,0,0,4.490527044287843e-10,0,0,0,1.5282982234188225e-06,3.0943867174063565e-07
0.11600000000000001,0,0,0,4.2660006920734509e-10,0,0,0,2.195424277928737e-06,4.560947206650373e-07
0.11650000000000001,0,0,0,4.0527006574697787e-10,0,0,0,3.0700455986298891e-06,6.5305784990517353e-07
0.11700000000000001,0,0,0,3.8500656245962897e-10,0,0,0,4.1929971330567639e-06,9.116022461252248e-07
0.11749999999999999,0,0,0,3.6575623433664754e-10,0,0,0,5.6084597057637353e-06,1.2442009692025467e-06
0.11799999999999999,0,0,0,3.4746842261981514e-10,0,0,0,7.3636333147719668e-06,1.6644591181798993e-06
0.11849999999999999,0,0,0,3.3009500148882438e-10,0,0,0,9.5083627890124589e-06,2.1870268767994319e-06
0.11899999999999999,0,0,0,3.1359025141438313e-10,0,0,0,1.2094724587297101e-05,2.8274949273664234e-06
0.1195,0,0,0,2.97910738843664e-10,0,0,0,1.5176583358034179e-05,3.6022748551366672e-06
0.12,0,0,0,2.830152019014808e-10,0,0,0,1.8809126569374612e-05,4.5284672167066453e-06
0.1205,0,0,0,2.6886444180640676e-10,0,0,0,2.3048385088708656e-05,5.6237199295062655e-06
0.121,0,0,0,2.5542121971608643e-10,0,0,0,2.7950747077176707e-05,6.9060795693972268e-06
0.1215,0,0,0,2.4265015873028208e-10,0,0,0,3.357247198543245e-05,8.3938380505593524e-06
0.122,0,0,0,2.3051765079376797e-10,0,0,0,3.9969210821499956e-05,1.0105377016973924e-05
0.1225,0,0,0,2.1899176825407959e-10,0,0,0,4.7195538222299938e-05,1.2059012106253804e-05
0.123,0,0,0,2.0804217984137559e-10,0,0,0,5.5304501216046908e-05,1.4272839061958144e-05
0.1235,0,0,0,1.9764007084930679e-10,0,0,0,6.4347188920899079e-05,1.6764583475734143e-05
0.124,0,0,0,1.8775806730684144e-10,0,0,0,7.4372326801297461e-05,1.95514557412544e-05
0.1245,0,0,0,1.783701639414994e-10,0,0,0,8.5425898497915043e-05,2.2650012601688639e-05
0.125,0,0,0,1.6945165574442442e-10,0,0,0,9.7550797676149159e-05,2.6076026475656607e-05
0.1255,0,0,0,1.6097907295720322e-10,0,0,0,0.0001107865117908613,2.9844363554810711e-05
0.126,0,0,0,1.5293011930934307e-10,0,0,0,0.00012516883916346977,3.3968871482940063e-05
0.1265,0,0,0,1.4528361334387591e-10,0,0,0,0.00014072964029610002,3.8462277252301154e-05
0.127,0,0,0,1.3801943267668209e-10,0,0,0,0.0001574966239201725,4.3336095789716552e-05
0.1275,0,0,0,1.31118461042848e-10,0,0,0,0.00017549316788523228,4.8600549553152038e-05
0.128,0,0,0,1.245625379907056e-10,0,0,0,0.00019473817464421561,5.426449931990661e-05
0.1285,0,0,0,1.1833441109117034e-10,0,0,0,0.00021524596078015268,6.0335386220419671e-05
0.129,0,0,0,1.1241769053661182e-10,0,0,0,0.0002370261797419726,6.6819184956613378e-05
0.1295,0,0,0,1.0679680600978123e-10,0,0,0,0.00026008377672193106,7.3720368041346117e-05
0.13,0,1,0,1.0145696570929217e-10,5.0000000000000003e-10,0,0,0.0002844189743989034,8.1045515786655147e-05
0.1305,0,1,0,9.6384117423827558e-11,7.500000000000001e-10,0,0,0.00031002728810380908,8.8806775900709855e-05
0.13100000000000001,0,0,0,9.1564911552636178e-11,7.1250000000000007e-10,0,0,0.00033689956881732819,9.7022846153151351e-05
0.13150000000000001,0,0,0,8.6986665975004362e-11,6.76875e-10,0,0,0.00036502207230149075,0.00010571854114009344
0.13200000000000001,0,0,0,8.2637332676254152e-11,6.4303125000000009e-10,0,0,0.00039437655257645865,0.0001149236119594762
0.13250000000000001,0,0,0,7.8505466042441437e-11,6.1087968750000017e-10,0,0,0.00042494037789031491,0.00012467123398118363
0.13300000000000001,0,0,0,7.4580192740319369e-11,5.8033570312500011e-10,0,0,0.00045668666729314911,0.00013499641451994909
0.13350000000000001,0,0,0,7.0851183103303392e-11,5.5131891796875012e-10,0,0,0.00048958444589974892,0.00014593446755387435
0.13400000000000001,0,0,0,6.7308623948138224e-11,5.2375297207031259e-10,0,0,0.00052359881692798371,0.00015751963610760513
0.13450000000000001,0,0,0,6.3943192750731309e-11,4.9756532346679698e-10,0,0,0.0005586911486078483,0.00016978390112438012
0.13500000000000001,0,0,0,6.0746033113194744e-11,4.7268705729345716e-10,0,0,0.00059481927408711055,0.0001827559898462417
0.13550000000000001,0,0,0,5.7708731457535011e-11,4.490527044287843e-10,0,0,0.00063193770249792003,0.00019646058121422012
0.13600000000000001,0,0,0,5.4823294884658259e-11,4.2660006920734509e-10,0,0,0.00066999783939691859,0.00021091769688648165
0.13650000000000001,0,0,0,5.2082130140425345e-11,4.0527006574697787e-10,0,0,0.00070894821485556481,0.00022614226174807922
0.13700000000000001,0,0,0,4.9478023633404076e-11,3.8500656245962897e-10,0,0,0.00074873471754022258,0.00024214381568816258
0.13750000000000001,0,0,0,4.7004122451733873e-11,3.6575623433664754e-10,0,0,0.00078930083319750377,0.00025892635794287156
0.13800000000000001,0,0,0,4.465391632914718e-11,3.4746842261981514e-10,0,0,0.00083058788603984635,0.00027648830579248218
0.13850000000000001,0,0,0,4.2421220512689821e-11,3.3009500148882438e-10,0,0,0.00087253528160702309,0.00029482255044489499
0.13900000000000001,0,0,0,4.0300159487055332e-11,3.1359025141438313e-10,0,0,0.00091508074976798248,0.00031391659426822086
0.13950000000000001,0,0,0,3.8285151512702567e-11,2.97910738843664e-10,0,0,0.00095816058661224446,0.00033375275498838625
0.14000000000000001,0,0,0,3.6370893937067438e-11,2.830152019014808e-10,0,0,0.0010017098940726665,0.00035430842393986722
0.14050000000000001,0,0,0,3.4552349240214069e-11,2.6886444180640676e-10,0,0,0.0010456628162073267,0.00037555636688789336
0.14099999999999999,0,0,0,3.2824731778203365e-11,2.5542121971608643e-10,0,0,0.0010899527711594192,0.00039746505729423961
0.14149999999999999,0,0,0,3.1183495189293198e-11,2.4265015873028208e-10,0,0,0.0011345126779037651,0.00041999903315725217
0.14199999999999999,0,0,0,2.9624320429828537e-11,2.3051765079376797e-10,0,0,0.0011792751769700294,0.00044311926971225021
0.14249999999999999,0,0,0,2.8143104408337113e-11,2.1899176825407959e-10,0,0,0.0012241728444252198,0.00046678356133107208
0.14299999999999999,0,0,0,2.6735949187920256e-11,2.0804217984137559e-10,0,0,0.0012691383984726468,0.00049094690690961135
0.14349999999999999,0,0,0,2.5399151728524243e-11,1.9764007084930679e-10,0,0,0.0013141048981111236,0.00051556189388760726
0.14399999999999999,0,0,0,2.4129194142098031e-11,1.8775806730684144e-10,0,0,0.0013590059333703497,0.00054057907680935956
0.14449999999999999,0,0,0,2.2922734434993131e-11,1.783701639414994e-10,0,0,0.0014037758067153572,0.0005659473470160432
0.14499999999999999,0,0,0,2.1776597713243474e-11,1.6945165574442442e-10,0,0,0.0014483497052806271,0.00059161429066496645
0.14549999999999999,0,0,0,2.0687767827581299e-11,1.6097907295720322e-10,0,0,0.001492663863664645,0.00061752653280717205
0.14599999999999999,0,0,0,1.9653379436202235e-11,1.5293011930934307e-10,0,0,0.0015366557170743977,0.00064363006572597573
0.14649999999999999,0,0,0,1.8670710464392122e-11,1.4528361334387591e-10,0,0,0.0015802640446737071,0.00066987056015417059
0.14699999999999999,0,0,0,1.7737174941172517e-11,1.3801943267668209e-10,0,0,0.001623429103042251,0.00069619365834987712
0.14749999999999999,0,0,0,1.685031619411389e-11,1.31118461042848e-10,0,0,0.0016660927497037514,0.00072254524832661784
0.14799999999999999,0,0,0,1.6007800384408196e-11,1.245625379907056e-10,0,0,0.0017081985567338753,0.00074887171880726351
0.14849999999999999,0,0,0,1.5207410365187787e-11,1.1833441109117034e-10,0,0,0.0017496919144979195,0.00077512019470703188
0.14899999999999999,0,0,0,1.4447039846928397e-11,1.1241769053661182e-10,0,0,0.0017905201256142034,0.00080123875315318621
0.14949999999999999,0,0,0,1.3724687854581977e-11,1.0679680600978123e-10,0,0,0.0018306324892740644,0.00082717662022077144
0.14999999999999999,0,0,0,1.3038453461852878e-11,1.0145696570929217e-10,0,0,0.0018699803760838796,0.00085288434870878758
0.15049999999999999,0,0,1,1.2386530788760235e-11,9.6384117423827558e-11,5.0000000000000003e-10,0,0.0019085172936267325,0.00087976797042773843
0.151,0,0,1,1.1767204249322223e-11,9.1564911552636178e-11,7.500000000000001e-10,0,0.0019461989429663262,0.00090931621375343657
0.1515,0,0,0,1.1178844036856113e-11,8.6986665975004362e-11,7.1250000000000007e-10,0,0.0019829832663432745,0.00094216737392591968
0.152,0,0,0,1.0619901835013306e-11,8.2637332676254152e-11,6.76875e-10,0,0.002018830486333667,0.00097843801193288229
0.1525,0,0,0,1.0088906743262641e-11,7.8505466042441437e-11,6.4303125000000009e-10,0,0.0020537031367576786,0.0010179347410505346
0.153,0,0,0,9.5844614060995096e-12,7.4580192740319369e-11,6.1087968750000017e-10,0,0.0020875660856451983,0.0010602899102483362
0.1535,0,0,0,9.1052383357945341e-12,7.0851183103303392e-11,5.8033570312500011e-10,0,0.0021203865505746711,0.0011050478076049259
0.154,0,0,0,8.6499764190048072e-12,6.7308623948138224e-11,5.5131891796875012e-10,0,0.0021521341067159971,0.001151718747775721
0.1545,0,0,0,8.2174775980545678e-12,6.3943192750731309e-11,5.2375297207031259e-10,0,0.0021827806879152201,0.0011998123645510959
0.155,0,0,0,7.8066037181518396e-12,6.0746033113194744e-11,4.9756532346679698e-10,0,0.002212300581165616,0.0012488574858560506
0.1555,0,0,0,7.4162735322442478e-12,5.7708731457535011e-11,4.7268705729345716e-10,0,0.0022406704148140166,0.001298413395155378
0.156,0,0,0,7.045459855632035e-12,5.4823294884658259e-11,4.490527044287843e-10,0,0.0022678691408559715,0.0013480756042698395
0.1565,0,0,0,6.6931868628504337e-12,5.2082130140425345e-11,4.2660006920734509e-10,0,0.0022938780116718016,0.0013974781674428549
0.157,0,0,0,6.3585275197079119e-12,4.9478023633404076e-11,4.0527006574697787e-10,0,0.0023186805515560405,0.0014462938523542592
0.1575,0,0,0,6.0406011437225164e-12,4.7004122451733873e-11,3.8500656245962897e-10,0,0.0023422625233923133,0.0014942330183013346
0.158,0,0,0,5.7385710865363908e-12,4.465391632914718e-11,3.6575623433664754e-10,0,0.0023646118908194902,0.0015410417485589841
0.1585,0,0,0,5.4516425322095715e-12,4.2421220512689821e-11,3.4746842261981514e-10,0,0.0023857187762336141,0.0015864995866006011
0.159,0,0,0,5.1790604055990933e-12,4.0300159487055332e-11,3.3009500148882438e-10,0,0.0024055754149614472,0.0016304170975983234
0.1595,0,0,0,4.9201073853191377e-12,3.8285151512702567e-11,3.1359025141438313e-10,0,0.0024241761059375921,0.0016726333934039444
0.16,0,0,0,4.674102016053181e-12,3.6370893937067438e-11,2.97910738843664e-10,0,0.0024415171592082618,0.001713013705359712
0.1605,0,0,0,4.4403969152505223e-12,3.4552349240214069e-11,2.830152019014808e-10,0,0.0024575968405755599,0.0017514470545698048
0.161,0,0,0,4.2183770694879959e-12,3.2824731778203365e-11,2.6886444180640676e-10,0,0.0024724153136911342,0.0017878440470032147
0.1615,0,0,0,4.007458216013596e-12,3.1183495189293198e-11,2.5542121971608643e-10,0,0.0024859745798929689,0.0018221348066393853
0.16200000000000001,0,0,0,3.8070853052129167e-12,2.9624320429828537e-11,2.4265015873028208e-10,0,0.0024982784160744176,0.0018542670509704643
0.16250000000000001,0,0,0,3.6167310399522705e-12,2.8143104408337113e-11,2.3051765079376797e-10,0,0.0025093323108608123,0.0018842043076848112
0.16300000000000001,0,0,0,3.4358944879546569e-12,2.6735949187920256e-11,2.1899176825407959e-10,0,0.0025191433993595469,0.0019119242680683908
0.16350000000000001,0,0,0,3.264099763556924e-12,2.5399151728524243e-11,2.0804217984137559e-10,0,0.0025277203967379869,0.0019374172707878835
0.16400000000000001,0,0,0,3.1008947753790778e-12,2.4129194142098031e-11,1.9764007084930679e-10,0,0.0025350735308740102,0.0019606849087507043
0.16450000000000001,0,0,0,2.9458500366101237e-12,2.2922734434993131e-11,1.8775806730684144e-10,0,0.002541214474309661,0.0019817387513383204
0.16500000000000001,0,0,0,2.7985575347796178e-12,2.1776597713243474e-11,1.783701639414994e-10,0,0.0025461562757297385,0.002000599174267639
0.16550000000000001,0,0,0,2.6586296580406368e-12,2.0687767827581299e-11,1.6945165574442442e-10,0,0.0025499132911749323,0.0020172942895083645
0.16600000000000001,0,0,0,2.525698175138605e-12,1.9653379436202235e-11,1.6097907295720322e-10,0,0.0025525011151863453,0.0020318589679844561
0.16650000000000001,0,0,0,2.3994132663816747e-12,1.8670710464392122e-11,1.5293011930934307e-10,0,0.0025539365120686996,0.0020443339481566415
0.16700000000000001,0,0,0,2.2794426030625911e-12,1.7737174941172517e-11,1.4528361334387591e-10,0,0.002554237347447863,0.0020547650239839611
0.16750000000000001,0,0,0,2.1654704729094613e-12,1.685031619411389e-11,1.3801943267668209e-10,0,0.0025534225202861194,0.0020632023061724902
0.16800000000000001,0,0,0,2.0571969492639882e-12,1.6007800384408196e-11,1.31118461042848e-10,0,0.0025515118955082849,0.0020696995510251772
0.16850000000000001,0,0,0,1.954337101800789e-12,1.5207410365187787e-11,1.245625379907056e-10,0,0.0025485262373825535,0.0020743135515990429
0.16900000000000001,0,0,0,1.8566202467107494e-12,1.4447039846928397e-11,1.1833441109117034e-10,0,0.0025444871437864114,0.0020771035862503346
0.16950000000000001,0,0,0,1.763789234375212e-12,1.3724687854581977e-11,1.1241769053661182e-10,0,0.0025394169814803025,0.0020781309200027191
0.17000000000000001,0,0,0,1.6755997726564514e-12,1.3038453461852878e-11,1.0679680600978123e-10,0,0.0025333388225002862,0.0020774583545061479
0.17050000000000001,0,0,0,1.5918197840236289e-12,1.2386530788760235e-11,1.0145696570929217e-10,0,0.0025262763817723854,0.0020751498226656557
0.17100000000000001,0,0,0,1.5122287948224474e-12,1.1767204249322223e-11,9.6384117423827558e-11,0,0.0025182539560399952,0.0020712700243103563
0.17150000000000001,0,0,0,1.4366173550813249e-12,1.1178844036856113e-11,9.1564911552636178e-11,0,0.002509296364188951,0.0020658840995434057
0.17199999999999999,0,0,0,1.3647864873272587e-12,1.0619901835013306e-11,8.6986665975004362e-11,0,0.0024994288890448635,0.0020590573366658775
0.17249999999999999,0,0,0,1.2965471629608959e-12,1.0088906743262641e-11,8.2637332676254152e-11,0,0.0024886772207080021,0.0020508549118013926
0.17299999999999999,0,0,0,1.231719804812851e-12,9.5844614060995096e-12,7.8505466042441437e-11,0,0.0024770674014856775,0.0020413416575656941
0.17349999999999999,0,0,0,1.1701338145722084e-12,9.1052383357945341e-12,7.4580192740319369e-11,0,0.002464625772470419,0.0020305818583269326
0.17399999999999999,0,0,0,1.111627123843598e-12,8.6499764190048072e-12,7.0851183103303392e-11,0,0.0024513789218092441,0.0020186390697897218
0.17449999999999999,0,0,0,1.056045767651418e-12,8.2174775980545678e-12,6.7308623948138224e-11,0,0.0024373536346981028,0.00200557596080916
0.17499999999999999,0,0,0,1.0032434792688472e-12,7.8066037181518396e-12,6.3943192750731309e-11,0,0.0024225768451318075,0.0019914541755021711
0.17549999999999999,0,0,0,9.5308130530540474e-13,7.4162735322442478e-12,6.0746033113194744e-11,0,0.002407075589432317,0.0019763342138724139
0.17599999999999999,0,0,0,9.0542724004013447e-13,7.045459855632035e-12,5.7708731457535011e-11,0,0.0023908769615709202,0.0019602753293030766
0.17649999999999999,0,0,0,8.6015587803812774e-13,6.6931868628504337e-12,5.4823294884658259e-11,0,0.0023740080702981947,0.0019433354414002165
0.17699999999999999,0,0,0,8.1714808413622138e-13,6.3585275197079119e-12,5.2082130140425345e-11,0,0.0023564959980842959,0.0019255710627875606
0.17749999999999999,0,0,0,7.762906799294103e-13,6.0406011437225164e-12,4.9478023633404076e-11,0,0.0023383677618727949,0.0019070372385638146
0.17799999999999999,0,0,0,7.3747614593293973e-13,5.7385710865363908e-12,4.7004122451733873e-11,0,0.0023196502756427373,0.0018877874972350959
0.17849999999999999,0,0,0,7.0060233863629282e-13,5.4516425322095715e-12,4.465391632914718e-11,0,0.0023003703147718157,0.0018678738120295447
0.17899999999999999,0,0,0,6.6557222170447814e-13,5.1790604055990933e-12,4.2421220512689821e-11,0,0.0022805544821861146,0.0018473465715881032
0.17949999999999999,0,0,0,6.3229361061925421e-13,4.9201073853191377e-12,4.0300159487055332e-11,0,0.0022602291762829907,0.0018262545591065588
0.17999999999999999,0,0,0,6.0067893008829148e-13,4.674102016053181e-12,3.8285151512702567e-11,0,0.0022394205606049988,0.0018046449390785591
0.18049999999999999,0,0,0,5.706449835838769e-13,4.4403969152505223e-12,3.6370893937067438e-11,0,0.0022181545352423226,0.0017825632508581563
0.18099999999999999,0,0,0,5.4211273440468304e-13,4.2183770694879959e-12,3.4552349240214069e-11,0,0.0021964567099395094,0.0017600534083251672
0.18149999999999999,0,0,0,5.1500709768444882e-13,4.007458216013596e-12,3.2824731778203365e-11,0,0.0021743523788748664,0.0017371577049949216
0.182,0,0,0,4.8925674280022643e-13,3.8070853052129167e-12,3.1183495189293198e-11,0,0.0021518664970842094,0.0017139168239693357
0.1825,0,0,0,4.6479390566021509e-13,3.6167310399522705e-12,2.9624320429828537e-11,0,0.0021290236584937672,0.0016903698521766465
0.183,0,0,0,4.4155421037720431e-13,3.4358944879546569e-12,2.8143104408337113e-11,0,0.0021058480755280495,0.0016665542983937771
0.1835,0,0,0,4.194764998583441e-13,3.264099763556924e-12,2.6735949187920256e-11,0,0.0020823635602547075,0.0016425061145886012
0.184,0,0,0,3.9850267486542689e-13,3.1008947753790778e-12,2.5399151728524243e-11,0,0.0020585935070288608,0.0016182597201594125
0.1845,0,0,0,3.7857754112215552e-13,2.9458500366101237e-12,2.4129194142098031e-11,0,0.0020345608765957035,0.0015938480286852837
0.185,0,0,0,3.5964866406604775e-13,2.7985575347796178e-12,2.2922734434993131e-11,0,0.0020102881816110862,0.0015693024768355958
0.1855,0,0,0,3.4166623086274537e-13,2.6586296580406368e-12,2.1776597713243474e-11,0,0.001985797473537998,0.0015446530551180076
0.186,0,0,0,3.245829193196081e-13,2.525698175138605e-12,2.0687767827581299e-11,0,0.0019611103308756483,0.0015199283401730614
0.1865,0,0,0,3.083537733536277e-13,2.3994132663816747e-12,1.9653379436202235e-11,0,0.0019362478486776302,0.0014951555283505336
0.187,0,0,0,2.9293608468594637e-13,2.2794426030625911e-12,1.8670710464392122e-11,0,0.0019112306293157522,0.0014703604703271385
0.1875,0,0,0,2.7828928045164904e-13,2.1654704729094613e-12,1.7737174941172517e-11,0,0.0018860787744443552,0.0014455677065475861
0.188,0,0,0,2.6437481642906658e-13,2.0571969492639882e-12,1.685031619411389e-11,0,0.0018608118781209271,0.0014208005032922614
0.1885,0,0,0,2.511560756076132e-13,1.954337101800789e-12,1.6007800384408196e-11,0,0.0018354490210387153,0.0013960808891936281
0.189,0,0,0,2.3859827182723257e-13,1.8566202467107494e-12,1.5207410365187787e-11,0,0.0018100087658254882,0.0013714296920413838
0.1895,0,0,0,2.2666835823587094e-13,1.763789234375212e-12,1.4447039846928397e-11,0,0.0017845091533664759,0.0013468665757324853
0.19,0,0,0,2.1533494032407738e-13,1.6755997726564514e-12,1.3724687854581977e-11,0,0.0017589677001035309,0.001322410077236967
0.1905,0,0,0,2.0456819330787353e-13,1.5918197840236289e-12,1.3038453461852878e-11,0,0.0017334013962703176,0.0012980776434644015
0.191,0,0,0,1.9433978364247983e-13,1.5122287948224474e-12,1.2386530788760235e-11,0,0.0017078267050176787,0.0012738856679281826
0.1915,0,0,0,1.8462279446035584e-13,1.4366173550813249e-12,1.1767204249322223e-11,0,0.0016822595623876557,0.0012498495271165201
0.192,0,0,0,1.7539165473733803e-13,1.3647864873272587e-12,1.1178844036856113e-11,0,0.0016567153780924215,0.0012259836164893324
0.1925,0,0,0,1.6662207200047113e-13,1.2965471629608959e-12,1.0619901835013306e-11,0,0.0016312090370578236,0.0012023013860302208
0.193,0,0,0,1.5829096840044758e-13,1.231719804812851e-12,1.0088906743262641e-11,0,0.0016057549016896822,0.0011788153752912334
0.19350000000000001,0,0,0,1.5037641998042519e-13,1.1701338145722084e-12,9.5844614060995096e-12,0,0.0015803668148227645,0.0011555372478762543
0.19400000000000001,0,0,0,1.4285759898140393e-13,1.111627123843598e-12,9.1052383357945341e-12,0,0.001555058103313578,0.0011324778253164517
0.19450000000000001,0,0,0,1.3571471903233373e-13,1.056045767651418e-12,8.6499764190048072e-12,0,0.0015298415822371236,0.0011096471202975719
0.19500000000000001,0,0,0,1.2892898308071703e-13,1.0032434792688472e-12,8.2174775980545678e-12,0,0.0015047295596518628,0.0010870543692053525
0.19550000000000001,0,0,0,1.2248253392668118e-13,9.5308130530540474e-13,7.8066037181518396e-12,0,0.0014797338418938155,0.0010647080639605067
0.19600000000000001,0,0,0,1.1635840723034712e-13,9.0542724004013447e-13,7.4162735322442478e-12,0,0.0014548657393668174,0.0010426159831201747
0.19650000000000001,0,0,0,1.1054048686882976e-13,8.6015587803812774e-13,7.045459855632035e-12,0,0.0014301360727914103,0.0010207852222270971
0.19700000000000001,0,0,0,1.0501346252538827e-13,8.1714808413622138e-13,6.6931868628504337e-12,0,0.0014055551798805022,0.00099922222339187327
0.19750000000000001,0,0,0,9.9762789399118854e-14,7.762906799294103e-13,6.3585275197079119e-12,0,0.001381132922408046,0.00097793280409757448
0.19800000000000001,0,0,0,9.4774649929162908e-14,7.3747614593293973e-13,6.0406011437225164e-12,0,0.0013568786936394295,0.00095692218521938109
0.19850000000000001,0,0,0,9.0035917432704769e-14,7.0060233863629282e-13,5.7385710865363908e-12,0,0.0013328014260928223,0.00093619501825478659
0.19900000000000001,0,0,0,8.5534121561069518e-14,6.6557222170447814e-13,5.4516425322095715e-12,0,0.0013089095996019484,0.00091575541176283734
0.19950000000000001,0,0,0,8.1257415483016052e-14,6.3229361061925421e-13,5.1790604055990933e-12,0,0.0012852112496511969,0.00089560695701317982
0.20000000000000001,0,0,0,7.7194544708865247e-14,6.0067893008829148e-13,4.9201073853191377e-12,0,0.0012617139759562024,0.00087575275284810584
0.20050000000000001,0,0,0,7.3334817473421997e-14,5.706449835838769e-13,4.674102016053181e-12,0,0.0012384249512628065,0.00085619542976238922
0.20100000000000001,0,0,0,6.9668076599750891e-14,5.4211273440468304e-13,4.4403969152505223e-12,0,0.0012153509303394205,0.00083693717320787269
0.20150000000000001,0,0,0,6.6184672769763334e-14,5.1500709768444882e-13,4.2183770694879959e-12,0,0.0011924982591381417,0.00081797974613098299
0.20200000000000001,0,0,0,6.2875439131275164e-14,4.8925674280022643e-13,4.007458216013596e-12,0,0.0011698728841013084,0.00079932451075269081
0.20250000000000001,0,0,0,5.9731667174711408e-14,4.6479390566021509e-13,3.8070853052129167e-12,0,0.0011474803615910689,0.00078097244960204668
0.20300000000000001,0,0,0,5.674508381597584e-14,4.4155421037720431e-13,3.6167310399522705e-12,0,0.0011253258674204236,0.0007629241858147373
0.20349999999999999,0,0,0,5.3907829625177045e-14,4.194764998583441e-13,3.4358944879546569e-12,0,0.0011034142064657582,0.00074518000270970889
0.20399999999999999,0,0,0,5.1212438143918187e-14,3.9850267486542689e-13,3.264099763556924e-12,0,0.0010817498223408828,0.00072773986265708968
0.20449999999999999,0,0,0,4.8651816236722277e-14,3.7857754112215552e-13,3.1008947753790778e-12,0,0.0010603368071150365,0.00071060342525179382
0.20499999999999999,0,0,0,4.6219225424886162e-14,3.5964866406604775e-13,2.9458500366101237e-12,0,0.0010391789110563154,0.00069377006480725713
0.20549999999999999,0,0,0,4.3908264153641853e-14,3.4166623086274537e-13,2.7985575347796178e-12,0,0.0010182795523843158,0.00067723888718454711
0.20599999999999999,0,0,0,4.1712850945959757e-14,3.245829193196081e-13,2.6586296580406368e-12,0,0.00099764182701633786,0.0006610087459721658
0.20649999999999999,0,0,0,3.9627208398661772e-14,3.083537733536277e-13,2.525698175138605e-12,0,0.00097726851829260664,0.00064507825803238235
0.20699999999999999,0,0,0,3.7645847978728686e-14,2.9293608468594637e-13,2.3994132663816747e-12,0,0.00095716210666585422,0.00062944581843009622
0.20749999999999999,0,0,0,3.576355557979225e-14,2.7828928045164904e-13,2.2794426030625911e-12,0,0.00093732477934238556,0.00061410961476005151
0.20799999999999999,0,0,0,3.3975377800802634e-14,2.6437481642906658e-13,2.1654704729094613e-12,0,0.00091775843986241501,0.00059906764088866148
0.20849999999999999,0,0,0,3.2276608910762496e-14,2.511560756076132e-13,2.0571969492639882e-12,0,0.00089846471760846036,0.00058431771012674126
0.20899999999999999,0,0,0,3.0662778465224374e-14,2.3859827182723257e-13,1.954337101800789e-12,0,0.00087944497723002613,0.00056985746784910386
0.20949999999999999,0,0,0,2.9129639541963156e-14,2.2666835823587094e-13,1.8566202467107494e-12,0,0.000860700327974806,0.00055568440357716743
0.20999999999999999,0,0,0,2.7673157564864997e-14,2.1533494032407738e-13,1.763789234375212e-12,0,0.00084223163291863301,0.00054179586254056249
0.21049999999999999,0,0,0,2.6289499686621748e-14,2.0456819330787353e-13,1.6755997726564514e-12,0,0.00082403951808229792,0.000528189056733497
0.21099999999999999,0,0,0,2.497502470229066e-14,1.9433978364247983e-13,1.5918197840236289e-12,0,0.00080612438143068399,0.00051486107548166359
0.21149999999999999,0,0,0,2.3726273467176128e-14,1.8462279446035584e-13,1.5122287948224474e-12,0,0.0007884864017445592,0.00050180889553510849
0.21199999999999999,0,0,0,2.253995979381732e-14,1.7539165473733803e-13,1.4366173550813249e-12,0,0.00077112554735925265,0.00048902939070238254
0.21249999999999999,0,0,0,2.1412961804126453e-14,1.6662207200047113e-13,1.3647864873272587e-12,0,0.00075404158476399807,0.00047651934104088353
0.21299999999999999,0,0,0,2.0342313713920131e-14,1.5829096840044758e-13,1.2965471629608959e-12,0,0.00073723408705606008,0.00046427544161836552
0.2135,0,0,0,1.9325198028224125e-14,1.5037641998042519e-13,1.231719804812851e-12,0,0.00072070244224453628,0.00045229431085991393
0.214,0,0,0,1.8358938126812917e-14,1.4285759898140393e-13,1.1701338145722084e-12,0,0.00070444586140061549,0.00044057249849479554
0.2145,0,0,0,1.7440991220472273e-14,1.3571471903233373e-13,1.111627123843598e-12,0,0.00068846338664829698,0.0004291064931171
0.215,0,0,0,1.6568941659448659e-14,1.2892898308071703e-13,1.056045767651418e-12,0,0.00067275389899390525,0.00041789272937376804
0.2155,0,0,0,1.5740494576476225e-14,1.2248253392668118e-13,1.0032434792688472e-12,0,0.00065731612598984857,0.00040692759479348006
0.216,0,0,0,1.4953469847652413e-14,1.1635840723034712e-13,9.5308130530540474e-13,0,0.00064214864923106685,0.00039620743626922385
0.2165,0,0,0,1.4205796355269792e-14,1.1054048686882976e-13,9.0542724004013447e-13,0,0.00062724991168205957,0.00038572856620761086
0.217,0,0,0,1.3495506537506304e-14,1.0501346252538827e-13,8.6015587803812774e-13,0,0.00061261822483171802,0.00037548726835698169
0.2175,0,0,0,1.2820731210630988e-14,9.9762789399118854e-14,8.1714808413622138e-13,0,0.00059825177567507382,0.00036547980332666982
0.218,0,0,0,1.2179694650099439e-14,9.4774649929162908e-14,7.762906799294103e-13,0,0.00058414863352140856,0.00035570241380913551
0.2185,0,0,0,1.1570709917594468e-14,9.0035917432704769e-14,7.3747614593293973e-13,0,0.00057030675662739228,0.00034615132951634027
0.219,0,0,0,1.0992174421714744e-14,8.5534121561069518e-14,7.0060233863629282e-13,0,0.00055672399865480671,0.00033682277184160188
0.2195,0,0,0,1.0442565700629007e-14,8.1257415483016052e-14,6.6557222170447814e-13,0,0.00054339811495318635,0.00032771295825776152
0.22,0,0,0,9.920437415597557e-15,7.7194544708865247e-14,6.3229361061925421e-13,0,0.00053032676866737738,0.00031881810646211322
0.2205,0,0,0,9.4244155448176787e-15,7.3334817473421997e-14,6.0067893008829148e-13,0,0.00051750753667012539,0.00031013443827834867
0.221,0,0,0,8.9531947675767942e-15,6.9668076599750891e-14,5.706449835838769e-13,0,0.0005049379153211353,0.00030165818332539615
0.2215,0,0,0,8.5055350291979563e-15,6.6184672769763334e-14,5.4211273440468304e-13,0,0.00049261532605304748,0.00029338558246286755
0.222,0,0,0,8.0802582777380577e-15,6.2875439131275164e-14,5.1500709768444882e-13,0,0.00048053712078510724,0.00028531289102216411
0.2225,0,0,0,7.6762453638511551e-15,5.9731667174711408e-14,4.8925674280022643e-13,0,0.0004687005871670813,0.00027743638183255537
0.223,0,0,0,7.2924330956585974e-15,5.674508381597584e-14,4.6479390566021509e-13,0,0.00045710295365375408,0.00026975234805071412
0.2235,0,0,0,6.927811440875667e-15,5.3907829625177045e-14,4.4155421037720431e-13,0,0.00044574139441233562,0.00026225710580229033
0.224,0,0,0,6.5814208688318842e-15,5.1212438143918187e-14,4.194764998583441e-13,0,0.00043461303406455709,0.00025494699664361901
0.22450000000000001,0,0,0,6.2523498253902905e-15,4.8651816236722277e-14,3.9850267486542689e-13,0,0.00042371495226589673,0.00024781838985144287
0.22500000000000001,0,0,0,5.9397323341207762e-15,4.6219225424886162e-14,3.7857754112215552e-13,0,0.00041304418812304622,0.000240867684548325
0.22550000000000001,0,0,0,5.6427457174147376e-15,4.3908264153641853e-14,3.5964866406604775e-13,0,0.00040259774445339236,0.000234091311671165
0.22600000000000001,0,0,0,5.360608431544e-15,4.1712850945959757e-14,3.4166623086274537e-13,0,0.00039237259188729112,0.000227485735789726
0.22650000000000001,0,0,0,5.0925780099668e-15,3.9627208398661772e-14,3.245829193196081e-13,0,0.00038236567281757505,0.00022104745678225296
0.22700000000000001,0,0,0,4.8379491094684598e-15,3.7645847978728686e-14,3.083537733536277e-13,0,0.00037257390519718214,0.00021477301137474289
0.22750000000000001,0,0,0,4.5960516539950369e-15,3.576355557979225e-14,2.9293608468594637e-13,0,0.00036299418618823687,0.00020865897455015547
0.22800000000000001,0,0,0,4.3662490712952848e-15,3.3975377800802634e-14,2.7828928045164904e-13,0,0.00035362339566580303,0.00020270196083378833
0.22850000000000001,0,0,0,4.1479366177305205e-15,3.2276608910762496e-14,2.6437481642906658e-13,0,0.00034445839957897295,0.00019689862546088546
0.22900000000000001,0,0,0,3.9405397868439939e-15,3.0662778465224374e-14,2.511560756076132e-13,0,0.00033549605317118036,0.00019124566543187853
0.22950000000000001,0,0,0,3.7435127975017945e-15,2.9129639541963156e-14,2.3859827182723257e-13,0,0.00032673320406473305,0.0001857398204610994
0.23000000000000001,0,0,0,3.5563371576267051e-15,2.7673157564864997e-14,2.2666835823587094e-13,0,0.00031816669520989826,0.00018037787382396985
0.23050000000000001,0,0,0,3.3785202997453698e-15,2.6289499686621748e-14,2.1533494032407738e-13,0,0.00030979336770431409,0.00017515665310796657
0.23100000000000001,0,0,0,3.2095942847581011e-15,2.497502470229066e-14,2.0456819330787353e-13,0,0.00030161006348372599,0.00017007303087222063
0.23150000000000001,0,0,0,3.0491145705201961e-15,2.3726273467176128e-14,1.9433978364247983e-13,0,0.00029361362788815626,0.00016512392522034937
0.23200000000000001,0,0,0,2.8966588419941862e-15,2.253995979381732e-14,1.8462279446035584e-13,0,0.00028580091210594905,0.00016030630029118027
0.23250000000000001,0,0,0,2.7518258998944768e-15,2.1412961804126453e-14,1.7539165473733803e-13,0,0.00027816877549968755,0.00015561716667165457
0.23300000000000001,0,0,0,2.614234604899753e-15,2.0342313713920131e-14,1.6662207200047113e-13,0,0.00027071408781620399,0.00015105358173617456
0.23350000000000001,0,0,0,2.4835228746547653e-15,1.9325198028224125e-14,1.5829096840044758e-13,0,0.00026343373128390191,0.00014661264991623166
0.23400000000000001,0,0,0,2.3593467309220271e-15,1.8358938126812917e-14,1.5037641998042519e-13,0,0.00025632460260105461,0.00014229152290433613
0.23449999999999999,0,0,0,2.2413793943759261e-15,1.7440991220472273e-14,1.4285759898140393e-13,0,0.00024938361481752214,0.00013808739979583734
0.23499999999999999,0,0,0,2.1293104246571297e-15,1.6568941659448659e-14,1.3571471903233373e-13,0,0.0002426076991134396,0.00013399752717230029
0.23549999999999999,0,0,0,2.0228449034242735e-15,1.5740494576476225e-14,1.2892898308071703e-13,0,0.00023599380647709722,0.00013001919912964129
0.23599999999999999,0,0,0,1.9217026582530596e-15,1.4953469847652413e-14,1.2248253392668118e-13,0,0.00022953890928645304,0.00012614975725448838
0.23649999999999999,0,0,0,1.8256175253404068e-15,1.4205796355269792e-14,1.1635840723034712e-13,0,0.00022324000279561051,0.00012238659055176097
0.23699999999999999,0,0,0,1.7343366490733863e-15,1.3495506537506304e-14,1.1054048686882976e-13,0,0.00021709410653025785,0.00011872713532641311
0.23749999999999999,0,0,0,1.647619816619717e-15,1.2820731210630988e-14,1.0501346252538827e-13,0,0.00021109826559495559,0.00011516887502239327
0.23799999999999999,0,0,0,1.5652388257887311e-15,1.2179694650099439e-14,9.9762789399118854e-14,0,0.00020524955189482608,0.00011170934002130137
0.23849999999999999,0,0,0,1.4869768844992945e-15,1.1570709917594468e-14,9.4774649929162908e-14,0,0.00019954506527430915,0.00010834610740357092
0.23899999999999999,0,0,0,1.4126280402743297e-15,1.0992174421714744e-14,9.0035917432704769e-14,0,0.00019398193457631496,0.00010507680067453563
0.23949999999999999,0,0,0,1.3419966382606133e-15,1.0442565700629007e-14,8.5534121561069518e-14,0,0.0001885573186246603,0.00010189908945793614
0.23999999999999999,0,0,0,1.2748968063475827e-15,9.920437415597557e-15,8.1257415483016052e-14,0,0.0001832684071311208,9.8810689158856336e-05
0.24049999999999999,0,0,0,1.2111519660302036e-15,9.4244155448176787e-15,7.7194544708865247e-14,0,0.00017811242153242812,9.5809360598608445e-05
0.24099999999999999,0,0,0,1.1505943677286934e-15,8.9531947675767942e-15,7.3334817473421997e-14,0,0.00017308661575621276,9.2892909623442993e-05
0.24149999999999999,0,0,0,1.0930646493422586e-15,8.5055350291979563e-15,6.9668076599750891e-14,0,0.00016818827692222094,9.0059186689091865e-05
0.24199999999999999,0,0,0,1.0384114168751458e-15,8.0802582777380577e-15,6.6184672769763334e-14,0,0.00016341472597869444,8.730608642309811e-05
0.24249999999999999,0,0,0,9.8649084603138853e-16,7.6762453638511551e-15,6.2875439131275164e-14,0,0.00015876331827735513,8.4631547166644401e-05
0.24299999999999999,0,0,0,9.3716630372981924e-16,7.2924330956585974e-15,5.9731667174711408e-14,0,0.00015423144408943656,8.2033550497704759e-05
0.24349999999999999,0,0,0,8.9030798854332814e-16,6.927811440875667e-15,5.674508381597584e-14,0,0.00014981652906509435,7.9510120737069962e-05
0.24399999999999999,0,0,0,8.4579258911616183e-16,6.5814208688318842e-15,5.3907829625177045e-14,0,0.00014551603463841545,7.7059324438850319e-05
0.2445,0,0,0,8.0350295966035377e-16,6.2523498253902905e-15,5.1212438143918187e-14,0,0.00014132745838024707,7.467926986688762e-05
0.245,0,0,0,7.6332781167733603e-16,5.9397323341207762e-15,4.8651816236722277e-14,0,0.0001372483343013986,7.2368106458576677e-05
0.2455,0,0,0,7.2516142109346926e-16,5.6427457174147376e-15,4.6219225424886162e-14,0,0.00013327623310765979,7.0124024277281379e-05
0.246,0,0,0,6.8890335003879579e-16,5.360608431544e-15,4.3908264153641853e-14,0,0.0001294087624094109,6.7945253454709857e-05
0.2465,0,0,0,6.5445818253685609e-16,5.0925780099668e-15,4.1712850945959757e-14,0,0.0001256435668879341,6.5830063624486347e-05
0.247,0,0,0,6.2173527341001326e-16,4.8379491094684598e-15,3.9627208398661772e-14,0,0.00012197832842009149,6.3776763348010582e-05
0.2475,0,0,0,5.9064850973951262e-16,4.5960516539950369e-15,3.7645847978728686e-14,0,0.00011841076616270207,6.1783699533624929e-05
0.248,0,0,0,5.6111608425253699e-16,4.3662490712952848e-15,3.576355557979225e-14,0,0.00011493863660017034,5.9849256850269388e-05
0.2485,0,0,0,5.3306028003991013e-16,4.1479366177305205e-15,3.3975377800802634e-14,0,0.00011155973355536641,5.7971857136381888e-05
0.249,0,0,0,5.0640726603791463e-16,3.9405397868439939e-15,3.2276608910762496e-14,0,0.00010827188816675548,5.6149958805103713e-05
0.2495,0,0,0,4.8108690273601886e-16,3.7435127975017945e-15,3.0662778465224374e-14,0,0.00010507296883366379,5.4382056246700408e-05
0.25,0,0,0,4.5703255759921798e-16,3.5563371576267051e-15,2.9129639541963156e-14,0,0.00010196088112957025,5.2666679228869384e-05
0.2505,0,0,0,4.3418092971925709e-16,3.3785202997453698e-15,2.7673157564864997e-14,0,9.8933567687198298e-05,5.1002392295706652e-05
0.251,0,0,0,4.1247188323329421e-16,3.2095942847581011e-15,2.6289499686621748e-14,0,9.5989008056185376e-05,4.9387794166196523e-05
0.2515,0,0,0,3.918482890716295e-16,3.0491145705201961e-15,2.497502470229066e-14,0,9.312521853432898e-05,4.7821517132788301e-05
0.252,0,0,0,3.7225587461804801e-16,2.8966588419941862e-15,2.3726273467176128e-14,0,9.034025197440787e-05,4.6302226460723673e-05
0.2525,0,0,0,3.5364308088714563e-16,2.7518258998944768e-15,2.253995979381732e-14,0,8.7632197568132675e-05,4.4828619788753562e-05
0.253,0,0,0,3.3596092684278836e-16,2.614234604899753e-15,2.1412961804126453e-14,0,8.4999180608225089e-05,4.3399426531712919e-05
0.2535,0,0,0,3.1916288050064891e-16,2.4835228746547653e-15,2.0342313713920131e-14,0,8.2439362230180002e-05,4.2013407285580457e-05
0.254,0,0,0,3.0320473647561645e-16,2.3593467309220271e-15,1.9325198028224125e-14,0,7.9950939135042809e-05,4.0669353235458353e-05
0.2545,0,0,0,2.8804449965183567e-16,2.2413793943759261e-15,1.8358938126812917e-14,0,7.7532143294090083e-05,3.9366085566935687e-05
0.255,0,0,0,2.7364227466924387e-16,2.1293104246571297e-15,1.7440991220472273e-14,0,7.5181241637078955e-05,3.8102454881279923e-05
0.2555,0,0,0,2.5996016093578167e-16,2.0228449034242735e-15,1.6568941659448659e-14,0,7.2896535725175404e-05,3.6877340614913214e-05
0.25600000000000001,0,0,0,2.4696215288899262e-16,1.9217026582530596e-15,1.5740494576476225e-14,0,7.0676361409005573e-05,3.5689650463343497e-05
0.25650000000000001,0,0,0,2.3461404524454298e-16,1.8256175253404068e-15,1.4953469847652413e-14,0,6.8519088473939505e-05,3.4538319810072339e-05
0.25700000000000001,0,0,0,2.2288334298231579e-16,1.7343366490733863e-15,1.4205796355269792e-14,0,6.6423120272829372e-05,3.3422311160820308e-05
0.25750000000000001,0,0,0,2.1173917583320003e-16,1.647619816619717e-15,1.3495506537506304e-14,0,6.4386893347312402e-05,3.2340613583189532e-05
0.25800000000000001,0,0,0,2.0115221704154004e-16,1.5652388257887311e-15,1.2820731210630988e-14,0,6.2408877039232813e-05,3.1292242152175689e-05
0.25850000000000001,0,0,0,1.9109460618946303e-16,1.4869768844992945e-15,1.2179694650099439e-14,0,6.0487573091960734e-05,3.0276237401708477e-05
0.25900000000000001,0,0,0,1.8153987587998986e-16,1.4126280402743297e-15,1.1570709917594468e-14,0,5.8621515243828526e-05,2.9291664782466036e-05
0.25950000000000001,0,0,0,1.7246288208599036e-16,1.3419966382606133e-15,1.0992174421714744e-14,0,5.680926881357351e-05,2.83376141261878e-05
0.26000000000000001,0,0,0,1.6383973798169086e-16,1.2748968063475827e-15,1.0442565700629007e-14,0,5.504943027867526e-05,2.7413199116529464e-05
0.26050000000000001,0,0,0,1.5564775108260631e-16,1.2111519660302036e-15,9.920437415597557e-15,0,5.334062684758667e-05,2.6517556766874121e-05
0.26100000000000001,0,0,0,1.47865363528476e-16,1.1505943677286934e-15,9.4244155448176787e-15,0,5.1681516027191066e-05,2.5649846905074283e-05
0.26150000000000001,0,0,0,1.4047209535205219e-16,1.0930646493422586e-15,8.9531947675767942e-15,0,5.0070785184153088e-05,2.4809251665236813e-05
0.26200000000000001,0,0,0,1.334484905844496e-16,1.0384114168751458e-15,8.5055350291979563e-15,0,4.8507151103827084e-05,2.3994974986778054e-05
0.26250000000000001,0,0,0,1.2677606605522712e-16,9.8649084603138853e-16,8.0802582777380577e-15,0,4.6989359544613585e-05,2.3206242120794748e-05
0.26300000000000001,0,0,0,1.2043726275246575e-16,9.3716630372981924e-16,7.6762453638511551e-15,0,4.5516184790095338e-05,2.2442299143793347e-05
0.26350000000000001,0,0,0,1.1441539961484247e-16,8.9030798854332814e-16,7.2924330956585974e-15,0,4.4086429198286758e-05,2.1702412478895485e-05
0.26400000000000001,0,0,0,1.0869462963410034e-16,8.4579258911616183e-16,6.927811440875667e-15,0,4.2698922749995205e-05,2.0985868424635019e-05
0.26450000000000001,0,0,0,1.0325989815239533e-16,8.0350295966035377e-16,6.5814208688318842e-15,0,4.1352522595627939e-05,2.02919726912935e-05
0.26500000000000001,0,0,0,9.8096903244775559e-17,7.6332781167733603e-16,6.2523498253902905e-15,0,4.0046112601443973e-05,1.9620049944906428e-05
0.26550000000000001,0,0,0,9.3192058082536779e-17,7.2516142109346926e-16,5.9397323341207762e-15,0,3.8778602895250813e-05,1.8969443358795339e-05
0.26600000000000001,0,0,0,8.8532455178409948e-17,6.8890335003879579e-16,5.6427457174147376e-15,0,3.7548929412989374e-05,1.8339514172955272e-05
0.26650000000000001,0,0,0,8.4105832419489446e-17,6.5445818253685609e-16,5.360608431544e-15,0,3.6356053445318892e-05,1.7729641260947191e-05
0.26700000000000002,0,0,0,7.9900540798514976e-17,6.2173527341001326e-16,5.0925780099668e-15,0,3.5198961186089228e-05,1.7139220704555031e-05
0.26750000000000002,0,0,0,7.590551375858922e-17,5.9064850973951262e-16,4.8379491094684598e-15,0,3.4076663281479291e-05,1.6567665376068403e-05
0.26800000000000002,0,0,0,7.2110238070659757e-17,5.6111608425253699e-16,4.5960516539950369e-15,0,3.2988194381244895e-05,1.6014404528228775e-05
0.26850000000000002,0,0,0,6.8504726167126776e-17,5.3306028003991013e-16,4.3662490712952848e-15,0,3.1932612692298079e-05,1.5478883391812422e-05
0.26900000000000002,0,0,0,6.5079489858770437e-17,5.0640726603791463e-16,4.1479366177305205e-15,0,3.0908999534395853e-05,1.496056278071703e-05
0.26950000000000002,0,0,0,6.182551536583192e-17,4.8108690273601886e-16,3.9405397868439939e-15,0,2.9916458899159615e-05,1.4458918704734942e-05
0.27000000000000002,0,0,0,5.873423959754032e-17,4.5703255759921798e-16,3.7435127975017945e-15,0,2.8954117011315006e-05,1.3973441989734124e-05
0.27050000000000002,0,0,0,5.5797527617663316e-17,4.3418092971925709e-16,3.5563371576267051e-15,0,2.8021121893595513e-05,1.3503637905308951e-05
0.27100000000000002,0,0,0,5.3007651236780147e-17,4.1247188323329421e-16,3.3785202997453698e-15,0,2.711664293586491e-05,1.3049025799928473e-05
0.27150000000000002,0,0,0,5.0357268674941141e-17,3.918482890716295e-16,3.2095942847581011e-15,0,2.6239870466682191e-05,1.260913874327898e-05
0.27200000000000002,0,0,0,4.783940524119408e-17,3.7225587461804801e-16,3.0491145705201961e-15,0,2.5390015329751492e-05,1.218352317600133e-05
0.27250000000000002,0,0,0,4.544743497913438e-17,3.5364308088714563e-16,2.8966588419941862e-15,0,2.4566308464368802e-05,1.1771738566619737e-05
0.27300000000000002,0,0,0,4.3175063230177655e-17,3.3596092684278836e-16,2.7518258998944768e-15,0,2.3768000489865493e-05,1.1373357075593644e-05
0.27350000000000002,0,0,0,4.1016310068668774e-17,3.1916288050064891e-16,2.614234604899753e-15,0,2.2994361295158861e-05,1.0987963226473656e-05
0.27400000000000002,0,0,0,3.8965494565235335e-17,3.0320473647561645e-16,2.4835228746547653e-15,0,2.2244679632188458e-05,1.0615153583982143e-05
0.27450000000000002,0,0,0,3.7017219836973565e-17,2.8804449965183567e-16,2.3593467309220271e-15,0,2.1518262714792513e-05,1.0254536439042709e-05
0.27500000000000002,0,0,0,3.5166358845124887e-17,2.7364227466924387e-16,2.2413793943759261e-15,0,2.0814435822358313e-05,9.9057315007229479e-06
0.27550000000000002,0,0,0,3.3408040902868641e-17,2.5996016093578167e-16,2.1293104246571297e-15,0,2.013254190791347e-05,9.5683695947203009e-06
0.27600000000000002,0,0,0,3.1737638857725211e-17,2.4696215288899262e-16,2.0228449034242735e-15,0,1.9471941212545474e-05,9.2420923687404799e-06
0.27650000000000002,0,0,0,3.0150756914838955e-17,2.3461404524454298e-16,1.9217026582530596e-15,0,1.8832010883595984e-05,8.9265520041741552e-06
0.27700000000000002,0,0,0,2.8643219069097005e-17,2.2288334298231579e-16,1.8256175253404068e-15,0,1.8212144599516478e-05,8.6214109345063896e-06
0.27750000000000002,0,0,0,2.7211058115642159e-17,2.1173917583320003e-16,1.7343366490733863e-15,0,1.7611752199164776e-05,8.3263415699457213e-06
0.27800000000000002,0,0,0,2.5850505209860049e-17,2.0115221704154004e-16,1.647619816619717e-15,0,1.7030259316652696e-05,8.041026028349167e-06
0.27850000000000003,0,0,0,2.4557979949367045e-17,1.9109460618946303e-16,1.5652388257887311e-15,0,1.6467107022188898e-05,7.7651558723901254e-06
0.27900000000000003,0,0,0,2.3330080951898695e-17,1.8153987587998986e-16,1.4869768844992945e-15,0,1.5921751468250811e-05,7.4984318528060764e-06
0.27950000000000003,0,0,0,2.216357690430376e-17,1.7246288208599036e-16,1.4126280402743297e-15,0,1.5393663540863578e-05,7.2405636575939068e-06
0.28000000000000003,0,0,0,2.1055398059088573e-17,1.6383973798169086e-16,1.3419966382606133e-15,0,1.4882328517096255e-05,6.9912696671822354e-06
0.28050000000000003,0,0,0,2.0002628156134146e-17,1.5564775108260631e-16,1.2748968063475827e-15,0,1.4387245727887077e-05,6.7502767153686075e-06
0.28100000000000003,0,0,0,1.9002496748327438e-17,1.47865363528476e-16,1.2111519660302036e-15,0,1.3907928226419841e-05,6.5173198558830886e-06
0.28149999999999997,0,0,0,1.8052371910911065e-17,1.4047209535205219e-16,1.1505943677286934e-15,0,1.3443902462384472e-05,6.2921421346934718e-06
0.28199999999999997,0,0,0,1.7149753315365513e-17,1.334484905844496e-16,1.0930646493422586e-15,0,1.2994707961788698e-05,6.0744943677032513e-06
0.28249999999999997,0,0,0,1.6292265649597238e-17,1.2677606605522712e-16,1.0384114168751458e-15,0,1.2559897012431875e-05,5.8641349239615925e-06
0.28299999999999997,0,0,0,1.5477652367117374e-17,1.2043726275246575e-16,9.8649084603138853e-16,0,1.2139034354707867e-05,5.6608295140647974e-06
0.28349999999999997,0,0,0,1.4703769748761505e-17,1.1441539961484247e-16,9.3716630372981924e-16,0,1.1731696878958253e-05,5.4643509838741163e-06
0.28399999999999997,0,0,0,1.3968581261323431e-17,1.0869462963410034e-16,8.9030798854332814e-16,0,1.1337473326711311e-05,5.274479113207396e-06
0.28449999999999998,0,0,0,1.327015219825726e-17,1.0325989815239533e-16,8.4579258911616183e-16,0,1.0955963999692564e-05,5.0910004197435458e-06
0.28499999999999998,0,0,0,1.2606644588344397e-17,9.8096903244775559e-17,8.0350295966035377e-16,0,1.0586780472721102e-05,4.9137079676661997e-06
0.28549999999999998,0,0,0,1.1976312358927178e-17,9.3192058082536779e-17,7.6332781167733603e-16,0,1.0229545312268051e-05,4.742401181199996e-06
0.28599999999999998,0,0,0,1.1377496740980819e-17,8.8532455178409948e-17,7.2516142109346926e-16,0,9.8838918015653476e-06,4.5768856629083167e-06
0.28649999999999998,0,0,0,1.0808621903931779e-17,8.4105832419489446e-17,6.8890335003879579e-16,0,9.5494636702664337e-06,4.4169730165255371e-06
0.28699999999999998,0,0,0,1.0268190808735189e-17,7.9900540798514976e-17,6.5445818253685609e-16,0,9.2259148293249993e-06,4.2624806743940764e-06
0.28749999999999998,0,0,0,9.7547812682984301e-18,7.590551375858922e-17,6.2173527341001326e-16,0,8.9129091122019943e-06,4.1132317293850858e-06
0.28799999999999998,0,0,0,9.267042204883507e-18,7.2110238070659757e-17,5.9064850973951262e-16,0,8.6101200201804673e-06,3.9690547710437867e-06
0.28849999999999998,0,0,0,8.8036900946393322e-18,6.8504726167126776e-17,5.6111608425253699e-16,0,8.317230474230719e-06,3.8297837261373394e-06
0.28899999999999998,0,0,0,8.3635055899073662e-18,6.5079489858770437e-17,5.3306028003991013e-16,0,8.0339325705391929e-06,3.6952577031945258e-06
0.28949999999999998,0,0,0,7.9453303104119972e-18,6.182551536583192e-17,5.0640726603791463e-16,0,7.7599273429207472e-06,3.5653208413730609e-06
0.28999999999999998,0,0,0,7.5480637948913989e-18,5.873423959754032e-17,4.8108690273601886e-16,0,7.4949245285615973e-06,3.4398221630513841e-06
0.29049999999999998,0,0,0,7.1706606051468278e-18,5.5797527617663316e-17,4.5703255759921798e-16,0,7.238642340201551e-06,3.3186154304964733e-06
0.29099999999999998,0,0,0,6.8121275748894876e-18,5.3007651236780147e-17,4.3418092971925709e-16,0,6.9908072425350909e-06,3.2015590062846324e-06
0.29149999999999998,0,0,0,6.4715211961450136e-18,5.0357268674941141e-17,4.1247188323329421e-16,0,6.7511537336084615e-06,3.0885157174828193e-06
0.29199999999999998,0,0,0,6.1479451363377624e-18,4.783940524119408e-17,3.918482890716295e-16,0,6.5194241313237811e-06,2.9793527234540977e-06
0.29249999999999998,0,0,0,5.8405478795208742e-18,4.544743497913438e-17,3.7225587461804801e-16,0,6.2953683641620017e-06,2.8739413872110235e-06
0.29299999999999998,0,0,0,5.5485204855448305e-18,4.3175063230177655e-17,3.5364308088714563e-16,0,6.0787437673459621e-06,2.7721571503057714e-06
0.29349999999999998,0,0,0,5.271094461267589e-18,4.1016310068668774e-17,3.3596092684278836e-16,0,5.8693148831112651e-06,2.6738794110826534e-06
0.29399999999999998,0,0,0,5.0075397382042091e-18,3.8965494565235335e-17,3.1916288050064891e-16,0,5.6668532654180481e-06,2.578991406243465e-06
0.29449999999999998,0,0,0,4.7571627512939989e-18,3.7017219836973565e-17,3.0320473647561645e-16,0,5.4711372898808008e-06,2.487380095693302e-06
0.29499999999999998,0,0,0,4.519304613729299e-18,3.5166358845124887e-17,2.8804449965183567e-16,0,5.2819519673619197e-06,2.3989360505814823e-06
0.29549999999999998,0,0,0,4.2933393830428344e-18,3.3408040902868641e-17,2.7364227466924387e-16,0,5.0990887622281988e-06,2.3135533443147963e-06
0.29599999999999999,0,0,0,4.0786724138906931e-18,3.1737638857725211e-17,2.5996016093578167e-16,0,4.9223454150482127e-06,2.2311294467574579e-06
0.29649999999999999,0,0,0,3.8747387931961587e-18,3.0150756914838955e-17,2.4696215288899262e-16,0,4.7515257691754798e-06,2.1515651212565539e-06
0.29699999999999999,0,0,0,3.6810018535363508e-18,2.8643219069097005e-17,2.3461404524454298e-16,0,4.5864396014394515e-06,2.074764324552746e-06
0.29749999999999999,0,0,0,3.4969517608595332e-18,2.7211058115642159e-17,2.2288334298231579e-16,0,4.4269024576104599e-06,2.00063410957669e-06
0.29799999999999999,0,0,0,3.3221041728165568e-18,2.5850505209860049e-17,2.1173917583320003e-16,0,4.2727354908622672e-06,1.9290845308616251e-06
0.29849999999999999,0,0,0,3.1559989641757291e-18,2.4557979949367045e-17,2.0115221704154004e-16,0,4.1237653048975531e-06,1.8600285527688207e-06
0.29899999999999999,0,0,0,2.9981990159669427e-18,2.3330080951898695e-17,1.9109460618946303e-16,0,3.9798238006261144e-06,1.7933819602173887e-06
0.29949999999999999,0,0,0,2.8482890651685956e-18,2.216357690430376e-17,1.8153987587998986e-16,0,3.8407480265068017e-06,1.7290632719355235e-06
0.29999999999999999,0,0,0,2.7058746119101658e-18,2.1055398059088573e-17,1.7246288208599036e-16,0,3.7063800329972807e-06,1.6669936562443109e-06
0.30049999999999999,0,0,0,2.5705808813146577e-18,2.0002628156134146e-17,1.6383973798169086e-16,0,3.5765667303344628e-06,1.6070968492528804e-06
0.30099999999999999,0,0,0,2.4420518372489247e-18,1.9002496748327438e-17,1.5564775108260631e-16,0,3.4511597497566271e-06,1.5492990753343676e-06
0.30149999999999999,0,0,0,2.3199492453864781e-18,1.8052371910911065e-17,1.47865363528476e-16,0,3.3300153088333673e-06,1.4935289699902261e-06
0.30199999999999999,0,0,0,2.2039517831171543e-18,1.7149753315365513e-17,1.4047209535205219e-16,0,3.2129940794600742e-06,1.4397175048646903e-06
0.30249999999999999,0,0,0,2.0937541939612965e-18,1.6292265649597238e-17,1.334484905844496e-16,0,3.0999610597381988e-06,1.3877979149851973e-06
0.30299999999999999,0,0,0,1.9890664842632317e-18,1.5477652367117374e-17,1.2677606605522712e-16,0,2.9907854489641394e-06,1.3377056280855061e-06
0.30349999999999999,0,0,0,1.8896131600500698e-18,1.4703769748761505e-17,1.2043726275246575e-16,0,2.8853405257267539e-06,1.2893781959308444e-06
0.30399999999999999,0,0,0,1.7951325020475664e-18,1.3968581261323431e-17,1.1441539961484247e-16,0,2.7835035297796296e-06,1.2427552278365722e-06
0.30449999999999999,0,0,0,1.7053758769451879e-18,1.327015219825726e-17,1.0869462963410034e-16,0,2.6851555459117549e-06,1.1977783259528181e-06
0.30499999999999999,0,0,0,1.6201070830979285e-18,1.2606644588344397e-17,1.0325989815239533e-16,0,2.5901813919260164e-06,1.1543910225242917e-06
0.30549999999999999,0,0,0,1.539101728943032e-18,1.1976312358927178e-17,9.8096903244775559e-17,0,2.4984695088381415e-06,1.1125387190176881e-06
0.30599999999999999,0,0,0,1.4621466424958803e-18,1.1377496740980819e-17,9.3192058082536779e-17,0,2.409911854295288e-06,1.0721686270207558e-06
0.30649999999999999,0,0,0,1.3890393103710863e-18,1.0808621903931779e-17,8.8532455178409948e-17,0,2.3244037989922361e-06,1.0332297109146589e-06
0.307,0,0,0,1.319587344852532e-18,1.0268190808735189e-17,8.4105832419489446e-17,0,2.2418440256410932e-06,9.9567263224359682e-07
0.3075,0,0,0,1.2536079776099053e-18,9.7547812682984301e-18,7.9900540798514976e-17,0,2.1621344301614442e-06,9.5944969571919962e-07
0.308,0,0,0,1.1909275787294102e-18,9.267042204883507e-18,7.590551375858922e-17,0,2.0851800267562837e-06,9.2451479687030707e-07
0.3085,0,0,0,1.1313811997929397e-18,8.8036900946393322e-18,7.2110238070659757e-17,0,2.0108888543202141e-06,8.9082337133221244e-07
0.309,0,0,0,1.0748121398032928e-18,8.3635055899073662e-18,6.8504726167126776e-17,0,1.9391718861783147e-06,8.5833234552735437e-07
0.3095,0,0,0,1.0210715328131281e-18,7.9453303104119972e-18,6.5079489858770437e-17,0,1.8699429418234104e-06,8.2700008888395753e-07
0.31,0,0,0,9.7001795617247172e-19,7.5480637948913989e-18,6.182551536583192e-17,0,1.8031186013178768e-06,7.9678636753405388e-07
0.3105,0,0,0,9.2151705836384812e-19,7.1706606051468278e-18,5.873423959754032e-17,0,1.7386181220269137e-06,7.6765229936270485e-07
0.311,0,0,0,8.7544120544565575e-19,6.8121275748894876e-18,5.5797527617663316e-17,0,1.6763633577943082e-06,7.3956031053034903e-07
0.3115,0,0,0,8.3166914517337298e-19,6.4715211961450136e-18,5.3007651236780147e-17,0,1.6162786797835338e-06,7.1247409313667003e-07
0.312,0,0,0,7.9008568791470433e-19,6.1479451363377624e-18,5.0357268674941141e-17,0,1.5582909003164502e-06,6.8635856437491207e-07
0.3125,0,0,0,7.5058140351896909e-19,5.8405478795208742e-18,4.783940524119408e-17,0,1.502329198377339e-06,6.6117982677477542e-07
0.313,0,0,0,7.1305233334302068e-19,5.5485204855448305e-18,4.544743497913438e-17,0,1.4483250468932951e-06,6.3690512977270249e-07
0.3135,0,0,0,6.7739971667586969e-19,5.271094461267589e-18,4.3175063230177655e-17,0,1.3962121431232433e-06,6.1350283243135125e-07
0.314,0,0,0,6.4352973084207621e-19,5.0075397382042091e-18,4.1016310068668774e-17,0,1.3459263397130883e-06,5.9094236725617715e-07
0.3145,0,0,0,6.1135324429997246e-19,4.7571627512939989e-18,3.8965494565235335e-17,0,1.2974055788594896e-06,5.6919420525502461e-07
0.315,0,0,0,5.8078558208497376e-19,4.519304613729299e-18,3.7017219836973565e-17,0,1.250589827250792e-06,5.4822982191192665e-07
0.3155,0,0,0,5.5174630298072507e-19,4.2933393830428344e-18,3.5166358845124887e-17,0,1.2054210141165811e-06,5.2802166438731914e-07
0.316,0,0,0,5.2415898783168876e-19,4.0786724138906931e-18,3.3408040902868641e-17,0,1.1618429698323496e-06,5.0854311963447989e-07
0.3165,0,0,0,4.9795103844010425e-19,3.8747387931961587e-18,3.1737638857725211e-17,0,1.1198013671886997e-06,4.8976848351240239e-07
0.317,0,0,0,4.7305348651809902e-19,3.6810018535363508e-18,3.0150756914838955e-17,0,1.0792436635487235e-06,4.7167293087036535e-07
0.3175,0,0,0,4.4940081219219401e-19,3.4969517608595332e-18,2.8643219069097005e-17,0,1.0401190456699183e-06,4.5423248665229788e-07
0.318,0,0,0,4.269307715825843e-19,3.3221041728165568e-18,2.7211058115642159e-17,0,1.0023783753032589e-06,4.3742399779534239e-07
0.31850000000000001,0,0,0,4.0558423300345511e-19,3.1559989641757291e-18,2.5850505209860049e-17,0,9.6597413667964815e-07,4.2122510608374541e-07
0.31900000000000001,0,0,0,3.8530502135328237e-19,2.9981990159669427e-18,2.4557979949367045e-17,0,9.3086038566170259e-07,4.0561422180626261e-07
0.31950000000000001,0,0,0,3.6603977028561828e-19,2.8482890651685956e-18,2.3330080951898695e-17,0,8.9699270011678323e-07,3.9057049828502493e-07
0.32000000000000001,0,0,0,3.4773778177133738e-19,2.7058746119101658e-18,2.216357690430376e-17,0,8.6432813173331624e-07,3.7607380719172125e-07
0.32050000000000001,0,0,0,3.303508926827705e-19,2.5705808813146577e-18,2.1055398059088573e-17,0,8.3282515983551519e-07,3.6210471467327006e-07
0.32100000000000001,0,0,0,3.1383334804863198e-19,2.4420518372489247e-18,2.0002628156134146e-17,0,8.024436457532147e-07,3.4864445818580398e-07
0.32150000000000001,0,0,0,2.9814168064620037e-19,2.3199492453864781e-18,1.9002496748327438e-17,0,7.7314478919010554e-07,3.3567492413797061e-07
0.32200000000000001,0,0,0,2.8323459661389035e-19,2.2039517831171543e-18,1.8052371910911065e-17,0,7.4489108514708136e-07,3.2317862615248505e-07
0.32250000000000001,0,0,0,2.6907286678319585e-19,2.0937541939612965e-18,1.7149753315365513e-17,0,7.1764628317705359e-07,3.111386841167581e-07
0.32300000000000001,0,0,0,2.5561922344403604e-19,1.9890664842632317e-18,1.6292265649597238e-17,0,6.9137534719487803e-07,2.9953880383856378e-07
0.32350000000000001,0,0,0,2.4283826227183424e-19,1.8896131600500698e-18,1.5477652367117374e-17,0,6.6604441628648203e-07,2.8836325740505823e-07
0.32400000000000001,0,0,0,2.3069634915824255e-19,1.7951325020475664e-18,1.4703769748761505e-17,0,6.4162076718332628e-07,2.775968641422792e-07
0.32450000000000001,0,0,0,2.1916153170033043e-19,1.7053758769451879e-18,1.3968581261323431e-17,0,6.1807277773606728e-07,2.6722497214652232e-07
0.32500000000000001,0,0,0,2.082034551153139e-19,1.6201070830979285e-18,1.327015219825726e-17,0,5.9536989138742058e-07,2.5723344053597145e-07
0.32550000000000001,0,0,0,1.977932823595482e-19,1.539101728943032e-18,1.2606644588344397e-17,0,5.734825829772916e-07,2.4760862214679442e-07
0.32600000000000001,0,0,0,1.8790361824157081e-19,1.4621466424958803e-18,1.1976312358927178e-17,0,5.5238232488097339e-07,2.3833734685347141e-07
0.32650000000000001,0,0,0,1.7850843732949225e-19,1.3890393103710863e-18,1.1377496740980819e-17,0,5.3204155536779041e-07,2.2940690543795607e-07
0.32700000000000001,0,0,0,1.6958301546301762e-19,1.319587344852532e-18,1.0808621903931779e-17,0,5.1243364673769776e-07,2.2080503393275073e-07
0.32750000000000001,0,0,0,1.6110386468986676e-19,1.2536079776099053e-18,1.0268190808735189e-17,0,4.9353287523423717e-07,2.1251989853033842e-07
0.32800000000000001,0,0,0,1.5304867145537342e-19,1.1909275787294102e-18,9.7547812682984301e-18,0,4.7531439129055997e-07,2.0454008091371882e-07
0.32850000000000001,0,0,0,1.4539623788260475e-19,1.1313811997929397e-18,9.267042204883507e-18,0,4.5775419144078455e-07,1.9685456418307731e-07
0.32900000000000001,0,0,0,1.3812642598847452e-19,1.0748121398032928e-18,8.8036900946393322e-18,0,4.4082909045339846e-07,1.894527191330462e-07
0.32950000000000002,0,0,0,1.3122010468905079e-19,1.0210715328131281e-18,8.3635055899073662e-18,0,4.245166944638612e-07,1.8232429101582158e-07
0.33000000000000002,0,0,0,1.2465909945459825e-19,9.7001795617247172e-19,7.9453303104119972e-18,0,4.0879537499538543e-07,1.7545938672423374e-07
0.33050000000000002,0,0,0,1.1842614448186832e-19,9.2151705836384812e-19,7.5480637948913989e-18,0,3.9364424397891895e-07,1.6884846248025083e-07
0.33100000000000002,0,0,0,1.1250483725777492e-19,8.7544120544565575e-19,7.1706606051468278e-18,0,3.7904312932823814e-07,1.6248231181486854e-07
0.33150000000000002,0,0,0,1.0687959539488617e-19,8.3166914517337298e-19,6.8121275748894876e-18,0,3.6497255107015292e-07,1.5635205400805595e-07
0.33200000000000002,0,0,0,1.0153561562514186e-19,7.9008568791470433e-19,6.4715211961450136e-18,0,3.5141369880697937e-07,1.5044912286756515e-07
0.33250000000000002,0,0,0,9.6458834843884763e-20,7.5058140351896909e-19,6.1479451363377624e-18,0,3.3834840962310153e-07,1.4476525597309025e-07
0.33300000000000002,0,0,0,9.1635893101690526e-20,7.1305233334302068e-19,5.8405478795208742e-18,0,3.2575914621357782e-07,1.3929248412139714e-07
0.33350000000000002,0,0,0,8.7054098446605997e-20,6.7739971667586969e-19,5.5485204855448305e-18,0,3.1362897634501508e-07,1.3402312127528724e-07
0.33400000000000002,0,0,0,8.2701393524275699e-20,6.4352973084207621e-19,5.271094461267589e-18,0,3.0194155287155411e-07,1.2894975479005355e-07
0.33450000000000002,0,0,0,7.8566323848061919e-20,6.1135324429997246e-19,5.0075397382042091e-18,0,2.9068109419494448e-07,1.2406523594957534e-07
0.33500000000000002,0,0,0,7.4638007655658829e-20,5.8078558208497376e-19,4.7571627512939989e-18,0,2.7983236505768616e-07,1.1936267080733683e-07
0.33550000000000002,0,0,0,7.0906107272875894e-20,5.5174630298072507e-19,4.519304613729299e-18,0,2.6938065866843885e-07,1.1483541136784096e-07
0.33600000000000002,0,0,0,6.7360801909232095e-20,5.2415898783168876e-19,4.2933393830428344e-18,0,2.5931177904947589e-07,1.1047704706732472e-07
0.33650000000000002,0,0,0,6.3992761813770479e-20,4.9795103844010425e-19,4.0786724138906931e-18,0,2.4961202360618273e-07,1.062813964884009e-07
0.33700000000000002,0,0,0,6.0793123723081959e-20,4.7305348651809902e-19,3.8747387931961587e-18,0,2.4026816669575624e-07,1.0224249943299892e-07
0.33750000000000002,0,0,0,5.775346753692785e-20,4.4940081219219401e-19,3.6810018535363508e-18,0,2.3126744375101538e-07,9.8354609203495729e-08
0.33800000000000002,0,0,0,5.4865794160081468e-20,4.269307715825843e-19,3.4969517608595332e-18,0,2.2259753551523431e-07,9.4612185122546818e-08
0.33850000000000002,0,0,0,5.212250445207739e-20,4.0558423300345511e-19,3.3221041728165568e-18,0,2.1424655316515384e-07,9.1009885375782936e-08
0.33900000000000002,0,0,0,4.9516379229473517e-20,3.8530502135328237e-19,3.1559989641757291e-18,0,2.0620302376705979e-07,8.7542560065266374e-08
0.33950000000000002,0,0,0,4.7040560267999849e-20,3.6603977028561828e-19,2.9981990159669427e-18,0,1.9845587606592829e-07,8.420524447762514e-08
0.34000000000000002,0,0,0,4.4688532254599851e-20,3.4773778177133738e-19,2.8482890651685956e-18,0,1.909944271627495e-07,8.0993152620822196e-08
0.34050000000000002,0,0,0,4.2454105641869857e-20,3.303508926827705e-19,2.7058746119101658e-18,0,1.8380836908082898e-07,7.7901670910584068e-08
0.34100000000000003,0,0,0,4.0331400359776368e-20,3.1383334804863198e-19,2.5705808813146577e-18,0,1.7688775599822293e-07,7.4926352147270864e-08
0.34150000000000003,0,0,0,3.8314830341787547e-20,2.9814168064620037e-19,2.4420518372489247e-18,0,1.7022299225732951e-07,7.2062909643790464e-08
0.34200000000000003,0,0,0,3.6399088824698172e-20,2.8323459661389035e-19,2.3199492453864781e-18,0,1.6380481993039098e-07,6.9307211593458941e-08
0.34250000000000003,0,0,0,3.4579134383463262e-20,2.6907286678319585e-19,2.2039517831171543e-18,0,1.5762430793930804e-07,6.6655275645891701e-08
0.34300000000000003,0,0,0,3.2850177664290104e-20,2.5561922344403604e-19,2.0937541939612965e-18,0,1.5167284028727579e-07,6.4103263605842727e-08
0.34350000000000003,0,0,0,3.1207668781075594e-20,2.4283826227183424e-19,1.9890664842632317e-18,0,1.4594210551166498e-07,6.1647476302250117e-08
0.34399999999999997,0,0,0,2.9647285342021813e-20,2.3069634915824255e-19,1.8896131600500698e-18,0,1.4042408658099248e-07,5.9284348773985456e-08
0.34449999999999997,0,0,0,2.8164921074920721e-20,2.1916153170033043e-19,1.7951325020475664e-18,0,1.3511104990371336e-07,5.7010445392494526e-08
0.34499999999999997,0,0,0,2.6756675021174688e-20,2.082034551153139e-19,1.7053758769451879e-18,0,1.2999553666848129e-07,5.4822455367285565e-08
0.34549999999999997,0,0,0,2.5418841270115955e-20,1.977932823595482e-19,1.6201070830979285e-18,0,1.25070352741119e-07,5.2717188321434698e-08
0.34599999999999997,0,0,0,2.4147899206610158e-20,1.8790361824157081e-19,1.539101728943032e-18,0,1.2032855944976717e-07,5.0691569964196179e-08
0.34649999999999997,0,0,0,2.2940504246279651e-20,1.7850843732949225e-19,1.4621466424958803e-18,0,1.157634653692341e-07,4.8742638019747593e-08
0.34699999999999998,0,0,0,2.1793479033965667e-20,1.6958301546301762e-19,1.3890393103710863e-18,0,1.1136861699512224e-07,4.6867538194636232e-08
0.34749999999999998,0,0,0,2.0703805082267385e-20,1.6110386468986676e-19,1.319587344852532e-18,0,1.0713779141635627e-07,4.5063520363235764e-08
0.34799999999999998,0,0,0,1.9668614828154016e-20,1.5304867145537342e-19,1.2536079776099053e-18,0,1.0306498754442117e-07,4.3327934869815574e-08
0.34849999999999998,0,0,0,1.8685184086746312e-20,1.4539623788260475e-19,1.1909275787294102e-18,0,9.9144418674868007e-08,4.1658228893882493e-08
0.34899999999999998,0,0,0,1.7750924882409e-20,1.3812642598847452e-19,1.1313811997929397e-18,0,9.5370505270864214e-08,4.0051943011022941e-08
0.34949999999999998,0,0,0,1.6863378638288549e-20,1.3122010468905079e-19,1.0748121398032928e-18,0,9.1737867524699368e-08,3.8506707868513608e-08
0.34999999999999998,0,0,0,1.6020209706374121e-20,1.2465909945459825e-19,1.0210715328131281e-18,0,8.8241318474402419e-08,3.7020240961550095e-08
0.35049999999999998,0,0,0,1.5219199221055413e-20,1.1842614448186832e-19,9.7001795617247172e-19,0,8.4875857342403549e-08,3.5590343500856335e-08
0.35099999999999998,0,0,0,1.4458239260002644e-20,1.1250483725777492e-19,9.2151705836384812e-19,0,8.1636662763173717e-08,3.4214897404194358e-08
0.35149999999999998,0,0,0,1.3735327297002513e-20,1.0687959539488617e-19,8.7544120544565575e-19,0,7.8519087010064936e-08,3.2891862445852273e-08
0.35199999999999998,0,0,0,1.3048560932152386e-20,1.0153561562514186e-19,8.3166914517337298e-19,0,7.5518649222949819e-08,3.1619273393608724e-08
0.35249999999999998,0,0,0,1.2396132885544767e-20,9.6458834843884763e-20,7.9008568791470433e-19,0,7.2631030412217967e-08,3.0395237368818641e-08
0.35299999999999998,0,0,0,1.1776326241267528e-20,9.1635893101690526e-20,7.5058140351896909e-19,0,6.9852067019482433e-08,2.92179312107999e-08
0.35349999999999998,0,0,0,1.1187509929204153e-20,8.7054098446605997e-20,7.1305233334302068e-19,0,6.7177746143620709e-08,2.8085598985375234e-08
0.35399999999999998,0,0,0,1.0628134432743945e-20,8.2701393524275699e-20,6.7739971667586969e-19,0,6.4604199434548093e-08,2.6996549536116367e-08
0.35449999999999998,0,0,0,1.0096727711106748e-20,7.8566323848061919e-20,6.4352973084207621e-19,0,6.2127698763347894e-08,2.5949154153411787e-08
0.35499999999999998,0,0,0,9.5918913255514094e-21,7.4638007655658829e-20,6.1135324429997246e-19,0,5.974465078217861e-08,2.4941844294747593e-08
0.35549999999999998,0,0,0,9.1122967592738397e-21,7.0906107272875894e-20,5.8078558208497376e-19,0,5.745159248338183e-08,2.3973109428367683e-08
0.35599999999999998,0,0,0,8.6566819213101474e-21,6.7360801909232095e-20,5.5174630298072507e-19,0,5.5245186647567834e-08,2.3041494970323089e-08
0.35649999999999998,0,0,0,8.2238478252446401e-21,6.3992761813770479e-20,5.2415898783168876e-19,0,5.312221684761198e-08,2.2145600192535009e-08
0.35699999999999998,0,0,0,7.8126554339824093e-21,6.0793123723081959e-20,4.9795103844010425e-19,0,5.1079583784918725e-08,2.1284076317533099e-08
0.35749999999999998,0,0,0,7.4220226622832877e-21,5.775346753692785e-20,4.7305348651809902e-19,0,4.9114300848529524e-08,2.0455624619402981e-08
0.35799999999999998,0,0,0,7.0509215291691233e-21,5.4865794160081468e-20,4.4940081219219401e-19,0,4.7223490118319944e-08,1.9658994541636809e-08
0.35849999999999999,0,0,0,6.6983754527106674e-21,5.212250445207739e-20,4.269307715825843e-19,0,4.5404378701263681e-08,1.8892982044464429e-08
0.35899999999999999,0,0,0,6.363456680075134e-21,4.9516379229473517e-20,4.0558423300345511e-19,0,4.3654294845651975e-08,1.8156427870687902e-08
0.35949999999999999,0,0,0,6.0452838460713775e-21,4.7040560267999849e-20,3.8530502135328237e-19,0,4.1970664055313023e-08,1.7448215861115265e-08
0.35999999999999999,0,0,0,5.7430196537678081e-21,4.4688532254599851e-20,3.6603977028561828e-19,0,4.0351006314054416e-08,1.676727148226882e-08
0.36049999999999999,0,0,0,5.4558686710794171e-21,4.2454105641869857e-20,3.4773778177133738e-19,0,3.8792932088860255e-08,1.6112560248515273e-08
0.36099999999999999,0,0,0,5.1830752375254472e-21,4.0331400359776368e-20,3.303508926827705e-19,0,3.7294139443311281e-08,1.5483086229474392e-08
0.36149999999999999,0,0,0,4.923921475649174e-21,3.8314830341787547e-20,3.1383334804863198e-19,0,3.5852410706915805e-08,1.4877890690194476e-08
0.36199999999999999,0,0,0,4.6777254018667159e-21,3.6399088824698172e-20,2.9814168064620037e-19,0,3.4465609477507542e-08,1.4296050728046365e-08
0.36249999999999999,0,0,0,4.4438391317733803e-21,3.4579134383463262e-20,2.8323459661389035e-19,0,3.3131677956710348e-08,1.3736677933175029e-08
0.36299999999999999,0,0,0,4.2216471751847117e-21,3.2850177664290104e-20,2.6907286678319585e-19,0,3.1848633841313756e-08,1.3198917102878416e-08
0.36349999999999999,0,0,0,4.0105648164254756e-21,3.1207668781075594e-20,2.5561922344403604e-19,0,3.0614567769760015e-08,1.2681945119686859e-08
0.36399999999999999,0,0,0,3.8100365756042016e-21,2.9647285342021813e-20,2.4283826227183424e-19,0,2.9427640768631136e-08,1.2184969692156294e-08
0.36449999999999999,0,0,0,3.6195347468239914e-21,2.8164921074920721e-20,2.3069634915824255e-19,0,2.8286081255046724e-08,1.1707228198791177e-08
0.36499999999999999,0,0,0,3.4385580094827925e-21,2.6756675021174688e-20,2.1916153170033043e-19,0,2.7188183149284839e-08,1.1247986663537161e-08
0.36549999999999999,0,0,0,3.2666301090086526e-21,2.5418841270115955e-20,2.082034551153139e-19,0,2.613230354331364e-08,1.0806538662961978e-08
0.36599999999999999,0,0,0,3.1032986035582196e-21,2.4147899206610158e-20,1.977932823595482e-19,0,2.5116859925233825e-08,1.0382204330191731e-08
0.36649999999999999,0,0,0,2.9481336733803087e-21,2.2940504246279651e-20,1.8790361824157081e-19,0,2.4140328402921796e-08,9.9743293577579322e-09
0.36699999999999999,0,0,0,2.8007269897112932e-21,2.1793479033965667e-20,1.7850843732949225e-19,0,2.3201241372561299e-08,9.5822840511327343e-09
0.36749999999999999,0,0,0,2.6606906402257287e-21,2.0703805082267385e-20,1.6958301546301762e-19,0,2.2298185742286591e-08,9.2054624667514973e-09
0.36799999999999999,0,0,0,2.5276561082144422e-21,1.9668614828154016e-20,1.6110386468986676e-19,0,2.1429800489691786e-08,8.8432814509891572e-09
0.36849999999999999,0,0,0,2.4012733028037203e-21,1.8685184086746312e-20,1.5304867145537342e-19,0,2.059477532956322e-08,8.4951798714775308e-09
0.36899999999999999,0,0,0,2.2812096376635344e-21,1.7750924882409e-20,1.4539623788260475e-19,0,1.9791848493433406e-08,8.1606177555318175e-09
0.3695,0,0,0,2.1671491557803579e-21,1.6863378638288549e-20,1.3812642598847452e-19,0,1.9019805064246498e-08,7.8390755349875305e-09
0.37,0,0,0,2.0587916979913399e-21,1.6020209706374121e-20,1.3122010468905079e-19,0,1.827747531102375e-08,7.5300532705511351e-09
0.3705,0,0,0,1.955852113091773e-21,1.5219199221055413e-20,1.2465909945459825e-19,0,1.7563733134551285e-08,7.233069939876537e-09
0.371,0,0,0,1.8580595074371847e-21,1.4458239260002644e-20,1.1842614448186832e-19,0,1.6877494291023254e-08,6.9476627158411544e-09
0.3715,0,0,0,1.7651565320653253e-21,1.3735327297002513e-20,1.1250483725777492e-19,0,1.6217714837729602e-08,6.6733862898237258e-09
0.372,0,0,0,1.6768987054620593e-21,1.3048560932152386e-20,1.0687959539488617e-19,0,1.5583389911810741e-08,6.4098122500578502e-09
0.3725,0,0,0,1.5930537701889562e-21,1.2396132885544767e-20,1.0153561562514186e-19,0,1.4973552064923012e-08,6.1565284059891172e-09
0.373,0,0,0,1.5134010816795084e-21,1.1776326241267528e-20,9.6458834843884763e-20,0,1.4387270041993361e-08,5.9131382187324231e-09
0.3735,0,0,0,1.4377310275955329e-21,1.1187509929204153e-20,9.1635893101690526e-20,0,1.3823647226907099e-08,5.6792601722910899e-09
0.374,0,0,0,1.3658444762157562e-21,1.0628134432743945e-20,8.7054098446605997e-20,0,1.3281820976374092e-08,5.454527311703468e-09
0.3745,0,0,0,1.2975522524049683e-21,1.0096727711106748e-20,8.2701393524275699e-20,0,1.2760960510505015e-08,5.2385865946106035e-09
0.375,0,0,0,1.2326746397847198e-21,9.5918913255514094e-21,7.8566323848061919e-20,0,1.2260266246677531e-08,5.0310984037250065e-09
0.3755,0,0,0,1.1710409077954839e-21,9.1122967592738397e-21,7.4638007655658829e-20,0,1.1778968800335576e-08,4.8317360743834515e-09
0.376,0,0,0,1.1124888624057095e-21,8.6566819213101474e-21,7.0906107272875894e-20,0,1.1316327541699422e-08,4.640185380547091e-09
0.3765,0,0,0,1.0568644192854241e-21,8.2238478252446401e-21,6.7360801909232095e-20,0,1.0871629596564958e-08,4.456144057925913e-09
0.377,0,0,0,1.0040211983211528e-21,7.8126554339824093e-21,6.3992761813770479e-20,0,1.0444188958125267e-08,4.2793214027363545e-09
0.3775,0,0,0,9.5382013840509538e-22,7.4220226622832877e-21,6.0793123723081959e-20,0,1.0033345265725302e-08,4.1094377784827314e-09
0.378,0,0,0,9.0612913148484065e-22,7.0509215291691233e-21,5.775346753692785e-20,0,9.6384633607726755e-09,3.9462242425958986e-09
0.3785,0,0,0,8.6082267491059867e-22,6.6983754527106674e-21,5.4865794160081468e-20,0,9.2589316214031214e-09,3.7894221228140158e-09
0.379,0,0,0,8.1778154116506865e-22,6.363456680075134e-21,5.212250445207739e-20,0,8.8941617404358908e-09,3.6387826507046976e-09
0.3795,0,0,0,7.7689246410681517e-22,6.0452838460713775e-21,4.9516379229473517e-20,0,8.5435873931061224e-09,3.4940665425391736e-09
0.38,0,0,0,7.3804784090147438e-22,5.7430196537678081e-21,4.7040560267999849e-20,0,8.206663903997935e-09,3.3550437256962486e-09
0.3805,0,0,0,7.0114544885640071e-22,5.4558686710794171e-21,4.4688532254599851e-20,0,7.8828669147767982e-09,3.2214929287684267e-09
0.38100000000000001,0,0,0,6.6608817641358072e-22,5.1830752375254472e-21,4.2454105641869857e-20,0,7.5716920511226249e-09,3.0932013625930837e-09
0.38150000000000001,0,0,0,6.3278376759290172e-22,4.923921475649174e-21,4.0331400359776368e-20,0,7.2726538125067464e-09,2.9699643835386692e-09
0.38200000000000001,0,0,0,6.0114457921325666e-22,4.6777254018667159e-21,3.8314830341787547e-20,0,6.9852853501473078e-09,2.8515852094564026e-09
0.38250000000000001,0,0,0,5.7108735025259378e-22,4.4438391317733803e-21,3.6399088824698172e-20,0,6.7091373567862433e-09,2.7378746186116242e-09
0.38300000000000001,0,0,0,5.4253298273996403e-22,4.2216471751847117e-21,3.4579134383463262e-20,0,6.4437777336223689e-09,2.6286506889038508e-09
0.38350000000000001,0,0,0,5.1540633360296592e-22,4.0105648164254756e-21,3.2850177664290104e-20,0,6.1887903690660551e-09,2.5237384348883719e-09
0.38400000000000001,0,0,0,4.8963601692281761e-22,3.8100365756042016e-21,3.1207668781075594e-20,0,5.9437752497615293e-09,2.4229696479308336e-09
0.38450000000000001,0,0,0,4.6515421607667667e-22,3.6195347468239914e-21,2.9647285342021813e-20,0,5.7083475724084565e-09,2.3261825862668484e-09
0.38500000000000001,0,0,0,4.4189650527284282e-22,3.4385580094827925e-21,2.8164921074920721e-20,0,5.4821370776281242e-09,2.2332217469801882e-09
0.38550000000000001,0,0,0,4.1980168000920075e-22,3.2666301090086526e-21,2.6756675021174688e-20,0,5.2647876058742327e-09,2.1439376143567874e-09
0.38600000000000001,0,0,0,3.9881159600874069e-22,3.1032986035582196e-21,2.5418841270115955e-20,0,5.0559565423213826e-09,2.0581864313668108e-09
0.38650000000000001,0,0,0,3.7887101620830368e-22,2.9481336733803087e-21,2.4147899206610158e-20,0,4.8553143727758652e-09,1.975829999094012e-09
0.38700000000000001,0,0,0,3.5992746539788846e-22,2.8007269897112932e-21,2.2940504246279651e-20,0,4.6625440175418476e-09,1.8967354430092464e-09
0.38750000000000001,0,0,0,3.4193109212799404e-22,2.6606906402257287e-21,2.1793479033965667e-20,0,4.4773407203990701e-09,1.8207750603990163e-09
0.38800000000000001,0,0,0,3.2483453752159428e-22,2.5276561082144422e-21,2.0703805082267385e-20,0,4.2994111604244267e-09,1.7478260537227674e-09
0.38850000000000001,0,0,0,3.0859281064551456e-22,2.4012733028037203e-21,1.9668614828154016e-20,0,4.1284732299473603e-09,1.6777703694042627e-09
0.38900000000000001,0,0,0,2.9316317011323884e-22,2.2812096376635344e-21,1.8685184086746312e-20,0,3.9642558125052574e-09,1.6104945411989593e-09
0.38950000000000001,0,0,0,2.7850501160757691e-22,2.1671491557803579e-21,1.7750924882409e-20,0,3.8064978946650285e-09,1.5458894851492838e-09
0.39000000000000001,0,0,0,2.6457976102719803e-22,2.0587916979913399e-21,1.6863378638288549e-20,0,3.654948455000806e-09,1.4838503400363863e-09
0.39050000000000001,0,0,0,2.5135077297583816e-22,1.955852113091773e-21,1.6020209706374121e-20,0,3.5093663530716412e-09,1.42427632468118e-09
0.39100000000000001,0,0,0,2.3878323432704621e-22,1.8580595074371847e-21,1.5219199221055413e-20,0,3.3695195522653876e-09,1.3670705805446137e-09
0.39150000000000001,0,0,0,2.2684407261069393e-22,1.7651565320653253e-21,1.4458239260002644e-20,0,3.2351846757094904e-09,1.3121399661821988e-09
0.39200000000000002,0,0,0,2.1550186898015921e-22,1.6768987054620593e-21,1.3735327297002513e-20,0,3.1061473393378947e-09,1.2593950001673133e-09
0.39250000000000002,0,0,0,2.0472677553115125e-22,1.5930537701889562e-21,1.3048560932152386e-20,0,2.98220104166802e-09,1.2087496310857509e-09
0.39300000000000002,0,0,0,1.9449043675459368e-22,1.5134010816795084e-21,1.2396132885544767e-20,0,2.8631474968676685e-09,1.1601212030415047e-09
0.39350000000000002,0,0,0,1.8476591491686401e-22,1.4377310275955329e-21,1.1776326241267528e-20,0,2.7487957465766044e-09,1.1134302403926568e-09
0.39400000000000002,0,0,0,1.7552761917102081e-22,1.3658444762157562e-21,1.1187509929204153e-20,0,2.6389623819511598e-09,1.0686003714807687e-09
0.39450000000000002,0,0,0,1.6675123821246978e-22,1.2975522524049683e-21,1.0628134432743945e-20,0,2.5334709885527218e-09,1.0255582145941041e-09
0.39500000000000002,0,0,0,1.5841367630184629e-22,1.2326746397847198e-21,1.0096727711106748e-20,0,2.4321519243031275e-09,9.8423322642813334e-10
0.39550000000000002,0,0,0,1.5049299248675396e-22,1.1710409077954839e-21,9.5918913255514094e-21,0,2.3348423194846646e-09,9.4455764171333044e-10
0.39600000000000002,0,0,0,1.4296834286241626e-22,1.1124888624057095e-21,9.1122967592738397e-21,0,2.2413851885616509e-09,9.0646631815730735e-10
0.39650000000000002,0,0,0,1.3581992571929546e-22,1.0568644192854241e-21,8.6566819213101474e-21,0,2.1516298742696449e-09,8.6989664807628864e-10
0.39700000000000002,0,0,0,1.2902892943333069e-22,1.0040211983211528e-21,8.2238478252446401e-21,0,2.0654313814816305e-09,8.3478848786029899e-10
0.39750000000000002,0,0,0,1.2257748296166414e-22,9.5382013840509538e-22,7.8126554339824093e-21,0,1.9826504882303198e-09,8.0108402198098001e-10
0.39800000000000002,0,0,0,1.1644860881358093e-22,9.0612913148484065e-22,7.4220226622832877e-21,0,1.9031531905966403e-09,7.6872771276832569e-10
0.39850000000000002,0,0,0,1.1062617837290188e-22,8.6082267491059867e-22,7.0509215291691233e-21,0,1.8268108137320382e-09,7.3766619052723033e-10
0.39900000000000002,0,0,0,1.050948694542568e-22,8.1778154116506865e-22,6.6983754527106674e-21,0,1.7534995677692677e-09,7.0784818180801266e-10
0.39950000000000002,0,0,0,9.984012598154395e-23,7.7689246410681517e-22,6.363456680075134e-21,0,1.6831003257777866e-09,6.7922439833399043e-10
0.40000000000000002,0,0,0,9.4848119682466762e-23,7.3804784090147438e-22,6.0452838460713775e-21,0,1.6154988458083608e-09,6.5174749019547677e-10
0.40050000000000002,0,0,0,9.0105713698343412e-23,7.0114544885640071e-22,5.7430196537678081e-21,0,1.550585326803855e-09,6.2537198959625351e-10
0.40100000000000002,0,0,0,8.5600428013426254e-23,6.6608817641358072e-22,5.4558686710794171e-21,0,1.4882539645100223e-09,6.0005418418389486e-10
0.40150000000000002,0,0,0,8.1320406612754931e-23,6.3278376759290172e-22,5.1830752375254472e-21,0,1.4284030624978072e-09,5.7575207291202774e-10
0.40200000000000002,0,0,0,7.7254386282117188e-23,6.0114457921325666e-22,4.923921475649174e-21,0,1.3709351431856476e-09,5.5242532437839309e-10
0.40250000000000002,0,0,0,7.3391666968011334e-23,5.7108735025259378e-22,4.6777254018667159e-21,0,1.315756503750265e-09,5.3003518537984022e-10
0.40300000000000002,0,0,0,6.9722083619610766e-23,5.4253298273996403e-22,4.4438391317733803e-21,0,1.262776772037455e-09,5.0854442121905921e-10
0.40350000000000003,0,0,0,6.6235979438630231e-23,5.1540633360296592e-22,4.2216471751847117e-21,0,1.2119093506512968e-09,4.8791726388833887e-10
0.40400000000000003,0,0,0,6.2924180466698724e-23,4.8963601692281761e-22,4.0105648164254756e-21,0,1.1630709728649435e-09,4.6811935254546835e-10
0.40450000000000003,0,0,0,5.9777971443363794e-23,4.6515421607667667e-22,3.8100365756042016e-21,0,1.1161814805760173e-09,4.4911766895812146e-10
0.40500000000000003,0,0,0,5.6789072871195607e-23,4.4189650527284282e-22,3.6195347468239914e-21,0,1.071164046351214e-09,4.3088050821318887e-10
0.40550000000000003,0,0,0,5.3949619227635829e-23,4.1980168000920075e-22,3.4385580094827925e-21,0,1.0279446183147911e-09,4.1337739534746332e-10
0.40600000000000003,0,0,0,5.1252138266254034e-23,3.9881159600874069e-22,3.2666301090086526e-21,0,9.864523642377776e-10,3.9657908232521771e-10
0.40649999999999997,0,0,0,4.8689531352941333e-23,3.7887101620830368e-22,3.1032986035582196e-21,0,9.4661878335955407e-10,3.8045745611661073e-10
0.40699999999999997,0,0,0,4.6255054785294272e-23,3.5992746539788846e-22,2.9481336733803087e-21,0,9.0837837252166764e-10,3.6498551724272309e-10
0.40749999999999997,0,0,0,4.3942302046029561e-23,3.4193109212799404e-22,2.8007269897112932e-21,0,8.7166818207862207e-10,3.5013735292043061e-10
0.40799999999999997,0,0,0,4.1745186943728079e-23,3.2483453752159428e-22,2.6606906402257287e-21,0,8.3642748283097035e-10,3.3588802958334936e-10
0.40849999999999997,0,0,0,3.9657927596541682e-23,3.0859281064551456e-22,2.5276561082144422e-21,0,8.0259798806991967e-10,3.2221362552032539e-10
0.40899999999999997,0,0,0,3.7675031216714599e-23,2.9316317011323884e-22,2.4012733028037203e-21,0,7.7012396459963384e-10,3.0909117508229416e-10
0.40949999999999998,0,0,0,3.5791279655878865e-23,2.7850501160757691e-22,2.2812096376635344e-21,0,7.3895156660341854e-10,2.9649859371234795e-10
0.40999999999999998,0,0,0,3.4001715673084923e-23,2.6457976102719803e-22,2.1671491557803579e-21,0,7.0902927973293117e-10,2.8441469325604724e-10
0.41049999999999998,0,0,0,3.2301629889430675e-23,2.5135077297583816e-22,2.0587916979913399e-21,0,6.8030736599666852e-10,2.7281911485683068e-10
0.41099999999999998,0,0,0,3.0686548394959148e-23,2.3878323432704621e-22,1.955852113091773e-21,0,6.5273819682687417e-10,2.6169232370104062e-10
0.41149999999999998,0,0,0,2.9152220975211188e-23,2.2684407261069393e-22,1.8580595074371847e-21,0,6.262759200126311e-10,2.5101551563896756e-10
0.41199999999999998,0,0,0,2.769460992645063e-23,2.1550186898015921e-22,1.7651565320653253e-21,0,6.0087668174446662e-10,2.4077068472717876e-10
0.41249999999999998,0,0,0,2.6309879430128096e-23,2.0472677553115125e-22,1.6768987054620593e-21,0,5.7649818252514251e-10,2.3094051312100671e-10
0.41299999999999998,0,0,0,2.4994385458621691e-23,1.9449043675459368e-22,1.5930537701889562e-21,0,5.5309967716965502e-10,2.2150836344783024e-10
0.41349999999999998,0,0,0,2.3744666185690606e-23,1.8476591491686401e-22,1.5134010816795084e-21,0,5.3064230787214228e-10,2.1245826097871846e-10
0.41399999999999998,0,0,0,2.2557432876406077e-23,1.7552761917102081e-22,1.4377310275955329e-21,0,5.0908854909437196e-10,2.0377488199047584e-10
0.41449999999999998,0,0,0,2.1429561232585772e-23,1.6675123821246978e-22,1.3658444762157562e-21,0,4.8840242961034619e-10,1.9544348191962661e-10
0.41499999999999998,0,0,0,2.0358083170956482e-23,1.5841367630184629e-22,1.2975522524049683e-21,0,4.6854942148399914e-10,1.8744993841155672e-10
0.41549999999999998,0,0,0,1.934017901240866e-23,1.5049299248675396e-22,1.2326746397847198e-21,0,4.4949621802459205e-10,1.7978066377380544e-10
0.41599999999999998,0,0,0,1.8373170061788224e-23,1.4296834286241626e-22,1.1710409077954839e-21,0,4.3121084480901573e-10,1.7242262492634078e-10
0.41649999999999998,0,0,0,1.7454511558698813e-23,1.3581992571929546e-22,1.1124888624057095e-21,0,4.1366277070409296e-10,1.6536330502544185e-10
0.41699999999999998,0,0,0,1.6581785980763871e-23,1.2902892943333069e-22,1.0568644192854241e-21,0,3.968225747996712e-10,1.5859069126242554e-10
0.41749999999999998,0,0,0,1.5752696681725678e-23,1.2257748296166414e-22,1.0040211983211528e-21,0,3.8066183538632004e-10,1.5209321549971233e-10
0.41799999999999998,0,0,0,1.4965061847639392e-23,1.1644860881358093e-22,9.5382013840509538e-22,0,3.6515357404454107e-10,1.458598183177975e-10
0.41849999999999998,0,0,0,1.4216808755257423e-23,1.1062617837290188e-22,9.0612913148484065e-22,0,3.5027170053325563e-10,1.398798623256554e-10
0.41899999999999998,0,0,0,1.3505968317494555e-23,1.050948694542568e-22,8.6082267491059867e-22,0,3.3599112381210716e-10,1.3414313982071542e-10
0.41949999999999998,0,0,0,1.2830669901619826e-23,9.984012598154395e-23,8.1778154116506865e-22,0,3.2228764101915885e-10,1.2863981354010641e-10
0.41999999999999998,0,0,0,1.2189136406538834e-23,9.4848119682466762e-23,7.7689246410681517e-22,0,3.0913827053780096e-10,1.2336049363261754e-10
0.42049999999999998,0,0,0,1.1579679586211892e-23,9.0105713698343412e-23,7.3804784090147438e-22,0,2.9652080790754098e-10,1.1829614655644484e-10
0.42099999999999999,0,0,0,1.1000695606901299e-23,8.5600428013426254e-23,7.0114544885640071e-22,0,2.8441393684630611e-10,1.134380741590755e-10
0.42149999999999999,0,0,0,1.0450660826556233e-23,8.1320406612754931e-23,6.6608817641358072e-22,0,2.7279722925044325e-10,1.0877796427011863e-10
0.42199999999999999,0,0,0,9.9281277852284219e-24,7.7254386282117188e-23,6.3278376759290172e-22,0,2.6165092315011407e-10,1.0430780807894927e-10
0.42249999999999999,0,0,0,9.4317213959670011e-24,7.3391666968011334e-23,6.0114457921325666e-22,0,2.509562557762024e-10,1.0001992329949163e-10
0.42299999999999999,0,0,0,8.9601353261686509e-24,6.9722083619610766e-23,5.7108735025259378e-22,0,2.4069501947110439e-10,9.5906943592067649e-11
0.42349999999999999,0,0,0,8.5121285598602189e-24,6.6235979438630231e-23,5.4253298273996403e-22,0,2.3084989475563589e-10,9.1961798808411409e-11
0.42399999999999999,0,0,0,8.0865221318672086e-24,6.2924180466698724e-23,5.1540633360296592e-22,0,2.2140411726212506e-10,8.8177702096053484e-11
0.42449999999999999,0,0,0,7.6821960252738492e-24,5.9777971443363794e-23,4.8963601692281761e-22,0,2.1234158875671483e-10,8.4548115780742537e-11
0.42499999999999999,0,0,0,7.2980862240101554e-24,5.6789072871195607e-23,4.6515421607667667e-22,0,2.0364687713936291e-10,8.1066793344265993e-11
0.42549999999999999,0,0,0,6.9331819128096491e-24,5.3949619227635829e-23,4.4189650527284282e-22,0,1.953052164438418e-10,7.7727716878013794e-11
0.42599999999999999,0,0,0,6.5865228171691655e-24,5.1252138266254034e-23,4.1980168000920075e-22,0,1.8730250683773875e-10,7.4525133352875949e-11
0.42649999999999999,0,0,0,6.2571966763107074e-24,4.8689531352941333e-23,3.9881159600874069e-22,0,1.796249815555484e-10,7.1453501196604476e-11
0.42699999999999999,0,0,0,5.9443368424951715e-24,4.6255054785294272e-23,3.7887101620830368e-22,0,1.7225965098788265e-10,6.8507532519523568e-11
0.42749999999999999,0,0,0,5.6471200003704137e-24,4.3942302046029561e-23,3.5992746539788846e-22,0,1.6519385859226077e-10,6.5682105030303199e-11
0.42799999999999999,0,0,0,5.3647640003518923e-24,4.1745186943728079e-23,3.4193109212799404e-22,0,1.584156139600168e-10,6.2972345884372248e-11
0.42849999999999999,0,0,0,5.0965258003342975e-24,3.9657927596541682e-23,3.2483453752159428e-22,0,1.5191325974939218e-10,6.0373557920264073e-11
0.42899999999999999,0,0,0,4.8416995103175827e-24,3.7675031216714599e-23,3.0859281064551456e-22,0,1.456755827078382e-10,5.7881210057752689e-11
0.42949999999999999,0,0,0,4.5996145348017044e-24,3.5791279655878865e-23,2.9316317011323884e-22,0,1.3969203571662092e-10,5.549099527898705e-11
0.42999999999999999,0,0,0,4.3696338080616192e-24,3.4001715673084923e-23,2.7850501160757691e-22,0,1.3395218267930886e-10,5.3198739979251755e-11
0.43049999999999999,0,0,0,4.1511521176585377e-24,3.2301629889430675e-23,2.6457976102719803e-22,0,1.2844636465558779e-10,5.1000486140996891e-11
0.43099999999999999,0,0,0,3.9435945117756106e-24,3.0686548394959148e-23,2.5135077297583816e-22,0,1.2316503372744592e-10,4.889240362737983e-11
0.43149999999999999,0,0,0,3.7464147861868304e-24,2.9152220975211188e-23,2.3878323432704621e-22,0,1.1809919708838379e-10,4.6870822878063017e-11
0.432,0,0,0,3.5590940468774891e-24,2.769460992645063e-23,2.2684407261069393e-22,0,1.1324008397650687e-10,4.4932230552697123e-11
0.4325,0,0,0,3.3811393445336144e-24,2.6309879430128096e-23,2.1550186898015921e-22,0,1.08579256696828e-10,4.3073228137673138e-11
0.433,0,0,0,3.2120823773069339e-24,2.4994385458621691e-23,2.0472677553115125e-22,0,1.0410883266587234e-10,4.1290582024351086e-11
0.4335,0,0,0,3.0514782584415873e-24,2.3744666185690606e-23,1.9449043675459368e-22,0,9.9821040322467525e-11,3.9581191949997272e-11
0.434,0,0,0,2.8989043455195078e-24,2.2557432876406077e-23,1.8476591491686401e-22,0,9.5708441172348557e-11,3.7942057546925913e-11
0.4345,0,0,0,2.7539591282435323e-24,2.1429561232585772e-23,1.7552761917102081e-22,0,9.1764040810460301e-11,3.6370320755539763e-11
0.435,0,0,0,2.6162611718313559e-24,2.0358083170956482e-23,1.6675123821246978e-22,0,8.798095585405008e-11,3.4863229261602906e-11
0.4355,0,0,0,2.485448113239788e-24,1.934017901240866e-23,1.5841367630184629e-22,0,8.4352635987272606e-11,3.3418138328511966e-11
0.436,0,0,0,2.3611757075777987e-24,1.8373170061788224e-23,1.5049299248675396e-22,0,8.0872752938887515e-11,3.2032524843165588e-11
0.4365,0,0,0,2.2431169221989088e-24,1.7454511558698813e-23,1.4296834286241626e-22,0,7.7535311504561832e-11,3.0703945085581797e-11
0.437,0,0,0,2.1309610760889634e-24,1.6581785980763871e-23,1.3581992571929546e-22,0,7.4334649546869969e-11,2.9430084260663797e-11
0.4375,0,0,0,2.0244130222845152e-24,1.5752696681725678e-23,1.2902892943333069e-22,0,7.1265104928386336e-11,2.8208711732614854e-11
0.438,0,0,0,1.9231923711702895e-24,1.4965061847639392e-23,1.2257748296166414e-22,0,6.8321348578592733e-11,2.7037677502566155e-11
0.4385,0,0,0,1.8270327526117747e-24,1.4216808755257423e-23,1.1644860881358093e-22,0,6.5498273471575885e-11,2.591490990925055e-11
0.439,0,0,0,1.7356811149811863e-24,1.3505968317494555e-23,1.1062617837290188e-22,0,6.2790994626027441e-11,2.4838439827660521e-11
0.4395,0,0,0,1.6488970592321269e-24,1.2830669901619826e-23,1.050948694542568e-22,0,6.019462706063905e-11,2.3806365066180267e-11
0.44,0,0,0,1.5664522062705204e-24,1.2189136406538834e-23,9.984012598154395e-23,0,5.7704840905614674e-11,2.2816865675235248e-11
0.4405,0,0,0,1.4881295959569944e-24,1.1579679586211892e-23,9.4848119682466762e-23,0,5.5317306291158275e-11,2.1868201090634926e-11
0.441,0,0,0,1.4137231161591446e-24,1.1000695606901299e-23,9.0105713698343412e-23,0,5.3027804369776277e-11,2.0958708268810365e-11
0.4415,0,0,0,1.3430369603511876e-24,1.0450660826556233e-23,8.5600428013426254e-23,0,5.083233833858003e-11,2.0086774769931734e-11
0.442,0,0,0,1.2758851123336281e-24,9.9281277852284219e-24,8.1320406612754931e-23,0,4.8727133439285808e-11,1.9250872586379661e-11
0.4425,0,0,0,1.2120908567169468e-24,9.4317213959670011e-24,7.7254386282117188e-23,0,4.6708414913609886e-11,1.8449503126398441e-11
0.443,0,0,0,1.1514863138810994e-24,8.9601353261686509e-24,7.3391666968011334e-23,0,4.4772741070175925e-11,1.7681264099075635e-11
0.44350000000000001,0,0,0,1.0939119981870446e-24,8.5121285598602189e-24,6.9722083619610766e-23,0,4.2916670217607589e-11,1.6944790376942229e-11
0.44400000000000001,0,0,0,1.0392163982776923e-24,8.0865221318672086e-24,6.6235979438630231e-23,0,4.1136982709133463e-11,1.6238779641409783e-11
0.44450000000000001,0,0,0,9.8725557836380762e-25,7.6821960252738492e-24,6.2924180466698724e-23,0,3.9430569920284597e-11,1.556197057413136e-11
0.44500000000000001,0,0,0,9.3789279944561727e-25,7.2980862240101554e-24,5.9777971443363794e-23,0,3.7794434248894504e-11,1.4913180020020654e-11
0.44550000000000001,0,0,0,8.9099815947333636e-25,6.9331819128096491e-24,5.6789072871195607e-23,0,3.6225689115099158e-11,1.4291250147623884e-11
0.44600000000000001,0,0,0,8.4644825149966961e-25,6.5865228171691655e-24,5.3949619227635829e-23,0,3.4721669983639458e-11,1.3695091055405944e-11
0.44650000000000001,0,0,0,8.0412583892468611e-25,6.2571966763107074e-24,5.1252138266254034e-23,0,3.3279601296953842e-11,1.3123631485366025e-11
0.44700000000000001,0,0,0,7.6391954697845171e-25,5.9443368424951715e-24,4.8689531352941333e-23,0,3.1897040564388135e-11,1.2575863748802319e-11
0.44750000000000001,0,0,0,7.257235696295291e-25,5.6471200003704137e-24,4.6255054785294272e-23,0,3.0571434272985698e-11,1.2050795954031693e-11
0.44800000000000001,0,0,0,6.8943739114805273e-25,5.3647640003518923e-24,4.3942302046029561e-23,0,2.9300561976697281e-11,1.1547510770331401e-11
0.44850000000000001,0,0,0,6.5496552159065009e-25,5.0965258003342975e-24,4.1745186943728079e-23,0,2.8082092207171172e-11,1.1065100989306137e-11
0.44900000000000001,0,0,0,6.2221724551111763e-25,4.8416995103175827e-24,3.9657927596541682e-23,0,2.6914026562963045e-11,1.060271740940512e-11
0.44950000000000001,0,0,0,5.9110638323556163e-25,4.5996145348017044e-24,3.7675031216714599e-23,0,2.5794144598023649e-11,1.0159522995049581e-11
0.45000000000000001,0,0,0,5.615510640737836e-25,4.3696338080616192e-24,3.5791279655878865e-23,0,2.4720558933211123e-11,9.734727201747495e-12
0.45050000000000001,0,0,0,5.3347351087009441e-25,4.1511521176585377e-24,3.4001715673084923e-23,0,2.369127116708114e-11,9.3275698333551417e-12
0.45100000000000001,0,0,0,5.0679983532658977e-25,3.9435945117756106e-24,3.2301629889430675e-23,0,2.2704615965096764e-11,8.9373233542596777e-12
0.45150000000000001,0,0,0,4.814598435602602e-25,3.7464147861868304e-24,3.0686548394959148e-23,0,2.175870594811613e-11,8.5632815489170379e-12
0.45200000000000001,0,0,0,4.5738685138224721e-25,3.5590940468774891e-24,2.9152220975211188e-23,0,2.0851986803904765e-11,8.2047906684608467e-12
0.45250000000000001,0,0,0,4.345175088131349e-25,3.3811393445336144e-24,2.769460992645063e-23,0,1.998279319792573e-11,7.861218363302476e-12
0.45300000000000001,0,0,0,4.1279163337247817e-25,3.2120823773069339e-24,2.6309879430128096e-23,0,1.914957081794455e-11,7.5319462528262688e-12
0.45350000000000001,0,0,0,3.921520517038543e-25,3.0514782584415873e-24,2.4994385458621691e-23,0,1.835076535172675e-11,7.2163650750517051e-12
0.45400000000000001,0,0,0,3.7254444911866156e-25,2.8989043455195078e-24,2.3744666185690606e-23,0,1.7585044531642779e-11,6.9138972200476958e-12
0.45450000000000002,0,0,0,3.5391722666272847e-25,2.7539591282435323e-24,2.2557432876406077e-23,0,1.6851076090063088e-11,6.6240242890482179e-12
0.45500000000000002,0,0,0,3.362213653295921e-25,2.6162611718313559e-24,2.1429561232585772e-23,0,1.6147527759358127e-11,6.3462279856094239e-12
0.45550000000000002,0,0,0,3.194102970631125e-25,2.485448113239788e-24,2.0358083170956482e-23,0,1.5473178294200807e-11,6.0800029298846348e-12
0.45600000000000002,0,0,0,3.0343978220995688e-25,2.3611757075777987e-24,1.934017901240866e-23,0,1.4826806449264041e-11,5.8248778733018189e-12
0.45650000000000002,0,0,0,2.88267793099459e-25,2.2431169221989088e-24,1.8373170061788224e-23,0,1.4207190979220741e-11,5.5803781478195085e-12
0.45700000000000002,0,0,0,2.7385440344448608e-25,2.1309610760889634e-24,1.7454511558698813e-23,0,1.3613332683348744e-11,5.3460782524566804e-12
0.45750000000000002,0,0,0,2.6016168327226179e-25,2.0244130222845152e-24,1.6581785980763871e-23,0,1.3044121338623427e-11,5.1215462319861905e-12
0.45800000000000002,0,0,0,2.4715359910864868e-25,1.9231923711702895e-24,1.5752696681725678e-23,0,1.2498557744322625e-11,4.9063844674030344e-12
0.45850000000000002,0,0,0,2.3479591915321625e-25,1.8270327526117747e-24,1.4965061847639392e-23,0,1.1975642699724176e-11,4.7001920540179385e-12
0.45900000000000002,0,0,0,2.2305612319555543e-25,1.7356811149811863e-24,1.4216808755257423e-23,0,1.147448802640838e-11,4.5026173415340578e-12
0.45950000000000002,0,0,0,2.1190331703577764e-25,1.6488970592321269e-24,1.3505968317494555e-23,0,1.0994094523653075e-11,4.3132765828097543e-12
0.46000000000000002,0,0,0,2.0130815118398877e-25,1.5664522062705204e-24,1.2830669901619826e-23,0,1.0533685035341023e-11,4.1318421774175249e-12
0.46050000000000002,0,0,0,1.9124274362478932e-25,1.4881295959569944e-24,1.2189136406538834e-23,0,1.0092482405354986e-11,3.9579974766501018e-12
0.46100000000000002,0,0,0,1.8168060644354985e-25,1.4137231161591446e-24,1.1579679586211892e-23,0,9.6695984552752634e-12,3.7914072812327586e-12
0.46150000000000002,0,0,0,1.7259657612137236e-25,1.3430369603511876e-24,1.1000695606901299e-23,0,9.2642560289846188e-12,3.631775681706673e-12
0.46200000000000002,0,0,0,1.6396674731530373e-25,1.2758851123336281e-24,1.0450660826556233e-23,0,8.8757889926682765e-12,3.478806716524686e-12
0.46250000000000002,0,0,0,1.5576840994953855e-25,1.2120908567169468e-24,9.9281277852284219e-24,0,8.5035312125114615e-12,3.3322429395481057e-12
0.46300000000000002,0,0,0,1.4797998945206163e-25,1.1514863138810994e-24,9.4317213959670011e-24,0,8.1468165546993987e-12,3.19182634703394e-12
0.46350000000000002,0,0,0,1.4058098997945854e-25,1.0939119981870446e-24,8.9601353261686509e-24,0,7.804978885417313e-12,3.0572857214439737e-12
0.46400000000000002,0,0,0,1.3355194048048561e-25,1.0392163982776923e-24,8.5121285598602189e-24,0,7.4773520708504293e-12,2.928366919175162e-12
0.46450000000000002,0,0,0,1.2687434345646133e-25,9.8725557836380762e-25,8.0865221318672086e-24,0,7.163380999486435e-12,2.8048397919134434e-12
0.46500000000000002,0,0,0,1.2053062628363827e-25,9.3789279944561727e-25,7.6821960252738492e-24,0,6.8625105598130176e-12,2.6864898549361778e-12
0.46550000000000002,0,0,0,1.1450409496945633e-25,8.9099815947333636e-25,7.2980862240101554e-24,0,6.5741856403178645e-12,2.5730999985615976e-12
0.46600000000000003,0,0,0,1.0877889022098351e-25,8.4644825149966961e-25,6.9331819128096491e-24,0,6.297851129488663e-12,2.4644642493964762e-12
0.46650000000000003,0,0,0,1.0333994570993434e-25,8.0412583892468611e-25,6.5865228171691655e-24,0,6.0330629381155632e-12,2.3603710537657472e-12
0.46700000000000003,0,0,0,9.8172948424437625e-26,7.6391954697845171e-25,6.2571966763107074e-24,0,5.7793769769887149e-12,2.2606437647209421e-12
0.46750000000000003,0,0,0,9.3264301003215745e-26,7.257235696295291e-25,5.9443368424951715e-24,0,5.5362381345958056e-12,2.1651028220419607e-12
0.46800000000000003,0,0,0,8.8601085953054949e-26,6.8943739114805273e-25,5.6471200003704137e-24,0,5.3033133440294478e-12,2.0735667637897193e-12
0.46850000000000003,0,0,0,8.4171031655402206e-26,6.5496552159065009e-25,5.3647640003518923e-24,0,5.0800474937773288e-12,1.9858785862322944e-12
0.46899999999999997,0,0,0,7.9962480072632084e-26,6.2221724551111763e-25,5.0965258003342975e-24,0,4.8661075169320611e-12,1.9018587020013039e-12
0.46949999999999997,0,0,0,7.5964356069000473e-26,5.9110638323556163e-25,4.8416995103175827e-24,0,4.6611603465862572e-12,1.8213770306499723e-12
0.46999999999999997,0,0,0,7.2166138265550458e-26,5.615510640737836e-25,4.5996145348017044e-24,0,4.464761893530067e-12,1.7442844095356925e-12
0.47049999999999997,0,0,0,6.8557831352272933e-26,5.3347351087009441e-25,4.3696338080616192e-24,0,4.276579090856103e-12,1.670432069385993e-12
0.47099999999999997,0,0,0,6.5129939784659285e-26,5.0679983532658977e-25,4.1511521176585377e-24,0,4.0962788716569776e-12,1.5996714977116851e-12
0.47149999999999997,0,0,0,6.1873442795426325e-26,4.814598435602602e-25,3.9435945117756106e-24,0,3.9235281690253032e-12,1.5318800492530524e-12
0.47199999999999998,0,0,0,5.8779770655655013e-26,4.5738685138224721e-25,3.7464147861868304e-24,0,3.7579939160536924e-12,1.4669391144994253e-12
0.47249999999999998,0,0,0,5.5840782122872257e-26,4.345175088131349e-25,3.5590940468774891e-24,0,3.5993430458347575e-12,1.4047198685839023e-12
0.47299999999999998,0,0,0,5.3048743016728641e-26,4.1279163337247817e-25,3.3811393445336144e-24,0,3.4473535137635736e-12,1.3451125178890936e-12
0.47349999999999998,0,0,0,5.0396305865892212e-26,3.921520517038543e-25,3.2120823773069339e-24,0,3.3018032752352156e-12,1.2880325417778992e-12
0.47399999999999998,0,0,0,4.78764905725976e-26,3.7254444911866156e-25,3.0514782584415873e-24,0,3.1623592633422959e-12,1.2333605180390284e-12
0.47449999999999998,0,0,0,4.5482666043967718e-26,3.5391722666272847e-25,2.8989043455195078e-24,0,3.028688411177427e-12,1.1809799410961997e-12
0.47499999999999998,0,0,0,4.3208532741769331e-26,3.362213653295921e-25,2.7539591282435323e-24,0,2.9006796964381465e-12,1.1308147586982297e-12
0.47549999999999998,0,0,0,4.1048106104680867e-26,3.194102970631125e-25,2.6162611718313559e-24,0,2.7780000522170667e-12,1.0827639264114928e-12
0.47599999999999998,0,0,0,3.899570079944682e-26,3.0343978220995688e-25,2.485448113239788e-24,0,2.6604274339092626e-12,1.0367229352645728e-12
0.47649999999999998,0,0,0,3.704591575947448e-26,2.88267793099459e-25,2.3611757075777987e-24,0,2.5478508192122717e-12,9.9263641392687651e-13
0.47699999999999998,0,0,0,3.5193619971500759e-26,2.7385440344448608e-25,2.2431169221989088e-24,0,2.4399371412187065e-12,9.50403968206638e-13
0.47749999999999998,0,0,0,3.3433938972925716e-26,2.6016168327226179e-25,2.1309610760889634e-24,0,2.3365753776261045e-12,9.0994721320292861e-13
0.47799999999999998,0,0,0,3.1762242024279429e-26,2.4715359910864868e-25,2.0244130222845152e-24,0,2.2375434838295405e-12,8.7118928138725759e-13
0.47849999999999998,0,0,0,3.0174129923065458e-26,2.3479591915321625e-25,1.9231923711702895e-24,0,2.1427304375265521e-12,8.3407999534519309e-13
0.47899999999999998,0,0,0,2.8665423426912186e-26,2.2305612319555543e-25,1.8270327526117747e-24,0,2.0519141941122143e-12,7.9853520116154495e-13
0.47949999999999998,0,0,0,2.7232152255566578e-26,2.1190331703577764e-25,1.7356811149811863e-24,0,1.964872708981602e-12,7.6448711522703813e-13
0.47999999999999998,0,0,0,2.5870544642788247e-26,2.0130815118398877e-25,1.6488970592321269e-24,0,1.8814949598322528e-12,7.3187864010431467e-13
0.48049999999999998,0,0,0,2.4577017410648836e-26,1.9124274362478932e-25,1.5664522062705204e-24,0,1.801669924361704e-12,7.0064680424804765e-13
0.48099999999999998,0,0,0,2.3348166540116395e-26,1.8168060644354985e-25,1.4881295959569944e-24,0,1.7251755579650307e-12,6.7073765142928952e-13
0.48149999999999998,0,0,0,2.2180758213110576e-26,1.7259657612137236e-25,1.4137231161591446e-24,0,1.6519008383397704e-12,6.420902606137592e-13
0.48199999999999998,0,0,0,2.1071720302455046e-26,1.6396674731530373e-25,1.3430369603511876e-24,0,1.5817347431834605e-12,6.1466486390407872e-13
0.48249999999999998,0,0,0,2.0018134287332292e-26,1.5576840994953855e-25,1.2758851123336281e-24,0,1.514455227891176e-12,5.8838410248646787e-13
0.48299999999999998,0,0,0,1.9017227572965677e-26,1.4797998945206163e-25,1.2120908567169468e-24,0,1.450062292462917e-12,5.6321032804990132e-13
0.48349999999999999,0,0,0,1.8066366194317394e-26,1.4058098997945854e-25,1.1514863138810994e-24,0,1.3883338922937583e-12,5.3909326500651936e-13
0.48399999999999999,0,0,0,1.7163047884601523e-26,1.3355194048048561e-25,1.0939119981870446e-24,0,1.3292700273836999e-12,5.1601294437332827e-13
0.48449999999999999,0,0,0,1.6304895490371448e-26,1.2687434345646133e-25,1.0392163982776923e-24,0,1.2726486531278169e-12,4.9391778143140773e-13
0.48499999999999999,0,0,0,1.5489650715852876e-26,1.2053062628363827e-25,9.8725557836380762e-25,0,1.2184697695261093e-12,4.7276125301904779e-13
0.48549999999999999,0,0,0,1.4715168180060232e-26,1.1450409496945633e-25,9.3789279944561727e-25,0,1.166511331973652e-12,4.5250014004660645e-13
0.48599999999999999,0,0,0,1.3979409771057222e-26,1.0877889022098351e-25,8.9099815947333636e-25,0,1.116773340470445e-12,4.3309338024926399e-13
0.48649999999999999,0,0,0,1.3280439282504361e-26,1.0333994570993434e-25,8.4644825149966961e-25,0,1.0691447727140257e-12,4.1451416909304075e-13
0.48699999999999999,0,0,0,1.2616417318379143e-26,9.8172948424437625e-26,8.0412583892468611e-25,0,1.0235146064019318e-12,3.9671930956675965e-13
0.48749999999999999,0,0,0,1.1985596452460186e-26,9.3264301003215745e-26,7.6391954697845171e-25,0,9.7988284153416316e-13,3.7968060362145791e-13
0.48799999999999999,0,0,0,1.1386316629837176e-26,8.8601085953054949e-26,7.257235696295291e-25,0,9.3802743350579476e-13,3.6335394459034443e-13
0.48849999999999999,0,0,0,1.0817000798345317e-26,8.4171031655402206e-26,6.8943739114805273e-25,0,8.9794838231682661e-13,3.4772339042501187e-13
0.48899999999999999,0,0,0,1.0276150758428052e-26,7.9962480072632084e-26,6.5496552159065009e-25,0,8.5953466566479619e-13,3.3275283490347606e-13
0.48949999999999999,0,0,0,9.762343220506649e-27,7.5964356069000473e-26,6.2221724551111763e-25,0,8.2278628354970351e-13,3.1843155848991213e-13
0.48999999999999999,0,0,0,9.2742260594813173e-27,7.2166138265550458e-26,5.9110638323556163e-25,0,7.8759221366908605e-13,3.0472686410249392e-13
0.49049999999999999,0,0,0,8.8105147565072506e-27,6.8557831352272933e-26,5.615510640737836e-25,0,7.5384143372048129e-13,2.9160455800928139e-13
0.49099999999999999,0,0,0,8.3699890186818882e-27,6.5129939784659285e-26,5.3347351087009441e-25,0,7.2153394370388924e-13,2.7902946949839905e-13
0.49149999999999999,0,0,0,7.9514895677477938e-27,6.1873442795426325e-26,5.0679983532658977e-25,0,6.9066974361930988e-13,2.6699148971423164e-13
0.49199999999999999,0,0,0,7.5539150893604038e-27,5.8779770655655013e-26,4.814598435602602e-25,0,6.610267888618182e-13,2.5545832021342336e-13
0.49249999999999999,0,0,0,7.1762193348923846e-27,5.5840782122872257e-26,4.5738685138224721e-25,0,6.3271610173387671e-13,2.4442172709342042e-13
0.49299999999999999,0,0,0,6.8174083681477649e-27,5.3048743016728641e-26,4.345175088131349e-25,0,6.0551563763056038e-13,2.338506358385598e-13
0.49349999999999999,0,0,0,6.4765379497403771e-27,5.0396305865892212e-26,4.1279163337247817e-25,0,5.7953641885433171e-13,2.2372476169556151e-13
0.49399999999999999,0,0,0,6.1527110522533575e-27,4.78764905725976e-26,3.921520517038543e-25,0,5.5466742310272821e-13,2.1403086322825664e-13
0.4945,0,0,0,5.8450754996406902e-27,4.5482666043967718e-26,3.7254444911866156e-25,0,5.3079762807328734e-13,2.0474744691784249e-13
0.495,0,0,0,5.5528217246586556e-27,4.3208532741769331e-26,3.5391722666272847e-25,0,5.0792703376600912e-13,1.9586048227287846e-13
0.4955,0,0,0,5.2751806384257228e-27,4.1048106104680867e-26,3.362213653295921e-25,0,4.8605564018089353e-13,1.8734796069681504e-13
0.496,0,0,0,5.0114216065044364e-27,3.899570079944682e-26,3.194102970631125e-25,0,4.6507242501547807e-13,1.7919551546690465e-13
0.4965,0,0,0,4.760850526179215e-27,3.704591575947448e-26,3.0343978220995688e-25,0,4.4497738826976274e-13,1.7138091850227238e-13
0.497,0,0,0,4.5228079998702535e-27,3.5193619971500759e-26,2.88267793099459e-25,0,4.2577052994374753e-13,1.6390250960920626e-13
0.4975,0,0,0,4.296667599876741e-27,3.3433938972925716e-26,2.7385440344448608e-25,0,4.0745185003743245e-13,1.5674635524661851e-13
0.498,0,0,0,4.081834219882904e-27,3.1762242024279429e-26,2.6016168327226179e-25,0,3.8991032624835498e-13,1.4990335990852129e-13
0.4985,0,0,0,3.8777425088887592e-27,3.0174129923065458e-26,2.4715359910864868e-25,0,3.730349362740526e-13,1.4335473644720231e-13
0.499,0,0,0,3.6838553834443213e-27,2.8665423426912186e-26,2.3479591915321625e-25,0,3.5693670241698783e-13,1.3710107083365297e-13
0.4995,0,0,0,3.4996626142721051e-27,2.7232152255566578e-26,2.2305612319555543e-25,0,3.4150460237469815e-13,1.311170459696633e-13
0.5,0,0,0,3.3246794835584995e-27,2.5870544642788247e-26,2.1190331703577764e-25,0,3.2673863614718357e-13,1.2539898521964983e-13
0.50049999999999994,0,0,0,3.1584455093805745e-27,2.4577017410648836e-26,2.0130815118398877e-25,0,3.1252778143198157e-13,1.1991878895055515e-13
0.501,0,0,0,3.0005232339115457e-27,2.3348166540116395e-26,1.9124274362478932e-25,0,2.9898306053155466e-13,1.1467096414988141e-13
0.50149999999999995,0,0,0,2.8504970722159684e-27,2.2180758213110576e-26,1.8168060644354985e-25,0,2.8599345114344032e-13,1.0965192510113698e-13
0.502,0,0,0,2.7079722186051702e-27,2.1071720302455046e-26,1.7259657612137236e-25,0,2.7355895326763857e-13,1.0484648132475297e-13
0.50249999999999995,0,0,0,2.572573607674912e-27,2.0018134287332292e-26,1.6396674731530373e-25,0,2.616795669041494e-13,1.0024471681323299e-13
0.503,0,0,0,2.4439449272911664e-27,1.9017227572965677e-26,1.5576840994953855e-25,0,2.5024426975051028e-13,9.5840158617239137e-14
0.50349999999999995,0,0,0,2.3217476809266081e-27,1.8066366194317394e-26,1.4797998945206163e-25,0,2.3936408410918375e-13,9.1628581339286936e-14
0.504,0,0,0,2.2056602968802776e-27,1.7163047884601523e-26,1.4058098997945854e-25,0,2.2892798767770728e-13,8.7594376930270499e-14
0.50449999999999995,0,0,0,2.0953772820362636e-27,1.6304895490371448e-26,1.3355194048048561e-25,0,2.1893598045608087e-13,8.3727356802579041e-14
0.505,0,0,0,1.9906084179344505e-27,1.5489650715852876e-26,1.2687434345646133e-25,0,2.0938806244430452e-13,8.0033719876159049e-14
0.50549999999999995,0,0,0,1.8910779970377278e-27,1.4715168180060232e-26,1.2053062628363827e-25,0,2.0017321133991572e-13,7.6491813061146306e-14
0.50600000000000001,0,0,0,1.7965240971858416e-27,1.3979409771057222e-26,1.1450409496945633e-25,0,1.9140244944537699e-13,7.310035150518297e-14
0.50649999999999995,0,0,0,1.7066978923265494e-27,1.3280439282504361e-26,1.0877889022098351e-25,0,1.829647544582258e-13,6.9858496485202138e-14
0.50700000000000001,0,0,0,1.6213629977102219e-27,1.2616417318379143e-26,1.0333994570993434e-25,0,1.7497114868092467e-13,6.6765700501423992e-14
0.50749999999999995,0,0,0,1.5402948478247108e-27,1.1985596452460186e-26,9.8172948424437625e-26,0,1.6731060981101109e-13,6.3808756354633207e-14
0.50800000000000001,0,0,0,1.4632801054334754e-27,1.1386316629837176e-26,9.3264301003215745e-26,0,1.5998313784848506e-13,6.097904267867533e-14
0.50849999999999995,0,0,0,1.3901161001618016e-27,1.0817000798345317e-26,8.8601085953054949e-26,0,1.5298873279334657e-13,5.8270931637310631e-14
0.50900000000000001,0,0,0,1.3206102951537116e-27,1.0276150758428052e-26,8.4171031655402206e-26,0,1.4621637234313312e-13,5.5680749504104857e-14
0.50949999999999995,0,0,0,1.2545797803960262e-27,9.762343220506649e-27,7.9962480072632084e-26,0,1.3977707880030721e-13,5.3206098152080086e-14
0.51000000000000001,0,0,0,1.1918507913762248e-27,9.2742260594813173e-27,7.5964356069000473e-26,0,1.3355982986240633e-13,5.0832562333711086e-14
0.51049999999999995,0,0,0,1.1322582518074136e-27,8.8105147565072506e-27,7.2166138265550458e-26,0,1.27675647831893e-13,4.8563581899277983e-14
0.51100000000000001,0,0,0,1.075645339217043e-27,8.3699890186818882e-27,6.8557831352272933e-26,0,1.220135104063047e-13,4.6388552503076763e-14
0.51149999999999995,0,0,0,1.0218630722561909e-27,7.9514895677477938e-27,6.5129939784659285e-26,0,1.1657341758564144e-13,4.4300551863883975e-14
0.51200000000000001,0,0,0,9.7076991864338143e-28,7.5539150893604038e-27,6.1873442795426325e-26,0,1.113553693699032e-13,4.2295061270345421e-14
0.51249999999999996,0,0,0,9.2223142271121225e-28,7.1762193348923846e-27,5.8779770655655013e-26,0,1.0635936575909e-13,4.0381980811630641e-14
0.51300000000000001,0,0,0,8.7611985157565166e-28,6.8174083681477649e-27,5.5840782122872257e-26,0,1.0158540675320182e-13,3.8554923242421778e-14
0.51349999999999996,0,0,0,8.3231385899686898e-28,6.4765379497403771e-27,5.3048743016728641e-26,0,9.7033492352238682e-14,3.6809719110914124e-14
0.51400000000000001,0,0,0,7.9069816604702553e-28,6.1527110522533575e-27,5.0396305865892212e-26,0,9.2703622556200571e-14,3.5143646691624038e-14
0.51449999999999996,0,0,0,7.5116325774467429e-28,5.8450754996406902e-27,4.78764905725976e-26,0,8.8484775062624976e-14,3.3542079499112843e-14
0.51500000000000001,0,0,0,7.1360509485744059e-28,5.5528217246586556e-27,4.5482666043967718e-26,0,8.4487972173974413e-14,3.2008319492244939e-14
0.51549999999999996,0,0,0,6.7792484011456851e-28,5.2751806384257228e-27,4.3208532741769331e-26,0,8.071321389024888e-14,3.054452211639013e-14
0.51600000000000001,0,0,0,6.4402859810884009e-28,5.0114216065044364e-27,4.1048106104680867e-26,0,7.7049477908985864e-14,2.913924459486129e-14
0.51649999999999996,0,0,0,6.11827168203398e-28,4.760850526179215e-27,3.899570079944682e-26,0,7.3607786532647879e-14,2.7797867140846745e-14
0.51700000000000002,0,0,0,5.8123580979322819e-28,4.5228079998702535e-27,3.704591575947448e-26,0,7.0277117458772409e-14,2.6511052034429786e-14
0.51749999999999996,0,0,0,5.5217401930356676e-28,4.296667599876741e-27,3.5193619971500759e-26,0,6.7057470687359455e-14,2.5285553623079424e-14
0.51800000000000002,0,0,0,5.2456531833838845e-28,4.081834219882904e-27,3.3433938972925716e-26,0,6.3948846218409017e-14,2.4112931191201068e-14
0.51849999999999996,0,0,0,4.9833705242146899e-28,3.8777425088887592e-27,3.1762242024279429e-26,0,6.106226635438361e-14,2.300052463075178e-14
0.51900000000000002,0,0,0,4.7342019980039549e-28,3.6838553834443213e-27,3.0174129923065458e-26,0,5.8286708792820718e-14,2.1940275456566663e-14
0.51949999999999996,0,0,0,4.497491898103758e-28,3.4996626142721051e-27,2.8665423426912186e-26,0,5.5622173533720343e-14,2.0926923268607527e-14
0.52000000000000002,0,0,0,4.2726173031985696e-28,3.3246794835584995e-27,2.7232152255566578e-26,0,5.3068660577082483e-14,1.9957034194627215e-14
0.52049999999999996,0,0,0,4.058986438038641e-28,3.1584455093805745e-27,2.5870544642788247e-26,0,5.0626169922907138e-14,1.9028366679131053e-14
0.52100000000000002,0,0,0,3.8560371161367093e-28,3.0005232339115457e-27,2.4577017410648836e-26,0,4.829470157119431e-14,1.813945748450447e-14
0.52149999999999996,0,0,0,3.6632352603298733e-28,2.8504970722159684e-27,2.3348166540116395e-26,0,4.6074255521943996e-14,1.7289351441749057e-14
0.52200000000000002,0,0,0,3.4800734973133799e-28,2.7079722186051702e-27,2.2180758213110576e-26,0,4.3964831775156199e-14,1.6477425037768634e-14
0.52249999999999996,0,0,0,3.306069822447711e-28,2.572573607674912e-27,2.1071720302455046e-26,0,4.1966430330830917e-14,1.5703271257069864e-14
0.52300000000000002,0,0,0,3.1407663313253254e-28,2.4439449272911664e-27,2.0018134287332292e-26,0,3.9968028886505635e-14,1.4953774605457729e-14
0.52349999999999997,0,0,0,2.9837280147590593e-28,2.3217476809266081e-27,1.9017227572965677e-26,0,3.8080649744642869e-14,1.4233223383302897e-14
0.52400000000000002,0,0,0,2.8345416140211063e-28,2.2056602968802776e-27,1.8066366194317394e-26,0,3.6304292905242619e-14,1.3544416897791786e-14
0.52449999999999997,0,0,0,2.6928145333200511e-28,2.0953772820362636e-27,1.7163047884601523e-26,0,3.4638958368304884e-14,1.2889182474448855e-14
0.52500000000000002,0,0,0,2.5581738066540481e-28,1.9906084179344505e-27,1.6304895490371448e-26,0,3.2973623831367149e-14,1.2255863147243486e-14
0.52549999999999997,0,0,0,2.4302651163213459e-28,1.8910779970377278e-27,1.5489650715852876e-26,0,3.141931159689193e-14,1.1649699311320337e-14
0.52600000000000002,0,0,0,2.3087518605052784e-28,1.7965240971858416e-27,1.4715168180060232e-26,0,2.9864999362416711e-14,1.1061261976650859e-14
0.52649999999999997,0,0,0,2.1933142674800143e-28,1.7066978923265494e-27,1.3979409771057222e-26,0,2.8421709430404007e-14,1.0510095715129034e-14
0.52700000000000002,0,0,0,2.0836485541060137e-28,1.6213629977102219e-27,1.3280439282504361e-26,0,2.708944180085382e-14,9.9961089854376814e-15
0.52749999999999997,0,0,0,1.9794661264007129e-28,1.5402948478247108e-27,1.2616417318379143e-26,0,2.5757174171303632e-14,9.5063922279134438e-15
0.52800000000000002,0,0,0,1.8804928200806773e-28,1.4632801054334754e-27,1.1985596452460186e-26,0,2.453592884421596e-14,9.0453681724129386e-15
0.52849999999999997,0,0,0,1.7864681790766434e-28,1.3901161001618016e-27,1.1386316629837176e-26,0,2.3314683517128287e-14,8.6030740751779233e-15
0.52900000000000003,0,0,0,1.6971447701228112e-28,1.3206102951537116e-27,1.0817000798345317e-26,0,2.2204460492503131e-14,8.1858562820030811e-15
0.52949999999999997,0,0,0,1.6122875316166707e-28,1.2545797803960262e-27,1.0276150758428052e-26,0,2.1094237467877974e-14,7.7850077428675175e-15
0.53000000000000003,0,0,0,1.5316731550358371e-28,1.1918507913762248e-27,9.762343220506649e-27,0,2.0095036745715333e-14,7.4076944925333482e-15
0.53049999999999997,0,0,0,1.4550894972840455e-28,1.1322582518074136e-27,9.2742260594813173e-27,0,1.9095836023552692e-14,7.0457445557223125e-15
0.53100000000000003,0,0,0,1.382335022419843e-28,1.075645339217043e-27,8.8105147565072506e-27,0,1.8096635301390052e-14,6.6938234485722104e-15
0.53149999999999997,0,0,0,1.3132182712988509e-28,1.0218630722561909e-27,8.3699890186818882e-27,0,1.7208456881689926e-14,6.361298742087638e-15
0.53200000000000003,0,0,0,1.2475573577339085e-28,9.7076991864338143e-28,7.9514895677477938e-27,0,1.6320278461989801e-14,6.0414355749263983e-15
0.53249999999999997,0,0,0,1.1851794898472131e-28,9.2223142271121225e-28,7.5539150893604038e-27,0,1.5543122344752192e-14,5.7426873827936435e-15
0.53300000000000003,0,0,0,1.1259205153548524e-28,8.7611985157565166e-28,7.1762193348923846e-27,0,1.4765966227514582e-14,5.4577225771378164e-15
0.53349999999999997,0,0,0,1.0696244895871097e-28,8.3231385899686898e-28,6.8174083681477649e-27,0,1.3988810110276972e-14,5.1817552598766498e-15
0.53400000000000003,0,0,0,1.0161432651077542e-28,7.9069816604702553e-28,6.4765379497403771e-27,0,1.3211653993039363e-14,4.911661303095332e-15
0.53449999999999998,0,0,0,9.6533610185236669e-29,7.5116325774467429e-28,6.1527110522533575e-27,0,1.2545520178264269e-14,4.6582511490418915e-15
0.53500000000000003,0,0,0,9.1706929675974832e-29,7.1360509485744059e-28,5.8450754996406902e-27,0,1.1879386363489175e-14,4.4157318106580371e-15
0.53549999999999998,0,0,0,8.7121583192176082e-29,6.7792484011456851e-28,5.5528217246586556e-27,0,1.1213252548714081e-14,4.180321754725163e-15
0.53600000000000003,0,0,0,8.2765504032567282e-29,6.4402859810884009e-28,5.2751806384257228e-27,0,1.0547118733938987e-14,3.9495524803922343e-15
0.53649999999999998,0,0,0,7.8627228830938911e-29,6.11827168203398e-28,5.0114216065044364e-27,0,9.9920072216264089e-15,3.7346624086850243e-15
0.53700000000000003,0,0,0,7.4695867389391976e-29,5.8123580979322819e-28,4.760850526179215e-27,0,9.4368957093138306e-15,3.5301379275807137e-15
0.53749999999999998,0,0,0,7.0961074019922373e-29,5.5217401930356676e-28,4.5228079998702535e-27,0,8.8817841970012523e-15,3.3323798736755183e-15
0.53800000000000003,0,0,0,6.7413020318926265e-29,5.2456531833838845e-28,4.296667599876741e-27,0,8.4376949871511897e-15,3.1518885966066102e-15
0.53849999999999998,0,0,0,6.4042369302979957e-29,4.9833705242146899e-28,4.081834219882904e-27,0,7.9936057773011271e-15,2.9826686877502786e-15
0.53900000000000003,0,0,0,6.084025083783096e-29,4.7342019980039549e-28,3.8777425088887592e-27,0,7.5495165674510645e-15,2.820806477588268e-15
0.53949999999999998,0,0,0,5.7798238295939417e-29,4.497491898103758e-28,3.6838553834443213e-27,0,7.1054273576010019e-15,2.6637472096294946e-15
0.54000000000000004,0,0,0,5.4908326381142435e-29,4.2726173031985696e-28,3.4996626142721051e-27,0,6.6613381477509392e-15,2.5098231956089454e-15
0.54049999999999998,0,0,0,5.2162910062085323e-29,4.058986438038641e-28,3.3246794835584995e-27,0,6.2172489379008766e-15,2.3579458056869594e-15
0.54100000000000004,0,0,0,4.9554764558981049e-29,3.8560371161367093e-28,3.1584455093805745e-27,0,5.8841820305133297e-15,2.2202542100217341e-15
0.54149999999999998,0,0,0,4.7077026331032001e-29,3.6632352603298733e-28,3.0005232339115457e-27,0,5.5511151231257827e-15,2.0918227856074494e-15
0.54200000000000004,0,0,0,4.4723175014480405e-29,3.4800734973133799e-28,2.8504970722159684e-27,0,5.2180482157382357e-15,1.9694361952041957e-15
0.54249999999999998,0,0,0,4.2487016263756382e-29,3.306069822447711e-28,2.7079722186051702e-27,0,4.8849813083506888e-15,1.8509955381136982e-15
0.54300000000000004,0,0,0,4.0362665450568557e-29,3.1407663313253254e-28,2.572573607674912e-27,0,4.5519144009631418e-15,1.7351306986023611e-15
0.54349999999999998,0,0,0,3.8344532178040134e-29,2.9837280147590593e-28,2.4439449272911664e-27,0,4.2188474935755949e-15,1.6209472955663092e-15
0.54400000000000004,0,0,0,3.6427305569138125e-29,2.8345416140211063e-28,2.3217476809266081e-27,0,3.9968028886505635e-15,1.5207113004218226e-15
0.54449999999999998,0,0,0,3.4605940290681213e-29,2.6928145333200511e-28,2.2056602968802776e-27,0,3.7747582837255322e-15,1.4295798632065524e-15
0.54500000000000004,0,0,0,3.287564327614715e-29,2.5581738066540481e-28,2.0953772820362636e-27,0,3.5527136788005009e-15,1.3443916790839649e-15
0.54549999999999998,0,0,0,3.1231861112339791e-29,2.4302651163213459e-28,1.9906084179344505e-27,0,3.3306690738754696e-15,1.2630831185079897e-15
0.54600000000000004,0,0,0,2.96702680567228e-29,2.3087518605052784e-28,1.8910779970377278e-27,0,3.1086244689504383e-15,1.1843070899693867e-15
0.54649999999999999,0,0,0,2.818675465388666e-29,2.1933142674800143e-28,1.7965240971858416e-27,0,2.886579864025407e-15,1.1071842420662902e-15
0.54700000000000004,0,0,0,2.6777416921192329e-29,2.0836485541060137e-28,1.7066978923265494e-27,0,2.6645352591003757e-15,1.0311405537447051e-15
0.54749999999999999,0,0,0,2.5438546075132707e-29,1.9794661264007129e-28,1.6213629977102219e-27,0,2.4424906541753444e-15,9.5580131681660667e-16
0.54800000000000004,0,0,0,2.4166618771376074e-29,1.8804928200806773e-28,1.5402948478247108e-27,0,2.2204460492503131e-15,8.8092193010370077e-16
0.54849999999999999,0,0,0,2.2958287832807273e-29,1.7864681790766434e-28,1.4632801054334754e-27,0,1.9984014443252818e-15,8.0634272339237899e-16
0.54900000000000004,0,0,0,2.1810373441166908e-29,1.6971447701228112e-28,1.3901161001618016e-27,0,1.8873791418627661e-15,7.4480927104117866e-16
0.54949999999999999,0,0,0,2.0719854769108563e-29,1.6122875316166707e-28,1.3206102951537116e-27,0,1.7763568394002505e-15,6.9179179723061319e-16
0.55000000000000004,0,0,0,1.9683862030653134e-29,1.5316731550358371e-28,1.2545797803960262e-27,0,1.6653345369377348e-15,6.4433336496740658e-16
0.55049999999999999,0,0,0,1.8699668929120479e-29,1.4550894972840455e-28,1.1918507913762248e-27,0,1.5543122344752192e-15,6.0050375149205932e-16
0.55100000000000005,0,0,0,1.7764685482664455e-29,1.382335022419843e-28,1.1322582518074136e-27,0,1.4432899320127035e-15,5.5904295028100899e-16
0.55149999999999999,0,0,0,1.6876451208531234e-29,1.3132182712988509e-28,1.075645339217043e-27,0,1.3322676295501878e-15,5.1912845707581923e-16
0.55200000000000005,0,0,0,1.6032628648104671e-29,1.2475573577339085e-28,1.0218630722561909e-27,0,1.2212453270876722e-15,4.8022335937445512e-16
0.55249999999999999,0,0,0,1.5230997215699437e-29,1.1851794898472131e-28,9.7076991864338143e-28,0,1.1102230246251565e-15,4.4197717262697727e-16
0.55300000000000005,0,0,0,1.4469447354914468e-29,1.1259205153548524e-28,9.2223142271121225e-28,0,9.9920072216264089e-16,4.0416110830773065e-16
0.55349999999999999,0,0,0,1.3745974987168742e-29,1.0696244895871097e-28,8.7611985157565166e-28,0,8.8817841970012523e-16,3.6662581835135719e-16
0.55400000000000005,0,0,0,1.3058676237810306e-29,1.0161432651077542e-28,8.3231385899686898e-28,0,7.7715611723760958e-16,3.2927381165963706e-16
0.55449999999999999,0,0,0,1.2405742425919792e-29,9.6533610185236669e-29,7.9069816604702553e-28,0,6.6613381477509392e-16,2.9204144821012119e-16
0.55500000000000005,0,0,0,1.1785455304623801e-29,9.1706929675974832e-29,7.5116325774467429e-28,0,5.5511151231257827e-16,2.5488718521037752e-16
0.55549999999999999,0,0,0,1.1196182539392612e-29,8.7121583192176082e-29,7.1360509485744059e-28,0,4.4408920985006262e-16,2.1778390444867961e-16
0.55600000000000005,0,0,0,1.0636373412422981e-29,8.2765504032567282e-29,6.7792484011456851e-28,0,3.3306690738754696e-16,1.8071390375903935e-16
0.55649999999999999,0,0,0,1.0104554741801831e-29,7.8627228830938911e-29,6.4402859810884009e-28,0,2.2204460492503131e-16,1.4366562756088115e-16
0.55700000000000005,0,0,0,9.5993270047117401e-30,7.4695867389391976e-29,6.11827168203398e-28,0,1.1102230246251565e-16,1.06631532627996e-16
0.5575,0,0,0,9.1193606544761533e-30,7.0961074019922373e-29,5.8123580979322819e-28,0,0,6.9606694909941829e-17
0.55800000000000005,0,0,0,8.6633926217523457e-30,6.7413020318926265e-29,5.5217401930356676e-28,0,0,4.543770362176759e-17
0.5585,0,0,0,8.2302229906647295e-30,6.4042369302979957e-29,5.2456531833838845e-28,0,0,2.9660723197542734e-17
0.55900000000000005,0,0,0,7.8187118411314937e-30,6.084025083783096e-29,4.9833705242146899e-28,0,0,1.936186097617373e-17
0.5595,0,0,0,7.4277762490749195e-30,5.7798238295939417e-29,4.7342019980039549e-28,0,0,1.2638992581668964e-17
0.56000000000000005,0,0,0,7.0563874366211731e-30,5.4908326381142435e-29,4.497491898103758e-28,0,0,8.2504534908116853e-18
0.5605,0,0,0,6.7035680647901149e-30,5.2162910062085323e-29,4.2726173031985696e-28,0,0,5.3857126953909614e-18
0.56100000000000005,0,0,0,6.3683896615506094e-30,4.9554764558981049e-29,4.058986438038641e-28,0,0,3.5156735650468775e-18
0.5615,0,0,0,6.0499701784730781e-30,4.7077026331032001e-29,3.8560371161367093e-28,0,0,2.2949535771833783e-18
0.56200000000000006,0,0,0,5.7474716695494244e-30,4.4723175014480405e-29,3.6632352603298733e-28,0,0,1.4980946962169276e-18
0.5625,0,0,0,5.4600980860719534e-30,4.2487016263756382e-29,3.4800734973133799e-28,0,0,9.7792292669716108e-19
0.56299999999999994,0,0,0,5.1870931817683551e-30,4.0362665450568557e-29,3.306069822447711e-28,0,0,6.3836635492731356e-19
0.5635,0,0,0,4.9277385226799374e-30,3.8344532178040134e-29,3.1407663313253254e-28,0,0,4.1671137057755192e-19
0.56399999999999995,0,0,0,4.6813515965459404e-30,3.6427305569138125e-29,2.9837280147590593e-28,0,0,2.720199224603464e-19
0.5645,0,0,0,4.4472840167186432e-30,3.4605940290681213e-29,2.8345416140211063e-28,0,0,1.7756856049494834e-19
0.56499999999999995,0,0,0,4.2249198158827109e-30,3.287564327614715e-29,2.6928145333200511e-28,0,0,1.1591281032309129e-19
0.5655,0,0,0,4.013673825088575e-30,3.1231861112339791e-29,2.5581738066540481e-28,0,0,7.5665306738684591e-20
0.56599999999999995,0,0,0,3.812990133834146e-30,2.96702680567228e-29,2.4302651163213459e-28,0,0,4.9392630787752444e-20
0.5665,0,0,0,3.6223406271424392e-30,2.818675465388666e-29,2.3087518605052784e-28,0,0,3.2242411764227294e-20
0.56699999999999995,0,0,0,3.4412235957853167e-30,2.6777416921192329e-29,2.1933142674800143e-28,0,0,2.1047129901648373e-20
0.5675,0,0,0,3.2691624159960509e-30,2.5438546075132707e-29,2.0836485541060137e-28,0,0,1.3739098685798244e-20
0.56799999999999995,0,0,0,3.1057042951962485e-30,2.4166618771376074e-29,1.9794661264007129e-28,0,0,8.9685783087849655e-21
0.56850000000000001,0,0,0,2.9504190804364363e-30,2.2958287832807273e-29,1.8804928200806773e-28,0,0,5.854488618234631e-21
0.56899999999999995,0,0,0,2.8028981264146146e-30,2.1810373441166908e-29,1.7864681790766434e-28,0,0,3.8216800702364959e-21
0.56950000000000001,0,0,0,2.6627532200938837e-30,2.0719854769108563e-29,1.6971447701228112e-28,0,0,2.4947078236266016e-21
0.56999999999999995,0,0,0,2.5296155590891899e-30,1.9683862030653134e-29,1.6122875316166707e-28,0,0,1.6284898293118095e-21
0.57050000000000001,0,0,0,2.4031347811347305e-30,1.8699668929120479e-29,1.5316731550358371e-28,0,0,1.0630419719118758e-21
0.57099999999999995,0,0,0,2.2829780420779938e-30,1.7764685482664455e-29,1.4550894972840455e-28,0,0,6.9393017610914122e-22
0.57150000000000001,0,0,0,2.1688291399740944e-30,1.6876451208531234e-29,1.382335022419843e-28,0,0,4.529821982934672e-22
0.57199999999999995,0,0,0,2.0603876829753896e-30,1.6032628648104671e-29,1.3132182712988509e-28,0,0,2.9569671277490225e-22
0.57250000000000001,0,0,0,1.9573682988266202e-30,1.5230997215699437e-29,1.2475573577339085e-28,0,0,1.9302424306139455e-22
0.57299999999999995,0,0,0,1.859499883885289e-30,1.4469447354914468e-29,1.1851794898472131e-28,0,0,1.2600193644285479e-22
0.57350000000000001,0,0,0,1.7665248896910245e-30,1.3745974987168742e-29,1.1259205153548524e-28,0,0,8.2251264066863551e-23
0.57399999999999995,0,0,0,1.6781986452064734e-30,1.3058676237810306e-29,1.0696244895871097e-28,0,0,5.3691797376980383e-23
0.57450000000000001,0,0,0,1.5942887129461497e-30,1.2405742425919792e-29,1.0161432651077542e-28,0,0,3.5048812176639975e-23
0.57499999999999996,0,0,0,1.5145742772988422e-30,1.1785455304623801e-29,9.6533610185236669e-29,0,0,2.2879085726417763e-23
0.57550000000000001,0,0,0,1.4388455634339001e-30,1.1196182539392612e-29,9.1706929675974832e-29,0,0,1.4934958738078264e-23
0.57599999999999996,0,0,0,1.3669032852622051e-30,1.0636373412422981e-29,8.7121583192176082e-29,0,0,9.7492091762455339e-24
0.57650000000000001,0,0,0,1.2985581209990948e-30,1.0104554741801831e-29,8.2765504032567282e-29,0,0,6.3640671011602797e-24
0.57699999999999996,0,0,0,1.2336302149491401e-30,9.5993270047117401e-30,7.8627228830938911e-29,0,0,4.1543215799240717e-24
0.57750000000000001,0,0,0,1.171948704201683e-30,9.1193606544761533e-30,7.4695867389391976e-29,0,0,2.7118488091171025e-24
0.57799999999999996,0,0,0,1.1133512689915989e-30,8.6633926217523457e-30,7.0961074019922373e-29,0,0,1.7702346392847751e-24
0.57850000000000001,0,0,0,1.057683705542019e-30,8.2302229906647295e-30,6.7413020318926265e-29,0,0,1.1555698339775616e-24
0.57899999999999996,0,0,0,1.0047995202649181e-30,7.8187118411314937e-30,6.4042369302979957e-29,0,0,7.5433030829090834e-25
0.57950000000000002,0,0,0,9.5455954425167237e-31,7.4277762490749195e-30,6.084025083783096e-29,0,0,4.9241006235656519e-25
0.57999999999999996,0,0,0,9.0683156703908865e-31,7.0563874366211731e-30,5.7798238295939417e-29,0,0,3.2143434626053561e-25
0.58050000000000002,0,0,0,8.6148998868713419e-31,6.7035680647901149e-30,5.4908326381142435e-29,0,0,2.0982519825340517e-25
0.58099999999999996,0,0,0,8.184154892527775e-31,6.3683896615506094e-30,5.2162910062085323e-29,0,0,1.369692266376395e-25
0.58150000000000002,0,0,0,7.7749471479013866e-31,6.0499701784730781e-30,4.9554764558981049e-29,0,0,8.9410467388459123e-26
0.58199999999999996,0,0,0,7.3861997905063178e-31,5.7474716695494244e-30,4.7077026331032001e-29,0,0,5.8365166211910827e-26
0.58250000000000002,0,0,0,7.0168898009810023e-31,5.4600980860719534e-30,4.4723175014480405e-29,0,0,3.8099483499441794e-26
0.58299999999999996,0,0,0,6.6660453109319519e-31,5.1870931817683551e-30,4.2487016263756382e-29,0,0,2.4870496173246728e-26
0.58350000000000002,0,0,0,6.3327430453853538e-31,4.9277385226799374e-30,4.0362665450568557e-29,0,0,1.6234907224202727e-26
0.58399999999999996,0,0,0,6.0161058931160856e-31,4.6813515965459404e-30,3.8344532178040134e-29,0,0,1.0597786660243448e-26
0.58450000000000002,0,0,0,5.7153005984602808e-31,4.4472840167186432e-30,3.6427305569138125e-29,0,0,6.917999625436696e-27
0.58499999999999996,0,0,0,5.429535568537266e-31,4.2249198158827109e-30,3.4605940290681213e-29,0,0,4.5159164221600659e-27
0.58550000000000002,0,0,0,5.1580587901104029e-31,4.013673825088575e-30,3.287564327614715e-29,0,0,2.9478898866878211e-27
0.58599999999999997,0,0,0,4.9001558506048825e-31,3.812990133834146e-30,3.1231861112339791e-29,0,0,1.9243170093656613e-27
0.58650000000000002,0,0,0,4.6551480580746385e-31,3.6223406271424392e-30,2.96702680567228e-29,0,0,1.2561513811136957e-27
0.58699999999999997,0,0,0,4.4223906551709068e-31,3.4412235957853167e-30,2.818675465388666e-29,0,0,8.1998770711588485e-28
0.58750000000000002,0,0,0,4.2012711224123615e-31,3.2691624159960509e-30,2.6777416921192329e-29,0,0,5.3526975325620262e-28
0.58799999999999997,0,0,0,3.9912075662917433e-31,3.1057042951962485e-30,2.5438546075132707e-29,0,0,3.494122000422434e-28
0.58850000000000002,0,0,0,3.7916471879771565e-31,2.9504190804364363e-30,2.4166618771376074e-29,0,0,2.2808851947201998e-28
0.58899999999999997,0,0,0,3.6020648285782986e-31,2.8028981264146146e-30,2.2958287832807273e-29,0,0,1.4889111687756861e-28
0.58950000000000002,0,0,0,3.4219615871493838e-31,2.6627532200938837e-30,2.1810373441166908e-29,0,0,9.7192812406190629e-29
0.58999999999999997,0,0,0,3.2508635077919144e-31,2.5296155590891899e-30,2.0719854769108563e-29,0,0,6.3445308098485553e-29
0.59050000000000002,0,0,0,3.0883203324023192e-31,2.4031347811347305e-30,1.9683862030653134e-29,0,0,4.1415687230955852e-29
0.59099999999999997,0,0,0,2.9339043157822032e-31,2.2829780420779938e-30,1.8699668929120479e-29,0,0,2.7035240275762846e-29
0.59150000000000003,0,0,0,2.7872090999930929e-31,2.1688291399740944e-30,1.7764685482664455e-29,0,0,1.7648004068900748e-29
0.59199999999999997,0,0,0,2.6478486449934386e-31,2.0603876829753896e-30,1.6876451208531234e-29,0,0,1.1520224878310211e-29
0.59250000000000003,0,0,0,2.5154562127437662e-31,1.9573682988266202e-30,1.6032628648104671e-29,0,0,7.5201467955636099e-30
0.59299999999999997,0,0,0,2.3896834021065779e-31,1.859499883885289e-30,1.5230997215699437e-29,0,0,4.9089847137706899e-30
0.59350000000000003,0,0,0,2.2701992320012492e-31,1.7665248896910245e-30,1.4469447354914468e-29,0,0,3.2044761326003114e-30
0.59399999999999997,0,0,0,2.1566892704011867e-31,1.6781986452064734e-30,1.3745974987168742e-29,0,0,2.0918108087807589e-30
0.59450000000000003,0,0,0,2.0488548068811276e-31,1.5942887129461497e-30,1.3058676237810306e-29,0,0,1.3654876112874399e-30
0.59499999999999997,0,0,0,1.9464120665370712e-31,1.5145742772988422e-30,1.2405742425919792e-29,0,0,8.9135996847930101e-31
0.59550000000000003,0,0,0,1.8490914632102173e-31,1.4388455634339001e-30,1.1785455304623801e-29,0,0,5.8185997942398824e-31
0.59599999999999997,0,0,0,1.7566368900497067e-31,1.3669032852622051e-30,1.1196182539392612e-29,0,0,3.7982526434621455e-31
0.59650000000000003,0,0,0,1.6688050455472213e-31,1.2985581209990948e-30,1.0636373412422981e-29,0,0,2.4794149200377898e-31
0.59699999999999998,0,0,0,1.5853647932698602e-31,1.2336302149491401e-30,1.0104554741801831e-29,0,0,1.618506961691335e-31
0.59750000000000003,0,0,0,1.5060965536063674e-31,1.171948704201683e-30,9.5993270047117401e-30,0,0,1.0565253777707325e-31
0.59799999999999998,0,0,0,1.4307917259260488e-31,1.1133512689915989e-30,9.1193606544761533e-30,0,0,6.8967628826700593e-32
0.59850000000000003,0,0,0,1.3592521396297463e-31,1.057683705542019e-30,8.6633926217523457e-30,0,0,4.502053548409622e-32
0.59899999999999998,0,0,0,1.2912895326482591e-31,1.0047995202649181e-30,8.2302229906647295e-30,0,0,2.9388405107673925e-32
0.59950000000000003,0,0,0,1.226725056015846e-31,9.5455954425167237e-31,7.8187118411314937e-30,0,0,1.9184097778620479e-32
0.59999999999999998,0,0,0,1.1653888032150537e-31,9.0683156703908865e-31,7.4277762490749195e-30,0,0,1.2522952716599481e-32
0.60050000000000003,0,0,0,1.1071193630543011e-31,8.6148998868713419e-31,7.0563874366211731e-30,0,0,8.1747052455579947e-33
0.60099999999999998,0,0,0,1.0517633949015862e-31,8.184154892527775e-31,6.7035680647901149e-30,0,0,5.3362659241836908e-33
0.60150000000000003,0,0,0,9.9917522515650673e-32,7.7749471479013866e-31,6.3683896615506094e-30,0,0,3.4833958116199094e-33
0.60199999999999998,0,0,0,9.4921646389868142e-32,7.3861997905063178e-31,6.0499701784730781e-30,0,0,2.2738833770296631e-33
0.60250000000000004,0,0,0,9.0175564070374735e-32,7.0168898009810023e-31,5.7474716695494244e-30,0,0,1.4843405377832523e-33
0.60299999999999998,0,0,0,8.5666785866855994e-32,6.6660453109319519e-31,5.4600980860719534e-30,0,0,9.6894451771962311e-34
0.60350000000000004,0,0,0,8.1383446573513198e-32,6.3327430453853538e-31,5.1870931817683551e-30,0,0,6.3250544906697621e-34
0.60399999999999998,0,0,0,7.7314274244837533e-32,6.0161058931160856e-31,4.9277385226799374e-30,0,0,4.1288550147427613e-34
0.60450000000000004,0,0,0,7.3448560532595663e-32,5.7153005984602808e-31,4.6813515965459404e-30,0,0,2.695224801290414e-34
0.60499999999999998,0,0,0,6.9776132505965888e-32,5.429535568537266e-31,4.4472840167186432e-30,0,0,1.7593828563979091e-34
0.60550000000000004,0,0,0,6.6287325880667588e-32,5.1580587901104029e-31,4.2249198158827109e-30,0,0,1.1484860312597462e-34
0.60599999999999998,0,0,0,6.2972959586634217e-32,4.9001558506048825e-31,4.013673825088575e-30,0,0,7.497061592945566e-35
0.60650000000000004,0,0,0,5.9824311607302505e-32,4.6551480580746385e-31,3.812990133834146e-30,0,0,4.893915206506134e-35
0.60699999999999998,0,0,0,5.6833096026937387e-32,4.4223906551709068e-31,3.6223406271424392e-30,0,0,3.1946390931359488e-35
0.60750000000000004,0,0,0,5.3991441225590522e-32,4.2012711224123615e-31,3.4412235957853167e-30,0,0,2.0853894080193e-35
0.60799999999999998,0,0,0,5.1291869164310999e-32,3.9912075662917433e-31,3.2691624159960509e-30,0,0,1.3612958635681543e-35
0.60850000000000004,0,0,0,4.8727275706095447e-32,3.7916471879771565e-31,3.1057042951962485e-30,0,0,8.8862368871810076e-36
0.60899999999999999,0,0,0,4.6290911920790675e-32,3.6020648285782986e-31,2.9504190804364363e-30,0,0,5.8007379680209361e-36
0.60950000000000004,0,0,0,4.3976366324751142e-32,3.4219615871493838e-31,2.8028981264146146e-30,0,0,3.7865928402358895e-36
0.60999999999999999,0,0,0,4.1777548008513586e-32,3.2508635077919144e-31,2.6627532200938837e-30,0,0,2.4718036595984279e-36
0.61050000000000004,0,0,0,3.9688670608087908e-32,3.0883203324023192e-31,2.5296155590891899e-30,0,0,1.6135385000156404e-36
0.61099999999999999,0,0,0,3.7704237077683513e-32,2.9339043157822032e-31,2.4031347811347305e-30,0,0,1.0532820763990987e-36
0.61150000000000004,0,0,0,3.5819025223799335e-32,2.7872090999930929e-31,2.2829780420779938e-30,0,0,6.8755913320496722e-37
0.61199999999999999,0,0,0,3.4028073962609367e-32,2.6478486449934386e-31,2.1688291399740944e-30,0,0,4.4882332306435361e-37
0.61250000000000004,0,0,0,3.2326670264478897e-32,2.5154562127437662e-31,2.0603876829753896e-30,0,0,2.9298189144478643e-37
0.61299999999999999,0,0,0,3.071033675125495e-32,2.3896834021065779e-31,1.9573682988266202e-30,0,0,1.9125206802645784e-37
0.61350000000000005,0,0,0,2.9174819913692201e-32,2.2701992320012492e-31,1.859499883885289e-30,0,0,1.2484509996171554e-37
0.61399999999999999,0,0,0,2.7716078918007592e-32,2.1566892704011867e-31,1.7665248896910245e-30,0,0,8.1496106919453203e-38
0.61450000000000005,0,0,0,2.6330274972107212e-32,2.0488548068811276e-31,1.6781986452064734e-30,0,0,5.3198847572420852e-38
0.61499999999999999,0,0,0,2.5013761223501853e-32,1.9464120665370712e-31,1.5942887129461497e-30,0,0,3.4727025498663613e-38
0.61550000000000005,0,0,0,2.3763073162326762e-32,1.8490914632102173e-31,1.5145742772988422e-30,0,0,2.2669030533849861e-38
0.61599999999999999,0,0,0,2.2574919504210423e-32,1.7566368900497067e-31,1.4388455634339001e-30,0,0,1.4797839376263103e-38
0.61650000000000005,0,0,0,2.1446173528999901e-32,1.6688050455472213e-31,1.3669032852622051e-30,0,0,9.6597007039495259e-39
0.61699999999999999,0,0,0,2.0373864852549907e-32,1.5853647932698602e-31,1.2985581209990948e-30,0,0,6.3056379595226074e-39
0.61750000000000005,0,0,0,1.9355171609922411e-32,1.5060965536063674e-31,1.2336302149491401e-30,0,0,4.1161803346883693e-39
0.61799999999999999,0,0,0,1.8387413029426292e-32,1.4307917259260488e-31,1.171948704201683e-30,0,0,2.6869510518104634e-39
0.61850000000000005,0,0,0,1.7468042377954979e-32,1.3592521396297463e-31,1.1133512689915989e-30,0,0,1.7539819365984971e-39
0.61899999999999999,0,0,0,1.659464025905723e-32,1.2912895326482591e-31,1.057683705542019e-30,0,0,1.1449604308351302e-39
0.61950000000000005,0,0,0,1.5764908246104369e-32,1.226725056015846e-31,1.0047995202649181e-30,0,0,7.4740472568404348e-40
0.62,0,0,0,1.4976662833799149e-32,1.1653888032150537e-31,9.5455954425167237e-31,0,0,4.878891959326395e-40
0.62050000000000005,0,0,0,1.4227829692109192e-32,1.1071193630543011e-31,9.0683156703908865e-31,0,0,3.1848322512269525e-40
0.621,0,0,0,1.3516438207503733e-32,1.0517633949015862e-31,8.6148998868713419e-31,0,0,2.0789877195509274e-40
0.62150000000000005,0,0,0,1.2840616297128548e-32,9.9917522515650673e-32,8.184154892527775e-31,0,0,1.3571169835957443e-40
0.622,0,0,0,1.2198585482272119e-32,9.4921646389868142e-32,7.7749471479013866e-31,0,0,8.8589580873611091e-41
0.62250000000000005,0,0,0,1.1588656208158513e-32,9.0175564070374735e-32,7.3861997905063178e-31,0,0,5.7829309736940579e-41
0.623,0,0,0,1.1009223397750588e-32,8.5666785866855994e-32,7.0168898009810023e-31,0,0,3.7749688300502878e-41
0.62350000000000005,0,0,0,1.0458762227863057e-32,8.1383446573513198e-32,6.6660453109319519e-31,0,0,2.4642157640606049e-41
0.624,0,0,0,9.935824116469905e-33,7.7314274244837533e-32,6.3327430453853538e-31,0,0,1.6085852904284504e-41
0.62450000000000006,0,0,0,9.4390329106464097e-33,7.3448560532595663e-32,6.0161058931160856e-31,0,0,1.0500487312519052e-41
0.625,0,0,0,8.967081265114088e-33,6.9776132505965888e-32,5.7153005984602808e-31,0,0,6.8544847734499365e-42
0.62549999999999994,0,0,0,8.5187272018583844e-33,6.6287325880667588e-32,5.429535568537266e-31,0,0,4.4744553382242644e-42
0.626,0,0,0,8.0927908417654656e-33,6.2972959586634217e-32,5.1580587901104029e-31,0,0,2.9208250124519502e-42
0.62649999999999995,0,0,0,7.6881512996771924e-33,5.9824311607302505e-32,4.9001558506048825e-31,0,0,1.9066496609061343e-42
0.627,0,0,0,7.303743734693333e-33,5.6833096026937387e-32,4.6551480580746385e-31,0,0,1.2446185286470601e-42
0.62749999999999995,0,0,0,6.938556547958666e-33,5.3991441225590522e-32,4.4223906551709068e-31,0,0,8.1245931731127528e-43
0.628,0,0,0,6.591628720560733e-33,5.1291869164310999e-32,4.2012711224123615e-31,0,0,5.3035538768930472e-43
0.62849999999999995,0,0,0,6.2620472845326962e-33,4.8727275706095447e-32,3.9912075662917433e-31,0,0,3.4620421140829614e-43
0.629,0,0,0,5.9489449203060617e-33,4.6290911920790675e-32,3.7916471879771565e-31,0,0,2.2599441578041555e-43
0.62949999999999995,0,0,0,5.6514976742907589e-33,4.3976366324751142e-32,3.6020648285782986e-31,0,0,1.4752413252332683e-43
0.63,0,0,0,5.3689227905762207e-33,4.1777548008513586e-32,3.4219615871493838e-31,0,0,9.6300475397171687e-44
0.63049999999999995,0,0,0,5.1004766510474099e-33,3.9688670608087908e-32,3.2508635077919144e-31,0,0,6.2862810328709295e-44
0.63100000000000001,0,0,0,4.8454528184950391e-33,3.7704237077683513e-32,3.0883203324023192e-31,0,0,4.1035445631240794e-44
0.63149999999999995,0,0,0,4.6031801775702871e-33,3.5819025223799335e-32,2.9339043157822032e-31,0,0,2.678702700928219e-44
0.63200000000000001,0,0,0,4.3730211686917724e-33,3.4028073962609367e-32,2.7872090999930929e-31,0,0,1.7485975964392543e-44
0.63249999999999995,0,0,0,4.1543701102571839e-33,3.2326670264478897e-32,2.6478486449934386e-31,0,0,1.14144565323118e-44
0.63300000000000001,0,0,0,3.9466516047443247e-33,3.071033675125495e-32,2.5154562127437662e-31,0,0,7.4511035697035365e-45
0.63349999999999995,0,0,0,3.749319024507108e-33,2.9174819913692201e-32,2.3896834021065779e-31,0,0,4.8639148302231423e-45
0.63400000000000001,0,0,0,3.5618530732817526e-33,2.7716078918007592e-32,2.2701992320012492e-31,0,0,3.1750555141734403e-45
0.63449999999999995,0,0,0,3.3837604196176647e-33,2.6330274972107212e-32,2.1566892704011867e-31,0,0,2.0726056828632183e-45
0.63500000000000001,0,0,0,3.2145723986367814e-33,2.5013761223501853e-32,2.0488548068811276e-31,0,0,1.3529509318690453e-45
0.63549999999999995,0,0,0,3.0538437787049421e-33,2.3763073162326762e-32,1.9464120665370712e-31,0,0,8.8317630274784908e-46
0.63600000000000001,0,0,0,2.9011515897696952e-33,2.2574919504210423e-32,1.8490914632102173e-31,0,0,5.7651786429373486e-46
0.63649999999999995,0,0,0,2.7560940102812105e-33,2.1446173528999901e-32,1.7566368900497067e-31,0,0,3.7633805030285473e-46
0.63700000000000001,0,0,0,2.6182893097671497e-33,2.0373864852549907e-32,1.6688050455472213e-31,0,0,2.4566511616991906e-46
0.63749999999999996,0,0,0,2.4873748442787922e-33,1.9355171609922411e-32,1.5853647932698602e-31,0,0,1.603647286109194e-46
0.63800000000000001,0,0,0,2.3630061020648528e-33,1.8387413029426292e-32,1.5060965536063674e-31,0,0,1.0468253117657238e-46
0.63849999999999996,0,0,0,2.24485579696161e-33,1.7468042377954979e-32,1.4307917259260488e-31,0,0,6.8334430073595869e-47
0.63900000000000001,0,0,0,2.1326130071135296e-33,1.659464025905723e-32,1.3592521396297463e-31,0,0,4.4607197409152861e-47
0.63949999999999996,0,0,0,2.0259823567578532e-33,1.5764908246104369e-32,1.2912895326482591e-31,0,0,2.9118587197641453e-47
0.64000000000000001,0,0,0,1.9246832389199607e-33,1.4976662833799149e-32,1.226725056015846e-31,0,0,1.9007966642904838e-47
0.64049999999999996,0,0,0,1.8284490769739626e-33,1.4227829692109192e-32,1.1653888032150537e-31,0,0,1.2407978225229548e-47
0.64100000000000001,0,0,0,1.7370266231252643e-33,1.3516438207503733e-32,1.1071193630543011e-31,0,0,8.0996524525804001e-48
0.64149999999999996,0,0,0,1.6501752919690012e-33,1.2840616297128548e-32,1.0517633949015862e-31,0,0,5.2872731287677612e-48
0.64200000000000002,0,0,0,1.567666527370551e-33,1.2198585482272119e-32,9.9917522515650673e-32,0,0,3.4514144035011778e-48
0.64249999999999996,0,0,0,1.4892832010020236e-33,1.1588656208158513e-32,9.4921646389868142e-32,0,0,2.2530066245077136e-48
0.64300000000000002,0,0,0,1.4148190409519225e-33,1.1009223397750588e-32,9.0175564070374735e-32,0,0,1.4707126576647577e-48
0.64349999999999996,0,0,0,1.3440780889043263e-33,1.0458762227863057e-32,8.5666785866855994e-32,0,0,9.6004854042005024e-49
0.64400000000000002,0,0,0,1.2768741844591099e-33,9.935824116469905e-33,8.1383446573513198e-32,0,0,6.2669835277419955e-49
0.64449999999999996,0,0,0,1.2130304752361544e-33,9.4390329106464097e-33,7.7314274244837533e-32,0,0,4.0909475806093585e-49
0.64500000000000002,0,0,0,1.1523789514743466e-33,8.967081265114088e-33,7.3448560532595663e-32,0,0,2.6704796706755536e-49
0.64549999999999996,0,0,0,1.0947600039006294e-33,8.5187272018583844e-33,6.9776132505965888e-32,0,0,1.7432297850243197e-49
0.64600000000000002,0,0,0,1.0400220037055978e-33,8.0927908417654656e-33,6.6287325880667588e-32,0,0,1.1379416652242087e-49
0.64649999999999996,0,0,0,9.8802090352031795e-34,7.6881512996771924e-33,6.2972959586634217e-32,0,0,7.4282303146580292e-50
0.64700000000000002,0,0,0,9.3861985834430215e-34,7.303743734693333e-33,5.9824311607302505e-32,0,0,4.8489836776239918e-50
0.64749999999999996,0,0,0,8.9168886542708696e-34,6.938556547958666e-33,5.6833096026937387e-32,0,0,3.1653087895601061e-50
0.64800000000000002,0,0,0,8.4710442215573271e-34,6.591628720560733e-33,5.3991441225590522e-32,0,0,2.0662432376295138e-50
0.64849999999999997,0,0,0,8.0474920104794613e-34,6.2620472845326962e-33,5.1291869164310999e-32,0,0,1.348797669008155e-50
0.64900000000000002,0,0,0,7.645117409955488e-34,5.9489449203060617e-33,4.8727275706095447e-32,0,0,8.8046514504699005e-51
0.64949999999999997,0,0,0,7.262861539457714e-34,5.6514976742907589e-33,4.6290911920790675e-32,0,0,5.7474808079456298e-51
0.65000000000000002,0,0,0,6.899718462484828e-34,5.3689227905762207e-33,4.3976366324751142e-32,0,0,3.7518277496311752e-51
0.65049999999999997,0,0,0,6.554732539360587e-34,5.1004766510474099e-33,4.1777548008513586e-32,0,0,2.4491097810092395e-51
0.65100000000000002,0,0,0,6.2269959123925575e-34,4.8454528184950391e-33,3.9688670608087908e-32,0,0,1.5987244403810316e-51
0.65149999999999997,0,0,0,5.9156461167729292e-34,4.6031801775702871e-33,3.7704237077683513e-32,0,0,1.0436117874709512e-51
0.65200000000000002,0,0,0,5.619863810934283e-34,4.3730211686917724e-33,3.5819025223799335e-32,0,0,6.8124658348798213e-52
0.65249999999999997,0,0,0,5.3388706203875686e-34,4.1543701102571839e-33,3.4028073962609367e-32,0,0,4.447026308879884e-52
0.65300000000000002,0,0,0,5.0719270893681897e-34,3.9466516047443247e-33,3.2326670264478897e-32,0,0,2.9029199516299245e-52
0.65349999999999997,0,0,0,4.8183307348997809e-34,3.749319024507108e-33,3.071033675125495e-32,0,0,1.8949616350917562e-52
0.65400000000000003,0,0,0,4.5774141981547924e-34,3.5618530732817526e-33,2.9174819913692201e-32,0,0,1.236988845129341e-52
0.65449999999999997,0,0,0,4.348543488247052e-34,3.3837604196176647e-33,2.7716078918007592e-32,0,0,8.0747882945943094e-53
0.65500000000000003,0,0,0,4.1311163138346995e-34,3.2145723986367814e-33,2.6330274972107212e-32,0,0,5.2710423589712853e-53
0.65549999999999997,0,0,0,3.9245604981429643e-34,3.0538437787049421e-33,2.5013761223501853e-32,0,0,3.4408193176618117e-53
0.65600000000000003,0,0,0,3.7283324732358161e-34,2.9011515897696952e-33,2.3763073162326762e-32,0,0,2.2460903879181272e-53
0.65649999999999997,0,0,0,3.5419158495740251e-34,2.7560940102812105e-33,2.2574919504210423e-32,0,0,1.4661978921132219e-53
0.65700000000000003,0,0,0,3.3648200570953239e-34,2.6182893097671497e-33,2.1446173528999901e-32,0,0,9.5710140179613096e-54
0.65749999999999997,0,0,0,3.1965790542405578e-34,2.4873748442787922e-33,2.0373864852549907e-32,0,0,6.2477452617247442e-54
0.65800000000000003,0,0,0,3.0367501015285297e-34,2.3630061020648528e-33,1.9355171609922411e-32,0,0,4.0783892680703194e-54
0.65849999999999997,0,0,0,2.8849125964521035e-34,2.24485579696161e-33,1.8387413029426292e-32,0,0,2.6622818833236808e-54
0.65900000000000003,0,0,0,2.7406669666294982e-34,2.1326130071135296e-33,1.7468042377954979e-32,0,0,1.7378784516140695e-54
0.65949999999999998,0,0,0,2.603633618298023e-34,2.0259823567578532e-33,1.659464025905723e-32,0,0,1.1344484336925177e-54
0.66000000000000003,0,0,0,2.4734519373831221e-34,1.9246832389199607e-33,1.5764908246104369e-32,0,0,7.4054272754928246e-55
0.66049999999999998,0,0,0,2.3497793405139656e-34,1.8284490769739626e-33,1.4976662833799149e-32,0,0,4.8340983603911495e-55
0.66100000000000003,0,0,0,2.2322903734882678e-34,1.7370266231252643e-33,1.4227829692109192e-32,0,0,3.1555919852553338e-55
0.66149999999999998,0,0,0,2.1206758548138546e-34,1.6501752919690012e-33,1.3516438207503733e-32,0,0,2.0599003237083428e-55
0.66200000000000003,0,0,0,2.0146420620731618e-34,1.567666527370551e-33,1.2840616297128548e-32,0,0,1.3446571557540573e-55
0.66249999999999998,0,0,0,1.9139099589695037e-34,1.4892832010020236e-33,1.2198585482272119e-32,0,0,8.7776231000612072e-56
0.66300000000000003,0,0,0,1.8182144610210286e-34,1.4148190409519225e-33,1.1588656208158513e-32,0,0,5.7298373014288438e-56
0.66349999999999998,0,0,0,1.7273037379699772e-34,1.3440780889043263e-33,1.1009223397750588e-32,0,0,3.7403104606549399e-56
0.66400000000000003,0,0,0,1.6409385510714783e-34,1.2768741844591099e-33,1.0458762227863057e-32,0,0,2.4415915507053082e-56
0.66449999999999998,0,0,0,1.5588916235179045e-34,1.2130304752361544e-33,9.935824116469905e-33,0,0,1.5938167067104097e-56
0.66500000000000004,0,0,0,1.4809470423420094e-34,1.1523789514743466e-33,9.4390329106464097e-33,0,0,1.0404081279915176e-56
0.66549999999999998,0,0,0,1.406899690224909e-34,1.0947600039006294e-33,8.967081265114088e-33,0,0,6.7915530577224071e-57
0.66600000000000004,0,0,0,1.3365547057136634e-34,1.0400220037055978e-33,8.5187272018583844e-33,0,0,4.433374912679905e-57
0.66649999999999998,0,0,0,1.2697269704279804e-34,9.8802090352031795e-34,8.0927908417654656e-33,0,0,2.8940086235549378e-57
0.66700000000000004,0,0,0,1.2062406219065812e-34,9.3861985834430215e-34,7.6881512996771924e-33,0,0,1.8891445181539179e-57
0.66749999999999998,0,0,0,1.1459285908112522e-34,8.9168886542708696e-34,7.303743734693333e-33,0,0,1.2331915604615853e-57
0.66800000000000004,0,0,0,1.0886321612706897e-34,8.4710442215573271e-34,6.938556547958666e-33,0,0,8.0500004641242372e-58
0.66849999999999998,0,0,0,1.0342005532071551e-34,8.0474920104794613e-34,6.591628720560733e-33,0,0,5.2548614140810991e-58
0.66900000000000004,0,0,0,9.8249052554679743e-35,7.645117409955488e-34,6.2620472845326962e-33,0,0,3.4302567564140511e-58
0.66949999999999998,0,0,0,9.3336599926945745e-35,7.262861539457714e-34,5.9489449203060617e-33,0,0,2.2391953826591725e-58
0.67000000000000004,0,0,0,8.8669769930598469e-35,6.899718462484828e-34,5.6514976742907589e-33,0,0,1.4616969859025153e-58
0.67049999999999998,0,0,0,8.4236281434068548e-35,6.554732539360587e-34,5.3689227905762207e-33,0,0,9.5416331024191975e-59
0.67100000000000004,0,0,0,8.0024467362365124e-35,6.2269959123925575e-34,5.1004766510474099e-33,0,0,6.2285660529680881e-59
0.67149999999999999,0,0,0,7.6023243994246869e-35,5.9156461167729292e-34,4.8454528184950391e-33,0,0,4.0658695067986134e-59
0.67200000000000004,0,0,0,7.2222081794534529e-35,5.619863810934283e-34,4.6031801775702871e-33,0,0,2.6541092613824281e-59
0.67249999999999999,0,0,0,6.8610977704807808e-35,5.3388706203875686e-34,4.3730211686917724e-33,0,0,1.7325435456246407e-59
0.67300000000000004,0,0,0,6.518042881956742e-35,5.0719270893681897e-34,4.1543701102571839e-33,0,0,1.1309659256160851e-59
0.67349999999999999,0,0,0,6.192140737858905e-35,4.8183307348997809e-34,3.9466516047443247e-33,0,0,7.3826942366605549e-60
0.67400000000000004,0,0,0,5.8825337009659604e-35,4.5774141981547924e-34,3.749319024507108e-33,0,0,4.8192587378200848e-60
0.67449999999999999,0,0,0,5.5884070159176623e-35,4.348543488247052e-34,3.5618530732817526e-33,0,0,3.1459050094103337e-60
0.67500000000000004,0,0,0,5.3089866651217796e-35,4.1311163138346995e-34,3.3837604196176647e-33,0,0,2.053576881142857e-60
0.67549999999999999,0,0,0,5.0435373318656898e-35,3.9245604981429643e-34,3.2145723986367814e-33,0,0,1.3405293529682539e-60
0.67600000000000005,0,0,0,4.791360465272406e-35,3.7283324732358161e-34,3.0538437787049421e-33,0,0,8.7506777207649913e-61
0.67649999999999999,0,0,0,4.5517924420087853e-35,3.5419158495740251e-34,2.9011515897696952e-33,0,0,5.7122479566104811e-61
0.67700000000000005,0,0,0,4.3242028199083462e-35,3.3648200570953239e-34,2.7560940102812105e-33,0,0,3.7288285272318426e-61
0.67749999999999999,0,0,0,4.107992678912929e-35,3.1965790542405578e-34,2.6182893097671497e-33,0,0,2.4340963997207863e-61
0.67800000000000005,0,0,0,3.9025930449672825e-35,3.0367501015285297e-34,2.4873748442787922e-33,0,0,1.5889240387066245e-61
0.67849999999999999,0,0,0,3.7074633927189179e-35,2.8849125964521035e-34,2.3630061020648528e-33,0,0,1.0372143030446022e-61
0.67900000000000005,0,0,0,3.5220902230829721e-35,2.7406669666294982e-34,2.24485579696161e-33,0,0,6.7707044782078202e-62
0.67949999999999999,0,0,0,3.3459857119288238e-35,2.603633618298023e-34,2.1326130071135296e-33,0,0,4.4197654232745493e-62
0.68000000000000005,0,0,0,3.1786864263323826e-35,2.4734519373831221e-34,2.0259823567578532e-33,0,0,2.8851246513042199e-62
0.68049999999999999,0,0,0,3.0197521050157634e-35,2.3497793405139656e-34,1.9246832389199607e-33,0,0,1.8833452584902548e-62
0.68100000000000005,0,0,0,2.868764499764975e-35,2.2322903734882678e-34,1.8284490769739626e-33,0,0,1.229405932625583e-62
0.68149999999999999,0,0,0,2.7253262747767262e-35,2.1206758548138546e-34,1.7370266231252643e-33,0,0,8.0252887268614451e-63
0.68200000000000005,0,0,0,2.5890599610378901e-35,2.0146420620731618e-34,1.6501752919690012e-33,0,0,5.2387301411456658e-63
0.6825,0,0,0,2.4596069629859954e-35,1.9139099589695037e-34,1.567666527370551e-33,0,0,3.4197266199145321e-63
0.68300000000000005,0,0,0,2.3366266148366959e-35,1.8182144610210286e-34,1.4892832010020236e-33,0,0,2.2323215435553196e-63
0.6835,0,0,0,2.2197952840948611e-35,1.7273037379699772e-34,1.4148190409519225e-33,0,0,1.4572098964875004e-63
0.68400000000000005,0,0,0,2.1088055198901181e-35,1.6409385510714783e-34,1.3440780889043263e-33,0,0,9.5123423798489612e-64
0.6845,0,0,0,2.003365243895612e-35,1.5588916235179045e-34,1.2768741844591099e-33,0,0,6.2094457201791828e-64
0.68500000000000005,0,0,0,1.9031969817008315e-35,1.4809470423420094e-34,1.2130304752361544e-33,0,0,4.0533881784503001e-64
0.6855,0,0,0,1.8080371326157898e-35,1.406899690224909e-34,1.1523789514743466e-33,0,0,2.6459617275995018e-64
0.68600000000000005,0,0,0,1.7176352759850003e-35,1.3365547057136634e-34,1.0947600039006294e-33,0,0,1.7272250166274526e-64
0.6865,0,0,0,1.6317535121857502e-35,1.2697269704279804e-34,1.0400220037055978e-33,0,0,1.1274941080762539e-64
0.68700000000000006,0,0,0,1.5501658365764628e-35,1.2062406219065812e-34,9.8802090352031795e-34,0,0,7.360030983275547e-65
0.6875,0,0,0,1.4726575447476397e-35,1.1459285908112522e-34,9.3861985834430215e-34,0,0,4.8044646696382048e-65
0.68799999999999994,0,0,0,1.3990246675102577e-35,1.0886321612706897e-34,8.9168886542708696e-34,0,0,3.1362477704582728e-65
0.6885,0,0,0,1.3290734341347448e-35,1.0342005532071551e-34,8.4710442215573271e-34,0,0,2.0472728501602618e-65
0.68899999999999995,0,0,0,1.2626197624280075e-35,9.8249052554679743e-35,8.0474920104794613e-34,0,0,1.3364142216323932e-65
0.6895,0,0,0,1.1994887743066071e-35,9.3336599926945745e-35,7.645117409955488e-34,0,0,8.7238150578781231e-66
0.68999999999999995,0,0,0,1.1395143355912769e-35,8.8669769930598469e-35,7.262861539457714e-34,0,0,5.6947126072259971e-66
0.6905,0,0,0,1.082538618811713e-35,8.4236281434068548e-35,6.899718462484828e-34,0,0,3.7173818408280818e-66
0.69099999999999995,0,0,0,1.0284116878711273e-35,8.0024467362365124e-35,6.554732539360587e-34,0,0,2.4266242572072205e-66
0.6915,0,0,0,9.7699110347757106e-36,7.6023243994246869e-35,6.2269959123925575e-34,0,0,1.5840463901213804e-66
0.69199999999999995,0,0,0,9.2814154830369252e-36,7.2222081794534529e-35,5.9156461167729292e-34,0,0,1.0340302824403456e-66
0.6925,0,0,0,8.8173447088850784e-36,6.8610977704807808e-35,5.619863810934283e-34,0,0,6.7499198992633673e-67
0.69299999999999995,0,0,0,8.3764774734408256e-36,6.518042881956742e-35,5.3388706203875686e-34,0,0,4.4061977120191425e-67
0.69350000000000001,0,0,0,7.9576535997687847e-36,6.192140737858905e-35,5.0719270893681897e-34,0,0,2.8762679509013848e-67
0.69399999999999995,0,0,0,7.5597709197803446e-36,5.8825337009659604e-35,4.8183307348997809e-34,0,0,1.8775638012828484e-67
0.69450000000000001,0,0,0,7.1817823737913264e-36,5.5884070159176623e-35,4.5774141981547924e-34,0,0,1.225631925837415e-67
0.69499999999999995,0,0,0,6.8226932551017617e-36,5.3089866651217796e-35,4.348543488247052e-34,0,0,8.0006528492164591e-68
0.69550000000000001,0,0,0,6.4815585923466722e-36,5.0435373318656898e-35,4.1311163138346995e-34,0,0,5.2226483876829672e-68
0.69599999999999995,0,0,0,6.1574806627293381e-36,4.791360465272406e-35,3.9245604981429643e-34,0,0,3.4092288086263814e-68
0.69650000000000001,0,0,0,5.8496066295928717e-36,4.5517924420087853e-35,3.7283324732358161e-34,0,0,2.2254688056311104e-68
0.69699999999999995,0,0,0,5.5571262981132277e-36,4.3242028199083462e-35,3.5419158495740251e-34,0,0,1.4527365814536415e-68
0.69750000000000001,0,0,0,5.2792699832075667e-36,4.107992678912929e-35,3.3648200570953239e-34,0,0,9.4831415733779379e-69
0.69799999999999995,0,0,0,5.0153064840471884e-36,3.9025930449672825e-35,3.1965790542405578e-34,0,0,6.1903840826217103e-69
0.69850000000000001,0,0,0,4.7645411598448286e-36,3.7074633927189179e-35,3.0367501015285297e-34,0,0,4.0409451650447282e-69
0.69899999999999995,0,0,0,4.5263141018525874e-36,3.5220902230829721e-35,2.8849125964521035e-34,0,0,2.6378392049597534e-69
0.69950000000000001,0,0,0,4.2999983967599576e-36,3.3459857119288238e-35,2.7406669666294982e-34,0,0,1.7219228143487279e-69
0.69999999999999996,0,0,0,4.0849984769219602e-36,3.1786864263323826e-35,2.603633618298023e-34,0,0,1.1240329482554197e-69
0.70050000000000001,0,0,0,3.8807485530758617e-36,3.0197521050157634e-35,2.4734519373831221e-34,0,0,7.3374373011117685e-70
0.70099999999999996,0,0,0,3.6867111254220694e-36,2.868764499764975e-35,2.3497793405139656e-34,0,0,4.7897160160035158e-70
0.70150000000000001,0,0,0,3.5023755691509659e-36,2.7253262747767262e-35,2.2322903734882678e-34,0,0,3.1266201771134063e-70
0.70199999999999996,0,0,0,3.3272567906934174e-36,2.5890599610378901e-35,2.1206758548138546e-34,0,0,2.0409881711712515e-70
0.70250000000000001,0,0,0,3.1608939511587468e-36,2.4596069629859954e-35,2.0146420620731618e-34,0,0,1.3323117228479003e-70
0.70299999999999996,0,0,0,3.0028492536008096e-36,2.3366266148366959e-35,1.9139099589695037e-34,0,0,8.6970348574793511e-71
0.70350000000000001,0,0,0,2.8527067909207692e-36,2.2197952840948611e-35,1.8182144610210286e-34,0,0,5.6772310875212437e-71
0.70399999999999996,0,0,0,2.7100714513747306e-36,2.1088055198901181e-35,1.7273037379699772e-34,0,0,3.7059702932430346e-71
0.70450000000000002,0,0,0,2.5745678788059939e-36,2.003365243895612e-35,1.6409385510714783e-34,0,0,2.4191750525336475e-71
0.70499999999999996,0,0,0,2.4458394848656942e-36,1.9031969817008315e-35,1.5588916235179045e-34,0,0,1.5791837148483533e-71
0.70550000000000002,0,0,0,2.3235475106224098e-36,1.8080371326157898e-35,1.4809470423420094e-34,0,0,1.030856036081564e-71
0.70599999999999996,0,0,0,2.2073701350912894e-36,1.7176352759850003e-35,1.406899690224909e-34,0,0,6.7291991244213212e-72
0.70650000000000002,0,0,0,2.0970016283367248e-36,1.6317535121857502e-35,1.3365547057136634e-34,0,0,4.3926716506639182e-72
0.70699999999999996,0,0,0,1.9921515469198884e-36,1.5501658365764628e-35,1.2697269704279804e-34,0,0,2.8674384386278355e-72
0.70750000000000002,0,0,0,1.892543969573894e-36,1.4726575447476397e-35,1.2062406219065812e-34,0,0,1.8718000918820593e-72
0.70799999999999996,0,0,0,1.7979167710951995e-36,1.3990246675102577e-35,1.1459285908112522e-34,0,0,1.2218695044230111e-72
0.70850000000000002,0,0,0,1.7080209325404399e-36,1.3290734341347448e-35,1.0886321612706897e-34,0,0,7.9760925983168785e-73
0.70899999999999996,0,0,0,1.6226198859134178e-36,1.2626197624280075e-35,1.0342005532071551e-34,0,0,5.2066160016790736e-73
0.70950000000000002,0,0,0,1.5414888916177469e-36,1.1994887743066071e-35,9.8249052554679743e-35,0,0,3.3987632233182841e-73
0.70999999999999996,0,0,0,1.4644144470368595e-36,1.1395143355912769e-35,9.3336599926945745e-35,0,0,2.2186371041105465e-73
0.71050000000000002,0,0,0,1.3911937246850164e-36,1.082538618811713e-35,8.8669769930598469e-35,0,0,1.4482769985166067e-73
0.71099999999999997,0,0,0,1.3216340384507657e-36,1.0284116878711273e-35,8.4236281434068548e-35,0,0,9.4540304069834054e-74
0.71150000000000002,0,0,0,1.2555523365282275e-36,9.7699110347757106e-36,8.0024467362365124e-35,0,0,6.1713809601141672e-74
0.71199999999999997,0,0,0,1.1927747197018161e-36,9.2814154830369252e-36,7.6023243994246869e-35,0,0,4.0285403489634151e-74
0.71250000000000002,0,0,0,1.1331359837167253e-36,8.8173447088850784e-36,7.2222081794534529e-35,0,0,2.6297416166844515e-74
0.71299999999999997,0,0,0,1.0764791845308891e-36,8.3764774734408256e-36,6.8610977704807808e-35,0,0,1.716636888669017e-74
0.71350000000000002,0,0,0,1.0226552253043447e-36,7.9576535997687847e-36,6.518042881956742e-35,0,0,1.1205824134367194e-74
0.71399999999999997,0,0,0,9.715224640391276e-37,7.5597709197803446e-36,6.192140737858905e-35,0,0,7.3149129766008077e-75
0.71450000000000002,0,0,0,9.2294634083717121e-37,7.1817823737913264e-36,5.8825337009659604e-35,0,0,4.7750126375033058e-75
0.71499999999999997,0,0,0,8.767990237953127e-37,6.8226932551017617e-36,5.5884070159176623e-35,0,0,3.1170221383702138e-75
0.71550000000000002,0,0,0,8.3295907260554705e-37,6.4815585923466722e-36,5.3089866651217796e-35,0,0,2.0347227847694451e-75
0.71599999999999997,0,0,0,7.9131111897526972e-37,6.1574806627293381e-36,5.0435373318656898e-35,0,0,1.3282218178356101e-75
0.71650000000000003,0,0,0,7.5174556302650616e-37,5.8496066295928717e-36,4.791360465272406e-35,0,0,8.6703368664269005e-76
0.71699999999999997,0,0,0,7.1415828487518086e-37,5.5571262981132277e-36,4.5517924420087853e-35,0,0,5.659803232250894e-76
0.71750000000000003,0,0,0,6.7845037063142183e-37,5.2792699832075667e-36,4.3242028199083462e-35,0,0,3.6945937766082229e-76
0.71799999999999997,0,0,0,6.4452785209985082e-37,5.0153064840471884e-36,4.107992678912929e-35,0,0,2.4117487152859235e-76
0.71850000000000003,0,0,0,6.1230145949485828e-37,4.7645411598448286e-36,3.9025930449672825e-35,0,0,1.5743359669227555e-76
0.71899999999999997,0,0,0,5.8168638652011532e-37,4.5263141018525874e-36,3.7074633927189179e-35,0,0,1.0276915339634656e-76
0.71950000000000003,0,0,0,5.526020671941096e-37,4.2999983967599576e-36,3.5220902230829721e-35,0,0,6.7085419578170674e-77
0.71999999999999997,0,0,0,5.2497196383440419e-37,4.0849984769219602e-36,3.3459857119288238e-35,0,0,4.3791871113528083e-77
0.72050000000000003,0,0,0,4.9872336564268396e-37,3.8807485530758617e-36,3.1786864263323826e-35,0,0,2.8586360310219723e-77
0.72099999999999997,0,0,0,4.7378719736054979e-37,3.6867111254220694e-36,3.0197521050157634e-35,0,0,1.8660540758060098e-77
0.72150000000000003,0,0,0,4.5009783749252224e-37,3.5023755691509659e-36,2.868764499764975e-35,0,0,1.218118632817812e-77
0.72199999999999998,0,0,0,4.2759294561789608e-37,3.3272567906934174e-36,2.7253262747767262e-35,0,0,7.9516077420051621e-78
0.72250000000000003,0,0,0,4.0621329833700126e-37,3.1608939511587468e-36,2.5890599610378901e-35,0,0,5.1906328315867035e-78
0.72299999999999998,0,0,0,3.8590263342015126e-37,3.0028492536008096e-36,2.4596069629859954e-35,0,0,3.3883297650635429e-78
0.72350000000000003,0,0,0,3.6660750174914368e-37,2.8527067909207692e-36,2.3366266148366959e-35,0,0,2.2118263744164795e-78
0.72399999999999998,0,0,0,3.4827712666168646e-37,2.7100714513747306e-36,2.2197952840948611e-35,0,0,1.4438311055218685e-78
0.72450000000000003,0,0,0,3.3086327032860218e-37,2.5745678788059939e-36,2.1088055198901181e-35,0,0,9.4250086054899753e-79
0.72499999999999998,0,0,0,3.1432010681217204e-37,2.4458394848656942e-36,2.003365243895612e-35,0,0,6.1524361730281779e-79
0.72550000000000003,0,0,0,2.9860410147156343e-37,2.3235475106224098e-36,1.9031969817008315e-35,0,0,4.0161736129489498e-79
0.72599999999999998,0,0,0,2.8367389639798526e-37,2.2073701350912894e-36,1.8080371326157898e-35,0,0,2.6216688862305646e-79
0.72650000000000003,0,0,0,2.6949020157808603e-37,2.0970016283367248e-36,1.7176352759850003e-35,0,0,1.7113671896227296e-79
0.72699999999999998,0,0,0,2.5601569149918167e-37,1.9921515469198884e-36,1.6317535121857502e-35,0,0,1.1171424710037263e-79
0.72750000000000004,0,0,0,2.432149069242226e-37,1.892543969573894e-36,1.5501658365764628e-35,0,0,7.29245779682988e-80
0.72799999999999998,0,0,0,2.3105416157801146e-37,1.7979167710951995e-36,1.4726575447476397e-35,0,0,4.7603543951528388e-80
0.72850000000000004,0,0,0,2.195014534991109e-37,1.7080209325404399e-36,1.3990246675102577e-35,0,0,3.1074535635025479e-80
0.72899999999999998,0,0,0,2.0852638082415534e-37,1.6226198859134178e-36,1.3290734341347448e-35,0,0,2.0284766317308301e-80
0.72950000000000004,0,0,0,1.9810006178294758e-37,1.5414888916177469e-36,1.2626197624280075e-35,0,0,1.324144467935403e-80
0.72999999999999998,0,0,0,1.8819505869380018e-37,1.4644144470368595e-36,1.1994887743066071e-35,0,0,8.6437208323561039e-81
0.73050000000000004,0,0,0,1.7878530575911018e-37,1.3911937246850164e-36,1.1395143355912769e-35,0,0,5.642428876676901e-81
0.73099999999999998,0,0,0,1.6984604047115466e-37,1.3216340384507657e-36,1.082538618811713e-35,0,0,3.6832521833863106e-81
0.73150000000000004,0,0,0,1.6135373844759694e-37,1.2555523365282275e-36,1.0284116878711273e-35,0,0,2.404345175266064e-81
0.73199999999999998,0,0,0,1.532860515252171e-37,1.1927747197018161e-36,9.7699110347757106e-36,0,0,1.5695031005209031e-81
0.73250000000000004,0,0,0,1.4562174894895625e-37,1.1331359837167253e-36,9.2814154830369252e-36,0,0,1.0245367461733674e-81
0.73299999999999998,0,0,0,1.3834066150150843e-37,1.0764791845308891e-36,8.8173447088850784e-36,0,0,6.6879482041872593e-82
0.73350000000000004,0,0,0,1.3142362842643301e-37,1.0226552253043447e-36,8.3764774734408256e-36,0,0,4.3657439666222388e-82
0.73399999999999999,0,0,0,1.2485244700511135e-37,9.715224640391276e-37,7.9576535997687847e-36,0,0,2.8498606448784061e-82
0.73450000000000004,0,0,0,1.1860982465485579e-37,9.2294634083717121e-37,7.5597709197803446e-36,0,0,1.8603256987400709e-82
0.73499999999999999,0,0,0,1.12679333422113e-37,8.767990237953127e-37,7.1817823737913264e-36,0,0,1.2143792755664351e-82
0.73550000000000004,0,0,0,1.0704536675100735e-37,8.3295907260554705e-37,6.8226932551017617e-36,0,0,7.9271980488364515e-83
0.73599999999999999,0,0,0,1.0169309841345698e-37,7.9131111897526972e-37,6.4815585923466722e-36,0,0,5.1746987263237951e-83
0.73650000000000004,0,0,0,9.6608443492784117e-38,7.5174556302650616e-37,6.1574806627293381e-36,0,0,3.3779283352391443e-83
0.73699999999999999,0,0,0,9.1778021318144925e-38,7.1415828487518086e-37,5.8496066295928717e-36,0,0,2.2050365521699972e-83
0.73750000000000004,0,0,0,8.7189120252237686e-38,6.7845037063142183e-37,5.5571262981132277e-36,0,0,1.4393988604443037e-83
0.73799999999999999,0,0,0,8.2829664239625799e-38,6.4452785209985082e-37,5.2792699832075667e-36,0,0,9.3960758945669845e-84
0.73850000000000005,0,0,0,7.8688181027644505e-38,6.1230145949485828e-37,5.0153064840471884e-36,0,0,6.1335495422867825e-84
0.73899999999999999,0,0,0,7.4753771976262282e-38,5.8168638652011532e-37,4.7645411598448286e-36,0,0,4.0038448401038722e-84
0.73950000000000005,0,0,0,7.1016083377449169e-38,5.526020671941096e-37,4.5263141018525874e-36,0,0,2.6136209372900277e-84
0.73999999999999999,0,0,0,6.7465279208576708e-38,5.2497196383440419e-37,4.2999983967599576e-36,0,0,1.7061136673976571e-84
0.74050000000000005,0,0,0,6.4092015248147871e-38,4.9872336564268396e-37,4.0849984769219602e-36,0,0,1.1137130884401373e-84
0.74099999999999999,0,0,0,6.0887414485740472e-38,4.7378719736054979e-37,3.8807485530758617e-36,0,0,7.2700715495397853e-85
0.74150000000000005,0,0,0,5.7843043761453453e-38,4.5009783749252224e-37,3.6867111254220694e-36,0,0,4.7457411503940268e-85
0.74199999999999999,0,0,0,5.4950891573380779e-38,4.2759294561789608e-37,3.5023755691509659e-36,0,0,3.0979143620627674e-85
0.74250000000000005,0,0,0,5.2203346994711734e-38,4.0621329833700126e-37,3.3272567906934174e-36,0,0,2.0222496530131955e-85
0.74299999999999999,0,0,0,4.9593179644976148e-38,3.8590263342015126e-37,3.1608939511587468e-36,0,0,1.3200796346058362e-85
0.74350000000000005,0,0,0,4.7113520662727347e-38,3.6660750174914368e-37,3.0028492536008096e-36,0,0,8.6171865036769869e-86
0.74399999999999999,0,0,0,4.475784462959098e-38,3.4827712666168646e-37,2.8527067909207692e-36,0,0,5.6251078565669224e-86
0.74450000000000005,0,0,0,4.251995239811143e-38,3.3086327032860218e-37,2.7100714513747306e-36,0,0,3.6719454063700746e-86
0.745,0,0,0,4.0393954778205857e-38,3.1432010681217204e-37,2.5745678788059939e-36,0,0,2.3969643624915768e-86
0.74550000000000005,0,0,0,3.8374257039295568e-38,2.9860410147156343e-37,2.4458394848656942e-36,0,0,1.5646850699597794e-86
0.746,0,0,0,3.6455544187330789e-38,2.8367389639798526e-37,2.3235475106224098e-36,0,0,1.0213916428904116e-86
0.74650000000000005,0,0,0,3.4632766977964248e-38,2.6949020157808603e-37,2.2073701350912894e-36,0,0,6.6674176688679647e-87
0.747,0,0,0,3.2901128629066042e-38,2.5601569149918167e-37,2.0970016283367248e-36,0,0,4.3523420893999211e-87
0.74750000000000005,0,0,0,3.125607219761274e-38,2.432149069242226e-37,1.9921515469198884e-36,0,0,2.8411121972471711e-87
0.748,0,0,0,2.9693268587732097e-38,2.3105416157801146e-37,1.892543969573894e-36,0,0,1.8546149065363479e-87
0.74850000000000005,0,0,0,2.8208605158345491e-38,2.195014534991109e-37,1.7979167710951995e-36,0,0,1.2106513973223383e-87
0.749,0,0,0,2.6798174900428215e-38,2.0852638082415534e-37,1.7080209325404399e-36,0,0,7.9028632880763752e-88
0.74950000000000006,0,0,0,2.545826615540681e-38,1.9810006178294758e-37,1.6226198859134178e-36,0,0,5.1588135352720793e-88
0.75,0,0,0,2.4185352847636469e-38,1.8819505869380018e-37,1.5414888916177469e-36,0,0,3.3675588355248297e-88
0.75049999999999994,0,0,0,2.2976085205254645e-38,1.7878530575911018e-37,1.4644144470368595e-36,0,0,2.1982675731898197e-88
0.751,0,0,0,2.1827280944991916e-38,1.6984604047115466e-37,1.3911937246850164e-36,0,0,1.434980221387799e-88
0.75149999999999995,0,0,0,2.0735916897742319e-38,1.6135373844759694e-37,1.3216340384507657e-36,0,0,9.3672320007259104e-89
0.752,0,0,0,1.9699121052855203e-38,1.532860515252171e-37,1.2555523365282275e-36,0,0,6.1147208893627472e-89
0.75249999999999995,0,0,0,1.8714165000212444e-38,1.4562174894895625e-37,1.1927747197018161e-36,0,0,3.9915539138895713e-89
0.753,0,0,0,1.7778456750201821e-38,1.3834066150150843e-37,1.1331359837167253e-36,0,0,2.6055976937890258e-89
0.75349999999999995,0,0,0,1.6889533912691729e-38,1.3142362842643301e-37,1.0764791845308891e-36,0,0,1.7008762723345029e-89
0.754,0,0,0,1.6045057217057143e-38,1.2485244700511135e-37,1.0226552253043447e-36,0,0,1.1102942333294671e-89
0.75449999999999995,0,0,0,1.5242804356204287e-38,1.1860982465485579e-37,9.715224640391276e-37,0,0,7.2477540231229105e-90
0.755,0,0,0,1.4480664138394069e-38,1.12679333422113e-37,9.2294634083717121e-37,0,0,4.7311727650941226e-90
0.75549999999999995,0,0,0,1.3756630931474365e-38,1.0704536675100735e-37,8.767990237953127e-37,0,0,3.0884044438808858e-90
0.75600000000000001,0,0,0,1.3068799384900647e-38,1.0169309841345698e-37,8.3295907260554705e-37,0,0,2.0160417897555785e-90
0.75649999999999995,0,0,0,1.2415359415655614e-38,9.6608443492784117e-38,7.9131111897526972e-37,0,0,1.3160272794237806e-90
0.75700000000000001,0,0,0,1.1794591444872834e-38,9.1778021318144925e-38,7.5174556302650616e-37,0,0,8.5907336295719016e-91
0.75749999999999995,0,0,0,1.1204861872629193e-38,8.7189120252237686e-38,7.1415828487518086e-37,0,0,5.6078400081927692e-91
0.75800000000000001,0,0,0,1.0644618778997733e-38,8.2829664239625799e-38,6.7845037063142183e-37,0,0,3.6606733386813912e-91
0.75849999999999995,0,0,0,1.0112387840047846e-38,7.8688181027644505e-38,6.4452785209985082e-37,0,0,2.3896062071947971e-91
0.75900000000000001,0,0,0,9.6067684480454555e-39,7.4753771976262282e-38,6.1230145949485828e-37,0,0,1.5598818296966038e-91
0.75949999999999995,0,0,0,9.1264300256431832e-39,7.1016083377449169e-38,5.8168638652011532e-37,0,0,1.0182561943852831e-91
0.76000000000000001,0,0,0,8.6701085243610233e-39,6.7465279208576708e-38,5.526020671941096e-37,0,0,6.6469501577928208e-92
0.76049999999999995,0,0,0,8.2366030981429709e-39,6.4092015248147871e-38,5.2497196383440419e-37,0,0,4.3389813530036476e-92
0.76100000000000001,0,0,0,7.8247729432358232e-39,6.0887414485740472e-38,4.9872336564268396e-37,0,0,2.8323906054329371e-92
0.76149999999999995,0,0,0,7.4335342960740306e-39,5.7843043761453453e-38,4.7378719736054979e-37,0,0,1.8489216452131676e-92
0.76200000000000001,0,0,0,7.06185758127033e-39,5.4950891573380779e-38,4.5009783749252224e-37,0,0,1.2069349628474845e-92
0.76249999999999996,0,0,0,6.7087647022068132e-39,5.2203346994711734e-38,4.2759294561789608e-37,0,0,7.8786032296988563e-93
0.76300000000000001,0,0,0,6.373326467096473e-39,4.9593179644976148e-38,4.0621329833700126e-37,0,0,5.1429771082756427e-93
0.76349999999999996,0,0,0,6.0546601437416498e-39,4.7113520662727347e-38,3.8590263342015126e-37,0,0,3.3572211679021559e-93
0.76400000000000001,0,0,0,5.751927136554568e-39,4.475784462959098e-38,3.6660750174914368e-37,0,0,2.1915193734916855e-93
0.76449999999999996,0,0,0,5.4643307797268394e-39,4.251995239811143e-38,3.4827712666168646e-37,0,0,1.4305751465848503e-93
0.76500000000000001,0,0,0,5.1911142407404977e-39,4.0393954778205857e-38,3.3086327032860218e-37,0,0,9.3384766513177741e-94
0.76549999999999996,0,0,0,4.931558528703473e-39,3.8374257039295568e-38,3.1432010681217204e-37,0,0,6.0959500362768806e-94
0.76600000000000001,0,0,0,4.6849806022682993e-39,3.6455544187330789e-38,2.9860410147156343e-37,0,0,3.9793007181251866e-94
0.76649999999999996,0,0,0,4.4507315721548848e-39,3.4632766977964248e-38,2.8367389639798526e-37,0,0,2.5975990798872745e-94
0.76700000000000002,0,0,0,4.2281949935471408e-39,3.2901128629066042e-38,2.6949020157808603e-37,0,0,1.6956549549264153e-94
0.76749999999999996,0,0,0,4.0167852438697841e-39,3.125607219761274e-38,2.5601569149918167e-37,0,0,1.1068858733547435e-94
0.76800000000000002,0,0,0,3.8159459816762944e-39,2.9693268587732097e-38,2.432149069242226e-37,0,0,7.2255050066212437e-95
0.76849999999999996,0,0,0,3.6251486825924793e-39,2.8208605158345491e-38,2.3105416157801146e-37,0,0,4.7166491015444228e-95
0.76900000000000002,0,0,0,3.4438912484628555e-39,2.6798174900428215e-38,2.195014534991109e-37,0,0,3.0789237190637206e-95
0.76949999999999996,0,0,0,3.2716966860397129e-39,2.545826615540681e-38,2.0852638082415534e-37,0,0,2.0098529832777065e-95
0.77000000000000002,0,0,0,3.1081118517377268e-39,2.4185352847636469e-38,1.9810006178294758e-37,0,0,1.3119873640840585e-95
0.77049999999999996,0,0,0,2.9527062591508407e-39,2.2976085205254645e-38,1.8819505869380018e-37,0,0,8.5643619599931601e-96
0.77100000000000002,0,0,0,2.8050709461932988e-39,2.1827280944991916e-38,1.7878530575911018e-37,0,0,5.5906251683288683e-96
0.77149999999999996,0,0,0,2.6648173988836338e-39,2.0735916897742319e-38,1.6984604047115466e-37,0,0,3.6494358737702336e-96
0.77200000000000002,0,0,0,2.531576528939452e-39,1.9699121052855203e-38,1.6135373844759694e-37,0,0,2.3822706398222362e-96
0.77249999999999996,0,0,0,2.4049977024924792e-39,1.8714165000212444e-38,1.532860515252171e-37,0,0,1.5550933343284044e-96
0.77300000000000002,0,0,0,2.2847478173678553e-39,1.7778456750201821e-38,1.4562174894895625e-37,0,0,1.0151303710199307e-96
0.77349999999999997,0,0,0,2.1705104264994626e-39,1.6889533912691729e-38,1.3834066150150843e-37,0,0,6.6265454774912145e-97
0.77400000000000002,0,0,0,2.0619849051744893e-39,1.6045057217057143e-38,1.3142362842643301e-37,0,0,4.3256616311400988e-97
0.77449999999999997,0,0,0,1.9588856599157647e-39,1.5242804356204287e-38,1.2485244700511135e-37,0,0,2.8236957869942316e-97
0.77500000000000002,0,0,0,1.8609413769199763e-39,1.4480664138394069e-38,1.1860982465485579e-37,0,0,1.8432458609545681e-97
0.77549999999999997,0,0,0,1.7678943080739775e-39,1.3756630931474365e-38,1.12679333422113e-37,0,0,1.2032299370120098e-97
0.77600000000000002,0,0,0,1.6794995926702785e-39,1.3068799384900647e-38,1.0704536675100735e-37,0,0,7.8544176443839523e-98
0.77649999999999997,1,0,0,5.0000000000000003e-10,1.2415359415655614e-38,1.0169309841345698e-37,0,1.5781242979073795e-10,1.8265327522076151e-11
0.77700000000000002,1,0,0,7.500000000000001e-10,1.1794591444872834e-38,9.6608443492784117e-38,0,1.137183236465944e-09,1.4354163005676542e-10
0.77749999999999997,0,0,0,7.1250000000000007e-10,1.1204861872629193e-38,9.1778021318144925e-38,0,4.5708312690351249e-09,6.2273218316612052e-10
0.77800000000000002,0,0,0,6.76875e-10,1.0644618778997733e-38,8.7189120252237686e-38,0,1.3578786872692206e-08,1.9781245816839262e-09
0.77849999999999997,0,0,0,6.4303125000000009e-10,1.0112387840047846e-38,8.2829664239625799e-38,0,3.3295743939731892e-08,5.1449498356978277e-09
0.77900000000000003,0,0,0,6.1087968750000017e-10,9.6067684480454555e-39,7.8688181027644505e-38,0,7.1372348253717632e-08,1.1619197375816362e-08
0.77949999999999997,0,0,0,5.8033570312500011e-10,9.1264300256431832e-39,7.4753771976262282e-38,0,1.3842470980574006e-07,2.3606132292285224e-08
0.78000000000000003,0,0,0,5.5131891796875012e-10,8.6701085243610233e-39,7.1016083377449169e-38,0,2.484141879977031e-07,4.4161200709049975e-08
0.78049999999999997,0,0,0,5.2375297207031259e-10,8.2366030981429709e-39,6.7465279208576708e-38,0,4.1894587976543107e-07,7.7316556917184356e-08
0.78100000000000003,0,0,0,4.9756532346679698e-10,7.8247729432358232e-39,6.4092015248147871e-38,0,6.7147942861556231e-07,1.281880566699632e-07
0.78149999999999997,0,0,0,4.7268705729345716e-10,7.4335342960740306e-39,6.0887414485740472e-38,0,1.0314499374608488e-06,2.0305909456937974e-07
0.78200000000000003,0,0,0,4.490527044287843e-10,7.06185758127033e-39,5.7843043761453453e-38,0,1.5283000607269059e-06,3.0943904561321848e-07
0.78249999999999997,0,0,0,4.2660006920734509e-10,6.7087647022068132e-39,5.4950891573380779e-38,0,2.1954268989432535e-06,4.5609526807891271e-07
0.78300000000000003,0,0,0,4.0527006574697787e-10,6.373326467096473e-39,5.2203346994711734e-38,0,3.07004923871812e-06,6.5305862855129478e-07
0.78349999999999997,0,0,0,3.8500656245962897e-10,6.0546601437416498e-39,4.9593179644976148e-38,0,4.1930020706626436e-06,9.1160332589027152e-07
0.78400000000000003,0,0,0,3.6575623433664754e-10,5.751927136554568e-39,4.7113520662727347e-38,0,5.6084662655164763e-06,1.2442024332798158e-06
0.78449999999999998,0,0,0,3.4746842261981514e-10,5.4643307797268394e-39,4.475784462959098e-38,0,7.3636418693734385e-06,1.6644610640129165e-06
0.78500000000000003,0,0,0,3.3009500148882438e-10,5.1911142407404977e-39,4.251995239811143e-38,0,9.5083737613466113e-06,2.187029416942067e-06
0.78549999999999998,0,0,0,3.1359025141438313e-10,4.931558528703473e-39,4.0393954778205857e-38,0,1.2094738451540188e-05,2.8274981901728524e-06
0.78600000000000003,0,0,0,2.97910738843664e-10,4.6849806022682993e-39,3.8374257039295568e-38,0,1.5176600640320892e-05,3.6022789852888633e-06
0.78649999999999998,0,0,0,2.830152019014808e-10,4.4507315721548848e-39,3.6455544187330789e-38,0,1.8809147847909102e-05,4.5284723755715611e-06
0.78700000000000003,0,0,0,2.6886444180640676e-10,4.2281949935471408e-39,3.4632766977964248e-38,0,2.3048410993209423e-05,5.6237262953047483e-06
0.78749999999999998,0,0,0,2.5542121971608643e-10,4.0167852438697841e-39,3.2901128629066042e-38,0,2.7950778288210465e-05,6.906087337237181e-06
0.78800000000000003,0,0,0,2.4265015873028208e-10,3.8159459816762944e-39,3.125607219761274e-38,0,3.3572509232748793e-05,8.3938474322646395e-06
0.78849999999999998,0,0,0,2.3051765079376797e-10,3.6251486825924793e-39,2.9693268587732097e-38,0,3.9969254882143979e-05,1.010538824075423e-05
0.78900000000000003,0,0,0,2.1899176825407959e-10,3.4438912484628555e-39,2.8208605158345491e-38,0,4.7195589918169745e-05,1.2059025416206435e-05
0.78949999999999998,0,0,0,2.0804217984137559e-10,3.2716966860397129e-39,2.6798174900428215e-38,0,5.5304561411118058e-05,1.4272854717421568e-05
0.79000000000000004,0,0,0,1.9764007084930679e-10,3.1081118517377268e-39,2.545826615540681e-38,0,6.4347258518115957e-05,1.6764601750506202e-05
0.79049999999999998,0,0,0,1.8775806730684144e-10,2.9527062591508407e-39,2.4185352847636469e-38,0,7.4372406738687502e-05,1.9551476922632232e-05
0.79100000000000004,0,0,0,1.783701639414994e-10,2.8050709461932988e-39,2.2976085205254645e-38,0,8.5425989745258057e-05,2.2650036989456462e-05
0.79149999999999998,0,0,0,1.6945165574442442e-10,2.6648173988836338e-39,2.1827280944991916e-38,0,9.7550901230536446e-05,2.6076054380910981e-05
0.79200000000000004,0,0,0,1.6097907295720322e-10,2.531576528939452e-39,2.0735916897742319e-38,0,0.00011078662867247679,2.9844395298705408e-05
0.79249999999999998,0,0,0,1.5293011930934307e-10,2.4049977024924792e-39,1.9699121052855203e-38,0,0.00012516897041103814,3.3968907395339887e-05
0.79300000000000004,0,0,0,1.4528361334387591e-10,2.2847478173678553e-39,1.8714165000212444e-38,0,0.00014072978696244576,3.8462317670389206e-05
0.79349999999999998,0,0,0,1.3801943267668209e-10,2.1705104264994626e-39,1.7778456750201821e-38,0,0.00015749678706755699,4.3336141056545384e-05
0.79400000000000004,0,0,0,1.31118461042848e-10,2.0619849051744893e-39,1.6889533912691729e-38,0,0.00017549334858035781,4.860060001611965e-05
0.79449999999999998,0,0,0,1.245625379907056e-10,1.9588856599157647e-39,1.6045057217057143e-38,0,0.00019473837395389548,5.4264555329260456e-05
0.79500000000000004,0,0,0,1.1833441109117034e-10,1.8609413769199763e-39,1.5242804356204287e-38,0,0.00021524617976631522,6.0335448127701875e-05
0.79549999999999998,0,0,0,1.1241769053661182e-10,1.7678943080739775e-39,1.4480664138394069e-38,0,0.00023702641945722025,6.6819253113131811e-05
0.79600000000000004,0,0,0,1.0679680600978123e-10,1.6794995926702785e-39,1.3756630931474365e-38,0,0.00026008403820487747,7.372044279663667e-05
0.79649999999999999,0,1,0,1.0145696570929217e-10,5.0000000000000003e-10,1.3068799384900647e-38,0,0.00028441925866984352,8.1045597487593561e-05
0.79700000000000004,0,1,0,9.6384117423827558e-11,7.500000000000001e-10,1.2415359415655614e-38,0,0.00031002759616016728,8.8806864891150414e-05
0.79749999999999999,0,0,0,9.1564911552636178e-11,7.1250000000000007e-10,1.1794591444872834e-38,0,0.00033689990162988348,9.7022942773780966e-05
0.79800000000000004,0,0,0,8.6986665975004362e-11,6.76875e-10,1.1204861872629193e-38,0,0.00036502243081049102,0.00010571864572818219
0.79849999999999999,0,0,0,8.2637332676254152e-11,6.4303125000000009e-10,1.0644618778997733e-38,0,0.00039437693768740179,0.00011492372484840613
0.79900000000000004,0,0,0,7.8505466042441437e-11,6.1087968750000017e-10,1.0112387840047846e-38,0,0.00042494079047106226,0.00012467135549976846
0.79949999999999999,0,0,0,7.4580192740319369e-11,5.8033570312500011e-10,9.6067684480454555e-39,0,0.00045668710817015068,0.0001349965449915019
0.80000000000000004,0,0,0,7.0851183103303392e-11,5.5131891796875012e-10,9.1264300256431832e-39,0,0.00048958491585548991,0.00014593460729516209
0.80049999999999999,0,0,0,6.7308623948138224e-11,5.2375297207031259e-10,8.6701085243610233e-39,0,0.00052359931669787585,0.00015751978542758786
0.80100000000000005,0,0,0,6.3943192750731309e-11,4.9756532346679698e-10,8.2366030981429709e-39,0,0.00055869167887789839,0.00016978406032286118
0.80149999999999999,0,0,0,6.0746033113194744e-11,4.7268705729345716e-10,7.8247729432358232e-39,0,0.00059481983549170003,0.00018275615921247262
0.80200000000000005,0,0,0,5.7708731457535011e-11,4.490527044287843e-10,7.4335342960740306e-39,0,0.00063193829561758452,0.00019646076102541169
0.80249999999999999,0,0,0,5.4823294884658259e-11,4.2660006920734509e-10,7.06185758127033e-39,0,0.00066999846475690461,0.00021091788740644645
0.80300000000000005,0,0,0,5.2082130140425345e-11,4.0527006574697787e-10,6.7087647022068132e-39,0,0.00070894887292416442,0.00022614246322578009
0.80349999999999999,0,0,0,4.9478023633404076e-11,3.8500656245962897e-10,6.373326467096473e-39,0,0.0007487354087276632,0.00024214402835641822
0.80400000000000005,0,0,0,4.7004122451733873e-11,3.6575623433664754e-10,6.0546601437416498e-39,0,0.00078930155785494893,0.00025892658201708745
0.80449999999999999,0,0,0,4.465391632914718e-11,3.4746842261981514e-10,5.751927136554568e-39,0,0.0008305886444587296,0.00027648854146955238
0.80500000000000005,0,0,0,4.2421220512689821e-11,3.3009500148882438e-10,5.4643307797268394e-39,0,0.00087253607401871491,0.00029482279790215117
0.80549999999999999,0,0,0,4.0300159487055332e-11,3.1359025141438313e-10,5.1911142407404977e-39,0,0.00091508157634323517,0.00031391685366252762
0.80600000000000005,0,0,0,3.8285151512702567e-11,2.97910738843664e-10,4.931558528703473e-39,0,0.00095816144746174725,0.00033375302645540959
0.80649999999999999,0,0,0,3.6370893937067438e-11,2.830152019014808e-10,4.6849806022682993e-39,0,0.0010017107892468236,0.0003543087075934038
0.80700000000000005,0,0,0,3.4552349240214069e-11,2.6886444180640676e-10,4.4507315721548848e-39,0,0.00104566374569659,0.00037555666281933022
0.8075,0,0,0,3.2824731778203365e-11,2.5542121971608643e-10,4.2281949935471408e-39,0,0.0010899537348955102,0.00039746536557222706
0.80800000000000005,0,0,0,3.1183495189293198e-11,2.4265015873028208e-10,4.0167852438697841e-39,0,0.0011345136757597851,0.00041999935382737452
0.8085,0,0,0,2.9624320429828537e-11,2.3051765079376797e-10,3.8159459816762944e-39,0,0.0011792762087620146,0.00044311960279695245
0.80900000000000005,0,0,0,2.8143104408337113e-11,2.1899176825407959e-10,3.6251486825924793e-39,0,0.0012241739099128068,0.00046678390682959885
0.8095,0,0,0,2.6735949187920256e-11,2.0804217984137559e-10,3.4438912484628555e-39,0,0.0012691394973607384,0.00049094726479810861
0.81000000000000005,0,0,0,2.5399151728524243e-11,1.9764007084930679e-10,3.2716966860397129e-39,0,0.0013141060300511098,0.00051556226411931725
0.8105,0,0,0,2.4129194142098031e-11,1.8775806730684144e-10,3.1081118517377268e-39,0,0.001359007097961884,0.00054057945931496607
0.81100000000000005,0,0,0,2.2922734434993131e-11,1.783701639414994e-10,2.9527062591508407e-39,0,0.0014037770035076891,0.00056594774170398764
0.8115,0,0,0,2.1776597713243474e-11,1.6945165574442442e-10,2.8050709461932988e-39,0,0.0014483509337749334,0.00059161469742200043
0.81200000000000006,0,0,0,2.0687767827581299e-11,1.6097907295720322e-10,2.6648173988836338e-39,0,0.0014926651233153621,0.00061752695149884702
0.8125,0,0,0,1.9653379436202235e-11,1.5293011930934307e-10,2.531576528939452e-39,0,0.0015366570072914421,0.00064363049619728374
0.81299999999999994,0,0,0,1.8670710464392122e-11,1.4528361334387591e-10,2.4049977024924792e-39,0,0.0015802653648245846,0.00066987100223025781
0.8135,0,0,0,1.7737174941172517e-11,1.3801943267668209e-10,2.2847478173678553e-39,0,0.0016234304524539445,0.00069619411183675418
0.81399999999999995,0,0,0,1.685031619411389e-11,1.31118461042848e-10,2.1705104264994626e-39,0,0.001666094127665052,0.00072254571301197043
0.8145,0,0,0,1.6007800384408196e-11,1.245625379907056e-10,2.0619849051744893e-39,0,0.001708199962497492,0.00074887219446126386
0.81499999999999995,0,0,0,1.5207410365187787e-11,1.1833441109117034e-10,1.9588856599157647e-39,0,0.0017496933472825882,0.00077512068108322857
0.8155,0,0,0,1.4447039846928397e-11,1.1241769053661182e-10,1.8609413769199763e-39,0,0.0017905215846072409,0.00080123924998939337
0.81599999999999995,0,0,0,1.3724687854581977e-11,1.0679680600978123e-10,1.7678943080739775e-39,0,0.0018306339736332555,0.00082717712723998343
0.8165,0,0,0,1.3038453461852878e-11,1.0145696570929217e-10,1.6794995926702785e-39,0,0.0018699818849400307,0.00085288486562010981
0.81699999999999995,0,0,1,1.2386530788760235e-11,9.6384117423827558e-11,5.0000000000000003e-10,0,0.0019085188260857811,0.00087976849695747491
0.8175,0,0,1,1.1767204249322223e-11,9.1564911552636178e-11,7.500000000000001e-10,0,0.001946200498111561,0.00090931674964536322
0.81799999999999995,0,0,0,1.1178844036856113e-11,8.6986665975004362e-11,7.1250000000000007e-10,0,0.0019829848432377783,0.00094216791892376851
0.81850000000000001,0,0,0,1.0619901835013306e-11,8.2637332676254152e-11,6.76875e-10,0,0.002018832084022204,0.00097843856577032109
0.81899999999999995,0,0,0,1.0088906743262641e-11,7.8505466042441437e-11,6.4303125000000009e-10,0,0.0020537047542692477,0.0010179353034460517
0.81950000000000001,0,0,0,9.5844614060995096e-12,7.4580192740319369e-11,6.1087968750000017e-10,0,0.0020875677219948097,0.0010602904809030203
0.81999999999999995,0,0,0,9.1052383357945341e-12,7.0851183103303392e-11,5.8033570312500011e-10,0,0.0021203882047657885,0.0011050483862022106
0.82050000000000001,0,0,0,8.6499764190048072e-12,6.7308623948138224e-11,5.5131891796875012e-10,0,0.0021521357777425365,0.0011517193339821315
0.82099999999999995,0,0,0,8.2174775980545678e-12,6.3943192750731309e-11,5.2375297207031259e-10,0,0.0021827823747635478,0.0011998129580177374
0.82150000000000001,0,0,0,7.8066037181518396e-12,6.0746033113194744e-11,4.9756532346679698e-10,0,0.0022123022828162142,0.0012488580862203011
0.82199999999999995,0,0,0,7.4162735322442478e-12,5.7708731457535011e-11,4.7268705729345716e-10,0,0.0022406721302439259,0.0012984140020428018
0.82250000000000001,0,0,0,7.045459855632035e-12,5.4823294884658259e-11,4.490527044287843e-10,0,0.0022678708690403449,0.0013480762172961432
0.82299999999999995,0,0,0,6.6931868628504337e-12,5.2082130140425345e-11,4.2660006920734509e-10,0,0.0022938797515856812,0.001397478786215691
0.82350000000000001,0,0,0,6.3585275197079119e-12,4.9478023633404076e-11,4.0527006574697787e-10,0,0.0023186823021761338,0.0014462944764750206
0.82399999999999995,0,0,0,6.0406011437225164e-12,4.7004122451733873e-11,3.8500656245962897e-10,0,0.0023422642836986585,0.001494233647366801
0.82450000000000001,0,0,0,5.7385710865363908e-12,4.465391632914718e-11,3.6575623433664754e-10,0,0.0023646136597971212,0.001541042382162924
0.82499999999999996,0,0,0,5.4516425322095715e-12,4.2421220512689821e-11,3.4746842261981514e-10,0,0.0023857205528740044,0.001586500224335177
0.82550000000000001,0,0,0,5.1790604055990933e-12,4.0300159487055332e-11,3.3009500148882438e-10,0,0.0024055771982640639,0.0016304177390553951
0.82599999999999996,0,0,0,4.9201073853191377e-12,3.8285151512702567e-11,3.1359025141438313e-10,0,0.0024241778949113391,0.0016726340381762912
0.82650000000000001,0,0,0,4.674102016053181e-12,3.6370893937067438e-11,2.97910738843664e-10,0,0.002441518952872479,0.001713014353042051
0.82699999999999996,0,0,0,4.4403969152505223e-12,3.4552349240214069e-11,2.830152019014808e-10,0,0.0024575986379617998,0.0017514477047598776
0.82750000000000001,0,0,0,4.2183770694879959e-12,3.2824731778203365e-11,2.6886444180640676e-10,0,0.0024724171138438278,0.0017878446993026262
0.82799999999999996,0,0,0,4.007458216013596e-12,3.1183495189293198e-11,2.5542121971608643e-10,0,0.0024859763818708691,0.0018221354606544342
0.82850000000000001,0,0,0,3.8070853052129167e-12,2.9624320429828537e-11,2.4265015873028208e-10,0,0.0024982802189514874,0.0018542677063128649
0.82899999999999996,0,0,0,3.6167310399522705e-12,2.8143104408337113e-11,2.3051765079376797e-10,0,0.002509334113727224,0.0018842049639723566
0.82950000000000002,0,0,0,3.4358944879546569e-12,2.6735949187920256e-11,2.1899176825407959e-10,0,0.0025191452013225701,0.0019119249249255155
0.82999999999999996,0,0,0,3.264099763556924e-12,2.5399151728524243e-11,2.0804217984137559e-10,0,0.0025277221969229879,0.0019374179278462361
0.83050000000000002,0,0,0,3.1008947753790778e-12,2.4129194142098031e-11,1.9764007084930679e-10,0,0.0025350753284250072,0.0019606855656495717
0.83099999999999996,0,0,0,2.9458500366101237e-12,2.2922734434993131e-11,1.8775806730684144e-10,0,0.0025412162683899897,0.0019817394077250592
0.83150000000000002,0,0,0,2.7985575347796178e-12,2.1776597713243474e-11,1.783701639414994e-10,0,0.002546158065522941,0.0020005998297980485
0.83199999999999996,0,0,0,2.6586296580406368e-12,2.0687767827581299e-11,1.6945165574442442e-10,0,0.0025499150758852007,0.0020172949438469799
0.83250000000000002,0,0,0,2.525698175138605e-12,1.9653379436202235e-11,1.6097907295720322e-10,0,0.002552502894039077,0.0020318596208048303
0.83299999999999996,0,0,0,2.3994132663816747e-12,1.8670710464392122e-11,1.5293011930934307e-10,0,0.0025539382843109415,0.0020443345991415941
0.83350000000000002,0,0,0,2.2794426030625911e-12,1.7737174941172517e-11,1.4528361334387591e-10,0,0.0025542391123487551,0.0020547656728257652
0.83399999999999996,0,0,0,2.1654704729094613e-12,1.685031619411389e-11,1.3801943267668209e-10,0,0.0025534242771370064,0.002063202952573034
0.83450000000000002,0,0,0,2.0571969492639882e-12,1.6007800384408196e-11,1.31118461042848e-10,0,0.002551513643623271,0.0020697001946960955
0.83499999999999996,0,0,0,1.954337101800789e-12,1.5207410365187787e-11,1.245625379907056e-10,0,0.0025485279760986135,0.0020743141922617754
0.83550000000000002,0,0,0,1.8566202467107494e-12,1.4447039846928397e-11,1.1833441109117034e-10,0,0.0025444888724637238,0.002077104223636256
0.83599999999999997,0,0,0,1.763789234375212e-12,1.3724687854581977e-11,1.1241769053661182e-10,0,0.0025394186995021384,0.0020781315538531712
0.83650000000000002,0,0,0,1.6755997726564514e-12,1.3038453461852878e-11,1.0679680600978123e-10,0,0.0025333405292734534,0.0020774589845724491
0.83699999999999997,0,0,0,1.5918197840236289e-12,1.2386530788760235e-11,1.0145696570929217e-10,0,0.0025262780767268955,0.0020751504487091055
0.83750000000000002,0,0,0,1.5122287948224474e-12,1.1767204249322223e-11,9.6384117423827558e-11,0,0.0025182556386291743,0.0020712706461022139
0.83799999999999997,0,0,0,1.4366173550813249e-12,1.1178844036856113e-11,9.1564911552636178e-11,0,0.002509298033889662,0.0020658847168648752
0.83850000000000002,0,0,0,1.3647864873272587e-12,1.0619901835013306e-11,8.6986665975004362e-11,0,0.002499430545357173,0.0020590579493080471
0.83899999999999997,0,0,0,1.2965471629608959e-12,1.0088906743262641e-11,8.2637332676254152e-11,0,0.0024886788631551804,0.0020508555195651564
0.83950000000000002,0,0,0,1.231719804812851e-12,9.5844614060995096e-12,7.8505466042441437e-11,0,0.0024770690296138653,0.0020413422602616371
0.83999999999999997,0,0,0,1.1701338145722084e-12,9.1052383357945341e-12,7.4580192740319369e-11,0,0.0024646273858488499,0.0020305824557752686
0.84050000000000002,0,0,0,1.111627123843598e-12,8.6499764190048072e-12,7.0851183103303392e-11,0,0.002451380520029689,0.0020186396618201486
0.84099999999999997,0,0,0,1.056045767651418e-12,8.2174775980545678e-12,6.7308623948138224e-11,0,0.0024373552173747592,0.0020055765472607539
0.84150000000000003,0,0,0,1.0032434792688472e-12,7.8066037181518396e-12,6.3943192750731309e-11,0,0.0024225784119011884,0.0019914547562232912
0.84199999999999997,0,0,0,9.5308130530540474e-13,7.4162735322442478e-12,6.0746033113194744e-11,0,0.0024070771399524737,0.0019763347887204988
0.84250000000000003,0,0,0,9.0542724004013447e-13,7.045459855632035e-12,5.7708731457535011e-11,0,0.0023908784955217754,0.0019602758981445115
0.84299999999999997,0,0,0,8.6015587803812774e-13,6.6931868628504337e-12,5.4823294884658259e-11,0,0.0023740095873806544,0.0019433360041101564
0.84350000000000003,0,0,0,8.1714808413622138e-13,6.3585275197079119e-12,5.2082130140425345e-11,0,0.0023564974980202491,0.0019255716192497891
0.84399999999999997,0,0,0,7.762906799294103e-13,6.0406011437225164e-12,4.9478023633404076e-11,0,0.002338369244404559,0.0019070377886705493
0.84450000000000003,0,0,0,7.3747614593293973e-13,5.7385710865363908e-12,4.7004122451733873e-11,0,0.0023196517405329464,0.0018877880408868356
0.84499999999999997,0,0,0,7.0060233863629282e-13,5.4516425322095715e-12,4.465391632914718e-11,0,0.0023003717618026442,0.0018678743491348669
0.84550000000000003,0,0,0,6.6557222170447814e-13,5.1790604055990933e-12,4.2421220512689821e-11,0,0.0022805559111591656,0.0018473471020634539
0.84599999999999997,0,0,0,6.3229361061925421e-13,4.9201073853191377e-12,4.0300159487055332e-11,0,0.0022602305870187411,0.0018262550828761169
0.84650000000000003,0,0,0,6.0067893008829148e-13,4.674102016053181e-12,3.8285151512702567e-11,0,0.0022394219529422443,0.0018046454560739665
0.84699999999999998,0,0,0,5.706449835838769e-13,4.4403969152505223e-12,3.6370893937067438e-11,0,0.0022181559090379555,0.0017825637610183814
0.84750000000000003,0,0,0,5.4211273440468304e-13,4.2183770694879959e-12,3.4552349240214069e-11,0,0.0021964580650678522,0.0017600539115962606
0.84799999999999998,0,0,0,5.1500709768444882e-13,4.007458216013596e-12,3.2824731778203365e-11,0,0.0021743537152274506,0.0017371582013298316
0.84850000000000003,0,0,0,4.8925674280022643e-13,3.8070853052129167e-12,3.1183495189293198e-11,0,0.0021518678145691084,0.0017139173133277109
0.84899999999999998,0,0,0,4.6479390566021509e-13,3.6167310399522705e-12,2.9624320429828537e-11,0,0.0021290249570351527,0.0016903703345246164
0.84950000000000003,0,0,0,4.4155421037720431e-13,3.4358944879546569e-12,2.8143104408337113e-11,0,0.0021058493550657476,0.0016665547737037449
0.84999999999999998,0,0,0,4.194764998583441e-13,3.264099763556924e-12,2.6735949187920256e-11,0,0.002082364820743865,0.0016425065828390955
0.85050000000000003,0,0,0,3.9850267486542689e-13,3.1008947753790778e-12,2.5399151728524243e-11,0,0.0020585947484392797,0.0016182601813347984
0.85099999999999998,0,0,0,3.7857754112215552e-13,2.9458500366101237e-12,2.4129194142098031e-11,0,0.0020345620989112856,0.0015938484827756119
0.85150000000000003,0,0,0,3.5964866406604775e-13,2.7985575347796178e-12,2.2922734434993131e-11,0,0.0020102893848295,0.0015693029238363764
0.85199999999999998,0,0,0,3.4166623086274537e-13,2.6586296580406368e-12,2.1776597713243474e-11,0,0.0019857986576702347,0.0015446534950300103
0.85250000000000004,0,0,0,3.245829193196081e-13,2.525698175138605e-12,2.0687767827581299e-11,0,0.0019611114959453557,0.0015199287730021341
0.85299999999999998,0,0,0,3.083537733536277e-13,2.3994132663816747e-12,1.9653379436202235e-11,0,0.0019362489947208905,0.0014951559541074202
0.85350000000000004,0,0,0,2.9293608468594637e-13,2.2794426030625911e-12,1.8670710464392122e-11,0,0.001911231756380305,0.0014703608890272557
0.85399999999999998,0,0,0,2.7828928045164904e-13,2.1654704729094613e-12,1.7737174941172517e-11,0,0.0018860798825893754,0.0014455681182108278
0.85450000000000004,0,0,0,2.6437481642906658e-13,2.0571969492639882e-12,1.685031619411389e-11,0,0.0018608129674164697,0.0014208009079427933
0.85499999999999998,0,0,0,2.511560756076132e-13,1.954337101800789e-12,1.6007800384408196e-11,0,0.0018354500915652716,0.0013960812868597273
0.85550000000000004,0,0,0,2.3859827182723257e-13,1.8566202467107494e-12,1.5207410365187787e-11,0,0.0018100098176736523,0.0013714300827552591
0.85599999999999998,0,0,0,2.2666835823587094e-13,1.763789234375212e-12,1.4447039846928397e-11,0,0.0017845101866361679,0.0013468669595300799
0.85650000000000004,0,0,0,2.1533494032407738e-13,1.6755997726564514e-12,1.3724687854581977e-11,0,0.0017589687149038857,0.0013224104541578066
0.85699999999999998,0,0,0,2.0456819330787353e-13,1.5918197840236289e-12,1.3038453461852878e-11,0,0.00173340239271913,0.0012980780135513903
0.85750000000000004,0,0,0,1.9433978364247983e-13,1.5122287948224474e-12,1.2386530788760235e-11,0,0.0017078276832409589,0.0012738860312274329
0.85799999999999998,0,0,0,1.8462279446035584e-13,1.4366173550813249e-12,1.1767204249322223e-11,0,0.0016822605225190745,0.0012498498836771765
0.85850000000000004,0,0,0,1.7539165473733803e-13,1.3647864873272587e-12,1.1178844036856113e-11,0,0.0016567163202731994,0.0012259839663634313
0.85899999999999999,0,0,0,1.6662207200047113e-13,1.2965471629608959e-12,1.0619901835013306e-11,0,0.0016312099614360642,0.0012023017292725211
0.85950000000000004,0,0,0,1.5829096840044758e-13,1.231719804812851e-12,1.0088906743262641e-11,0,0.0016057558084201506,0.0011788157119590427
0.85999999999999999,0,0,0,1.5037641998042519e-13,1.1701338145722084e-12,9.5844614060995096e-12,0,0.0015803677040665542,0.0011555375780293016
0.86050000000000004,0,0,0,1.4285759898140393e-13,1.111627123843598e-12,9.1052383357945341e-12,0,0.0015550589752373334,0.0011324781490167151
0.86099999999999999,0,0,0,1.3571471903233373e-13,1.056045767651418e-12,8.6499764190048072e-12,0,0.0015298424370131514,0.001109647437609166
0.86150000000000004,0,0,0,1.2892898308071703e-13,1.0032434792688472e-12,8.2174775980545678e-12,0,0.0015047303974574655,0.0010870546801943519
0.86199999999999999,0,0,0,1.2248253392668118e-13,9.5308130530540474e-13,7.8066037181518396e-12,0,0.0014797346629111807,0.0010647083686948174
0.86250000000000004,0,0,0,1.1635840723034712e-13,9.0542724004013447e-13,7.4162735322442478e-12,0,0.0014548665437823516,0.0010426162816694125
0.86299999999999999,0,0,0,1.1054048686882976e-13,8.6015587803812774e-13,7.045459855632035e-12,0,0.0014301368607957388,0.0010207855146624444
0.86350000000000005,0,0,0,1.0501346252538827e-13,8.1714808413622138e-13,6.6931868628504337e-12,0,0.0014055559516679139,0.00099922250978594558
0.86399999999999999,0,0,0,9.9762789399118854e-14,7.762906799294103e-13,6.3585275197079119e-12,0,0.0013811336781762718,0.00097793308452429539
0.86450000000000005,0,0,0,9.4774649929162908e-14,7.3747614593293973e-13,6.0406011437225164e-12,0,0.0013568794335893086,0.00095692245975387529
0.86499999999999999,0,0,0,9.0035917432704769e-14,7.0060233863629282e-13,5.7385710865363908e-12,0,0.0013328021504280807,0.00093619528697327112
0.86550000000000005,0,0,0,8.5534121561069518e-14,6.6557222170447814e-13,5.4516425322095715e-12,0,0.0013089103085289766,0.00091575567474251217
0.86599999999999999,0,0,0,8.1257415483016052e-14,6.3229361061925421e-13,5.1790604055990933e-12,0,0.0012852119433784948,0.0008956072143321308
0.86650000000000005,0,0,0,7.7194544708865247e-14,6.0067893008829148e-13,4.9201073853191377e-12,0,0.0012617146546942681,0.00087575300458515111
0.86699999999999999,0,0,0,7.3334817473421997e-14,5.706449835838769e-13,4.674102016053181e-12,0,0.0012384256152239148,0.00085619567599703073
0.86750000000000005,0,0,0,6.9668076599750891e-14,5.4211273440468304e-13,4.4403969152505223e-12,0,0.0012153515797374004,0.000836937414020187
0.86799999999999999,0,0,0,6.6184672769763334e-14,5.1500709768444882e-13,4.2183770694879959e-12,0,0.0011924988941881542,0.00081797998160151202
0.86850000000000005,0,0,0,6.2875439131275164e-14,4.8925674280022643e-13,4.007458216013596e-12,0,0.0011698735050195141,0.00079932474096239563
0.86899999999999999,0,0,0,5.9731667174711408e-14,4.6479390566021509e-13,3.8070853052129167e-12,0,0.0011474809685944054,0.000780972674632175
0.86950000000000005,0,0,0,5.674508381597584e-14,4.4155421037720431e-13,3.6167310399522705e-12,0,0.0011253264607263835,0.00076292440574676247
0.87,0,0,0,5.3907829625177045e-14,4.194764998583441e-13,3.4358944879546569e-12,0,0.0011034147862921673,0.0007451802176252258
0.87050000000000005,0,0,0,5.1212438143918187e-14,3.9850267486542689e-13,3.264099763556924e-12,0,0.0010817503889058999,0.00072774007263778538
0.871,0,0,0,4.8651816236722277e-14,3.7857754112215552e-13,3.1008947753790778e-12,0,0.0010603373606369315,0.00071060363037936413
0.87150000000000005,0,0,0,4.6219225424886162e-14,3.5964866406604775e-13,2.9458500366101237e-12,0,0.0010391794517530251,0.00069377026516333955
0.872,0,0,0,4.3908264153641853e-14,3.4166623086274537e-13,2.7985575347796178e-12,0,0.0010182800804734438,0.00067723908285061227
0.87250000000000005,0,0,0,4.1712850945959757e-14,3.245829193196081e-13,2.6586296580406368e-12,0,0.00099764234271504382,0.00066100893702949852
0.873,0,0,0,3.9627208398661772e-14,3.083537733536277e-13,2.525698175138605e-12,0,0.00097726902181738406,0.0006450784445620431
0.87350000000000005,0,0,0,3.7645847978728686e-14,2.9293608468594637e-13,2.3994132663816747e-12,0,0.00095716259823230843,0.00062944600051280668
0.874,0,0,0,3.576355557979225e-14,2.7828928045164904e-13,2.2794426030625911e-12,0,0.00093732525916512266,0.00061410979247614476
0.87450000000000006,0,0,0,3.3975377800802634e-14,2.6437481642906658e-13,2.1654704729094613e-12,0,0.00091775890815526395,0.00059906781431808877
0.875,0,0,0,3.2276608910762496e-14,2.511560756076132e-13,2.0571969492639882e-12,0,0.00089846517458380681,0.00058431787934898588
0.87549999999999994,0,0,0,3.0662778465224374e-14,2.3859827182723257e-13,1.954337101800789e-12,0,0.00087944542309892348,0.00056985763294313812
0.876,0,0,0,2.9129639541963156e-14,2.2666835823587094e-13,1.8566202467107494e-12,0,0.00086070076294708642,0.00055568456462141145
0.87649999999999995,0,0,0,2.7673157564864997e-14,2.1533494032407738e-13,1.763789234375212e-12,0,0.00084223205720224126,0.00054179601961281939
0.877,0,0,0,2.6289499686621748e-14,2.0456819330787353e-13,1.6755997726564514e-12,0,0.00082403993188373548,0.0005281892099109483
0.87749999999999995,0,0,0,2.497502470229066e-14,1.9433978364247983e-13,1.5918197840236289e-12,0,0.00080612478495467599,0.00051486122484084107
0.878,0,0,0,2.3726273467176128e-14,1.8462279446035584e-13,1.5122287948224474e-12,0,0.0007884867951940544,0.00050180904115187561
0.87849999999999995,0,0,0,2.253995979381732e-14,1.7539165473733803e-13,1.4366173550813249e-12,0,0.00077112593093531245,0.00048902953265185804
0.879,0,0,0,2.1412961804126453e-14,1.6662207200047113e-13,1.3647864873272587e-12,0,0.00075404195866568546,0.00047651947939745588
0.87949999999999995,0,0,0,2.0342313713920131e-14,1.5829096840044758e-13,1.2965471629608959e-12,0,0.0007372344514802176,0.00046427557645561252
0.88,0,0,0,1.9325198028224125e-14,1.5037641998042519e-13,1.231719804812851e-12,0,0.00072070279738611909,0.00045229444225061428
0.88049999999999995,0,0,0,1.8358938126812917e-14,1.4285759898140393e-13,1.1701338145722084e-12,0,0.00070444620745224729,0.00044057262651088492
0.88100000000000001,0,0,0,1.7440991220472273e-14,1.3571471903233373e-13,1.111627123843598e-12,0,0.00068846372380049203,0.0004291066178296684
0.88149999999999995,0,0,0,1.6568941659448659e-14,1.2892898308071703e-13,1.056045767651418e-12,0,0.00067275422743462432,0.00041789285085303213
0.88200000000000001,0,0,0,1.5740494576476225e-14,1.2248253392668118e-13,1.0032434792688472e-12,0,0.00065731644590483196,0.00040692771310876514
0.88249999999999995,0,0,0,1.4953469847652413e-14,1.1635840723034712e-13,9.5308130530540474e-13,0,0.00064214896080372341,0.00039620755148896499
0.88300000000000001,0,0,0,1.4205796355269792e-14,1.1054048686882976e-13,9.0542724004013447e-13,0,0.00062725021509335566,0.00038572867839930223
0.88349999999999995,0,0,0,1.3495506537506304e-14,1.0501346252538827e-13,8.6015587803812774e-13,0,0.00061261852026006647,0.00037548737758718199
0.88400000000000001,0,0,0,1.2820731210630988e-14,9.9762789399118854e-14,8.1714808413622138e-13,0,0.000598252063296556,0.0003654799096610444
0.88449999999999995,0,0,0,1.2179694650099439e-14,9.4774649929162908e-14,7.762906799294103e-13,0,0.00058414891350955234,0.00035570251731236813
0.88500000000000001,0,0,0,1.1570709917594468e-14,9.0035917432704769e-14,7.3747614593293973e-13,0,0.00057030702915306097,0.00034615143025215286
0.88549999999999995,0,0,0,1.0992174421714744e-14,8.5534121561069518e-14,7.0060233863629282e-13,0,0.00055672426388642116,0.00033682286987278
0.88600000000000001,0,0,0,1.0442565700629007e-14,8.1257415483016052e-14,6.6557222170447814e-13,0,0.00054339837305661387,0.00032771305364610691
0.88649999999999995,0,0,0,9.920437415597557e-15,7.7194544708865247e-14,6.3229361061925421e-13,0,0.00053032701980570973,0.0003188181992684384
0.88700000000000001,0,0,0,9.4244155448176787e-15,7.3334817473421997e-14,6.0067893008829148e-13,0,0.00051750778100401185,0.00031013452856248626
0.88749999999999996,0,0,0,8.9531947675767942e-15,6.9668076599750891e-14,5.706449835838769e-13,0,0.00050493815300867162,0.00030165827114620521
0.88800000000000001,0,0,0,8.5055350291979563e-15,6.6184672769763334e-14,5.4211273440468304e-13,0,0.00049261555724955386,0.00029338566787821168
0.88849999999999996,0,0,0,8.0802582777380577e-15,6.2875439131275164e-14,5.1500709768444882e-13,0,0.00048053734564335038,0.00028531297408892304
0.88900000000000001,0,0,0,7.6762453638511551e-15,5.9731667174711408e-14,4.8925674280022643e-13,0,0.00046870080583727436,0.00027743646260664531
0.88949999999999996,0,0,0,7.2924330956585974e-15,5.674508381597584e-14,4.6479390566021509e-13,0,0.00045710316628344572,0.00026975242658707545
0.89000000000000001,0,0,0,6.927811440875667e-15,5.3907829625177045e-14,4.4155421037720431e-13,0,0.00044574160114640993,0.00026225718215486656
0.89049999999999996,0,0,0,6.5814208688318842e-15,5.1212438143918187e-14,4.194764998583441e-13,0,0.00043461323504545568,0.00025494707086535595
0.89100000000000001,0,0,0,6.2523498253902905e-15,4.8651816236722277e-14,3.9850267486542689e-13,0,0.00042371514763339668,0.00024781846199433956
0.89149999999999996,0,0,0,5.9397323341207762e-15,4.6219225424886162e-14,3.7857754112215552e-13,0,0.00041304437801437111,0.00024086775466342845
0.89200000000000002,0,0,0,5.6427457174147376e-15,4.3908264153641853e-14,3.5964866406604775e-13,0,0.00040259792900310121,0.00023409137980854076
0.89249999999999996,0,0,0,5.360608431544e-15,4.1712850945959757e-14,3.4166623086274537e-13,0,0.00039237277122761149,0.00022748580199849068
0.89300000000000002,0,0,0,5.0925780099668e-15,3.9627208398661772e-14,3.245829193196081e-13,0,0.00038236584707806998,0.00022104752111059528
0.89349999999999996,0,0,0,4.8379491094684598e-15,3.7645847978728686e-14,3.083537733536277e-13,0,0.00037257407450475011,0.00021477307386987324
0.89400000000000002,0,0,0,4.5960516539950369e-15,3.576355557979225e-14,2.9293608468594637e-13,0,0.00036299435066733388,0.00020865903525832435
0.89449999999999996,0,0,0,4.3662490712952848e-15,3.3975377800802634e-14,2.7828928045164904e-13,0,0.00035362355543866464,0.00020270201980037553
0.89500000000000002,0,0,0,4.1479366177305205e-15,3.2276608910762496e-14,2.6437481642906658e-13,0,0.00034445855476505916,0.00019689868273032972
0.89549999999999996,0,0,0,3.9405397868439939e-15,3.0662778465224374e-14,2.511560756076132e-13,0,0.00033549620388784174,0.00019124572104772157
0.89600000000000002,0,0,0,3.7435127975017945e-15,2.9129639541963156e-14,2.3859827182723257e-13,0,0.00032673335042665563,0.00018573987446596332
0.89649999999999996,0,0,0,3.5563371576267051e-15,2.7673157564864997e-14,2.2666835823587094e-13,0,0.00031816683732943662,0.00018037792625958093
0.89700000000000002,0,0,0,3.3785202997453698e-15,2.6289499686621748e-14,2.1533494032407738e-13,0,0.00030979350569160236,0.00017515670401518359
0.89749999999999996,0,0,0,3.2095942847581011e-15,2.497502470229066e-14,2.0456819330787353e-13,0,0.00030161019744645579,0.00017007308029101483
0.89800000000000002,0,0,0,3.0491145705201961e-15,2.3726273467176128e-14,1.9433978364247983e-13,0,0.00029361375793168776,0.00016512397318982992
0.89849999999999997,0,0,0,2.8966588419941862e-15,2.253995979381732e-14,1.8462279446035584e-13,0,0.00028580103833342196,0.00016030634684962379
0.89900000000000002,0,0,0,2.7518258998944768e-15,2.1412961804126453e-14,1.7539165473733803e-13,0,0.00027816889801202116,0.00015561721185651148
0.89949999999999997,0,0,0,2.614234604899753e-15,2.0342313713920131e-14,1.6662207200047113e-13,0,0.00027071420671198609,0.00015105362558404762
0.90000000000000002,0,0,0,2.4835228746547653e-15,1.9325198028224125e-14,1.5829096840044758e-13,0,0.00026343384665961089,0.00014661269246291319
0.90049999999999997,0,0,0,2.3593467309220271e-15,1.8358938126812917e-14,1.5037641998042519e-13,0,0.00025632471455094841,0.00014229156418480685
0.90100000000000002,0,0,0,2.2413793943759261e-15,1.7440991220472273e-14,1.4285759898140393e-13,0,0.00024938372343386028,0.00013808743984429107
0.90149999999999997,0,0,0,2.1293104246571297e-15,1.6568941659448659e-14,1.3571471903233373e-13,0,0.00024260780448615016,0.0001339975660221345
0.90200000000000002,0,0,0,2.0228449034242735e-15,1.5740494576476225e-14,1.2892898308071703e-13,0,0.0002359939086943319,0.00013001923681350239
0.90249999999999997,0,0,0,1.9217026582530596e-15,1.4953469847652413e-14,1.2248253392668118e-13,0,0.00022953900843425412,0.00012614979380427547
0.90300000000000002,0,0,0,1.8256175253404068e-15,1.4205796355269792e-14,1.1635840723034712e-13,0,0.00022324009895791086,0.00012238662599860258
0.90349999999999997,0,0,0,1.7343366490733863e-15,1.3495506537506304e-14,1.1054048686882976e-13,0,0.00021709419978910294,0.00011872716970071637
0.90400000000000003,0,0,0,1.647619816619717e-15,1.2820731210630988e-14,1.0501346252538827e-13,0,0.00021109835603050353,0.00011516890835383736
0.90449999999999997,0,0,0,1.5652388257887311e-15,1.2179694650099439e-14,9.9762789399118854e-14,0,0.00020524963958523657,0.00011170937233885902
0.90500000000000003,0,0,0,1.4869768844992945e-15,1.1570709917594468e-14,9.4774649929162908e-14,0,0.00019954515029585451,0.00010834613873550953
0.90549999999999997,0,0,0,1.4126280402743297e-15,1.0992174421714744e-14,9.0035917432704769e-14,0,0.00019398201700360218,0.00010507683104846944
0.90600000000000003,0,0,0,1.3419966382606133e-15,1.0442565700629007e-14,8.5534121561069518e-14,0,0.00018855739853029796,0.00010189911890078319
0.90649999999999997,0,0,0,1.2748968063475827e-15,9.920437415597557e-15,8.1257415483016052e-14,0,0.00018326848458616318,9.8810717696887432e-05
0.90700000000000003,0,0,0,1.2111519660302036e-15,9.4244155448176787e-15,7.7194544708865247e-14,0,0.00017811249660593109,9.5809388257440592e-05
0.90749999999999997,0,0,0,1.1505943677286934e-15,8.9531947675767942e-15,7.3334817473421997e-14,0,0.00017308668851567788,9.2892936428060844e-05
0.90800000000000003,0,0,0,1.0930646493422586e-15,8.5055350291979563e-15,6.9668076599750891e-14,0,0.00016818834743348443,9.0059212663848824e-05
0.90849999999999997,0,0,0,1.0384114168751458e-15,8.0802582777380577e-15,6.6184672769763334e-14,0,0.00016341479430581618,8.7306111591717062e-05
0.90900000000000003,0,0,0,9.8649084603138853e-16,7.6762453638511551e-15,6.2875439131275164e-14,0,0.00015876338448284066,8.4631571552256759e-05
0.90949999999999998,0,0,0,9.3716630372981924e-16,7.2924330956585974e-15,5.9731667174711408e-14,0,0.00015423150823434817,8.2033574122875914e-05
0.91000000000000003,0,0,0,8.9030798854332814e-16,6.927811440875667e-15,5.674508381597584e-14,0,0.00014981659120882895,7.9510143623790259e-05
0.91049999999999998,0,0,0,8.4579258911616183e-16,6.5814208688318842e-15,5.3907829625177045e-14,0,0.00014551609483892669,7.7059346608541953e-05
0.91100000000000003,0,0,0,8.0350295966035377e-16,6.2523498253902905e-15,5.1212438143918187e-14,0,0.00014132751669393429,7.4679291340434858e-05
0.91149999999999998,0,0,0,7.6332781167733603e-16,5.9397323341207762e-15,4.8651816236722277e-14,0,0.0001372483907831068,7.2368127256294202e-05
0.91200000000000003,0,0,0,7.2516142109346926e-16,5.6427457174147376e-15,4.6219225424886162e-14,0,0.00013327628781079071,7.0124044418932177e-05
0.91249999999999998,0,0,0,6.8890335003879579e-16,5.360608431544e-15,4.3908264153641853e-14,0,0.00012940881538614502,6.7945272959568266e-05
0.91300000000000003,0,0,0,6.5445818253685609e-16,5.0925780099668e-15,4.1712850945959757e-14,0,0.00012564361818911962,6.5830082511327819e-05
0.91349999999999998,0,0,0,6.2173527341001326e-16,4.8379491094684598e-15,3.9627208398661772e-14,0,0.00012197837809502232,6.3776781635092189e-05
0.91400000000000003,0,0,0,5.9064850973951262e-16,4.5960516539950369e-15,3.7645847978728686e-14,0,0.0001184108142595619,6.1783717238749676e-05
0.91449999999999998,0,0,0,5.6111608425253699e-16,4.3662490712952848e-15,3.576355557979225e-14,0,0.00011493868316569955,5.984927399073831e-05
0.91500000000000004,0,0,0,5.3306028003991013e-16,4.1479366177305205e-15,3.3975377800802634e-14,0,0.00011155977863508415,5.7971873729026973e-05
0.91549999999999998,0,0,0,5.0640726603791463e-16,3.9405397868439939e-15,3.2276608910762496e-14,0,0.00010827193180518169,5.6149974866322285e-05
0.91600000000000004,0,0,0,4.8108690273601886e-16,3.7435127975017945e-15,3.0662778465224374e-14,0,0.00010507301107387512,5.4382071792451834e-05
0.91649999999999998,0,0,0,4.5703255759921798e-16,3.5563371576267051e-15,2.9129639541963156e-14,0,0.00010196092201342211,5.2666694274647267e-05
0.91700000000000004,0,0,0,4.3418092971925709e-16,3.3785202997453698e-15,2.7673157564864997e-14,0,9.8933607255657918e-05,5.1002406856584892e-05
0.91749999999999998,0,0,0,4.1247188323329421e-16,3.2095942847581011e-15,2.6289499686621748e-14,0,9.5989046348998741e-05,4.9387808256846543e-05
0.91800000000000004,0,0,0,3.918482890716295e-16,3.0491145705201961e-15,2.497502470229066e-14,0,9.3125255590020828e-05,4.7821530767477476e-05
0.91849999999999998,0,0,0,3.7225587461804801e-16,2.8966588419941862e-15,2.3726273467176128e-14,0,9.034028783050374e-05,4.6302239653314248e-05
0.91900000000000004,0,0,0,3.5364308088714563e-16,2.7518258998944768e-15,2.253995979381732e-14,0,8.7632232261158904e-05,4.4828632552727684e-05
0.91949999999999998,0,0,0,3.3596092684278836e-16,2.614234604899753e-15,2.1412961804126453e-14,0,8.4999214173708815e-05,4.339943888017612e-05
0.92000000000000004,0,0,0,3.1916288050064891e-16,2.4835228746547653e-15,2.0342313713920131e-14,0,8.243939470264916e-05,4.2013419231276775e-05
0.92049999999999998,0,0,0,3.0320473647561645e-16,2.3593467309220271e-15,1.9325198028224125e-14,0,7.9950970548026135e-05,4.0669364790767343e-05
0.92100000000000004,0,0,0,2.8804449965183567e-16,2.2413793943759261e-15,1.8358938126812917e-14,0,7.7532173680117111e-05,3.9366096743896201e-05
0.92149999999999999,0,0,0,2.7364227466924387e-16,2.1293104246571297e-15,1.7440991220472273e-14,0,7.5181271027902064e-05,3.8102465691605587e-05
0.92200000000000004,0,0,0,2.5996016093578167e-16,2.0228449034242735e-15,1.6568941659448659e-14,0,7.2896564151547771e-05,3.6877351069976868e-05
0.92249999999999999,0,0,0,2.4696215288899262e-16,1.9217026582530596e-15,1.5740494576476225e-14,0,7.0676388900792197e-05,3.5689660574154177e-05
0.92300000000000004,0,0,0,2.3461404524454298e-16,1.8256175253404068e-15,1.4953469847652413e-14,0,6.8519115060228231e-05,3.453832958735019e-05
0.92349999999999999,0,0,0,2.2288334298231579e-16,1.7343366490733863e-15,1.4205796355269792e-14,0,6.6423145981819864e-05,3.3422320614981246e-05
0.92400000000000004,0,0,0,2.1173917583320003e-16,1.647619816619717e-15,1.3495506537506304e-14,0,6.4386918206427168e-05,3.2340622724348092e-05
0.92449999999999999,0,0,0,2.0115221704154004e-16,1.5652388257887311e-15,1.2820731210630988e-14,0,6.2408901075006185e-05,3.129225099014687e-05
0.92500000000000004,0,0,0,1.9109460618946303e-16,1.4869768844992945e-15,1.2179694650099439e-14,0,6.0487596330260907e-05,3.0276245946034632e-05
0.92549999999999999,0,0,0,1.8153987587998986e-16,1.4126280402743297e-15,1.1570709917594468e-14,0,5.8621537709857563e-05,2.929167304240876e-05
0.92600000000000005,0,0,0,1.7246288208599036e-16,1.3419966382606133e-15,1.0992174421714744e-14,0,5.6809290531645296e-05,2.8337622110709766e-05
0.92649999999999999,0,0,0,1.6383973798169086e-16,1.2748968063475827e-15,1.0442565700629007e-14,0,5.5049451272326522e-05,2.7413206834333958e-05
0.92700000000000005,0,0,0,1.5564775108260631e-16,1.2111519660302036e-15,9.920437415597557e-15,0,5.3340647139910047e-05,2.6517564226430863e-05
0.92749999999999999,0,0,0,1.47865363528476e-16,1.1505943677286934e-15,9.4244155448176787e-15,0,5.1681535640279996e-05,2.5649854114597727e-05
0.92800000000000005,0,0,0,1.4047209535205219e-16,1.0930646493422586e-15,8.9531947675767942e-15,0,5.0070804139767944e-05,2.4809258632710533e-05
0.92849999999999999,0,0,0,1.334484905844496e-16,1.0384114168751458e-15,8.5055350291979563e-15,0,4.850716942295108e-05,2.399498171995781e-05
0.92900000000000005,0,0,0,1.2677606605522712e-16,9.8649084603138853e-16,8.0802582777380577e-15,0,4.6989377247563802e-05,2.3206248627171939e-05
0.92949999999999999,0,0,0,1.2043726275246575e-16,9.3716630372981924e-16,7.6762453638511551e-15,0,4.5516201896522723e-05,2.2442305430622556e-05
0.93000000000000005,0,0,0,1.1441539961484247e-16,8.9030798854332814e-16,7.2924330956585974e-15,0,4.4086445727287149e-05,2.1702418553238157e-05
0.93049999999999999,0,0,0,1.0869462963410034e-16,8.4579258911616183e-16,6.927811440875667e-15,0,4.2698938720220347e-05,2.0985874293336574e-05
0.93100000000000005,0,0,0,1.0325989815239533e-16,8.0350295966035377e-16,6.5814208688318842e-15,0,4.1352538025174468e-05,2.0291978361006948e-05
0.93149999999999999,0,0,0,9.8096903244775559e-17,7.6332781167733603e-16,6.2523498253902905e-15,0,4.0046127507631368e-05,1.9620055422056364e-05
0.93200000000000005,0,0,0,9.3192058082536779e-17,7.2516142109346926e-16,5.9397323341207762e-15,0,3.8778617295065487e-05,1.8969448649631573e-05
0.9325,0,0,0,8.8532455178409948e-17,6.8890335003879579e-16,5.6427457174147376e-15,0,3.7548943322862627e-05,1.833951928353641e-05
0.93300000000000005,0,0,0,8.4105832419489446e-17,6.5445818253685609e-16,5.360608431544e-15,0,3.6356066881237936e-05,1.7729646197142774e-05
0.9335,0,0,0,7.9900540798514976e-17,6.2173527341001326e-16,5.0925780099668e-15,0,3.5198974163486163e-05,1.713922547204694e-05
0.93400000000000005,0,0,0,7.590551375858922e-17,5.9064850973951262e-16,4.8379491094684598e-15,0,3.4076675815231106e-05,1.6567669980364613e-05
0.9345,0,0,0,7.2110238070659757e-17,5.6111608425253699e-16,4.5960516539950369e-15,0,3.298820648589551e-05,1.6014408974672341e-05
0.93500000000000005,0,0,0,6.8504726167126776e-17,5.3306028003991013e-16,4.3662490712952848e-15,0,3.1932624381836305e-05,1.5478887685574501e-05
0.9355,0,0,0,6.5079489858770437e-17,5.0640726603791463e-16,4.1479366177305205e-15,0,3.0909010822588456e-05,1.496056692683086e-05
0.93600000000000005,0,0,0,6.182551536583192e-17,4.8108690273601886e-16,3.9405397868439939e-15,0,2.9916469799107226e-05,1.4458922708066635e-05
0.9365,0,0,0,5.873423959754032e-17,4.5703255759921798e-16,3.7435127975017945e-15,0,2.895412753578519e-05,1.3973445854989298e-05
0.93700000000000006,0,0,0,5.5797527617663316e-17,4.3418092971925709e-16,3.5563371576267051e-15,0,2.8021132055133791e-05,1.3503641637062756e-05
0.9375,0,0,0,5.3007651236780147e-17,4.1247188323329421e-16,3.3785202997453698e-15,0,2.7116652746461689e-05,1.304902940260664e-05
0.93799999999999994,0,0,0,5.0357268674941141e-17,3.918482890716295e-16,3.2095942847581011e-15,0,2.6239879937883792e-05,1.2609142221158309e-05
0.9385,0,0,0,4.783940524119408e-17,3.7225587461804801e-16,3.0491145705201961e-15,0,2.5390024472882189e-05,1.21835265332357e-05
0.93899999999999995,0,0,0,4.544743497913438e-17,3.5364308088714563e-16,2.8966588419941862e-15,0,2.4566317290308781e-05,1.1771741807231389e-05
0.9395,0,0,0,4.3175063230177655e-17,3.3596092684278836e-16,2.7518258998944768e-15,0,2.3768009009161872e-05,1.1373360203467486e-05
0.93999999999999995,0,0,0,4.1016310068668774e-17,3.1916288050064891e-16,2.614234604899753e-15,0,2.2994369518025692e-05,1.0987966245366403e-05
0.9405,0,0,0,3.8965494565235335e-17,3.0320473647561645e-16,2.4835228746547653e-15,0,2.2244687568506727e-05,1.0615156497528274e-05
0.94099999999999995,0,0,0,3.7017219836973565e-17,2.8804449965183567e-16,2.3593467309220271e-15,0,2.151827037422116e-05,1.0254539250784065e-05
0.9415,0,0,0,3.5166358845124887e-17,2.7364227466924387e-16,2.2413793943759261e-15,0,2.0814443214112188e-05,9.9057342140766477e-06
0.94199999999999995,0,0,0,3.3408040902868641e-17,2.5996016093578167e-16,2.1293104246571297e-15,0,2.0132549041096404e-05,9.5683722130220487e-06
0.9425,0,0,0,3.1737638857725211e-17,2.4696215288899262e-16,2.0228449034242735e-15,0,1.9471948095706182e-05,9.2420948951571812e-06
0.94299999999999995,0,0,0,3.0150756914838955e-17,2.3461404524454298e-16,1.9217026582530596e-15,0,1.8832017525283185e-05,8.9265544418139296e-06
0.94350000000000001,0,0,0,2.8643219069097005e-17,2.2288334298231579e-16,1.8256175253404068e-15,0,1.8212151007834798e-05,8.6214132863618841e-06
0.94399999999999995,0,0,0,2.7211058115642159e-17,2.1173917583320003e-16,1.7343366490733863e-15,0,1.7611758381885778e-05,8.3263438389213561e-06
0.94450000000000001,0,0,0,2.5850505209860049e-17,2.0115221704154004e-16,1.647619816619717e-15,0,1.7030265281547941e-05,8.0410282172532187e-06
0.94499999999999995,0,0,0,2.4557979949367045e-17,1.9109460618946303e-16,1.5652388257887311e-15,0,1.6467112776696879e-05,7.7651579839424101e-06
0.94550000000000001,0,0,0,2.3330080951898695e-17,1.8153987587998986e-16,1.4869768844992945e-15,0,1.5921757019476956e-05,7.4984338896301159e-06
0.94599999999999995,0,0,0,2.216357690430376e-17,1.7246288208599036e-16,1.4126280402743297e-15,0,1.5393668895802293e-05,7.2405656222503666e-06
0.94650000000000001,0,0,0,2.1055398059088573e-17,1.6383973798169086e-16,1.3419966382606133e-15,0,1.4882333682408877e-05,6.9912715621521985e-06
0.94699999999999995,0,0,0,2.0002628156134146e-17,1.5564775108260631e-16,1.2748968063475827e-15,0,1.43872507100129e-05,6.7502785430169578e-06
0.94750000000000001,0,0,0,1.9002496748327438e-17,1.47865363528476e-16,1.2111519660302036e-15,0,1.3907933031576114e-05,6.5173216184988589e-06
0.94799999999999995,0,0,0,1.8052371910911065e-17,1.4047209535205219e-16,1.1505943677286934e-15,0,1.3443907096677421e-05,6.2921438345033305e-06
0.94850000000000001,0,0,0,1.7149753315365513e-17,1.334484905844496e-16,1.0930646493422586e-15,0,1.2994712431102506e-05,6.0744960068803054e-06
0.94899999999999995,0,0,0,1.6292265649597238e-17,1.2677606605522712e-16,1.0384114168751458e-15,0,1.2559901322428679e-05,5.8641365045925899e-06
0.94950000000000001,0,0,0,1.5477652367117374e-17,1.2043726275246575e-16,9.8649084603138853e-16,0,1.2139038510938782e-05,5.6608310381672596e-06
0.94999999999999996,0,0,0,1.4703769748761505e-17,1.1441539961484247e-16,9.3716630372981924e-16,0,1.1731700886530305e-05,5.464352453381828e-06
0.95050000000000001,0,0,0,1.3968581261323431e-17,1.0869462963410034e-16,8.9030798854332814e-16,0,1.1337477190953571e-05,5.2744805300251784e-06
0.95099999999999996,0,0,0,1.327015219825726e-17,1.0325989815239533e-16,8.4579258911616183e-16,0,1.0955967725601035e-05,5.0910017856930653e-06
0.95150000000000001,0,0,0,1.2606644588344397e-17,9.8096903244775559e-17,8.0350295966035377e-16,0,1.0586784064958721e-05,4.9137092845148405e-06
0.95199999999999996,0,0,0,1.1976312358927178e-17,9.3192058082536779e-17,7.6332781167733603e-16,0,1.0229548775497754e-05,4.7424024506540093e-06
0.95250000000000001,0,0,0,1.1377496740980819e-17,8.8532455178409948e-17,7.2516142109346926e-16,0,9.8838951403390496e-06,4.5768868866083461e-06
0.95299999999999996,0,0,0,1.0808621903931779e-17,8.4105832419489446e-17,6.8890335003879579e-16,0,9.5494668888029821e-06,4.4169741960565515e-06
0.95350000000000001,0,0,0,1.0268190808735189e-17,7.9900540798514976e-17,6.5445818253685609e-16,0,9.2259179318432416e-06,4.2624818113047002e-06
0.95399999999999996,0,0,0,9.7547812682984301e-18,7.590551375858922e-17,6.2173527341001326e-16,0,8.9129121026987335e-06,4.1132328251616696e-06
0.95450000000000002,0,0,0,9.267042204883507e-18,7.2110238070659757e-17,5.9064850973951262e-16,0,8.6101229026525061e-06,3.9690558271320294e-06
0.95499999999999996,0,0,0,8.8036900946393322e-18,6.8504726167126776e-17,5.6111608425253699e-16,0,8.3172332523417936e-06,3.8297847439050051e-06
0.95550000000000002,0,0,0,8.3635055899073662e-18,6.5079489858770437e-17,5.3306028003991013e-16,0,8.0339352480640613e-06,3.6952586840099023e-06
0.95599999999999996,0,0,0,7.9453303104119972e-18,6.182551536583192e-17,5.0640726603791463e-16,0,7.759929923301101e-06,3.5653217865148313e-06
0.95650000000000002,0,0,0,7.5480637948913989e-18,5.873423959754032e-17,4.8108690273601886e-16,0,7.4949270152391279e-06,3.4398230737782871e-06
0.95699999999999996,0,0,0,7.1706606051468278e-18,5.5797527617663316e-17,4.5703255759921798e-16,0,7.2386447365069273e-06,3.3186163080285295e-06
0.95750000000000002,0,0,0,6.8121275748894876e-18,5.3007651236780147e-17,4.3418092971925709e-16,0,6.9908095516879598e-06,3.2015598518037387e-06
0.95799999999999996,0,0,0,6.4715211961450136e-18,5.0357268674941141e-17,4.1247188323329421e-16,0,6.7511559586064251e-06,3.0885165321202859e-06
0.95850000000000002,0,0,0,6.1479451363377624e-18,4.783940524119408e-17,3.918482890716295e-16,0,6.5194262750534193e-06,2.9793535082825136e-06
0.95899999999999996,0,0,0,5.8405478795208742e-18,4.544743497913438e-17,3.7225587461804801e-16,0,6.2953704296209168e-06,2.8739421432903458e-06
0.95950000000000002,0,0,0,5.5485204855448305e-18,4.3175063230177655e-17,3.5364308088714563e-16,0,6.0787457573097115e-06,2.7721578786620107e-06
0.95999999999999996,0,0,0,5.271094461267589e-18,4.1016310068668774e-17,3.3596092684278836e-16,0,5.8693168001333618e-06,2.6738801126939629e-06
0.96050000000000002,0,0,0,5.0075397382042091e-18,3.8965494565235335e-17,3.1916288050064891e-16,0,5.6668551121630273e-06,2.5789920820567559e-06
0.96099999999999997,0,0,0,4.7571627512939989e-18,3.7017219836973565e-17,3.0320473647561645e-16,0,5.4711390689021755e-06,2.4873807466350925e-06
0.96150000000000002,0,0,0,4.519304613729299e-18,3.5166358845124887e-17,2.8804449965183567e-16,0,5.2819536811021806e-06,2.3989366775392787e-06
0.96199999999999997,0,0,0,4.2933393830428344e-18,3.3408040902868641e-17,2.7364227466924387e-16,0,5.0990904130188142e-06,2.313553948150638e-06
0.96250000000000002,0,0,0,4.0786724138906931e-18,3.1737638857725211e-17,2.5996016093578167e-16,0,4.9223470051096285e-06,2.2311300283039118e-06
0.96299999999999997,0,0,0,3.8747387931961587e-18,3.0150756914838955e-17,2.4696215288899262e-16,0,4.7515273006171199e-06,2.1515656813012466e-06
0.96350000000000002,0,0,0,3.6810018535363508e-18,2.8643219069097005e-17,2.3461404524454298e-16,0,4.5864410763707397e-06,2.0747648638668194e-06
0.96399999999999997,0,0,0,3.4969517608595332e-18,2.7211058115642159e-17,2.2288334298231579e-16,0,4.4269038780297976e-06,2.0006346288819754e-06
0.96450000000000002,0,0,0,3.3221041728165568e-18,2.5850505209860049e-17,2.1173917583320003e-16,0,4.2727368587680559e-06,1.9290850308863132e-06
0.96499999999999997,0,0,0,3.1559989641757291e-18,2.4557979949367045e-17,2.0115221704154004e-16,0,4.1237666221771718e-06,1.8600290342067049e-06
0.96550000000000002,0,0,0,2.9981990159669427e-18,2.3330080951898695e-17,1.9109460618946303e-16,0,3.97982506905592e-06,1.793382423726959e-06
0.96599999999999997,0,0,0,2.8482890651685956e-18,2.216357690430376e-17,1.8153987587998986e-16,0,3.8407492478631511e-06,1.7290637181522245e-06
0.96650000000000003,0,0,0,2.7058746119101658e-18,2.1055398059088573e-17,1.7246288208599036e-16,0,3.7063812089455084e-06,1.6669940857885433e-06
0.96699999999999997,0,0,0,2.5705808813146577e-18,2.0002628156134146e-17,1.6383973798169086e-16,0,3.5765678625399033e-06,1.6070972627223752e-06
0.96750000000000003,0,0,0,2.4420518372489247e-18,1.9002496748327438e-17,1.5564775108260631e-16,0,3.4511608397735927e-06,1.5492994733120573e-06
0.96799999999999997,0,0,0,2.3199492453864781e-18,1.8052371910911065e-17,1.47865363528476e-16,0,3.3300163582161701e-06,1.4935293530493833e-06
0.96850000000000003,0,0,0,2.2039517831171543e-18,1.7149753315365513e-17,1.4047209535205219e-16,0,3.2129950896520043e-06,1.4397178735594317e-06
0.96899999999999997,0,0,0,2.0937541939612965e-18,1.6292265649597238e-17,1.334484905844496e-16,0,3.0999620321825461e-06,1.3877982698442854e-06
0.96950000000000003,0,0,0,1.9890664842632317e-18,1.5477652367117374e-17,1.2677606605522712e-16,0,2.9907863849931715e-06,1.3377059695826033e-06
0.96999999999999997,0,0,0,1.8896131600500698e-18,1.4703769748761505e-17,1.2043726275246575e-16,0,2.8853414267837607e-06,1.2893785245678944e-06
0.97050000000000003,0,0,0,1.7951325020475664e-18,1.3968581261323431e-17,1.1441539961484247e-16,0,2.7835043970858564e-06,1.2427555440825801e-06
0.97099999999999997,0,0,0,1.7053758769451879e-18,1.327015219825726e-17,1.0869462963410034e-16,0,2.6851563806884471e-06,1.1977786302552881e-06
0.97150000000000003,0,0,0,1.6201070830979285e-18,1.2606644588344397e-17,1.0325989815239533e-16,0,2.590182195283397e-06,1.1543913153166923e-06
0.97199999999999998,0,0,0,1.539101728943032e-18,1.1976312358927178e-17,9.8096903244775559e-17,0,2.4984702818864335e-06,1.1125390007114759e-06
0.97250000000000003,0,0,0,1.4621466424958803e-18,1.1377496740980819e-17,9.3192058082536779e-17,0,2.4099125982557368e-06,1.0721688980258685e-06
0.97299999999999998,0,0,0,1.3890393103710863e-18,1.0808621903931779e-17,8.8532455178409948e-17,0,2.3244045149750647e-06,1.0332299716143429e-06
0.97350000000000003,0,0,0,1.319587344852532e-18,1.0268190808735189e-17,8.4105832419489446e-17,0,2.24184471453448e-06,9.9567288299082541e-07
0.97399999999999998,0,0,0,1.2536079776099053e-18,9.7547812682984301e-18,7.9900540798514976e-17,0,2.1621350930756122e-06,9.5944993688573342e-07
0.97450000000000003,0,0,0,1.1909275787294102e-18,9.267042204883507e-18,7.590551375858922e-17,0,2.0851806645794113e-06,9.2451502884017133e-07
0.97499999999999998,0,0,0,1.1313811997929397e-18,8.8036900946393322e-18,7.2110238070659757e-17,0,2.0108894679404798e-06,8.9082359444603881e-07
0.97550000000000003,0,0,0,1.0748121398032928e-18,8.3635055899073662e-18,6.8504726167126776e-17,0,1.9391724764838969e-06,8.5833256011029815e-07
0.97599999999999998,0,0,0,1.0210715328131281e-18,7.9453303104119972e-18,6.5079489858770437e-17,0,1.8699435095914652e-06,8.2700029523822134e-07
0.97650000000000003,0,0,0,9.7001795617247172e-19,7.5480637948913989e-18,6.182551536583192e-17,0,1.8031191474365826e-06,7.9678656594685748e-07
0.97699999999999998,0,0,0,9.2151705836384812e-19,7.1706606051468278e-18,5.873423959754032e-17,0,1.7386186472734266e-06,7.6765249013718726e-07
0.97750000000000004,0,0,0,8.7544120544565575e-19,6.8121275748894876e-18,5.5797527617663316e-17,0,1.6763638629457844e-06,7.3956049392864163e-07
0.97799999999999998,0,0,0,8.3166914517337298e-19,6.4715211961450136e-18,5.3007651236780147e-17,0,1.6162791656171294e-06,7.1247426944553457e-07
0.97850000000000004,0,0,0,7.9008568791470433e-19,6.1479451363377624e-18,5.0357268674941141e-17,0,1.5582913676093213e-06,6.8635873385863923e-07
0.97899999999999998,0,0,0,7.5058140351896909e-19,5.8405478795208742e-18,4.783940524119408e-17,0,1.5023296476845971e-06,6.6117998969583667e-07
0.97950000000000004,0,0,0,7.1305233334302068e-19,5.5485204855448305e-18,4.544743497913438e-17,0,1.4483254789920963e-06,6.3690528637953239e-07
0.97999999999999998,0,0,0,6.7739971667586969e-19,5.271094461267589e-18,4.3175063230177655e-17,0,1.3962125585686991e-06,6.1350298295037134e-07
0.98050000000000004,0,0,0,6.4352973084207621e-19,5.0075397382042091e-18,4.1016310068668774e-17,0,1.3459267391713325e-06,5.9094251191228919e-07
0.98099999999999998,0,0,0,6.1135324429997246e-19,4.7571627512939989e-18,3.8965494565235335e-17,0,1.2974059628856338e-06,5.6919434425928844e-07
0.98150000000000004,0,0,0,5.8078558208497376e-19,4.519304613729299e-18,3.7017219836973565e-17,0,1.25059019651097e-06,5.4822995549206603e-07
0.98199999999999998,0,0,0,5.5174630298072507e-19,4.2933393830428344e-18,3.5166358845124887e-17,0,1.2054213691659044e-06,5.2802179274338642e-07
0.98250000000000004,0,0,0,5.2415898783168876e-19,4.0786724138906931e-18,3.3408040902868641e-17,0,1.1618433112259297e-06,5.0854324296131371e-07
0.98299999999999998,0,0,0,4.9795103844010425e-19,3.8747387931961587e-18,3.1737638857725211e-17,0,1.1198016952596035e-06,4.8976860197573852e-07
0.98350000000000004,0,0,0,4.7305348651809902e-19,3.6810018535363508e-18,3.0150756914838955e-17,0,1.0792439788520625e-06,4.7167304466834104e-07
0.98399999999999999,0,0,0,4.4940081219219401e-19,3.4969517608595332e-18,2.8643219069097005e-17,0,1.0401193486497817e-06,4.5423259595280222e-07
0.98450000000000004,0,0,0,4.269307715825843e-19,3.3221041728165568e-18,2.7211058115642159e-17,0,1.002378666403736e-06,4.3742410277221856e-07
0.98499999999999999,0,0,0,4.0558423300345511e-19,3.1559989641757291e-18,2.5850505209860049e-17,0,9.6597441645585036e-07,4.2122520690187361e-07
0.98550000000000004,0,0,0,3.8530502135328237e-19,2.9981990159669427e-18,2.4557979949367045e-17,0,9.3086065444669686e-07,4.0561431861182242e-07
0.98599999999999999,0,0,0,3.6603977028561828e-19,2.8482890651685956e-18,2.3330080951898695e-17,0,8.9699295835465875e-07,3.9057059122483829e-07
0.98650000000000004,0,0,0,3.4773778177133738e-19,2.7058746119101658e-18,2.216357690430376e-17,0,8.6432837986816224e-07,3.7607389641302952e-07
0.98699999999999999,0,0,0,3.303508926827705e-19,2.5705808813146577e-18,2.1055398059088573e-17,0,8.3282539820039858e-07,3.6210480031073852e-07
0.98750000000000004,0,0,0,3.1383334804863198e-19,2.4420518372489247e-18,2.0002628156134146e-17,0,8.0244387479222468e-07,3.4864454039158818e-07
0.98799999999999999,0,0,0,2.9814168064620037e-19,2.3199492453864781e-18,1.9002496748327438e-17,0,7.7314500912528672e-07,3.3567500303709383e-07
0.98850000000000005,0,0,0,2.8323459661389035e-19,2.2039517831171543e-18,1.8052371910911065e-17,0,7.4489129642252294e-07,3.2317870187795898e-07
0.98899999999999999,0,0,0,2.6907286678319585e-19,2.0937541939612965e-18,1.7149753315365513e-17,0,7.1764648612582249e-07,3.1113875678110949e-07
0.98950000000000005,0,0,0,2.5561922344403604e-19,1.9890664842632317e-18,1.6292265649597238e-17,0,6.9137554203901885e-07,2.9953887356664671e-07
0.98999999999999999,0,0,0,2.4283826227183424e-19,1.8896131600500698e-18,1.5477652367117374e-17,0,6.6604460335906168e-07,2.8836332430407436e-07
0.99050000000000005,0,0,0,2.3069634915824255e-19,1.7951325020475664e-18,1.4703769748761505e-17,0,6.4162094681741166e-07,2.7759692832075668e-07
0.99099999999999999,0,0,0,2.1916153170033043e-19,1.7053758769451879e-18,1.3968581261323431e-17,0,6.1807295026472531e-07,2.6722503371385547e-07
0.99150000000000005,0,0,0,2.082034551153139e-19,1.6201070830979285e-18,1.327015219825726e-17,0,5.9537005703269585e-07,2.5723349957642013e-07
0.99199999999999999,0,0,0,1.977932823595482e-19,1.539101728943032e-18,1.2606644588344397e-17,0,5.7348274196122873e-07,2.4760867875391105e-07
0.99250000000000005,0,0,0,1.8790361824157081e-19,1.4621466424958803e-18,1.1976312358927178e-17,0,5.5238247753663927e-07,2.3833740113972417e-07
0.99299999999999999,0,0,0,1.7850843732949225e-19,1.3890393103710863e-18,1.1377496740980819e-17,0,5.3204170180620736e-07,2.2940695747676167e-07
0.99350000000000005,0,0,0,1.6958301546301762e-19,1.319587344852532e-18,1.0808621903931779e-17,0,5.1243378718091037e-07,2.208050837977336e-07
0.99399999999999999,0,0,0,1.6110386468986676e-19,1.2536079776099053e-18,1.0268190808735189e-17,0,4.9353300990429005e-07,2.125199462952585e-07
0.99450000000000005,0,0,0,1.5304867145537342e-19,1.1909275787294102e-18,9.7547812682984301e-18,0,4.7531452052052003e-07,2.045401266652744e-07
0.995,0,0,0,1.4539623788260475e-19,1.1313811997929397e-18,9.267042204883507e-18,0,4.577543154526964e-07,1.9685460800356271e-07
0.99550000000000005,0,0,0,1.3812642598847452e-19,1.0748121398032928e-18,8.8036900946393322e-18,0,4.408292094693067e-07,1.8945276110188097e-07
0.996,0,0,0,1.3122010468905079e-19,1.0210715328131281e-18,8.3635055899073662e-18,0,4.2451680859478813e-07,1.8232433119769878e-07
0.99650000000000005,0,0,0,1.2465909945459825e-19,9.7001795617247172e-19,7.9453303104119972e-18,0,4.0879548446337566e-07,1.7545942521278279e-07
0.997,0,0,0,1.1842614448186832e-19,9.2151705836384812e-19,7.5480637948913989e-18,0,3.9364434900601708e-07,1.6884849934944078e-07
0.99750000000000005,0,0,0,1.1250483725777492e-19,8.7544120544565575e-19,7.1706606051468278e-18,0,3.7904322991444417e-07,1.6248234712583453e-07
0.998,0,0,0,1.0687959539488617e-19,8.3166914517337298e-19,6.8121275748894876e-18,0,3.6497264743751145e-07,1.5635208781355539e-07
0.99850000000000005,0,0,0,1.0153561562514186e-19,7.9008568791470433e-19,6.4715211961450136e-18,0,3.5141379117753502e-07,1.5044915522773659e-07
0.999,0,0,0,9.6458834843884763e-20,7.5058140351896909e-19,6.1479451363377624e-18,0,3.3834849810787659e-07,1.4476528692719074e-07
0.99950000000000006,0,0,0,9.1635893101690526e-20,7.1305233334302068e-19,5.8405478795208742e-18,0,3.257592309235946e-07,1.3929251372075244e-07
1,0,0,0,8.7054098446605997e-20,6.7739971667586969e-19,5.5485204855448305e-18,0,3.1362905750231818e-07,1.3402314959195109e-07
1.0004999999999999,0,0,0,8.2701393524275699e-20,6.4352973084207621e-19,5.271094461267589e-18,0,3.0194163058716583e-07,1.28949781871061e-07
1.0009999999999999,0,0,0,7.8566323848061919e-20,6.1135324429997246e-19,5.0075397382042091e-18,0,2.9068116857988713e-07,1.2406526183847965e-07
1.0015000000000001,0,0,0,7.4638007655658829e-20,5.8078558208497376e-19,4.7571627512939989e-18,0,2.7983243622298204e-07,1.1936269553256859e-07
1.002,0,0,0,7.0906107272875894e-20,5.5174630298072507e-19,4.519304613729299e-18,0,2.6938072683613257e-07,1.1483543497365865e-07
1.0024999999999999,0,0,0,6.7360801909232095e-20,5.2415898783168876e-19,4.2933393830428344e-18,0,2.5931184433058974e-07,1.1047706959546909e-07
1.0029999999999999,0,0,0,6.3992761813770479e-20,4.9795103844010425e-19,4.0786724138906931e-18,0,2.4961208611173902e-07,1.0628141799181898e-07
1.0035000000000001,0,0,0,6.0793123723081959e-20,4.7305348651809902e-19,3.8747387931961587e-18,0,2.4026822653677726e-07,1.0224251995910316e-07
1.004,0,0,0,5.775346753692785e-20,4.4940081219219401e-19,3.6810018535363508e-18,0,2.3126750103852345e-07,9.8354628783235945e-08
1.0044999999999999,0,0,0,5.4865794160081468e-20,4.269307715825843e-19,3.4969517608595332e-18,0,2.2259759036025173e-07,9.4612203801825947e-08
1.0049999999999999,0,0,0,5.212250445207739e-20,4.0558423300345511e-19,3.3221041728165568e-18,0,2.1424660567870291e-07,9.1009903197415214e-08
1.0055000000000001,0,0,0,4.9516379229473517e-20,3.8530502135328237e-19,3.1559989641757291e-18,0,2.062030739491405e-07,8.7542577057199956e-08
1.006,0,0,0,4.7040560267999849e-20,3.6603977028561828e-19,2.9981990159669427e-18,0,1.9845592402756296e-07,8.4205260670953772e-08
1.0065,0,0,0,4.4688532254599851e-20,3.4773778177133738e-19,2.8482890651685956e-18,0,1.9099447301496042e-07,8.0993168035843195e-08
1.0069999999999999,0,0,0,4.2454105641869857e-20,3.303508926827705e-19,2.7058746119101658e-18,0,1.8380841282361615e-07,7.790168557339689e-08
1.0075000000000001,0,0,0,4.0331400359776368e-20,3.1383334804863198e-19,2.5705808813146577e-18,0,1.7688779774260865e-07,7.4926366074912636e-08
1.008,0,0,0,3.8314830341787547e-20,2.9814168064620037e-19,2.4420518372489247e-18,0,1.7022303200331379e-07,7.2062922873082238e-08
1.0085,0,0,0,3.6399088824698172e-20,2.8323459661389035e-19,2.3199492453864781e-18,0,1.6380485790001842e-07,6.9307224174136307e-08
1.0089999999999999,0,0,0,3.4579134383463262e-20,2.6907286678319585e-19,2.2039517831171543e-18,0,1.5762434413257864e-07,6.6655287610420943e-08
1.0095000000000001,0,0,0,3.2850177664290104e-20,2.5561922344403604e-19,2.0937541939612965e-18,0,1.5167287481521186e-07,6.4103274975417112e-08
1.01,0,0,0,3.1207668781075594e-20,2.4283826227183424e-19,1.9890664842632317e-18,0,1.4594213848528881e-07,6.1647487103553949e-08
1.0105,0,0,0,2.9647285342021813e-20,2.3069634915824255e-19,1.8896131600500698e-18,0,1.4042411788928177e-07,5.9284359011587843e-08
1.0109999999999999,0,0,0,2.8164921074920721e-20,2.1916153170033043e-19,1.7951325020475664e-18,0,1.3511107976871273e-07,5.7010455082227889e-08
1.0115000000000001,0,0,0,2.6756675021174688e-20,2.082034551153139e-19,1.7053758769451879e-18,0,1.2999556520121303e-07,5.4822464545184566e-08
1.012,0,0,0,2.5418841270115955e-20,1.977932823595482e-19,1.6201070830979285e-18,0,1.250703798305608e-07,5.2717197011021951e-08
1.0125,0,0,0,2.4147899206610158e-20,1.8790361824157081e-19,1.539101728943032e-18,0,1.2032858531796364e-07,5.0691578193676531e-08
1.0129999999999999,0,0,0,2.2940504246279651e-20,1.7850843732949225e-19,1.4621466424958803e-18,0,1.1576348990516294e-07,4.8742645794682749e-08
1.0135000000000001,0,0,0,2.1793479033965667e-20,1.6958301546301762e-19,1.3890393103710863e-18,0,1.1136864042082806e-07,4.6867545544356348e-08
1.014,0,0,0,2.0703805082267385e-20,1.6110386468986676e-19,1.319587344852532e-18,0,1.0713781362081676e-07,4.5063527306886916e-08
1.0145,0,0,0,1.9668614828154016e-20,1.5304867145537342e-19,1.2536079776099053e-18,0,1.0306500852763634e-07,4.332794140704609e-08
1.0149999999999999,0,0,0,1.8685184086746312e-20,1.4539623788260475e-19,1.1909275787294102e-18,0,9.914443865888245e-08,4.1658235050162423e-08
1.0155000000000001,0,0,0,1.7750924882409e-20,1.3812642598847452e-19,1.1313811997929397e-18,0,9.5370524255677935e-08,4.0051948802978562e-08
1.016,0,0,0,1.6863378638288549e-20,1.3122010468905079e-19,1.0748121398032928e-18,0,9.1737885621334669e-08,3.8506713319847985e-08
1.0165,0,0,0,1.6020209706374121e-20,1.2465909945459825e-19,1.0210715328131281e-18,0,8.8241335682859301e-08,3.7020246074886258e-08
1.0169999999999999,0,0,0,1.5219199221055413e-20,1.1842614448186832e-19,9.7001795617247172e-19,0,8.4875873662682011e-08,3.5590348290756349e-08
1.0175000000000001,0,0,0,1.4458239260002644e-20,1.1250483725777492e-19,9.2151705836384812e-19,0,8.163667819527376e-08,3.4214901893013817e-08
1.018,0,0,0,1.3735327297002513e-20,1.0687959539488617e-19,8.7544120544565575e-19,0,7.8519101553986559e-08,3.289186663533461e-08
1.0185,0,0,0,1.3048560932152386e-20,1.0153561562514186e-19,8.3166914517337298e-19,0,7.5518662989715324e-08,3.1619277297741814e-08
1.0189999999999999,0,0,0,1.2396132885544767e-20,9.6458834843884763e-20,7.9008568791470433e-19,0,7.2631043401827355e-08,3.0395241009583267e-08
1.0195000000000001,0,0,0,1.1776326241267528e-20,9.1635893101690526e-20,7.5058140351896909e-19,0,6.9852079342958007e-08,2.9217934615394426e-08
1.02,0,0,0,1.1187509929204153e-20,8.7054098446605997e-20,7.1305233334302068e-19,0,6.7177757689940165e-08,2.8085602158704344e-08
1.0205,0,0,0,1.0628134432743945e-20,8.2701393524275699e-20,6.7739971667586969e-19,0,6.4604210203711432e-08,2.6996552468531927e-08
1.0209999999999999,0,0,0,1.0096727711106748e-20,7.8566323848061919e-20,6.4352973084207621e-19,0,6.2127708755355115e-08,2.5949156825765908e-08
1.0215000000000001,0,0,0,9.5918913255514094e-21,7.4638007655658829e-20,6.1135324429997246e-19,0,5.9744660108052017e-08,2.4941846720240562e-08
1.022,0,0,0,9.1122967592738397e-21,7.0906107272875894e-20,5.8078558208497376e-19,0,5.7451601254143725e-08,2.3973111628466162e-08
1.0225,0,0,0,8.6566819213101474e-21,6.7360801909232095e-20,5.5174630298072507e-19,0,5.5245194752195914e-08,2.3041496959040035e-08
1.0229999999999999,0,0,0,8.2238478252446401e-21,6.3992761813770479e-20,5.2415898783168876e-19,0,5.3122224397128548e-08,2.2145601991867575e-08
1.0235000000000001,0,0,0,7.8126554339824093e-21,6.0793123723081959e-20,4.9795103844010425e-19,0,5.107959077932378e-08,2.1284077928990732e-08
1.024,0,0,0,7.4220226622832877e-21,5.775346753692785e-20,4.7305348651809902e-19,0,4.9114307287823067e-08,2.0455626031121209e-08
1.0245,0,0,0,7.0509215291691233e-21,5.4865794160081468e-20,4.4940081219219401e-19,0,4.7223496113524277e-08,1.9658995784420185e-08
1.0249999999999999,0,0,0,6.6983754527106674e-21,5.212250445207739e-20,4.269307715825843e-19,0,4.5404384252378804e-08,1.8892983125571675e-08
1.0255000000000001,0,0,0,6.363456680075134e-21,4.9516379229473517e-20,4.0558423300345511e-19,0,4.3654299841655586e-08,1.8156428782007546e-08
1.026,0,0,0,6.0452838460713775e-21,4.7040560267999849e-20,3.8530502135328237e-19,0,4.1970668718249726e-08,1.744821662305192e-08
1.0265,0,0,0,5.7430196537678081e-21,4.4688532254599851e-20,3.6603977028561828e-19,0,4.035101053290191e-08,1.6767272108142173e-08
1.0269999999999999,0,0,0,5.4558686710794171e-21,4.2454105641869857e-20,3.4773778177133738e-19,0,3.8792935974640841e-08,1.6112560734170309e-08
1.0275000000000001,0,0,0,5.1830752375254472e-21,4.0331400359776368e-20,3.303508926827705e-19,0,3.7294142885002657e-08,1.5483086572198815e-08
1.028,0,0,0,4.923921475649174e-21,3.8314830341787547e-20,3.1383334804863198e-19,0,3.5852413704517971e-08,1.487789090106756e-08
1.0285,0,0,0,4.6777254018667159e-21,3.6399088824698172e-20,2.9814168064620037e-19,0,3.4465612142042801e-08,1.4296050801450611e-08
1.0289999999999999,0,0,0,4.4438391317733803e-21,3.4579134383463262e-20,2.8323459661389035e-19,0,3.31316802881787e-08,1.3736677878293261e-08
1.0295000000000001,0,0,0,4.2216471751847117e-21,3.2850177664290104e-20,2.6907286678319585e-19,0,3.18486358397152e-08,1.3198916938554782e-08
1.03,0,0,0,4.0105648164254756e-21,3.1207668781075594e-20,2.5561922344403604e-19,0,3.0614569546116854e-08,1.2681944858222399e-08
1.0305,0,0,0,3.8100365756042016e-21,2.9647285342021813e-20,2.4283826227183424e-19,0,2.9427642100898765e-08,1.2184969315881249e-08
1.0309999999999999,0,0,0,3.6195347468239914e-21,2.8164921074920721e-20,2.3069634915824255e-19,0,2.8286082254247447e-08,1.1707227709020922e-08
1.0315000000000001,0,0,0,3.4385580094827925e-21,2.6756675021174688e-20,2.1916153170033043e-19,0,2.7188183926440956e-08,1.1247986061130344e-08
1.032,0,0,0,3.2666301090086526e-21,2.5418841270115955e-20,2.082034551153139e-19,0,2.6132304098425152e-08,1.0806537961328911e-08
1.0325,0,0,0,3.1032986035582196e-21,2.4147899206610158e-20,1.977932823595482e-19,0,2.5116860258300733e-08,1.0382203525236563e-08
1.0329999999999999,0,0,0,2.9481336733803087e-21,2.2940504246279651e-20,1.8790361824157081e-19,0,2.4140328513944098e-08,9.9743284596567846e-09
1.0335000000000001,0,0,0,2.8007269897112932e-21,2.1793479033965667e-20,1.7850843732949225e-19,0,2.3201241261538996e-08,9.5822830665283535e-09
1.034,0,0,0,2.6606906402257287e-21,2.0703805082267385e-20,1.6958301546301762e-19,0,2.2298185298197382e-08,9.2054613871303173e-09
1.0345,0,0,0,2.5276561082144422e-21,1.9668614828154016e-20,1.6110386468986676e-19,0,2.1429799823557971e-08,8.843280283643516e-09
1.0349999999999999,0,0,0,2.4012733028037203e-21,1.8685184086746312e-20,1.5304867145537342e-19,0,2.05947744413848e-08,8.4951786211677024e-09
1.0355000000000001,0,0,0,2.2812096376635344e-21,1.7750924882409e-20,1.4539623788260475e-19,0,1.9791847383210381e-08,8.1606164382150093e-09
1.036,0,0,0,2.1671491557803579e-21,1.6863378638288549e-20,1.3812642598847452e-19,0,1.9019803731978868e-08,7.8390741482304468e-09
1.0365,0,0,0,2.0587916979913399e-21,1.6020209706374121e-20,1.3122010468905079e-19,0,1.8277473867733818e-08,7.5300518256151798e-09
1.0369999999999999,0,0,0,1.955852113091773e-21,1.5219199221055413e-20,1.2465909945459825e-19,0,1.756373158023905e-08,7.2330684441129031e-09
1.0375000000000001,0,0,0,1.8580595074371847e-21,1.4458239260002644e-20,1.1842614448186832e-19,0,1.6877492514666415e-08,6.947661161198735e-09
1.038,0,0,0,1.7651565320653253e-21,1.3735327297002513e-20,1.1250483725777492e-19,0,1.621771295035046e-08,6.6733846838967396e-09
1.0385,0,0,0,1.6768987054620593e-21,1.3048560932152386e-20,1.0687959539488617e-19,0,1.5583387802386994e-08,6.4098105849538312e-09
1.0389999999999999,0,0,0,1.5930537701889562e-21,1.2396132885544767e-20,1.0153561562514186e-19,0,1.4973549844476963e-08,6.1565266894058436e-09
1.0395000000000001,0,0,0,1.5134010816795084e-21,1.1776326241267528e-20,9.6458834843884763e-20,0,1.4387267599502707e-08,5.9131364428450285e-09
1.04,0,0,0,1.4377310275955329e-21,1.1187509929204153e-20,9.1635893101690526e-20,0,1.3823644784416445e-08,5.679258370541087e-09
1.0405,0,0,0,1.3658444762157562e-21,1.0628134432743945e-20,8.7054098446605997e-20,0,1.3281818311838833e-08,5.4545254673713222e-09
1.0409999999999999,0,0,0,1.2975522524049683e-21,1.0096727711106748e-20,8.2701393524275699e-20,0,1.2760957734947453e-08,5.2385847224817812e-09
1.0415000000000001,0,0,0,1.2326746397847198e-21,9.5918913255514094e-21,7.8566323848061919e-20,0,1.226026347111997e-08,5.0310965263009345e-09
1.042,0,0,0,1.1710409077954839e-21,9.1122967592738397e-21,7.4638007655658829e-20,0,1.1778965913755712e-08,4.8317341806529547e-09
1.0425,0,0,0,1.1124888624057095e-21,8.6566819213101474e-21,7.0906107272875894e-20,0,1.1316324544097256e-08,4.6401834761721222e-09
1.0429999999999999,0,0,0,1.0568644192854241e-21,8.2238478252446401e-21,6.7360801909232095e-20,0,1.0871626487940489e-08,4.4561421466024691e-09
1.0435000000000001,0,0,0,1.0040211983211528e-21,7.8126554339824093e-21,6.3992761813770479e-20,0,1.0444185738478495e-08,4.2793194740272971e-09
1.044,0,0,0,9.5382013840509538e-22,7.4220226622832877e-21,6.0793123723081959e-20,0,1.0033342046078531e-08,4.109435838424732e-09
1.0445,0,0,0,9.0612913148484065e-22,7.0509215291691233e-21,5.775346753692785e-20,0,9.6384600301036016e-09,3.9462222822797589e-09
1.0449999999999999,0,0,0,8.6082267491059867e-22,6.6983754527106674e-21,5.4865794160081468e-20,0,9.2589282907340476e-09,3.7894201492738115e-09
1.0455000000000001,0,0,0,8.1778154116506865e-22,6.363456680075134e-21,5.212250445207739e-20,0,8.8941582987445145e-09,3.6387806556823147e-09
1.046,0,0,0,7.7689246410681517e-22,6.0452838460713775e-21,4.9516379229473517e-20,0,8.543583951414746e-09,3.4940645463435056e-09
1.0465,0,0,0,7.3804784090147438e-22,5.7430196537678081e-21,4.7040560267999849e-20,0,8.2066603512842562e-09,3.3550417287346863e-09
1.0469999999999999,0,0,0,7.0114544885640071e-22,5.4558686710794171e-21,4.4688532254599851e-20,0,7.882863251040817e-09,3.221490918457102e-09
1.0475000000000001,0,0,0,6.6608817641358072e-22,5.1830752375254472e-21,4.2454105641869857e-20,0,7.5716882763643412e-09,3.0931993307175272e-09
1.048,0,0,0,6.3278376759290172e-22,4.923921475649174e-21,4.0331400359776368e-20,0,7.2726500377484626e-09,2.9699623375864611e-09
1.0485,0,0,0,6.0114457921325666e-22,4.6777254018667159e-21,3.8314830341787547e-20,0,6.9852815753890241e-09,2.8515831543152697e-09
1.0489999999999999,0,0,0,5.7108735025259378e-22,4.4438391317733803e-21,3.6399088824698172e-20,0,6.7091335820279596e-09,2.737872557472165e-09
1.0495000000000001,0,0,0,5.4253298273996403e-22,4.2216471751847117e-21,3.4579134383463262e-20,0,6.4437738478417828e-09,2.628648610999014e-09
1.05,0,0,0,5.1540633360296592e-22,4.0105648164254756e-21,3.2850177664290104e-20,0,6.1887864832854689e-09,2.5237363588892723e-09
1.0505,0,0,0,4.8963601692281761e-22,3.8100365756042016e-21,3.1207668781075594e-20,0,5.9437713639809431e-09,2.4229675860255603e-09
1.0509999999999999,0,0,0,4.6515421607667667e-22,3.6195347468239914e-21,2.9647285342021813e-20,0,5.7083436866278703e-09,2.3261805464115157e-09
1.0515000000000001,0,0,0,4.4189650527284282e-22,3.4385580094827925e-21,2.8164921074920721e-20,0,5.482133191847538e-09,2.2332197343683703e-09
1.052,0,0,0,4.1980168000920075e-22,3.2666301090086526e-21,2.6756675021174688e-20,0,5.2647837200936465e-09,2.1439356323787337e-09
1.0525,0,0,0,3.9881159600874069e-22,3.1032986035582196e-21,2.5418841270115955e-20,0,5.0559526565407964e-09,2.0581844822356017e-09
1.0529999999999999,0,0,0,3.7887101620830368e-22,2.9481336733803087e-21,2.4147899206610158e-20,0,4.855310486995279e-09,1.9758280842542965e-09
1.0535000000000001,0,0,0,3.5992746539788846e-22,2.8007269897112932e-21,2.2940504246279651e-20,0,4.6625401317612614e-09,1.8967335762538629e-09
1.054,0,0,0,3.4193109212799404e-22,2.6606906402257287e-21,2.1793479033965667e-20,0,4.4773368346184839e-09,1.8207732250320163e-09
1.0545,0,0,0,3.2483453752159428e-22,2.5276561082144422e-21,2.0703805082267385e-20,0,4.2994072746438405e-09,1.7478242388454066e-09
1.0549999999999999,0,0,0,3.0859281064551456e-22,2.4012733028037203e-21,1.9668614828154016e-20,0,4.1284693441667741e-09,1.6777685679020829e-09
1.0555000000000001,0,0,0,2.9316317011323884e-22,2.2812096376635344e-21,1.8685184086746312e-20,0,3.9642518157023687e-09,1.610492735577997e-09
1.056,0,0,0,2.7850501160757691e-22,2.1671491557803579e-21,1.7750924882409e-20,0,3.8064937868398374e-09,1.5458876639898683e-09
1.0565,0,0,0,2.6457976102719803e-22,2.0587916979913399e-21,1.6863378638288549e-20,0,3.6549443471756149e-09,1.4838485087338137e-09
1.0569999999999999,0,0,0,2.5135077297583816e-22,1.955852113091773e-21,1.6020209706374121e-20,0,3.5093622452464501e-09,1.4242744867573801e-09
1.0575000000000001,0,0,0,2.3878323432704621e-22,1.8580595074371847e-21,1.5219199221055413e-20,0,3.369515333417894e-09,1.3670687254488201e-09
1.0580000000000001,0,0,0,2.2684407261069393e-22,1.7651565320653253e-21,1.4458239260002644e-20,0,3.2351804568619968e-09,1.3121380870271058e-09
1.0585,0,0,0,2.1550186898015921e-22,1.6768987054620593e-21,1.3735327297002513e-20,0,3.1061431204904011e-09,1.2593931053068443e-09
1.0589999999999999,0,0,0,2.0472677553115125e-22,1.5930537701889562e-21,1.3048560932152386e-20,0,2.9821968228205264e-09,1.2087477388229651e-09
1.0595000000000001,0,0,0,1.9449043675459368e-22,1.5134010816795084e-21,1.2396132885544767e-20,0,2.8631432780201749e-09,1.1601193253242322e-09
1.0600000000000001,0,0,0,1.8476591491686401e-22,1.4377310275955329e-21,1.1776326241267528e-20,0,2.7487915277291108e-09,1.1134283850201757e-09
1.0605,0,0,0,1.7552761917102081e-22,1.3658444762157562e-21,1.1187509929204153e-20,0,2.6389581631036663e-09,1.0685985435442742e-09
1.0609999999999999,0,0,0,1.6675123821246978e-22,1.2975522524049683e-21,1.0628134432743945e-20,0,2.5334667697052282e-09,1.025556404567212e-09
1.0615000000000001,0,0,0,1.5841367630184629e-22,1.2326746397847198e-21,1.0096727711106748e-20,0,2.4321478164779364e-09,9.8423144094203529e-10
1.0620000000000001,0,0,0,1.5049299248675396e-22,1.1710409077954839e-21,9.5918913255514094e-21,0,2.3348382116594735e-09,9.4455587224691754e-10
1.0625,0,0,0,1.4296834286241626e-22,1.1124888624057095e-21,9.1122967592738397e-21,0,2.2413810807364598e-09,9.0646455914818878e-10
1.0629999999999999,0,0,0,1.3581992571929546e-22,1.0568644192854241e-21,8.6566819213101474e-21,0,2.1516257664444538e-09,8.6989490874326288e-10
1.0634999999999999,0,0,0,1.2902892943333069e-22,1.0040211983211528e-21,8.2238478252446401e-21,0,2.0654272736564394e-09,8.3478676137138937e-10
1.0640000000000001,0,0,0,1.2257748296166414e-22,9.5382013840509538e-22,7.8126554339824093e-21,0,1.9826463804051286e-09,8.0108231672622757e-10
1.0645,0,0,0,1.1644860881358093e-22,9.0612913148484065e-22,7.4220226622832877e-21,0,1.9031490827714492e-09,7.6872603422456275e-10
1.0649999999999999,0,0,0,1.1062617837290188e-22,8.6082267491059867e-22,7.0509215291691233e-21,0,1.8268067059068471e-09,7.3766452941980769e-10
1.0654999999999999,0,0,0,1.050948694542568e-22,8.1778154116506865e-22,6.6983754527106674e-21,0,1.7534953489217742e-09,7.0784651923284199e-10
1.0660000000000001,0,0,0,9.984012598154395e-23,7.7689246410681517e-22,6.363456680075134e-21,0,1.6830962179525955e-09,6.7922274765051e-10
1.0665,0,0,0,9.4848119682466762e-23,7.3804784090147438e-22,6.0452838460713775e-21,0,1.6154948490054721e-09,6.5174587297423455e-10
1.0669999999999999,0,0,0,9.0105713698343412e-23,7.0114544885640071e-22,5.7430196537678081e-21,0,1.5505812189786639e-09,6.2537038136861325e-10
1.0674999999999999,0,0,0,8.5600428013426254e-23,6.6608817641358072e-22,5.4558686710794171e-21,0,1.4882497456625288e-09,6.0005256897727449e-10
1.0680000000000001,0,0,0,8.1320406612754931e-23,6.3278376759290172e-22,5.1830752375254472e-21,0,1.4283989546726161e-09,5.7575047884929134e-10
1.0685,0,0,0,7.7254386282117188e-23,6.0114457921325666e-22,4.923921475649174e-21,0,1.3709311463827589e-09,5.5242375696771784e-10
1.069,0,0,0,7.3391666968011334e-23,5.7108735025259378e-22,4.6777254018667159e-21,0,1.3157525069473763e-09,5.3003363536703828e-10
1.0694999999999999,0,0,0,6.9722083619610766e-23,5.4253298273996403e-22,4.4438391317733803e-21,0,1.2627727752345663e-09,5.0854288256320234e-10
1.0700000000000001,0,0,0,6.6235979438630231e-23,5.1540633360296592e-22,4.2216471751847117e-21,0,1.2119053538484081e-09,4.8791574549584677e-10
1.0705,0,0,0,6.2924180466698724e-23,4.8963601692281761e-22,4.0105648164254756e-21,0,1.1630669760620549e-09,4.6811786023025401e-10
1.071,0,0,0,5.9777971443363794e-23,4.6515421607667667e-22,3.8100365756042016e-21,0,1.1161774837731286e-09,4.4911619366557461e-10
1.0714999999999999,0,0,0,5.6789072871195607e-23,4.4189650527284282e-22,3.6195347468239914e-21,0,1.0711600495483253e-09,4.3087904403266108e-10
1.0720000000000001,0,0,0,5.3949619227635829e-23,4.1980168000920075e-22,3.4385580094827925e-21,0,1.0279407325342049e-09,4.1337595127041813e-10
1.0725,0,0,0,5.1252138266254034e-23,3.9881159600874069e-22,3.2666301090086526e-21,0,9.8644847845719141e-10,3.9657766422108277e-10
1.073,0,0,0,4.8689531352941333e-23,3.7887101620830368e-22,3.1032986035582196e-21,0,9.4661489757896788e-10,3.8045605496701442e-10
1.0734999999999999,0,0,0,4.6255054785294272e-23,3.5992746539788846e-22,2.9481336733803087e-21,0,9.0837448674108145e-10,3.6498412716067283e-10
1.0740000000000001,0,0,0,4.3942302046029561e-23,3.4193109212799404e-22,2.8007269897112932e-21,0,8.7166418527573342e-10,3.5013595721322494e-10
1.0745,0,0,0,4.1745186943728079e-23,3.2483453752159428e-22,2.6606906402257287e-21,0,8.364234860280817e-10,3.3588664305397077e-10
1.075,0,0,0,3.9657927596541682e-23,3.0859281064551456e-22,2.5276561082144422e-21,0,8.0259410228933348e-10,3.2221225783183187e-10
1.0754999999999999,0,0,0,3.7675031216714599e-23,2.9316317011323884e-22,2.4012733028037203e-21,0,7.7012007881904765e-10,3.0908981969271175e-10
1.0760000000000001,0,0,0,3.5791279655878865e-23,2.7850501160757691e-22,2.2812096376635344e-21,0,7.3894779184513482e-10,2.9649725920102491e-10
1.0765,0,0,0,3.4001715673084923e-23,2.6457976102719803e-22,2.1671491557803579e-21,0,7.0902550497464745e-10,2.8441337237358797e-10
1.077,0,0,0,3.2301629889430675e-23,2.5135077297583816e-22,2.0587916979913399e-21,0,6.803035912383848e-10,2.7281780287099084e-10
1.0774999999999999,0,0,0,3.0686548394959148e-23,2.3878323432704621e-22,1.955852113091773e-21,0,6.5273442206859045e-10,2.6169101752271618e-10
1.0780000000000001,0,0,0,2.9152220975211188e-23,2.2684407261069393e-22,1.8580595074371847e-21,0,6.2627225627664984e-10,2.5101422610146367e-10
1.0785,0,0,0,2.769460992645063e-23,2.1550186898015921e-22,1.7651565320653253e-21,0,6.0087301800848536e-10,2.4076940605243272e-10
1.079,0,0,0,2.6309879430128096e-23,2.0472677553115125e-22,1.6768987054620593e-21,0,5.7649451878916125e-10,2.3093924153722762e-10
1.0794999999999999,0,0,0,2.4994385458621691e-23,1.9449043675459368e-22,1.5930537701889562e-21,0,5.5309612445597622e-10,2.2150710934268032e-10
1.0800000000000001,0,0,0,2.3744666185690606e-23,1.8476591491686401e-22,1.5134010816795084e-21,0,5.3063875515846348e-10,2.1245701828322923e-10
1.0805,0,0,0,2.2557432876406077e-23,1.7552761917102081e-22,1.4377310275955329e-21,0,5.0908499638069316e-10,2.037736467429596e-10
1.081,0,0,0,2.1429561232585772e-23,1.6675123821246978e-22,1.3658444762157562e-21,0,4.8839887689666739e-10,1.9544226438378514e-10
1.0814999999999999,0,0,0,2.0358083170956482e-23,1.5841367630184629e-22,1.2975522524049683e-21,0,4.6854586877032034e-10,1.8744873243750294e-10
1.0820000000000001,0,0,0,1.934017901240866e-23,1.5049299248675396e-22,1.2326746397847198e-21,0,4.4949266531091325e-10,1.7977946534702974e-10
1.0825,0,0,0,1.8373170061788224e-23,1.4296834286241626e-22,1.1710409077954839e-21,0,4.3120740311763939e-10,1.7242144427606402e-10
1.083,0,0,0,1.7454511558698813e-23,1.3581992571929546e-22,1.1124888624057095e-21,0,4.1365932901271663e-10,1.6536213597926858e-10
1.0834999999999999,0,0,0,1.6581785980763871e-23,1.2902892943333069e-22,1.0568644192854241e-21,0,3.9681913310829486e-10,1.5858952979115315e-10
1.0840000000000001,0,0,0,1.5752696681725678e-23,1.2257748296166414e-22,1.0040211983211528e-21,0,3.8065850471724616e-10,1.5209207182297042e-10
1.0845,0,0,0,1.4965061847639392e-23,1.1644860881358093e-22,9.5382013840509538e-22,0,3.651502433754672e-10,1.4585868625692964e-10
1.085,0,0,0,1.4216808755257423e-23,1.1062617837290188e-22,9.0612913148484065e-22,0,3.5026836986418175e-10,1.3987873784737199e-10
1.0854999999999999,0,0,0,1.3505968317494555e-23,1.050948694542568e-22,8.6082267491059867e-22,0,3.3598768212073082e-10,1.3414200744237112e-10
1.0860000000000001,0,0,0,1.2830669901619826e-23,9.984012598154395e-23,8.1778154116506865e-22,0,3.2228419932778252e-10,1.2863867600477792e-10
1.0865,0,0,0,1.2189136406538834e-23,9.4848119682466762e-23,7.7689246410681517e-22,0,3.0913482884642463e-10,1.2335935273092436e-10
1.087,0,0,0,1.1579679586211892e-23,9.0105713698343412e-23,7.3804784090147438e-22,0,2.9651736621616465e-10,1.1829500345726362e-10
1.0874999999999999,0,0,0,1.1000695606901299e-23,8.5600428013426254e-23,7.0114544885640071e-22,0,2.8441049515492978e-10,1.134369296254229e-10
1.0880000000000001,0,0,0,1.0450660826556233e-23,8.1320406612754931e-23,6.6608817641358072e-22,0,2.7279378755906691e-10,1.08776818800075e-10
1.0885,0,0,0,9.9281277852284219e-24,7.7254386282117188e-23,6.3278376759290172e-22,0,2.6164759248104019e-10,1.0430667484745391e-10
1.089,0,0,0,9.4317213959670011e-24,7.3391666968011334e-23,6.0114457921325666e-22,0,2.5095292510712852e-10,1.000187980570486e-10
1.0894999999999999,0,0,0,8.9601353261686509e-24,6.9722083619610766e-23,5.7108735025259378e-22,0,2.4069168880203051e-10,9.5905823564700456e-11
1.0900000000000001,0,0,0,8.5121285598602189e-24,6.6235979438630231e-23,5.4253298273996403e-22,0,2.3084656408656201e-10,9.1960682185329833e-11
1.0905,0,0,0,8.0865221318672086e-24,6.2924180466698724e-23,5.1540633360296592e-22,0,2.2140078659305118e-10,8.8176587695213898e-11
1.091,0,0,0,7.6821960252738492e-24,5.9777971443363794e-23,4.8963601692281761e-22,0,2.1233825808764095e-10,8.4547002830533146e-11
1.0914999999999999,0,0,0,7.2980862240101554e-24,5.6789072871195607e-23,4.6515421607667667e-22,0,2.036436574925915e-10,8.1065694190799283e-11
1.0920000000000001,0,0,0,6.9331819128096491e-24,5.3949619227635829e-23,4.4189650527284282e-22,0,1.9530210781937285e-10,7.7726639580557635e-11
1.0925,0,0,0,6.5865228171691655e-24,5.1252138266254034e-23,4.1980168000920075e-22,0,1.8729950923557226e-10,7.4524083172341313e-11
1.093,0,0,0,6.2571966763107074e-24,4.8689531352941333e-23,3.9881159600874069e-22,0,1.7962209497568438e-10,7.1452481567197139e-11
1.0934999999999999,0,0,0,5.9443368424951715e-24,4.6255054785294272e-23,3.7887101620830368e-22,0,1.7225676440801863e-10,6.8506532833213221e-11
1.0940000000000001,0,0,0,5.6471200003704137e-24,4.3942302046029561e-23,3.5992746539788846e-22,0,1.651910830346992e-10,6.5681131212206917e-11
1.0945,0,0,0,5.3647640003518923e-24,4.1745186943728079e-23,3.4193109212799404e-22,0,1.5841283840245524e-10,6.2971388952471246e-11
1.095,0,0,0,5.0965258003342975e-24,3.9657927596541682e-23,3.2483453752159428e-22,0,1.5191048419183062e-10,6.037261201129611e-11
1.0954999999999999,0,0,0,4.8416995103175827e-24,3.7675031216714599e-23,3.0859281064551456e-22,0,1.456729181725791e-10,5.7880284194113984e-11
1.0960000000000001,0,0,0,4.5996145348017044e-24,3.5791279655878865e-23,2.9316317011323884e-22,0,1.3968937118136182e-10,5.5490082500493826e-11
1.0965,0,0,0,4.3696338080616192e-24,3.4001715673084923e-23,2.7850501160757691e-22,0,1.3394962916635222e-10,5.3197848592254248e-11
1.097,0,0,0,4.1511521176585377e-24,3.2301629889430675e-23,2.6457976102719803e-22,0,1.2844392216493361e-10,5.0999621567695954e-11
1.0974999999999999,0,0,0,3.9435945117756106e-24,3.0686548394959148e-23,2.5135077297583816e-22,0,1.231627022590942e-10,4.889156940726768e-11
1.0980000000000001,0,0,0,3.7464147861868304e-24,2.9152220975211188e-23,2.3878323432704621e-22,0,1.1809686562003208e-10,4.6870008471837987e-11
1.0985,0,0,0,3.5590940468774891e-24,2.769460992645063e-23,2.2684407261069393e-22,0,1.1323775250815515e-10,4.4931429080537301e-11
1.099,0,0,0,3.3811393445336144e-24,2.6309879430128096e-23,2.1550186898015921e-22,0,1.0857703625077875e-10,4.3072447958387184e-11
1.0994999999999999,0,0,0,3.2120823773069339e-24,2.4994385458621691e-23,2.0472677553115125e-22,0,1.0410661221982309e-10,4.1289815744580014e-11
1.1000000000000001,0,0,0,3.0514782584415873e-24,2.3744666185690606e-23,1.9449043675459368e-22,0,9.9818819876418274e-11,3.9580434743520637e-11
1.1005,0,0,0,2.8989043455195078e-24,2.2557432876406077e-23,1.8476591491686401e-22,0,9.570633174860177e-11,3.7941319113097787e-11
1.101,0,0,0,2.7539591282435323e-24,2.1429561232585772e-23,1.7552761917102081e-22,0,9.1761931386713513e-11,3.6369594576079415e-11
1.1014999999999999,0,0,0,2.6162611718313559e-24,2.0358083170956482e-23,1.6675123821246978e-22,0,8.7978846430303292e-11,3.4862511081521524e-11
1.1020000000000001,0,0,0,2.485448113239788e-24,1.934017901240866e-23,1.5841367630184629e-22,0,8.4350526563525818e-11,3.3417425370247405e-11
1.1025,0,0,0,2.3611757075777987e-24,1.8373170061788224e-23,1.5049299248675396e-22,0,8.0870643515140728e-11,3.2031815293587013e-11
1.103,0,0,0,2.2431169221989088e-24,1.7454511558698813e-23,1.4296834286241626e-22,0,7.7533313103117507e-11,3.0703250610921205e-11
1.1034999999999999,0,0,0,2.1309610760889634e-24,1.6581785980763871e-23,1.3581992571929546e-22,0,7.4332651145425643e-11,2.9429399626574668e-11
1.1040000000000001,0,0,0,2.0244130222845152e-24,1.5752696681725678e-23,1.2902892943333069e-22,0,7.1263106526942011e-11,2.8208033522232099e-11
1.1045,0,0,0,1.9231923711702895e-24,1.4965061847639392e-23,1.2257748296166414e-22,0,6.8319350177148408e-11,2.703700348543617e-11
1.105,0,0,0,1.8270327526117747e-24,1.4216808755257423e-23,1.1644860881358093e-22,0,6.549627507013156e-11,2.5914238629382792e-11
1.1054999999999999,0,0,0,1.7356811149811863e-24,1.3505968317494555e-23,1.1062617837290188e-22,0,6.2788996224583116e-11,2.4837770334616717e-11
1.1060000000000001,0,0,0,1.6488970592321269e-24,1.2830669901619826e-23,1.050948694542568e-22,0,6.0192739681497187e-11,2.3805709589338955e-11
1.1065,0,0,0,1.5664522062705204e-24,1.2189136406538834e-23,9.984012598154395e-23,0,5.7703064548775274e-11,2.2816232197662977e-11
1.107,0,0,0,1.4881295959569944e-24,1.1579679586211892e-23,9.4848119682466762e-23,0,5.5315529934318874e-11,2.1867581973696614e-11
1.1074999999999999,0,0,0,1.4137231161591446e-24,1.1000695606901299e-23,9.0105713698343412e-23,0,5.3026139035239339e-11,2.0958111375978303e-11
1.1080000000000001,0,0,0,1.3430369603511876e-24,1.0450660826556233e-23,8.5600428013426254e-23,0,5.0830784026345555e-11,2.008620523430589e-11
1.1085,0,0,0,1.2758851123336281e-24,9.9281277852284219e-24,8.1320406612754931e-23,0,4.8725690149353795e-11,1.9250333758733623e-11
1.109,0,0,0,1.2120908567169468e-24,9.4317213959670011e-24,7.7254386282117188e-23,0,4.6707082645980336e-11,1.8448997194042746e-11
1.1094999999999999,0,0,0,1.1514863138810994e-24,8.9601353261686509e-24,7.3391666968011334e-23,0,4.4771519824848838e-11,1.7680792489837995e-11
1.1100000000000001,0,0,0,1.0939119981870446e-24,8.5121285598602189e-24,6.9722083619610766e-23,0,4.2915559994582964e-11,1.6944354022876844e-11
1.1105,0,0,0,1.0392163982776923e-24,8.0865221318672086e-24,6.6235979438630231e-23,0,4.11359835084113e-11,1.6238379150940924e-11
1.111,0,0,0,9.8725557836380762e-25,7.6821960252738492e-24,6.2924180466698724e-23,0,3.9429681741864897e-11,1.5561606344424871e-11
1.1114999999999999,0,0,0,9.3789279944561727e-25,7.2980862240101554e-24,5.9777971443363794e-23,0,3.7793657092777266e-11,1.4912852310337572e-11
1.1120000000000001,0,0,0,8.9099815947333636e-25,6.9331819128096491e-24,5.6789072871195607e-23,0,3.6225022981284383e-11,1.4290959127204052e-11
1.1125,0,0,0,8.4644825149966961e-25,6.5865228171691655e-24,5.3949619227635829e-23,0,3.4721003849824683e-11,1.3694823984921843e-11
1.113,0,0,0,8.0412583892468611e-25,6.2571966763107074e-24,5.1252138266254034e-23,0,3.3278935163139067e-11,1.3123380048867748e-11
1.1134999999999999,0,0,0,7.6391954697845171e-25,5.9443368424951715e-24,4.8689531352941333e-23,0,3.189637443057336e-11,1.2575622517822566e-11
1.1140000000000001,0,0,0,7.257235696295291e-25,5.6471200003704137e-24,4.6255054785294272e-23,0,3.0570768139170923e-11,1.2050561384987645e-11
1.1145,0,0,0,6.8943739114805273e-25,5.3647640003518923e-24,4.3942302046029561e-23,0,2.9299895842882506e-11,1.1547280550050937e-11
1.115,0,0,0,6.5496552159065009e-25,5.0965258003342975e-24,4.1745186943728079e-23,0,2.8081537095658859e-11,1.1064886457605427e-11
1.1154999999999999,0,0,0,6.2221724551111763e-25,4.8416995103175827e-24,3.9657927596541682e-23,0,2.6913471451450732e-11,1.060251311886064e-11
1.1160000000000001,0,0,0,5.9110638323556163e-25,4.5996145348017044e-24,3.7675031216714599e-23,0,2.5793589486511337e-11,1.0159325389704305e-11
1.1165,0,0,0,5.615510640737836e-25,4.3696338080616192e-24,3.5791279655878865e-23,0,2.472000382169881e-11,9.7345339603517017e-12
1.117,0,0,0,5.3347351087009441e-25,4.1511521176585377e-24,3.4001715673084923e-23,0,2.369082707787129e-11,9.327392290452118e-12
1.1174999999999999,0,0,0,5.0679983532658977e-25,3.9435945117756106e-24,3.2301629889430675e-23,0,2.2704171875886914e-11,8.9371560589838794e-12
1.1180000000000001,0,0,0,4.814598435602602e-25,3.7464147861868304e-24,3.0686548394959148e-23,0,2.175826185890628e-11,8.5631209430645665e-12
1.1185,0,0,0,4.5738685138224721e-25,3.5590940468774891e-24,2.9152220975211188e-23,0,2.0851542714694915e-11,8.2046344293152693e-12
1.119,0,0,0,4.345175088131349e-25,3.3811393445336144e-24,2.769460992645063e-23,0,1.998234910871588e-11,7.8610649746461211e-12
1.1194999999999999,0,0,0,4.1279163337247817e-25,3.2120823773069339e-24,2.6309879430128096e-23,0,1.91491267287347e-11,7.5317947249059341e-12
1.1200000000000001,0,0,0,3.921520517038543e-25,3.0514782584415873e-24,2.4994385458621691e-23,0,1.8350432284819362e-11,7.216227611582021e-12
1.1205000000000001,0,0,0,3.7254444911866156e-25,2.8989043455195078e-24,2.3744666185690606e-23,0,1.7584822487037854e-11,6.9137817873423779e-12
1.121,0,0,0,3.5391722666272847e-25,2.7539591282435323e-24,2.2557432876406077e-23,0,1.6850854045458163e-11,6.623923237536306e-12
1.1214999999999999,0,0,0,3.362213653295921e-25,2.6162611718313559e-24,2.1429561232585772e-23,0,1.6147305714753202e-11,6.3461363218209859e-12
1.1220000000000001,0,0,0,3.194102970631125e-25,2.485448113239788e-24,2.0358083170956482e-23,0,1.5472956249595882e-11,6.0799173941934642e-12
1.1225000000000001,0,0,0,3.0343978220995688e-25,2.3611757075777987e-24,1.934017901240866e-23,0,1.4826584404659116e-11,5.824796337896364e-12
1.123,0,0,0,2.88267793099459e-25,2.2431169221989088e-24,1.8373170061788224e-23,0,1.4206968934615816e-11,5.5802992237116734e-12
1.1234999999999999,0,0,0,2.7385440344448608e-25,2.1309610760889634e-24,1.7454511558698813e-23,0,1.3613110638743819e-11,5.3460010329459024e-12
1.1240000000000001,0,0,0,2.6016168327226179e-25,2.0244130222845152e-24,1.6581785980763871e-23,0,1.3043899294018502e-11,5.1214701251984931e-12
1.1245000000000001,0,0,0,2.4715359910864868e-25,1.9231923711702895e-24,1.5752696681725678e-23,0,1.24983356997177e-11,4.9063090869762361e-12
1.125,0,0,0,2.3479591915321625e-25,1.8270327526117747e-24,1.4965061847639392e-23,0,1.1975420655119251e-11,4.7001171477433935e-12
1.1254999999999999,0,0,0,2.2305612319555543e-25,1.7356811149811863e-24,1.4216808755257423e-23,0,1.1474265981803455e-11,4.5025427447755667e-12
1.1259999999999999,0,0,0,2.1190331703577764e-25,1.6488970592321269e-24,1.3505968317494555e-23,0,1.099387247904815e-11,4.313202188096465e-12
1.1265000000000001,0,0,0,2.0130815118398877e-25,1.5664522062705204e-24,1.2830669901619826e-23,0,1.0533462990736098e-11,4.1317679145948546e-12
1.127,0,0,0,1.9124274362478932e-25,1.4881295959569944e-24,1.2189136406538834e-23,0,1.009226036075006e-11,3.9579232999226958e-12
1.1274999999999999,0,0,0,1.8168060644354985e-25,1.4137231161591446e-24,1.1579679586211892e-23,0,9.6693764106703384e-12,3.7913331607064276e-12
1.1279999999999999,0,0,0,1.7259657612137236e-25,1.3430369603511876e-24,1.1000695606901299e-23,0,9.2640339843796937e-12,3.6317015978671557e-12
1.1285000000000001,0,0,0,1.6396674731530373e-25,1.2758851123336281e-24,1.0450660826556233e-23,0,8.8755669480633514e-12,3.478732656633505e-12
1.129,0,0,0,1.5576840994953855e-25,1.2120908567169468e-24,9.9281277852284219e-24,0,8.5033091679065365e-12,3.3321688952898669e-12
1.1294999999999999,0,0,0,1.4797998945206163e-25,1.1514863138810994e-24,9.4317213959670011e-24,0,8.1465945100944737e-12,3.1917523129805383e-12
1.1299999999999999,0,0,0,1.4058098997945854e-25,1.0939119981870446e-24,8.9601353261686509e-24,0,7.804756840812388e-12,3.0572116940520627e-12
1.1305000000000001,0,0,0,1.3355194048048561e-25,1.0392163982776923e-24,8.5121285598602189e-24,0,7.4771300262455043e-12,2.9282928961317241e-12
1.131,0,0,0,1.2687434345646133e-25,9.8725557836380762e-25,8.0865221318672086e-24,0,7.16315895488151e-12,2.8047657717085922e-12
1.1315,0,0,0,1.2053062628363827e-25,9.3789279944561727e-25,7.6821960252738492e-24,0,6.8622885152080926e-12,2.6864158365842927e-12
1.1319999999999999,0,0,0,1.1450409496945633e-25,8.9099815947333636e-25,7.2980862240101554e-24,0,6.5739635957129394e-12,2.573025981419288e-12
1.1325000000000001,0,0,0,1.0877889022098351e-25,8.4644825149966961e-25,6.9331819128096491e-24,0,6.297629084883738e-12,2.4643902330437505e-12
1.133,0,0,0,1.0333994570993434e-25,8.0412583892468611e-25,6.5865228171691655e-24,0,6.0328408935106381e-12,2.3602970379284439e-12
1.1335,0,0,0,9.8172948424437625e-26,7.6391954697845171e-25,6.2571966763107074e-24,0,5.7791549323837899e-12,2.2605697492200957e-12
1.1339999999999999,0,0,0,9.3264301003215745e-26,7.257235696295291e-25,5.9443368424951715e-24,0,5.5360160899908806e-12,2.1650288067607457e-12
1.1345000000000001,0,0,0,8.8601085953054949e-26,6.8943739114805273e-25,5.6471200003704137e-24,0,5.3030912994245227e-12,2.0734927486518748e-12
1.135,0,0,0,8.4171031655402206e-26,6.5496552159065009e-25,5.3647640003518923e-24,0,5.0798254491724038e-12,1.9858045711880388e-12
1.1355,0,0,0,7.9962480072632084e-26,6.2221724551111763e-25,5.0965258003342975e-24,0,4.8658854723271361e-12,1.9017846870181409e-12
1.1359999999999999,0,0,0,7.5964356069000473e-26,5.9110638323556163e-25,4.8416995103175827e-24,0,4.6609383019813322e-12,1.8213030157066893e-12
1.1365000000000001,0,0,0,7.2166138265550458e-26,5.615510640737836e-25,4.5996145348017044e-24,0,4.464539848925142e-12,1.7442103946184422e-12
1.137,0,0,0,6.8557831352272933e-26,5.3347351087009441e-25,4.3696338080616192e-24,0,4.276357046251178e-12,1.6703580544857363e-12
1.1375,0,0,0,6.5129939784659285e-26,5.0679983532658977e-25,4.1511521176585377e-24,0,4.0960568270520525e-12,1.5995974828225214e-12
1.1379999999999999,0,0,0,6.1873442795426325e-26,4.814598435602602e-25,3.9435945117756106e-24,0,3.9233061244203782e-12,1.5318060343711302e-12
1.1385000000000001,0,0,0,5.8779770655655013e-26,4.5738685138224721e-25,3.7464147861868304e-24,0,3.7577718714487673e-12,1.4668650996222301e-12
1.139,0,0,0,5.5840782122872257e-26,4.345175088131349e-25,3.5590940468774891e-24,0,3.5991210012298325e-12,1.4046458537097929e-12
1.1395,0,0,0,5.3048743016728641e-26,4.1279163337247817e-25,3.3811393445336144e-24,0,3.4471314691586485e-12,1.3450385030169983e-12
1.1399999999999999,0,0,0,5.0396305865892212e-26,3.921520517038543e-25,3.2120823773069339e-24,0,3.3015812306302905e-12,1.2879585269071189e-12
1.1405000000000001,0,0,0,4.78764905725976e-26,3.7254444911866156e-25,3.0514782584415873e-24,0,3.1621372187373709e-12,1.2332865031691063e-12
1.141,0,0,0,4.5482666043967718e-26,3.5391722666272847e-25,2.8989043455195078e-24,0,3.028466366572502e-12,1.180905926226838e-12
1.1415,0,0,0,4.3208532741769331e-26,3.362213653295921e-25,2.7539591282435323e-24,0,2.9004576518332215e-12,1.1307407438292338e-12
1.1419999999999999,0,0,0,4.1048106104680867e-26,3.194102970631125e-25,2.6162611718313559e-24,0,2.7777780076121417e-12,1.0826899115427356e-12
1.1425000000000001,0,0,0,3.899570079944682e-26,3.0343978220995688e-25,2.485448113239788e-24,0,2.6603164116068001e-12,1.0366617701994973e-12
1.143,0,0,0,3.704591575947448e-26,2.88267793099459e-25,2.3611757075777987e-24,0,2.5477397969098092e-12,9.9258363692809314e-13
1.1435,0,0,0,3.5193619971500759e-26,2.7385440344448608e-25,2.2431169221989088e-24,0,2.439826118916244e-12,9.5035666675112865e-13
1.1439999999999999,0,0,0,3.3433938972925716e-26,2.6016168327226179e-25,2.1309610760889634e-24,0,2.3364643553236419e-12,9.0990348606038987e-13
1.1445000000000001,0,0,0,3.1762242024279429e-26,2.4715359910864868e-25,2.0244130222845152e-24,0,2.237432461527078e-12,8.7114788747679671e-13
1.145,0,0,0,3.0174129923065458e-26,2.3479591915321625e-25,1.9231923711702895e-24,0,2.1426194152240896e-12,8.3404012451678316e-13
1.1455,0,0,0,2.8665423426912186e-26,2.2305612319555543e-25,1.8270327526117747e-24,0,2.0518031718097518e-12,7.9849632456725164e-13
1.1459999999999999,0,0,0,2.7232152255566578e-26,2.1190331703577764e-25,1.7356811149811863e-24,0,1.9647616866791395e-12,7.6444888764668209e-13
1.1465000000000001,0,0,0,2.5870544642788247e-26,2.0130815118398877e-25,1.6488970592321269e-24,0,1.8813839375297903e-12,7.3184083618583429e-13
1.147,0,0,0,2.4577017410648836e-26,1.9124274362478932e-25,1.5664522062705204e-24,0,1.8015589020592415e-12,7.0060927688662496e-13
1.1475,0,0,0,2.3348166540116395e-26,1.8168060644354985e-25,1.4881295959569944e-24,0,1.7250645356625682e-12,6.7070030459816842e-13
1.1479999999999999,0,0,0,2.2180758213110576e-26,1.7259657612137236e-25,1.4137231161591446e-24,0,1.6517898160373079e-12,6.4205303162880713e-13
1.1485000000000001,0,0,0,2.1071720302455046e-26,1.6396674731530373e-25,1.3430369603511876e-24,0,1.581623720880998e-12,6.14627711846487e-13
1.149,0,0,0,2.0018134287332292e-26,1.5576840994953855e-25,1.2758851123336281e-24,0,1.5143442055887135e-12,5.8834700064534749e-13
1.1495,0,0,0,1.9017227572965677e-26,1.4797998945206163e-25,1.2120908567169468e-24,0,1.4499512701604544e-12,5.6317325898897744e-13
1.1499999999999999,0,0,0,1.8066366194317394e-26,1.4058098997945854e-25,1.1514863138810994e-24,0,1.3882228699912957e-12,5.3905621734377939e-13
1.1505000000000001,0,0,0,1.7163047884601523e-26,1.3355194048048561e-25,1.0939119981870446e-24,0,1.3291590050812374e-12,5.1597591067884733e-13
1.151,0,0,0,1.6304895490371448e-26,1.2687434345646133e-25,1.0392163982776923e-24,0,1.2725376308253544e-12,4.9388075685509579e-13
1.1515,0,0,0,1.5489650715852876e-26,1.2053062628363827e-25,9.8725557836380762e-25,0,1.2183587472236468e-12,4.7272423439487389e-13
1.1519999999999999,0,0,0,1.4715168180060232e-26,1.1450409496945633e-25,9.3789279944561727e-25,0,1.1664003096711895e-12,4.524631253078561e-13
1.1525000000000001,0,0,0,1.3979409771057222e-26,1.0877889022098351e-25,8.9099815947333636e-25,0,1.1166623181679824e-12,4.3305636804683175e-13
1.153,0,0,0,1.3280439282504361e-26,1.0333994570993434e-25,8.4644825149966961e-25,0,1.0690337504115632e-12,4.1447715854626059e-13
1.1535,0,0,0,1.2616417318379143e-26,9.8172948424437625e-26,8.0412583892468611e-25,0,1.0234035840994693e-12,3.966823001007524e-13
1.1539999999999999,0,0,0,1.1985596452460186e-26,9.3264301003215745e-26,7.6391954697845171e-25,0,9.7977181923170065e-13,3.796435948609552e-13
1.1545000000000001,0,0,0,1.1386316629837176e-26,8.8601085953054949e-26,7.257235696295291e-25,0,9.3791641120333225e-13,3.6331693629037938e-13
1.155,0,0,0,1.0817000798345317e-26,8.4171031655402206e-26,6.8943739114805273e-25,0,8.9783736001436409e-13,3.4768638242567557e-13
1.1555,0,0,0,1.0276150758428052e-26,7.9962480072632084e-26,6.5496552159065009e-25,0,8.5942364336233368e-13,3.3271582710038357e-13
1.1559999999999999,0,0,0,9.762343220506649e-27,7.5964356069000473e-26,6.2221724551111763e-25,0,8.22675261247241e-13,3.1839455081492322e-13
1.1565000000000001,0,0,0,9.2742260594813173e-27,7.2166138265550458e-26,5.9110638323556163e-25,0,7.8748119136662353e-13,3.0468985651112816e-13
1.157,0,0,0,8.8105147565072506e-27,6.8557831352272933e-26,5.615510640737836e-25,0,7.5373041141801878e-13,2.9156755047250298e-13
1.1575,0,0,0,8.3699890186818882e-27,6.5129939784659285e-26,5.3347351087009441e-25,0,7.2142292140142672e-13,2.7899246199725404e-13
1.1579999999999999,0,0,0,7.9514895677477938e-27,6.1873442795426325e-26,5.0679983532658977e-25,0,6.9055872131684737e-13,2.6695448223634735e-13
1.1585000000000001,0,0,0,7.5539150893604038e-27,5.8779770655655013e-26,4.814598435602602e-25,0,6.6091576655935569e-13,2.5542131275072316e-13
1.159,0,0,0,7.1762193348923846e-27,5.5840782122872257e-26,4.5738685138224721e-25,0,6.326050794314142e-13,2.44384719640632e-13
1.1595,0,0,0,6.8174083681477649e-27,5.3048743016728641e-26,4.345175088131349e-25,0,6.0540461532809786e-13,2.338136283922416e-13
1.1599999999999999,0,0,0,6.4765379497403771e-27,5.0396305865892212e-26,4.1279163337247817e-25,0,5.794253965518692e-13,2.2368775425346691e-13
1.1605000000000001,0,0,0,6.1527110522533575e-27,4.78764905725976e-26,3.921520517038543e-25,0,5.5455640080026569e-13,2.1399385578891912e-13
1.161,0,0,0,5.8450754996406902e-27,4.5482666043967718e-26,3.7254444911866156e-25,0,5.3068660577082483e-13,2.0471043948030476e-13
1.1615,0,0,0,5.5528217246586556e-27,4.3208532741769331e-26,3.5391722666272847e-25,0,5.078160114635466e-13,1.9582347483651559e-13
1.1619999999999999,0,0,0,5.2751806384257228e-27,4.1048106104680867e-26,3.362213653295921e-25,0,4.8594461787843102e-13,1.8731095326121909e-13
1.1625000000000001,0,0,0,5.0114216065044364e-27,3.899570079944682e-26,3.194102970631125e-25,0,4.6496140271301556e-13,1.7915850803180933e-13
1.163,0,0,0,4.760850526179215e-27,3.704591575947448e-26,3.0343978220995688e-25,0,4.4497738826976274e-13,1.7135676087102961e-13
1.1635,0,0,0,4.5228079998702535e-27,3.5193619971500759e-26,2.88267793099459e-25,0,4.2577052994374753e-13,1.6388674004436723e-13
1.1639999999999999,0,0,0,4.296667599876741e-27,3.3433938972925716e-26,2.7385440344448608e-25,0,4.0745185003743245e-13,1.5673606122512638e-13
1.1645000000000001,0,0,0,4.081834219882904e-27,3.1762242024279429e-26,2.6016168327226179e-25,0,3.8991032624835498e-13,1.4989664020004725e-13
1.165,0,0,0,3.8777425088887592e-27,3.0174129923065458e-26,2.4715359910864868e-25,0,3.730349362740526e-13,1.433503499708373e-13
1.1655,0,0,0,3.6838553834443213e-27,2.8665423426912186e-26,2.3479591915321625e-25,0,3.5693670241698783e-13,1.3709820743935914e-13
1.1659999999999999,0,0,0,3.4996626142721051e-27,2.7232152255566578e-26,2.2305612319555543e-25,0,3.4150460237469815e-13,1.3111517680949928e-13
1.1665000000000001,0,0,0,3.3246794835584995e-27,2.5870544642788247e-26,2.1190331703577764e-25,0,3.2673863614718357e-13,1.2539776507343166e-13
1.167,0,0,0,3.1584455093805745e-27,2.4577017410648836e-26,2.0130815118398877e-25,0,3.1252778143198157e-13,1.1991799246621828e-13
1.1675,0,0,0,3.0005232339115457e-27,2.3348166540116395e-26,1.9124274362478932e-25,0,2.9898306053155466e-13,1.1467044422260595e-13
1.1679999999999999,0,0,0,2.8504970722159684e-27,2.2180758213110576e-26,1.8168060644354985e-25,0,2.8599345114344032e-13,1.0965158570416549e-13
1.1685000000000001,0,0,0,2.7079722186051702e-27,2.1071720302455046e-26,1.7259657612137236e-25,0,2.7355895326763857e-13,1.0484625977395213e-13
1.169,0,0,0,2.572573607674912e-27,2.0018134287332292e-26,1.6396674731530373e-25,0,2.616795669041494e-13,1.0024457218979354e-13
1.1695,0,0,0,2.4439449272911664e-27,1.9017227572965677e-26,1.5576840994953855e-25,0,2.5024426975051028e-13,9.5840064210271707e-14
1.1699999999999999,0,0,0,2.3217476809266081e-27,1.8066366194317394e-26,1.4797998945206163e-25,0,2.3936408410918375e-13,9.1628519712516529e-14
1.1705000000000001,0,0,0,2.2056602968802776e-27,1.7163047884601523e-26,1.4058098997945854e-25,0,2.2892798767770728e-13,8.7594336701684263e-14
1.171,0,0,0,2.0953772820362636e-27,1.6304895490371448e-26,1.3355194048048561e-25,0,2.1893598045608087e-13,8.3727330542251918e-14
1.1715,0,0,0,1.9906084179344505e-27,1.5489650715852876e-26,1.2687434345646133e-25,0,2.0938806244430452e-13,8.0033702734001072e-14
1.1719999999999999,0,0,0,1.8910779970377278e-27,1.4715168180060232e-26,1.2053062628363827e-25,0,2.0017321133991572e-13,7.6491801871126509e-14
1.1725000000000001,0,0,0,1.7965240971858416e-27,1.3979409771057222e-26,1.1450409496945633e-25,0,1.9140244944537699e-13,7.3100344200586717e-14
1.173,0,0,0,1.7066978923265494e-27,1.3280439282504361e-26,1.0877889022098351e-25,0,1.829647544582258e-13,6.9858491716924028e-14
1.1735,0,0,0,1.6213629977102219e-27,1.2616417318379143e-26,1.0333994570993434e-25,0,1.7497114868092467e-13,6.6765697388798012e-14
1.1739999999999999,0,0,0,1.5402948478247108e-27,1.1985596452460186e-26,9.8172948424437625e-26,0,1.6731060981101109e-13,6.380875432278014e-14
1.1745000000000001,0,0,0,1.4632801054334754e-27,1.1386316629837176e-26,9.3264301003215745e-26,0,1.5998313784848506e-13,6.0979041352326799e-14
1.175,0,0,0,1.3901161001618016e-27,1.0817000798345317e-26,8.8601085953054949e-26,0,1.5298873279334657e-13,5.8270930771499791e-14
1.1755,0,0,0,1.3206102951537116e-27,1.0276150758428052e-26,8.4171031655402206e-26,0,1.4621637234313312e-13,5.5680748938922779e-14
1.1759999999999999,0,0,0,1.2545797803960262e-27,9.762343220506649e-27,7.9962480072632084e-26,0,1.3977707880030721e-13,5.3206097783141781e-14
1.1765000000000001,0,0,0,1.1918507913762248e-27,9.2742260594813173e-27,7.5964356069000473e-26,0,1.3355982986240633e-13,5.0832562092876364e-14
1.177,0,0,0,1.1322582518074136e-27,8.8105147565072506e-27,7.2166138265550458e-26,0,1.27675647831893e-13,4.856358174206643e-14
1.1775,0,0,0,1.075645339217043e-27,8.3699890186818882e-27,6.8557831352272933e-26,0,1.220135104063047e-13,4.6388552400452554e-14
1.1779999999999999,0,0,0,1.0218630722561909e-27,7.9514895677477938e-27,6.5129939784659285e-26,0,1.1657341758564144e-13,4.4300551796893169e-14
1.1785000000000001,0,0,0,9.7076991864338143e-28,7.5539150893604038e-27,6.1873442795426325e-26,0,1.113553693699032e-13,4.2295061226615308e-14
1.179,0,0,0,9.2223142271121225e-28,7.1762193348923846e-27,5.8779770655655013e-26,0,1.0635936575909e-13,4.0381980783084592e-14
1.1795,0,0,0,8.7611985157565166e-28,6.8174083681477649e-27,5.5840782122872257e-26,0,1.0158540675320182e-13,3.8554923223787552e-14
1.1799999999999999,0,0,0,8.3231385899686898e-28,6.4765379497403771e-27,5.3048743016728641e-26,0,9.7033492352238682e-14,3.6809719098750116e-14
1.1805000000000001,0,0,0,7.9069816604702553e-28,6.1527110522533575e-27,5.0396305865892212e-26,0,9.2703622556200571e-14,3.5143646683683648e-14
1.181,0,0,0,7.5116325774467429e-28,5.8450754996406902e-27,4.78764905725976e-26,0,8.8484775062624976e-14,3.3542079493929535e-14
1.1815,0,0,0,7.1360509485744059e-28,5.5528217246586556e-27,4.5482666043967718e-26,0,8.4487972173974413e-14,3.2008319488861388e-14
1.1819999999999999,0,0,0,6.7792484011456851e-28,5.2751806384257228e-27,4.3208532741769331e-26,0,8.071321389024888e-14,3.054452211418142e-14
1.1825000000000001,0,0,0,6.4402859810884009e-28,5.0114216065044364e-27,4.1048106104680867e-26,0,7.7049477908985864e-14,2.9139244593419492e-14
1.1830000000000001,0,0,0,6.11827168203398e-28,4.760850526179215e-27,3.899570079944682e-26,0,7.3607786532647879e-14,2.7797867139905571e-14
1.1835,0,0,0,5.8123580979322819e-28,4.5228079998702535e-27,3.704591575947448e-26,0,7.0277117458772409e-14,2.6511052033815408e-14
1.1839999999999999,0,0,0,5.5217401930356676e-28,4.296667599876741e-27,3.5193619971500759e-26,0,6.7057470687359455e-14,2.528555362267837e-14
1.1845000000000001,0,0,0,5.2456531833838845e-28,4.081834219882904e-27,3.3433938972925716e-26,0,6.3948846218409017e-14,2.4112931190939267e-14
1.1850000000000001,0,0,0,4.9833705242146899e-28,3.8777425088887592e-27,3.1762242024279429e-26,0,6.106226635438361e-14,2.3000524630580881e-14
1.1855,0,0,0,4.7342019980039549e-28,3.6838553834443213e-27,3.0174129923065458e-26,0,5.8286708792820718e-14,2.1940275456455105e-14
1.1859999999999999,0,0,0,4.497491898103758e-28,3.4996626142721051e-27,2.8665423426912186e-26,0,5.5622173533720343e-14,2.0926923268534706e-14
1.1865000000000001,0,0,0,4.2726173031985696e-28,3.3246794835584995e-27,2.7232152255566578e-26,0,5.3068660577082483e-14,1.9957034194579678e-14
1.1870000000000001,0,0,0,4.058986438038641e-28,3.1584455093805745e-27,2.5870544642788247e-26,0,5.0626169922907138e-14,1.9028366679100023e-14
1.1875,0,0,0,3.8560371161367093e-28,3.0005232339115457e-27,2.4577017410648836e-26,0,4.829470157119431e-14,1.8139457484484212e-14
1.1879999999999999,0,0,0,3.6632352603298733e-28,2.8504970722159684e-27,2.3348166540116395e-26,0,4.6074255521943996e-14,1.7289351441735833e-14
1.1884999999999999,0,0,0,3.4800734973133799e-28,2.7079722186051702e-27,2.2180758213110576e-26,0,4.3964831775156199e-14,1.6477425037760004e-14
1.1890000000000001,0,0,0,3.306069822447711e-28,2.572573607674912e-27,2.1071720302455046e-26,0,4.1966430330830917e-14,1.5703271257064232e-14
1.1895,0,0,0,3.1407663313253254e-28,2.4439449272911664e-27,2.0018134287332292e-26,0,3.9968028886505635e-14,1.4953774605454049e-14
1.1899999999999999,0,0,0,2.9837280147590593e-28,2.3217476809266081e-27,1.9017227572965677e-26,0,3.8080649744642869e-14,1.4233223383300496e-14
1.1904999999999999,0,0,0,2.8345416140211063e-28,2.2056602968802776e-27,1.8066366194317394e-26,0,3.6304292905242619e-14,1.3544416897790217e-14
1.1910000000000001,0,0,0,2.6928145333200511e-28,2.0953772820362636e-27,1.7163047884601523e-26,0,3.4638958368304884e-14,1.2889182474447831e-14
1.1915,0,0,0,2.5581738066540481e-28,1.9906084179344505e-27,1.6304895490371448e-26,0,3.2973623831367149e-14,1.2255863147242819e-14
1.1919999999999999,0,0,0,2.4302651163213459e-28,1.8910779970377278e-27,1.5489650715852876e-26,0,3.141931159689193e-14,1.1649699311319902e-14
1.1924999999999999,0,0,0,2.3087518605052784e-28,1.7965240971858416e-27,1.4715168180060232e-26,0,2.9864999362416711e-14,1.1061261976650575e-14
1.1930000000000001,0,0,0,2.1933142674800143e-28,1.7066978923265494e-27,1.3979409771057222e-26,0,2.8421709430404007e-14,1.0510095715128848e-14
1.1935,0,0,0,2.0836485541060137e-28,1.6213629977102219e-27,1.3280439282504361e-26,0,2.708944180085382e-14,9.9961089854375599e-15
1.194,0,0,0,1.9794661264007129e-28,1.5402948478247108e-27,1.2616417318379143e-26,0,2.5757174171303632e-14,9.5063922279133649e-15
1.1944999999999999,0,0,0,1.8804928200806773e-28,1.4632801054334754e-27,1.1985596452460186e-26,0,2.453592884421596e-14,9.0453681724128865e-15
1.1950000000000001,0,0,0,1.7864681790766434e-28,1.3901161001618016e-27,1.1386316629837176e-26,0,2.3314683517128287e-14,8.6030740751778901e-15
1.1955,0,0,0,1.6971447701228112e-28,1.3206102951537116e-27,1.0817000798345317e-26,0,2.2204460492503131e-14,8.185856282003059e-15
1.196,0,0,0,1.6122875316166707e-28,1.2545797803960262e-27,1.0276150758428052e-26,0,2.1094237467877974e-14,7.7850077428675034e-15
1.1964999999999999,0,0,0,1.5316731550358371e-28,1.1918507913762248e-27,9.762343220506649e-27,0,2.0095036745715333e-14,7.4076944925333403e-15
1.1970000000000001,0,0,0,1.4550894972840455e-28,1.1322582518074136e-27,9.2742260594813173e-27,0,1.9095836023552692e-14,7.045744555722307e-15
1.1975,0,0,0,1.382335022419843e-28,1.075645339217043e-27,8.8105147565072506e-27,0,1.8096635301390052e-14,6.6938234485722065e-15
1.198,0,0,0,1.3132182712988509e-28,1.0218630722561909e-27,8.3699890186818882e-27,0,1.7208456881689926e-14,6.3612987420876357e-15
1.1984999999999999,0,0,0,1.2475573577339085e-28,9.7076991864338143e-28,7.9514895677477938e-27,0,1.6320278461989801e-14,6.0414355749263967e-15
1.1990000000000001,0,0,0,1.1851794898472131e-28,9.2223142271121225e-28,7.5539150893604038e-27,0,1.5543122344752192e-14,5.742687382793642e-15
1.1995,0,0,0,1.1259205153548524e-28,8.7611985157565166e-28,7.1762193348923846e-27,0,1.4765966227514582e-14,5.4577225771378148e-15
1.2,0,0,0,1.0696244895871097e-28,8.3231385899686898e-28,6.8174083681477649e-27,0,1.3988810110276972e-14,5.1817552598766491e-15
1.2004999999999999,0,0,0,1.0161432651077542e-28,7.9069816604702553e-28,6.4765379497403771e-27,0,1.3211653993039363e-14,4.9116613030953312e-15
1.2010000000000001,0,0,0,9.6533610185236669e-29,7.5116325774467429e-28,6.1527110522533575e-27,0,1.2545520178264269e-14,4.6582511490418907e-15
1.2015,0,0,0,9.1706929675974832e-29,7.1360509485744059e-28,5.8450754996406902e-27,0,1.1879386363489175e-14,4.4157318106580371e-15
1.202,0,0,0,8.7121583192176082e-29,6.7792484011456851e-28,5.5528217246586556e-27,0,1.1213252548714081e-14,4.180321754725163e-15
1.2024999999999999,0,0,0,8.2765504032567282e-29,6.4402859810884009e-28,5.2751806384257228e-27,0,1.0547118733938987e-14,3.9495524803922343e-15
1.2030000000000001,0,0,0,7.8627228830938911e-29,6.11827168203398e-28,5.0114216065044364e-27,0,9.9920072216264089e-15,3.7346624086850243e-15
1.2035,0,0,0,7.4695867389391976e-29,5.8123580979322819e-28,4.760850526179215e-27,0,9.4368957093138306e-15,3.5301379275807137e-15
1.204,0,0,0,7.0961074019922373e-29,5.5217401930356676e-28,4.5228079998702535e-27,0,8.8817841970012523e-15,3.3323798736755183e-15
1.2044999999999999,0,0,0,6.7413020318926265e-29,5.2456531833838845e-28,4.296667599876741e-27,0,8.4376949871511897e-15,3.1518885966066102e-15
1.2050000000000001,0,0,0,6.4042369302979957e-29,4.9833705242146899e-28,4.081834219882904e-27,0,7.9936057773011271e-15,2.9826686877502786e-15
1.2055,0,0,0,6.084025083783096e-29,4.7342019980039549e-28,3.8777425088887592e-27,0,7.5495165674510645e-15,2.820806477588268e-15
1.206,0,0,0,5.7798238295939417e-29,4.497491898103758e-28,3.6838553834443213e-27,0,7.1054273576010019e-15,2.6637472096294946e-15
1.2064999999999999,0,0,0,5.4908326381142435e-29,4.2726173031985696e-28,3.4996626142721051e-27,0,6.6613381477509392e-15,2.5098231956089454e-15
1.2070000000000001,0,0,0,5.2162910062085323e-29,4.058986438038641e-28,3.3246794835584995e-27,0,6.2172489379008766e-15,2.3579458056869594e-15
1.2075,0,0,0,4.9554764558981049e-29,3.8560371161367093e-28,3.1584455093805745e-27,0,5.8841820305133297e-15,2.2202542100217341e-15
1.208,0,0,0,4.7077026331032001e-29,3.6632352603298733e-28,3.0005232339115457e-27,0,5.5511151231257827e-15,2.0918227856074494e-15
1.2084999999999999,0,0,0,4.4723175014480405e-29,3.4800734973133799e-28,2.8504970722159684e-27,0,5.2180482157382357e-15,1.9694361952041957e-15
1.2090000000000001,0,0,0,4.2487016263756382e-29,3.306069822447711e-28,2.7079722186051702e-27,0,4.8849813083506888e-15,1.8509955381136982e-15
1.2095,0,0,0,4.0362665450568557e-29,3.1407663313253254e-28,2.572573607674912e-27,0,4.5519144009631418e-15,1.7351306986023611e-15
1.21,0,0,0,3.8344532178040134e-29,2.9837280147590593e-28,2.4439449272911664e-27,0,4.2188474935755949e-15,1.6209472955663092e-15
1.2104999999999999,0,0,0,3.6427305569138125e-29,2.8345416140211063e-28,2.3217476809266081e-27,0,3.9968028886505635e-15,1.5207113004218226e-15
1.2110000000000001,0,0,0,3.4605940290681213e-29,2.6928145333200511e-28,2.2056602968802776e-27,0,3.7747582837255322e-15,1.4295798632065524e-15
1.2115,0,0,0,3.287564327614715e-29,2.5581738066540481e-28,2.0953772820362636e-27,0,3.5527136788005009e-15,1.3443916790839649e-15
1.212,0,0,0,3.1231861112339791e-29,2.4302651163213459e-28,1.9906084179344505e-27,0,3.3306690738754696e-15,1.2630831185079897e-15
1.2124999999999999,0,0,0,2.96702680567228e-29,2.3087518605052784e-28,1.8910779970377278e-27,0,3.1086244689504383e-15,1.1843070899693867e-15
1.2130000000000001,0,0,0,2.818675465388666e-29,2.1933142674800143e-28,1.7965240971858416e-27,0,2.886579864025407e-15,1.1071842420662902e-15
1.2135,0,0,0,2.6777416921192329e-29,2.0836485541060137e-28,1.7066978923265494e-27,0,2.6645352591003757e-15,1.0311405537447051e-15
1.214,0,0,0,2.5438546075132707e-29,1.9794661264007129e-28,1.6213629977102219e-27,0,2.4424906541753444e-15,9.5580131681660667e-16
1.2144999999999999,0,0,0,2.4166618771376074e-29,1.8804928200806773e-28,1.5402948478247108e-27,0,2.2204460492503131e-15,8.8092193010370077e-16
1.2150000000000001,0,0,0,2.2958287832807273e-29,1.7864681790766434e-28,1.4632801054334754e-27,0,1.9984014443252818e-15,8.0634272339237899e-16
1.2155,0,0,0,2.1810373441166908e-29,1.6971447701228112e-28,1.3901161001618016e-27,0,1.8873791418627661e-15,7.4480927104117866e-16
1.216,0,0,0,2.0719854769108563e-29,1.6122875316166707e-28,1.3206102951537116e-27,0,1.7763568394002505e-15,6.9179179723061319e-16
1.2164999999999999,0,0,0,1.9683862030653134e-29,1.5316731550358371e-28,1.2545797803960262e-27,0,1.6653345369377348e-15,6.4433336496740658e-16
1.2170000000000001,0,0,0,1.8699668929120479e-29,1.4550894972840455e-28,1.1918507913762248e-27,0,1.5543122344752192e-15,6.0050375149205932e-16
1.2175,0,0,0,1.7764685482664455e-29,1.382335022419843e-28,1.1322582518074136e-27,0,1.4432899320127035e-15,5.5904295028100899e-16
1.218,0,0,0,1.6876451208531234e-29,1.3132182712988509e-28,1.075645339217043e-27,0,1.3322676295501878e-15,5.1912845707581923e-16
1.2184999999999999,0,0,0,1.6032628648104671e-29,1.2475573577339085e-28,1.0218630722561909e-27,0,1.2212453270876722e-15,4.8022335937445512e-16
1.2190000000000001,0,0,0,1.5230997215699437e-29,1.1851794898472131e-28,9.7076991864338143e-28,0,1.1102230246251565e-15,4.4197717262697727e-16
1.2195,0,0,0,1.4469447354914468e-29,1.1259205153548524e-28,9.2223142271121225e-28,0,9.9920072216264089e-16,4.0416110830773065e-16
1.22,0,0,0,1.3745974987168742e-29,1.0696244895871097e-28,8.7611985157565166e-28,0,8.8817841970012523e-16,3.6662581835135719e-16
1.2204999999999999,0,0,0,1.3058676237810306e-29,1.0161432651077542e-28,8.3231385899686898e-28,0,7.7715611723760958e-16,3.2927381165963706e-16
1.2210000000000001,0,0,0,1.2405742425919792e-29,9.6533610185236669e-29,7.9069816604702553e-28,0,6.6613381477509392e-16,2.9204144821012119e-16
1.2215,0,0,0,1.1785455304623801e-29,9.1706929675974832e-29,7.5116325774467429e-28,0,5.5511151231257827e-16,2.5488718521037752e-16
1.222,0,0,0,1.1196182539392612e-29,8.7121583192176082e-29,7.1360509485744059e-28,0,4.4408920985006262e-16,2.1778390444867961e-16
1.2224999999999999,0,0,0,1.0636373412422981e-29,8.2765504032567282e-29,6.7792484011456851e-28,0,3.3306690738754696e-16,1.8071390375903935e-16
1.2230000000000001,0,0,0,1.0104554741801831e-29,7.8627228830938911e-29,6.4402859810884009e-28,0,2.2204460492503131e-16,1.4366562756088115e-16
1.2235,0,0,0,9.5993270047117401e-30,7.4695867389391976e-29,6.11827168203398e-28,0,1.1102230246251565e-16,1.06631532627996e-16
1.224,0,0,0,9.1193606544761533e-30,7.0961074019922373e-29,5.8123580979322819e-28,0,0,6.9606694909941829e-17
1.2244999999999999,0,0,0,8.6633926217523457e-30,6.7413020318926265e-29,5.5217401930356676e-28,0,0,4.543770362176759e-17
1.2250000000000001,0,0,0,8.2302229906647295e-30,6.4042369302979957e-29,5.2456531833838845e-28,0,0,2.9660723197542734e-17
1.2255,0,0,0,7.8187118411314937e-30,6.084025083783096e-29,4.9833705242146899e-28,0,0,1.936186097617373e-17
1.226,0,0,0,7.4277762490749195e-30,5.7798238295939417e-29,4.7342019980039549e-28,0,0,1.2638992581668964e-17
1.2264999999999999,0,0,0,7.0563874366211731e-30,5.4908326381142435e-29,4.497491898103758e-28,0,0,8.2504534908116853e-18
1.2270000000000001,0,0,0,6.7035680647901149e-30,5.2162910062085323e-29,4.2726173031985696e-28,0,0,5.3857126953909614e-18
1.2275,0,0,0,6.3683896615506094e-30,4.9554764558981049e-29,4.058986438038641e-28,0,0,3.5156735650468775e-18
1.228,0,0,0,6.0499701784730781e-30,4.7077026331032001e-29,3.8560371161367093e-28,0,0,2.2949535771833783e-18
1.2284999999999999,0,0,0,5.7474716695494244e-30,4.4723175014480405e-29,3.6632352603298733e-28,0,0,1.4980946962169276e-18
1.2290000000000001,0,0,0,5.4600980860719534e-30,4.2487016263756382e-29,3.4800734973133799e-28,0,0,9.7792292669716108e-19
1.2295,0,0,0,5.1870931817683551e-30,4.0362665450568557e-29,3.306069822447711e-28,0,0,6.3836635492731356e-19
1.23,0,0,0,4.9277385226799374e-30,3.8344532178040134e-29,3.1407663313253254e-28,0,0,4.1671137057755192e-19
1.2304999999999999,0,0,0,4.6813515965459404e-30,3.6427305569138125e-29,2.9837280147590593e-28,0,0,2.720199224603464e-19
1.2310000000000001,0,0,0,4.4472840167186432e-30,3.4605940290681213e-29,2.8345416140211063e-28,0,0,1.7756856049494834e-19
1.2315,0,0,0,4.2249198158827109e-30,3.287564327614715e-29,2.6928145333200511e-28,0,0,1.1591281032309129e-19
1.232,0,0,0,4.013673825088575e-30,3.1231861112339791e-29,2.5581738066540481e-28,0,0,7.5665306738684591e-20
1.2324999999999999,0,0,0,3.812990133834146e-30,2.96702680567228e-29,2.4302651163213459e-28,0,0,4.9392630787752444e-20
1.2330000000000001,0,0,0,3.6223406271424392e-30,2.818675465388666e-29,2.3087518605052784e-28,0,0,3.2242411764227294e-20
1.2335,0,0,0,3.4412235957853167e-30,2.6777416921192329e-29,2.1933142674800143e-28,0,0,2.1047129901648373e-20
1.234,0,0,0,3.2691624159960509e-30,2.5438546075132707e-29,2.0836485541060137e-28,0,0,1.3739098685798244e-20
1.2344999999999999,0,0,0,3.1057042951962485e-30,2.4166618771376074e-29,1.9794661264007129e-28,0,0,8.9685783087849655e-21
1.2350000000000001,0,0,0,2.9504190804364363e-30,2.2958287832807273e-29,1.8804928200806773e-28,0,0,5.854488618234631e-21
1.2355,0,0,0,2.8028981264146146e-30,2.1810373441166908e-29,1.7864681790766434e-28,0,0,3.8216800702364959e-21
1.236,0,0,0,2.6627532200938837e-30,2.0719854769108563e-29,1.6971447701228112e-28,0,0,2.4947078236266016e-21
1.2364999999999999,0,0,0,2.5296155590891899e-30,1.9683862030653134e-29,1.6122875316166707e-28,0,0,1.6284898293118095e-21
1.2370000000000001,0,0,0,2.4031347811347305e-30,1.8699668929120479e-29,1.5316731550358371e-28,0,0,1.0630419719118758e-21
1.2375,0,0,0,2.2829780420779938e-30,1.7764685482664455e-29,1.4550894972840455e-28,0,0,6.9393017610914122e-22
1.238,0,0,0,2.1688291399740944e-30,1.6876451208531234e-29,1.382335022419843e-28,0,0,4.529821982934672e-22
1.2384999999999999,0,0,0,2.0603876829753896e-30,1.6032628648104671e-29,1.3132182712988509e-28,0,0,2.9569671277490225e-22
1.2390000000000001,0,0,0,1.9573682988266202e-30,1.5230997215699437e-29,1.2475573577339085e-28,0,0,1.9302424306139455e-22
1.2395,0,0,0,1.859499883885289e-30,1.4469447354914468e-29,1.1851794898472131e-28,0,0,1.2600193644285479e-22
1.24,0,0,0,1.7665248896910245e-30,1.3745974987168742e-29,1.1259205153548524e-28,0,0,8.2251264066863551e-23
1.2404999999999999,0,0,0,1.6781986452064734e-30,1.3058676237810306e-29,1.0696244895871097e-28,0,0,5.3691797376980383e-23
1.2410000000000001,0,0,0,1.5942887129461497e-30,1.2405742425919792e-29,1.0161432651077542e-28,0,0,3.5048812176639975e-23
1.2415,0,0,0,1.5145742772988422e-30,1.1785455304623801e-29,9.6533610185236669e-29,0,0,2.2879085726417763e-23
1.242,0,0,0,1.4388455634339001e-30,1.1196182539392612e-29,9.1706929675974832e-29,0,0,1.4934958738078264e-23
1.2424999999999999,0,0,0,1.3669032852622051e-30,1.0636373412422981e-29,8.7121583192176082e-29,0,0,9.7492091762455339e-24
1.2430000000000001,0,0,0,1.2985581209990948e-30,1.0104554741801831e-29,8.2765504032567282e-29,0,0,6.3640671011602797e-24
1.2435,0,0,0,1.2336302149491401e-30,9.5993270047117401e-30,7.8627228830938911e-29,0,0,4.1543215799240717e-24
1.244,0,0,0,1.171948704201683e-30,9.1193606544761533e-30,7.4695867389391976e-29,0,0,2.7118488091171025e-24
1.2444999999999999,0,0,0,1.1133512689915989e-30,8.6633926217523457e-30,7.0961074019922373e-29,0,0,1.7702346392847751e-24
1.2450000000000001,0,0,0,1.057683705542019e-30,8.2302229906647295e-30,6.7413020318926265e-29,0,0,1.1555698339775616e-24
1.2455000000000001,0,0,0,1.0047995202649181e-30,7.8187118411314937e-30,6.4042369302979957e-29,0,0,7.5433030829090834e-25
1.246,0,0,0,9.5455954425167237e-31,7.4277762490749195e-30,6.084025083783096e-29,0,0,4.9241006235656519e-25
1.2464999999999999,0,0,0,9.0683156703908865e-31,7.0563874366211731e-30,5.7798238295939417e-29,0,0,3.2143434626053561e-25
1.2470000000000001,0,0,0,8.6148998868713419e-31,6.7035680647901149e-30,5.4908326381142435e-29,0,0,2.0982519825340517e-25
1.2475000000000001,0,0,0,8.184154892527775e-31,6.3683896615506094e-30,5.2162910062085323e-29,0,0,1.369692266376395e-25
1.248,0,0,0,7.7749471479013866e-31,6.0499701784730781e-30,4.9554764558981049e-29,0,0,8.9410467388459123e-26
1.2484999999999999,0,0,0,7.3861997905063178e-31,5.7474716695494244e-30,4.7077026331032001e-29,0,0,5.8365166211910827e-26
1.2490000000000001,0,0,0,7.0168898009810023e-31,5.4600980860719534e-30,4.4723175014480405e-29,0,0,3.8099483499441794e-26
1.2495000000000001,0,0,0,6.6660453109319519e-31,5.1870931817683551e-30,4.2487016263756382e-29,0,0,2.4870496173246728e-26
1.25,0,0,0,6.3327430453853538e-31,4.9277385226799374e-30,4.0362665450568557e-29,0,0,1.6234907224202727e-26
1.2504999999999999,0,0,0,6.0161058931160856e-31,4.6813515965459404e-30,3.8344532178040134e-29,0,0,1.0597786660243448e-26
1.2509999999999999,0,0,0,5.7153005984602808e-31,4.4472840167186432e-30,3.6427305569138125e-29,0,0,6.917999625436696e-27
1.2515000000000001,0,0,0,5.429535568537266e-31,4.2249198158827109e-30,3.4605940290681213e-29,0,0,4.5159164221600659e-27
1.252,0,0,0,5.1580587901104029e-31,4.013673825088575e-30,3.287564327614715e-29,0,0,2.9478898866878211e-27
1.2524999999999999,0,0,0,4.9001558506048825e-31,3.812990133834146e-30,3.1231861112339791e-29,0,0,1.9243170093656613e-27
1.2529999999999999,0,0,0,4.6551480580746385e-31,3.6223406271424392e-30,2.96702680567228e-29,0,0,1.2561513811136957e-27
1.2535000000000001,0,0,0,4.4223906551709068e-31,3.4412235957853167e-30,2.818675465388666e-29,0,0,8.1998770711588485e-28
1.254,0,0,0,4.2012711224123615e-31,3.2691624159960509e-30,2.6777416921192329e-29,0,0,5.3526975325620262e-28
1.2544999999999999,0,0,0,3.9912075662917433e-31,3.1057042951962485e-30,2.5438546075132707e-29,0,0,3.494122000422434e-28
1.2549999999999999,0,0,0,3.7916471879771565e-31,2.9504190804364363e-30,2.4166618771376074e-29,0,0,2.2808851947201998e-28
1.2555000000000001,0,0,0,3.6020648285782986e-31,2.8028981264146146e-30,2.2958287832807273e-29,0,0,1.4889111687756861e-28
1.256,0,0,0,3.4219615871493838e-31,2.6627532200938837e-30,2.1810373441166908e-29,0,0,9.7192812406190629e-29
1.2565,0,0,0,3.2508635077919144e-31,2.5296155590891899e-30,2.0719854769108563e-29,0,0,6.3445308098485553e-29
1.2569999999999999,0,0,0,3.0883203324023192e-31,2.4031347811347305e-30,1.9683862030653134e-29,0,0,4.1415687230955852e-29
1.2575000000000001,0,0,0,2.9339043157822032e-31,2.2829780420779938e-30,1.8699668929120479e-29,0,0,2.7035240275762846e-29
1.258,0,0,0,2.7872090999930929e-31,2.1688291399740944e-30,1.7764685482664455e-29,0,0,1.7648004068900748e-29
1.2585,0,0,0,2.6478486449934386e-31,2.0603876829753896e-30,1.6876451208531234e-29,0,0,1.1520224878310211e-29
1.2589999999999999,0,0,0,2.5154562127437662e-31,1.9573682988266202e-30,1.6032628648104671e-29,0,0,7.5201467955636099e-30
1.2595000000000001,0,0,0,2.3896834021065779e-31,1.859499883885289e-30,1.5230997215699437e-29,0,0,4.9089847137706899e-30
1.26,0,0,0,2.2701992320012492e-31,1.7665248896910245e-30,1.4469447354914468e-29,0,0,3.2044761326003114e-30
1.2605,0,0,0,2.1566892704011867e-31,1.6781986452064734e-30,1.3745974987168742e-29,0,0,2.0918108087807589e-30
1.2609999999999999,0,0,0,2.0488548068811276e-31,1.5942887129461497e-30,1.3058676237810306e-29,0,0,1.3654876112874399e-30
1.2615000000000001,0,0,0,1.9464120665370712e-31,1.5145742772988422e-30,1.2405742425919792e-29,0,0,8.9135996847930101e-31
1.262,0,0,0,1.8490914632102173e-31,1.4388455634339001e-30,1.1785455304623801e-29,0,0,5.8185997942398824e-31
1.2625,0,0,0,1.7566368900497067e-31,1.3669032852622051e-30,1.1196182539392612e-29,0,0,3.7982526434621455e-31
1.2629999999999999,0,0,0,1.6688050455472213e-31,1.2985581209990948e-30,1.0636373412422981e-29,0,0,2.4794149200377898e-31
1.2635000000000001,0,0,0,1.5853647932698602e-31,1.2336302149491401e-30,1.0104554741801831e-29,0,0,1.618506961691335e-31
1.264,0,0,0,1.5060965536063674e-31,1.171948704201683e-30,9.5993270047117401e-30,0,0,1.0565253777707325e-31
1.2645,0,0,0,1.4307917259260488e-31,1.1133512689915989e-30,9.1193606544761533e-30,0,0,6.8967628826700593e-32
1.2649999999999999,0,0,0,1.3592521396297463e-31,1.057683705542019e-30,8.6633926217523457e-30,0,0,4.502053548409622e-32
1.2655000000000001,0,0,0,1.2912895326482591e-31,1.0047995202649181e-30,8.2302229906647295e-30,0,0,2.9388405107673925e-32
1.266,0,0,0,1.226725056015846e-31,9.5455954425167237e-31,7.8187118411314937e-30,0,0,1.9184097778620479e-32
1.2665,0,0,0,1.1653888032150537e-31,9.0683156703908865e-31,7.4277762490749195e-30,0,0,1.2522952716599481e-32
1.2669999999999999,0,0,0,1.1071193630543011e-31,8.6148998868713419e-31,7.0563874366211731e-30,0,0,8.1747052455579947e-33
1.2675000000000001,0,0,0,1.0517633949015862e-31,8.184154892527775e-31,6.7035680647901149e-30,0,0,5.3362659241836908e-33
1.268,0,0,0,9.9917522515650673e-32,7.7749471479013866e-31,6.3683896615506094e-30,0,0,3.4833958116199094e-33
1.2685,0,0,0,9.4921646389868142e-32,7.3861997905063178e-31,6.0499701784730781e-30,0,0,2.2738833770296631e-33
1.2689999999999999,0,0,0,9.0175564070374735e-32,7.0168898009810023e-31,5.7474716695494244e-30,0,0,1.4843405377832523e-33
1.2695000000000001,0,0,0,8.5666785866855994e-32,6.6660453109319519e-31,5.4600980860719534e-30,0,0,9.6894451771962311e-34
1.27,0,0,0,8.1383446573513198e-32,6.3327430453853538e-31,5.1870931817683551e-30,0,0,6.3250544906697621e-34
1.2705,0,0,0,7.7314274244837533e-32,6.0161058931160856e-31,4.9277385226799374e-30,0,0,4.1288550147427613e-34
1.2709999999999999,0,0,0,7.3448560532595663e-32,5.7153005984602808e-31,4.6813515965459404e-30,0,0,2.695224801290414e-34
1.2715000000000001,0,0,0,6.9776132505965888e-32,5.429535568537266e-31,4.4472840167186432e-30,0,0,1.7593828563979091e-34
1.272,0,0,0,6.6287325880667588e-32,5.1580587901104029e-31,4.2249198158827109e-30,0,0,1.1484860312597462e-34
1.2725,0,0,0,6.2972959586634217e-32,4.9001558506048825e-31,4.013673825088575e-30,0,0,7.497061592945566e-35
1.2729999999999999,0,0,0,5.9824311607302505e-32,4.6551480580746385e-31,3.812990133834146e-30,0,0,4.893915206506134e-35
1.2735000000000001,0,0,0,5.6833096026937387e-32,4.4223906551709068e-31,3.6223406271424392e-30,0,0,3.1946390931359488e-35
1.274,0,0,0,5.3991441225590522e-32,4.2012711224123615e-31,3.4412235957853167e-30,0,0,2.0853894080193e-35
1.2745,0,0,0,5.1291869164310999e-32,3.9912075662917433e-31,3.2691624159960509e-30,0,0,1.3612958635681543e-35
1.2749999999999999,0,0,0,4.8727275706095447e-32,3.7916471879771565e-31,3.1057042951962485e-30,0,0,8.8862368871810076e-36
1.2755000000000001,0,0,0,4.6290911920790675e-32,3.6020648285782986e-31,2.9504190804364363e-30,0,0,5.8007379680209361e-36
1.276,0,0,0,4.3976366324751142e-32,3.4219615871493838e-31,2.8028981264146146e-30,0,0,3.7865928402358895e-36
1.2765,0,0,0,4.1777548008513586e-32,3.2508635077919144e-31,2.6627532200938837e-30,0,0,2.4718036595984279e-36
1.2769999999999999,0,0,0,3.9688670608087908e-32,3.0883203324023192e-31,2.5296155590891899e-30,0,0,1.6135385000156404e-36
1.2775000000000001,0,0,0,3.7704237077683513e-32,2.9339043157822032e-31,2.4031347811347305e-30,0,0,1.0532820763990987e-36
1.278,0,0,0,3.5819025223799335e-32,2.7872090999930929e-31,2.2829780420779938e-30,0,0,6.8755913320496722e-37
1.2785,0,0,0,3.4028073962609367e-32,2.6478486449934386e-31,2.1688291399740944e-30,0,0,4.4882332306435361e-37
1.2789999999999999,0,0,0,3.2326670264478897e-32,2.5154562127437662e-31,2.0603876829753896e-30,0,0,2.9298189144478643e-37
1.2795000000000001,0,0,0,3.071033675125495e-32,2.3896834021065779e-31,1.9573682988266202e-30,0,0,1.9125206802645784e-37
1.28,0,0,0,2.9174819913692201e-32,2.2701992320012492e-31,1.859499883885289e-30,0,0,1.2484509996171554e-37
1.2805,0,0,0,2.7716078918007592e-32,2.1566892704011867e-31,1.7665248896910245e-30,0,0,8.1496106919453203e-38
1.2809999999999999,0,0,0,2.6330274972107212e-32,2.0488548068811276e-31,1.6781986452064734e-30,0,0,5.3198847572420852e-38
1.2815000000000001,0,0,0,2.5013761223501853e-32,1.9464120665370712e-31,1.5942887129461497e-30,0,0,3.4727025498663613e-38
1.282,0,0,0,2.3763073162326762e-32,1.8490914632102173e-31,1.5145742772988422e-30,0,0,2.2669030533849861e-38
1.2825,0,0,0,2.2574919504210423e-32,1.7566368900497067e-31,1.4388455634339001e-30,0,0,1.4797839376263103e-38
1.2829999999999999,0,0,0,2.1446173528999901e-32,1.6688050455472213e-31,1.3669032852622051e-30,0,0,9.6597007039495259e-39
1.2835000000000001,0,0,0,2.0373864852549907e-32,1.5853647932698602e-31,1.2985581209990948e-30,0,0,6.3056379595226074e-39
1.284,0,0,0,1.9355171609922411e-32,1.5060965536063674e-31,1.2336302149491401e-30,0,0,4.1161803346883693e-39
1.2845,0,0,0,1.8387413029426292e-32,1.4307917259260488e-31,1.171948704201683e-30,0,0,2.6869510518104634e-39
1.2849999999999999,0,0,0,1.7468042377954979e-32,1.3592521396297463e-31,1.1133512689915989e-30,0,0,1.7539819365984971e-39
1.2855000000000001,0,0,0,1.659464025905723e-32,1.2912895326482591e-31,1.057683705542019e-30,0,0,1.1449604308351302e-39
1.286,0,0,0,1.5764908246104369e-32,1.226725056015846e-31,1.0047995202649181e-30,0,0,7.4740472568404348e-40
1.2865,0,0,0,1.4976662833799149e-32,1.1653888032150537e-31,9.5455954425167237e-31,0,0,4.878891959326395e-40
1.2869999999999999,0,0,0,1.4227829692109192e-32,1.1071193630543011e-31,9.0683156703908865e-31,0,0,3.1848322512269525e-40
1.2875000000000001,0,0,0,1.3516438207503733e-32,1.0517633949015862e-31,8.6148998868713419e-31,0,0,2.0789877195509274e-40
1.288,0,0,0,1.2840616297128548e-32,9.9917522515650673e-32,8.184154892527775e-31,0,0,1.3571169835957443e-40
1.2885,0,0,0,1.2198585482272119e-32,9.4921646389868142e-32,7.7749471479013866e-31,0,0,8.8589580873611091e-41
1.2889999999999999,0,0,0,1.1588656208158513e-32,9.0175564070374735e-32,7.3861997905063178e-31,0,0,5.7829309736940579e-41
1.2895000000000001,0,0,0,1.1009223397750588e-32,8.5666785866855994e-32,7.0168898009810023e-31,0,0,3.7749688300502878e-41
1.29,0,0,0,1.0458762227863057e-32,8.1383446573513198e-32,6.6660453109319519e-31,0,0,2.4642157640606049e-41
1.2905,0,0,0,9.935824116469905e-33,7.7314274244837533e-32,6.3327430453853538e-31,0,0,1.6085852904284504e-41
1.2909999999999999,0,0,0,9.4390329106464097e-33,7.3448560532595663e-32,6.0161058931160856e-31,0,0,1.0500487312519052e-41
1.2915000000000001,0,0,0,8.967081265114088e-33,6.9776132505965888e-32,5.7153005984602808e-31,0,0,6.8544847734499365e-42
1.292,0,0,0,8.5187272018583844e-33,6.6287325880667588e-32,5.429535568537266e-31,0,0,4.4744553382242644e-42
1.2925,0,0,0,8.0927908417654656e-33,6.2972959586634217e-32,5.1580587901104029e-31,0,0,2.9208250124519502e-42
1.2929999999999999,0,0,0,7.6881512996771924e-33,5.9824311607302505e-32,4.9001558506048825e-31,0,0,1.9066496609061343e-42
1.2935000000000001,0,0,0,7.303743734693333e-33,5.6833096026937387e-32,4.6551480580746385e-31,0,0,1.2446185286470601e-42
1.294,0,0,0,6.938556547958666e-33,5.3991441225590522e-32,4.4223906551709068e-31,0,0,8.1245931731127528e-43
1.2945,0,0,0,6.591628720560733e-33,5.1291869164310999e-32,4.2012711224123615e-31,0,0,5.3035538768930472e-43
1.2949999999999999,0,0,0,6.2620472845326962e-33,4.8727275706095447e-32,3.9912075662917433e-31,0,0,3.4620421140829614e-43
1.2955000000000001,0,0,0,5.9489449203060617e-33,4.6290911920790675e-32,3.7916471879771565e-31,0,0,2.2599441578041555e-43
1.296,0,0,0,5.6514976742907589e-33,4.3976366324751142e-32,3.6020648285782986e-31,0,0,1.4752413252332683e-43
1.2965,0,0,0,5.3689227905762207e-33,4.1777548008513586e-32,3.4219615871493838e-31,0,0,9.6300475397171687e-44
1.2969999999999999,0,0,0,5.1004766510474099e-33,3.9688670608087908e-32,3.2508635077919144e-31,0,0,6.2862810328709295e-44
1.2975000000000001,0,0,0,4.8454528184950391e-33,3.7704237077683513e-32,3.0883203324023192e-31,0,0,4.1035445631240794e-44
1.298,0,0,0,4.6031801775702871e-33,3.5819025223799335e-32,2.9339043157822032e-31,0,0,2.678702700928219e-44
1.2985,0,0,0,4.3730211686917724e-33,3.4028073962609367e-32,2.7872090999930929e-31,0,0,1.7485975964392543e-44
1.2989999999999999,0,0,0,4.1543701102571839e-33,3.2326670264478897e-32,2.6478486449934386e-31,0,0,1.14144565323118e-44
1.2995000000000001,0,0,0,3.9466516047443247e-33,3.071033675125495e-32,2.5154562127437662e-31,0,0,7.4511035697035365e-45
1.3,0,0,0,3.749319024507108e-33,2.9174819913692201e-32,2.3896834021065779e-31,0,0,4.8639148302231423e-45
1.3005,0,0,0,3.5618530732817526e-33,2.7716078918007592e-32,2.2701992320012492e-31,0,0,3.1750555141734403e-45
1.3009999999999999,0,0,0,3.3837604196176647e-33,2.6330274972107212e-32,2.1566892704011867e-31,0,0,2.0726056828632183e-45
1.3015000000000001,0,0,0,3.2145723986367814e-33,2.5013761223501853e-32,2.0488548068811276e-31,0,0,1.3529509318690453e-45
1.302,0,0,0,3.0538437787049421e-33,2.3763073162326762e-32,1.9464120665370712e-31,0,0,8.8317630274784908e-46
1.3025,0,0,0,2.9011515897696952e-33,2.2574919504210423e-32,1.8490914632102173e-31,0,0,5.7651786429373486e-46
1.3029999999999999,0,0,0,2.7560940102812105e-33,2.1446173528999901e-32,1.7566368900497067e-31,0,0,3.7633805030285473e-46
1.3035000000000001,0,0,0,2.6182893097671497e-33,2.0373864852549907e-32,1.6688050455472213e-31,0,0,2.4566511616991906e-46
1.304,0,0,0,2.4873748442787922e-33,1.9355171609922411e-32,1.5853647932698602e-31,0,0,1.603647286109194e-46
1.3045,0,0,0,2.3630061020648528e-33,1.8387413029426292e-32,1.5060965536063674e-31,0,0,1.0468253117657238e-46
1.3049999999999999,0,0,0,2.24485579696161e-33,1.7468042377954979e-32,1.4307917259260488e-31,0,0,6.8334430073595869e-47
1.3055000000000001,0,0,0,2.1326130071135296e-33,1.659464025905723e-32,1.3592521396297463e-31,0,0,4.4607197409152861e-47
1.306,0,0,0,2.0259823567578532e-33,1.5764908246104369e-32,1.2912895326482591e-31,0,0,2.9118587197641453e-47
1.3065,0,0,0,1.9246832389199607e-33,1.4976662833799149e-32,1.226725056015846e-31,0,0,1.9007966642904838e-47
1.3069999999999999,0,0,0,1.8284490769739626e-33,1.4227829692109192e-32,1.1653888032150537e-31,0,0,1.2407978225229548e-47
1.3075000000000001,0,0,0,1.7370266231252643e-33,1.3516438207503733e-32,1.1071193630543011e-31,0,0,8.0996524525804001e-48
1.3080000000000001,0,0,0,1.6501752919690012e-33,1.2840616297128548e-32,1.0517633949015862e-31,0,0,5.2872731287677612e-48
1.3085,0,0,0,1.567666527370551e-33,1.2198585482272119e-32,9.9917522515650673e-32,0,0,3.4514144035011778e-48
1.3089999999999999,0,0,0,1.4892832010020236e-33,1.1588656208158513e-32,9.4921646389868142e-32,0,0,2.2530066245077136e-48
1.3095000000000001,0,0,0,1.4148190409519225e-33,1.1009223397750588e-32,9.0175564070374735e-32,0,0,1.4707126576647577e-48
1.3100000000000001,0,0,0,1.3440780889043263e-33,1.0458762227863057e-32,8.5666785866855994e-32,0,0,9.6004854042005024e-49
1.3105,0,0,0,1.2768741844591099e-33,9.935824116469905e-33,8.1383446573513198e-32,0,0,6.2669835277419955e-49
1.3109999999999999,0,0,0,1.2130304752361544e-33,9.4390329106464097e-33,7.7314274244837533e-32,0,0,4.0909475806093585e-49
1.3115000000000001,0,0,0,1.1523789514743466e-33,8.967081265114088e-33,7.3448560532595663e-32,0,0,2.6704796706755536e-49
1.3120000000000001,0,0,0,1.0947600039006294e-33,8.5187272018583844e-33,6.9776132505965888e-32,0,0,1.7432297850243197e-49
1.3125,0,0,0,1.0400220037055978e-33,8.0927908417654656e-33,6.6287325880667588e-32,0,0,1.1379416652242087e-49
1.3129999999999999,0,0,0,9.8802090352031795e-34,7.6881512996771924e-33,6.2972959586634217e-32,0,0,7.4282303146580292e-50
1.3134999999999999,0,0,0,9.3861985834430215e-34,7.303743734693333e-33,5.9824311607302505e-32,0,0,4.8489836776239918e-50
1.3140000000000001,0,0,0,8.9168886542708696e-34,6.938556547958666e-33,5.6833096026937387e-32,0,0,3.1653087895601061e-50
1.3145,0,0,0,8.4710442215573271e-34,6.591628720560733e-33,5.3991441225590522e-32,0,0,2.0662432376295138e-50
1.3149999999999999,0,0,0,8.0474920104794613e-34,6.2620472845326962e-33,5.1291869164310999e-32,0,0,1.348797669008155e-50
1.3154999999999999,0,0,0,7.645117409955488e-34,5.9489449203060617e-33,4.8727275706095447e-32,0,0,8.8046514504699005e-51
1.3160000000000001,0,0,0,7.262861539457714e-34,5.6514976742907589e-33,4.6290911920790675e-32,0,0,5.7474808079456298e-51
1.3165,0,0,0,6.899718462484828e-34,5.3689227905762207e-33,4.3976366324751142e-32,0,0,3.7518277496311752e-51
1.3169999999999999,0,0,0,6.554732539360587e-34,5.1004766510474099e-33,4.1777548008513586e-32,0,0,2.4491097810092395e-51
1.3174999999999999,0,0,0,6.2269959123925575e-34,4.8454528184950391e-33,3.9688670608087908e-32,0,0,1.5987244403810316e-51
1.3180000000000001,0,0,0,5.9156461167729292e-34,4.6031801775702871e-33,3.7704237077683513e-32,0,0,1.0436117874709512e-51
1.3185,0,0,0,5.619863810934283e-34,4.3730211686917724e-33,3.5819025223799335e-32,0,0,6.8124658348798213e-52
1.319,0,0,0,5.3388706203875686e-34,4.1543701102571839e-33,3.4028073962609367e-32,0,0,4.447026308879884e-52
1.3194999999999999,0,0,0,5.0719270893681897e-34,3.9466516047443247e-33,3.2326670264478897e-32,0,0,2.9029199516299245e-52
1.3200000000000001,0,0,0,4.8183307348997809e-34,3.749319024507108e-33,3.071033675125495e-32,0,0,1.8949616350917562e-52
1.3205,0,0,0,4.5774141981547924e-34,3.5618530732817526e-33,2.9174819913692201e-32,0,0,1.236988845129341e-52
1.321,0,0,0,4.348543488247052e-34,3.3837604196176647e-33,2.7716078918007592e-32,0,0,8.0747882945943094e-53
1.3214999999999999,0,0,0,4.1311163138346995e-34,3.2145723986367814e-33,2.6330274972107212e-32,0,0,5.2710423589712853e-53
1.3220000000000001,0,0,0,3.9245604981429643e-34,3.0538437787049421e-33,2.5013761223501853e-32,0,0,3.4408193176618117e-53
1.3225,0,0,0,3.7283324732358161e-34,2.9011515897696952e-33,2.3763073162326762e-32,0,0,2.2460903879181272e-53
1.323,0,0,0,3.5419158495740251e-34,2.7560940102812105e-33,2.2574919504210423e-32,0,0,1.4661978921132219e-53
1.3234999999999999,0,0,0,3.3648200570953239e-34,2.6182893097671497e-33,2.1446173528999901e-32,0,0,9.5710140179613096e-54
1.3240000000000001,0,0,0,3.1965790542405578e-34,2.4873748442787922e-33,2.0373864852549907e-32,0,0,6.2477452617247442e-54
1.3245,0,0,0,3.0367501015285297e-34,2.3630061020648528e-33,1.9355171609922411e-32,0,0,4.0783892680703194e-54
1.325,0,0,0,2.8849125964521035e-34,2.24485579696161e-33,1.8387413029426292e-32,0,0,2.6622818833236808e-54
1.3254999999999999,0,0,0,2.7406669666294982e-34,2.1326130071135296e-33,1.7468042377954979e-32,0,0,1.7378784516140695e-54
1.3260000000000001,0,0,0,2.603633618298023e-34,2.0259823567578532e-33,1.659464025905723e-32,0,0,1.1344484336925177e-54
1.3265,0,0,0,2.4734519373831221e-34,1.9246832389199607e-33,1.5764908246104369e-32,0,0,7.4054272754928246e-55
1.327,0,0,0,2.3497793405139656e-34,1.8284490769739626e-33,1.4976662833799149e-32,0,0,4.8340983603911495e-55
1.3274999999999999,0,0,0,2.2322903734882678e-34,1.7370266231252643e-33,1.4227829692109192e-32,0,0,3.1555919852553338e-55
1.3280000000000001,0,0,0,2.1206758548138546e-34,1.6501752919690012e-33,1.3516438207503733e-32,0,0,2.0599003237083428e-55
1.3285,0,0,0,2.0146420620731618e-34,1.567666527370551e-33,1.2840616297128548e-32,0,0,1.3446571557540573e-55
1.329,0,0,0,1.9139099589695037e-34,1.4892832010020236e-33,1.2198585482272119e-32,0,0,8.7776231000612072e-56
1.3294999999999999,0,0,0,1.8182144610210286e-34,1.4148190409519225e-33,1.1588656208158513e-32,0,0,5.7298373014288438e-56
1.3300000000000001,0,0,0,1.7273037379699772e-34,1.3440780889043263e-33,1.1009223397750588e-32,0,0,3.7403104606549399e-56
1.3305,0,0,0,1.6409385510714783e-34,1.2768741844591099e-33,1.0458762227863057e-32,0,0,2.4415915507053082e-56
1.331,0,0,0,1.5588916235179045e-34,1.2130304752361544e-33,9.935824116469905e-33,0,0,1.5938167067104097e-56
1.3314999999999999,0,0,0,1.4809470423420094e-34,1.1523789514743466e-33,9.4390329106464097e-33,0,0,1.0404081279915176e-56
1.3320000000000001,0,0,0,1.406899690224909e-34,1.0947600039006294e-33,8.967081265114088e-33,0,0,6.7915530577224071e-57
1.3325,0,0,0,1.3365547057136634e-34,1.0400220037055978e-33,8.5187272018583844e-33,0,0,4.433374912679905e-57
1.333,0,0,0,1.2697269704279804e-34,9.8802090352031795e-34,8.0927908417654656e-33,0,0,2.8940086235549378e-57
1.3334999999999999,0,0,0,1.2062406219065812e-34,9.3861985834430215e-34,7.6881512996771924e-33,0,0,1.8891445181539179e-57
1.3340000000000001,0,0,0,1.1459285908112522e-34,8.9168886542708696e-34,7.303743734693333e-33,0,0,1.2331915604615853e-57
1.3345,0,0,0,1.0886321612706897e-34,8.4710442215573271e-34,6.938556547958666e-33,0,0,8.0500004641242372e-58
1.335,0,0,0,1.0342005532071551e-34,8.0474920104794613e-34,6.591628720560733e-33,0,0,5.2548614140810991e-58
1.3354999999999999,0,0,0,9.8249052554679743e-35,7.645117409955488e-34,6.2620472845326962e-33,0,0,3.4302567564140511e-58
1.3360000000000001,0,0,0,9.3336599926945745e-35,7.262861539457714e-34,5.9489449203060617e-33,0,0,2.2391953826591725e-58
1.3365,0,0,0,8.8669769930598469e-35,6.899718462484828e-34,5.6514976742907589e-33,0,0,1.4616969859025153e-58
1.337,0,0,0,8.4236281434068548e-35,6.554732539360587e-34,5.3689227905762207e-33,0,0,9.5416331024191975e-59
1.3374999999999999,0,0,0,8.0024467362365124e-35,6.2269959123925575e-34,5.1004766510474099e-33,0,0,6.2285660529680881e-59
1.3380000000000001,0,0,0,7.6023243994246869e-35,5.9156461167729292e-34,4.8454528184950391e-33,0,0,4.0658695067986134e-59
1.3385,0,0,0,7.2222081794534529e-35,5.619863810934283e-34,4.6031801775702871e-33,0,0,2.6541092613824281e-59
1.339,0,0,0,6.8610977704807808e-35,5.3388706203875686e-34,4.3730211686917724e-33,0,0,1.7325435456246407e-59
1.3394999999999999,0,0,0,6.518042881956742e-35,5.0719270893681897e-34,4.1543701102571839e-33,0,0,1.1309659256160851e-59
1.3400000000000001,0,0,0,6.192140737858905e-35,4.8183307348997809e-34,3.9466516047443247e-33,0,0,7.3826942366605549e-60
1.3405,0,0,0,5.8825337009659604e-35,4.5774141981547924e-34,3.749319024507108e-33,0,0,4.8192587378200848e-60
1.341,0,0,0,5.5884070159176623e-35,4.348543488247052e-34,3.5618530732817526e-33,0,0,3.1459050094103337e-60
1.3414999999999999,0,0,0,5.3089866651217796e-35,4.1311163138346995e-34,3.3837604196176647e-33,0,0,2.053576881142857e-60
1.3420000000000001,0,0,0,5.0435373318656898e-35,3.9245604981429643e-34,3.2145723986367814e-33,0,0,1.3405293529682539e-60
1.3425,0,0,0,4.791360465272406e-35,3.7283324732358161e-34,3.0538437787049421e-33,0,0,8.7506777207649913e-61
1.343,0,0,0,4.5517924420087853e-35,3.5419158495740251e-34,2.9011515897696952e-33,0,0,5.7122479566104811e-61
1.3434999999999999,0,0,0,4.3242028199083462e-35,3.3648200570953239e-34,2.7560940102812105e-33,0,0,3.7288285272318426e-61
1.3440000000000001,0,0,0,4.107992678912929e-35,3.1965790542405578e-34,2.6182893097671497e-33,0,0,2.4340963997207863e-61
1.3445,0,0,0,3.9025930449672825e-35,3.0367501015285297e-34,2.4873748442787922e-33,0,0,1.5889240387066245e-61
1.345,0,0,0,3.7074633927189179e-35,2.8849125964521035e-34,2.3630061020648528e-33,0,0,1.0372143030446022e-61
1.3454999999999999,0,0,0,3.5220902230829721e-35,2.7406669666294982e-34,2.24485579696161e-33,0,0,6.7707044782078202e-62
1.3460000000000001,0,0,0,3.3459857119288238e-35,2.603633618298023e-34,2.1326130071135296e-33,0,0,4.4197654232745493e-62
1.3465,0,0,0,3.1786864263323826e-35,2.4734519373831221e-34,2.0259823567578532e-33,0,0,2.8851246513042199e-62
1.347,0,0,0,3.0197521050157634e-35,2.3497793405139656e-34,1.9246832389199607e-33,0,0,1.8833452584902548e-62
1.3474999999999999,0,0,0,2.868764499764975e-35,2.2322903734882678e-34,1.8284490769739626e-33,0,0,1.229405932625583e-62
1.3480000000000001,0,0,0,2.7253262747767262e-35,2.1206758548138546e-34,1.7370266231252643e-33,0,0,8.0252887268614451e-63
1.3485,0,0,0,2.5890599610378901e-35,2.0146420620731618e-34,1.6501752919690012e-33,0,0,5.2387301411456658e-63
1.349,0,0,0,2.4596069629859954e-35,1.9139099589695037e-34,1.567666527370551e-33,0,0,3.4197266199145321e-63
1.3494999999999999,0,0,0,2.3366266148366959e-35,1.8182144610210286e-34,1.4892832010020236e-33,0,0,2.2323215435553196e-63
1.3500000000000001,0,0,0,2.2197952840948611e-35,1.7273037379699772e-34,1.4148190409519225e-33,0,0,1.4572098964875004e-63
1.3505,0,0,0,2.1088055198901181e-35,1.6409385510714783e-34,1.3440780889043263e-33,0,0,9.5123423798489612e-64
1.351,0,0,0,2.003365243895612e-35,1.5588916235179045e-34,1.2768741844591099e-33,0,0,6.2094457201791828e-64
1.3514999999999999,0,0,0,1.9031969817008315e-35,1.4809470423420094e-34,1.2130304752361544e-33,0,0,4.0533881784503001e-64
1.3520000000000001,0,0,0,1.8080371326157898e-35,1.406899690224909e-34,1.1523789514743466e-33,0,0,2.6459617275995018e-64
1.3525,0,0,0,1.7176352759850003e-35,1.3365547057136634e-34,1.0947600039006294e-33,0,0,1.7272250166274526e-64
1.353,0,0,0,1.6317535121857502e-35,1.2697269704279804e-34,1.0400220037055978e-33,0,0,1.1274941080762539e-64
1.3534999999999999,0,0,0,1.5501658365764628e-35,1.2062406219065812e-34,9.8802090352031795e-34,0,0,7.360030983275547e-65
1.3540000000000001,0,0,0,1.4726575447476397e-35,1.1459285908112522e-34,9.3861985834430215e-34,0,0,4.8044646696382048e-65
1.3545,0,0,0,1.3990246675102577e-35,1.0886321612706897e-34,8.9168886542708696e-34,0,0,3.1362477704582728e-65
1.355,0,0,0,1.3290734341347448e-35,1.0342005532071551e-34,8.4710442215573271e-34,0,0,2.0472728501602618e-65
1.3554999999999999,0,0,0,1.2626197624280075e-35,9.8249052554679743e-35,8.0474920104794613e-34,0,0,1.3364142216323932e-65
1.3560000000000001,0,0,0,1.1994887743066071e-35,9.3336599926945745e-35,7.645117409955488e-34,0,0,8.7238150578781231e-66
1.3565,0,0,0,1.1395143355912769e-35,8.8669769930598469e-35,7.262861539457714e-34,0,0,5.6947126072259971e-66
1.357,0,0,0,1.082538618811713e-35,8.4236281434068548e-35,6.899718462484828e-34,0,0,3.7173818408280818e-66
1.3574999999999999,0,0,0,1.0284116878711273e-35,8.0024467362365124e-35,6.554732539360587e-34,0,0,2.4266242572072205e-66
1.3580000000000001,0,0,0,9.7699110347757106e-36,7.6023243994246869e-35,6.2269959123925575e-34,0,0,1.5840463901213804e-66
1.3585,0,0,0,9.2814154830369252e-36,7.2222081794534529e-35,5.9156461167729292e-34,0,0,1.0340302824403456e-66
1.359,0,0,0,8.8173447088850784e-36,6.8610977704807808e-35,5.619863810934283e-34,0,0,6.7499198992633673e-67
1.3594999999999999,0,0,0,8.3764774734408256e-36,6.518042881956742e-35,5.3388706203875686e-34,0,0,4.4061977120191425e-67
1.3600000000000001,0,0,0,7.9576535997687847e-36,6.192140737858905e-35,5.0719270893681897e-34,0,0,2.8762679509013848e-67
1.3605,0,0,0,7.5597709197803446e-36,5.8825337009659604e-35,4.8183307348997809e-34,0,0,1.8775638012828484e-67
1.361,0,0,0,7.1817823737913264e-36,5.5884070159176623e-35,4.5774141981547924e-34,0,0,1.225631925837415e-67
1.3614999999999999,0,0,0,6.8226932551017617e-36,5.3089866651217796e-35,4.348543488247052e-34,0,0,8.0006528492164591e-68
1.3620000000000001,0,0,0,6.4815585923466722e-36,5.0435373318656898e-35,4.1311163138346995e-34,0,0,5.2226483876829672e-68
1.3625,0,0,0,6.1574806627293381e-36,4.791360465272406e-35,3.9245604981429643e-34,0,0,3.4092288086263814e-68
1.363,0,0,0,5.8496066295928717e-36,4.5517924420087853e-35,3.7283324732358161e-34,0,0,2.2254688056311104e-68
1.3634999999999999,0,0,0,5.5571262981132277e-36,4.3242028199083462e-35,3.5419158495740251e-34,0,0,1.4527365814536415e-68
1.3640000000000001,0,0,0,5.2792699832075667e-36,4.107992678912929e-35,3.3648200570953239e-34,0,0,9.4831415733779379e-69
1.3645,0,0,0,5.0153064840471884e-36,3.9025930449672825e-35,3.1965790542405578e-34,0,0,6.1903840826217103e-69
1.365,0,0,0,4.7645411598448286e-36,3.7074633927189179e-35,3.0367501015285297e-34,0,0,4.0409451650447282e-69
1.3654999999999999,0,0,0,4.5263141018525874e-36,3.5220902230829721e-35,2.8849125964521035e-34,0,0,2.6378392049597534e-69
1.3660000000000001,0,0,0,4.2999983967599576e-36,3.3459857119288238e-35,2.7406669666294982e-34,0,0,1.7219228143487279e-69
1.3665,0,0,0,4.0849984769219602e-36,3.1786864263323826e-35,2.603633618298023e-34,0,0,1.1240329482554197e-69
1.367,0,0,0,3.8807485530758617e-36,3.0197521050157634e-35,2.4734519373831221e-34,0,0,7.3374373011117685e-70
1.3674999999999999,0,0,0,3.6867111254220694e-36,2.868764499764975e-35,2.3497793405139656e-34,0,0,4.7897160160035158e-70
1.3680000000000001,0,0,0,3.5023755691509659e-36,2.7253262747767262e-35,2.2322903734882678e-34,0,0,3.1266201771134063e-70
1.3685,0,0,0,3.3272567906934174e-36,2.5890599610378901e-35,2.1206758548138546e-34,0,0,2.0409881711712515e-70
1.369,0,0,0,3.1608939511587468e-36,2.4596069629859954e-35,2.0146420620731618e-34,0,0,1.3323117228479003e-70
1.3694999999999999,0,0,0,3.0028492536008096e-36,2.3366266148366959e-35,1.9139099589695037e-34,0,0,8.6970348574793511e-71
1.3700000000000001,0,0,0,2.8527067909207692e-36,2.2197952840948611e-35,1.8182144610210286e-34,0,0,5.6772310875212437e-71
1.3705000000000001,0,0,0,2.7100714513747306e-36,2.1088055198901181e-35,1.7273037379699772e-34,0,0,3.7059702932430346e-71
1.371,0,0,0,2.5745678788059939e-36,2.003365243895612e-35,1.6409385510714783e-34,0,0,2.4191750525336475e-71
1.3714999999999999,0,0,0,2.4458394848656942e-36,1.9031969817008315e-35,1.5588916235179045e-34,0,0,1.5791837148483533e-71
1.3720000000000001,0,0,0,2.3235475106224098e-36,1.8080371326157898e-35,1.4809470423420094e-34,0,0,1.030856036081564e-71
1.3725000000000001,0,0,0,2.2073701350912894e-36,1.7176352759850003e-35,1.406899690224909e-34,0,0,6.7291991244213212e-72
1.373,0,0,0,2.0970016283367248e-36,1.6317535121857502e-35,1.3365547057136634e-34,0,0,4.3926716506639182e-72
1.3734999999999999,0,0,0,1.9921515469198884e-36,1.5501658365764628e-35,1.2697269704279804e-34,0,0,2.8674384386278355e-72
1.3740000000000001,0,0,0,1.892543969573894e-36,1.4726575447476397e-35,1.2062406219065812e-34,0,0,1.8718000918820593e-72
1.3745000000000001,0,0,0,1.7979167710951995e-36,1.3990246675102577e-35,1.1459285908112522e-34,0,0,1.2218695044230111e-72
1.375,0,0,0,1.7080209325404399e-36,1.3290734341347448e-35,1.0886321612706897e-34,0,0,7.9760925983168785e-73
1.3754999999999999,0,0,0,1.6226198859134178e-36,1.2626197624280075e-35,1.0342005532071551e-34,0,0,5.2066160016790736e-73
1.3759999999999999,0,0,0,1.5414888916177469e-36,1.1994887743066071e-35,9.8249052554679743e-35,0,0,3.3987632233182841e-73
1.3765000000000001,0,0,0,1.4644144470368595e-36,1.1395143355912769e-35,9.3336599926945745e-35,0,0,2.2186371041105465e-73
1.377,0,0,0,1.3911937246850164e-36,1.082538618811713e-35,8.8669769930598469e-35,0,0,1.4482769985166067e-73
1.3774999999999999,0,0,0,1.3216340384507657e-36,1.0284116878711273e-35,8.4236281434068548e-35,0,0,9.4540304069834054e-74
1.3779999999999999,0,0,0,1.2555523365282275e-36,9.7699110347757106e-36,8.0024467362365124e-35,0,0,6.1713809601141672e-74
1.3785000000000001,0,0,0,1.1927747197018161e-36,9.2814154830369252e-36,7.6023243994246869e-35,0,0,4.0285403489634151e-74
1.379,0,0,0,1.1331359837167253e-36,8.8173447088850784e-36,7.2222081794534529e-35,0,0,2.6297416166844515e-74
1.3794999999999999,0,0,0,1.0764791845308891e-36,8.3764774734408256e-36,6.8610977704807808e-35,0,0,1.716636888669017e-74
1.3799999999999999,0,0,0,1.0226552253043447e-36,7.9576535997687847e-36,6.518042881956742e-35,0,0,1.1205824134367194e-74
1.3805000000000001,0,0,0,9.715224640391276e-37,7.5597709197803446e-36,6.192140737858905e-35,0,0,7.3149129766008077e-75
1.381,0,0,0,9.2294634083717121e-37,7.1817823737913264e-36,5.8825337009659604e-35,0,0,4.7750126375033058e-75
1.3815,0,0,0,8.767990237953127e-37,6.8226932551017617e-36,5.5884070159176623e-35,0,0,3.1170221383702138e-75
1.3819999999999999,0,0,0,8.3295907260554705e-37,6.4815585923466722e-36,5.3089866651217796e-35,0,0,2.0347227847694451e-75
1.3825000000000001,0,0,0,7.9131111897526972e-37,6.1574806627293381e-36,5.0435373318656898e-35,0,0,1.3282218178356101e-75
1.383,0,0,0,7.5174556302650616e-37,5.8496066295928717e-36,4.791360465272406e-35,0,0,8.6703368664269005e-76
1.3835,0,0,0,7.1415828487518086e-37,5.5571262981132277e-36,4.5517924420087853e-35,0,0,5.659803232250894e-76
1.3839999999999999,0,0,0,6.7845037063142183e-37,5.2792699832075667e-36,4.3242028199083462e-35,0,0,3.6945937766082229e-76
1.3845000000000001,0,0,0,6.4452785209985082e-37,5.0153064840471884e-36,4.107992678912929e-35,0,0,2.4117487152859235e-76
1.385,0,0,0,6.1230145949485828e-37,4.7645411598448286e-36,3.9025930449672825e-35,0,0,1.5743359669227555e-76
1.3855,0,0,0,5.8168638652011532e-37,4.5263141018525874e-36,3.7074633927189179e-35,0,0,1.0276915339634656e-76
1.3859999999999999,0,0,0,5.526020671941096e-37,4.2999983967599576e-36,3.5220902230829721e-35,0,0,6.7085419578170674e-77
1.3865000000000001,0,0,0,5.2497196383440419e-37,4.0849984769219602e-36,3.3459857119288238e-35,0,0,4.3791871113528083e-77
1.387,0,0,0,4.9872336564268396e-37,3.8807485530758617e-36,3.1786864263323826e-35,0,0,2.8586360310219723e-77
1.3875,0,0,0,4.7378719736054979e-37,3.6867111254220694e-36,3.0197521050157634e-35,0,0,1.8660540758060098e-77
1.3879999999999999,0,0,0,4.5009783749252224e-37,3.5023755691509659e-36,2.868764499764975e-35,0,0,1.218118632817812e-77
1.3885000000000001,0,0,0,4.2759294561789608e-37,3.3272567906934174e-36,2.7253262747767262e-35,0,0,7.9516077420051621e-78
1.389,0,0,0,4.0621329833700126e-37,3.1608939511587468e-36,2.5890599610378901e-35,0,0,5.1906328315867035e-78
1.3895,0,0,0,3.8590263342015126e-37,3.0028492536008096e-36,2.4596069629859954e-35,0,0,3.3883297650635429e-78
1.3899999999999999,0,0,0,3.6660750174914368e-37,2.8527067909207692e-36,2.3366266148366959e-35,0,0,2.2118263744164795e-78
1.3905000000000001,0,0,0,3.4827712666168646e-37,2.7100714513747306e-36,2.2197952840948611e-35,0,0,1.4438311055218685e-78
1.391,0,0,0,3.3086327032860218e-37,2.5745678788059939e-36,2.1088055198901181e-35,0,0,9.4250086054899753e-79
1.3915,0,0,0,3.1432010681217204e-37,2.4458394848656942e-36,2.003365243895612e-35,0,0,6.1524361730281779e-79
1.3919999999999999,0,0,0,2.9860410147156343e-37,2.3235475106224098e-36,1.9031969817008315e-35,0,0,4.0161736129489498e-79
1.3925000000000001,0,0,0,2.8367389639798526e-37,2.2073701350912894e-36,1.8080371326157898e-35,0,0,2.6216688862305646e-79
1.393,0,0,0,2.6949020157808603e-37,2.0970016283367248e-36,1.7176352759850003e-35,0,0,1.7113671896227296e-79
1.3935,0,0,0,2.5601569149918167e-37,1.9921515469198884e-36,1.6317535121857502e-35,0,0,1.1171424710037263e-79
1.3939999999999999,0,0,0,2.432149069242226e-37,1.892543969573894e-36,1.5501658365764628e-35,0,0,7.29245779682988e-80
1.3945000000000001,0,0,0,2.3105416157801146e-37,1.7979167710951995e-36,1.4726575447476397e-35,0,0,4.7603543951528388e-80
1.395,0,0,0,2.195014534991109e-37,1.7080209325404399e-36,1.3990246675102577e-35,0,0,3.1074535635025479e-80
1.3955,0,0,0,2.0852638082415534e-37,1.6226198859134178e-36,1.3290734341347448e-35,0,0,2.0284766317308301e-80
1.3959999999999999,0,0,0,1.9810006178294758e-37,1.5414888916177469e-36,1.2626197624280075e-35,0,0,1.324144467935403e-80
1.3965000000000001,0,0,0,1.8819505869380018e-37,1.4644144470368595e-36,1.1994887743066071e-35,0,0,8.6437208323561039e-81
1.397,0,0,0,1.7878530575911018e-37,1.3911937246850164e-36,1.1395143355912769e-35,0,0,5.642428876676901e-81
1.3975,0,0,0,1.6984604047115466e-37,1.3216340384507657e-36,1.082538618811713e-35,0,0,3.6832521833863106e-81
1.3979999999999999,0,0,0,1.6135373844759694e-37,1.2555523365282275e-36,1.0284116878711273e-35,0,0,2.404345175266064e-81
1.3985000000000001,0,0,0,1.532860515252171e-37,1.1927747197018161e-36,9.7699110347757106e-36,0,0,1.5695031005209031e-81
1.399,0,0,0,1.4562174894895625e-37,1.1331359837167253e-36,9.2814154830369252e-36,0,0,1.0245367461733674e-81
1.3995,0,0,0,1.3834066150150843e-37,1.0764791845308891e-36,8.8173447088850784e-36,0,0,6.6879482041872593e-82
