model_time,"class1_ltz [Model.SpikeClassifier.NeuronTrainer1.Neuron.LTZone.Output]","class2_ltz [Model.SpikeClassifier.NeuronTrainer2.Neuron.LTZone.Output]","class3_ltz [Model.SpikeClassifier.NeuronTrainer3.Neuron.LTZone.Output]"
0,0,0,0
0.00050000000000000001,0,0,0
0.001,0,0,0
0.0015,0,0,0
0.002,0,0,0
0.0025000000000000001,0,0,0
0.0030000000000000001,0,0,0
0.0035000000000000001,0,0,0
0.0040000000000000001,0,0,0
0.0044999999999999997,0,0,0
0.0050000000000000001,0,0,0
0.0054999999999999997,0,0,0
0.0060000000000000001,0,0,0
0.0064999999999999997,0,0,0
0.0070000000000000001,0,0,0
0.0074999999999999997,0,0,0
0.0080000000000000002,0,0,0
0.0085000000000000006,0,0,0
0.0089999999999999993,0,0,0
0.0094999999999999998,0,0,0
0.01,0,0,0
0.010500000000000001,0,0,0
0.010999999999999999,0,0,0
0.0115,0,0,0
0.012,0,0,0
0.012500000000000001,0,0,0
0.012999999999999999,0,0,0
0.0135,0,0,0
0.014,0,0,0
0.014500000000000001,0,0,0
0.014999999999999999,0,0,0
0.0155,0,0,0
0.016,0,0,0
0.016500000000000001,0,0,0
0.017000000000000001,0,0,0
0.017500000000000002,0,0,0
0.017999999999999999,0,0,0
0.018499999999999999,0,0,0
0.019,0,0,0
0.0195,0,0,0
0.02,0,0,0
0.020500000000000001,0,0,0
0.021000000000000001,0,0,0
0.021499999999999998,0,0,0
0.021999999999999999,0,0,0
0.022499999999999999,0,0,0
0.023,0,0,0
0.0235,0,0,0
0.024,0,0,0
0.024500000000000001,0,0,0
0.025000000000000001,0,0,0
0.025499999999999998,0,0,0
0.025999999999999999,0,0,0
0.026499999999999999,0,0,0
0.027,0,0,0
0.0275,0,0,0
0.028000000000000001,0,0,0
0.028500000000000001,0,0,0
0.029000000000000001,0,0,0
0.029499999999999998,0,0,0
0.029999999999999999,0,0,0
0.030499999999999999,0,0,0
0.031,0,0,0
0.0315,0,0,0
0.032000000000000001,0,0,0
0.032500000000000001,0,0,0
0.033000000000000002,0,0,0
0.033500000000000002,0,0,0
0.034000000000000002,0,0,0
0.034500000000000003,0,0,0
0.035000000000000003,0,0,0
0.035499999999999997,0,0,0
0.035999999999999997,0,0,0
0.036499999999999998,0,0,0
0.036999999999999998,0,0,0
0.037499999999999999,0,0,0
0.037999999999999999,0,0,0
0.0385,0,0,0
0.039,0,0,0
0.0395,0,0,0
0.040000000000000001,0,0,0
0.040500000000000001,0,0,0
0.041000000000000002,0,0,0
0.041500000000000002,0,0,0
0.042000000000000003,0,0,0
0.042500000000000003,0,0,0
0.042999999999999997,0,0,0
0.043499999999999997,0,0,0
0.043999999999999997,0,0,0
0.044499999999999998,0,0,0
0.044999999999999998,0,0,0
0.045499999999999999,0,0,0
0.045999999999999999,0,0,0
0.0465,0,0,0
0.047,0,0,0
0.047500000000000001,0,0,0
0.048000000000000001,0,0,0
0.048500000000000001,0,0,0
0.049000000000000002,0,0,0
0.049500000000000002,0,0,0
0.050000000000000003,0,0,0
0.050500000000000003,0,0,0
0.050999999999999997,0,0,0
0.051499999999999997,0,0,0
0.051999999999999998,0,0,0
0.052499999999999998,0,0,0
0.052999999999999999,0,0,0
0.053499999999999999,0,0,0
0.053999999999999999,0,0,0
0.0545,0,0,0
0.055,0,0,0
0.055500000000000001,0,0,0
0.056000000000000001,0,0,0
0.056500000000000002,0,0,0
0.057000000000000002,0,0,0
0.057500000000000002,0,0,0
0.058000000000000003,0,0,0
0.058500000000000003,0,0,0
0.058999999999999997,0,0,0
0.059499999999999997,0,0,0
0.059999999999999998,0,0,0
0.060499999999999998,0,0,0
0.060999999999999999,0,0,0
0.061499999999999999,0,0,0
0.062,0,0,0
0.0625,0,0,0
0.063,0,0,0
0.063500000000000001,0,0,0
0.064000000000000001,0,0,0
0.064500000000000002,0,0,0
0.065000000000000002,0,0,0
0.065500000000000003,0,0,0
0.066000000000000003,0,0,0
0.066500000000000004,0,0,0
0.067000000000000004,0,0,0
0.067500000000000004,0,0,0
0.068000000000000005,0,0,0
0.068500000000000005,0,0,0
0.069000000000000006,0,0,0
0.069500000000000006,0,0,0
0.070000000000000007,0,0,0
0.070499999999999993,0,0,0
0.070999999999999994,0,0,0
0.071499999999999994,0,0,0
0.071999999999999995,0,0,0
0.072499999999999995,0,0,0
0.072999999999999995,0,0,0
0.073499999999999996,0,0,0
0.073999999999999996,0,0,0
0.074499999999999997,0,0,0
0.074999999999999997,0,0,0
0.075499999999999998,0,0,0
0.075999999999999998,0,0,0
0.076499999999999999,0,0,0
0.076999999999999999,0,0,0
0.077499999999999999,0,0,0
0.078,0,0,0
0.0785,0,0,0
0.079000000000000001,0,0,0
0.079500000000000001,0,0,0
0.080000000000000002,0,0,0
0.080500000000000002,0,0,0
0.081000000000000003,0,0,0
0.081500000000000003,0,0,0
0.082000000000000003,0,0,0
0.082500000000000004,0,0,0
0.083000000000000004,0,0,0
0.083500000000000005,0,0,0
0.084000000000000005,0,0,0
0.084500000000000006,0,0,0
0.085000000000000006,0,0,0
0.085500000000000007,0,0,0
0.085999999999999993,0,0,0
0.086499999999999994,0,0,0
0.086999999999999994,0,0,0
0.087499999999999994,0,0,0
0.087999999999999995,0,0,0
0.088499999999999995,0,0,0
0.088999999999999996,0,0,0
0.089499999999999996,0,0,0
0.089999999999999997,0,0,0
0.090499999999999997,0,0,0
0.090999999999999998,0,0,0
0.091499999999999998,0,0,0
0.091999999999999998,0,0,0
0.092499999999999999,0,0,0
0.092999999999999999,0,0,0
0.0935,0,0,0
0.094,0,0,0
0.094500000000000001,0,0,0
0.095000000000000001,0,0,0
0.095500000000000002,0,0,0
0.096000000000000002,0,0,0
0.096500000000000002,0,0,0
0.097000000000000003,0,0,0
0.097500000000000003,0,0,0
0.098000000000000004,0,0,0
0.098500000000000004,0,0,0
0.099000000000000005,0,0,0
0.099500000000000005,0,0,0
0.10000000000000001,0,0,0
0.10050000000000001,0,0,0
0.10100000000000001,0,0,0
0.10150000000000001,0,0,0
0.10199999999999999,0,0,0
0.10249999999999999,0,0,0
0.10299999999999999,0,0,0
0.10349999999999999,0,0,0
0.104,0,0,0
0.1045,0,0,0
0.105,0,0,0
0.1055,0,0,0
0.106,0,0,0
0.1065,0,0,0
0.107,0,0,0
0.1075,0,0,0
0.108,0,0,0
0.1085,0,0,0
0.109,0,0,0
0.1095,0,0,0
0.11,0,0,0
0.1105,0,0,0
0.111,0,0,0
0.1115,0,0,0
0.112,0,0,0
0.1125,0,0,0
0.113,0,0,0
0.1135,0,0,0
0.114,0,0,0
0.1145,0,0,0
0.115,0,0,0
0.11550000000000001,0,0,0
0.11600000000000001,0,0,0
0.11650000000000001,0,0,0
0.11700000000000001,0,0,0
0.11749999999999999,0,0,0
0.11799999999999999,0,0,0
0.11849999999999999,0,0,0
0.11899999999999999,0,0,0
0.1195,0,0,0
0.12,0,0,0
0.1205,0,0,0
0.121,0,0,0
0.1215,0,0,0
0.122,0,0,0
0.1225,0,0,0
0.123,0,0,0
0.1235,0,0,0
0.124,0,0,0
0.1245,0,0,0
0.125,0,0,0
0.1255,0,0,0
0.126,0,0,0
0.1265,0,0,0
0.127,0,0,0
0.1275,0,0,0
0.128,0,0,0
0.1285,0,0,0
0.129,0,0,0
0.1295,0,0,0
0.13,0,0,0
0.1305,0,0,0
0.13100000000000001,0,0,0
0.13150000000000001,0,0,0
0.13200000000000001,0,0,0
0.13250000000000001,0,0,0
0.13300000000000001,0,0,0
0.13350000000000001,0,0,0
0.13400000000000001,0,0,0
0.13450000000000001,0,0,0
0.13500000000000001,0,0,0
0.13550000000000001,0,0,0
0.13600000000000001,0,0,0
0.13650000000000001,0,0,0
0.13700000000000001,0,0,0
0.13750000000000001,0,0,0
0.13800000000000001,0,0,0
0.13850000000000001,0,0,0
0.13900000000000001,0,0,0
0.13950000000000001,0,0,0
0.14000000000000001,0,0,0
0.14050000000000001,0,0,0
0.14099999999999999,0,0,0
0.14149999999999999,0,0,0
0.14199999999999999,0,0,0
0.14249999999999999,0,0,0
0.14299999999999999,0,0,0
0.14349999999999999,0,0,0
0.14399999999999999,0,0,0
0.14449999999999999,0,0,0
0.14499999999999999,0,0,0
0.14549999999999999,0,0,0
0.14599999999999999,0,0,0
0.14649999999999999,0,0,0
0.14699999999999999,0,0,0
0.14749999999999999,0,0,0
0.14799999999999999,0,0,0
0.14849999999999999,0,0,0
0.14899999999999999,0,0,0
0.14949999999999999,0,0,0
0.14999999999999999,0,0,0
0.15049999999999999,0,0,0
0.151,0,0,0
0.1515,0,0,0
0.152,0,0,0
0.1525,0,0,0
0.153,0,0,0
0.1535,0,0,0
0.154,0,0,0
0.1545,0,0,0
0.155,0,0,0
0.1555,0,0,0
0.156,0,0,0
0.1565,0,0,0
0.157,0,0,0
0.1575,0,0,0
0.158,0,0,0
0.1585,0,0,0
0.159,0,0,0
0.1595,0,0,0
0.16,0,0,0
0.1605,0,0,0
0.161,0,0,0
0.1615,0,0,0
0.16200000000000001,0,0,0
0.16250000000000001,0,0,0
0.16300000000000001,0,0,0
0.16350000000000001,0,0,0
0.16400000000000001,0,0,0
0.16450000000000001,0,0,0
0.16500000000000001,0,0,0
0.16550000000000001,0,0,0
0.16600000000000001,0,0,0
0.16650000000000001,0,0,0
0.16700000000000001,0,0,0
0.16750000000000001,0,0,0
0.16800000000000001,0,0,0
0.16850000000000001,0,0,0
0.16900000000000001,0,0,0
0.16950000000000001,0,0,0
0.17000000000000001,0,0,0
0.17050000000000001,0,0,0
0.17100000000000001,0,0,0
0.17150000000000001,0,0,0
0.17199999999999999,0,0,0
0.17249999999999999,0,0,0
0.17299999999999999,0,0,0
0.17349999999999999,0,0,0
0.17399999999999999,0,0,0
0.17449999999999999,0,0,0
0.17499999999999999,0,0,0
0.17549999999999999,0,0,0
0.17599999999999999,0,0,0
0.17649999999999999,0,0,0
0.17699999999999999,0,0,0
0.17749999999999999,0,0,0
0.17799999999999999,0,0,0
0.17849999999999999,0,0,0
0.17899999999999999,0,0,0
0.17949999999999999,0,0,0
0.17999999999999999,0,0,0
0.18049999999999999,0,0,0
0.18099999999999999,0,0,0
0.18149999999999999,0,0,0
0.182,0,0,0
0.1825,0,0,0
0.183,0,0,0
0.1835,0,0,0
0.184,0,0,0
0.1845,0,0,0
0.185,0,0,0
0.1855,0,0,0
0.186,0,0,0
0.1865,0,0,0
0.187,0,0,0
0.1875,0,0,0
0.188,0,0,0
0.1885,0,0,0
0.189,0,0,0
0.1895,0,0,0
0.19,0,0,0
0.1905,0,0,0
0.191,0,0,0
0.1915,0,0,0
0.192,0,0,0
0.1925,0,0,0
0.193,0,0,0
0.19350000000000001,0,0,0
0.19400000000000001,0,0,0
0.19450000000000001,0,0,0
0.19500000000000001,0,0,0
0.19550000000000001,0,0,0
0.19600000000000001,0,0,0
0.19650000000000001,0,0,0
0.19700000000000001,0,0,0
0.19750000000000001,0,0,0
0.19800000000000001,0,0,0
0.19850000000000001,0,0,0
0.19900000000000001,0,0,0
0.19950000000000001,0,0,0
0.20000000000000001,0,0,0
0.20050000000000001,0,0,0
0.20100000000000001,0,0,0
0.20150000000000001,0,0,0
0.20200000000000001,0,0,0
0.20250000000000001,0,0,0
0.20300000000000001,0,0,0
0.20349999999999999,0,0,0
0.20399999999999999,0,0,0
0.20449999999999999,0,0,0
0.20499999999999999,0,0,0
0.20549999999999999,0,0,0
0.20599999999999999,0,0,0
0.20649999999999999,0,0,0
0.20699999999999999,0,0,0
0.20749999999999999,0,0,0
0.20799999999999999,0,0,0
0.20849999999999999,0,0,0
0.20899999999999999,0,0,0
0.20949999999999999,0,0,0
0.20999999999999999,0,0,0
0.21049999999999999,0,0,0
0.21099999999999999,0,0,0
0.21149999999999999,0,0,0
0.21199999999999999,0,0,0
0.21249999999999999,0,0,0
0.21299999999999999,0,0,0
0.2135,0,0,0
0.214,0,0,0
0.2145,0,0,0
0.215,0,0,0
0.2155,0,0,0
0.216,0,0,0
0.2165,0,0,0
0.217,0,0,0
0.2175,0,0,0
0.218,0,0,0
0.2185,0,0,0
0.219,0,0,0
0.2195,0,0,0
0.22,0,0,0
0.2205,0,0,0
0.221,0,0,0
0.2215,0,0,0
0.222,0,0,0
0.2225,0,0,0
0.223,0,0,0
0.2235,0,0,0
0.224,0,1,0
0.22450000000000001,0,1,0
0.22500000000000001,0,0,0
0.22550000000000001,0,0,0
0.22600000000000001,0,0,0
0.22650000000000001,0,0,0
0.22700000000000001,0,0,0
0.22750000000000001,0,0,0
0.22800000000000001,0,0,0
0.22850000000000001,0,0,0
0.22900000000000001,0,0,0
0.22950000000000001,0,0,0
0.23000000000000001,0,0,0
0.23050000000000001,0,0,0
0.23100000000000001,0,0,0
0.23150000000000001,0,0,0
0.23200000000000001,0,0,0
0.23250000000000001,0,0,0
0.23300000000000001,0,0,0
0.23350000000000001,0,0,0
0.23400000000000001,0,0,0
0.23449999999999999,0,0,0
0.23499999999999999,0,0,0
0.23549999999999999,0,0,0
0.23599999999999999,0,0,0
0.23649999999999999,0,0,0
0.23699999999999999,0,0,0
0.23749999999999999,0,0,0
0.23799999999999999,0,0,0
0.23849999999999999,0,0,0
0.23899999999999999,0,0,0
0.23949999999999999,0,0,0
0.23999999999999999,0,0,0
0.24049999999999999,0,0,0
0.24099999999999999,0,0,0
0.24149999999999999,0,0,0
0.24199999999999999,0,0,0
0.24249999999999999,0,0,0
0.24299999999999999,0,0,0
0.24349999999999999,0,0,0
0.24399999999999999,0,0,0
0.2445,0,0,0
0.245,0,0,0
0.2455,0,0,0
0.246,0,0,0
0.2465,0,0,0
0.247,0,0,0
0.2475,0,0,0
0.248,0,0,0
0.2485,0,0,0
0.249,0,0,0
0.2495,0,0,0
0.25,0,0,0
0.2505,0,0,0
0.251,0,0,0
0.2515,0,0,0
0.252,0,0,0
0.2525,0,0,0
0.253,0,0,0
0.2535,0,0,0
0.254,0,0,0
0.2545,0,0,0
0.255,0,0,0
0.2555,0,0,0
0.25600000000000001,0,0,0
0.25650000000000001,0,0,0
0.25700000000000001,0,0,0
0.25750000000000001,0,0,0
0.25800000000000001,0,0,0
0.25850000000000001,0,0,0
0.25900000000000001,0,0,0
0.25950000000000001,0,0,0
0.26000000000000001,0,0,0
0.26050000000000001,0,0,0
0.26100000000000001,0,0,0
0.26150000000000001,0,0,0
0.26200000000000001,0,0,0
0.26250000000000001,0,0,0
0.26300000000000001,0,0,0
0.26350000000000001,0,0,0
0.26400000000000001,0,0,0
0.26450000000000001,0,0,0
0.26500000000000001,0,0,0
0.26550000000000001,0,0,0
0.26600000000000001,0,0,0
0.26650000000000001,0,0,0
0.26700000000000002,0,0,0
0.26750000000000002,0,0,0
0.26800000000000002,0,0,0
0.26850000000000002,0,0,0
0.26900000000000002,0,0,0
0.26950000000000002,0,0,0
0.27000000000000002,0,0,0
0.27050000000000002,0,0,0
0.27100000000000002,0,0,0
0.27150000000000002,0,0,0
0.27200000000000002,0,0,0
0.27250000000000002,0,0,0
0.27300000000000002,0,0,0
0.27350000000000002,0,0,0
0.27400000000000002,0,0,0
0.27450000000000002,0,0,0
0.27500000000000002,0,0,0
0.27550000000000002,0,0,0
0.27600000000000002,0,0,0
0.27650000000000002,0,0,0
0.27700000000000002,0,0,0
0.27750000000000002,0,0,0
0.27800000000000002,0,0,0
0.27850000000000003,0,0,0
0.27900000000000003,0,0,0
0.27950000000000003,0,0,0
0.28000000000000003,0,0,0
0.28050000000000003,0,0,0
0.28100000000000003,0,0,0
0.28149999999999997,0,0,0
0.28199999999999997,0,0,0
0.28249999999999997,0,0,0
0.28299999999999997,0,0,0
0.28349999999999997,0,0,0
0.28399999999999997,0,0,0
0.28449999999999998,0,0,0
0.28499999999999998,0,0,0
0.28549999999999998,0,0,0
0.28599999999999998,0,0,0
0.28649999999999998,0,0,0
0.28699999999999998,0,0,0
0.28749999999999998,0,0,0
0.28799999999999998,0,0,0
0.28849999999999998,0,0,0
0.28899999999999998,0,0,0
0.28949999999999998,0,0,0
0.28999999999999998,0,0,0
0.29049999999999998,0,0,0
0.29099999999999998,0,0,0
0.29149999999999998,0,0,0
0.29199999999999998,0,0,0
0.29249999999999998,0,0,0
0.29299999999999998,1,0,0
0.29349999999999998,1,0,0
0.29399999999999998,0,0,0
0.29449999999999998,0,0,0
0.29499999999999998,0,0,0
0.29549999999999998,0,0,0
0.29599999999999999,0,0,0
0.29649999999999999,0,0,0
0.29699999999999999,0,0,0
0.29749999999999999,0,0,0
0.29799999999999999,0,0,0
0.29849999999999999,0,0,0
0.29899999999999999,0,0,0
0.29949999999999999,0,0,0
0.29999999999999999,0,0,0
0.30049999999999999,0,0,0
0.30099999999999999,0,0,0
0.30149999999999999,0,0,0
0.30199999999999999,0,0,0
0.30249999999999999,0,0,0
0.30299999999999999,0,0,0
0.30349999999999999,0,0,0
0.30399999999999999,0,0,0
0.30449999999999999,0,0,0
0.30499999999999999,0,0,0
0.30549999999999999,0,0,0
0.30599999999999999,0,0,0
0.30649999999999999,0,0,0
0.307,0,0,0
0.3075,0,0,0
0.308,0,0,0
0.3085,0,0,0
0.309,0,0,0
0.3095,0,0,0
0.31,0,0,0
0.3105,1,0,0
0.311,1,0,0
0.3115,0,0,0
0.312,0,0,0
0.3125,0,0,0
0.313,0,0,0
0.3135,0,0,0
0.314,0,0,0
0.3145,0,0,0
0.315,0,0,0
0.3155,0,0,0
0.316,0,0,0
0.3165,0,0,0
0.317,0,0,0
0.3175,0,0,0
0.318,0,0,0
0.31850000000000001,0,0,0
0.31900000000000001,0,0,0
0.31950000000000001,0,0,0
0.32000000000000001,0,0,0
0.32050000000000001,0,0,0
0.32100000000000001,0,0,0
0.32150000000000001,0,0,0
0.32200000000000001,0,0,0
0.32250000000000001,0,0,0
0.32300000000000001,0,0,0
0.32350000000000001,0,0,0
0.32400000000000001,0,0,0
0.32450000000000001,0,0,0
0.32500000000000001,0,0,0
0.32550000000000001,0,0,0
0.32600000000000001,1,0,0
0.32650000000000001,1,0,0
0.32700000000000001,0,0,0
0.32750000000000001,0,0,0
0.32800000000000001,0,0,0
0.32850000000000001,0,0,0
0.32900000000000001,0,0,0
0.32950000000000002,0,0,0
0.33000000000000002,0,0,0
0.33050000000000002,0,0,0
0.33100000000000002,0,0,0
0.33150000000000002,0,0,0
0.33200000000000002,0,0,0
0.33250000000000002,0,0,0
0.33300000000000002,0,0,0
0.33350000000000002,0,0,0
0.33400000000000002,0,0,0
0.33450000000000002,0,0,0
0.33500000000000002,0,0,0
0.33550000000000002,0,0,0
0.33600000000000002,0,0,0
0.33650000000000002,0,0,0
0.33700000000000002,0,0,0
0.33750000000000002,0,0,0
0.33800000000000002,0,0,0
0.33850000000000002,0,0,0
0.33900000000000002,0,0,0
0.33950000000000002,0,0,0
0.34000000000000002,0,0,0
0.34050000000000002,0,0,0
0.34100000000000003,0,0,0
0.34150000000000003,0,0,0
0.34200000000000003,0,0,0
0.34250000000000003,0,0,0
0.34300000000000003,0,0,0
0.34350000000000003,0,0,0
0.34399999999999997,0,0,0
0.34449999999999997,0,0,0
0.34499999999999997,1,0,0
0.34549999999999997,1,0,0
0.34599999999999997,0,0,0
0.34649999999999997,0,0,0
0.34699999999999998,0,0,0
0.34749999999999998,0,0,0
0.34799999999999998,0,0,0
0.34849999999999998,0,0,0
0.34899999999999998,0,0,0
0.34949999999999998,0,0,0
0.34999999999999998,0,0,0
0.35049999999999998,0,0,0
0.35099999999999998,0,0,0
0.35149999999999998,0,0,0
0.35199999999999998,0,0,0
0.35249999999999998,0,0,0
0.35299999999999998,0,0,0
0.35349999999999998,0,0,0
0.35399999999999998,0,0,0
0.35449999999999998,0,0,0
0.35499999999999998,0,0,0
0.35549999999999998,0,0,0
0.35599999999999998,0,0,0
0.35649999999999998,0,0,0
0.35699999999999998,0,0,0
0.35749999999999998,0,0,0
0.35799999999999998,0,0,0
0.35849999999999999,0,0,0
0.35899999999999999,0,0,0
0.35949999999999999,0,0,0
0.35999999999999999,0,0,0
0.36049999999999999,0,0,0
0.36099999999999999,0,0,0
0.36149999999999999,0,0,0
0.36199999999999999,0,0,0
0.36249999999999999,0,0,0
0.36299999999999999,0,0,0
0.36349999999999999,0,0,0
0.36399999999999999,0,0,0
0.36449999999999999,0,0,0
0.36499999999999999,0,0,0
0.36549999999999999,0,0,0
0.36599999999999999,0,0,0
0.36649999999999999,0,0,0
0.36699999999999999,0,0,0
0.36749999999999999,0,0,0
0.36799999999999999,0,0,0
0.36849999999999999,0,0,0
0.36899999999999999,0,0,0
0.3695,0,0,0
0.37,0,0,0
0.3705,0,0,0
0.371,0,0,0
0.3715,0,0,0
0.372,0,0,0
0.3725,0,0,0
0.373,0,0,0
0.3735,0,0,0
0.374,0,0,0
0.3745,0,0,0
0.375,0,0,0
0.3755,0,0,0
0.376,0,0,0
0.3765,0,0,0
0.377,0,0,0
0.3775,0,0,0
0.378,0,0,0
0.3785,0,0,0
0.379,0,0,0
0.3795,0,0,0
0.38,0,0,0
0.3805,0,0,0
0.38100000000000001,0,0,0
0.38150000000000001,0,0,0
0.38200000000000001,0,0,0
0.38250000000000001,0,0,0
0.38300000000000001,0,0,0
0.38350000000000001,0,0,0
0.38400000000000001,0,0,0
0.38450000000000001,0,0,0
0.38500000000000001,0,0,0
0.38550000000000001,0,0,0
0.38600000000000001,0,0,0
0.38650000000000001,0,0,0
0.38700000000000001,0,0,0
0.38750000000000001,0,0,0
0.38800000000000001,0,0,0
0.38850000000000001,0,0,0
0.38900000000000001,0,0,0
0.38950000000000001,0,0,0
0.39000000000000001,0,0,0
0.39050000000000001,0,0,0
0.39100000000000001,0,0,0
0.39150000000000001,0,0,0
0.39200000000000002,0,0,0
0.39250000000000002,0,0,0
0.39300000000000002,0,0,0
0.39350000000000002,0,0,0
0.39400000000000002,0,0,0
0.39450000000000002,0,0,0
0.39500000000000002,0,0,0
0.39550000000000002,0,0,0
0.39600000000000002,0,0,0
0.39650000000000002,0,0,0
0.39700000000000002,0,0,0
0.39750000000000002,0,0,0
0.39800000000000002,0,0,0
0.39850000000000002,0,0,0
0.39900000000000002,0,0,0
0.39950000000000002,0,0,0
0.40000000000000002,0,0,0
0.40050000000000002,0,0,0
0.40100000000000002,0,0,0
0.40150000000000002,0,0,0
0.40200000000000002,0,0,0
0.40250000000000002,0,0,0
0.40300000000000002,0,0,0
0.40350000000000003,0,0,0
0.40400000000000003,0,0,0
0.40450000000000003,0,0,0
0.40500000000000003,0,0,0
0.40550000000000003,0,0,0
0.40600000000000003,0,0,0
0.40649999999999997,0,0,0
0.40699999999999997,0,0,0
0.40749999999999997,0,0,0
0.40799999999999997,0,0,0
0.40849999999999997,0,0,0
0.40899999999999997,0,0,0
0.40949999999999998,0,0,0
0.40999999999999998,0,0,0
0.41049999999999998,0,0,0
0.41099999999999998,0,0,0
0.41149999999999998,0,0,0
0.41199999999999998,0,0,0
0.41249999999999998,0,0,0
0.41299999999999998,0,0,0
0.41349999999999998,0,0,0
0.41399999999999998,0,0,0
0.41449999999999998,0,0,0
0.41499999999999998,0,0,0
0.41549999999999998,0,0,0
0.41599999999999998,0,0,0
0.41649999999999998,0,0,0
0.41699999999999998,0,0,0
0.41749999999999998,0,0,0
0.41799999999999998,0,0,0
0.41849999999999998,0,0,0
0.41899999999999998,0,0,0
0.41949999999999998,0,0,0
0.41999999999999998,0,0,0
0.42049999999999998,0,0,0
0.42099999999999999,0,0,0
0.42149999999999999,0,0,0
0.42199999999999999,0,0,0
0.42249999999999999,0,0,0
0.42299999999999999,0,0,0
0.42349999999999999,0,0,0
0.42399999999999999,0,0,0
0.42449999999999999,0,0,0
0.42499999999999999,0,0,0
0.42549999999999999,0,0,0
0.42599999999999999,0,0,0
0.42649999999999999,0,0,0
0.42699999999999999,0,0,0
0.42749999999999999,0,0,0
0.42799999999999999,0,0,0
0.42849999999999999,0,0,0
0.42899999999999999,0,0,0
0.42949999999999999,0,0,0
0.42999999999999999,0,0,0
0.43049999999999999,0,0,0
0.43099999999999999,0,0,0
0.43149999999999999,0,0,0
0.432,0,0,0
0.4325,0,0,0
0.433,0,0,0
0.4335,0,0,0
0.434,0,0,0
0.4345,0,0,0
0.435,0,0,0
0.4355,0,0,0
0.436,0,0,0
0.4365,0,0,0
0.437,0,0,0
0.4375,0,0,0
0.438,0,0,0
0.4385,0,0,0
0.439,0,0,0
0.4395,0,0,0
0.44,0,0,0
0.4405,0,0,0
0.441,0,0,0
0.4415,0,0,0
0.442,0,0,0
0.4425,0,0,0
0.443,0,0,0
0.44350000000000001,0,0,0
0.44400000000000001,0,0,0
0.44450000000000001,0,0,0
0.44500000000000001,0,0,0
0.44550000000000001,0,0,0
0.44600000000000001,0,0,0
0.44650000000000001,0,0,0
0.44700000000000001,0,0,0
0.44750000000000001,0,0,0
0.44800000000000001,0,0,0
0.44850000000000001,0,0,0
0.44900000000000001,0,0,0
0.44950000000000001,0,0,0
0.45000000000000001,0,0,0
0.45050000000000001,0,0,0
0.45100000000000001,0,0,0
0.45150000000000001,0,0,0
0.45200000000000001,0,0,0
0.45250000000000001,0,0,0
0.45300000000000001,0,0,0
0.45350000000000001,0,0,0
0.45400000000000001,0,0,0
0.45450000000000002,0,0,0
0.45500000000000002,0,0,0
0.45550000000000002,0,0,0
0.45600000000000002,0,0,0
0.45650000000000002,0,0,0
0.45700000000000002,0,0,0
0.45750000000000002,0,0,0
0.45800000000000002,0,0,0
0.45850000000000002,0,0,0
0.45900000000000002,0,0,0
0.45950000000000002,0,0,0
0.46000000000000002,0,0,0
0.46050000000000002,0,0,0
0.46100000000000002,0,0,0
0.46150000000000002,0,0,0
0.46200000000000002,0,0,0
0.46250000000000002,0,0,0
0.46300000000000002,0,0,0
0.46350000000000002,0,0,0
0.46400000000000002,0,0,0
0.46450000000000002,0,0,0
0.46500000000000002,0,0,0
0.46550000000000002,0,0,0
0.46600000000000003,0,0,0
0.46650000000000003,0,0,0
0.46700000000000003,0,0,0
0.46750000000000003,0,0,0
0.46800000000000003,0,0,0
0.46850000000000003,0,0,0
0.46899999999999997,0,0,0
0.46949999999999997,0,0,0
0.46999999999999997,0,0,0
0.47049999999999997,0,0,0
0.47099999999999997,0,0,0
0.47149999999999997,0,0,0
0.47199999999999998,0,0,0
0.47249999999999998,0,0,0
0.47299999999999998,0,0,0
0.47349999999999998,0,0,0
0.47399999999999998,0,0,0
0.47449999999999998,0,0,0
0.47499999999999998,0,0,0
0.47549999999999998,0,0,0
0.47599999999999998,0,0,0
0.47649999999999998,0,0,0
0.47699999999999998,0,0,0
0.47749999999999998,0,0,0
0.47799999999999998,0,0,0
0.47849999999999998,0,0,0
0.47899999999999998,0,0,0
0.47949999999999998,0,0,0
0.47999999999999998,0,0,0
0.48049999999999998,0,0,0
0.48099999999999998,0,0,0
0.48149999999999998,0,0,0
0.48199999999999998,0,0,0
0.48249999999999998,0,0,0
0.48299999999999998,0,0,0
0.48349999999999999,0,0,0
0.48399999999999999,0,0,0
0.48449999999999999,0,0,0
0.48499999999999999,0,0,0
0.48549999999999999,0,0,0
0.48599999999999999,0,0,0
0.48649999999999999,0,0,0
0.48699999999999999,0,0,0
0.48749999999999999,0,0,0
0.48799999999999999,0,0,0
0.48849999999999999,0,0,0
0.48899999999999999,0,0,0
0.48949999999999999,0,0,0
0.48999999999999999,0,0,0
0.49049999999999999,0,0,0
0.49099999999999999,0,0,0
0.49149999999999999,0,0,0
0.49199999999999999,0,0,0
0.49249999999999999,0,0,0
0.49299999999999999,0,0,0
0.49349999999999999,0,0,0
0.49399999999999999,0,0,0
0.4945,0,0,0
0.495,0,0,0
0.4955,0,0,0
0.496,0,0,0
0.4965,0,0,0
0.497,0,0,0
0.4975,0,0,0
0.498,0,0,0
0.4985,0,0,0
0.499,0,0,0
0.4995,0,0,0
0.5,0,0,0
0.50049999999999994,0,0,0
0.501,0,0,0
0.50149999999999995,0,0,0
0.502,0,0,0
0.50249999999999995,0,0,0
0.503,0,0,0
0.50349999999999995,0,0,0
0.504,0,0,0
0.50449999999999995,0,0,0
0.505,0,0,0
0.50549999999999995,0,0,0
0.50600000000000001,0,0,0
0.50649999999999995,0,0,0
0.50700000000000001,0,0,0
0.50749999999999995,0,0,0
0.50800000000000001,0,0,0
0.50849999999999995,0,0,0
0.50900000000000001,0,0,0
0.50949999999999995,0,0,0
0.51000000000000001,0,0,0
0.51049999999999995,0,0,0
0.51100000000000001,0,0,0
0.51149999999999995,0,0,0
0.51200000000000001,0,0,0
0.51249999999999996,0,0,0
0.51300000000000001,0,0,0
0.51349999999999996,0,0,0
0.51400000000000001,0,0,0
0.51449999999999996,0,0,0
0.51500000000000001,0,0,0
0.51549999999999996,0,0,0
0.51600000000000001,0,0,0
0.51649999999999996,0,0,0
0.51700000000000002,0,0,0
0.51749999999999996,0,0,0
0.51800000000000002,0,0,0
0.51849999999999996,0,0,0
0.51900000000000002,0,0,0
0.51949999999999996,0,0,0
0.52000000000000002,0,0,0
0.52049999999999996,0,0,0
0.52100000000000002,0,0,0
0.52149999999999996,0,0,0
0.52200000000000002,0,0,0
0.52249999999999996,0,0,0
0.52300000000000002,0,0,0
0.52349999999999997,0,0,0
0.52400000000000002,0,0,0
0.52449999999999997,0,0,0
0.52500000000000002,0,0,0
0.52549999999999997,0,0,0
0.52600000000000002,0,0,0
0.52649999999999997,0,0,0
0.52700000000000002,0,0,0
0.52749999999999997,0,0,0
0.52800000000000002,0,0,0
0.52849999999999997,0,0,0
0.52900000000000003,0,0,0
0.52949999999999997,0,0,0
0.53000000000000003,0,0,0
0.53049999999999997,0,0,0
0.53100000000000003,0,0,0
0.53149999999999997,0,0,0
0.53200000000000003,0,0,0
0.53249999999999997,0,0,0
0.53300000000000003,0,0,0
0.53349999999999997,0,0,0
0.53400000000000003,0,0,0
0.53449999999999998,0,0,0
0.53500000000000003,0,0,0
0.53549999999999998,0,0,0
0.53600000000000003,0,0,0
0.53649999999999998,0,0,0
0.53700000000000003,0,0,0
0.53749999999999998,0,0,0
0.53800000000000003,0,0,0
0.53849999999999998,0,0,0
0.53900000000000003,0,0,0
0.53949999999999998,0,0,0
0.54000000000000004,0,0,0
0.54049999999999998,0,0,0
0.54100000000000004,0,0,0
0.54149999999999998,0,0,0
0.54200000000000004,0,0,0
0.54249999999999998,0,0,0
0.54300000000000004,0,0,0
0.54349999999999998,0,0,0
0.54400000000000004,0,0,0
0.54449999999999998,0,0,0
0.54500000000000004,0,0,0
0.54549999999999998,0,0,0
0.54600000000000004,0,0,0
0.54649999999999999,0,0,0
0.54700000000000004,0,0,0
0.54749999999999999,0,0,0
0.54800000000000004,0,0,0
0.54849999999999999,0,0,0
0.54900000000000004,0,0,0
0.54949999999999999,0,0,0
0.55000000000000004,0,0,0
0.55049999999999999,0,0,0
0.55100000000000005,0,0,0
0.55149999999999999,0,0,0
0.55200000000000005,0,0,0
0.55249999999999999,0,0,0
0.55300000000000005,0,0,0
0.55349999999999999,0,0,0
0.55400000000000005,0,0,0
0.55449999999999999,0,0,0
0.55500000000000005,0,0,0
0.55549999999999999,0,0,0
0.55600000000000005,0,0,0
0.55649999999999999,0,0,0
0.55700000000000005,0,0,0
0.5575,0,0,0
0.55800000000000005,0,0,0
0.5585,0,0,0
0.55900000000000005,0,0,0
0.5595,0,0,0
0.56000000000000005,0,0,0
0.5605,0,0,0
0.56100000000000005,0,0,0
0.5615,0,0,0
0.56200000000000006,0,0,0
0.5625,0,0,0
0.56299999999999994,0,0,0
0.5635,0,0,0
0.56399999999999995,0,0,0
0.5645,0,0,0
0.56499999999999995,0,0,0
0.5655,0,0,0
0.56599999999999995,0,0,0
0.5665,0,0,0
0.56699999999999995,0,0,0
0.5675,0,0,0
0.56799999999999995,0,0,0
0.56850000000000001,0,0,0
0.56899999999999995,0,0,0
0.56950000000000001,0,0,0
0.56999999999999995,0,0,0
0.57050000000000001,0,0,0
0.57099999999999995,0,0,0
0.57150000000000001,0,0,0
0.57199999999999995,0,0,0
0.57250000000000001,0,0,0
0.57299999999999995,0,0,0
0.57350000000000001,0,0,0
0.57399999999999995,0,0,0
0.57450000000000001,0,0,0
0.57499999999999996,0,0,0
0.57550000000000001,0,0,0
0.57599999999999996,0,0,0
0.57650000000000001,0,0,0
0.57699999999999996,0,0,0
0.57750000000000001,0,0,0
0.57799999999999996,0,0,0
0.57850000000000001,0,0,0
0.57899999999999996,0,0,0
0.57950000000000002,0,0,0
0.57999999999999996,0,0,0
0.58050000000000002,0,0,0
0.58099999999999996,0,0,0
0.58150000000000002,0,0,0
0.58199999999999996,0,0,0
0.58250000000000002,0,0,0
0.58299999999999996,0,0,0
0.58350000000000002,0,0,0
0.58399999999999996,0,0,0
0.58450000000000002,0,0,0
0.58499999999999996,0,0,0
0.58550000000000002,0,0,0
0.58599999999999997,0,0,0
0.58650000000000002,0,0,0
0.58699999999999997,0,0,0
0.58750000000000002,0,0,0
0.58799999999999997,0,0,0
0.58850000000000002,0,0,0
0.58899999999999997,0,0,0
0.58950000000000002,0,0,0
0.58999999999999997,0,0,0
0.59050000000000002,0,0,0
0.59099999999999997,0,0,0
0.59150000000000003,0,0,0
0.59199999999999997,0,0,0
0.59250000000000003,0,0,0
0.59299999999999997,0,0,0
0.59350000000000003,0,0,0
0.59399999999999997,0,0,0
0.59450000000000003,0,0,0
0.59499999999999997,0,0,0
0.59550000000000003,0,0,0
0.59599999999999997,0,0,0
0.59650000000000003,0,0,0
0.59699999999999998,0,0,0
0.59750000000000003,0,0,0
0.59799999999999998,0,0,0
0.59850000000000003,0,0,0
0.59899999999999998,0,0,0
0.59950000000000003,0,0,0
0.59999999999999998,0,0,0
0.60050000000000003,0,0,0
0.60099999999999998,0,0,0
0.60150000000000003,0,0,0
0.60199999999999998,0,0,0
0.60250000000000004,0,0,0
0.60299999999999998,0,0,0
0.60350000000000004,0,0,0
0.60399999999999998,0,0,0
0.60450000000000004,0,0,0
0.60499999999999998,0,0,0
0.60550000000000004,0,0,0
0.60599999999999998,0,0,0
0.60650000000000004,0,0,0
0.60699999999999998,0,0,0
0.60750000000000004,0,0,0
0.60799999999999998,0,0,0
0.60850000000000004,0,0,0
0.60899999999999999,0,0,0
0.60950000000000004,0,0,0
0.60999999999999999,0,0,0
0.61050000000000004,0,0,0
0.61099999999999999,0,0,0
0.61150000000000004,0,0,0
0.61199999999999999,0,0,0
0.61250000000000004,0,0,0
0.61299999999999999,0,0,0
0.61350000000000005,0,0,0
0.61399999999999999,0,0,0
0.61450000000000005,0,0,0
0.61499999999999999,0,0,0
0.61550000000000005,0,0,0
0.61599999999999999,0,0,0
0.61650000000000005,0,0,0
0.61699999999999999,0,0,0
0.61750000000000005,0,0,0
0.61799999999999999,0,0,0
0.61850000000000005,0,0,0
0.61899999999999999,0,0,0
0.61950000000000005,0,0,0
0.62,0,0,0
0.62050000000000005,0,0,0
0.621,0,0,0
0.62150000000000005,0,0,0
0.622,0,0,0
0.62250000000000005,0,0,0
0.623,0,0,0
0.62350000000000005,0,0,0
0.624,0,0,0
0.62450000000000006,0,0,0
0.625,0,0,0
0.62549999999999994,0,0,0
0.626,0,0,0
0.62649999999999995,0,0,0
0.627,0,0,0
0.62749999999999995,0,0,0
0.628,0,0,0
0.62849999999999995,0,0,0
0.629,0,0,0
0.62949999999999995,0,0,0
0.63,0,0,0
0.63049999999999995,0,0,0
0.63100000000000001,0,0,0
0.63149999999999995,0,0,0
0.63200000000000001,0,0,0
0.63249999999999995,0,0,0
0.63300000000000001,0,0,0
0.63349999999999995,0,0,0
0.63400000000000001,0,0,0
0.63449999999999995,0,0,0
0.63500000000000001,0,0,0
0.63549999999999995,0,0,0
0.63600000000000001,0,0,0
0.63649999999999995,0,0,0
0.63700000000000001,0,0,0
0.63749999999999996,0,0,0
0.63800000000000001,0,0,0
0.63849999999999996,0,0,0
0.63900000000000001,0,0,0
0.63949999999999996,0,0,0
0.64000000000000001,0,0,0
0.64049999999999996,0,0,0
0.64100000000000001,0,0,0
0.64149999999999996,0,0,0
0.64200000000000002,0,0,0
0.64249999999999996,0,0,0
0.64300000000000002,0,0,0
0.64349999999999996,0,0,0
0.64400000000000002,0,0,0
0.64449999999999996,0,0,0
0.64500000000000002,0,0,0
0.64549999999999996,0,0,0
0.64600000000000002,0,0,0
0.64649999999999996,0,0,0
0.64700000000000002,0,0,0
0.64749999999999996,0,0,0
0.64800000000000002,0,0,0
0.64849999999999997,0,0,0
0.64900000000000002,0,0,0
0.64949999999999997,0,0,0
0.65000000000000002,0,0,0
0.65049999999999997,0,0,0
0.65100000000000002,0,0,0
0.65149999999999997,0,0,0
0.65200000000000002,0,0,0
0.65249999999999997,0,0,0
0.65300000000000002,0,0,0
0.65349999999999997,0,0,0
0.65400000000000003,0,0,0
0.65449999999999997,0,0,0
0.65500000000000003,0,0,0
0.65549999999999997,0,0,0
0.65600000000000003,0,0,0
0.65649999999999997,0,0,0
0.65700000000000003,0,0,0
0.65749999999999997,0,0,0
0.65800000000000003,0,0,0
0.65849999999999997,0,0,0
0.65900000000000003,0,0,0
0.65949999999999998,0,0,0
0.66000000000000003,0,0,0
0.66049999999999998,0,0,0
0.66100000000000003,0,0,0
0.66149999999999998,0,0,0
0.66200000000000003,0,0,0
0.66249999999999998,0,0,0
0.66300000000000003,0,0,0
0.66349999999999998,0,0,0
0.66400000000000003,0,0,0
0.66449999999999998,0,0,0
0.66500000000000004,0,0,0
0.66549999999999998,0,0,0
0.66600000000000004,0,0,0
0.66649999999999998,0,0,0
0.66700000000000004,0,0,0
0.66749999999999998,0,0,0
0.66800000000000004,0,0,0
0.66849999999999998,0,0,0
0.66900000000000004,0,0,0
0.66949999999999998,0,0,0
0.67000000000000004,0,0,0
0.67049999999999998,0,0,0
0.67100000000000004,0,0,0
0.67149999999999999,0,0,0
0.67200000000000004,0,0,0
0.67249999999999999,0,0,0
0.67300000000000004,0,0,0
0.67349999999999999,0,0,0
0.67400000000000004,0,0,0
0.67449999999999999,0,0,0
0.67500000000000004,0,0,0
0.67549999999999999,0,0,0
0.67600000000000005,0,0,0
0.67649999999999999,0,0,0
0.67700000000000005,0,0,0
0.67749999999999999,0,0,0
0.67800000000000005,0,0,0
0.67849999999999999,0,0,0
0.67900000000000005,0,0,0
0.67949999999999999,0,0,0
0.68000000000000005,0,0,0
0.68049999999999999,0,0,0
0.68100000000000005,0,0,0
0.68149999999999999,0,0,0
0.68200000000000005,0,0,0
0.6825,0,0,0
0.68300000000000005,0,0,0
0.6835,0,0,0
0.68400000000000005,0,0,0
0.6845,0,0,0
0.68500000000000005,0,0,0
0.6855,0,0,0
0.68600000000000005,0,0,0
0.6865,0,0,0
0.68700000000000006,0,0,0
0.6875,0,0,0
0.68799999999999994,0,0,0
0.6885,0,0,0
0.68899999999999995,0,0,0
0.6895,0,0,0
0.68999999999999995,0,0,0
0.6905,0,0,0
0.69099999999999995,0,0,0
0.6915,0,0,0
0.69199999999999995,0,0,0
0.6925,0,0,0
0.69299999999999995,0,0,0
0.69350000000000001,0,0,0
0.69399999999999995,0,0,0
0.69450000000000001,0,0,0
0.69499999999999995,0,0,0
0.69550000000000001,0,0,0
0.69599999999999995,0,0,0
0.69650000000000001,0,0,0
0.69699999999999995,0,0,0
0.69750000000000001,0,0,0
0.69799999999999995,0,0,0
0.69850000000000001,0,0,0
0.69899999999999995,0,0,0
0.69950000000000001,0,0,0
0.69999999999999996,0,0,0
0.70050000000000001,0,0,0
0.70099999999999996,0,0,0
0.70150000000000001,0,0,0
0.70199999999999996,0,0,0
0.70250000000000001,0,0,0
0.70299999999999996,0,0,0
0.70350000000000001,0,0,0
0.70399999999999996,0,0,0
0.70450000000000002,0,0,0
0.70499999999999996,0,0,0
0.70550000000000002,0,0,0
0.70599999999999996,0,0,0
0.70650000000000002,0,0,0
0.70699999999999996,0,0,0
0.70750000000000002,0,0,0
0.70799999999999996,0,0,0
0.70850000000000002,0,0,0
0.70899999999999996,0,0,0
0.70950000000000002,0,0,0
0.70999999999999996,0,0,0
0.71050000000000002,0,0,0
0.71099999999999997,0,0,0
0.71150000000000002,0,0,0
0.71199999999999997,0,0,0
0.71250000000000002,0,0,0
0.71299999999999997,0,0,0
0.71350000000000002,0,0,0
0.71399999999999997,0,0,0
0.71450000000000002,0,0,0
0.71499999999999997,0,0,0
0.71550000000000002,0,0,0
0.71599999999999997,0,0,0
0.71650000000000003,0,0,0
0.71699999999999997,0,0,0
0.71750000000000003,0,0,0
0.71799999999999997,0,0,0
0.71850000000000003,0,0,0
0.71899999999999997,0,0,0
0.71950000000000003,0,0,0
0.71999999999999997,0,0,0
0.72050000000000003,0,0,0
0.72099999999999997,0,0,0
0.72150000000000003,0,0,0
0.72199999999999998,0,0,0
0.72250000000000003,0,0,0
0.72299999999999998,0,0,0
0.72350000000000003,0,0,0
0.72399999999999998,0,0,0
0.72450000000000003,0,0,0
0.72499999999999998,0,0,0
0.72550000000000003,0,0,0
0.72599999999999998,0,0,0
0.72650000000000003,0,0,0
0.72699999999999998,0,0,0
0.72750000000000004,0,0,0
0.72799999999999998,0,0,0
0.72850000000000004,0,0,0
0.72899999999999998,0,0,0
0.72950000000000004,0,0,0
0.72999999999999998,0,0,0
0.73050000000000004,0,0,0
0.73099999999999998,0,0,0
0.73150000000000004,0,0,0
0.73199999999999998,0,0,0
0.73250000000000004,0,0,0
0.73299999999999998,0,0,0
0.73350000000000004,0,0,0
0.73399999999999999,0,0,0
0.73450000000000004,0,0,0
0.73499999999999999,0,0,0
0.73550000000000004,0,0,0
0.73599999999999999,0,0,0
0.73650000000000004,0,0,0
0.73699999999999999,0,0,0
0.73750000000000004,0,0,0
0.73799999999999999,0,0,0
0.73850000000000005,0,0,0
0.73899999999999999,0,0,0
0.73950000000000005,0,0,0
0.73999999999999999,0,0,0
0.74050000000000005,0,0,0
0.74099999999999999,0,0,0
0.74150000000000005,0,0,0
0.74199999999999999,0,0,0
0.74250000000000005,0,0,0
0.74299999999999999,0,0,0
0.74350000000000005,0,0,0
0.74399999999999999,0,0,0
0.74450000000000005,0,0,0
0.745,0,0,0
0.74550000000000005,0,0,0
0.746,0,0,0
0.74650000000000005,0,0,0
0.747,0,0,0
0.74750000000000005,0,0,0
0.748,0,0,0
0.74850000000000005,0,0,0
0.749,0,0,0
0.74950000000000006,0,0,0
0.75,0,0,0
0.75049999999999994,0,0,0
0.751,0,0,0
0.75149999999999995,0,0,0
0.752,0,0,0
0.75249999999999995,0,0,0
0.753,0,0,0
0.75349999999999995,0,0,0
0.754,0,0,0
0.75449999999999995,0,0,0
0.755,0,0,0
0.75549999999999995,0,0,0
0.75600000000000001,0,0,0
0.75649999999999995,0,0,0
0.75700000000000001,0,0,0
0.75749999999999995,0,0,0
0.75800000000000001,0,0,0
0.75849999999999995,0,0,0
0.75900000000000001,0,0,0
0.75949999999999995,0,0,0
0.76000000000000001,0,0,0
0.76049999999999995,0,0,0
0.76100000000000001,0,0,0
0.76149999999999995,0,0,0
0.76200000000000001,0,0,0
0.76249999999999996,0,0,0
0.76300000000000001,0,0,0
0.76349999999999996,0,0,0
0.76400000000000001,0,0,0
0.76449999999999996,0,0,0
0.76500000000000001,0,0,0
0.76549999999999996,0,0,0
0.76600000000000001,0,0,0
0.76649999999999996,0,0,0
0.76700000000000002,0,0,0
0.76749999999999996,0,0,0
0.76800000000000002,0,0,0
0.76849999999999996,0,0,0
0.76900000000000002,0,0,0
0.76949999999999996,0,0,0
0.77000000000000002,0,0,0
0.77049999999999996,0,0,0
0.77100000000000002,0,0,0
0.77149999999999996,0,0,0
0.77200000000000002,0,0,0
0.77249999999999996,0,0,0
0.77300000000000002,0,0,0
0.77349999999999997,0,0,0
0.77400000000000002,0,0,0
0.77449999999999997,0,0,0
0.77500000000000002,0,0,0
0.77549999999999997,0,0,0
0.77600000000000002,0,0,0
0.77649999999999997,0,0,0
0.77700000000000002,0,0,0
0.77749999999999997,0,0,0
0.77800000000000002,0,0,0
0.77849999999999997,0,0,0
0.77900000000000003,0,0,0
0.77949999999999997,0,0,0
0.78000000000000003,0,0,0
0.78049999999999997,0,0,0
0.78100000000000003,0,0,0
0.78149999999999997,0,0,0
0.78200000000000003,0,0,0
0.78249999999999997,0,0,0
0.78300000000000003,0,0,0
0.78349999999999997,0,0,0
0.78400000000000003,0,0,0
0.78449999999999998,0,0,0
0.78500000000000003,0,0,0
0.78549999999999998,0,0,0
0.78600000000000003,0,0,0
0.78649999999999998,0,0,0
0.78700000000000003,0,0,0
0.78749999999999998,0,0,0
0.78800000000000003,0,0,0
0.78849999999999998,0,0,0
0.78900000000000003,0,0,0
0.78949999999999998,0,0,0
0.79000000000000004,0,0,0
0.79049999999999998,0,0,0
0.79100000000000004,0,0,0
0.79149999999999998,0,0,0
0.79200000000000004,0,0,0
0.79249999999999998,0,0,0
0.79300000000000004,0,0,0
0.79349999999999998,0,0,0
0.79400000000000004,0,0,0
0.79449999999999998,0,0,0
0.79500000000000004,0,0,0
0.79549999999999998,0,0,0
0.79600000000000004,0,0,0
0.79649999999999999,0,0,0
0.79700000000000004,0,0,0
0.79749999999999999,0,0,0
0.79800000000000004,0,0,0
0.79849999999999999,0,0,0
0.79900000000000004,0,0,0
0.79949999999999999,0,0,0
0.80000000000000004,0,0,0
0.80049999999999999,0,0,0
0.80100000000000005,0,0,0
0.80149999999999999,0,0,0
0.80200000000000005,0,0,0
0.80249999999999999,0,0,0
0.80300000000000005,0,0,0
0.80349999999999999,0,0,0
0.80400000000000005,0,0,0
0.80449999999999999,0,0,0
0.80500000000000005,0,0,0
0.80549999999999999,0,0,0
0.80600000000000005,0,0,0
0.80649999999999999,0,0,0
0.80700000000000005,0,0,0
0.8075,0,0,0
0.80800000000000005,0,0,0
0.8085,0,0,0
0.80900000000000005,0,0,0
0.8095,0,0,0
0.81000000000000005,0,0,0
0.8105,0,0,0
0.81100000000000005,0,0,0
0.8115,0,0,0
0.81200000000000006,0,0,0
0.8125,0,0,0
0.81299999999999994,0,0,0
0.8135,0,0,0
0.81399999999999995,0,0,0
0.8145,0,0,0
0.81499999999999995,0,0,0
0.8155,0,0,0
0.81599999999999995,0,0,0
0.8165,0,0,0
0.81699999999999995,0,0,0
0.8175,0,0,0
0.81799999999999995,0,0,0
0.81850000000000001,0,0,0
0.81899999999999995,0,0,0
0.81950000000000001,0,0,0
0.81999999999999995,0,0,0
0.82050000000000001,0,0,0
0.82099999999999995,0,0,0
0.82150000000000001,0,0,0
0.82199999999999995,0,0,0
0.82250000000000001,0,0,0
0.82299999999999995,0,0,0
0.82350000000000001,0,0,0
0.82399999999999995,0,0,0
0.82450000000000001,0,0,0
0.82499999999999996,0,0,0
0.82550000000000001,0,0,0
0.82599999999999996,0,0,0
0.82650000000000001,0,0,0
0.82699999999999996,0,0,0
0.82750000000000001,0,0,0
0.82799999999999996,0,0,0
0.82850000000000001,0,0,0
0.82899999999999996,0,0,0
0.82950000000000002,0,0,0
0.82999999999999996,0,0,0
0.83050000000000002,0,0,0
0.83099999999999996,0,0,0
0.83150000000000002,0,0,0
0.83199999999999996,0,0,0
0.83250000000000002,0,0,0
0.83299999999999996,0,0,0
0.83350000000000002,0,0,0
0.83399999999999996,0,0,0
0.83450000000000002,0,0,0
0.83499999999999996,0,0,0
0.83550000000000002,0,0,0
0.83599999999999997,0,0,0
0.83650000000000002,0,0,0
0.83699999999999997,0,0,0
0.83750000000000002,0,0,0
0.83799999999999997,0,0,0
0.83850000000000002,0,0,0
0.83899999999999997,0,0,0
0.83950000000000002,0,0,0
0.83999999999999997,0,0,0
0.84050000000000002,0,0,0
0.84099999999999997,0,0,0
0.84150000000000003,0,0,0
0.84199999999999997,0,0,0
0.84250000000000003,0,0,0
0.84299999999999997,0,0,0
0.84350000000000003,0,0,0
0.84399999999999997,0,0,0
0.84450000000000003,0,0,0
0.84499999999999997,0,0,0
0.84550000000000003,0,0,0
0.84599999999999997,0,0,0
0.84650000000000003,0,0,0
0.84699999999999998,0,0,0
0.84750000000000003,0,0,0
0.84799999999999998,0,0,0
0.84850000000000003,0,0,0
0.84899999999999998,0,0,0
0.84950000000000003,0,0,0
0.84999999999999998,0,0,0
0.85050000000000003,0,0,0
0.85099999999999998,0,0,0
0.85150000000000003,0,0,0
0.85199999999999998,0,0,0
0.85250000000000004,0,0,0
0.85299999999999998,0,0,0
0.85350000000000004,0,0,0
0.85399999999999998,0,0,0
0.85450000000000004,0,0,0
0.85499999999999998,0,0,0
0.85550000000000004,0,0,0
0.85599999999999998,0,0,0
0.85650000000000004,0,0,0
0.85699999999999998,0,0,0
0.85750000000000004,0,0,0
0.85799999999999998,0,0,0
0.85850000000000004,0,0,0
0.85899999999999999,0,0,0
0.85950000000000004,0,0,0
0.85999999999999999,0,0,0
0.86050000000000004,0,0,0
0.86099999999999999,0,0,0
0.86150000000000004,0,0,0
0.86199999999999999,0,0,0
0.86250000000000004,0,0,0
0.86299999999999999,0,0,0
0.86350000000000005,0,0,0
0.86399999999999999,0,0,0
0.86450000000000005,0,0,0
0.86499999999999999,0,0,0
0.86550000000000005,0,0,0
0.86599999999999999,0,0,0
0.86650000000000005,0,0,0
0.86699999999999999,0,0,0
0.86750000000000005,0,0,0
0.86799999999999999,0,0,0
0.86850000000000005,0,0,0
0.86899999999999999,0,0,0
0.86950000000000005,0,0,0
0.87,0,0,0
0.87050000000000005,0,0,0
0.871,0,0,0
0.87150000000000005,0,0,0
0.872,0,0,0
0.87250000000000005,0,0,0
0.873,0,0,0
0.87350000000000005,0,0,0
0.874,0,0,0
0.87450000000000006,0,0,0
0.875,0,0,0
0.87549999999999994,0,0,0
0.876,0,0,0
0.87649999999999995,0,0,0
0.877,0,0,0
0.87749999999999995,0,0,0
0.878,0,0,0
0.87849999999999995,0,0,0
0.879,0,0,0
0.87949999999999995,0,0,0
0.88,0,0,0
0.88049999999999995,0,0,0
0.88100000000000001,0,0,0
0.88149999999999995,0,0,0
0.88200000000000001,0,0,0
0.88249999999999995,0,0,0
0.88300000000000001,0,0,0
0.88349999999999995,0,0,0
0.88400000000000001,0,0,0
0.88449999999999995,0,0,0
0.88500000000000001,0,0,0
0.88549999999999995,0,0,0
0.88600000000000001,0,0,0
0.88649999999999995,0,0,0
0.88700000000000001,0,0,0
0.88749999999999996,0,0,0
0.88800000000000001,0,0,0
0.88849999999999996,0,0,0
0.88900000000000001,0,0,0
0.88949999999999996,0,0,0
0.89000000000000001,0,0,0
0.89049999999999996,0,0,0
0.89100000000000001,0,0,0
0.89149999999999996,0,0,0
0.89200000000000002,0,0,0
0.89249999999999996,0,0,0
0.89300000000000002,0,0,0
0.89349999999999996,0,0,0
0.89400000000000002,0,0,0
0.89449999999999996,0,0,0
0.89500000000000002,0,0,0
0.89549999999999996,0,0,0
0.89600000000000002,0,0,0
0.89649999999999996,0,0,0
0.89700000000000002,0,0,0
0.89749999999999996,0,0,0
0.89800000000000002,0,0,0
0.89849999999999997,0,0,0
0.89900000000000002,0,0,0
0.89949999999999997,0,0,0
0.90000000000000002,0,0,0
0.90049999999999997,0,0,0
0.90100000000000002,0,0,0
0.90149999999999997,0,0,0
0.90200000000000002,0,0,0
0.90249999999999997,0,0,0
0.90300000000000002,0,0,0
0.90349999999999997,0,0,0
0.90400000000000003,0,0,0
0.90449999999999997,0,0,0
0.90500000000000003,0,0,0
0.90549999999999997,0,0,0
0.90600000000000003,0,0,0
0.90649999999999997,0,0,0
0.90700000000000003,0,0,0
0.90749999999999997,0,0,0
0.90800000000000003,0,0,0
0.90849999999999997,0,0,0
0.90900000000000003,0,0,0
0.90949999999999998,0,0,0
0.91000000000000003,0,0,0
0.91049999999999998,0,0,0
0.91100000000000003,0,0,0
0.91149999999999998,0,0,0
0.91200000000000003,0,0,0
0.91249999999999998,0,0,0
0.91300000000000003,0,0,0
0.91349999999999998,0,0,0
0.91400000000000003,0,0,0
0.91449999999999998,0,0,0
0.91500000000000004,0,0,0
0.91549999999999998,0,0,0
0.91600000000000004,0,0,0
0.91649999999999998,0,0,0
0.91700000000000004,0,0,0
0.91749999999999998,0,0,0
0.91800000000000004,0,0,0
0.91849999999999998,0,0,0
0.91900000000000004,0,0,0
0.91949999999999998,0,0,0
0.92000000000000004,0,0,0
0.92049999999999998,0,0,0
0.92100000000000004,0,0,0
0.92149999999999999,0,0,0
0.92200000000000004,0,0,0
0.92249999999999999,0,0,0
0.92300000000000004,0,0,0
0.92349999999999999,0,0,0
0.92400000000000004,0,0,0
0.92449999999999999,0,0,0
0.92500000000000004,0,0,0
0.92549999999999999,0,0,0
0.92600000000000005,0,0,0
0.92649999999999999,0,0,0
0.92700000000000005,0,0,0
0.92749999999999999,0,0,0
0.92800000000000005,0,0,0
0.92849999999999999,0,0,0
0.92900000000000005,0,0,0
0.92949999999999999,0,0,0
0.93000000000000005,0,0,0
0.93049999999999999,0,0,0
0.93100000000000005,0,0,0
0.93149999999999999,0,0,0
0.93200000000000005,0,0,0
0.9325,0,0,0
0.93300000000000005,0,0,0
0.9335,0,0,0
0.93400000000000005,0,0,0
0.9345,0,0,0
0.93500000000000005,0,0,0
0.9355,0,0,0
0.93600000000000005,0,0,0
0.9365,0,0,0
0.93700000000000006,0,0,0
0.9375,0,0,0
0.93799999999999994,0,0,0
0.9385,0,0,0
0.93899999999999995,0,0,0
0.9395,0,0,0
0.93999999999999995,0,0,0
0.9405,0,0,0
0.94099999999999995,0,0,0
0.9415,0,0,0
0.94199999999999995,0,0,0
0.9425,0,0,0
0.94299999999999995,0,0,0
0.94350000000000001,0,0,0
0.94399999999999995,0,0,0
0.94450000000000001,0,0,0
0.94499999999999995,0,0,0
0.94550000000000001,0,0,0
0.94599999999999995,0,0,0
0.94650000000000001,0,0,0
0.94699999999999995,0,0,0
0.94750000000000001,0,0,0
0.94799999999999995,0,0,0
0.94850000000000001,0,0,0
0.94899999999999995,0,0,0
0.94950000000000001,0,0,0
0.94999999999999996,0,0,0
0.95050000000000001,0,0,0
0.95099999999999996,0,0,0
0.95150000000000001,0,0,0
0.95199999999999996,0,0,0
0.95250000000000001,0,0,0
0.95299999999999996,0,0,0
0.95350000000000001,0,0,0
0.95399999999999996,0,0,0
0.95450000000000002,0,0,0
0.95499999999999996,0,0,0
0.95550000000000002,0,0,0
0.95599999999999996,0,0,0
0.95650000000000002,0,0,0
0.95699999999999996,0,0,0
0.95750000000000002,0,0,0
0.95799999999999996,0,0,0
0.95850000000000002,0,0,0
0.95899999999999996,0,0,0
0.95950000000000002,0,0,0
0.95999999999999996,0,0,0
0.96050000000000002,0,0,0
0.96099999999999997,0,0,0
0.96150000000000002,0,0,0
0.96199999999999997,0,0,0
0.96250000000000002,0,0,0
0.96299999999999997,0,0,0
0.96350000000000002,0,0,0
0.96399999999999997,0,0,0
0.96450000000000002,0,0,0
0.96499999999999997,0,0,0
0.96550000000000002,0,0,0
0.96599999999999997,0,0,0
0.96650000000000003,0,0,0
0.96699999999999997,0,0,0
0.96750000000000003,0,0,0
0.96799999999999997,0,0,0
0.96850000000000003,0,0,0
0.96899999999999997,0,0,0
0.96950000000000003,0,0,0
0.96999999999999997,0,0,0
0.97050000000000003,0,0,0
0.97099999999999997,0,0,0
0.97150000000000003,0,0,0
0.97199999999999998,0,0,0
0.97250000000000003,0,0,0
0.97299999999999998,0,0,0
0.97350000000000003,0,0,0
0.97399999999999998,0,0,0
0.97450000000000003,0,0,0
0.97499999999999998,0,0,0
0.97550000000000003,0,0,0
0.97599999999999998,0,0,0
0.97650000000000003,0,0,0
0.97699999999999998,0,0,0
0.97750000000000004,0,0,0
0.97799999999999998,0,0,0
0.97850000000000004,0,0,0
0.97899999999999998,0,0,0
0.97950000000000004,0,0,0
0.97999999999999998,0,0,0
0.98050000000000004,0,0,0
0.98099999999999998,0,0,0
0.98150000000000004,0,0,0
0.98199999999999998,0,0,0
0.98250000000000004,0,0,0
0.98299999999999998,0,0,0
0.98350000000000004,0,0,0
0.98399999999999999,0,0,0
0.98450000000000004,0,0,0
0.98499999999999999,0,0,0
0.98550000000000004,0,0,0
0.98599999999999999,0,0,0
0.98650000000000004,0,0,0
0.98699999999999999,0,0,0
0.98750000000000004,0,0,0
0.98799999999999999,0,0,0
0.98850000000000005,0,0,0
0.98899999999999999,0,0,0
0.98950000000000005,0,0,0
0.98999999999999999,0,0,0
0.99050000000000005,0,0,0
0.99099999999999999,0,0,0
0.99150000000000005,0,0,0
0.99199999999999999,0,0,0
0.99250000000000005,0,0,0
0.99299999999999999,0,0,0
0.99350000000000005,0,0,0
0.99399999999999999,0,0,0
0.99450000000000005,0,0,0
0.995,0,0,0
0.99550000000000005,0,0,0
0.996,0,0,0
0.99650000000000005,0,0,0
0.997,0,0,0
0.99750000000000005,0,0,0
0.998,0,0,0
0.99850000000000005,0,0,0
0.999,0,0,0
0.99950000000000006,0,0,0
1,0,0,0
1.0004999999999999,0,0,0
1.0009999999999999,0,0,0
1.0015000000000001,0,0,0
1.002,0,0,0
1.0024999999999999,0,0,0
1.0029999999999999,0,0,0
1.0035000000000001,0,0,0
1.004,0,0,0
1.0044999999999999,0,0,0
1.0049999999999999,0,0,0
1.0055000000000001,0,0,0
1.006,0,0,0
1.0065,0,0,0
1.0069999999999999,0,0,0
1.0075000000000001,0,0,0
1.008,0,0,0
1.0085,0,0,0
1.0089999999999999,0,0,0
1.0095000000000001,0,0,0
1.01,0,0,0
1.0105,0,0,0
1.0109999999999999,0,0,0
1.0115000000000001,0,0,0
1.012,0,0,0
1.0125,0,0,0
1.0129999999999999,0,0,0
1.0135000000000001,0,0,0
1.014,0,0,0
1.0145,0,0,0
1.0149999999999999,0,0,0
1.0155000000000001,0,0,0
1.016,0,0,0
1.0165,0,0,0
1.0169999999999999,0,0,0
1.0175000000000001,0,0,0
1.018,0,0,0
1.0185,0,0,0
1.0189999999999999,0,0,0
1.0195000000000001,0,0,0
1.02,0,0,0
1.0205,0,0,0
1.0209999999999999,0,0,0
1.0215000000000001,0,0,0
1.022,0,0,0
1.0225,0,0,0
1.0229999999999999,0,0,0
1.0235000000000001,0,0,0
1.024,0,0,0
1.0245,0,0,0
1.0249999999999999,0,0,0
1.0255000000000001,0,0,0
1.026,0,0,0
1.0265,0,0,0
1.0269999999999999,0,0,0
1.0275000000000001,0,0,0
1.028,0,0,0
1.0285,0,0,0
1.0289999999999999,0,0,0
1.0295000000000001,0,0,0
1.03,0,0,0
1.0305,0,0,0
1.0309999999999999,0,0,0
1.0315000000000001,0,0,0
1.032,0,0,0
1.0325,0,0,0
1.0329999999999999,0,0,0
1.0335000000000001,0,0,0
1.034,0,0,0
1.0345,0,0,0
1.0349999999999999,0,0,0
1.0355000000000001,0,0,0
1.036,0,0,0
1.0365,0,0,0
1.0369999999999999,0,0,0
1.0375000000000001,0,0,0
1.038,0,0,0
1.0385,0,0,0
1.0389999999999999,0,0,0
1.0395000000000001,0,0,0
1.04,0,0,0
1.0405,0,0,0
1.0409999999999999,0,0,0
1.0415000000000001,0,0,0
1.042,0,0,0
1.0425,0,0,0
1.0429999999999999,0,0,0
1.0435000000000001,0,0,0
1.044,0,0,0
1.0445,0,0,0
1.0449999999999999,0,0,0
1.0455000000000001,0,0,0
1.046,0,0,0
1.0465,0,0,0
1.0469999999999999,0,0,0
1.0475000000000001,0,0,0
1.048,0,0,0
1.0485,0,0,0
1.0489999999999999,0,0,0
1.0495000000000001,0,0,0
1.05,0,0,0
1.0505,0,0,0
1.0509999999999999,0,0,0
1.0515000000000001,0,0,0
1.052,0,0,0
1.0525,0,0,0
1.0529999999999999,0,0,0
1.0535000000000001,0,0,0
1.054,0,0,0
1.0545,0,0,0
1.0549999999999999,0,0,0
1.0555000000000001,0,0,0
1.056,0,0,0
1.0565,0,0,0
1.0569999999999999,0,0,0
1.0575000000000001,0,0,0
1.0580000000000001,0,0,0
1.0585,0,0,0
1.0589999999999999,0,0,0
1.0595000000000001,0,0,0
1.0600000000000001,0,0,0
1.0605,0,0,0
1.0609999999999999,0,0,0
1.0615000000000001,0,0,0
1.0620000000000001,0,0,0
1.0625,0,0,0
1.0629999999999999,0,0,0
1.0634999999999999,0,0,0
1.0640000000000001,0,0,0
1.0645,0,0,0
1.0649999999999999,0,0,0
1.0654999999999999,0,0,0
1.0660000000000001,0,0,0
1.0665,0,0,0
1.0669999999999999,0,0,0
1.0674999999999999,0,0,0
1.0680000000000001,0,0,0
1.0685,0,0,0
1.069,0,0,0
1.0694999999999999,0,0,0
1.0700000000000001,0,0,0
1.0705,0,0,0
1.071,0,0,0
1.0714999999999999,0,0,0
1.0720000000000001,0,0,0
1.0725,0,0,0
1.073,0,0,0
1.0734999999999999,0,0,0
1.0740000000000001,0,0,0
1.0745,0,0,0
1.075,0,0,0
1.0754999999999999,0,0,0
1.0760000000000001,0,0,0
1.0765,0,0,0
1.077,0,0,0
1.0774999999999999,0,0,0
1.0780000000000001,0,0,0
1.0785,0,0,0
1.079,0,0,0
1.0794999999999999,0,0,0
1.0800000000000001,0,0,0
1.0805,0,0,0
1.081,0,0,0
1.0814999999999999,0,0,0
1.0820000000000001,0,0,0
1.0825,0,0,0
1.083,0,0,0
1.0834999999999999,0,0,0
1.0840000000000001,0,0,0
1.0845,0,0,0
1.085,0,0,0
1.0854999999999999,0,0,0
1.0860000000000001,0,0,0
1.0865,0,0,0
1.087,0,0,0
1.0874999999999999,0,0,0
1.0880000000000001,0,0,0
1.0885,0,0,0
1.089,0,0,0
1.0894999999999999,0,0,0
1.0900000000000001,0,0,0
1.0905,0,0,0
1.091,0,0,0
1.0914999999999999,0,0,0
1.0920000000000001,0,0,0
1.0925,0,0,0
1.093,0,0,0
1.0934999999999999,0,0,0
1.0940000000000001,0,0,0
1.0945,0,0,0
1.095,0,0,0
1.0954999999999999,0,0,0
1.0960000000000001,0,0,0
1.0965,0,0,0
1.097,0,0,0
1.0974999999999999,0,0,0
1.0980000000000001,0,0,0
1.0985,0,0,0
1.099,0,0,0
1.0994999999999999,0,0,0
1.1000000000000001,0,0,0
1.1005,0,0,0
1.101,0,0,0
1.1014999999999999,0,0,0
1.1020000000000001,0,0,0
1.1025,0,0,0
1.103,0,0,0
1.1034999999999999,0,0,0
1.1040000000000001,0,0,0
1.1045,0,0,0
1.105,0,0,0
1.1054999999999999,0,0,0
1.1060000000000001,0,0,0
1.1065,0,0,0
1.107,0,0,0
1.1074999999999999,0,0,0
1.1080000000000001,0,0,0
1.1085,0,0,0
1.109,0,0,0
1.1094999999999999,0,0,0
1.1100000000000001,0,0,0
1.1105,0,0,0
1.111,0,0,0
1.1114999999999999,0,0,0
1.1120000000000001,0,0,0
1.1125,0,0,0
1.113,0,0,0
1.1134999999999999,0,0,0
1.1140000000000001,0,0,0
1.1145,0,0,0
1.115,0,0,0
1.1154999999999999,0,0,0
1.1160000000000001,0,0,0
1.1165,0,0,0
1.117,0,0,0
1.1174999999999999,0,0,0
1.1180000000000001,0,0,0
1.1185,0,0,0
1.119,0,0,0
1.1194999999999999,0,0,0
1.1200000000000001,0,0,0
1.1205000000000001,0,0,0
1.121,0,0,0
1.1214999999999999,0,0,0
1.1220000000000001,0,0,0
1.1225000000000001,0,0,0
1.123,0,0,0
1.1234999999999999,0,0,0
1.1240000000000001,0,0,0
1.1245000000000001,0,0,0
1.125,0,0,0
1.1254999999999999,0,0,0
1.1259999999999999,0,0,0
1.1265000000000001,0,0,0
1.127,0,0,0
1.1274999999999999,0,0,0
1.1279999999999999,0,0,0
1.1285000000000001,0,0,0
1.129,0,0,0
1.1294999999999999,0,0,0
1.1299999999999999,0,0,0
1.1305000000000001,0,0,0
1.131,0,0,0
1.1315,0,0,0
1.1319999999999999,0,0,0
1.1325000000000001,0,0,0
1.133,0,0,0
1.1335,0,0,0
1.1339999999999999,0,0,0
1.1345000000000001,0,0,0
1.135,0,0,0
1.1355,0,0,0
1.1359999999999999,0,0,0
1.1365000000000001,0,0,0
1.137,0,0,0
1.1375,0,0,0
1.1379999999999999,0,0,0
1.1385000000000001,0,0,0
1.139,0,0,0
1.1395,0,0,0
1.1399999999999999,0,0,0
1.1405000000000001,0,0,0
1.141,0,0,0
1.1415,0,0,0
1.1419999999999999,0,0,0
1.1425000000000001,0,0,0
1.143,0,0,0
1.1435,0,0,0
1.1439999999999999,0,0,0
1.1445000000000001,0,0,0
1.145,0,0,0
1.1455,0,0,0
1.1459999999999999,0,0,0
1.1465000000000001,0,0,0
1.147,0,0,0
1.1475,0,0,0
1.1479999999999999,0,0,0
1.1485000000000001,0,0,0
1.149,0,0,0
1.1495,0,0,0
1.1499999999999999,0,0,0
1.1505000000000001,0,0,0
1.151,0,0,0
1.1515,0,0,0
1.1519999999999999,0,0,0
1.1525000000000001,0,0,0
1.153,0,0,0
1.1535,0,0,0
1.1539999999999999,0,0,0
1.1545000000000001,0,0,0
1.155,0,0,0
1.1555,0,0,0
1.1559999999999999,0,0,0
1.1565000000000001,0,0,0
1.157,0,0,0
1.1575,0,0,0
1.1579999999999999,0,0,0
1.1585000000000001,0,0,0
1.159,0,0,0
1.1595,0,0,0
1.1599999999999999,0,0,0
1.1605000000000001,0,0,0
1.161,0,0,0
1.1615,0,0,0
1.1619999999999999,0,0,0
1.1625000000000001,0,0,0
1.163,0,0,0
1.1635,0,0,0
1.1639999999999999,0,0,0
1.1645000000000001,0,0,0
1.165,0,0,0
1.1655,0,0,0
1.1659999999999999,0,0,0
1.1665000000000001,0,0,0
1.167,0,0,0
1.1675,0,0,0
1.1679999999999999,0,0,0
1.1685000000000001,0,0,0
1.169,0,0,0
1.1695,0,0,0
1.1699999999999999,0,0,0
1.1705000000000001,0,0,0
1.171,0,0,0
1.1715,0,0,0
1.1719999999999999,0,0,0
1.1725000000000001,0,0,0
1.173,0,0,0
1.1735,0,0,0
1.1739999999999999,0,0,0
1.1745000000000001,0,0,0
1.175,0,0,0
1.1755,0,0,0
1.1759999999999999,0,0,0
1.1765000000000001,0,0,0
1.177,0,0,0
1.1775,0,0,0
1.1779999999999999,0,0,0
1.1785000000000001,0,0,0
1.179,0,0,0
1.1795,0,0,0
1.1799999999999999,0,0,0
1.1805000000000001,0,0,0
1.181,0,0,0
1.1815,0,0,0
1.1819999999999999,0,0,0
1.1825000000000001,0,0,0
1.1830000000000001,0,0,0
1.1835,0,0,0
1.1839999999999999,0,0,0
1.1845000000000001,0,0,0
1.1850000000000001,0,0,0
1.1855,0,0,0
1.1859999999999999,0,0,0
1.1865000000000001,0,0,0
1.1870000000000001,0,0,0
1.1875,0,0,0
1.1879999999999999,0,0,0
1.1884999999999999,0,0,0
1.1890000000000001,0,0,0
1.1895,0,0,0
1.1899999999999999,0,0,0
1.1904999999999999,0,0,0
1.1910000000000001,0,0,0
1.1915,0,0,0
1.1919999999999999,0,0,0
1.1924999999999999,0,0,0
1.1930000000000001,0,0,0
1.1935,0,0,0
1.194,0,0,0
1.1944999999999999,0,0,0
1.1950000000000001,0,0,0
1.1955,0,0,0
1.196,0,0,0
1.1964999999999999,0,0,0
1.1970000000000001,0,0,0
1.1975,0,0,0
1.198,0,0,0
1.1984999999999999,0,0,0
1.1990000000000001,0,0,0
1.1995,0,0,0
1.2,0,0,0
1.2004999999999999,0,0,0
1.2010000000000001,0,0,0
1.2015,0,0,0
1.202,0,0,0
1.2024999999999999,0,0,0
1.2030000000000001,0,0,0
1.2035,0,0,0
1.204,0,0,0
1.2044999999999999,0,0,0
1.2050000000000001,0,0,0
1.2055,0,0,0
1.206,0,0,0
1.2064999999999999,0,0,0
1.2070000000000001,0,0,0
1.2075,0,0,0
1.208,0,0,0
1.2084999999999999,0,0,0
1.2090000000000001,0,0,0
1.2095,0,0,0
1.21,0,0,0
1.2104999999999999,0,0,0
1.2110000000000001,0,0,0
1.2115,0,0,0
1.212,0,0,0
1.2124999999999999,0,0,0
1.2130000000000001,0,0,0
1.2135,0,0,0
1.214,0,0,0
1.2144999999999999,0,0,0
1.2150000000000001,0,0,0
1.2155,0,0,0
1.216,0,0,0
1.2164999999999999,0,0,0
1.2170000000000001,0,0,0
1.2175,0,0,0
1.218,0,0,0
1.2184999999999999,0,0,0
1.2190000000000001,0,0,0
1.2195,0,0,0
1.22,0,0,0
1.2204999999999999,0,0,0
1.2210000000000001,0,0,0
1.2215,0,0,0
1.222,0,0,0
1.2224999999999999,0,0,0
1.2230000000000001,0,0,0
1.2235,0,0,0
1.224,0,0,0
1.2244999999999999,0,0,0
1.2250000000000001,0,0,0
1.2255,0,0,0
1.226,0,0,0
1.2264999999999999,0,0,0
1.2270000000000001,0,0,0
1.2275,0,0,0
1.228,0,0,0
1.2284999999999999,0,0,0
1.2290000000000001,0,0,0
1.2295,0,0,0
1.23,0,0,0
1.2304999999999999,0,0,0
1.2310000000000001,0,0,0
1.2315,0,0,0
1.232,0,0,0
1.2324999999999999,0,0,0
1.2330000000000001,0,0,0
1.2335,0,0,0
1.234,0,0,0
1.2344999999999999,0,0,0
1.2350000000000001,0,0,0
1.2355,0,0,0
1.236,0,0,0
1.2364999999999999,0,0,0
1.2370000000000001,0,0,0
1.2375,0,0,0
1.238,0,0,0
1.2384999999999999,0,0,0
1.2390000000000001,0,0,0
1.2395,0,0,0
1.24,0,0,0
1.2404999999999999,0,0,0
1.2410000000000001,0,0,0
1.2415,0,0,0
1.242,0,0,0
1.2424999999999999,0,0,0
1.2430000000000001,0,0,0
1.2435,0,0,0
1.244,0,0,0
1.2444999999999999,0,0,0
1.2450000000000001,0,0,0
1.2455000000000001,0,0,0
1.246,0,0,0
1.2464999999999999,0,0,0
1.2470000000000001,0,0,0
1.2475000000000001,0,0,0
1.248,0,0,0
1.2484999999999999,0,0,0
1.2490000000000001,0,0,0
1.2495000000000001,0,0,0
1.25,0,0,0
1.2504999999999999,0,0,0
1.2509999999999999,0,0,0
1.2515000000000001,0,0,0
1.252,0,0,0
1.2524999999999999,0,0,0
1.2529999999999999,0,0,0
1.2535000000000001,0,0,0
1.254,0,0,0
1.2544999999999999,0,0,0
1.2549999999999999,0,0,0
1.2555000000000001,0,0,0
1.256,0,0,0
1.2565,0,0,0
1.2569999999999999,0,0,0
1.2575000000000001,0,0,0
1.258,0,0,0
1.2585,0,0,0
1.2589999999999999,0,0,0
1.2595000000000001,0,0,0
1.26,0,0,0
1.2605,0,0,0
1.2609999999999999,0,0,0
1.2615000000000001,0,0,0
1.262,0,0,0
1.2625,0,0,0
1.2629999999999999,0,0,0
1.2635000000000001,0,0,0
1.264,0,0,0
1.2645,0,0,0
1.2649999999999999,0,0,0
1.2655000000000001,0,0,0
1.266,0,0,0
1.2665,0,0,0
1.2669999999999999,0,0,0
1.2675000000000001,0,0,0
1.268,0,0,0
1.2685,0,0,0
1.2689999999999999,0,0,0
1.2695000000000001,0,0,0
1.27,0,0,0
1.2705,0,0,0
1.2709999999999999,0,0,0
1.2715000000000001,0,0,0
1.272,0,0,0
1.2725,0,0,0
1.2729999999999999,0,0,0
1.2735000000000001,0,0,0
1.274,0,0,0
1.2745,0,0,0
1.2749999999999999,0,0,0
1.2755000000000001,0,0,0
1.276,0,0,0
1.2765,0,0,0
1.2769999999999999,0,0,0
1.2775000000000001,0,0,0
1.278,0,0,0
1.2785,0,0,0
1.2789999999999999,0,0,0
1.2795000000000001,0,0,0
1.28,0,0,0
1.2805,0,0,0
1.2809999999999999,0,0,0
1.2815000000000001,0,0,0
1.282,0,0,0
1.2825,0,0,0
1.2829999999999999,0,0,0
1.2835000000000001,0,0,0
1.284,0,0,0
1.2845,0,0,0
1.2849999999999999,0,0,0
1.2855000000000001,0,0,0
1.286,0,0,0
1.2865,0,0,0
1.2869999999999999,0,0,0
1.2875000000000001,0,0,0
1.288,0,0,0
1.2885,0,0,0
1.2889999999999999,0,0,0
1.2895000000000001,0,0,0
1.29,0,0,0
1.2905,0,0,0
1.2909999999999999,0,0,0
1.2915000000000001,0,0,0
1.292,0,0,0
1.2925,0,0,0
1.2929999999999999,0,0,0
1.2935000000000001,0,0,0
1.294,0,0,0
1.2945,0,0,0
1.2949999999999999,0,0,0
1.2955000000000001,0,0,0
1.296,0,0,0
1.2965,0,0,0
1.2969999999999999,0,0,0
1.2975000000000001,0,0,0
1.298,0,0,0
1.2985,0,0,0
1.2989999999999999,0,0,0
1.2995000000000001,0,0,0
1.3,0,0,0
1.3005,0,0,0
1.3009999999999999,0,0,0
1.3015000000000001,0,0,0
1.302,0,0,0
1.3025,0,0,0
1.3029999999999999,0,0,0
1.3035000000000001,0,0,0
1.304,0,0,0
1.3045,0,0,0
1.3049999999999999,0,0,0
1.3055000000000001,0,0,0
1.306,0,0,0
1.3065,0,0,0
1.3069999999999999,0,0,0
1.3075000000000001,0,0,0
1.3080000000000001,0,0,0
1.3085,0,0,0
1.3089999999999999,0,0,0
1.3095000000000001,0,0,0
1.3100000000000001,0,0,0
1.3105,0,0,0
1.3109999999999999,0,0,0
1.3115000000000001,0,0,0
1.3120000000000001,0,0,0
1.3125,0,0,0
1.3129999999999999,0,0,0
1.3134999999999999,0,0,0
1.3140000000000001,0,0,0
1.3145,0,0,0
1.3149999999999999,0,0,0
1.3154999999999999,0,0,0
1.3160000000000001,0,0,0
1.3165,0,0,0
1.3169999999999999,0,0,0
1.3174999999999999,0,0,0
1.3180000000000001,0,0,0
1.3185,0,0,0
1.319,0,0,0
1.3194999999999999,0,0,0
1.3200000000000001,0,0,0
1.3205,0,0,0
1.321,0,0,0
1.3214999999999999,0,0,0
1.3220000000000001,0,0,0
1.3225,0,0,0
1.323,0,0,0
1.3234999999999999,0,0,0
1.3240000000000001,0,0,0
1.3245,0,0,0
1.325,0,0,0
1.3254999999999999,0,0,0
1.3260000000000001,0,0,0
1.3265,0,0,0
1.327,0,0,0
1.3274999999999999,0,0,0
1.3280000000000001,0,0,0
1.3285,0,0,0
1.329,0,0,0
1.3294999999999999,0,0,0
1.3300000000000001,0,0,0
1.3305,0,0,0
1.331,0,0,0
1.3314999999999999,0,0,0
1.3320000000000001,0,0,0
1.3325,0,0,0
1.333,0,0,0
1.3334999999999999,0,0,0
1.3340000000000001,0,0,0
1.3345,0,0,0
1.335,0,0,0
1.3354999999999999,0,0,0
1.3360000000000001,0,0,0
1.3365,0,0,0
1.337,0,0,0
1.3374999999999999,0,0,0
1.3380000000000001,0,0,0
1.3385,0,0,0
1.339,0,0,0
1.3394999999999999,0,0,0
1.3400000000000001,0,0,0
1.3405,0,0,0
1.341,0,0,0
1.3414999999999999,0,0,0
1.3420000000000001,0,0,0
1.3425,0,0,0
1.343,0,0,0
1.3434999999999999,0,0,0
1.3440000000000001,0,0,0
1.3445,0,0,0
1.345,0,0,0
1.3454999999999999,0,0,0
1.3460000000000001,0,0,0
1.3465,0,0,0
1.347,0,0,0
1.3474999999999999,0,0,0
1.3480000000000001,0,0,0
1.3485,0,0,0
1.349,0,0,0
1.3494999999999999,0,0,0
1.3500000000000001,0,0,0
1.3505,0,0,0
1.351,0,0,0
1.3514999999999999,0,0,0
1.3520000000000001,0,0,0
1.3525,0,0,0
1.353,0,0,0
1.3534999999999999,0,0,0
1.3540000000000001,0,0,0
1.3545,0,0,0
1.355,0,0,0
1.3554999999999999,0,0,0
1.3560000000000001,0,0,0
1.3565,0,0,0
1.357,0,0,0
1.3574999999999999,0,0,0
1.3580000000000001,0,0,0
1.3585,0,0,0
1.359,0,0,0
1.3594999999999999,0,0,0
1.3600000000000001,0,0,0
1.3605,0,0,0
1.361,0,0,0
1.3614999999999999,0,0,0
1.3620000000000001,0,0,0
1.3625,0,0,0
1.363,0,0,0
1.3634999999999999,0,0,0
1.3640000000000001,0,0,0
1.3645,0,0,0
1.365,0,0,0
1.3654999999999999,0,0,0
1.3660000000000001,0,0,0
1.3665,0,0,0
1.367,0,0,0
1.3674999999999999,0,0,0
1.3680000000000001,0,0,0
1.3685,0,0,0
1.369,0,0,0
1.3694999999999999,0,0,0
1.3700000000000001,0,0,0
1.3705000000000001,0,0,0
1.371,0,0,0
1.3714999999999999,0,0,0
1.3720000000000001,0,0,0
1.3725000000000001,0,0,0
1.373,0,0,0
1.3734999999999999,0,0,0
1.3740000000000001,0,0,0
1.3745000000000001,0,0,0
1.375,0,0,0
1.3754999999999999,0,0,0
1.3759999999999999,0,0,0
1.3765000000000001,0,0,0
1.377,0,0,0
1.3774999999999999,0,0,0
1.3779999999999999,0,0,0
1.3785000000000001,0,0,0
1.379,0,0,0
1.3794999999999999,0,0,0
1.3799999999999999,0,0,0
1.3805000000000001,0,0,0
1.381,0,0,0
1.3815,0,0,0
1.3819999999999999,0,0,0
1.3825000000000001,0,0,0
1.383,0,0,0
1.3835,0,0,0
1.3839999999999999,0,0,0
1.3845000000000001,0,0,0
1.385,0,0,0
1.3855,0,0,0
1.3859999999999999,0,0,0
1.3865000000000001,0,0,0
1.387,0,0,0
1.3875,0,0,0
1.3879999999999999,0,0,0
1.3885000000000001,0,0,0
1.389,0,0,0
1.3895,0,0,0
1.3899999999999999,0,0,0
1.3905000000000001,0,0,0
1.391,0,0,0
1.3915,0,0,0
1.3919999999999999,0,0,0
1.3925000000000001,0,0,0
1.393,0,0,0
1.3935,0,0,0
1.3939999999999999,0,0,0
1.3945000000000001,0,0,0
1.395,0,0,0
1.3955,0,0,0
1.3959999999999999,0,0,0
1.3965000000000001,0,0,0
1.397,0,0,0
1.3975,0,0,0
1.3979999999999999,0,0,0
1.3985000000000001,0,0,0
1.399,0,0,0
1.3995,0,0,0
1.3999999999999999,0,0,0
1.4005000000000001,0,0,0
1.401,0,0,0
1.4015,0,0,0
1.4019999999999999,0,0,0
1.4025000000000001,0,0,0
1.403,0,0,0
1.4035,0,0,0
1.4039999999999999,0,0,0
1.4045000000000001,0,0,0
1.405,0,0,0
1.4055,0,0,0
1.4059999999999999,0,0,0
1.4065000000000001,0,0,0
1.407,0,0,0
1.4075,0,0,0
1.4079999999999999,0,0,0
1.4085000000000001,0,0,0
1.409,0,0,0
1.4095,0,0,0
1.4099999999999999,0,0,0
1.4105000000000001,0,0,0
1.411,0,0,0
1.4115,0,0,0
1.4119999999999999,0,0,0
1.4125000000000001,0,0,0
1.413,0,0,0
1.4135,0,0,0
1.4139999999999999,0,0,0
1.4145000000000001,0,0,0
1.415,0,0,0
1.4155,0,0,0
1.4159999999999999,0,0,0
1.4165000000000001,0,0,0
1.417,0,0,0
1.4175,0,0,0
1.4179999999999999,0,0,0
1.4185000000000001,0,0,0
1.419,0,0,0
1.4195,0,0,0
1.4199999999999999,0,0,0
1.4205000000000001,0,0,0
1.421,0,0,0
1.4215,0,0,0
1.4219999999999999,0,0,0
1.4225000000000001,0,0,0
1.423,0,0,0
1.4235,0,0,0
1.4239999999999999,0,0,0
1.4245000000000001,0,0,0
1.425,0,0,0
1.4255,0,0,0
1.4259999999999999,0,0,0
1.4265000000000001,0,0,0
1.427,0,0,0
1.4275,0,0,0
1.4279999999999999,0,0,0
1.4285000000000001,0,0,0
1.429,0,0,0
1.4295,0,0,0
1.4299999999999999,0,0,0
1.4305000000000001,0,0,0
1.431,0,0,0
1.4315,0,0,0
1.4319999999999999,0,0,0
1.4325000000000001,0,0,0
1.4330000000000001,0,0,0
1.4335,0,0,0
1.4339999999999999,0,0,0
1.4345000000000001,0,0,0
1.4350000000000001,0,0,0
1.4355,0,0,0
1.4359999999999999,0,0,0
1.4365000000000001,0,0,0
1.4370000000000001,0,0,0
1.4375,0,0,0
1.4379999999999999,0,0,0
1.4384999999999999,0,0,0
1.4390000000000001,0,0,0
1.4395,0,0,0
1.4399999999999999,0,0,0
1.4404999999999999,0,0,0
1.4410000000000001,0,0,0
1.4415,0,0,0
1.4419999999999999,0,0,0
1.4424999999999999,0,0,0
1.4430000000000001,0,0,0
1.4435,0,0,0
1.444,0,0,0
1.4444999999999999,0,0,0
1.4450000000000001,0,0,0
1.4455,0,0,0
1.446,0,0,0
1.4464999999999999,0,0,0
1.4470000000000001,0,0,0
1.4475,0,0,0
1.448,0,0,0
1.4484999999999999,0,0,0
1.4490000000000001,0,0,0
1.4495,0,0,0
1.45,0,0,0
1.4504999999999999,0,0,0
1.4510000000000001,0,0,0
1.4515,0,0,0
1.452,0,0,0
1.4524999999999999,0,0,0
1.4530000000000001,0,0,0
1.4535,0,0,0
1.454,0,0,0
1.4544999999999999,0,0,0
1.4550000000000001,0,0,0
1.4555,0,0,0
1.456,0,0,0
1.4564999999999999,0,0,0
1.4570000000000001,0,0,0
1.4575,0,0,0
1.458,0,0,0
1.4584999999999999,0,0,0
1.4590000000000001,0,0,0
1.4595,0,0,0
1.46,0,0,0
1.4604999999999999,0,0,0
1.4610000000000001,0,0,0
1.4615,0,0,0
1.462,0,0,0
1.4624999999999999,0,0,0
1.4630000000000001,0,0,0
1.4635,0,0,0
1.464,0,0,0
1.4644999999999999,0,0,0
1.4650000000000001,0,0,0
1.4655,0,0,0
1.466,0,0,0
1.4664999999999999,0,0,0
1.4670000000000001,0,0,0
1.4675,0,0,0
1.468,0,0,0
1.4684999999999999,0,0,0
1.4690000000000001,0,0,0
1.4695,0,0,0
1.47,0,0,0
1.4704999999999999,0,0,0
1.4710000000000001,0,0,0
1.4715,0,0,0
1.472,0,0,0
1.4724999999999999,0,0,0
1.4730000000000001,0,0,0
1.4735,0,0,0
1.474,0,0,0
1.4744999999999999,0,0,0
1.4750000000000001,0,0,0
1.4755,0,0,0
1.476,0,0,0
1.4764999999999999,0,0,0
1.4770000000000001,0,0,0
1.4775,0,0,0
1.478,0,0,0
1.4784999999999999,0,0,0
1.4790000000000001,0,0,0
1.4795,0,0,0
1.48,0,0,0
1.4804999999999999,0,0,0
1.4810000000000001,0,0,0
1.4815,0,0,0
1.482,0,0,0
1.4824999999999999,0,0,0
1.4830000000000001,0,0,0
1.4835,0,0,0
1.484,0,0,0
1.4844999999999999,0,0,0
1.4850000000000001,0,0,0
1.4855,0,0,0
1.486,0,0,0
1.4864999999999999,0,0,0
1.4870000000000001,0,0,0
1.4875,0,0,0
1.488,0,0,0
1.4884999999999999,0,0,0
1.4890000000000001,0,0,0
1.4895,0,0,0
1.49,0,0,0
1.4904999999999999,0,0,0
1.4910000000000001,0,0,0
1.4915,0,0,0
1.492,0,0,0
1.4924999999999999,0,0,0
1.4930000000000001,0,0,0
1.4935,0,0,0
1.494,0,0,0
1.4944999999999999,0,0,0
1.4950000000000001,0,0,0
1.4955000000000001,0,0,0
1.496,0,0,0
1.4964999999999999,0,0,0
1.4970000000000001,0,0,0
1.4975000000000001,0,0,0
1.498,0,0,0
1.4984999999999999,0,0,0
1.4990000000000001,0,0,0
1.4995000000000001,0,0,0
1.5,0,0,0
1.5004999999999999,0,0,0
1.5009999999999999,0,0,0
1.5015000000000001,0,0,0
1.502,0,0,0
1.5024999999999999,0,0,0
1.5029999999999999,0,0,0
1.5035000000000001,0,0,0
1.504,0,0,0
1.5044999999999999,0,0,0
1.5049999999999999,0,0,0
1.5055000000000001,0,0,0
1.506,0,0,0
1.5065,0,0,0
1.5069999999999999,0,0,0
1.5075000000000001,0,0,0
1.508,0,0,0
1.5085,0,0,0
1.5089999999999999,0,0,0
1.5095000000000001,0,0,0
1.51,0,0,0
1.5105,0,0,0
1.5109999999999999,0,0,0
1.5115000000000001,0,0,0
1.512,0,0,0
1.5125,0,0,0
1.5129999999999999,0,0,0
1.5135000000000001,0,0,0
1.514,0,0,0
1.5145,0,0,0
1.5149999999999999,0,0,0
1.5155000000000001,0,0,0
1.516,0,0,0
1.5165,0,0,0
1.5169999999999999,0,0,0
1.5175000000000001,0,0,0
1.518,0,0,0
1.5185,0,0,0
1.5189999999999999,0,0,0
1.5195000000000001,0,0,0
1.52,0,0,0
1.5205,0,0,0
1.5209999999999999,0,0,0
1.5215000000000001,0,0,0
1.522,0,0,0
1.5225,0,0,0
1.5229999999999999,0,0,0
1.5235000000000001,0,0,0
1.524,0,0,0
1.5245,0,0,0
1.5249999999999999,0,0,0
1.5255000000000001,0,0,0
1.526,0,0,0
1.5265,0,0,0
1.5269999999999999,0,0,0
1.5275000000000001,0,0,0
1.528,0,0,0
1.5285,0,0,0
1.5289999999999999,0,0,0
1.5295000000000001,0,0,0
1.53,0,0,0
1.5305,0,0,0
1.5309999999999999,0,0,0
1.5315000000000001,0,0,0
1.532,0,0,0
1.5325,0,0,0
1.5329999999999999,0,0,0
1.5335000000000001,0,0,0
1.534,0,0,0
1.5345,0,0,0
1.5349999999999999,0,0,0
1.5355000000000001,0,0,0
1.536,0,0,0
1.5365,0,0,0
1.5369999999999999,0,0,0
1.5375000000000001,0,0,0
1.538,0,0,0
1.5385,0,0,0
1.5389999999999999,0,0,0
1.5395000000000001,0,0,0
1.54,0,0,0
1.5405,0,0,0
1.5409999999999999,0,0,0
1.5415000000000001,0,0,0
1.542,0,0,0
1.5425,0,0,0
1.5429999999999999,0,0,0
1.5435000000000001,0,0,0
1.544,0,0,0
1.5445,0,0,0
1.5449999999999999,0,0,0
1.5455000000000001,0,0,0
1.546,0,0,0
1.5465,0,0,0
1.5469999999999999,0,0,0
1.5475000000000001,0,0,0
1.548,0,0,0
1.5485,0,0,0
1.5489999999999999,0,0,0
1.5495000000000001,0,0,0
1.55,0,0,0
1.5505,0,0,0
1.5509999999999999,0,0,0
1.5515000000000001,0,0,0
1.552,0,0,0
1.5525,0,0,0
1.5529999999999999,0,0,0
1.5535000000000001,0,0,0
1.554,0,0,0
1.5545,0,0,0
1.5549999999999999,0,0,0
1.5555000000000001,0,0,0
1.556,0,0,0
1.5565,0,0,0
1.5569999999999999,0,0,0
1.5575000000000001,0,0,0
1.5580000000000001,0,0,0
1.5585,0,0,0
1.5589999999999999,0,0,0
1.5595000000000001,0,0,0
1.5600000000000001,0,0,0
1.5605,0,0,0
1.5609999999999999,0,0,0
1.5615000000000001,0,0,0
1.5620000000000001,0,0,0
1.5625,0,0,0
1.5629999999999999,0,0,0
1.5634999999999999,0,0,0
1.5640000000000001,0,0,0
1.5645,0,0,0
1.5649999999999999,0,0,0
1.5654999999999999,0,0,0
1.5660000000000001,0,0,0
1.5665,0,0,0
1.5669999999999999,0,0,0
1.5674999999999999,0,0,0
1.5680000000000001,0,0,0
1.5685,0,0,0
1.569,0,0,0
1.5694999999999999,0,0,0
1.5700000000000001,0,0,0
1.5705,0,0,0
1.571,0,0,0
1.5714999999999999,0,0,0
1.5720000000000001,0,0,0
1.5725,0,0,0
1.573,0,0,0
1.5734999999999999,0,0,0
1.5740000000000001,0,0,0
1.5745,0,0,0
1.575,0,0,0
1.5754999999999999,0,0,0
1.5760000000000001,0,0,0
1.5765,0,0,0
1.577,0,0,0
1.5774999999999999,0,0,0
1.5780000000000001,0,0,0
1.5785,0,0,0
1.579,0,0,0
1.5794999999999999,0,0,0
1.5800000000000001,0,0,0
1.5805,0,0,0
1.581,0,0,0
1.5814999999999999,0,0,0
1.5820000000000001,0,0,0
1.5825,0,0,0
1.583,0,0,0
1.5834999999999999,0,0,0
1.5840000000000001,0,0,0
1.5845,0,0,0
1.585,0,0,0
1.5854999999999999,0,0,0
1.5860000000000001,0,0,0
1.5865,0,0,0
1.587,0,0,0
1.5874999999999999,0,0,0
1.5880000000000001,0,0,0
1.5885,0,0,0
1.589,0,0,0
1.5894999999999999,0,0,0
1.5900000000000001,0,0,0
1.5905,0,0,0
1.591,0,0,0
1.5914999999999999,0,0,0
1.5920000000000001,0,0,0
1.5925,0,0,0
1.593,0,0,0
1.5934999999999999,0,0,0
1.5940000000000001,0,0,0
1.5945,0,0,0
1.595,0,0,0
1.5954999999999999,0,0,0
1.5960000000000001,0,0,0
1.5965,0,0,0
1.597,0,0,0
1.5974999999999999,0,0,0
1.5980000000000001,0,0,0
1.5985,0,0,0
1.599,0,0,0
1.5994999999999999,0,0,0
1.6000000000000001,0,0,0
1.6005,0,0,0
1.601,0,0,0
1.6014999999999999,0,0,0
1.6020000000000001,0,0,0
1.6025,0,0,0
1.603,0,0,0
1.6034999999999999,0,0,0
1.6040000000000001,0,0,0
1.6045,0,0,0
1.605,0,0,0
1.6054999999999999,0,0,0
1.6060000000000001,0,0,0
1.6065,0,0,0
1.607,0,0,0
1.6074999999999999,0,0,0
1.6080000000000001,0,0,0
1.6085,0,0,0
1.609,0,0,0
1.6094999999999999,0,0,0
1.6100000000000001,0,0,0
1.6105,0,0,0
1.611,0,0,0
1.6114999999999999,0,0,0
1.6120000000000001,0,0,0
1.6125,0,0,0
1.613,0,0,0
1.6134999999999999,0,0,0
1.6140000000000001,0,0,0
1.6145,0,0,0
1.615,0,0,0
1.6154999999999999,0,0,0
1.6160000000000001,0,0,0
1.6165,0,0,0
1.617,0,0,0
1.6174999999999999,0,0,0
1.6180000000000001,0,0,0
1.6185,0,0,0
1.619,0,0,0
1.6194999999999999,0,0,0
1.6200000000000001,0,0,0
1.6205000000000001,0,0,0
1.621,0,0,0
1.6214999999999999,0,0,0
1.6220000000000001,0,0,0
1.6225000000000001,0,0,0
1.623,0,0,0
1.6234999999999999,0,0,0
1.6240000000000001,0,0,0
1.6245000000000001,0,0,0
1.625,0,0,0
1.6254999999999999,0,0,0
1.6259999999999999,0,0,0
1.6265000000000001,0,0,0
1.627,0,0,0
1.6274999999999999,0,0,0
1.6279999999999999,0,0,0
1.6285000000000001,0,0,0
1.629,0,0,0
1.6294999999999999,0,0,0
1.6299999999999999,0,0,0
1.6305000000000001,0,0,0
1.631,0,0,0
1.6315,0,0,0
1.6319999999999999,0,0,0
1.6325000000000001,0,0,0
1.633,0,0,0
1.6335,0,0,0
1.6339999999999999,0,0,0
1.6345000000000001,0,0,0
1.635,0,0,0
1.6355,0,0,0
1.6359999999999999,0,0,0
1.6365000000000001,0,0,0
1.637,0,0,0
1.6375,0,0,0
1.6379999999999999,0,0,0
1.6385000000000001,0,0,0
1.639,0,0,0
1.6395,0,0,0
1.6399999999999999,0,0,0
1.6405000000000001,0,0,0
1.641,0,0,0
1.6415,0,0,0
1.6419999999999999,0,0,0
1.6425000000000001,0,0,0
1.643,0,0,0
1.6435,0,0,0
1.6439999999999999,0,0,0
1.6445000000000001,0,0,0
1.645,0,0,0
1.6455,0,0,0
1.6459999999999999,0,0,0
1.6465000000000001,0,0,0
1.647,0,0,0
1.6475,0,0,0
1.6479999999999999,0,0,0
1.6485000000000001,0,0,0
1.649,0,0,0
1.6495,0,0,0
1.6499999999999999,0,0,0
1.6505000000000001,0,0,0
1.651,0,0,0
1.6515,0,0,0
1.6519999999999999,0,0,0
1.6525000000000001,0,0,0
1.653,0,0,0
1.6535,0,0,0
1.6539999999999999,0,0,0
1.6545000000000001,0,0,0
1.655,0,0,0
1.6555,0,0,0
1.6559999999999999,0,0,0
1.6565000000000001,0,0,0
1.657,0,0,0
1.6575,0,0,0
1.6579999999999999,0,0,0
1.6585000000000001,0,0,0
1.659,0,0,0
1.6595,0,0,0
1.6599999999999999,0,0,0
1.6605000000000001,0,0,0
1.661,0,0,0
1.6615,0,0,0
1.6619999999999999,0,0,0
1.6625000000000001,0,0,0
1.663,0,0,0
1.6635,0,0,0
1.6639999999999999,0,0,0
1.6645000000000001,0,0,0
1.665,0,0,0
1.6655,0,0,0
1.6659999999999999,0,0,0
1.6665000000000001,0,0,0
1.667,0,0,0
1.6675,0,0,0
1.6679999999999999,0,0,0
1.6685000000000001,0,0,0
1.669,0,0,0
1.6695,0,0,0
1.6699999999999999,0,0,0
1.6705000000000001,0,0,0
1.671,0,0,0
1.6715,0,0,0
1.6719999999999999,0,0,0
1.6725000000000001,0,0,0
1.673,0,0,0
1.6735,0,0,0
1.6739999999999999,0,0,0
1.6745000000000001,0,0,0
1.675,0,0,0
1.6755,0,0,0
1.6759999999999999,0,0,0
1.6765000000000001,0,0,0
1.677,0,0,0
1.6775,0,0,0
1.6779999999999999,0,0,0
1.6785000000000001,0,0,0
1.679,0,0,0
1.6795,0,0,0
1.6799999999999999,0,0,0
1.6805000000000001,0,0,0
1.681,0,0,0
1.6815,0,0,0
1.6819999999999999,0,0,0
1.6825000000000001,0,0,0
1.6830000000000001,0,0,0
1.6835,0,0,0
1.6839999999999999,0,0,0
1.6845000000000001,0,0,0
1.6850000000000001,0,0,0
1.6855,0,0,0
1.6859999999999999,0,0,0
1.6865000000000001,0,0,0
1.6870000000000001,0,0,0
1.6875,0,0,0
1.6879999999999999,0,0,0
1.6884999999999999,0,0,0
1.6890000000000001,0,0,0
1.6895,0,0,0
1.6899999999999999,0,0,0
1.6904999999999999,0,0,0
1.6910000000000001,0,0,0
1.6915,0,0,0
1.6919999999999999,0,0,0
1.6924999999999999,0,0,0
1.6930000000000001,0,0,0
1.6935,0,0,0
1.694,0,0,0
1.6944999999999999,0,0,0
1.6950000000000001,0,0,0
1.6955,0,0,0
1.696,0,0,0
1.6964999999999999,0,0,0
1.6970000000000001,0,0,0
1.6975,0,0,0
1.698,0,0,0
1.6984999999999999,0,0,0
1.6990000000000001,0,0,0
1.6995,0,0,0
1.7,0,0,0
1.7004999999999999,0,0,0
1.7010000000000001,0,0,0
1.7015,0,0,0
1.702,0,0,0
1.7024999999999999,0,0,0
1.7030000000000001,0,0,0
1.7035,0,0,0
1.704,0,0,0
1.7044999999999999,0,0,0
1.7050000000000001,0,0,0
1.7055,0,0,0
1.706,0,0,0
1.7064999999999999,0,0,0
1.7070000000000001,0,0,0
1.7075,0,0,0
1.708,0,0,0
1.7084999999999999,0,0,0
1.7090000000000001,0,0,0
1.7095,0,0,0
1.71,0,0,0
1.7104999999999999,0,0,0
1.7110000000000001,0,0,0
1.7115,0,0,0
1.712,0,0,0
1.7124999999999999,0,0,0
1.7130000000000001,0,0,0
1.7135,0,0,0
1.714,0,0,0
1.7144999999999999,0,0,0
1.7150000000000001,0,0,0
1.7155,0,0,0
1.716,0,0,0
1.7164999999999999,0,0,0
1.7170000000000001,0,0,0
1.7175,0,0,0
1.718,0,0,0
1.7184999999999999,0,0,0
1.7190000000000001,0,0,0
1.7195,0,0,0
1.72,0,0,0
1.7204999999999999,0,0,0
1.7210000000000001,0,0,0
1.7215,0,0,0
1.722,0,0,0
1.7224999999999999,0,0,0
1.7230000000000001,0,0,0
1.7235,0,0,0
1.724,0,0,0
1.7244999999999999,0,0,0
1.7250000000000001,0,0,0
1.7255,0,0,0
1.726,0,0,0
1.7264999999999999,0,0,0
1.7270000000000001,0,0,0
1.7275,0,0,0
1.728,0,0,0
1.7284999999999999,0,0,0
1.7290000000000001,0,0,0
1.7295,0,0,0
1.73,0,0,0
1.7304999999999999,0,0,0
1.7310000000000001,0,0,0
1.7315,0,0,0
1.732,0,0,0
1.7324999999999999,0,0,0
1.7330000000000001,0,0,0
1.7335,0,0,0
1.734,0,0,0
1.7344999999999999,0,0,0
1.7350000000000001,0,0,0
1.7355,0,0,0
1.736,0,0,0
1.7364999999999999,0,0,0
1.7370000000000001,0,0,0
1.7375,0,0,0
1.738,0,0,0
1.7384999999999999,0,0,0
1.7390000000000001,0,0,0
1.7395,0,0,0
1.74,0,0,0
1.7404999999999999,0,0,0
1.7410000000000001,0,0,0
1.7415,0,0,0
1.742,0,0,0
1.7424999999999999,0,0,0
1.7430000000000001,0,0,0
1.7435,0,0,0
1.744,0,0,0
1.7444999999999999,0,0,0
1.7450000000000001,0,0,0
1.7455000000000001,0,0,0
1.746,0,0,0
1.7464999999999999,0,0,0
1.7470000000000001,0,0,0
1.7475000000000001,0,0,0
1.748,0,0,0
1.7484999999999999,0,0,0
1.7490000000000001,0,0,0
1.7495000000000001,0,0,0
1.75,0,0,0
1.7504999999999999,0,0,0
1.7509999999999999,0,0,0
1.7515000000000001,0,0,0
1.752,0,0,0
1.7524999999999999,0,0,0
1.7529999999999999,0,0,0
1.7535000000000001,0,0,0
1.754,0,0,0
1.7544999999999999,0,0,0
1.7549999999999999,0,0,0
1.7555000000000001,0,0,0
1.756,0,0,0
1.7565,0,0,0
1.7569999999999999,0,0,0
1.7575000000000001,0,0,0
1.758,0,0,0
1.7585,0,0,0
1.7589999999999999,0,0,0
1.7595000000000001,0,0,0
1.76,0,0,0
1.7605,0,0,0
1.7609999999999999,0,0,0
1.7615000000000001,0,0,0
1.762,0,0,0
1.7625,0,0,0
1.7629999999999999,0,0,0
1.7635000000000001,0,0,0
1.764,0,0,0
1.7645,0,0,0
1.7649999999999999,0,0,0
1.7655000000000001,0,0,0
1.766,0,0,0
1.7665,0,0,0
1.7669999999999999,0,0,0
1.7675000000000001,0,0,0
1.768,0,0,0
1.7685,0,0,0
1.7689999999999999,0,0,0
1.7695000000000001,0,0,0
1.77,0,0,0
1.7705,0,0,0
1.7709999999999999,0,0,0
1.7715000000000001,0,0,0
1.772,0,0,0
1.7725,0,0,0
1.7729999999999999,0,0,0
1.7735000000000001,0,0,0
1.774,0,0,0
1.7745,0,0,0
1.7749999999999999,0,0,0
1.7755000000000001,0,0,0
1.776,0,0,0
1.7765,0,0,0
1.7769999999999999,0,0,0
1.7775000000000001,0,0,0
1.778,0,0,0
1.7785,0,0,0
1.7789999999999999,0,0,0
1.7795000000000001,0,0,0
1.78,0,0,0
1.7805,0,0,0
1.7809999999999999,0,0,0
1.7815000000000001,0,0,0
1.782,0,0,0
1.7825,0,0,0
1.7829999999999999,0,0,0
1.7835000000000001,0,0,0
1.784,0,0,0
1.7845,0,0,0
1.7849999999999999,0,0,0
1.7855000000000001,0,0,0
1.786,0,0,0
1.7865,0,0,0
1.7869999999999999,0,0,0
1.7875000000000001,0,0,0
1.788,0,0,0
1.7885,0,0,0
1.7889999999999999,0,0,0
1.7895000000000001,0,0,0
1.79,0,0,0
1.7905,0,0,0
1.7909999999999999,0,0,0
1.7915000000000001,0,0,0
1.792,0,0,0
1.7925,0,0,0
1.7929999999999999,0,0,0
1.7935000000000001,0,0,0
1.794,0,0,0
1.7945,0,0,0
1.7949999999999999,0,0,0
1.7955000000000001,0,0,0
1.796,0,0,0
1.7965,0,0,0
1.7969999999999999,0,0,0
1.7975000000000001,0,0,0
1.798,0,0,0
1.7985,0,0,0
1.7989999999999999,0,0,0
1.7995000000000001,0,0,0
1.8,0,0,0
1.8005,0,0,0
1.8009999999999999,0,0,0
1.8015000000000001,0,0,0
1.802,0,0,0
1.8025,0,0,0
1.8029999999999999,0,0,0
1.8035000000000001,0,0,0
1.804,0,0,0
1.8045,0,0,0
1.8049999999999999,0,0,0
1.8055000000000001,0,0,0
1.806,0,0,0
1.8065,0,0,0
1.8069999999999999,0,0,0
1.8075000000000001,0,0,0
1.8080000000000001,0,0,0
1.8085,0,0,0
1.8089999999999999,0,0,0
1.8095000000000001,0,0,0
1.8100000000000001,0,0,0
1.8105,0,0,0
1.8109999999999999,0,0,0
1.8115000000000001,0,0,0
1.8120000000000001,0,0,0
1.8125,0,0,0
1.8129999999999999,0,0,0
1.8134999999999999,0,0,0
1.8140000000000001,0,0,0
1.8145,0,0,0
1.8149999999999999,0,0,0
1.8154999999999999,0,0,0
1.8160000000000001,0,0,0
1.8165,0,0,0
1.8169999999999999,0,0,0
1.8174999999999999,0,0,0
1.8180000000000001,0,0,0
1.8185,0,0,0
1.819,0,0,0
1.8194999999999999,0,0,0
1.8200000000000001,0,0,0
1.8205,0,0,0
1.821,0,0,0
1.8214999999999999,0,0,0
1.8220000000000001,0,0,0
1.8225,0,0,0
1.823,0,0,0
1.8234999999999999,0,0,0
1.8240000000000001,0,0,0
1.8245,0,0,0
1.825,0,0,0
1.8254999999999999,0,0,0
1.8260000000000001,0,0,0
1.8265,0,0,0
1.827,0,0,0
1.8274999999999999,0,0,0
1.8280000000000001,0,0,0
1.8285,0,0,0
1.829,0,0,0
1.8294999999999999,0,0,0
1.8300000000000001,0,0,0
1.8305,0,0,0
1.831,0,0,0
1.8314999999999999,0,0,0
1.8320000000000001,0,0,0
1.8325,0,0,0
1.833,0,0,0
1.8334999999999999,0,0,0
1.8340000000000001,0,0,0
1.8345,0,0,0
1.835,0,0,0
1.8354999999999999,0,0,0
1.8360000000000001,0,0,0
1.8365,0,0,0
1.837,0,0,0
1.8374999999999999,0,0,0
1.8380000000000001,0,0,0
1.8385,0,0,0
1.839,0,0,0
1.8394999999999999,0,0,0
1.8400000000000001,0,0,0
1.8405,0,0,0
1.841,0,0,0
1.8414999999999999,0,0,0
1.8420000000000001,0,0,0
1.8425,0,0,0
1.843,0,0,0
1.8434999999999999,0,0,0
1.8440000000000001,0,0,0
1.8445,0,0,0
1.845,0,0,0
1.8454999999999999,0,0,0
1.8460000000000001,0,0,0
1.8465,0,0,0
1.847,0,0,0
1.8474999999999999,0,0,0
1.8480000000000001,0,0,0
1.8485,0,0,0
1.849,0,0,0
1.8494999999999999,0,0,0
1.8500000000000001,0,0,0
1.8505,0,0,0
1.851,0,0,0
1.8514999999999999,0,0,0
1.8520000000000001,0,0,0
1.8525,0,0,0
1.853,0,0,0
1.8534999999999999,0,0,0
1.8540000000000001,0,0,0
1.8545,0,0,0
1.855,0,0,0
1.8554999999999999,0,0,0
1.8560000000000001,0,0,0
1.8565,0,0,0
1.857,0,0,0
1.8574999999999999,0,0,0
1.8580000000000001,0,0,0
1.8585,0,0,0
1.859,0,0,0
1.8594999999999999,0,0,0
1.8600000000000001,0,0,0
1.8605,0,0,0
1.861,0,0,0
1.8614999999999999,0,0,0
1.8620000000000001,0,0,0
1.8625,0,0,0
1.863,0,0,0
1.8634999999999999,0,0,0
1.8640000000000001,0,0,0
1.8645,0,0,0
1.865,0,0,0
1.8654999999999999,0,0,0
1.8660000000000001,0,0,0
1.8665,0,0,0
1.867,0,0,0
1.8674999999999999,0,0,0
1.8680000000000001,0,0,0
1.8685,0,0,0
1.869,0,0,0
1.8694999999999999,0,0,0
1.8700000000000001,0,0,0
1.8705000000000001,0,0,0
1.871,0,0,0
1.8714999999999999,0,0,0
1.8720000000000001,0,0,0
1.8725000000000001,0,0,0
1.873,0,0,0
1.8734999999999999,0,0,0
1.8740000000000001,0,0,0
1.8745000000000001,0,0,0
1.875,0,0,0
1.8754999999999999,0,0,0
1.8759999999999999,0,0,0
1.8765000000000001,0,0,0
1.877,0,0,0
1.8774999999999999,0,0,0
1.8779999999999999,0,0,0
1.8785000000000001,0,0,0
1.879,0,0,0
1.8794999999999999,0,0,0
1.8799999999999999,0,0,0
1.8805000000000001,0,0,0
1.881,0,0,0
1.8815,0,0,0
1.8819999999999999,0,0,0
1.8825000000000001,0,0,0
1.883,0,0,0
1.8835,0,0,0
1.8839999999999999,0,0,0
1.8845000000000001,0,0,0
1.885,0,0,0
1.8855,0,0,0
1.8859999999999999,0,0,0
1.8865000000000001,0,0,0
1.887,0,0,0
1.8875,0,0,0
1.8879999999999999,0,0,0
1.8885000000000001,0,0,0
1.889,0,0,0
1.8895,0,0,0
1.8899999999999999,0,0,0
1.8905000000000001,0,0,0
1.891,0,0,0
1.8915,0,0,0
1.8919999999999999,0,0,0
1.8925000000000001,0,0,0
1.893,0,0,0
1.8935,0,0,0
1.8939999999999999,0,0,0
1.8945000000000001,0,0,0
1.895,0,0,0
1.8955,0,0,0
1.8959999999999999,0,0,0
1.8965000000000001,0,0,0
1.897,0,0,0
1.8975,0,0,0
1.8979999999999999,0,0,0
1.8985000000000001,0,0,0
1.899,0,0,0
1.8995,0,0,0
1.8999999999999999,0,0,0
1.9005000000000001,0,0,0
1.901,0,0,0
1.9015,0,0,0
1.9019999999999999,0,0,0
1.9025000000000001,0,0,0
1.903,0,0,0
1.9035,0,0,0
1.9039999999999999,0,0,0
1.9045000000000001,0,0,0
1.905,0,0,0
1.9055,0,0,0
1.9059999999999999,0,0,0
1.9065000000000001,0,0,0
1.907,0,0,0
1.9075,0,0,0
1.9079999999999999,0,0,0
1.9085000000000001,0,0,0
1.909,0,0,0
1.9095,0,0,0
1.9099999999999999,0,0,0
1.9105000000000001,0,0,0
1.911,0,0,0
1.9115,0,0,0
1.9119999999999999,0,0,0
1.9125000000000001,0,0,0
1.913,0,0,0
1.9135,0,0,0
1.9139999999999999,0,0,0
1.9145000000000001,0,0,0
1.915,0,0,0
1.9155,0,0,0
1.9159999999999999,0,0,0
1.9165000000000001,0,0,0
1.917,0,0,0
1.9175,0,0,0
1.9179999999999999,0,0,0
1.9185000000000001,0,0,0
1.919,0,0,0
1.9195,0,0,0
1.9199999999999999,0,0,0
1.9205000000000001,0,0,0
1.921,0,0,0
1.9215,0,0,0
1.9219999999999999,0,0,0
1.9225000000000001,0,0,0
1.923,0,0,0
1.9235,0,0,0
1.9239999999999999,0,0,0
1.9245000000000001,0,0,0
1.925,0,0,0
1.9255,0,0,0
1.9259999999999999,0,0,0
1.9265000000000001,0,0,0
1.927,0,0,0
1.9275,0,0,0
1.9279999999999999,0,0,0
1.9285000000000001,0,0,0
1.929,0,0,0
1.9295,0,0,0
1.9299999999999999,0,0,0
1.9305000000000001,0,0,0
1.931,0,0,0
1.9315,0,0,0
1.9319999999999999,0,0,0
1.9325000000000001,0,0,0
1.9330000000000001,0,0,0
1.9335,0,0,0
1.9339999999999999,0,0,0
1.9345000000000001,0,0,0
1.9350000000000001,0,0,0
1.9355,0,0,0
1.9359999999999999,0,0,0
1.9365000000000001,0,0,0
1.9370000000000001,0,0,0
1.9375,0,0,0
1.9379999999999999,0,0,0
1.9384999999999999,0,0,0
1.9390000000000001,0,0,0
1.9395,0,0,0
1.9399999999999999,0,0,0
1.9404999999999999,0,0,0
1.9410000000000001,0,0,0
1.9415,0,0,0
1.9419999999999999,0,0,0
1.9424999999999999,0,0,0
1.9430000000000001,0,0,0
1.9435,0,0,0
1.944,0,0,0
1.9444999999999999,0,0,0
1.9450000000000001,0,0,0
1.9455,0,0,0
1.946,0,0,0
1.9464999999999999,0,0,0
1.9470000000000001,0,0,0
1.9475,0,0,0
1.948,0,0,0
1.9484999999999999,0,0,0
1.9490000000000001,0,0,0
1.9495,0,0,0
1.95,0,0,0
1.9504999999999999,0,0,0
1.9510000000000001,0,0,0
1.9515,0,0,0
1.952,0,0,0
1.9524999999999999,0,0,0
1.9530000000000001,0,0,0
1.9535,0,0,0
1.954,0,0,0
1.9544999999999999,0,0,0
1.9550000000000001,0,0,0
1.9555,0,0,0
1.956,0,0,0
1.9564999999999999,0,0,0
1.9570000000000001,0,0,0
1.9575,0,0,0
1.958,0,0,0
1.9584999999999999,0,0,0
1.9590000000000001,0,0,0
1.9595,0,0,0
1.96,0,0,0
1.9604999999999999,0,0,0
1.9610000000000001,0,0,0
1.9615,0,0,0
1.962,0,0,0
1.9624999999999999,0,0,0
1.9630000000000001,0,0,0
1.9635,0,0,0
1.964,0,0,0
1.9644999999999999,0,0,0
1.9650000000000001,0,0,0
1.9655,0,0,0
1.966,0,0,0
1.9664999999999999,0,0,0
1.9670000000000001,0,0,0
1.9675,0,0,0
1.968,0,0,0
1.9684999999999999,0,0,0
1.9690000000000001,0,0,0
1.9695,0,0,0
1.97,0,0,0
1.9704999999999999,0,0,0
1.9710000000000001,0,0,0
1.9715,0,0,0
1.972,0,0,0
1.9724999999999999,0,0,0
1.9730000000000001,0,0,0
1.9735,0,0,0
1.974,0,0,0
1.9744999999999999,0,0,0
1.9750000000000001,0,0,0
1.9755,0,0,0
1.976,0,0,0
1.9764999999999999,0,0,0
1.9770000000000001,0,0,0
1.9775,0,0,0
1.978,0,0,0
1.9784999999999999,0,0,0
1.9790000000000001,0,0,0
1.9795,0,0,0
1.98,0,0,0
1.9804999999999999,0,0,0
1.9810000000000001,0,0,0
1.9815,0,0,0
1.982,0,0,0
1.9824999999999999,0,0,0
1.9830000000000001,0,0,0
1.9835,0,0,0
1.984,0,0,0
1.9844999999999999,0,0,0
1.9850000000000001,0,0,0
1.9855,0,0,0
1.986,0,0,0
1.9864999999999999,0,0,0
1.9870000000000001,0,0,0
1.9875,0,0,0
1.988,0,0,0
1.9884999999999999,0,0,0
1.9890000000000001,0,0,0
1.9895,0,0,0
1.99,0,0,0
1.9904999999999999,0,0,0
1.9910000000000001,0,0,0
1.9915,0,0,0
1.992,0,0,0
1.9924999999999999,0,0,0
1.9930000000000001,0,0,0
1.9935,0,0,0
1.994,0,0,0
1.9944999999999999,0,0,0
1.9950000000000001,0,0,0
1.9955000000000001,0,0,0
1.996,0,0,0
1.9964999999999999,0,0,0
1.9970000000000001,0,0,0
1.9975000000000001,0,0,0
1.998,0,0,0
1.9984999999999999,0,0,0
1.9990000000000001,0,0,0
1.9995000000000001,0,0,0
2,0,0,0
2.0005000000000002,0,0,0
2.0009999999999999,0,0,0
2.0015000000000001,0,0,0
2.0019999999999998,0,0,0
2.0024999999999999,0,0,0
2.0030000000000001,0,0,0
2.0034999999999998,0,0,0
2.004,0,0,0
2.0045000000000002,0,0,0
2.0049999999999999,0,0,0
2.0055000000000001,0,0,0
2.0059999999999998,0,0,0
2.0065,0,0,0
2.0070000000000001,0,0,0
2.0074999999999998,0,0,0
2.008,0,0,0
2.0085000000000002,0,0,0
2.0089999999999999,0,0,0
2.0095000000000001,0,0,0
2.0099999999999998,0,0,0
2.0105,0,0,0
2.0110000000000001,0,0,0
2.0114999999999998,0,0,0
2.012,0,0,0
2.0125000000000002,0,0,0
2.0129999999999999,0,0,0
2.0135000000000001,0,0,0
2.0139999999999998,0,0,0
2.0145,0,0,0
2.0150000000000001,0,0,0
2.0154999999999998,0,0,0
2.016,0,0,0
2.0165000000000002,0,0,0
2.0169999999999999,0,0,0
2.0175000000000001,0,0,0
2.0179999999999998,0,0,0
2.0185,0,0,0
2.0190000000000001,0,0,0
2.0194999999999999,0,0,0
2.02,0,0,0
2.0205000000000002,0,0,0
2.0209999999999999,0,0,0
2.0215000000000001,0,0,0
2.0219999999999998,0,0,0
2.0225,0,0,0
2.0230000000000001,0,0,0
2.0234999999999999,0,0,0
2.024,0,0,0
2.0245000000000002,0,0,0
2.0249999999999999,0,0,0
2.0255000000000001,0,0,0
2.0259999999999998,0,0,0
2.0265,0,0,0
2.0270000000000001,0,0,0
2.0274999999999999,0,0,0
2.028,0,0,0
2.0285000000000002,0,0,0
2.0289999999999999,0,0,0
2.0295000000000001,0,0,0
2.0299999999999998,0,0,0
2.0305,0,0,0
2.0310000000000001,0,0,0
2.0314999999999999,0,0,0
2.032,0,0,0
2.0325000000000002,0,0,0
2.0329999999999999,0,0,0
2.0335000000000001,0,0,0
2.0339999999999998,0,0,0
2.0345,0,0,0
2.0350000000000001,0,0,0
2.0354999999999999,0,0,0
2.036,0,0,0
2.0365000000000002,0,0,0
2.0369999999999999,0,0,0
2.0375000000000001,0,0,0
2.0379999999999998,0,0,0
2.0385,0,0,0
2.0390000000000001,0,0,0
2.0394999999999999,0,0,0
2.04,0,0,0
2.0405000000000002,0,0,0
2.0409999999999999,0,0,0
2.0415000000000001,0,0,0
2.0419999999999998,0,0,0
2.0425,0,0,0
2.0430000000000001,0,0,0
2.0434999999999999,0,0,0
2.044,0,0,0
2.0445000000000002,0,0,0
2.0449999999999999,0,0,0
2.0455000000000001,0,0,0
2.0459999999999998,0,0,0
2.0465,0,0,0
2.0470000000000002,0,0,0
2.0474999999999999,0,0,0
2.048,0,0,0
2.0485000000000002,0,0,0
2.0489999999999999,0,0,0
2.0495000000000001,0,0,0
2.0499999999999998,0,0,0
2.0505,0,0,0
2.0510000000000002,0,0,0
2.0514999999999999,0,0,0
2.052,0,0,0
2.0525000000000002,0,0,0
2.0529999999999999,0,0,0
2.0535000000000001,0,0,0
2.0539999999999998,0,0,0
2.0545,0,0,0
2.0550000000000002,0,0,0
2.0554999999999999,0,0,0
2.056,0,0,0
2.0565000000000002,0,0,0
2.0569999999999999,0,0,0
2.0575000000000001,0,0,0
2.0579999999999998,0,0,0
2.0585,0,0,0
2.0590000000000002,0,0,0
2.0594999999999999,0,0,0
2.0600000000000001,0,0,0
2.0605000000000002,0,0,0
2.0609999999999999,0,0,0
2.0615000000000001,0,0,0
2.0619999999999998,0,0,0
2.0625,0,0,0
2.0630000000000002,0,0,0
2.0634999999999999,0,0,0
2.0640000000000001,0,0,0
2.0644999999999998,0,0,0
2.0649999999999999,0,0,0
2.0655000000000001,0,0,0
2.0659999999999998,0,0,0
2.0665,0,0,0
2.0670000000000002,0,0,0
2.0674999999999999,0,0,0
2.0680000000000001,0,0,0
2.0684999999999998,0,0,0
2.069,0,0,0
2.0695000000000001,0,0,0
2.0699999999999998,0,0,0
2.0705,0,0,0
2.0710000000000002,0,0,0
2.0714999999999999,0,0,0
2.0720000000000001,0,0,0
2.0724999999999998,0,0,0
2.073,0,0,0
2.0735000000000001,0,0,0
2.0739999999999998,0,0,0
2.0745,0,0,0
2.0750000000000002,0,0,0
2.0754999999999999,0,0,0
2.0760000000000001,0,0,0
2.0764999999999998,0,0,0
2.077,0,0,0
2.0775000000000001,0,0,0
2.0779999999999998,0,0,0
2.0785,0,0,0
2.0790000000000002,0,0,0
2.0794999999999999,0,0,0
2.0800000000000001,0,0,0
2.0804999999999998,0,0,0
2.081,0,0,0
2.0815000000000001,0,0,0
2.0819999999999999,0,0,0
2.0825,0,0,0
2.0830000000000002,0,0,0
2.0834999999999999,0,0,0
2.0840000000000001,0,0,0
2.0844999999999998,0,0,0
2.085,0,0,0
2.0855000000000001,0,0,0
2.0859999999999999,0,0,0
2.0865,0,0,0
2.0870000000000002,0,0,0
2.0874999999999999,0,0,0
2.0880000000000001,0,0,0
2.0884999999999998,0,0,0
2.089,0,0,0
2.0895000000000001,0,0,0
2.0899999999999999,0,0,0
2.0905,0,0,0
2.0910000000000002,0,0,0
2.0914999999999999,0,0,0
2.0920000000000001,0,0,0
2.0924999999999998,0,0,0
2.093,0,0,0
2.0935000000000001,0,0,0
2.0939999999999999,0,0,0
2.0945,0,0,0
2.0950000000000002,0,0,0
2.0954999999999999,0,0,0
2.0960000000000001,0,0,0
2.0964999999999998,0,0,0
2.097,0,0,0
2.0975000000000001,0,0,0
2.0979999999999999,0,0,0
2.0985,0,0,0
2.0990000000000002,0,0,0
2.0994999999999999,0,0,0
2.1000000000000001,0,0,0
2.1004999999999998,0,0,0
2.101,0,0,0
2.1015000000000001,0,0,0
2.1019999999999999,0,0,0
2.1025,0,0,0
2.1030000000000002,0,0,0
2.1034999999999999,0,0,0
2.1040000000000001,0,0,0
2.1044999999999998,0,0,0
2.105,0,0,0
2.1055000000000001,0,0,0
2.1059999999999999,0,0,0
2.1065,0,0,0
2.1070000000000002,0,0,0
2.1074999999999999,0,0,0
2.1080000000000001,0,0,0
2.1084999999999998,0,0,0
2.109,0,0,0
2.1095000000000002,0,0,0
2.1099999999999999,0,0,0
2.1105,0,0,0
2.1110000000000002,0,0,0
2.1114999999999999,0,0,0
2.1120000000000001,0,0,0
2.1124999999999998,0,0,0
2.113,0,0,0
2.1135000000000002,0,0,0
2.1139999999999999,0,0,0
2.1145,0,0,0
2.1150000000000002,0,0,0
2.1154999999999999,0,0,0
2.1160000000000001,0,0,0
2.1164999999999998,0,0,0
2.117,0,0,0
2.1175000000000002,0,0,0
2.1179999999999999,0,0,0
2.1185,0,0,0
2.1190000000000002,0,0,0
2.1194999999999999,0,0,0
2.1200000000000001,0,0,0
2.1204999999999998,0,0,0
2.121,0,0,0
2.1215000000000002,0,0,0
2.1219999999999999,0,0,0
2.1225000000000001,0,0,0
2.1230000000000002,0,0,0
2.1234999999999999,0,0,0
2.1240000000000001,0,0,0
2.1244999999999998,0,0,0
2.125,0,0,0
2.1255000000000002,0,0,0
2.1259999999999999,0,0,0
2.1265000000000001,0,0,0
2.1269999999999998,0,0,0
2.1274999999999999,0,0,0
2.1280000000000001,0,0,0
2.1284999999999998,0,0,0
2.129,0,0,0
2.1295000000000002,0,0,0
2.1299999999999999,0,0,0
2.1305000000000001,0,0,0
2.1309999999999998,0,0,0
2.1315,0,0,0
2.1320000000000001,0,0,0
2.1324999999999998,0,0,0
2.133,0,0,0
2.1335000000000002,0,0,0
2.1339999999999999,0,0,0
2.1345000000000001,0,0,0
2.1349999999999998,0,0,0
2.1355,0,0,0
2.1360000000000001,0,0,0
2.1364999999999998,0,0,0
2.137,0,0,0
2.1375000000000002,0,0,0
2.1379999999999999,0,0,0
2.1385000000000001,0,0,0
2.1389999999999998,0,0,0
2.1395,0,0,0
2.1400000000000001,0,0,0
2.1404999999999998,0,0,0
2.141,0,0,0
2.1415000000000002,0,0,0
2.1419999999999999,0,0,0
2.1425000000000001,0,0,0
2.1429999999999998,0,0,0
2.1435,0,0,0
2.1440000000000001,0,0,0
2.1444999999999999,0,0,0
2.145,0,0,0
2.1455000000000002,0,0,0
2.1459999999999999,0,0,0
2.1465000000000001,0,0,0
2.1469999999999998,0,0,0
2.1475,0,0,0
2.1480000000000001,0,0,0
2.1484999999999999,0,0,0
2.149,0,0,0
2.1495000000000002,0,0,0
2.1499999999999999,0,0,0
2.1505000000000001,0,0,0
2.1509999999999998,0,0,0
2.1515,0,0,0
2.1520000000000001,0,0,0
2.1524999999999999,0,0,0
2.153,0,0,0
2.1535000000000002,0,0,0
2.1539999999999999,0,0,0
2.1545000000000001,0,0,0
2.1549999999999998,0,0,0
2.1555,0,0,0
2.1560000000000001,0,0,0
2.1564999999999999,0,0,0
2.157,0,0,0
2.1575000000000002,0,0,0
2.1579999999999999,0,0,0
2.1585000000000001,0,0,0
2.1589999999999998,0,0,0
2.1595,0,0,0
2.1600000000000001,0,0,0
2.1604999999999999,0,0,0
2.161,0,0,0
2.1615000000000002,0,0,0
2.1619999999999999,0,0,0
2.1625000000000001,0,0,0
2.1629999999999998,0,0,0
2.1635,0,0,0
2.1640000000000001,0,0,0
2.1644999999999999,0,0,0
2.165,0,0,0
2.1655000000000002,0,0,0
2.1659999999999999,0,0,0
2.1665000000000001,0,0,0
2.1669999999999998,0,0,0
2.1675,0,0,0
2.1680000000000001,0,0,0
2.1684999999999999,0,0,0
2.169,0,0,0
2.1695000000000002,0,0,0
2.1699999999999999,0,0,0
2.1705000000000001,0,0,0
2.1709999999999998,0,0,0
2.1715,0,0,0
2.1720000000000002,0,0,0
2.1724999999999999,0,0,0
2.173,0,0,0
2.1735000000000002,0,0,0
2.1739999999999999,0,0,0
2.1745000000000001,0,0,0
2.1749999999999998,0,0,0
2.1755,0,0,0
2.1760000000000002,0,0,0
2.1764999999999999,0,0,0
2.177,0,0,0
2.1775000000000002,0,0,0
2.1779999999999999,0,0,0
2.1785000000000001,0,0,0
2.1789999999999998,0,0,0
2.1795,0,0,0
2.1800000000000002,0,0,0
2.1804999999999999,0,0,0
2.181,0,0,0
2.1815000000000002,0,0,0
2.1819999999999999,0,0,0
2.1825000000000001,0,0,0
2.1829999999999998,0,0,0
2.1835,0,0,0
2.1840000000000002,0,0,0
2.1844999999999999,0,0,0
2.1850000000000001,0,0,0
2.1855000000000002,0,0,0
2.1859999999999999,0,0,0
2.1865000000000001,0,0,0
2.1869999999999998,0,0,0
2.1875,0,0,0
2.1880000000000002,0,0,0
2.1884999999999999,0,0,0
2.1890000000000001,0,0,0
2.1894999999999998,0,0,0
2.1899999999999999,0,0,0
2.1905000000000001,0,0,0
2.1909999999999998,0,0,0
2.1915,0,0,0
2.1920000000000002,0,0,0
2.1924999999999999,0,0,0
2.1930000000000001,0,0,0
2.1934999999999998,0,0,0
2.194,0,0,0
2.1945000000000001,0,0,0
2.1949999999999998,0,0,0
2.1955,0,0,0
2.1960000000000002,0,0,0
2.1964999999999999,0,0,0
2.1970000000000001,0,0,0
2.1974999999999998,0,0,0
2.198,0,0,0
2.1985000000000001,0,0,0
2.1989999999999998,0,0,0
2.1995,0,0,0
2.2000000000000002,0,0,0
2.2004999999999999,0,0,0
2.2010000000000001,0,0,0
2.2014999999999998,0,0,0
2.202,0,0,0
2.2025000000000001,0,0,0
2.2029999999999998,0,0,0
2.2035,0,0,0
2.2040000000000002,0,0,0
2.2044999999999999,0,0,0
2.2050000000000001,0,0,0
2.2054999999999998,0,0,0
2.206,0,0,0
2.2065000000000001,0,0,0
2.2069999999999999,0,0,0
2.2075,0,0,0
2.2080000000000002,0,0,0
2.2084999999999999,0,0,0
2.2090000000000001,0,0,0
2.2094999999999998,0,0,0
2.21,0,0,0
2.2105000000000001,0,0,0
2.2109999999999999,0,0,0
2.2115,0,0,0
2.2120000000000002,0,1,0
2.2124999999999999,0,1,0
2.2130000000000001,0,0,0
2.2134999999999998,0,0,0
2.214,0,0,0
2.2145000000000001,0,0,0
2.2149999999999999,0,0,0
2.2155,0,0,0
2.2160000000000002,0,0,0
2.2164999999999999,0,0,0
2.2170000000000001,0,0,0
2.2174999999999998,0,0,0
2.218,0,0,0
2.2185000000000001,0,0,0
2.2189999999999999,0,0,0
2.2195,0,0,0
2.2200000000000002,0,0,0
2.2204999999999999,0,0,0
2.2210000000000001,0,0,0
2.2214999999999998,0,0,0
2.222,0,0,0
2.2225000000000001,0,0,0
2.2229999999999999,0,0,0
2.2235,0,0,0
2.2240000000000002,0,0,0
2.2244999999999999,0,0,0
2.2250000000000001,0,0,0
2.2254999999999998,0,0,0
2.226,0,0,0
2.2265000000000001,0,0,0
2.2269999999999999,0,0,0
2.2275,0,0,0
2.2280000000000002,0,0,0
2.2284999999999999,0,0,0
2.2290000000000001,0,0,0
2.2294999999999998,0,0,0
2.23,0,0,0
2.2305000000000001,0,0,0
2.2309999999999999,0,0,0
2.2315,0,0,0
2.2320000000000002,0,0,0
2.2324999999999999,0,0,0
2.2330000000000001,0,0,0
2.2334999999999998,0,0,0
2.234,0,0,0
2.2345000000000002,0,0,0
2.2349999999999999,0,0,0
2.2355,0,0,0
2.2360000000000002,0,0,0
2.2364999999999999,0,0,0
2.2370000000000001,0,0,0
2.2374999999999998,0,0,0
2.238,0,0,0
2.2385000000000002,0,0,0
2.2389999999999999,0,0,0
2.2395,0,0,0
2.2400000000000002,0,0,0
2.2404999999999999,0,0,0
2.2410000000000001,0,0,0
2.2414999999999998,0,0,0
2.242,0,0,0
2.2425000000000002,0,0,0
2.2429999999999999,0,0,0
2.2435,0,0,0
2.2440000000000002,0,0,0
2.2444999999999999,0,0,0
2.2450000000000001,0,0,0
2.2454999999999998,0,0,0
2.246,0,0,0
2.2465000000000002,0,0,0
2.2469999999999999,0,0,0
2.2475000000000001,0,0,0
2.2480000000000002,0,0,0
2.2484999999999999,0,0,0
2.2490000000000001,0,0,0
2.2494999999999998,0,0,0
2.25,0,0,0
2.2505000000000002,0,0,0
2.2509999999999999,0,0,0
2.2515000000000001,0,0,0
2.2519999999999998,0,0,0
2.2524999999999999,0,0,0
2.2530000000000001,0,0,0
2.2534999999999998,0,0,0
2.254,0,0,0
2.2545000000000002,0,0,0
2.2549999999999999,0,0,0
2.2555000000000001,0,0,0
2.2559999999999998,0,0,0
2.2565,0,0,0
2.2570000000000001,0,0,0
2.2574999999999998,0,0,0
2.258,0,0,0
2.2585000000000002,0,0,0
2.2589999999999999,0,0,0
2.2595000000000001,0,0,0
2.2599999999999998,0,0,0
2.2605,0,0,0
2.2610000000000001,0,0,0
2.2614999999999998,0,0,0
2.262,0,0,0
2.2625000000000002,0,0,0
2.2629999999999999,0,0,0
2.2635000000000001,0,0,0
2.2639999999999998,0,0,0
2.2645,0,0,0
2.2650000000000001,0,0,0
2.2654999999999998,0,0,0
2.266,0,0,0
2.2665000000000002,0,0,0
2.2669999999999999,0,0,0
2.2675000000000001,0,0,0
2.2679999999999998,0,0,0
2.2685,0,0,0
2.2690000000000001,0,0,0
2.2694999999999999,0,0,0
2.27,0,0,0
2.2705000000000002,0,0,0
2.2709999999999999,0,0,0
2.2715000000000001,0,0,0
2.2719999999999998,0,0,0
2.2725,0,0,0
2.2730000000000001,0,0,0
2.2734999999999999,0,0,0
2.274,0,0,0
2.2745000000000002,0,0,0
2.2749999999999999,0,0,0
2.2755000000000001,0,0,0
2.2759999999999998,0,0,0
2.2765,0,0,0
2.2770000000000001,0,0,0
2.2774999999999999,0,0,0
2.278,0,0,0
2.2785000000000002,0,0,0
2.2789999999999999,0,0,0
2.2795000000000001,0,0,0
2.2799999999999998,0,0,0
2.2805,0,0,0
2.2810000000000001,0,0,0
2.2814999999999999,0,0,0
2.282,0,0,0
2.2825000000000002,1,0,0
2.2829999999999999,1,0,0
2.2835000000000001,0,0,0
2.2839999999999998,0,0,0
2.2845,0,0,0
2.2850000000000001,0,0,0
2.2854999999999999,0,0,0
2.286,0,0,0
2.2865000000000002,0,0,0
2.2869999999999999,0,0,0
2.2875000000000001,0,0,0
2.2879999999999998,0,0,0
2.2885,0,0,0
2.2890000000000001,0,0,0
2.2894999999999999,0,0,0
2.29,0,0,0
2.2905000000000002,0,0,0
2.2909999999999999,0,0,0
2.2915000000000001,0,0,0
2.2919999999999998,0,0,0
2.2925,0,0,0
2.2930000000000001,0,0,0
2.2934999999999999,0,0,0
2.294,0,0,0
2.2945000000000002,0,0,0
2.2949999999999999,0,0,0
2.2955000000000001,0,0,0
2.2959999999999998,0,0,0
2.2965,0,0,0
2.2970000000000002,0,0,0
2.2974999999999999,0,0,0
2.298,0,0,0
2.2985000000000002,0,0,0
2.2989999999999999,0,0,0
2.2995000000000001,0,0,0
2.2999999999999998,0,0,0
2.3005,0,0,0
2.3010000000000002,0,0,0
2.3014999999999999,0,0,0
2.302,0,0,0
2.3025000000000002,0,0,0
2.3029999999999999,1,0,0
2.3035000000000001,1,0,0
2.3039999999999998,0,0,0
2.3045,0,0,0
2.3050000000000002,0,0,0
2.3054999999999999,0,0,0
2.306,0,0,0
2.3065000000000002,0,0,0
2.3069999999999999,0,0,0
2.3075000000000001,0,0,0
2.3079999999999998,0,0,0
2.3085,0,0,0
2.3090000000000002,0,0,0
2.3094999999999999,0,0,0
2.3100000000000001,0,0,0
2.3105000000000002,0,0,0
2.3109999999999999,0,0,0
2.3115000000000001,0,0,0
2.3119999999999998,0,0,0
2.3125,0,0,0
2.3130000000000002,0,0,0
2.3134999999999999,0,0,0
2.3140000000000001,0,0,0
2.3144999999999998,0,0,0
2.3149999999999999,0,0,0
2.3155000000000001,0,0,0
2.3159999999999998,0,0,0
2.3165,0,0,0
2.3170000000000002,0,0,0
2.3174999999999999,0,0,0
2.3180000000000001,1,0,0
2.3184999999999998,1,0,0
2.319,0,0,0
2.3195000000000001,0,0,0
2.3199999999999998,0,0,0
2.3205,0,0,0
2.3210000000000002,0,0,0
2.3214999999999999,0,0,0
2.3220000000000001,0,0,0
2.3224999999999998,0,0,0
2.323,0,0,0
2.3235000000000001,0,0,0
2.3239999999999998,0,0,0
2.3245,0,0,0
2.3250000000000002,0,0,0
2.3254999999999999,0,0,0
2.3260000000000001,0,0,0
2.3264999999999998,0,0,0
2.327,0,0,0
2.3275000000000001,0,0,0
2.3279999999999998,0,0,0
2.3285,0,0,0
2.3290000000000002,0,0,0
2.3294999999999999,0,0,0
2.3300000000000001,0,0,0
2.3304999999999998,0,0,0
2.331,0,0,0
2.3315000000000001,0,0,0
2.3319999999999999,0,0,0
2.3325,0,0,0
2.3330000000000002,0,0,0
2.3334999999999999,0,0,0
2.3340000000000001,0,0,0
2.3344999999999998,0,0,0
2.335,0,0,0
2.3355000000000001,0,0,0
2.3359999999999999,0,0,0
2.3365,0,0,0
2.3370000000000002,1,0,0
2.3374999999999999,1,0,0
2.3380000000000001,0,0,0
2.3384999999999998,0,0,0
2.339,0,0,0
2.3395000000000001,0,0,0
2.3399999999999999,0,0,0
2.3405,0,0,0
2.3410000000000002,0,0,0
2.3414999999999999,0,0,0
2.3420000000000001,0,0,0
2.3424999999999998,0,0,0
2.343,0,0,0
2.3435000000000001,0,0,0
2.3439999999999999,0,0,0
2.3445,0,0,0
2.3450000000000002,0,0,0
2.3454999999999999,0,0,0
2.3460000000000001,0,0,0
2.3464999999999998,0,0,0
2.347,0,0,0
2.3475000000000001,0,0,0
2.3479999999999999,0,0,0
2.3485,0,0,0
2.3490000000000002,0,0,0
2.3494999999999999,0,0,0
2.3500000000000001,0,0,0
2.3504999999999998,0,0,0
2.351,0,0,0
2.3515000000000001,0,0,0
2.3519999999999999,0,0,0
2.3525,0,0,0
2.3530000000000002,0,0,0
2.3534999999999999,0,0,0
2.3540000000000001,0,0,0
2.3544999999999998,0,0,0
2.355,0,0,0
2.3555000000000001,0,0,0
2.3559999999999999,0,0,0
2.3565,0,0,0
2.3570000000000002,0,0,0
2.3574999999999999,0,0,0
2.3580000000000001,0,0,0
2.3584999999999998,0,0,0
2.359,0,0,0
2.3595000000000002,0,0,0
2.3599999999999999,0,0,0
2.3605,0,0,0
2.3610000000000002,0,0,0
2.3614999999999999,0,0,0
2.3620000000000001,0,0,0
2.3624999999999998,0,0,0
2.363,0,0,0
2.3635000000000002,0,0,0
2.3639999999999999,0,0,0
2.3645,0,0,0
2.3650000000000002,0,0,0
2.3654999999999999,0,0,0
2.3660000000000001,0,0,0
2.3664999999999998,0,0,0
2.367,0,0,0
2.3675000000000002,0,0,0
2.3679999999999999,0,0,0
2.3685,0,0,0
2.3690000000000002,0,0,0
2.3694999999999999,0,0,0
2.3700000000000001,0,0,0
2.3704999999999998,0,0,0
2.371,0,0,0
2.3715000000000002,0,0,0
2.3719999999999999,0,0,0
2.3725000000000001,0,0,0
2.3730000000000002,0,0,0
2.3734999999999999,0,0,0
2.3740000000000001,0,0,0
2.3744999999999998,0,0,0
2.375,0,0,0
2.3755000000000002,0,0,0
2.3759999999999999,0,0,0
2.3765000000000001,0,0,0
2.3769999999999998,0,0,0
2.3774999999999999,0,0,0
2.3780000000000001,0,0,0
2.3784999999999998,0,0,0
2.379,0,0,0
2.3795000000000002,0,0,0
2.3799999999999999,0,0,0
2.3805000000000001,0,0,0
2.3809999999999998,0,0,0
2.3815,0,0,0
2.3820000000000001,0,0,0
2.3824999999999998,0,0,0
2.383,0,0,0
2.3835000000000002,0,0,0
2.3839999999999999,0,0,0
2.3845000000000001,0,0,0
2.3849999999999998,0,0,0
2.3855,0,0,0
2.3860000000000001,0,0,0
2.3864999999999998,0,0,0
2.387,0,0,0
2.3875000000000002,0,0,0
2.3879999999999999,0,0,0
2.3885000000000001,0,0,0
2.3889999999999998,0,0,0
2.3895,0,0,0
2.3900000000000001,0,0,0
2.3904999999999998,0,0,0
2.391,0,0,0
2.3915000000000002,0,0,0
2.3919999999999999,0,0,0
2.3925000000000001,0,0,0
2.3929999999999998,0,0,0
2.3935,0,0,0
2.3940000000000001,0,0,0
2.3944999999999999,0,0,0
2.395,0,0,0
2.3955000000000002,0,0,0
2.3959999999999999,0,0,0
2.3965000000000001,0,0,0
2.3969999999999998,0,0,0
2.3975,0,0,0
2.3980000000000001,0,0,0
2.3984999999999999,0,0,0
2.399,0,0,0
2.3995000000000002,0,0,0
2.3999999999999999,0,0,0
2.4005000000000001,0,0,0
2.4009999999999998,0,0,0
2.4015,0,0,0
2.4020000000000001,0,0,0
2.4024999999999999,0,0,0
2.403,0,0,0
2.4035000000000002,0,0,0
2.4039999999999999,0,0,0
2.4045000000000001,0,0,0
2.4049999999999998,0,0,0
2.4055,0,0,0
2.4060000000000001,0,0,0
2.4064999999999999,0,0,0
2.407,0,0,0
2.4075000000000002,0,0,0
2.4079999999999999,0,0,0
2.4085000000000001,0,0,0
2.4089999999999998,0,0,0
2.4095,0,0,0
2.4100000000000001,0,0,0
2.4104999999999999,0,0,0
2.411,0,0,0
2.4115000000000002,0,0,0
2.4119999999999999,0,0,0
2.4125000000000001,0,0,0
2.4129999999999998,0,0,0
2.4135,0,0,0
2.4140000000000001,0,0,0
2.4144999999999999,0,0,0
2.415,0,0,0
2.4155000000000002,0,0,0
2.4159999999999999,0,0,0
2.4165000000000001,0,0,0
2.4169999999999998,0,0,0
2.4175,0,0,0
2.4180000000000001,0,0,0
2.4184999999999999,0,0,0
2.419,0,0,0
2.4195000000000002,0,0,0
2.4199999999999999,0,0,0
2.4205000000000001,0,0,0
2.4209999999999998,0,0,0
2.4215,0,0,0
2.4220000000000002,0,0,0
2.4224999999999999,0,0,0
2.423,0,0,0
2.4235000000000002,0,0,0
2.4239999999999999,0,0,0
2.4245000000000001,0,0,0
2.4249999999999998,0,0,0
2.4255,0,0,0
2.4260000000000002,0,0,0
2.4264999999999999,0,0,0
2.427,0,0,0
2.4275000000000002,0,0,0
2.4279999999999999,0,0,0
2.4285000000000001,0,0,0
2.4289999999999998,0,0,0
2.4295,0,0,0
2.4300000000000002,0,0,0
2.4304999999999999,0,0,0
2.431,0,0,0
2.4315000000000002,0,0,0
2.4319999999999999,0,0,0
2.4325000000000001,0,0,0
2.4329999999999998,0,0,0
2.4335,0,0,0
2.4340000000000002,0,0,0
2.4344999999999999,0,0,0
2.4350000000000001,0,0,0
2.4355000000000002,0,0,0
2.4359999999999999,0,0,0
2.4365000000000001,0,0,0
2.4369999999999998,0,0,0
2.4375,0,0,0
2.4380000000000002,0,0,0
2.4384999999999999,0,0,0
2.4390000000000001,0,0,0
2.4394999999999998,0,0,0
2.4399999999999999,0,0,0
2.4405000000000001,0,0,0
2.4409999999999998,0,0,0
2.4415,0,0,0
2.4420000000000002,0,0,0
2.4424999999999999,0,0,0
2.4430000000000001,0,0,0
2.4434999999999998,0,0,0
2.444,0,0,0
2.4445000000000001,0,0,0
2.4449999999999998,0,0,0
2.4455,0,0,0
2.4460000000000002,0,0,0
2.4464999999999999,0,0,0
2.4470000000000001,0,0,0
2.4474999999999998,0,0,0
2.448,0,0,0
2.4485000000000001,0,0,0
2.4489999999999998,0,0,0
2.4495,0,0,0
2.4500000000000002,0,0,0
2.4504999999999999,0,0,0
2.4510000000000001,0,0,0
2.4514999999999998,0,0,0
2.452,0,0,0
2.4525000000000001,0,0,0
2.4529999999999998,0,0,0
2.4535,0,0,0
2.4540000000000002,0,0,0
2.4544999999999999,0,0,0
2.4550000000000001,0,0,0
2.4554999999999998,0,0,0
2.456,0,0,0
2.4565000000000001,0,0,0
2.4569999999999999,0,0,0
2.4575,0,0,0
2.4580000000000002,0,0,0
2.4584999999999999,0,0,0
2.4590000000000001,0,0,0
2.4594999999999998,0,0,0
2.46,0,0,0
2.4605000000000001,0,0,0
2.4609999999999999,0,0,0
2.4615,0,0,0
2.4620000000000002,0,0,0
2.4624999999999999,0,0,0
2.4630000000000001,0,0,0
2.4634999999999998,0,0,0
2.464,0,0,0
2.4645000000000001,0,0,0
2.4649999999999999,0,0,0
2.4655,0,0,0
2.4660000000000002,0,0,0
2.4664999999999999,0,0,0
2.4670000000000001,0,0,0
2.4674999999999998,0,0,0
2.468,0,0,0
2.4685000000000001,0,0,0
2.4689999999999999,0,0,0
2.4695,0,0,0
2.4700000000000002,0,0,0
2.4704999999999999,0,0,0
2.4710000000000001,0,0,0
2.4714999999999998,0,0,0
2.472,0,0,0
2.4725000000000001,0,0,0
2.4729999999999999,0,0,0
2.4735,0,0,0
2.4740000000000002,0,0,0
2.4744999999999999,0,0,0
2.4750000000000001,0,0,0
2.4754999999999998,0,0,0
2.476,0,0,0
2.4765000000000001,0,0,0
2.4769999999999999,0,0,0
2.4775,0,0,0
2.4780000000000002,0,0,0
2.4784999999999999,0,0,0
2.4790000000000001,0,0,0
2.4794999999999998,0,0,0
2.48,0,0,0
2.4805000000000001,0,0,0
2.4809999999999999,0,0,0
2.4815,0,0,0
2.4820000000000002,0,0,0
2.4824999999999999,0,0,0
2.4830000000000001,0,0,0
2.4834999999999998,0,0,0
2.484,0,0,0
2.4845000000000002,0,0,0
2.4849999999999999,0,0,0
2.4855,0,0,0
2.4860000000000002,0,0,0
2.4864999999999999,0,0,0
2.4870000000000001,0,0,0
2.4874999999999998,0,0,0
2.488,0,0,0
2.4885000000000002,0,0,0
2.4889999999999999,0,0,0
2.4895,0,0,0
2.4900000000000002,0,0,0
2.4904999999999999,0,0,0
2.4910000000000001,0,0,0
2.4914999999999998,0,0,0
2.492,0,0,0
2.4925000000000002,0,0,0
2.4929999999999999,0,0,0
2.4935,0,0,0
2.4940000000000002,0,0,0
2.4944999999999999,0,0,0
2.4950000000000001,0,0,0
2.4954999999999998,0,0,0
2.496,0,0,0
2.4965000000000002,0,0,0
2.4969999999999999,0,0,0
2.4975000000000001,0,0,0
2.4980000000000002,0,0,0
2.4984999999999999,0,0,0
2.4990000000000001,0,0,0
2.4994999999999998,0,0,0
2.5,0,0,0
2.5005000000000002,0,0,0
2.5009999999999999,0,0,0
2.5015000000000001,0,0,0
2.5019999999999998,0,0,0
2.5024999999999999,0,0,0
2.5030000000000001,0,0,0
2.5034999999999998,0,0,0
2.504,0,0,0
2.5045000000000002,0,0,0
2.5049999999999999,0,0,0
2.5055000000000001,0,0,0
2.5059999999999998,0,0,0
2.5065,0,0,0
2.5070000000000001,0,0,0
2.5074999999999998,0,0,0
2.508,0,0,0
2.5085000000000002,0,0,0
2.5089999999999999,0,0,0
2.5095000000000001,0,0,0
2.5099999999999998,0,0,0
2.5105,0,0,0
2.5110000000000001,0,0,0
2.5114999999999998,0,0,0
2.512,0,0,0
2.5125000000000002,0,0,0
2.5129999999999999,0,0,0
2.5135000000000001,0,0,0
2.5139999999999998,0,0,0
2.5145,0,0,0
2.5150000000000001,0,0,0
2.5154999999999998,0,0,0
2.516,0,0,0
2.5165000000000002,0,0,0
2.5169999999999999,0,0,0
2.5175000000000001,0,0,0
2.5179999999999998,0,0,0
2.5185,0,0,0
2.5190000000000001,0,0,0
2.5194999999999999,0,0,0
2.52,0,0,0
2.5205000000000002,0,0,0
2.5209999999999999,0,0,0
2.5215000000000001,0,0,0
2.5219999999999998,0,0,0
2.5225,0,0,0
2.5230000000000001,0,0,0
2.5234999999999999,0,0,0
2.524,0,0,0
2.5245000000000002,0,0,0
2.5249999999999999,0,0,0
2.5255000000000001,0,0,0
2.5259999999999998,0,0,0
2.5265,0,0,0
2.5270000000000001,0,0,0
2.5274999999999999,0,0,0
2.528,0,0,0
2.5285000000000002,0,0,0
2.5289999999999999,0,0,0
2.5295000000000001,0,0,0
2.5299999999999998,0,0,0
2.5305,0,0,0
2.5310000000000001,0,0,0
2.5314999999999999,0,0,0
2.532,0,0,0
2.5325000000000002,0,0,0
2.5329999999999999,0,0,0
2.5335000000000001,0,0,0
2.5339999999999998,0,0,0
2.5345,0,0,0
2.5350000000000001,0,0,0
2.5354999999999999,0,0,0
2.536,0,0,0
2.5365000000000002,0,0,0
2.5369999999999999,0,0,0
2.5375000000000001,0,0,0
2.5379999999999998,0,0,0
2.5385,0,0,0
2.5390000000000001,0,0,0
2.5394999999999999,0,0,0
2.54,0,0,0
2.5405000000000002,0,0,0
2.5409999999999999,0,0,0
2.5415000000000001,0,0,0
2.5419999999999998,0,0,0
2.5425,0,0,0
2.5430000000000001,0,0,0
2.5434999999999999,0,0,0
2.544,0,0,0
2.5445000000000002,0,0,0
2.5449999999999999,0,0,0
2.5455000000000001,0,0,0
2.5459999999999998,0,0,0
2.5465,0,0,0
2.5470000000000002,0,0,0
2.5474999999999999,0,0,0
2.548,0,0,0
2.5485000000000002,0,0,0
2.5489999999999999,0,0,0
2.5495000000000001,0,0,0
2.5499999999999998,0,0,0
2.5505,0,0,0
2.5510000000000002,0,0,0
2.5514999999999999,0,0,0
2.552,0,0,0
2.5525000000000002,0,0,0
2.5529999999999999,0,0,0
2.5535000000000001,0,0,0
2.5539999999999998,0,0,0
2.5545,0,0,0
2.5550000000000002,0,0,0
2.5554999999999999,0,0,0
2.556,0,0,0
2.5565000000000002,0,0,0
2.5569999999999999,0,0,0
2.5575000000000001,0,0,0
2.5579999999999998,0,0,0
2.5585,0,0,0
2.5590000000000002,0,0,0
2.5594999999999999,0,0,0
2.5600000000000001,0,0,0
2.5605000000000002,0,0,0
2.5609999999999999,0,0,0
2.5615000000000001,0,0,0
2.5619999999999998,0,0,0
2.5625,0,0,0
2.5630000000000002,0,0,0
2.5634999999999999,0,0,0
2.5640000000000001,0,0,0
2.5644999999999998,0,0,0
2.5649999999999999,0,0,0
2.5655000000000001,0,0,0
2.5659999999999998,0,0,0
2.5665,0,0,0
2.5670000000000002,0,0,0
2.5674999999999999,0,0,0
2.5680000000000001,0,0,0
2.5684999999999998,0,0,0
2.569,0,0,0
2.5695000000000001,0,0,0
2.5699999999999998,0,0,0
2.5705,0,0,0
2.5710000000000002,0,0,0
2.5714999999999999,0,0,0
2.5720000000000001,0,0,0
2.5724999999999998,0,0,0
2.573,0,0,0
2.5735000000000001,0,0,0
2.5739999999999998,0,0,0
2.5745,0,0,0
2.5750000000000002,0,0,0
2.5754999999999999,0,0,0
2.5760000000000001,0,0,0
2.5764999999999998,0,0,0
2.577,0,0,0
2.5775000000000001,0,0,0
2.5779999999999998,0,0,0
2.5785,0,0,0
2.5790000000000002,0,0,0
2.5794999999999999,0,0,0
2.5800000000000001,0,0,0
2.5804999999999998,0,0,0
2.581,0,0,0
2.5815000000000001,0,0,0
2.5819999999999999,0,0,0
2.5825,0,0,0
2.5830000000000002,0,0,0
2.5834999999999999,0,0,0
2.5840000000000001,0,0,0
2.5844999999999998,0,0,0
2.585,0,0,0
2.5855000000000001,0,0,0
2.5859999999999999,0,0,0
2.5865,0,0,0
2.5870000000000002,0,0,0
2.5874999999999999,0,0,0
2.5880000000000001,0,0,0
2.5884999999999998,0,0,0
2.589,0,0,0
2.5895000000000001,0,0,0
2.5899999999999999,0,0,0
2.5905,0,0,0
2.5910000000000002,0,0,0
2.5914999999999999,0,0,0
2.5920000000000001,0,0,0
2.5924999999999998,0,0,0
2.593,0,0,0
2.5935000000000001,0,0,0
2.5939999999999999,0,0,0
2.5945,0,0,0
2.5950000000000002,0,0,0
2.5954999999999999,0,0,0
2.5960000000000001,0,0,0
2.5964999999999998,0,0,0
2.597,0,0,0
2.5975000000000001,0,0,0
2.5979999999999999,0,0,0
2.5985,0,0,0
2.5990000000000002,0,0,0
2.5994999999999999,0,0,0
2.6000000000000001,0,0,0
2.6004999999999998,0,0,0
2.601,0,0,0
2.6015000000000001,0,0,0
2.6019999999999999,0,0,0
2.6025,0,0,0
2.6030000000000002,0,0,0
2.6034999999999999,0,0,0
2.6040000000000001,0,0,0
2.6044999999999998,0,0,0
2.605,0,0,0
2.6055000000000001,0,0,0
2.6059999999999999,0,0,0
2.6065,0,0,0
2.6070000000000002,0,0,0
2.6074999999999999,0,0,0
2.6080000000000001,0,0,0
2.6084999999999998,0,0,0
2.609,0,0,0
2.6095000000000002,0,0,0
2.6099999999999999,0,0,0
2.6105,0,0,0
2.6110000000000002,0,0,0
2.6114999999999999,0,0,0
2.6120000000000001,0,0,0
2.6124999999999998,0,0,0
2.613,0,0,0
2.6135000000000002,0,0,0
2.6139999999999999,0,0,0
2.6145,0,0,0
2.6150000000000002,0,0,0
2.6154999999999999,0,0,0
2.6160000000000001,0,0,0
2.6164999999999998,0,0,0
2.617,0,0,0
2.6175000000000002,0,0,0
2.6179999999999999,0,0,0
2.6185,0,0,0
2.6190000000000002,0,0,0
2.6194999999999999,0,0,0
2.6200000000000001,0,0,0
2.6204999999999998,0,0,0
2.621,0,0,0
2.6215000000000002,0,0,0
2.6219999999999999,0,0,0
2.6225000000000001,0,0,0
2.6230000000000002,0,0,0
2.6234999999999999,0,0,0
2.6240000000000001,0,0,0
2.6244999999999998,0,0,0
2.625,0,0,0
2.6255000000000002,0,0,0
2.6259999999999999,0,0,0
2.6265000000000001,0,0,0
2.6269999999999998,0,0,0
2.6274999999999999,0,0,0
2.6280000000000001,0,0,0
2.6284999999999998,0,0,0
2.629,0,0,0
2.6295000000000002,0,0,0
2.6299999999999999,0,0,0
2.6305000000000001,0,0,0
2.6309999999999998,0,0,0
2.6315,0,0,0
2.6320000000000001,0,0,0
2.6324999999999998,0,0,0
2.633,0,0,0
2.6335000000000002,0,0,0
2.6339999999999999,0,0,0
2.6345000000000001,0,0,0
2.6349999999999998,0,0,0
2.6355,0,0,0
2.6360000000000001,0,0,0
2.6364999999999998,0,0,0
2.637,0,0,0
2.6375000000000002,0,0,0
2.6379999999999999,0,0,0
2.6385000000000001,0,0,0
2.6389999999999998,0,0,0
2.6395,0,0,0
2.6400000000000001,0,0,0
2.6404999999999998,0,0,0
2.641,0,0,0
2.6415000000000002,0,0,0
2.6419999999999999,0,0,0
2.6425000000000001,0,0,0
2.6429999999999998,0,0,0
2.6435,0,0,0
2.6440000000000001,0,0,0
2.6444999999999999,0,0,0
2.645,0,0,0
2.6455000000000002,0,0,0
2.6459999999999999,0,0,0
2.6465000000000001,0,0,0
2.6469999999999998,0,0,0
2.6475,0,0,0
2.6480000000000001,0,0,0
2.6484999999999999,0,0,0
2.649,0,0,0
2.6495000000000002,0,0,0
2.6499999999999999,0,0,0
2.6505000000000001,0,0,0
2.6509999999999998,0,0,0
2.6515,0,0,0
2.6520000000000001,0,0,0
2.6524999999999999,0,0,0
2.653,0,0,0
2.6535000000000002,0,0,0
2.6539999999999999,0,0,0
2.6545000000000001,0,0,0
2.6549999999999998,0,0,0
2.6555,0,0,0
2.6560000000000001,0,0,0
2.6564999999999999,0,0,0
2.657,0,0,0
2.6575000000000002,0,0,0
2.6579999999999999,0,0,0
2.6585000000000001,0,0,0
2.6589999999999998,0,0,0
2.6595,0,0,0
2.6600000000000001,0,0,0
2.6604999999999999,0,0,0
2.661,0,0,0
2.6615000000000002,0,0,0
2.6619999999999999,0,0,0
2.6625000000000001,0,0,0
2.6629999999999998,0,0,0
2.6635,0,0,0
2.6640000000000001,0,0,0
2.6644999999999999,0,0,0
2.665,0,0,0
2.6655000000000002,0,0,0
2.6659999999999999,0,0,0
2.6665000000000001,0,0,0
2.6669999999999998,0,0,0
2.6675,0,0,0
2.6680000000000001,0,0,0
2.6684999999999999,0,0,0
2.669,0,0,0
2.6695000000000002,0,0,0
2.6699999999999999,0,0,0
2.6705000000000001,0,0,0
2.6709999999999998,0,0,0
2.6715,0,0,0
2.6720000000000002,0,0,0
2.6724999999999999,0,0,0
2.673,0,0,0
2.6735000000000002,0,0,0
2.6739999999999999,0,0,0
2.6745000000000001,0,0,0
2.6749999999999998,0,0,0
2.6755,0,0,0
2.6760000000000002,0,0,0
2.6764999999999999,0,0,0
2.677,0,0,0
2.6775000000000002,0,0,0
2.6779999999999999,0,0,0
2.6785000000000001,0,0,0
2.6789999999999998,0,0,0
2.6795,0,0,0
2.6800000000000002,0,0,0
2.6804999999999999,0,0,0
2.681,0,0,0
2.6815000000000002,0,0,0
2.6819999999999999,0,0,0
2.6825000000000001,0,0,0
2.6829999999999998,0,0,0
2.6835,0,0,0
2.6840000000000002,0,0,0
2.6844999999999999,0,0,0
2.6850000000000001,0,0,0
2.6855000000000002,0,0,0
2.6859999999999999,0,0,0
2.6865000000000001,0,0,0
2.6869999999999998,0,0,0
2.6875,0,0,0
2.6880000000000002,0,0,0
2.6884999999999999,0,0,0
2.6890000000000001,0,0,0
2.6894999999999998,0,0,0
2.6899999999999999,0,0,0
2.6905000000000001,0,0,0
2.6909999999999998,0,0,0
2.6915,0,0,0
2.6920000000000002,0,0,0
2.6924999999999999,0,0,0
2.6930000000000001,0,0,0
2.6934999999999998,0,0,0
2.694,0,0,0
2.6945000000000001,0,0,0
2.6949999999999998,0,0,0
2.6955,0,0,0
2.6960000000000002,0,0,0
2.6964999999999999,0,0,0
2.6970000000000001,0,0,0
2.6974999999999998,0,0,0
2.698,0,0,0
2.6985000000000001,0,0,0
2.6989999999999998,0,0,0
2.6995,0,0,0
2.7000000000000002,0,0,0
2.7004999999999999,0,0,0
2.7010000000000001,0,0,0
2.7014999999999998,0,0,0
2.702,0,0,0
2.7025000000000001,0,0,0
2.7029999999999998,0,0,0
2.7035,0,0,0
2.7040000000000002,0,0,0
2.7044999999999999,0,0,0
2.7050000000000001,0,0,0
2.7054999999999998,0,0,0
2.706,0,0,0
2.7065000000000001,0,0,0
2.7069999999999999,0,0,0
2.7075,0,0,0
2.7080000000000002,0,0,0
2.7084999999999999,0,0,0
2.7090000000000001,0,0,0
2.7094999999999998,0,0,0
2.71,0,0,0
2.7105000000000001,0,0,0
2.7109999999999999,0,0,0
2.7115,0,0,0
2.7120000000000002,0,0,0
2.7124999999999999,0,0,0
2.7130000000000001,0,0,0
2.7134999999999998,0,0,0
2.714,0,0,0
2.7145000000000001,0,0,0
2.7149999999999999,0,0,0
2.7155,0,0,0
2.7160000000000002,0,0,0
2.7164999999999999,0,0,0
2.7170000000000001,0,0,0
2.7174999999999998,0,0,0
2.718,0,0,0
2.7185000000000001,0,0,0
2.7189999999999999,0,0,0
2.7195,0,0,0
2.7200000000000002,0,0,0
2.7204999999999999,0,0,0
2.7210000000000001,0,0,0
2.7214999999999998,0,0,0
2.722,0,0,0
2.7225000000000001,0,0,0
2.7229999999999999,0,0,0
2.7235,0,0,0
2.7240000000000002,0,0,0
2.7244999999999999,0,0,0
2.7250000000000001,0,0,0
2.7254999999999998,0,0,0
2.726,0,0,0
2.7265000000000001,0,0,0
2.7269999999999999,0,0,0
2.7275,0,0,0
2.7280000000000002,0,0,0
2.7284999999999999,0,0,0
2.7290000000000001,0,0,0
2.7294999999999998,0,0,0
2.73,0,0,0
2.7305000000000001,0,0,0
2.7309999999999999,0,0,0
2.7315,0,0,0
2.7320000000000002,0,0,0
2.7324999999999999,0,0,0
2.7330000000000001,0,0,0
2.7334999999999998,0,0,0
2.734,0,0,0
2.7345000000000002,0,0,0
2.7349999999999999,0,0,0
2.7355,0,0,0
2.7360000000000002,0,0,0
2.7364999999999999,0,0,0
2.7370000000000001,0,0,0
2.7374999999999998,0,0,0
2.738,0,0,0
2.7385000000000002,0,0,0
2.7389999999999999,0,0,0
2.7395,0,0,0
2.7400000000000002,0,0,0
2.7404999999999999,0,0,0
2.7410000000000001,0,0,0
2.7414999999999998,0,0,0
2.742,0,0,0
2.7425000000000002,0,0,0
2.7429999999999999,0,0,0
2.7435,0,0,0
2.7440000000000002,0,0,0
2.7444999999999999,0,0,0
2.7450000000000001,0,0,0
2.7454999999999998,0,0,0
2.746,0,0,0
2.7465000000000002,0,0,0
2.7469999999999999,0,0,0
2.7475000000000001,0,0,0
2.7480000000000002,0,0,0
2.7484999999999999,0,0,0
2.7490000000000001,0,0,0
2.7494999999999998,0,0,0
2.75,0,0,0
2.7505000000000002,0,0,0
2.7509999999999999,0,0,0
2.7515000000000001,0,0,0
2.7519999999999998,0,0,0
2.7524999999999999,0,0,0
2.7530000000000001,0,0,0
2.7534999999999998,0,0,0
2.754,0,0,0
2.7545000000000002,0,0,0
2.7549999999999999,0,0,0
2.7555000000000001,0,0,0
2.7559999999999998,0,0,0
2.7565,0,0,0
2.7570000000000001,0,0,0
2.7574999999999998,0,0,0
2.758,0,0,0
2.7585000000000002,0,0,0
2.7589999999999999,0,0,0
2.7595000000000001,0,0,0
2.7599999999999998,0,0,0
2.7605,0,0,0
2.7610000000000001,0,0,0
2.7614999999999998,0,0,0
2.762,0,0,0
2.7625000000000002,0,0,0
2.7629999999999999,0,0,0
2.7635000000000001,0,0,0
2.7639999999999998,0,0,0
2.7645,0,0,0
2.7650000000000001,0,0,0
2.7654999999999998,0,0,0
2.766,0,0,0
2.7665000000000002,0,0,0
2.7669999999999999,0,0,0
2.7675000000000001,0,0,0
2.7679999999999998,0,0,0
2.7685,0,0,0
2.7690000000000001,0,0,0
2.7694999999999999,0,0,0
2.77,0,0,0
2.7705000000000002,0,0,0
2.7709999999999999,0,0,0
2.7715000000000001,0,0,0
2.7719999999999998,0,0,0
2.7725,0,0,0
2.7730000000000001,0,0,0
2.7734999999999999,0,0,0
2.774,0,0,0
2.7745000000000002,0,0,0
2.7749999999999999,0,0,0
2.7755000000000001,0,0,0
2.7759999999999998,0,0,0
2.7765,0,0,0
2.7770000000000001,0,0,0
2.7774999999999999,0,0,0
2.778,0,0,0
2.7785000000000002,0,0,0
2.7789999999999999,0,0,0
2.7795000000000001,0,0,0
2.7799999999999998,0,0,0
2.7805,0,0,0
2.7810000000000001,0,0,0
2.7814999999999999,0,0,0
2.782,0,0,0
2.7825000000000002,0,0,0
2.7829999999999999,0,0,0
2.7835000000000001,0,0,0
2.7839999999999998,0,0,0
2.7845,0,0,0
2.7850000000000001,0,0,0
2.7854999999999999,0,0,0
2.786,0,0,0
2.7865000000000002,0,0,0
2.7869999999999999,0,0,0
2.7875000000000001,0,0,0
2.7879999999999998,0,0,0
2.7885,0,0,0
2.7890000000000001,0,0,0
2.7894999999999999,0,0,0
2.79,0,0,0
2.7905000000000002,0,0,0
2.7909999999999999,0,0,0
2.7915000000000001,0,0,0
2.7919999999999998,0,0,0
2.7925,0,0,0
2.7930000000000001,0,0,0
2.7934999999999999,0,0,0
2.794,0,0,0
2.7945000000000002,0,0,0
2.7949999999999999,0,0,0
2.7955000000000001,0,0,0
2.7959999999999998,0,0,0
2.7965,0,0,0
2.7970000000000002,0,0,0
2.7974999999999999,0,0,0
2.798,0,0,0
2.7985000000000002,0,0,0
2.7989999999999999,0,0,0
2.7995000000000001,0,0,0
2.7999999999999998,0,0,0
2.8005,0,0,0
2.8010000000000002,0,0,0
2.8014999999999999,0,0,0
2.802,0,0,0
2.8025000000000002,0,0,0
2.8029999999999999,0,0,0
2.8035000000000001,0,0,0
2.8039999999999998,0,0,0
2.8045,0,0,0
2.8050000000000002,0,0,0
2.8054999999999999,0,0,0
2.806,0,0,0
2.8065000000000002,0,0,0
2.8069999999999999,0,0,0
2.8075000000000001,0,0,0
2.8079999999999998,0,0,0
2.8085,0,0,0
2.8090000000000002,0,0,0
2.8094999999999999,0,0,0
2.8100000000000001,0,0,0
2.8105000000000002,0,0,0
2.8109999999999999,0,0,0
2.8115000000000001,0,0,0
2.8119999999999998,0,0,0
2.8125,0,0,0
2.8130000000000002,0,0,0
2.8134999999999999,0,0,0
2.8140000000000001,0,0,0
2.8144999999999998,0,0,0
2.8149999999999999,0,0,0
2.8155000000000001,0,0,0
2.8159999999999998,0,0,0
2.8165,0,0,0
2.8170000000000002,0,0,0
2.8174999999999999,0,0,0
2.8180000000000001,0,0,0
2.8184999999999998,0,0,0
2.819,0,0,0
2.8195000000000001,0,0,0
2.8199999999999998,0,0,0
2.8205,0,0,0
2.8210000000000002,0,0,0
2.8214999999999999,0,0,0
2.8220000000000001,0,0,0
2.8224999999999998,0,0,0
2.823,0,0,0
2.8235000000000001,0,0,0
2.8239999999999998,0,0,0
2.8245,0,0,0
2.8250000000000002,0,0,0
2.8254999999999999,0,0,0
2.8260000000000001,0,0,0
2.8264999999999998,0,0,0
2.827,0,0,0
2.8275000000000001,0,0,0
2.8279999999999998,0,0,0
2.8285,0,0,0
2.8290000000000002,0,0,0
2.8294999999999999,0,0,0
2.8300000000000001,0,0,0
2.8304999999999998,0,0,0
2.831,0,0,0
2.8315000000000001,0,0,0
2.8319999999999999,0,0,0
2.8325,0,0,0
2.8330000000000002,0,0,0
2.8334999999999999,0,0,0
2.8340000000000001,0,0,0
2.8344999999999998,0,0,0
2.835,0,0,0
2.8355000000000001,0,0,0
2.8359999999999999,0,0,0
2.8365,0,0,0
2.8370000000000002,0,0,0
2.8374999999999999,0,0,0
2.8380000000000001,0,0,0
2.8384999999999998,0,0,0
2.839,0,0,0
2.8395000000000001,0,0,0
2.8399999999999999,0,0,0
2.8405,0,0,0
2.8410000000000002,0,0,0
2.8414999999999999,0,0,0
2.8420000000000001,0,0,0
2.8424999999999998,0,0,0
2.843,0,0,0
2.8435000000000001,0,0,0
2.8439999999999999,0,0,0
2.8445,0,0,0
2.8450000000000002,0,0,0
2.8454999999999999,0,0,0
2.8460000000000001,0,0,0
2.8464999999999998,0,0,0
2.847,0,0,0
2.8475000000000001,0,0,0
2.8479999999999999,0,0,0
2.8485,0,0,0
2.8490000000000002,0,0,0
2.8494999999999999,0,0,0
2.8500000000000001,0,0,0
2.8504999999999998,0,0,0
2.851,0,0,0
2.8515000000000001,0,0,0
2.8519999999999999,0,0,0
2.8525,0,0,0
2.8530000000000002,0,0,0
2.8534999999999999,0,0,0
2.8540000000000001,0,0,0
2.8544999999999998,0,0,0
2.855,0,0,0
2.8555000000000001,0,0,0
2.8559999999999999,0,0,0
2.8565,0,0,0
2.8570000000000002,0,0,0
2.8574999999999999,0,0,0
2.8580000000000001,0,0,0
2.8584999999999998,0,0,0
2.859,0,0,0
2.8595000000000002,0,0,0
2.8599999999999999,0,0,0
2.8605,0,0,0
2.8610000000000002,0,0,0
2.8614999999999999,0,0,0
2.8620000000000001,0,0,0
2.8624999999999998,0,0,0
2.863,0,0,0
2.8635000000000002,0,0,0
2.8639999999999999,0,0,0
2.8645,0,0,0
2.8650000000000002,0,0,0
2.8654999999999999,0,0,0
2.8660000000000001,0,0,0
2.8664999999999998,0,0,0
2.867,0,0,0
2.8675000000000002,0,0,0
2.8679999999999999,0,0,0
2.8685,0,0,0
2.8690000000000002,0,0,0
2.8694999999999999,0,0,0
2.8700000000000001,0,0,0
2.8704999999999998,0,0,0
2.871,0,0,0
2.8715000000000002,0,0,0
2.8719999999999999,0,0,0
2.8725000000000001,0,0,0
2.8730000000000002,0,0,0
2.8734999999999999,0,0,0
2.8740000000000001,0,0,0
2.8744999999999998,0,0,0
2.875,0,0,0
2.8755000000000002,0,0,0
2.8759999999999999,0,0,0
2.8765000000000001,0,0,0
2.8769999999999998,0,0,0
2.8774999999999999,0,0,0
2.8780000000000001,0,0,0
2.8784999999999998,0,0,0
2.879,0,0,0
2.8795000000000002,0,0,0
2.8799999999999999,0,0,0
2.8805000000000001,0,0,0
2.8809999999999998,0,0,0
2.8815,0,0,0
2.8820000000000001,0,0,0
2.8824999999999998,0,0,0
2.883,0,0,0
2.8835000000000002,0,0,0
2.8839999999999999,0,0,0
2.8845000000000001,0,0,0
2.8849999999999998,0,0,0
2.8855,0,0,0
2.8860000000000001,0,0,0
2.8864999999999998,0,0,0
2.887,0,0,0
2.8875000000000002,0,0,0
2.8879999999999999,0,0,0
2.8885000000000001,0,0,0
2.8889999999999998,0,0,0
2.8895,0,0,0
2.8900000000000001,0,0,0
2.8904999999999998,0,0,0
2.891,0,0,0
2.8915000000000002,0,0,0
2.8919999999999999,0,0,0
2.8925000000000001,0,0,0
2.8929999999999998,0,0,0
2.8935,0,0,0
2.8940000000000001,0,0,0
2.8944999999999999,0,0,0
2.895,0,0,0
2.8955000000000002,0,0,0
2.8959999999999999,0,0,0
2.8965000000000001,0,0,0
2.8969999999999998,0,0,0
2.8975,0,0,0
2.8980000000000001,0,0,0
2.8984999999999999,0,0,0
2.899,0,0,0
2.8995000000000002,0,0,0
2.8999999999999999,0,0,0
2.9005000000000001,0,0,0
2.9009999999999998,0,0,0
2.9015,0,0,0
2.9020000000000001,0,0,0
2.9024999999999999,0,0,0
2.903,0,0,0
2.9035000000000002,0,0,0
2.9039999999999999,0,0,0
2.9045000000000001,0,0,0
2.9049999999999998,0,0,0
2.9055,0,0,0
2.9060000000000001,0,0,0
2.9064999999999999,0,0,0
2.907,0,0,0
2.9075000000000002,0,0,0
2.9079999999999999,0,0,0
2.9085000000000001,0,0,0
2.9089999999999998,0,0,0
2.9095,0,0,0
2.9100000000000001,0,0,0
2.9104999999999999,0,0,0
2.911,0,0,0
2.9115000000000002,0,0,0
2.9119999999999999,0,0,0
2.9125000000000001,0,0,0
2.9129999999999998,0,0,0
2.9135,0,0,0
2.9140000000000001,0,0,0
2.9144999999999999,0,0,0
2.915,0,0,0
2.9155000000000002,0,0,0
2.9159999999999999,0,0,0
2.9165000000000001,0,0,0
2.9169999999999998,0,0,0
2.9175,0,0,0
2.9180000000000001,0,0,0
2.9184999999999999,0,0,0
2.919,0,0,0
2.9195000000000002,0,0,0
2.9199999999999999,0,0,0
2.9205000000000001,0,0,0
2.9209999999999998,0,0,0
2.9215,0,0,0
2.9220000000000002,0,0,0
2.9224999999999999,0,0,0
2.923,0,0,0
2.9235000000000002,0,0,0
2.9239999999999999,0,0,0
2.9245000000000001,0,0,0
2.9249999999999998,0,0,0
2.9255,0,0,0
2.9260000000000002,0,0,0
2.9264999999999999,0,0,0
2.927,0,0,0
2.9275000000000002,0,0,0
2.9279999999999999,0,0,0
2.9285000000000001,0,0,0
2.9289999999999998,0,0,0
2.9295,0,0,0
2.9300000000000002,0,0,0
2.9304999999999999,0,0,0
2.931,0,0,0
2.9315000000000002,0,0,0
2.9319999999999999,0,0,0
2.9325000000000001,0,0,0
2.9329999999999998,0,0,0
2.9335,0,0,0
2.9340000000000002,0,0,0
2.9344999999999999,0,0,0
2.9350000000000001,0,0,0
2.9355000000000002,0,0,0
2.9359999999999999,0,0,0
2.9365000000000001,0,0,0
2.9369999999999998,0,0,0
2.9375,0,0,0
2.9380000000000002,0,0,0
2.9384999999999999,0,0,0
2.9390000000000001,0,0,0
2.9394999999999998,0,0,0
2.9399999999999999,0,0,0
2.9405000000000001,0,0,0
2.9409999999999998,0,0,0
2.9415,0,0,0
2.9420000000000002,0,0,0
2.9424999999999999,0,0,0
2.9430000000000001,0,0,0
2.9434999999999998,0,0,0
2.944,0,0,0
2.9445000000000001,0,0,0
2.9449999999999998,0,0,0
2.9455,0,0,0
2.9460000000000002,0,0,0
2.9464999999999999,0,0,0
2.9470000000000001,0,0,0
2.9474999999999998,0,0,0
2.948,0,0,0
2.9485000000000001,0,0,0
2.9489999999999998,0,0,0
2.9495,0,0,0
2.9500000000000002,0,0,0
2.9504999999999999,0,0,0
2.9510000000000001,0,0,0
2.9514999999999998,0,0,0
2.952,0,0,0
2.9525000000000001,0,0,0
2.9529999999999998,0,0,0
2.9535,0,0,0
2.9540000000000002,0,0,0
2.9544999999999999,0,0,0
2.9550000000000001,0,0,0
2.9554999999999998,0,0,0
2.956,0,0,0
2.9565000000000001,0,0,0
2.9569999999999999,0,0,0
2.9575,0,0,0
2.9580000000000002,0,0,0
2.9584999999999999,0,0,0
2.9590000000000001,0,0,0
2.9594999999999998,0,0,0
2.96,0,0,0
2.9605000000000001,0,0,0
2.9609999999999999,0,0,0
2.9615,0,0,0
2.9620000000000002,0,0,0
2.9624999999999999,0,0,0
2.9630000000000001,0,0,0
2.9634999999999998,0,0,0
2.964,0,0,0
2.9645000000000001,0,0,0
2.9649999999999999,0,0,0
2.9655,0,0,0
2.9660000000000002,0,0,0
2.9664999999999999,0,0,0
2.9670000000000001,0,0,0
2.9674999999999998,0,0,0
2.968,0,0,0
2.9685000000000001,0,0,0
2.9689999999999999,0,0,0
2.9695,0,0,0
2.9700000000000002,0,0,0
2.9704999999999999,0,0,0
2.9710000000000001,0,0,0
2.9714999999999998,0,0,0
2.972,0,0,0
2.9725000000000001,0,0,0
2.9729999999999999,0,0,0
2.9735,0,0,0
2.9740000000000002,0,0,0
2.9744999999999999,0,0,0
2.9750000000000001,0,0,0
2.9754999999999998,0,0,0
2.976,0,0,0
2.9765000000000001,0,0,0
2.9769999999999999,0,0,0
2.9775,0,0,0
2.9780000000000002,0,0,0
2.9784999999999999,0,0,0
2.9790000000000001,0,0,0
2.9794999999999998,0,0,0
2.98,0,0,0
2.9805000000000001,0,0,0
2.9809999999999999,0,0,0
2.9815,0,0,0
2.9820000000000002,0,0,0
2.9824999999999999,0,0,0
2.9830000000000001,0,0,0
2.9834999999999998,0,0,0
2.984,0,0,0
2.9845000000000002,0,0,0
2.9849999999999999,0,0,0
2.9855,0,0,0
2.9860000000000002,0,0,0
2.9864999999999999,0,0,0
2.9870000000000001,0,0,0
2.9874999999999998,0,0,0
2.988,0,0,0
2.9885000000000002,0,0,0
2.9889999999999999,0,0,0
2.9895,0,0,0
2.9900000000000002,0,0,0
2.9904999999999999,0,0,0
2.9910000000000001,0,0,0
2.9914999999999998,0,0,0
2.992,0,0,0
2.9925000000000002,0,0,0
2.9929999999999999,0,0,0
2.9935,0,0,0
2.9940000000000002,0,0,0
2.9944999999999999,0,0,0
2.9950000000000001,0,0,0
2.9954999999999998,0,0,0
2.996,0,0,0
2.9965000000000002,0,0,0
2.9969999999999999,0,0,0
2.9975000000000001,0,0,0
2.9980000000000002,0,0,0
2.9984999999999999,0,0,0
2.9990000000000001,0,0,0
2.9994999999999998,0,0,0
3,0,0,0
3.0005000000000002,0,0,0
3.0009999999999999,0,0,0
3.0015000000000001,0,0,0
3.0019999999999998,0,0,0
3.0024999999999999,0,0,0
3.0030000000000001,0,0,0
3.0034999999999998,0,0,0
3.004,0,0,0
3.0045000000000002,0,0,0
3.0049999999999999,0,0,0
3.0055000000000001,0,0,0
3.0059999999999998,0,0,0
3.0065,0,0,0
3.0070000000000001,0,0,0
3.0074999999999998,0,0,0
3.008,0,0,0
3.0085000000000002,0,0,0
3.0089999999999999,0,0,0
3.0095000000000001,0,0,0
3.0099999999999998,0,0,0
3.0105,0,0,0
3.0110000000000001,0,0,0
3.0114999999999998,0,0,0
3.012,0,0,0
3.0125000000000002,0,0,0
3.0129999999999999,0,0,0
3.0135000000000001,0,0,0
3.0139999999999998,0,0,0
3.0145,0,0,0
3.0150000000000001,0,0,0
3.0154999999999998,0,0,0
3.016,0,0,0
3.0165000000000002,0,0,0
3.0169999999999999,0,0,0
3.0175000000000001,0,0,0
3.0179999999999998,0,0,0
3.0185,0,0,0
3.0190000000000001,0,0,0
3.0194999999999999,0,0,0
3.02,0,0,0
3.0205000000000002,0,0,0
3.0209999999999999,0,0,0
3.0215000000000001,0,0,0
3.0219999999999998,0,0,0
3.0225,0,0,0
3.0230000000000001,0,0,0
3.0234999999999999,0,0,0
3.024,0,0,0
3.0245000000000002,0,0,0
3.0249999999999999,0,0,0
3.0255000000000001,0,0,0
3.0259999999999998,0,0,0
3.0265,0,0,0
3.0270000000000001,0,0,0
3.0274999999999999,0,0,0
3.028,0,0,0
3.0285000000000002,0,0,0
3.0289999999999999,0,0,0
3.0295000000000001,0,0,0
3.0299999999999998,0,0,0
3.0305,0,0,0
3.0310000000000001,0,0,0
3.0314999999999999,0,0,0
3.032,0,0,0
3.0325000000000002,0,0,0
3.0329999999999999,0,0,0
3.0335000000000001,0,0,0
3.0339999999999998,0,0,0
3.0345,0,0,0
3.0350000000000001,0,0,0
3.0354999999999999,0,0,0
3.036,0,0,0
3.0365000000000002,0,0,0
3.0369999999999999,0,0,0
3.0375000000000001,0,0,0
3.0379999999999998,0,0,0
3.0385,0,0,0
3.0390000000000001,0,0,0
3.0394999999999999,0,0,0
3.04,0,0,0
3.0405000000000002,0,0,0
3.0409999999999999,0,0,0
3.0415000000000001,0,0,0
3.0419999999999998,0,0,0
3.0425,0,0,0
3.0430000000000001,0,0,0
3.0434999999999999,0,0,0
3.044,0,0,0
3.0445000000000002,0,0,0
3.0449999999999999,0,0,0
3.0455000000000001,0,0,0
3.0459999999999998,0,0,0
3.0465,0,0,0
3.0470000000000002,0,0,0
3.0474999999999999,0,0,0
3.048,0,0,0
3.0485000000000002,0,0,0
3.0489999999999999,0,0,0
3.0495000000000001,0,0,0
3.0499999999999998,0,0,0
3.0505,0,0,0
3.0510000000000002,0,0,0
3.0514999999999999,0,0,0
3.052,0,0,0
3.0525000000000002,0,0,0
3.0529999999999999,0,0,0
3.0535000000000001,0,0,0
3.0539999999999998,0,0,0
3.0545,0,0,0
3.0550000000000002,0,0,0
3.0554999999999999,0,0,0
3.056,0,0,0
3.0565000000000002,0,0,0
3.0569999999999999,0,0,0
3.0575000000000001,0,0,0
3.0579999999999998,0,0,0
3.0585,0,0,0
3.0590000000000002,0,0,0
3.0594999999999999,0,0,0
3.0600000000000001,0,0,0
3.0605000000000002,0,0,0
3.0609999999999999,0,0,0
3.0615000000000001,0,0,0
3.0619999999999998,0,0,0
3.0625,0,0,0
3.0630000000000002,0,0,0
3.0634999999999999,0,0,0
3.0640000000000001,0,0,0
3.0644999999999998,0,0,0
3.0649999999999999,0,0,0
3.0655000000000001,0,0,0
3.0659999999999998,0,0,0
3.0665,0,0,0
3.0670000000000002,0,0,0
3.0674999999999999,0,0,0
3.0680000000000001,0,0,0
3.0684999999999998,0,0,0
3.069,0,0,0
3.0695000000000001,0,0,0
3.0699999999999998,0,0,0
3.0705,0,0,0
3.0710000000000002,0,0,0
3.0714999999999999,0,0,0
3.0720000000000001,0,0,0
3.0724999999999998,0,0,0
3.073,0,0,0
3.0735000000000001,0,0,0
3.0739999999999998,0,0,0
3.0745,0,0,0
3.0750000000000002,0,0,0
3.0754999999999999,0,0,0
3.0760000000000001,0,0,0
3.0764999999999998,0,0,0
3.077,0,0,0
3.0775000000000001,0,0,0
3.0779999999999998,0,0,0
3.0785,0,0,0
3.0790000000000002,0,0,0
3.0794999999999999,0,0,0
3.0800000000000001,0,0,0
3.0804999999999998,0,0,0
3.081,0,0,0
3.0815000000000001,0,0,0
3.0819999999999999,0,0,0
3.0825,0,0,0
3.0830000000000002,0,0,0
3.0834999999999999,0,0,0
3.0840000000000001,0,0,0
3.0844999999999998,0,0,0
3.085,0,0,0
3.0855000000000001,0,0,0
3.0859999999999999,0,0,0
3.0865,0,0,0
3.0870000000000002,0,0,0
3.0874999999999999,0,0,0
3.0880000000000001,0,0,0
3.0884999999999998,0,0,0
3.089,0,0,0
3.0895000000000001,0,0,0
3.0899999999999999,0,0,0
3.0905,0,0,0
3.0910000000000002,0,0,0
3.0914999999999999,0,0,0
3.0920000000000001,0,0,0
3.0924999999999998,0,0,0
3.093,0,0,0
3.0935000000000001,0,0,0
3.0939999999999999,0,0,0
3.0945,0,0,0
3.0950000000000002,0,0,0
3.0954999999999999,0,0,0
3.0960000000000001,0,0,0
3.0964999999999998,0,0,0
3.097,0,0,0
3.0975000000000001,0,0,0
3.0979999999999999,0,0,0
3.0985,0,0,0
3.0990000000000002,0,0,0
3.0994999999999999,0,0,0
3.1000000000000001,0,0,0
3.1004999999999998,0,0,0
3.101,0,0,0
3.1015000000000001,0,0,0
3.1019999999999999,0,0,0
3.1025,0,0,0
3.1030000000000002,0,0,0
3.1034999999999999,0,0,0
3.1040000000000001,0,0,0
3.1044999999999998,0,0,0
3.105,0,0,0
3.1055000000000001,0,0,0
3.1059999999999999,0,0,0
3.1065,0,0,0
3.1070000000000002,0,0,0
3.1074999999999999,0,0,0
3.1080000000000001,0,0,0
3.1084999999999998,0,0,0
3.109,0,0,0
3.1095000000000002,0,0,0
3.1099999999999999,0,0,0
3.1105,0,0,0
3.1110000000000002,0,0,0
3.1114999999999999,0,0,0
3.1120000000000001,0,0,0
3.1124999999999998,0,0,0
3.113,0,0,0
3.1135000000000002,0,0,0
3.1139999999999999,0,0,0
3.1145,0,0,0
3.1150000000000002,0,0,0
3.1154999999999999,0,0,0
3.1160000000000001,0,0,0
3.1164999999999998,0,0,0
3.117,0,0,0
3.1175000000000002,0,0,0
3.1179999999999999,0,0,0
3.1185,0,0,0
3.1190000000000002,0,0,0
3.1194999999999999,0,0,0
3.1200000000000001,0,0,0
3.1204999999999998,0,0,0
3.121,0,0,0
3.1215000000000002,0,0,0
3.1219999999999999,0,0,0
3.1225000000000001,0,0,0
3.1230000000000002,0,0,0
3.1234999999999999,0,0,0
3.1240000000000001,0,0,0
3.1244999999999998,0,0,0
3.125,0,0,0
3.1255000000000002,0,0,0
3.1259999999999999,0,0,0
3.1265000000000001,0,0,0
3.1269999999999998,0,0,0
3.1274999999999999,0,0,0
3.1280000000000001,0,0,0
3.1284999999999998,0,0,0
3.129,0,0,0
3.1295000000000002,0,0,0
3.1299999999999999,0,0,0
3.1305000000000001,0,0,0
3.1309999999999998,0,0,0
3.1315,0,0,0
3.1320000000000001,0,0,0
3.1324999999999998,0,0,0
3.133,0,0,0
3.1335000000000002,0,0,0
3.1339999999999999,0,0,0
3.1345000000000001,0,0,0
3.1349999999999998,0,0,0
3.1355,0,0,0
3.1360000000000001,0,0,0
3.1364999999999998,0,0,0
3.137,0,0,0
3.1375000000000002,0,0,0
3.1379999999999999,0,0,0
3.1385000000000001,0,0,0
3.1389999999999998,0,0,0
3.1395,0,0,0
3.1400000000000001,0,0,0
3.1404999999999998,0,0,0
3.141,0,0,0
3.1415000000000002,0,0,0
3.1419999999999999,0,0,0
3.1425000000000001,0,0,0
3.1429999999999998,0,0,0
3.1435,0,0,0
3.1440000000000001,0,0,0
3.1444999999999999,0,0,0
3.145,0,0,0
3.1455000000000002,0,0,0
3.1459999999999999,0,0,0
3.1465000000000001,0,0,0
3.1469999999999998,0,0,0
3.1475,0,0,0
3.1480000000000001,0,0,0
3.1484999999999999,0,0,0
3.149,0,0,0
3.1495000000000002,0,0,0
3.1499999999999999,0,0,0
3.1505000000000001,0,0,0
3.1509999999999998,0,0,0
3.1515,0,0,0
3.1520000000000001,0,0,0
3.1524999999999999,0,0,0
3.153,0,0,0
3.1535000000000002,0,0,0
3.1539999999999999,0,0,0
3.1545000000000001,0,0,0
3.1549999999999998,0,0,0
3.1555,0,0,0
3.1560000000000001,0,0,0
3.1564999999999999,0,0,0
3.157,0,0,0
3.1575000000000002,0,0,0
3.1579999999999999,0,0,0
3.1585000000000001,0,0,0
3.1589999999999998,0,0,0
3.1595,0,0,0
3.1600000000000001,0,0,0
3.1604999999999999,0,0,0
3.161,0,0,0
3.1615000000000002,0,0,0
3.1619999999999999,0,0,0
3.1625000000000001,0,0,0
3.1629999999999998,0,0,0
3.1635,0,0,0
3.1640000000000001,0,0,0
3.1644999999999999,0,0,0
3.165,0,0,0
3.1655000000000002,0,0,0
3.1659999999999999,0,0,0
3.1665000000000001,0,0,0
3.1669999999999998,0,0,0
3.1675,0,0,0
3.1680000000000001,0,0,0
3.1684999999999999,0,0,0
3.169,0,0,0
3.1695000000000002,0,0,0
3.1699999999999999,0,0,0
3.1705000000000001,0,0,0
3.1709999999999998,0,0,0
3.1715,0,0,0
3.1720000000000002,0,0,0
3.1724999999999999,0,0,0
3.173,0,0,0
3.1735000000000002,0,0,0
3.1739999999999999,0,0,0
3.1745000000000001,0,0,0
3.1749999999999998,0,0,0
3.1755,0,0,0
3.1760000000000002,0,0,0
3.1764999999999999,0,0,0
3.177,0,0,0
3.1775000000000002,0,0,0
3.1779999999999999,0,0,0
3.1785000000000001,0,0,0
3.1789999999999998,0,0,0
3.1795,0,0,0
3.1800000000000002,0,0,0
3.1804999999999999,0,0,0
3.181,0,0,0
3.1815000000000002,0,0,0
3.1819999999999999,0,0,0
3.1825000000000001,0,0,0
3.1829999999999998,0,0,0
3.1835,0,0,0
3.1840000000000002,0,0,0
3.1844999999999999,0,0,0
3.1850000000000001,0,0,0
3.1855000000000002,0,0,0
3.1859999999999999,0,0,0
3.1865000000000001,0,0,0
3.1869999999999998,0,0,0
3.1875,0,0,0
3.1880000000000002,0,0,0
3.1884999999999999,0,0,0
3.1890000000000001,0,0,0
3.1894999999999998,0,0,0
3.1899999999999999,0,0,0
3.1905000000000001,0,0,0
3.1909999999999998,0,0,0
3.1915,0,0,0
3.1920000000000002,0,0,0
3.1924999999999999,0,0,0
3.1930000000000001,0,0,0
3.1934999999999998,0,0,0
3.194,0,0,0
3.1945000000000001,0,0,0
3.1949999999999998,0,0,0
3.1955,0,0,0
3.1960000000000002,0,0,0
3.1964999999999999,0,0,0
3.1970000000000001,0,0,0
3.1974999999999998,0,0,0
3.198,0,0,0
3.1985000000000001,0,0,0
3.1989999999999998,0,0,0
3.1995,0,0,0
3.2000000000000002,0,0,0
3.2004999999999999,0,0,0
3.2010000000000001,0,0,0
3.2014999999999998,0,0,0
3.202,0,0,0
3.2025000000000001,0,0,0
3.2029999999999998,0,0,0
3.2035,0,0,0
3.2040000000000002,0,0,0
3.2044999999999999,0,0,0
3.2050000000000001,0,0,0
3.2054999999999998,0,0,0
3.206,0,0,0
3.2065000000000001,0,0,0
3.2069999999999999,0,0,0
3.2075,0,0,0
3.2080000000000002,0,0,0
3.2084999999999999,0,0,0
3.2090000000000001,0,0,0
3.2094999999999998,0,0,0
3.21,0,0,0
3.2105000000000001,0,0,0
3.2109999999999999,0,0,0
3.2115,0,0,0
3.2120000000000002,0,0,0
3.2124999999999999,0,0,0
3.2130000000000001,0,0,0
3.2134999999999998,0,0,0
3.214,0,0,0
3.2145000000000001,0,0,0
3.2149999999999999,0,0,0
3.2155,0,0,0
3.2160000000000002,0,0,0
3.2164999999999999,0,0,0
3.2170000000000001,0,0,0
3.2174999999999998,0,0,0
3.218,0,0,0
3.2185000000000001,0,0,0
3.2189999999999999,0,0,0
3.2195,0,0,0
3.2200000000000002,0,0,0
3.2204999999999999,0,0,0
3.2210000000000001,0,0,0
3.2214999999999998,0,0,0
3.222,0,0,0
3.2225000000000001,0,0,0
3.2229999999999999,0,0,0
3.2235,0,0,0
3.2240000000000002,0,0,0
3.2244999999999999,0,0,0
3.2250000000000001,0,0,0
3.2254999999999998,0,0,0
3.226,0,0,0
3.2265000000000001,0,0,0
3.2269999999999999,0,0,0
3.2275,0,0,0
3.2280000000000002,0,0,0
3.2284999999999999,0,0,0
3.2290000000000001,0,0,0
3.2294999999999998,0,0,0
3.23,0,0,0
3.2305000000000001,0,0,0
3.2309999999999999,0,0,0
3.2315,0,0,0
3.2320000000000002,0,0,0
3.2324999999999999,0,0,0
3.2330000000000001,0,0,0
3.2334999999999998,0,0,0
3.234,0,0,0
3.2345000000000002,0,0,0
3.2349999999999999,0,0,0
3.2355,0,0,0
3.2360000000000002,0,0,0
3.2364999999999999,0,0,0
3.2370000000000001,0,0,0
3.2374999999999998,0,0,0
3.238,0,0,0
3.2385000000000002,0,0,0
3.2389999999999999,0,0,0
3.2395,0,0,0
3.2400000000000002,0,0,0
3.2404999999999999,0,0,0
3.2410000000000001,0,0,0
3.2414999999999998,0,0,0
3.242,0,0,0
3.2425000000000002,0,0,0
3.2429999999999999,0,0,0
3.2435,0,0,0
3.2440000000000002,0,0,0
3.2444999999999999,0,0,0
3.2450000000000001,0,0,0
3.2454999999999998,0,0,0
3.246,0,0,0
3.2465000000000002,0,0,0
3.2469999999999999,0,0,0
3.2475000000000001,0,0,0
3.2480000000000002,0,0,0
3.2484999999999999,0,0,0
3.2490000000000001,0,0,0
3.2494999999999998,0,0,0
3.25,0,0,0
3.2505000000000002,0,0,0
3.2509999999999999,0,0,0
3.2515000000000001,0,0,0
3.2519999999999998,0,0,0
3.2524999999999999,0,0,0
3.2530000000000001,0,0,0
3.2534999999999998,0,0,0
3.254,0,0,0
3.2545000000000002,0,0,0
3.2549999999999999,0,0,0
3.2555000000000001,0,0,0
3.2559999999999998,0,0,0
3.2565,0,0,0
3.2570000000000001,0,0,0
3.2574999999999998,0,0,0
3.258,0,0,0
3.2585000000000002,0,0,0
3.2589999999999999,0,0,0
3.2595000000000001,0,0,0
3.2599999999999998,0,0,0
3.2605,0,0,0
3.2610000000000001,0,0,0
3.2614999999999998,0,0,0
3.262,0,0,0
3.2625000000000002,0,0,0
3.2629999999999999,0,0,0
3.2635000000000001,0,0,0
3.2639999999999998,0,0,0
3.2645,0,0,0
3.2650000000000001,0,0,0
3.2654999999999998,0,0,0
3.266,0,0,0
3.2665000000000002,0,0,0
3.2669999999999999,0,0,0
3.2675000000000001,0,0,0
3.2679999999999998,0,0,0
3.2685,0,0,0
3.2690000000000001,0,0,0
3.2694999999999999,0,0,0
3.27,0,0,0
3.2705000000000002,0,0,0
3.2709999999999999,0,0,0
3.2715000000000001,0,0,0
3.2719999999999998,0,0,0
3.2725,0,0,0
3.2730000000000001,0,0,0
3.2734999999999999,0,0,0
3.274,0,0,0
3.2745000000000002,0,0,0
3.2749999999999999,0,0,0
3.2755000000000001,0,0,0
3.2759999999999998,0,0,0
3.2765,0,0,0
3.2770000000000001,0,0,0
3.2774999999999999,0,0,0
3.278,0,0,0
3.2785000000000002,0,0,0
3.2789999999999999,0,0,0
3.2795000000000001,0,0,0
3.2799999999999998,0,0,0
3.2805,0,0,0
3.2810000000000001,0,0,0
3.2814999999999999,0,0,0
3.282,0,0,0
3.2825000000000002,0,0,0
3.2829999999999999,0,0,0
3.2835000000000001,0,0,0
3.2839999999999998,0,0,0
3.2845,0,0,0
3.2850000000000001,0,0,0
3.2854999999999999,0,0,0
3.286,0,0,0
3.2865000000000002,0,0,0
3.2869999999999999,0,0,0
3.2875000000000001,0,0,0
3.2879999999999998,0,0,0
3.2885,0,0,0
3.2890000000000001,0,0,0
3.2894999999999999,0,0,0
3.29,0,0,0
3.2905000000000002,0,0,0
3.2909999999999999,0,0,0
3.2915000000000001,0,0,0
3.2919999999999998,0,0,0
3.2925,0,0,0
3.2930000000000001,0,0,0
3.2934999999999999,0,0,0
3.294,0,0,0
3.2945000000000002,0,0,0
3.2949999999999999,0,0,0
3.2955000000000001,0,0,0
3.2959999999999998,0,0,0
3.2965,0,0,0
3.2970000000000002,0,0,0
3.2974999999999999,0,0,0
3.298,0,0,0
3.2985000000000002,0,0,0
3.2989999999999999,0,0,0
3.2995000000000001,0,0,0
3.2999999999999998,0,0,0
3.3005,0,0,0
3.3010000000000002,0,0,0
3.3014999999999999,0,0,0
3.302,0,0,0
3.3025000000000002,0,0,0
3.3029999999999999,0,0,0
3.3035000000000001,0,0,0
3.3039999999999998,0,0,0
3.3045,0,0,0
3.3050000000000002,0,0,0
3.3054999999999999,0,0,0
3.306,0,0,0
3.3065000000000002,0,0,0
3.3069999999999999,0,0,0
3.3075000000000001,0,0,0
3.3079999999999998,0,0,0
3.3085,0,0,0
3.3090000000000002,0,0,0
3.3094999999999999,0,0,0
3.3100000000000001,0,0,0
3.3105000000000002,0,0,0
3.3109999999999999,0,0,0
3.3115000000000001,0,0,0
3.3119999999999998,0,0,0
3.3125,0,0,0
3.3130000000000002,0,0,0
3.3134999999999999,0,0,0
3.3140000000000001,0,0,0
3.3144999999999998,0,0,0
3.3149999999999999,0,0,0
3.3155000000000001,0,0,0
3.3159999999999998,0,0,0
3.3165,0,0,0
3.3170000000000002,0,0,0
3.3174999999999999,0,0,0
3.3180000000000001,0,0,0
3.3184999999999998,0,0,0
3.319,0,0,0
3.3195000000000001,0,0,0
3.3199999999999998,0,0,0
3.3205,0,0,0
3.3210000000000002,0,0,0
3.3214999999999999,0,0,0
3.3220000000000001,0,0,0
3.3224999999999998,0,0,0
3.323,0,0,0
3.3235000000000001,0,0,0
3.3239999999999998,0,0,0
3.3245,0,0,0
3.3250000000000002,0,0,0
3.3254999999999999,0,0,0
3.3260000000000001,0,0,0
3.3264999999999998,0,0,0
3.327,0,0,0
3.3275000000000001,0,0,0
3.3279999999999998,0,0,0
3.3285,0,0,0
3.3290000000000002,0,0,0
3.3294999999999999,0,0,0
3.3300000000000001,0,0,0
3.3304999999999998,0,0,0
3.331,0,0,0
3.3315000000000001,0,0,0
3.3319999999999999,0,0,0
3.3325,0,0,0
3.3330000000000002,0,0,0
3.3334999999999999,0,0,0
3.3340000000000001,0,0,0
3.3344999999999998,0,0,0
3.335,0,0,0
3.3355000000000001,0,0,0
3.3359999999999999,0,0,0
3.3365,0,0,0
3.3370000000000002,0,0,0
3.3374999999999999,0,0,0
3.3380000000000001,0,0,0
3.3384999999999998,0,0,0
3.339,0,0,0
3.3395000000000001,0,0,0
3.3399999999999999,0,0,0
3.3405,0,0,0
3.3410000000000002,0,0,0
3.3414999999999999,0,0,0
3.3420000000000001,0,0,0
3.3424999999999998,0,0,0
3.343,0,0,0
3.3435000000000001,0,0,0
3.3439999999999999,0,0,0
3.3445,0,0,0
3.3450000000000002,0,0,0
3.3454999999999999,0,0,0
3.3460000000000001,0,0,0
3.3464999999999998,0,0,0
3.347,0,0,0
3.3475000000000001,0,0,0
3.3479999999999999,0,0,0
3.3485,0,0,0
3.3490000000000002,0,0,0
3.3494999999999999,0,0,0
3.3500000000000001,0,0,0
3.3504999999999998,0,0,0
3.351,0,0,0
3.3515000000000001,0,0,0
3.3519999999999999,0,0,0
3.3525,0,0,0
3.3530000000000002,0,0,0
3.3534999999999999,0,0,0
3.3540000000000001,0,0,0
3.3544999999999998,0,0,0
3.355,0,0,0
3.3555000000000001,0,0,0
3.3559999999999999,0,0,0
3.3565,0,0,0
3.3570000000000002,0,0,0
3.3574999999999999,0,0,0
3.3580000000000001,0,0,0
3.3584999999999998,0,0,0
3.359,0,0,0
3.3595000000000002,0,0,0
3.3599999999999999,0,0,0
3.3605,0,0,0
3.3610000000000002,0,0,0
3.3614999999999999,0,0,0
3.3620000000000001,0,0,0
3.3624999999999998,0,0,0
3.363,0,0,0
3.3635000000000002,0,0,0
3.3639999999999999,0,0,0
3.3645,0,0,0
3.3650000000000002,0,0,0
3.3654999999999999,0,0,0
3.3660000000000001,0,0,0
3.3664999999999998,0,0,0
3.367,0,0,0
3.3675000000000002,0,0,0
3.3679999999999999,0,0,0
3.3685,0,0,0
3.3690000000000002,0,0,0
3.3694999999999999,0,0,0
3.3700000000000001,0,0,0
3.3704999999999998,0,0,0
3.371,0,0,0
3.3715000000000002,0,0,0
3.3719999999999999,0,0,0
3.3725000000000001,0,0,0
3.3730000000000002,0,0,0
3.3734999999999999,0,0,0
3.3740000000000001,0,0,0
3.3744999999999998,0,0,0
3.375,0,0,0
3.3755000000000002,0,0,0
3.3759999999999999,0,0,0
3.3765000000000001,0,0,0
3.3769999999999998,0,0,0
3.3774999999999999,0,0,0
3.3780000000000001,0,0,0
3.3784999999999998,0,0,0
3.379,0,0,0
3.3795000000000002,0,0,0
3.3799999999999999,0,0,0
3.3805000000000001,0,0,0
3.3809999999999998,0,0,0
3.3815,0,0,0
3.3820000000000001,0,0,0
3.3824999999999998,0,0,0
3.383,0,0,0
3.3835000000000002,0,0,0
3.3839999999999999,0,0,0
3.3845000000000001,0,0,0
3.3849999999999998,0,0,0
3.3855,0,0,0
3.3860000000000001,0,0,0
3.3864999999999998,0,0,0
3.387,0,0,0
3.3875000000000002,0,0,0
3.3879999999999999,0,0,0
3.3885000000000001,0,0,0
3.3889999999999998,0,0,0
3.3895,0,0,0
3.3900000000000001,0,0,0
3.3904999999999998,0,0,0
3.391,0,0,0
3.3915000000000002,0,0,0
3.3919999999999999,0,0,0
3.3925000000000001,0,0,0
3.3929999999999998,0,0,0
3.3935,0,0,0
3.3940000000000001,0,0,0
3.3944999999999999,0,0,0
3.395,0,0,0
3.3955000000000002,0,0,0
3.3959999999999999,0,0,0
3.3965000000000001,0,0,0
3.3969999999999998,0,0,0
3.3975,0,0,0
3.3980000000000001,0,0,0
3.3984999999999999,0,0,0
3.399,0,0,0
3.3995000000000002,0,0,0
3.3999999999999999,0,0,0
3.4005000000000001,0,0,0
3.4009999999999998,0,0,0
3.4015,0,0,0
3.4020000000000001,0,0,0
3.4024999999999999,0,0,0
3.403,0,0,0
3.4035000000000002,0,0,0
3.4039999999999999,0,0,0
3.4045000000000001,0,0,0
3.4049999999999998,0,0,0
3.4055,0,0,0
3.4060000000000001,0,0,0
3.4064999999999999,0,0,0
3.407,0,0,0
3.4075000000000002,0,0,0
3.4079999999999999,0,0,0
3.4085000000000001,0,0,0
3.4089999999999998,0,0,0
3.4095,0,0,0
3.4100000000000001,0,0,0
3.4104999999999999,0,0,0
3.411,0,0,0
3.4115000000000002,0,0,0
3.4119999999999999,0,0,0
3.4125000000000001,0,0,0
3.4129999999999998,0,0,0
3.4135,0,0,0
3.4140000000000001,0,0,0
3.4144999999999999,0,0,0
3.415,0,0,0
3.4155000000000002,0,0,0
3.4159999999999999,0,0,0
3.4165000000000001,0,0,0
3.4169999999999998,0,0,0
3.4175,0,0,0
3.4180000000000001,0,0,0
3.4184999999999999,0,0,0
3.419,0,0,0
3.4195000000000002,0,0,0
3.4199999999999999,0,0,0
3.4205000000000001,0,0,0
3.4209999999999998,0,0,0
3.4215,0,0,0
3.4220000000000002,0,0,0
3.4224999999999999,0,0,0
3.423,0,0,0
3.4235000000000002,0,0,0
3.4239999999999999,0,0,0
3.4245000000000001,0,0,0
3.4249999999999998,0,0,0
3.4255,0,0,0
3.4260000000000002,0,0,0
3.4264999999999999,0,0,0
3.427,0,0,0
3.4275000000000002,0,0,0
3.4279999999999999,0,0,0
3.4285000000000001,0,0,0
3.4289999999999998,0,0,0
3.4295,0,0,0
3.4300000000000002,0,0,0
3.4304999999999999,0,0,0
3.431,0,0,0
3.4315000000000002,0,0,0
3.4319999999999999,0,0,0
3.4325000000000001,0,0,0
3.4329999999999998,0,0,0
3.4335,0,0,0
3.4340000000000002,0,0,0
3.4344999999999999,0,0,0
3.4350000000000001,0,0,0
3.4355000000000002,0,0,0
3.4359999999999999,0,0,0
3.4365000000000001,0,0,0
3.4369999999999998,0,0,0
3.4375,0,0,0
3.4380000000000002,0,0,0
3.4384999999999999,0,0,0
3.4390000000000001,0,0,0
3.4394999999999998,0,0,0
3.4399999999999999,0,0,0
3.4405000000000001,0,0,0
3.4409999999999998,0,0,0
3.4415,0,0,0
3.4420000000000002,0,0,0
3.4424999999999999,0,0,0
3.4430000000000001,0,0,0
3.4434999999999998,0,0,0
3.444,0,0,0
3.4445000000000001,0,0,0
3.4449999999999998,0,0,0
3.4455,0,0,0
3.4460000000000002,0,0,0
3.4464999999999999,0,0,0
3.4470000000000001,0,0,0
3.4474999999999998,0,0,0
3.448,0,0,0
3.4485000000000001,0,0,0
3.4489999999999998,0,0,0
3.4495,0,0,0
3.4500000000000002,0,0,0
3.4504999999999999,0,0,0
3.4510000000000001,0,0,0
3.4514999999999998,0,0,0
3.452,0,0,0
3.4525000000000001,0,0,0
3.4529999999999998,0,0,0
3.4535,0,0,0
3.4540000000000002,0,0,0
3.4544999999999999,0,0,0
3.4550000000000001,0,0,0
3.4554999999999998,0,0,0
3.456,0,0,0
3.4565000000000001,0,0,0
3.4569999999999999,0,0,0
3.4575,0,0,0
3.4580000000000002,0,0,0
3.4584999999999999,0,0,0
3.4590000000000001,0,0,0
3.4594999999999998,0,0,0
3.46,0,0,0
3.4605000000000001,0,0,0
3.4609999999999999,0,0,0
3.4615,0,0,0
3.4620000000000002,0,0,0
3.4624999999999999,0,0,0
3.4630000000000001,0,0,0
3.4634999999999998,0,0,0
3.464,0,0,0
3.4645000000000001,0,0,0
3.4649999999999999,0,0,0
3.4655,0,0,0
3.4660000000000002,0,0,0
3.4664999999999999,0,0,0
3.4670000000000001,0,0,0
3.4674999999999998,0,0,0
3.468,0,0,0
3.4685000000000001,0,0,0
3.4689999999999999,0,0,0
3.4695,0,0,0
3.4700000000000002,0,0,0
3.4704999999999999,0,0,0
3.4710000000000001,0,0,0
3.4714999999999998,0,0,0
3.472,0,0,0
3.4725000000000001,0,0,0
3.4729999999999999,0,0,0
3.4735,0,0,0
3.4740000000000002,0,0,0
3.4744999999999999,0,0,0
3.4750000000000001,0,0,0
3.4754999999999998,0,0,0
3.476,0,0,0
3.4765000000000001,0,0,0
3.4769999999999999,0,0,0
3.4775,0,0,0
3.4780000000000002,0,0,0
3.4784999999999999,0,0,0
3.4790000000000001,0,0,0
3.4794999999999998,0,0,0
3.48,0,0,0
3.4805000000000001,0,0,0
3.4809999999999999,0,0,0
3.4815,0,0,0
3.4820000000000002,0,0,0
3.4824999999999999,0,0,0
3.4830000000000001,0,0,0
3.4834999999999998,0,0,0
3.484,0,0,0
3.4845000000000002,0,0,0
3.4849999999999999,0,0,0
3.4855,0,0,0
3.4860000000000002,0,0,0
3.4864999999999999,0,0,0
3.4870000000000001,0,0,0
3.4874999999999998,0,0,0
3.488,0,0,0
3.4885000000000002,0,0,0
3.4889999999999999,0,0,0
3.4895,0,0,0
3.4900000000000002,0,0,0
3.4904999999999999,0,0,0
3.4910000000000001,0,0,0
3.4914999999999998,0,0,0
3.492,0,0,0
3.4925000000000002,0,0,0
3.4929999999999999,0,0,0
3.4935,0,0,0
3.4940000000000002,0,0,0
3.4944999999999999,0,0,0
3.4950000000000001,0,0,0
3.4954999999999998,0,0,0
3.496,0,0,0
3.4965000000000002,0,0,0
3.4969999999999999,0,0,0
3.4975000000000001,0,0,0
3.4980000000000002,0,0,0
3.4984999999999999,0,0,0
3.4990000000000001,0,0,0
3.4994999999999998,0,0,0
3.5,0,0,0
3.5005000000000002,0,0,0
3.5009999999999999,0,0,0
3.5015000000000001,0,0,0
3.5019999999999998,0,0,0
3.5024999999999999,0,0,0
3.5030000000000001,0,0,0
3.5034999999999998,0,0,0
3.504,0,0,0
3.5045000000000002,0,0,0
3.5049999999999999,0,0,0
3.5055000000000001,0,0,0
3.5059999999999998,0,0,0
3.5065,0,0,0
3.5070000000000001,0,0,0
3.5074999999999998,0,0,0
3.508,0,0,0
3.5085000000000002,0,0,0
3.5089999999999999,0,0,0
3.5095000000000001,0,0,0
3.5099999999999998,0,0,0
3.5105,0,0,0
3.5110000000000001,0,0,0
3.5114999999999998,0,0,0
3.512,0,0,0
3.5125000000000002,0,0,0
3.5129999999999999,0,0,0
3.5135000000000001,0,0,0
3.5139999999999998,0,0,0
3.5145,0,0,0
3.5150000000000001,0,0,0
3.5154999999999998,0,0,0
3.516,0,0,0
3.5165000000000002,0,0,0
3.5169999999999999,0,0,0
3.5175000000000001,0,0,0
3.5179999999999998,0,0,0
3.5185,0,0,0
3.5190000000000001,0,0,0
3.5194999999999999,0,0,0
3.52,0,0,0
3.5205000000000002,0,0,0
3.5209999999999999,0,0,0
3.5215000000000001,0,0,0
3.5219999999999998,0,0,0
3.5225,0,0,0
3.5230000000000001,0,0,0
3.5234999999999999,0,0,0
3.524,0,0,0
3.5245000000000002,0,0,0
3.5249999999999999,0,0,0
3.5255000000000001,0,0,0
3.5259999999999998,0,0,0
3.5265,0,0,0
3.5270000000000001,0,0,0
3.5274999999999999,0,0,0
3.528,0,0,0
3.5285000000000002,0,0,0
3.5289999999999999,0,0,0
3.5295000000000001,0,0,0
3.5299999999999998,0,0,0
3.5305,0,0,0
3.5310000000000001,0,0,0
3.5314999999999999,0,0,0
3.532,0,0,0
3.5325000000000002,0,0,0
3.5329999999999999,0,0,0
3.5335000000000001,0,0,0
3.5339999999999998,0,0,0
3.5345,0,0,0
3.5350000000000001,0,0,0
3.5354999999999999,0,0,0
3.536,0,0,0
3.5365000000000002,0,0,0
3.5369999999999999,0,0,0
3.5375000000000001,0,0,0
3.5379999999999998,0,0,0
3.5385,0,0,0
3.5390000000000001,0,0,0
3.5394999999999999,0,0,0
3.54,0,0,0
3.5405000000000002,0,0,0
3.5409999999999999,0,0,0
3.5415000000000001,0,0,0
3.5419999999999998,0,0,0
3.5425,0,0,0
3.5430000000000001,0,0,0
3.5434999999999999,0,0,0
3.544,0,0,0
3.5445000000000002,0,0,0
3.5449999999999999,0,0,0
3.5455000000000001,0,0,0
3.5459999999999998,0,0,0
3.5465,0,0,0
3.5470000000000002,0,0,0
3.5474999999999999,0,0,0
3.548,0,0,0
3.5485000000000002,0,0,0
3.5489999999999999,0,0,0
3.5495000000000001,0,0,0
3.5499999999999998,0,0,0
3.5505,0,0,0
3.5510000000000002,0,0,0
3.5514999999999999,0,0,0
3.552,0,0,0
3.5525000000000002,0,0,0
3.5529999999999999,0,0,0
3.5535000000000001,0,0,0
3.5539999999999998,0,0,0
3.5545,0,0,0
3.5550000000000002,0,0,0
3.5554999999999999,0,0,0
3.556,0,0,0
3.5565000000000002,0,0,0
3.5569999999999999,0,0,0
3.5575000000000001,0,0,0
3.5579999999999998,0,0,0
3.5585,0,0,0
3.5590000000000002,0,0,0
3.5594999999999999,0,0,0
3.5600000000000001,0,0,0
3.5605000000000002,0,0,0
3.5609999999999999,0,0,0
3.5615000000000001,0,0,0
3.5619999999999998,0,0,0
3.5625,0,0,0
3.5630000000000002,0,0,0
3.5634999999999999,0,0,0
3.5640000000000001,0,0,0
3.5644999999999998,0,0,0
3.5649999999999999,0,0,0
3.5655000000000001,0,0,0
3.5659999999999998,0,0,0
3.5665,0,0,0
3.5670000000000002,0,0,0
3.5674999999999999,0,0,0
3.5680000000000001,0,0,0
3.5684999999999998,0,0,0
3.569,0,0,0
3.5695000000000001,0,0,0
3.5699999999999998,0,0,0
3.5705,0,0,0
3.5710000000000002,0,0,0
3.5714999999999999,0,0,0
3.5720000000000001,0,0,0
3.5724999999999998,0,0,0
3.573,0,0,0
3.5735000000000001,0,0,0
3.5739999999999998,0,0,0
3.5745,0,0,0
3.5750000000000002,0,0,0
3.5754999999999999,0,0,0
3.5760000000000001,0,0,0
3.5764999999999998,0,0,0
3.577,0,0,0
3.5775000000000001,0,0,0
3.5779999999999998,0,0,0
3.5785,0,0,0
3.5790000000000002,0,0,0
3.5794999999999999,0,0,0
3.5800000000000001,0,0,0
3.5804999999999998,0,0,0
3.581,0,0,0
3.5815000000000001,0,0,0
3.5819999999999999,0,0,0
3.5825,0,0,0
3.5830000000000002,0,0,0
3.5834999999999999,0,0,0
3.5840000000000001,0,0,0
3.5844999999999998,0,0,0
3.585,0,0,0
3.5855000000000001,0,0,0
3.5859999999999999,0,0,0
3.5865,0,0,0
3.5870000000000002,0,0,0
3.5874999999999999,0,0,0
3.5880000000000001,0,0,0
3.5884999999999998,0,0,0
3.589,0,0,0
3.5895000000000001,0,0,0
3.5899999999999999,0,0,0
3.5905,0,0,0
3.5910000000000002,0,0,0
3.5914999999999999,0,0,0
3.5920000000000001,0,0,0
3.5924999999999998,0,0,0
3.593,0,0,0
3.5935000000000001,0,0,0
3.5939999999999999,0,0,0
3.5945,0,0,0
3.5950000000000002,0,0,0
3.5954999999999999,0,0,0
3.5960000000000001,0,0,0
3.5964999999999998,0,0,0
3.597,0,0,0
3.5975000000000001,0,0,0
3.5979999999999999,0,0,0
3.5985,0,0,0
3.5990000000000002,0,0,0
3.5994999999999999,0,0,0
3.6000000000000001,0,0,0
3.6004999999999998,0,0,0
3.601,0,0,0
3.6015000000000001,0,0,0
3.6019999999999999,0,0,0
3.6025,0,0,0
3.6030000000000002,0,0,0
3.6034999999999999,0,0,0
3.6040000000000001,0,0,0
3.6044999999999998,0,0,0
3.605,0,0,0
3.6055000000000001,0,0,0
3.6059999999999999,0,0,0
3.6065,0,0,0
3.6070000000000002,0,0,0
3.6074999999999999,0,0,0
3.6080000000000001,0,0,0
3.6084999999999998,0,0,0
3.609,0,0,0
3.6095000000000002,0,0,0
3.6099999999999999,0,0,0
3.6105,0,0,0
3.6110000000000002,0,0,0
3.6114999999999999,0,0,0
3.6120000000000001,0,0,0
3.6124999999999998,0,0,0
3.613,0,0,0
3.6135000000000002,0,0,0
3.6139999999999999,0,0,0
3.6145,0,0,0
3.6150000000000002,0,0,0
3.6154999999999999,0,0,0
3.6160000000000001,0,0,0
3.6164999999999998,0,0,0
3.617,0,0,0
3.6175000000000002,0,0,0
3.6179999999999999,0,0,0
3.6185,0,0,0
3.6190000000000002,0,0,0
3.6194999999999999,0,0,0
3.6200000000000001,0,0,0
3.6204999999999998,0,0,0
3.621,0,0,0
3.6215000000000002,0,0,0
3.6219999999999999,0,0,0
3.6225000000000001,0,0,0
3.6230000000000002,0,0,0
3.6234999999999999,0,0,0
3.6240000000000001,0,0,0
3.6244999999999998,0,0,0
3.625,0,0,0
3.6255000000000002,0,0,0
3.6259999999999999,0,0,0
3.6265000000000001,0,0,0
3.6269999999999998,0,0,0
3.6274999999999999,0,0,0
3.6280000000000001,0,0,0
3.6284999999999998,0,0,0
3.629,0,0,0
3.6295000000000002,0,0,0
3.6299999999999999,0,0,0
3.6305000000000001,0,0,0
3.6309999999999998,0,0,0
3.6315,0,0,0
3.6320000000000001,0,0,0
3.6324999999999998,0,0,0
3.633,0,0,0
3.6335000000000002,0,0,0
3.6339999999999999,0,0,0
3.6345000000000001,0,0,0
3.6349999999999998,0,0,0
3.6355,0,0,0
3.6360000000000001,0,0,0
3.6364999999999998,0,0,0
3.637,0,0,0
3.6375000000000002,0,0,0
3.6379999999999999,0,0,0
3.6385000000000001,0,0,0
3.6389999999999998,0,0,0
3.6395,0,0,0
3.6400000000000001,0,0,0
3.6404999999999998,0,0,0
3.641,0,0,0
3.6415000000000002,0,0,0
3.6419999999999999,0,0,0
3.6425000000000001,0,0,0
3.6429999999999998,0,0,0
3.6435,0,0,0
3.6440000000000001,0,0,0
3.6444999999999999,0,0,0
3.645,0,0,0
3.6455000000000002,0,0,0
3.6459999999999999,0,0,0
3.6465000000000001,0,0,0
3.6469999999999998,0,0,0
3.6475,0,0,0
3.6480000000000001,0,0,0
3.6484999999999999,0,0,0
3.649,0,0,0
3.6495000000000002,0,0,0
3.6499999999999999,0,0,0
3.6505000000000001,0,0,0
3.6509999999999998,0,0,0
3.6515,0,0,0
3.6520000000000001,0,0,0
3.6524999999999999,0,0,0
3.653,0,0,0
3.6535000000000002,0,0,0
3.6539999999999999,0,0,0
3.6545000000000001,0,0,0
3.6549999999999998,0,0,0
3.6555,0,0,0
3.6560000000000001,0,0,0
3.6564999999999999,0,0,0
3.657,0,0,0
3.6575000000000002,0,0,0
3.6579999999999999,0,0,0
3.6585000000000001,0,0,0
3.6589999999999998,0,0,0
3.6595,0,0,0
3.6600000000000001,0,0,0
3.6604999999999999,0,0,0
3.661,0,0,0
3.6615000000000002,0,0,0
3.6619999999999999,0,0,0
3.6625000000000001,0,0,0
3.6629999999999998,0,0,0
3.6635,0,0,0
3.6640000000000001,0,0,0
3.6644999999999999,0,0,0
3.665,0,0,0
3.6655000000000002,0,0,0
3.6659999999999999,0,0,0
3.6665000000000001,0,0,0
3.6669999999999998,0,0,0
3.6675,0,0,0
3.6680000000000001,0,0,0
3.6684999999999999,0,0,0
3.669,0,0,0
3.6695000000000002,0,0,0
3.6699999999999999,0,0,0
3.6705000000000001,0,0,0
3.6709999999999998,0,0,0
3.6715,0,0,0
3.6720000000000002,0,0,0
3.6724999999999999,0,0,0
3.673,0,0,0
3.6735000000000002,0,0,0
3.6739999999999999,0,0,0
3.6745000000000001,0,0,0
3.6749999999999998,0,0,0
3.6755,0,0,0
3.6760000000000002,0,0,0
3.6764999999999999,0,0,0
3.677,0,0,0
3.6775000000000002,0,0,0
3.6779999999999999,0,0,0
3.6785000000000001,0,0,0
3.6789999999999998,0,0,0
3.6795,0,0,0
3.6800000000000002,0,0,0
3.6804999999999999,0,0,0
3.681,0,0,0
3.6815000000000002,0,0,0
3.6819999999999999,0,0,0
3.6825000000000001,0,0,0
3.6829999999999998,0,0,0
3.6835,0,0,0
3.6840000000000002,0,0,0
3.6844999999999999,0,0,0
3.6850000000000001,0,0,0
3.6855000000000002,0,0,0
3.6859999999999999,0,0,0
3.6865000000000001,0,0,0
3.6869999999999998,0,0,0
3.6875,0,0,0
3.6880000000000002,0,0,0
3.6884999999999999,0,0,0
3.6890000000000001,0,0,0
3.6894999999999998,0,0,0
3.6899999999999999,0,0,0
3.6905000000000001,0,0,0
3.6909999999999998,0,0,0
3.6915,0,0,0
3.6920000000000002,0,0,0
3.6924999999999999,0,0,0
3.6930000000000001,0,0,0
3.6934999999999998,0,0,0
3.694,0,0,0
3.6945000000000001,0,0,0
3.6949999999999998,0,0,0
3.6955,0,0,0
3.6960000000000002,0,0,0
3.6964999999999999,0,0,0
3.6970000000000001,0,0,0
3.6974999999999998,0,0,0
3.698,0,0,0
3.6985000000000001,0,0,0
3.6989999999999998,0,0,0
3.6995,0,0,0
3.7000000000000002,0,0,0
3.7004999999999999,0,0,0
3.7010000000000001,0,0,0
3.7014999999999998,0,0,0
3.702,0,0,0
3.7025000000000001,0,0,0
3.7029999999999998,0,0,0
3.7035,0,0,0
3.7040000000000002,0,0,0
3.7044999999999999,0,0,0
3.7050000000000001,0,0,0
3.7054999999999998,0,0,0
3.706,0,0,0
3.7065000000000001,0,0,0
3.7069999999999999,0,0,0
3.7075,0,0,0
3.7080000000000002,0,0,0
3.7084999999999999,0,0,0
3.7090000000000001,0,0,0
3.7094999999999998,0,0,0
3.71,0,0,0
3.7105000000000001,0,0,0
3.7109999999999999,0,0,0
3.7115,0,0,0
3.7120000000000002,0,0,0
3.7124999999999999,0,0,0
3.7130000000000001,0,0,0
3.7134999999999998,0,0,0
3.714,0,0,0
3.7145000000000001,0,0,0
3.7149999999999999,0,0,0
3.7155,0,0,0
3.7160000000000002,0,0,0
3.7164999999999999,0,0,0
3.7170000000000001,0,0,0
3.7174999999999998,0,0,0
3.718,0,0,0
3.7185000000000001,0,0,0
3.7189999999999999,0,0,0
3.7195,0,0,0
3.7200000000000002,0,0,0
3.7204999999999999,0,0,0
3.7210000000000001,0,0,0
3.7214999999999998,0,0,0
3.722,0,0,0
3.7225000000000001,0,0,0
3.7229999999999999,0,0,0
3.7235,0,0,0
3.7240000000000002,0,0,0
3.7244999999999999,0,0,0
3.7250000000000001,0,0,0
3.7254999999999998,0,0,0
3.726,0,0,0
3.7265000000000001,0,0,0
3.7269999999999999,0,0,0
3.7275,0,0,0
3.7280000000000002,0,0,0
3.7284999999999999,0,0,0
3.7290000000000001,0,0,0
3.7294999999999998,0,0,0
3.73,0,0,0
3.7305000000000001,0,0,0
3.7309999999999999,0,0,0
3.7315,0,0,0
3.7320000000000002,0,0,0
3.7324999999999999,0,0,0
3.7330000000000001,0,0,0
3.7334999999999998,0,0,0
3.734,0,0,0
3.7345000000000002,0,0,0
3.7349999999999999,0,0,0
3.7355,0,0,0
3.7360000000000002,0,0,0
3.7364999999999999,0,0,0
3.7370000000000001,0,0,0
3.7374999999999998,0,0,0
3.738,0,0,0
3.7385000000000002,0,0,0
3.7389999999999999,0,0,0
3.7395,0,0,0
3.7400000000000002,0,0,0
3.7404999999999999,0,0,0
3.7410000000000001,0,0,0
3.7414999999999998,0,0,0
3.742,0,0,0
3.7425000000000002,0,0,0
3.7429999999999999,0,0,0
3.7435,0,0,0
3.7440000000000002,0,0,0
3.7444999999999999,0,0,0
3.7450000000000001,0,0,0
3.7454999999999998,0,0,0
3.746,0,0,0
3.7465000000000002,0,0,0
3.7469999999999999,0,0,0
3.7475000000000001,0,0,0
3.7480000000000002,0,0,0
3.7484999999999999,0,0,0
3.7490000000000001,0,0,0
3.7494999999999998,0,0,0
3.75,0,0,0
3.7505000000000002,0,0,0
3.7509999999999999,0,0,0
3.7515000000000001,0,0,0
3.7519999999999998,0,0,0
3.7524999999999999,0,0,0
3.7530000000000001,0,0,0
3.7534999999999998,0,0,0
3.754,0,0,0
3.7545000000000002,0,0,0
3.7549999999999999,0,0,0
3.7555000000000001,0,0,0
3.7559999999999998,0,0,0
3.7565,0,0,0
3.7570000000000001,0,0,0
3.7574999999999998,0,0,0
3.758,0,0,0
3.7585000000000002,0,0,0
3.7589999999999999,0,0,0
3.7595000000000001,0,0,0
3.7599999999999998,0,0,0
3.7605,0,0,0
3.7610000000000001,0,0,0
3.7614999999999998,0,0,0
3.762,0,0,0
3.7625000000000002,0,0,0
3.7629999999999999,0,0,0
3.7635000000000001,0,0,0
3.7639999999999998,0,0,0
3.7645,0,0,0
3.7650000000000001,0,0,0
3.7654999999999998,0,0,0
3.766,0,0,0
3.7665000000000002,0,0,0
3.7669999999999999,0,0,0
3.7675000000000001,0,0,0
3.7679999999999998,0,0,0
3.7685,0,0,0
3.7690000000000001,0,0,0
3.7694999999999999,0,0,0
3.77,0,0,0
3.7705000000000002,0,0,0
3.7709999999999999,0,0,0
3.7715000000000001,0,0,0
3.7719999999999998,0,0,0
3.7725,0,0,0
3.7730000000000001,0,0,0
3.7734999999999999,0,0,0
3.774,0,0,0
3.7745000000000002,0,0,0
3.7749999999999999,0,0,0
3.7755000000000001,0,0,0
3.7759999999999998,0,0,0
3.7765,0,0,0
3.7770000000000001,0,0,0
3.7774999999999999,0,0,0
3.778,0,0,0
3.7785000000000002,0,0,0
3.7789999999999999,0,0,0
3.7795000000000001,0,0,0
3.7799999999999998,0,0,0
3.7805,0,0,0
3.7810000000000001,0,0,0
3.7814999999999999,0,0,0
3.782,0,0,0
3.7825000000000002,0,0,0
3.7829999999999999,0,0,0
3.7835000000000001,0,0,0
3.7839999999999998,0,0,0
3.7845,0,0,0
3.7850000000000001,0,0,0
3.7854999999999999,0,0,0
3.786,0,0,0
3.7865000000000002,0,0,0
3.7869999999999999,0,0,0
3.7875000000000001,0,0,0
3.7879999999999998,0,0,0
3.7885,0,0,0
3.7890000000000001,0,0,0
3.7894999999999999,0,0,0
3.79,0,0,0
3.7905000000000002,0,0,0
3.7909999999999999,0,0,0
3.7915000000000001,0,0,0
3.7919999999999998,0,0,0
3.7925,0,0,0
3.7930000000000001,0,0,0
3.7934999999999999,0,0,0
3.794,0,0,0
3.7945000000000002,0,0,0
3.7949999999999999,0,0,0
3.7955000000000001,0,0,0
3.7959999999999998,0,0,0
3.7965,0,0,0
3.7970000000000002,0,0,0
3.7974999999999999,0,0,0
3.798,0,0,0
3.7985000000000002,0,0,0
3.7989999999999999,0,0,0
3.7995000000000001,0,0,0
3.7999999999999998,0,0,0
3.8005,0,0,0
3.8010000000000002,0,0,0
3.8014999999999999,0,0,0
3.802,0,0,0
3.8025000000000002,0,0,0
3.8029999999999999,0,0,0
3.8035000000000001,0,0,0
3.8039999999999998,0,0,0
3.8045,0,0,0
3.8050000000000002,0,0,0
3.8054999999999999,0,0,0
3.806,0,0,0
3.8065000000000002,0,0,0
3.8069999999999999,0,0,0
3.8075000000000001,0,0,0
3.8079999999999998,0,0,0
3.8085,0,0,0
3.8090000000000002,0,0,0
3.8094999999999999,0,0,0
3.8100000000000001,0,0,0
3.8105000000000002,0,0,0
3.8109999999999999,0,0,0
3.8115000000000001,0,0,0
3.8119999999999998,0,0,0
3.8125,0,0,0
3.8130000000000002,0,0,0
3.8134999999999999,0,0,0
3.8140000000000001,0,0,0
3.8144999999999998,0,0,0
3.8149999999999999,0,0,0
3.8155000000000001,0,0,0
3.8159999999999998,0,0,0
3.8165,0,0,0
3.8170000000000002,0,0,0
3.8174999999999999,0,0,0
3.8180000000000001,0,0,0
3.8184999999999998,0,0,0
3.819,0,0,0
3.8195000000000001,0,0,0
3.8199999999999998,0,0,0
3.8205,0,0,0
3.8210000000000002,0,0,0
3.8214999999999999,0,0,0
3.8220000000000001,0,0,0
3.8224999999999998,0,0,0
3.823,0,0,0
3.8235000000000001,0,0,0
3.8239999999999998,0,0,0
3.8245,0,0,0
3.8250000000000002,0,0,0
3.8254999999999999,0,0,0
3.8260000000000001,0,0,0
3.8264999999999998,0,0,0
3.827,0,0,0
3.8275000000000001,0,0,0
3.8279999999999998,0,0,0
3.8285,0,0,0
3.8290000000000002,0,0,0
3.8294999999999999,0,0,0
3.8300000000000001,0,0,0
3.8304999999999998,0,0,0
3.831,0,0,0
3.8315000000000001,0,0,0
3.8319999999999999,0,0,0
3.8325,0,0,0
3.8330000000000002,0,0,0
3.8334999999999999,0,0,0
3.8340000000000001,0,0,0
3.8344999999999998,0,0,0
3.835,0,0,0
3.8355000000000001,0,0,0
3.8359999999999999,0,0,0
3.8365,0,0,0
3.8370000000000002,0,0,0
3.8374999999999999,0,0,0
3.8380000000000001,0,0,0
3.8384999999999998,0,0,0
3.839,0,0,0
3.8395000000000001,0,0,0
3.8399999999999999,0,0,0
3.8405,0,0,0
3.8410000000000002,0,0,0
3.8414999999999999,0,0,0
3.8420000000000001,0,0,0
3.8424999999999998,0,0,0
3.843,0,0,0
3.8435000000000001,0,0,0
3.8439999999999999,0,0,0
3.8445,0,0,0
3.8450000000000002,0,0,0
3.8454999999999999,0,0,0
3.8460000000000001,0,0,0
3.8464999999999998,0,0,0
3.847,0,0,0
3.8475000000000001,0,0,0
3.8479999999999999,0,0,0
3.8485,0,0,0
3.8490000000000002,0,0,0
3.8494999999999999,0,0,0
3.8500000000000001,0,0,0
3.8504999999999998,0,0,0
3.851,0,0,0
3.8515000000000001,0,0,0
3.8519999999999999,0,0,0
3.8525,0,0,0
3.8530000000000002,0,0,0
3.8534999999999999,0,0,0
3.8540000000000001,0,0,0
3.8544999999999998,0,0,0
3.855,0,0,0
3.8555000000000001,0,0,0
3.8559999999999999,0,0,0
3.8565,0,0,0
3.8570000000000002,0,0,0
3.8574999999999999,0,0,0
3.8580000000000001,0,0,0
3.8584999999999998,0,0,0
3.859,0,0,0
3.8595000000000002,0,0,0
3.8599999999999999,0,0,0
3.8605,0,0,0
3.8610000000000002,0,0,0
3.8614999999999999,0,0,0
3.8620000000000001,0,0,0
3.8624999999999998,0,0,0
3.863,0,0,0
3.8635000000000002,0,0,0
3.8639999999999999,0,0,0
3.8645,0,0,0
3.8650000000000002,0,0,0
3.8654999999999999,0,0,0
3.8660000000000001,0,0,0
3.8664999999999998,0,0,0
3.867,0,0,0
3.8675000000000002,0,0,0
3.8679999999999999,0,0,0
3.8685,0,0,0
3.8690000000000002,0,0,0
3.8694999999999999,0,0,0
3.8700000000000001,0,0,0
3.8704999999999998,0,0,0
3.871,0,0,0
3.8715000000000002,0,0,0
3.8719999999999999,0,0,0
3.8725000000000001,0,0,0
3.8730000000000002,0,0,0
3.8734999999999999,0,0,0
3.8740000000000001,0,0,0
3.8744999999999998,0,0,0
3.875,0,0,0
3.8755000000000002,0,0,0
3.8759999999999999,0,0,0
3.8765000000000001,0,0,0
3.8769999999999998,0,0,0
3.8774999999999999,0,0,0
3.8780000000000001,0,0,0
3.8784999999999998,0,0,0
3.879,0,0,0
3.8795000000000002,0,0,0
3.8799999999999999,0,0,0
3.8805000000000001,0,0,0
3.8809999999999998,0,0,0
3.8815,0,0,0
3.8820000000000001,0,0,0
3.8824999999999998,0,0,0
3.883,0,0,0
3.8835000000000002,0,0,0
3.8839999999999999,0,0,0
3.8845000000000001,0,0,0
3.8849999999999998,0,0,0
3.8855,0,0,0
3.8860000000000001,0,0,0
3.8864999999999998,0,0,0
3.887,0,0,0
3.8875000000000002,0,0,0
3.8879999999999999,0,0,0
3.8885000000000001,0,0,0
3.8889999999999998,0,0,0
3.8895,0,0,0
3.8900000000000001,0,0,0
3.8904999999999998,0,0,0
3.891,0,0,0
3.8915000000000002,0,0,0
3.8919999999999999,0,0,0
3.8925000000000001,0,0,0
3.8929999999999998,0,0,0
3.8935,0,0,0
3.8940000000000001,0,0,0
3.8944999999999999,0,0,0
3.895,0,0,0
3.8955000000000002,0,0,0
3.8959999999999999,0,0,0
3.8965000000000001,0,0,0
3.8969999999999998,0,0,0
3.8975,0,0,0
3.8980000000000001,0,0,0
3.8984999999999999,0,0,0
3.899,0,0,0
3.8995000000000002,0,0,0
3.8999999999999999,0,0,0
3.9005000000000001,0,0,0
3.9009999999999998,0,0,0
3.9015,0,0,0
3.9020000000000001,0,0,0
3.9024999999999999,0,0,0
3.903,0,0,0
3.9035000000000002,0,0,0
3.9039999999999999,0,0,0
3.9045000000000001,0,0,0
3.9049999999999998,0,0,0
3.9055,0,0,0
3.9060000000000001,0,0,0
3.9064999999999999,0,0,0
3.907,0,0,0
3.9075000000000002,0,0,0
3.9079999999999999,0,0,0
3.9085000000000001,0,0,0
3.9089999999999998,0,0,0
3.9095,0,0,0
3.9100000000000001,0,0,0
3.9104999999999999,0,0,0
3.911,0,0,0
3.9115000000000002,0,0,0
3.9119999999999999,0,0,0
3.9125000000000001,0,0,0
3.9129999999999998,0,0,0
3.9135,0,0,0
3.9140000000000001,0,0,0
3.9144999999999999,0,0,0
3.915,0,0,0
3.9155000000000002,0,0,0
3.9159999999999999,0,0,0
3.9165000000000001,0,0,0
3.9169999999999998,0,0,0
3.9175,0,0,0
3.9180000000000001,0,0,0
3.9184999999999999,0,0,0
3.919,0,0,0
3.9195000000000002,0,0,0
3.9199999999999999,0,0,0
3.9205000000000001,0,0,0
3.9209999999999998,0,0,0
3.9215,0,0,0
3.9220000000000002,0,0,0
3.9224999999999999,0,0,0
3.923,0,0,0
3.9235000000000002,0,0,0
3.9239999999999999,0,0,0
3.9245000000000001,0,0,0
3.9249999999999998,0,0,0
3.9255,0,0,0
3.9260000000000002,0,0,0
3.9264999999999999,0,0,0
3.927,0,0,0
3.9275000000000002,0,0,0
3.9279999999999999,0,0,0
3.9285000000000001,0,0,0
3.9289999999999998,0,0,0
3.9295,0,0,0
3.9300000000000002,0,0,0
3.9304999999999999,0,0,0
3.931,0,0,0
3.9315000000000002,0,0,0
3.9319999999999999,0,0,0
3.9325000000000001,0,0,0
3.9329999999999998,0,0,0
3.9335,0,0,0
3.9340000000000002,0,0,0
3.9344999999999999,0,0,0
3.9350000000000001,0,0,0
3.9355000000000002,0,0,0
3.9359999999999999,0,0,0
3.9365000000000001,0,0,0
3.9369999999999998,0,0,0
3.9375,0,0,0
3.9380000000000002,0,0,0
3.9384999999999999,0,0,0
3.9390000000000001,0,0,0
3.9394999999999998,0,0,0
3.9399999999999999,0,0,0
3.9405000000000001,0,0,0
3.9409999999999998,0,0,0
3.9415,0,0,0
3.9420000000000002,0,0,0
3.9424999999999999,0,0,0
3.9430000000000001,0,0,0
3.9434999999999998,0,0,0
3.944,0,0,0
3.9445000000000001,0,0,0
3.9449999999999998,0,0,0
3.9455,0,0,0
3.9460000000000002,0,0,0
3.9464999999999999,0,0,0
3.9470000000000001,0,0,0
3.9474999999999998,0,0,0
3.948,0,0,0
3.9485000000000001,0,0,0
3.9489999999999998,0,0,0
3.9495,0,0,0
3.9500000000000002,0,0,0
3.9504999999999999,0,0,0
3.9510000000000001,0,0,0
3.9514999999999998,0,0,0
3.952,0,0,0
3.9525000000000001,0,0,0
3.9529999999999998,0,0,0
3.9535,0,0,0
3.9540000000000002,0,0,0
3.9544999999999999,0,0,0
3.9550000000000001,0,0,0
3.9554999999999998,0,0,0
3.956,0,0,0
3.9565000000000001,0,0,0
3.9569999999999999,0,0,0
3.9575,0,0,0
3.9580000000000002,0,0,0
3.9584999999999999,0,0,0
3.9590000000000001,0,0,0
3.9594999999999998,0,0,0
3.96,0,0,0
3.9605000000000001,0,0,0
3.9609999999999999,0,0,0
3.9615,0,0,0
3.9620000000000002,0,0,0
3.9624999999999999,0,0,0
3.9630000000000001,0,0,0
3.9634999999999998,0,0,0
3.964,0,0,0
3.9645000000000001,0,0,0
3.9649999999999999,0,0,0
3.9655,0,0,0
3.9660000000000002,0,0,0
3.9664999999999999,0,0,0
3.9670000000000001,0,0,0
3.9674999999999998,0,0,0
3.968,0,0,0
3.9685000000000001,0,0,0
3.9689999999999999,0,0,0
3.9695,0,0,0
3.9700000000000002,0,0,0
3.9704999999999999,0,0,0
3.9710000000000001,0,0,0
3.9714999999999998,0,0,0
3.972,0,0,0
3.9725000000000001,0,0,0
3.9729999999999999,0,0,0
3.9735,0,0,0
3.9740000000000002,0,0,0
3.9744999999999999,0,0,0
3.9750000000000001,0,0,0
3.9754999999999998,0,0,0
3.976,0,0,0
3.9765000000000001,0,0,0
3.9769999999999999,0,0,0
3.9775,0,0,0
3.9780000000000002,0,0,0
3.9784999999999999,0,0,0
3.9790000000000001,0,0,0
3.9794999999999998,0,0,0
3.98,0,0,0
3.9805000000000001,0,0,0
3.9809999999999999,0,0,0
3.9815,0,0,0
3.9820000000000002,0,0,0
3.9824999999999999,0,0,0
3.9830000000000001,0,0,0
3.9834999999999998,0,0,0
3.984,0,0,0
3.9845000000000002,0,0,0
3.9849999999999999,0,0,0
3.9855,0,0,0
3.9860000000000002,0,0,0
3.9864999999999999,0,0,0
3.9870000000000001,0,0,0
3.9874999999999998,0,0,0
3.988,0,0,0
3.9885000000000002,0,0,0
3.9889999999999999,0,0,0
3.9895,0,0,0
3.9900000000000002,0,0,0
3.9904999999999999,0,0,0
3.9910000000000001,0,0,0
3.9914999999999998,0,0,0
3.992,0,0,0
3.9925000000000002,0,0,0
3.9929999999999999,0,0,0
3.9935,0,0,0
3.9940000000000002,0,0,0
3.9944999999999999,0,0,0
3.9950000000000001,0,0,0
3.9954999999999998,0,0,0
3.996,0,0,0
3.9965000000000002,0,0,0
3.9969999999999999,0,0,0
3.9975000000000001,0,0,0
3.9980000000000002,0,0,0
3.9984999999999999,0,0,0
3.9990000000000001,0,0,0
3.9994999999999998,0,0,0
4,0,0,0
4.0004999999999997,0,0,0
4.0010000000000003,0,0,0
4.0015000000000001,0,0,0
4.0019999999999998,0,0,0
4.0025000000000004,0,0,0
4.0030000000000001,0,0,0
4.0034999999999998,0,0,0
4.0039999999999996,0,0,0
4.0045000000000002,0,0,0
4.0049999999999999,0,0,0
4.0054999999999996,0,0,0
4.0060000000000002,0,0,0
4.0065,0,0,0
4.0069999999999997,0,0,0
4.0075000000000003,0,0,0
4.008,0,0,0
4.0084999999999997,0,0,0
4.0090000000000003,0,0,0
4.0095000000000001,0,0,0
4.0099999999999998,0,0,0
4.0105000000000004,0,0,0
4.0110000000000001,0,0,0
4.0114999999999998,0,0,0
4.0119999999999996,0,0,0
4.0125000000000002,0,0,0
4.0129999999999999,0,0,0
4.0134999999999996,0,0,0
4.0140000000000002,0,0,0
4.0145,0,0,0
4.0149999999999997,0,0,0
4.0155000000000003,0,0,0
4.016,0,0,0
4.0164999999999997,0,0,0
4.0170000000000003,0,0,0
4.0175000000000001,0,0,0
4.0179999999999998,0,0,0
4.0185000000000004,0,0,0
4.0190000000000001,0,0,0
4.0194999999999999,0,0,0
4.0199999999999996,0,0,0
4.0205000000000002,0,0,0
4.0209999999999999,0,0,0
4.0214999999999996,0,0,0
4.0220000000000002,0,0,0
4.0225,0,0,0
4.0229999999999997,0,0,0
4.0235000000000003,0,0,0
4.024,0,0,0
4.0244999999999997,0,0,0
4.0250000000000004,0,0,0
4.0255000000000001,0,0,0
4.0259999999999998,0,0,0
4.0265000000000004,0,0,0
4.0270000000000001,0,0,0
4.0274999999999999,0,0,0
4.0279999999999996,0,0,0
4.0285000000000002,0,0,0
4.0289999999999999,0,0,0
4.0294999999999996,0,0,0
4.0300000000000002,0,0,0
4.0305,0,0,0
4.0309999999999997,0,0,0
4.0315000000000003,0,0,0
4.032,0,0,0
4.0324999999999998,0,0,0
4.0330000000000004,0,0,0
4.0335000000000001,0,0,0
4.0339999999999998,0,0,0
4.0345000000000004,0,0,0
4.0350000000000001,0,0,0
4.0354999999999999,0,0,0
4.0359999999999996,0,0,0
4.0365000000000002,0,0,0
4.0369999999999999,0,0,0
4.0374999999999996,0,0,0
4.0380000000000003,0,0,0
4.0385,0,0,0
4.0389999999999997,0,0,0
4.0395000000000003,0,0,0
4.04,0,0,0
4.0404999999999998,0,0,0
4.0410000000000004,0,0,0
4.0415000000000001,0,0,0
4.0419999999999998,0,0,0
4.0425000000000004,0,0,0
4.0430000000000001,0,0,0
4.0434999999999999,0,0,0
4.0439999999999996,0,0,0
4.0445000000000002,0,0,0
4.0449999999999999,0,0,0
4.0454999999999997,0,0,0
4.0460000000000003,0,0,0
4.0465,0,0,0
4.0469999999999997,0,0,0
4.0475000000000003,0,0,0
4.048,0,0,0
4.0484999999999998,0,0,0
4.0490000000000004,0,0,0
4.0495000000000001,0,0,0
4.0499999999999998,0,0,0
4.0505000000000004,0,0,0
4.0510000000000002,0,0,0
4.0514999999999999,0,0,0
4.0519999999999996,0,0,0
4.0525000000000002,0,0,0
4.0529999999999999,0,0,0
4.0534999999999997,0,0,0
4.0540000000000003,0,0,0
4.0545,0,0,0
4.0549999999999997,0,0,0
4.0555000000000003,0,0,0
4.056,0,0,0
4.0564999999999998,0,0,0
4.0570000000000004,0,0,0
4.0575000000000001,0,0,0
4.0579999999999998,0,0,0
4.0585000000000004,0,0,0
4.0590000000000002,0,0,0
4.0594999999999999,0,0,0
4.0599999999999996,0,0,0
4.0605000000000002,0,0,0
4.0609999999999999,0,0,0
4.0614999999999997,0,0,0
4.0620000000000003,0,0,0
4.0625,0,0,0
4.0629999999999997,0,0,0
4.0635000000000003,0,0,0
4.0640000000000001,0,0,0
4.0644999999999998,0,0,0
4.0650000000000004,0,0,0
4.0655000000000001,0,0,0
4.0659999999999998,0,0,0
4.0664999999999996,0,0,0
4.0670000000000002,0,0,0
4.0674999999999999,0,0,0
4.0679999999999996,0,0,0
4.0685000000000002,0,0,0
4.069,0,0,0
4.0694999999999997,0,0,0
4.0700000000000003,0,0,0
4.0705,0,0,0
4.0709999999999997,0,0,0
4.0715000000000003,0,0,0
4.0720000000000001,0,0,0
4.0724999999999998,0,0,0
4.0730000000000004,0,0,0
4.0735000000000001,0,0,0
4.0739999999999998,0,0,0
4.0744999999999996,0,0,0
4.0750000000000002,0,0,0
4.0754999999999999,0,0,0
4.0759999999999996,0,0,0
4.0765000000000002,0,0,0
4.077,0,0,0
4.0774999999999997,0,0,0
4.0780000000000003,0,0,0
4.0785,0,0,0
4.0789999999999997,0,0,0
4.0795000000000003,0,0,0
4.0800000000000001,0,0,0
4.0804999999999998,0,0,0
4.0810000000000004,0,0,0
4.0815000000000001,0,0,0
4.0819999999999999,0,0,0
4.0824999999999996,0,0,0
4.0830000000000002,0,0,0
4.0834999999999999,0,0,0
4.0839999999999996,0,0,0
4.0845000000000002,0,0,0
4.085,0,0,0
4.0854999999999997,0,0,0
4.0860000000000003,0,0,0
4.0865,0,0,0
4.0869999999999997,0,0,0
4.0875000000000004,0,0,0
4.0880000000000001,0,0,0
4.0884999999999998,0,0,0
4.0890000000000004,0,0,0
4.0895000000000001,0,0,0
4.0899999999999999,0,0,0
4.0904999999999996,0,0,0
4.0910000000000002,0,0,0
4.0914999999999999,0,0,0
4.0919999999999996,0,0,0
4.0925000000000002,0,0,0
4.093,0,0,0
4.0934999999999997,0,0,0
4.0940000000000003,0,0,0
4.0945,0,0,0
4.0949999999999998,0,0,0
4.0955000000000004,0,0,0
4.0960000000000001,0,0,0
4.0964999999999998,0,0,0
4.0970000000000004,0,0,0
4.0975000000000001,0,0,0
4.0979999999999999,0,0,0
4.0984999999999996,0,0,0
4.0990000000000002,0,0,0
4.0994999999999999,0,0,0
4.0999999999999996,0,0,0
4.1005000000000003,0,0,0
4.101,0,0,0
4.1014999999999997,0,0,0
4.1020000000000003,0,0,0
4.1025,0,0,0
4.1029999999999998,0,0,0
4.1035000000000004,0,0,0
4.1040000000000001,0,0,0
4.1044999999999998,0,0,0
4.1050000000000004,0,0,0
4.1055000000000001,0,0,0
4.1059999999999999,0,0,0
4.1064999999999996,0,0,0
4.1070000000000002,0,0,0
4.1074999999999999,0,0,0
4.1079999999999997,0,0,0
4.1085000000000003,0,0,0
4.109,0,0,0
4.1094999999999997,0,0,0
4.1100000000000003,0,0,0
4.1105,0,0,0
4.1109999999999998,0,0,0
4.1115000000000004,0,0,0
4.1120000000000001,0,0,0
4.1124999999999998,0,0,0
4.1130000000000004,0,0,0
4.1135000000000002,0,0,0
4.1139999999999999,0,0,0
4.1144999999999996,0,0,0
4.1150000000000002,0,0,0
4.1154999999999999,0,0,0
4.1159999999999997,0,0,0
4.1165000000000003,0,0,0
4.117,0,0,0
4.1174999999999997,0,0,0
4.1180000000000003,0,0,0
4.1185,0,0,0
4.1189999999999998,0,0,0
4.1195000000000004,0,0,0
4.1200000000000001,0,0,0
4.1204999999999998,0,0,0
4.1210000000000004,0,0,0
4.1215000000000002,0,0,0
4.1219999999999999,0,0,0
4.1224999999999996,0,0,0
4.1230000000000002,0,0,0
4.1234999999999999,0,0,0
4.1239999999999997,0,0,0
4.1245000000000003,0,0,0
4.125,0,0,0
4.1254999999999997,0,0,0
4.1260000000000003,0,0,0
4.1265000000000001,0,0,0
4.1269999999999998,0,0,0
4.1275000000000004,0,0,0
4.1280000000000001,0,0,0
4.1284999999999998,0,0,0
4.1289999999999996,0,0,0
4.1295000000000002,0,0,0
4.1299999999999999,0,0,0
4.1304999999999996,0,0,0
4.1310000000000002,0,0,0
4.1315,0,0,0
4.1319999999999997,0,0,0
4.1325000000000003,0,0,0
4.133,0,0,0
4.1334999999999997,0,0,0
4.1340000000000003,0,0,0
4.1345000000000001,0,0,0
4.1349999999999998,0,0,0
4.1355000000000004,0,0,0
4.1360000000000001,0,0,0
4.1364999999999998,0,0,0
4.1369999999999996,0,0,0
4.1375000000000002,0,0,0
4.1379999999999999,0,0,0
4.1384999999999996,0,0,0
4.1390000000000002,0,0,0
4.1395,0,0,0
4.1399999999999997,0,0,0
4.1405000000000003,0,0,0
4.141,0,0,0
4.1414999999999997,0,0,0
4.1420000000000003,0,0,0
4.1425000000000001,0,0,0
4.1429999999999998,0,0,0
4.1435000000000004,0,0,0
4.1440000000000001,0,0,0
4.1444999999999999,0,0,0
4.1449999999999996,0,0,0
4.1455000000000002,0,0,0
4.1459999999999999,0,0,0
4.1464999999999996,0,0,0
4.1470000000000002,0,0,0
4.1475,0,0,0
4.1479999999999997,0,0,0
4.1485000000000003,0,0,0
4.149,0,0,0
4.1494999999999997,0,0,0
4.1500000000000004,0,0,0
4.1505000000000001,0,0,0
4.1509999999999998,0,0,0
4.1515000000000004,0,0,0
4.1520000000000001,0,0,0
4.1524999999999999,0,0,0
4.1529999999999996,0,0,0
4.1535000000000002,0,0,0
4.1539999999999999,0,0,0
4.1544999999999996,0,0,0
4.1550000000000002,0,0,0
4.1555,0,0,0
4.1559999999999997,0,0,0
4.1565000000000003,0,0,0
4.157,0,0,0
4.1574999999999998,0,0,0
4.1580000000000004,0,0,0
4.1585000000000001,0,0,0
4.1589999999999998,0,0,0
4.1595000000000004,0,0,0
4.1600000000000001,0,0,0
4.1604999999999999,0,0,0
4.1609999999999996,0,0,0
4.1615000000000002,0,0,0
4.1619999999999999,0,0,0
4.1624999999999996,0,0,0
4.1630000000000003,0,0,0
4.1635,0,0,0
4.1639999999999997,0,0,0
4.1645000000000003,0,0,0
4.165,0,0,0
4.1654999999999998,0,0,0
4.1660000000000004,0,0,0
4.1665000000000001,0,0,0
4.1669999999999998,0,0,0
4.1675000000000004,0,0,0
4.1680000000000001,0,0,0
4.1684999999999999,0,0,0
4.1689999999999996,0,0,0
4.1695000000000002,0,0,0
4.1699999999999999,0,0,0
4.1704999999999997,0,0,0
4.1710000000000003,0,0,0
4.1715,0,0,0
4.1719999999999997,0,0,0
4.1725000000000003,0,0,0
4.173,0,0,0
4.1734999999999998,0,0,0
4.1740000000000004,0,0,0
4.1745000000000001,0,0,0
4.1749999999999998,0,0,0
4.1755000000000004,0,0,0
4.1760000000000002,0,0,0
4.1764999999999999,0,0,0
4.1769999999999996,0,0,0
4.1775000000000002,0,0,0
4.1779999999999999,0,0,0
4.1784999999999997,0,0,0
4.1790000000000003,0,0,0
4.1795,0,0,0
4.1799999999999997,0,0,0
4.1805000000000003,0,0,0
4.181,0,0,0
4.1814999999999998,0,0,0
4.1820000000000004,0,0,0
4.1825000000000001,0,0,0
4.1829999999999998,0,0,0
4.1835000000000004,0,0,0
4.1840000000000002,0,0,0
4.1844999999999999,0,0,0
4.1849999999999996,0,0,0
4.1855000000000002,0,0,0
4.1859999999999999,0,0,0
4.1864999999999997,0,0,0
4.1870000000000003,0,0,0
4.1875,0,0,0
4.1879999999999997,0,0,0
4.1885000000000003,0,0,0
4.1890000000000001,0,0,0
4.1894999999999998,0,0,0
4.1900000000000004,0,0,0
4.1905000000000001,0,0,0
4.1909999999999998,0,0,0
4.1914999999999996,0,0,0
4.1920000000000002,0,0,0
4.1924999999999999,0,0,0
4.1929999999999996,0,0,0
4.1935000000000002,0,0,0
4.194,0,0,0
4.1944999999999997,0,0,0
4.1950000000000003,0,0,0
4.1955,0,0,0
4.1959999999999997,0,0,0
4.1965000000000003,0,0,0
4.1970000000000001,0,0,0
4.1974999999999998,0,0,0
4.1980000000000004,0,0,0
4.1985000000000001,0,0,0
4.1989999999999998,0,0,0
4.1994999999999996,0,0,0
4.2000000000000002,0,0,0
4.2004999999999999,0,0,0
4.2009999999999996,0,0,0
4.2015000000000002,0,0,0
4.202,0,0,0
4.2024999999999997,0,0,0
4.2030000000000003,0,0,0
4.2035,0,0,0
4.2039999999999997,0,0,0
4.2045000000000003,0,0,0
4.2050000000000001,0,0,0
4.2054999999999998,0,0,0
4.2060000000000004,0,0,0
4.2065000000000001,0,0,0
4.2069999999999999,0,0,0
4.2074999999999996,0,0,0
4.2080000000000002,0,0,0
4.2084999999999999,0,0,0
4.2089999999999996,0,0,0
4.2095000000000002,0,0,0
4.21,0,0,0
4.2104999999999997,0,0,0
4.2110000000000003,0,0,0
4.2115,0,0,0
4.2119999999999997,0,0,0
4.2125000000000004,0,0,0
4.2130000000000001,0,0,0
4.2134999999999998,0,0,0
4.2140000000000004,0,0,0
4.2145000000000001,0,0,0
4.2149999999999999,0,0,0
4.2154999999999996,0,0,0
4.2160000000000002,0,0,0
4.2164999999999999,0,0,0
4.2169999999999996,0,0,0
4.2175000000000002,0,0,0
4.218,0,0,0
4.2184999999999997,0,0,0
4.2190000000000003,0,0,0
4.2195,0,0,0
4.2199999999999998,0,0,0
4.2205000000000004,0,0,0
4.2210000000000001,0,0,0
4.2214999999999998,0,0,0
4.2220000000000004,0,0,0
4.2225000000000001,0,0,0
4.2229999999999999,0,0,0
4.2234999999999996,0,0,0
4.2240000000000002,0,0,0
4.2244999999999999,0,0,0
4.2249999999999996,0,0,0
4.2255000000000003,0,0,0
4.226,0,0,0
4.2264999999999997,0,0,0
4.2270000000000003,0,0,0
4.2275,0,0,0
4.2279999999999998,0,0,0
4.2285000000000004,0,0,0
4.2290000000000001,0,0,0
4.2294999999999998,0,1,0
4.2300000000000004,0,1,0
4.2305000000000001,0,0,0
4.2309999999999999,0,0,0
4.2314999999999996,0,0,0
4.2320000000000002,0,0,0
4.2324999999999999,0,0,0
4.2329999999999997,0,0,0
4.2335000000000003,0,0,0
4.234,0,0,0
4.2344999999999997,0,0,0
4.2350000000000003,0,0,0
4.2355,0,0,0
4.2359999999999998,0,0,0
4.2365000000000004,0,0,0
4.2370000000000001,0,0,0
4.2374999999999998,0,0,0
4.2380000000000004,0,0,0
4.2385000000000002,0,0,0
4.2389999999999999,0,0,0
4.2394999999999996,0,0,0
4.2400000000000002,0,0,0
4.2404999999999999,0,0,0
4.2409999999999997,0,0,0
4.2415000000000003,0,0,0
4.242,0,0,0
4.2424999999999997,0,0,0
4.2430000000000003,0,0,0
4.2435,0,0,0
4.2439999999999998,0,0,0
4.2445000000000004,0,0,0
4.2450000000000001,0,0,0
4.2454999999999998,0,0,0
4.2460000000000004,0,0,0
4.2465000000000002,0,0,0
4.2469999999999999,0,0,0
4.2474999999999996,0,0,0
4.2480000000000002,0,0,0
4.2484999999999999,0,0,0
4.2489999999999997,0,0,0
4.2495000000000003,0,0,0
4.25,0,0,0
4.2504999999999997,0,0,0
4.2510000000000003,0,0,0
4.2515000000000001,0,0,0
4.2519999999999998,0,0,0
4.2525000000000004,0,0,0
4.2530000000000001,0,0,0
4.2534999999999998,0,0,0
4.2539999999999996,0,0,0
4.2545000000000002,0,0,0
4.2549999999999999,0,0,0
4.2554999999999996,0,0,0
4.2560000000000002,0,0,0
4.2565,0,0,0
4.2569999999999997,0,0,0
4.2575000000000003,0,0,0
4.258,0,0,0
4.2584999999999997,0,0,0
4.2590000000000003,0,0,0
4.2595000000000001,0,0,0
4.2599999999999998,0,0,0
4.2605000000000004,0,0,0
4.2610000000000001,0,0,0
4.2614999999999998,0,0,0
4.2619999999999996,0,0,0
4.2625000000000002,0,0,0
4.2629999999999999,0,0,0
4.2634999999999996,0,0,0
4.2640000000000002,0,0,0
4.2645,0,0,0
4.2649999999999997,0,0,0
4.2655000000000003,0,0,0
4.266,0,0,0
4.2664999999999997,0,0,0
4.2670000000000003,0,0,0
4.2675000000000001,0,0,0
4.2679999999999998,0,0,0
4.2685000000000004,0,0,0
4.2690000000000001,0,0,0
4.2694999999999999,0,0,0
4.2699999999999996,0,0,0
4.2705000000000002,0,0,0
4.2709999999999999,0,0,0
4.2714999999999996,0,0,0
4.2720000000000002,0,0,0
4.2725,0,0,0
4.2729999999999997,0,0,0
4.2735000000000003,0,0,0
4.274,0,0,0
4.2744999999999997,0,0,0
4.2750000000000004,0,0,0
4.2755000000000001,0,0,0
4.2759999999999998,0,0,0
4.2765000000000004,0,0,0
4.2770000000000001,0,0,0
4.2774999999999999,0,0,0
4.2779999999999996,0,0,0
4.2785000000000002,0,0,0
4.2789999999999999,0,0,0
4.2794999999999996,0,0,0
4.2800000000000002,0,0,0
4.2805,0,0,0
4.2809999999999997,0,0,0
4.2815000000000003,0,0,0
4.282,0,0,0
4.2824999999999998,0,0,0
4.2830000000000004,0,0,0
4.2835000000000001,0,0,0
4.2839999999999998,0,0,0
4.2845000000000004,0,0,0
4.2850000000000001,0,0,0
4.2854999999999999,0,0,0
4.2859999999999996,0,0,0
4.2865000000000002,0,0,0
4.2869999999999999,0,0,0
4.2874999999999996,0,0,0
4.2880000000000003,0,0,0
4.2885,0,0,0
4.2889999999999997,0,0,0
4.2895000000000003,0,0,0
4.29,0,0,0
4.2904999999999998,0,0,0
4.2910000000000004,0,0,0
4.2915000000000001,0,0,0
4.2919999999999998,0,0,0
4.2925000000000004,0,0,0
4.2930000000000001,0,0,0
4.2934999999999999,0,0,0
4.2939999999999996,0,0,0
4.2945000000000002,0,0,0
4.2949999999999999,0,0,0
4.2954999999999997,0,0,0
4.2960000000000003,0,0,0
4.2965,0,0,0
4.2969999999999997,0,0,0
4.2975000000000003,0,0,0
4.298,0,0,0
4.2984999999999998,0,0,0
4.2990000000000004,0,0,0
4.2995000000000001,0,0,0
4.2999999999999998,1,0,0
4.3005000000000004,1,0,0
4.3010000000000002,0,0,0
4.3014999999999999,0,0,0
4.3019999999999996,0,0,0
4.3025000000000002,0,0,0
4.3029999999999999,0,0,0
4.3034999999999997,0,0,0
4.3040000000000003,0,0,0
4.3045,0,0,0
4.3049999999999997,0,0,0
4.3055000000000003,0,0,0
4.306,0,0,0
4.3064999999999998,0,0,0
4.3070000000000004,0,0,0
4.3075000000000001,0,0,0
4.3079999999999998,0,0,0
4.3085000000000004,0,0,0
4.3090000000000002,0,0,0
4.3094999999999999,0,0,0
4.3099999999999996,0,0,0
4.3105000000000002,0,0,0
4.3109999999999999,0,0,0
4.3114999999999997,0,0,0
4.3120000000000003,0,0,0
4.3125,0,0,0
4.3129999999999997,0,0,0
4.3135000000000003,0,0,0
4.3140000000000001,0,0,0
4.3144999999999998,0,0,0
4.3150000000000004,0,0,0
4.3155000000000001,0,0,0
4.3159999999999998,0,0,0
4.3164999999999996,1,0,0
4.3170000000000002,1,0,0
4.3174999999999999,0,0,0
4.3179999999999996,0,0,0
4.3185000000000002,0,0,0
4.319,0,0,0
4.3194999999999997,0,0,0
4.3200000000000003,0,0,0
4.3205,0,0,0
4.3209999999999997,0,0,0
4.3215000000000003,0,0,0
4.3220000000000001,0,0,0
4.3224999999999998,0,0,0
4.3230000000000004,0,0,0
4.3235000000000001,0,0,0
4.3239999999999998,0,0,0
4.3244999999999996,0,0,0
4.3250000000000002,0,0,0
4.3254999999999999,0,0,0
4.3259999999999996,0,0,0
4.3265000000000002,0,0,0
4.327,0,0,0
4.3274999999999997,0,0,0
4.3280000000000003,0,0,0
4.3285,0,0,0
4.3289999999999997,0,0,0
4.3295000000000003,0,0,0
4.3300000000000001,0,0,0
4.3304999999999998,0,0,0
4.3310000000000004,0,0,0
4.3315000000000001,0,0,0
4.3319999999999999,0,0,0
4.3324999999999996,0,0,0
4.3330000000000002,1,0,0
4.3334999999999999,1,0,0
4.3339999999999996,0,0,0
4.3345000000000002,0,0,0
4.335,0,0,0
4.3354999999999997,0,0,0
4.3360000000000003,0,0,0
4.3365,0,0,0
4.3369999999999997,0,0,0
4.3375000000000004,0,0,0
4.3380000000000001,0,0,0
4.3384999999999998,0,0,0
4.3390000000000004,0,0,0
4.3395000000000001,0,0,0
4.3399999999999999,0,0,0
4.3404999999999996,0,0,0
4.3410000000000002,0,0,0
4.3414999999999999,0,0,0
4.3419999999999996,0,0,0
4.3425000000000002,0,0,0
4.343,0,0,0
4.3434999999999997,0,0,0
4.3440000000000003,0,0,0
4.3445,0,0,0
4.3449999999999998,0,0,0
4.3455000000000004,0,0,0
4.3460000000000001,0,0,0
4.3464999999999998,0,0,0
4.3470000000000004,0,0,0
4.3475000000000001,0,0,0
4.3479999999999999,0,0,0
4.3484999999999996,0,0,0
4.3490000000000002,0,0,0
4.3494999999999999,0,0,0
4.3499999999999996,0,0,0
4.3505000000000003,0,0,0
4.351,0,0,0
4.3514999999999997,0,0,0
4.3520000000000003,0,0,0
4.3525,0,0,0
4.3529999999999998,1,0,0
4.3535000000000004,1,0,0
4.3540000000000001,0,0,0
4.3544999999999998,0,0,0
4.3550000000000004,0,0,0
4.3555000000000001,0,0,0
4.3559999999999999,0,0,0
4.3564999999999996,0,0,0
4.3570000000000002,0,0,0
4.3574999999999999,0,0,0
4.3579999999999997,0,0,0
4.3585000000000003,0,0,0
4.359,0,0,0
4.3594999999999997,0,0,0
4.3600000000000003,0,0,0
4.3605,0,0,0
4.3609999999999998,0,0,0
4.3615000000000004,0,0,0
4.3620000000000001,0,0,0
4.3624999999999998,0,0,0
4.3630000000000004,0,0,0
4.3635000000000002,0,0,0
4.3639999999999999,0,0,0
4.3644999999999996,0,0,0
4.3650000000000002,0,0,0
4.3654999999999999,0,0,0
4.3659999999999997,0,0,0
4.3665000000000003,0,0,0
4.367,0,0,0
4.3674999999999997,0,0,0
4.3680000000000003,0,0,0
4.3685,0,0,0
4.3689999999999998,0,0,0
4.3695000000000004,0,0,0
4.3700000000000001,0,0,0
4.3704999999999998,0,0,0
4.3710000000000004,0,0,0
4.3715000000000002,0,0,0
4.3719999999999999,0,0,0
4.3724999999999996,0,0,0
4.3730000000000002,0,0,0
4.3734999999999999,0,0,0
4.3739999999999997,0,0,0
4.3745000000000003,0,0,0
4.375,0,0,0
4.3754999999999997,0,0,0
4.3760000000000003,0,0,0
4.3765000000000001,0,0,0
4.3769999999999998,0,0,0
4.3775000000000004,0,0,0
4.3780000000000001,0,0,0
4.3784999999999998,0,0,0
4.3789999999999996,0,0,0
4.3795000000000002,0,0,0
4.3799999999999999,0,0,0
4.3804999999999996,0,0,0
4.3810000000000002,0,0,0
4.3815,0,0,0
4.3819999999999997,0,0,0
4.3825000000000003,0,0,0
4.383,0,0,0
4.3834999999999997,0,0,0
4.3840000000000003,0,0,0
4.3845000000000001,0,0,0
4.3849999999999998,0,0,0
4.3855000000000004,0,0,0
4.3860000000000001,0,0,0
4.3864999999999998,0,0,0
4.3869999999999996,0,0,0
4.3875000000000002,0,0,0
4.3879999999999999,0,0,0
4.3884999999999996,0,0,0
4.3890000000000002,0,0,0
4.3895,0,0,0
4.3899999999999997,0,0,0
4.3905000000000003,0,0,0
4.391,0,0,0
4.3914999999999997,0,0,0
4.3920000000000003,0,0,0
4.3925000000000001,0,0,0
4.3929999999999998,0,0,0
4.3935000000000004,0,0,0
4.3940000000000001,0,0,0
4.3944999999999999,0,0,0
4.3949999999999996,0,0,0
4.3955000000000002,0,0,0
4.3959999999999999,0,0,0
4.3964999999999996,0,0,0
4.3970000000000002,0,0,0
4.3975,0,0,0
4.3979999999999997,0,0,0
4.3985000000000003,0,0,0
4.399,0,0,0
4.3994999999999997,0,0,0
4.4000000000000004,0,0,0
4.4005000000000001,0,0,0
4.4009999999999998,0,0,0
4.4015000000000004,0,0,0
4.4020000000000001,0,0,0
4.4024999999999999,0,0,0
4.4029999999999996,0,0,0
4.4035000000000002,0,0,0
4.4039999999999999,0,0,0
4.4044999999999996,0,0,0
4.4050000000000002,0,0,0
4.4055,0,0,0
4.4059999999999997,0,0,0
4.4065000000000003,0,0,0
4.407,0,0,0
4.4074999999999998,0,0,0
4.4080000000000004,0,0,0
4.4085000000000001,0,0,0
4.4089999999999998,0,0,0
4.4095000000000004,0,0,0
4.4100000000000001,0,0,0
4.4104999999999999,0,0,0
4.4109999999999996,0,0,0
4.4115000000000002,0,0,0
4.4119999999999999,0,0,0
4.4124999999999996,0,0,0
4.4130000000000003,0,0,0
4.4135,0,0,0
4.4139999999999997,0,0,0
4.4145000000000003,0,0,0
4.415,0,0,0
4.4154999999999998,0,0,0
4.4160000000000004,0,0,0
4.4165000000000001,0,0,0
4.4169999999999998,0,0,0
4.4175000000000004,0,0,0
4.4180000000000001,0,0,0
4.4184999999999999,0,0,0
4.4189999999999996,0,0,0
4.4195000000000002,0,0,0
4.4199999999999999,0,0,0
4.4204999999999997,0,0,0
4.4210000000000003,0,0,0
4.4215,0,0,0
4.4219999999999997,0,0,0
4.4225000000000003,0,0,0
4.423,0,0,0
4.4234999999999998,0,0,0
4.4240000000000004,0,0,0
4.4245000000000001,0,0,0
4.4249999999999998,0,0,0
4.4255000000000004,0,0,0
4.4260000000000002,0,0,0
4.4264999999999999,0,0,0
4.4269999999999996,0,0,0
4.4275000000000002,0,0,0
4.4279999999999999,0,0,0
4.4284999999999997,0,0,0
4.4290000000000003,0,0,0
4.4295,0,0,0
4.4299999999999997,0,0,0
4.4305000000000003,0,0,0
4.431,0,0,0
4.4314999999999998,0,0,0
4.4320000000000004,0,0,0
4.4325000000000001,0,0,0
4.4329999999999998,0,0,0
4.4335000000000004,0,0,0
4.4340000000000002,0,0,0
4.4344999999999999,0,0,0
4.4349999999999996,0,0,0
4.4355000000000002,0,0,0
4.4359999999999999,0,0,0
4.4364999999999997,0,0,0
4.4370000000000003,0,0,0
4.4375,0,0,0
4.4379999999999997,0,0,0
4.4385000000000003,0,0,0
4.4390000000000001,0,0,0
4.4394999999999998,0,0,0
4.4400000000000004,0,0,0
4.4405000000000001,0,0,0
4.4409999999999998,0,0,0
4.4414999999999996,0,0,0
4.4420000000000002,0,0,0
4.4424999999999999,0,0,0
4.4429999999999996,0,0,0
4.4435000000000002,0,0,0
4.444,0,0,0
4.4444999999999997,0,0,0
4.4450000000000003,0,0,0
4.4455,0,0,0
4.4459999999999997,0,0,0
4.4465000000000003,0,0,0
4.4470000000000001,0,0,0
4.4474999999999998,0,0,0
4.4480000000000004,0,0,0
4.4485000000000001,0,0,0
4.4489999999999998,0,0,0
4.4494999999999996,0,0,0
4.4500000000000002,0,0,0
4.4504999999999999,0,0,0
4.4509999999999996,0,0,0
4.4515000000000002,0,0,0
4.452,0,0,0
4.4524999999999997,0,0,0
4.4530000000000003,0,0,0
4.4535,0,0,0
4.4539999999999997,0,0,0
4.4545000000000003,0,0,0
4.4550000000000001,0,0,0
4.4554999999999998,0,0,0
4.4560000000000004,0,0,0
4.4565000000000001,0,0,0
4.4569999999999999,0,0,0
4.4574999999999996,0,0,0
4.4580000000000002,0,0,0
4.4584999999999999,0,0,0
4.4589999999999996,0,0,0
4.4595000000000002,0,0,0
4.46,0,0,0
4.4604999999999997,0,0,0
4.4610000000000003,0,0,0
4.4615,0,0,0
4.4619999999999997,0,0,0
4.4625000000000004,0,0,0
4.4630000000000001,0,0,0
4.4634999999999998,0,0,0
4.4640000000000004,0,0,0
4.4645000000000001,0,0,0
4.4649999999999999,0,0,0
4.4654999999999996,0,0,0
4.4660000000000002,0,0,0
4.4664999999999999,0,0,0
4.4669999999999996,0,0,0
4.4675000000000002,0,0,0
4.468,0,0,0
4.4684999999999997,0,0,0
4.4690000000000003,0,0,0
4.4695,0,0,0
4.4699999999999998,0,0,0
4.4705000000000004,0,0,0
4.4710000000000001,0,0,0
4.4714999999999998,0,0,0
4.4720000000000004,0,0,0
4.4725000000000001,0,0,0
4.4729999999999999,0,0,0
4.4734999999999996,0,0,0
4.4740000000000002,0,0,0
4.4744999999999999,0,0,0
4.4749999999999996,0,0,0
4.4755000000000003,0,0,0
4.476,0,0,0
4.4764999999999997,0,0,0
4.4770000000000003,0,0,0
4.4775,0,0,0
4.4779999999999998,0,0,0
4.4785000000000004,0,0,0
4.4790000000000001,0,0,0
4.4794999999999998,0,0,0
4.4800000000000004,0,0,0
4.4805000000000001,0,0,0
4.4809999999999999,0,0,0
4.4814999999999996,0,0,0
4.4820000000000002,0,0,0
4.4824999999999999,0,0,0
4.4829999999999997,0,0,0
4.4835000000000003,0,0,0
4.484,0,0,0
4.4844999999999997,0,0,0
4.4850000000000003,0,0,0
4.4855,0,0,0
4.4859999999999998,0,0,0
4.4865000000000004,0,0,0
4.4870000000000001,0,0,0
4.4874999999999998,0,0,0
4.4880000000000004,0,0,0
4.4885000000000002,0,0,0
4.4889999999999999,0,0,0
4.4894999999999996,0,0,0
4.4900000000000002,0,0,0
4.4904999999999999,0,0,0
4.4909999999999997,0,0,0
4.4915000000000003,0,0,0
4.492,0,0,0
4.4924999999999997,0,0,0
4.4930000000000003,0,0,0
4.4935,0,0,0
4.4939999999999998,0,0,0
4.4945000000000004,0,0,0
4.4950000000000001,0,0,0
4.4954999999999998,0,0,0
4.4960000000000004,0,0,0
4.4965000000000002,0,0,0
4.4969999999999999,0,0,0
4.4974999999999996,0,0,0
4.4980000000000002,0,0,0
4.4984999999999999,0,0,0
4.4989999999999997,0,0,0
4.4995000000000003,0,0,0
4.5,0,0,0
4.5004999999999997,0,0,0
4.5010000000000003,0,0,0
4.5015000000000001,0,0,0
4.5019999999999998,0,0,0
4.5025000000000004,0,0,0
4.5030000000000001,0,0,0
4.5034999999999998,0,0,0
4.5039999999999996,0,0,0
4.5045000000000002,0,0,0
4.5049999999999999,0,0,0
4.5054999999999996,0,0,0
4.5060000000000002,0,0,0
4.5065,0,0,0
4.5069999999999997,0,0,0
4.5075000000000003,0,0,0
4.508,0,0,0
4.5084999999999997,0,0,0
4.5090000000000003,0,0,0
4.5095000000000001,0,0,0
4.5099999999999998,0,0,0
4.5105000000000004,0,0,0
4.5110000000000001,0,0,0
4.5114999999999998,0,0,0
4.5119999999999996,0,0,0
4.5125000000000002,0,0,0
4.5129999999999999,0,0,0
4.5134999999999996,0,0,0
4.5140000000000002,0,0,0
4.5145,0,0,0
4.5149999999999997,0,0,0
4.5155000000000003,0,0,0
4.516,0,0,0
4.5164999999999997,0,0,0
4.5170000000000003,0,0,0
4.5175000000000001,0,0,0
4.5179999999999998,0,0,0
4.5185000000000004,0,0,0
4.5190000000000001,0,0,0
4.5194999999999999,0,0,0
4.5199999999999996,0,0,0
4.5205000000000002,0,0,0
4.5209999999999999,0,0,0
4.5214999999999996,0,0,0
4.5220000000000002,0,0,0
4.5225,0,0,0
4.5229999999999997,0,0,0
4.5235000000000003,0,0,0
4.524,0,0,0
4.5244999999999997,0,0,0
4.5250000000000004,0,0,0
4.5255000000000001,0,0,0
4.5259999999999998,0,0,0
4.5265000000000004,0,0,0
4.5270000000000001,0,0,0
4.5274999999999999,0,0,0
4.5279999999999996,0,0,0
4.5285000000000002,0,0,0
4.5289999999999999,0,0,0
4.5294999999999996,0,0,0
4.5300000000000002,0,0,0
4.5305,0,0,0
4.5309999999999997,0,0,0
4.5315000000000003,0,0,0
4.532,0,0,0
4.5324999999999998,0,0,0
4.5330000000000004,0,0,0
4.5335000000000001,0,0,0
4.5339999999999998,0,0,0
4.5345000000000004,0,0,0
4.5350000000000001,0,0,0
4.5354999999999999,0,0,0
4.5359999999999996,0,0,0
4.5365000000000002,0,0,0
4.5369999999999999,0,0,0
4.5374999999999996,0,0,0
4.5380000000000003,0,0,0
4.5385,0,0,0
4.5389999999999997,0,0,0
4.5395000000000003,0,0,0
4.54,0,0,0
4.5404999999999998,0,0,0
4.5410000000000004,0,0,0
4.5415000000000001,0,0,0
4.5419999999999998,0,0,0
4.5425000000000004,0,0,0
4.5430000000000001,0,0,0
4.5434999999999999,0,0,0
4.5439999999999996,0,0,0
4.5445000000000002,0,0,0
4.5449999999999999,0,0,0
4.5454999999999997,0,0,0
4.5460000000000003,0,0,0
4.5465,0,0,0
4.5469999999999997,0,0,0
4.5475000000000003,0,0,0
4.548,0,0,0
4.5484999999999998,0,0,0
4.5490000000000004,0,0,0
4.5495000000000001,0,0,0
4.5499999999999998,0,0,0
4.5505000000000004,0,0,0
4.5510000000000002,0,0,0
4.5514999999999999,0,0,0
4.5519999999999996,0,0,0
4.5525000000000002,0,0,0
4.5529999999999999,0,0,0
4.5534999999999997,0,0,0
4.5540000000000003,0,0,0
4.5545,0,0,0
4.5549999999999997,0,0,0
4.5555000000000003,0,0,0
4.556,0,0,0
4.5564999999999998,0,0,0
4.5570000000000004,0,0,0
4.5575000000000001,0,0,0
4.5579999999999998,0,0,0
4.5585000000000004,0,0,0
4.5590000000000002,0,0,0
4.5594999999999999,0,0,0
4.5599999999999996,0,0,0
4.5605000000000002,0,0,0
4.5609999999999999,0,0,0
4.5614999999999997,0,0,0
4.5620000000000003,0,0,0
4.5625,0,0,0
4.5629999999999997,0,0,0
4.5635000000000003,0,0,0
4.5640000000000001,0,0,0
4.5644999999999998,0,0,0
4.5650000000000004,0,0,0
4.5655000000000001,0,0,0
4.5659999999999998,0,0,0
4.5664999999999996,0,0,0
4.5670000000000002,0,0,0
4.5674999999999999,0,0,0
4.5679999999999996,0,0,0
4.5685000000000002,0,0,0
4.569,0,0,0
4.5694999999999997,0,0,0
4.5700000000000003,0,0,0
4.5705,0,0,0
4.5709999999999997,0,0,0
4.5715000000000003,0,0,0
4.5720000000000001,0,0,0
4.5724999999999998,0,0,0
4.5730000000000004,0,0,0
4.5735000000000001,0,0,0
4.5739999999999998,0,0,0
4.5744999999999996,0,0,0
4.5750000000000002,0,0,0
4.5754999999999999,0,0,0
4.5759999999999996,0,0,0
4.5765000000000002,0,0,0
4.577,0,0,0
4.5774999999999997,0,0,0
4.5780000000000003,0,0,0
4.5785,0,0,0
4.5789999999999997,0,0,0
4.5795000000000003,0,0,0
4.5800000000000001,0,0,0
4.5804999999999998,0,0,0
4.5810000000000004,0,0,0
4.5815000000000001,0,0,0
4.5819999999999999,0,0,0
4.5824999999999996,0,0,0
4.5830000000000002,0,0,0
4.5834999999999999,0,0,0
4.5839999999999996,0,0,0
4.5845000000000002,0,0,0
4.585,0,0,0
4.5854999999999997,0,0,0
4.5860000000000003,0,0,0
4.5865,0,0,0
4.5869999999999997,0,0,0
4.5875000000000004,0,0,0
4.5880000000000001,0,0,0
4.5884999999999998,0,0,0
4.5890000000000004,0,0,0
4.5895000000000001,0,0,0
4.5899999999999999,0,0,0
4.5904999999999996,0,0,0
4.5910000000000002,0,0,0
4.5914999999999999,0,0,0
4.5919999999999996,0,0,0
4.5925000000000002,0,0,0
4.593,0,0,0
4.5934999999999997,0,0,0
4.5940000000000003,0,0,0
4.5945,0,0,0
4.5949999999999998,0,0,0
4.5955000000000004,0,0,0
4.5960000000000001,0,0,0
4.5964999999999998,0,0,0
4.5970000000000004,0,0,0
4.5975000000000001,0,0,0
4.5979999999999999,0,0,0
4.5984999999999996,0,0,0
4.5990000000000002,0,0,0
4.5994999999999999,0,0,0
4.5999999999999996,0,0,0
4.6005000000000003,0,0,0
4.601,0,0,0
4.6014999999999997,0,0,0
4.6020000000000003,0,0,0
4.6025,0,0,0
4.6029999999999998,0,0,0
4.6035000000000004,0,0,0
4.6040000000000001,0,0,0
4.6044999999999998,0,0,0
4.6050000000000004,0,0,0
4.6055000000000001,0,0,0
4.6059999999999999,0,0,0
4.6064999999999996,0,0,0
4.6070000000000002,0,0,0
4.6074999999999999,0,0,0
4.6079999999999997,0,0,0
4.6085000000000003,0,0,0
4.609,0,0,0
4.6094999999999997,0,0,0
4.6100000000000003,0,0,0
4.6105,0,0,0
4.6109999999999998,0,0,0
4.6115000000000004,0,0,0
4.6120000000000001,0,0,0
4.6124999999999998,0,0,0
4.6130000000000004,0,0,0
4.6135000000000002,0,0,0
4.6139999999999999,0,0,0
4.6144999999999996,0,0,0
4.6150000000000002,0,0,0
4.6154999999999999,0,0,0
4.6159999999999997,0,0,0
4.6165000000000003,0,0,0
4.617,0,0,0
4.6174999999999997,0,0,0
4.6180000000000003,0,0,0
4.6185,0,0,0
4.6189999999999998,0,0,0
4.6195000000000004,0,0,0
4.6200000000000001,0,0,0
4.6204999999999998,0,0,0
4.6210000000000004,0,0,0
4.6215000000000002,0,0,0
4.6219999999999999,0,0,0
4.6224999999999996,0,0,0
4.6230000000000002,0,0,0
4.6234999999999999,0,0,0
4.6239999999999997,0,0,0
4.6245000000000003,0,0,0
4.625,0,0,0
4.6254999999999997,0,0,0
4.6260000000000003,0,0,0
4.6265000000000001,0,0,0
4.6269999999999998,0,0,0
4.6275000000000004,0,0,0
4.6280000000000001,0,0,0
4.6284999999999998,0,0,0
4.6289999999999996,0,0,0
4.6295000000000002,0,0,0
4.6299999999999999,0,0,0
4.6304999999999996,0,0,0
4.6310000000000002,0,0,0
4.6315,0,0,0
4.6319999999999997,0,0,0
4.6325000000000003,0,0,0
4.633,0,0,0
4.6334999999999997,0,0,0
4.6340000000000003,0,0,0
4.6345000000000001,0,0,0
4.6349999999999998,0,0,0
4.6355000000000004,0,0,0
4.6360000000000001,0,0,0
4.6364999999999998,0,0,0
4.6369999999999996,0,0,0
4.6375000000000002,0,0,0
4.6379999999999999,0,0,0
4.6384999999999996,0,0,0
4.6390000000000002,0,0,0
4.6395,0,0,0
4.6399999999999997,0,0,0
4.6405000000000003,0,0,0
4.641,0,0,0
4.6414999999999997,0,0,0
4.6420000000000003,0,0,0
4.6425000000000001,0,0,0
4.6429999999999998,0,0,0
4.6435000000000004,0,0,0
4.6440000000000001,0,0,0
4.6444999999999999,0,0,0
4.6449999999999996,0,0,0
4.6455000000000002,0,0,0
4.6459999999999999,0,0,0
4.6464999999999996,0,0,0
4.6470000000000002,0,0,0
4.6475,0,0,0
4.6479999999999997,0,0,0
4.6485000000000003,0,0,0
4.649,0,0,0
4.6494999999999997,0,0,0
4.6500000000000004,0,0,0
4.6505000000000001,0,0,0
4.6509999999999998,0,0,0
4.6515000000000004,0,0,0
4.6520000000000001,0,0,0
4.6524999999999999,0,0,0
4.6529999999999996,0,0,0
4.6535000000000002,0,0,0
4.6539999999999999,0,0,0
4.6544999999999996,0,0,0
4.6550000000000002,0,0,0
4.6555,0,0,0
4.6559999999999997,0,0,0
4.6565000000000003,0,0,0
4.657,0,0,0
4.6574999999999998,0,0,0
4.6580000000000004,0,0,0
4.6585000000000001,0,0,0
4.6589999999999998,0,0,0
4.6595000000000004,0,0,0
4.6600000000000001,0,0,0
4.6604999999999999,0,0,0
4.6609999999999996,0,0,0
4.6615000000000002,0,0,0
4.6619999999999999,0,0,0
4.6624999999999996,0,0,0
4.6630000000000003,0,0,0
4.6635,0,0,0
4.6639999999999997,0,0,0
4.6645000000000003,0,0,0
4.665,0,0,0
4.6654999999999998,0,0,0
4.6660000000000004,0,0,0
4.6665000000000001,0,0,0
4.6669999999999998,0,0,0
4.6675000000000004,0,0,0
4.6680000000000001,0,0,0
4.6684999999999999,0,0,0
4.6689999999999996,0,0,0
4.6695000000000002,0,0,0
4.6699999999999999,0,0,0
4.6704999999999997,0,0,0
4.6710000000000003,0,0,0
4.6715,0,0,0
4.6719999999999997,0,0,0
4.6725000000000003,0,0,0
4.673,0,0,0
4.6734999999999998,0,0,0
4.6740000000000004,0,0,0
4.6745000000000001,0,0,0
4.6749999999999998,0,0,0
4.6755000000000004,0,0,0
4.6760000000000002,0,0,0
4.6764999999999999,0,0,0
4.6769999999999996,0,0,0
4.6775000000000002,0,0,0
4.6779999999999999,0,0,0
4.6784999999999997,0,0,0
4.6790000000000003,0,0,0
4.6795,0,0,0
4.6799999999999997,0,0,0
4.6805000000000003,0,0,0
4.681,0,0,0
4.6814999999999998,0,0,0
4.6820000000000004,0,0,0
4.6825000000000001,0,0,0
4.6829999999999998,0,0,0
4.6835000000000004,0,0,0
4.6840000000000002,0,0,0
4.6844999999999999,0,0,0
4.6849999999999996,0,0,0
4.6855000000000002,0,0,0
4.6859999999999999,0,0,0
4.6864999999999997,0,0,0
4.6870000000000003,0,0,0
4.6875,0,0,0
4.6879999999999997,0,0,0
4.6885000000000003,0,0,0
4.6890000000000001,0,0,0
4.6894999999999998,0,0,0
4.6900000000000004,0,0,0
4.6905000000000001,0,0,0
4.6909999999999998,0,0,0
4.6914999999999996,0,0,0
4.6920000000000002,0,0,0
4.6924999999999999,0,0,0
4.6929999999999996,0,0,0
4.6935000000000002,0,0,0
4.694,0,0,0
4.6944999999999997,0,0,0
4.6950000000000003,0,0,0
4.6955,0,0,0
4.6959999999999997,0,0,0
4.6965000000000003,0,0,0
4.6970000000000001,0,0,0
4.6974999999999998,0,0,0
4.6980000000000004,0,0,0
4.6985000000000001,0,0,0
4.6989999999999998,0,0,0
4.6994999999999996,0,0,0
4.7000000000000002,0,0,0
4.7004999999999999,0,0,0
4.7009999999999996,0,0,0
4.7015000000000002,0,0,0
4.702,0,0,0
4.7024999999999997,0,0,0
4.7030000000000003,0,0,0
4.7035,0,0,0
4.7039999999999997,0,0,0
4.7045000000000003,0,0,0
4.7050000000000001,0,0,0
4.7054999999999998,0,0,0
4.7060000000000004,0,0,0
4.7065000000000001,0,0,0
4.7069999999999999,0,0,0
4.7074999999999996,0,0,0
4.7080000000000002,0,0,0
4.7084999999999999,0,0,0
4.7089999999999996,0,0,0
4.7095000000000002,0,0,0
4.71,0,0,0
4.7104999999999997,0,0,0
4.7110000000000003,0,0,0
4.7115,0,0,0
4.7119999999999997,0,0,0
4.7125000000000004,0,0,0
4.7130000000000001,0,0,0
4.7134999999999998,0,0,0
4.7140000000000004,0,0,0
4.7145000000000001,0,0,0
4.7149999999999999,0,0,0
4.7154999999999996,0,0,0
4.7160000000000002,0,0,0
4.7164999999999999,0,0,0
4.7169999999999996,0,0,0
4.7175000000000002,0,0,0
4.718,0,0,0
4.7184999999999997,0,0,0
4.7190000000000003,0,0,0
4.7195,0,0,0
4.7199999999999998,0,0,0
4.7205000000000004,0,0,0
4.7210000000000001,0,0,0
4.7214999999999998,0,0,0
4.7220000000000004,0,0,0
4.7225000000000001,0,0,0
4.7229999999999999,0,0,0
4.7234999999999996,0,0,0
4.7240000000000002,0,0,0
4.7244999999999999,0,0,0
4.7249999999999996,0,0,0
4.7255000000000003,0,0,0
4.726,0,0,0
4.7264999999999997,0,0,0
4.7270000000000003,0,0,0
4.7275,0,0,0
4.7279999999999998,0,0,0
4.7285000000000004,0,0,0
4.7290000000000001,0,0,0
4.7294999999999998,0,0,0
4.7300000000000004,0,0,0
4.7305000000000001,0,0,0
4.7309999999999999,0,0,0
4.7314999999999996,0,0,0
4.7320000000000002,0,0,0
4.7324999999999999,0,0,0
4.7329999999999997,0,0,0
4.7335000000000003,0,0,0
4.734,0,0,0
4.7344999999999997,0,0,0
4.7350000000000003,0,0,0
4.7355,0,0,0
4.7359999999999998,0,0,0
4.7365000000000004,0,0,0
4.7370000000000001,0,0,0
4.7374999999999998,0,0,0
4.7380000000000004,0,0,0
4.7385000000000002,0,0,0
4.7389999999999999,0,0,0
4.7394999999999996,0,0,0
4.7400000000000002,0,0,0
4.7404999999999999,0,0,0
4.7409999999999997,0,0,0
4.7415000000000003,0,0,0
4.742,0,0,0
4.7424999999999997,0,0,0
4.7430000000000003,0,0,0
4.7435,0,0,0
4.7439999999999998,0,0,0
4.7445000000000004,0,0,0
4.7450000000000001,0,0,0
4.7454999999999998,0,0,0
4.7460000000000004,0,0,0
4.7465000000000002,0,0,0
4.7469999999999999,0,0,0
4.7474999999999996,0,0,0
4.7480000000000002,0,0,0
4.7484999999999999,0,0,0
4.7489999999999997,0,0,0
4.7495000000000003,0,0,0
4.75,0,0,0
4.7504999999999997,0,0,0
4.7510000000000003,0,0,0
4.7515000000000001,0,0,0
4.7519999999999998,0,0,0
4.7525000000000004,0,0,0
4.7530000000000001,0,0,0
4.7534999999999998,0,0,0
4.7539999999999996,0,0,0
4.7545000000000002,0,0,0
4.7549999999999999,0,0,0
4.7554999999999996,0,0,0
4.7560000000000002,0,0,0
4.7565,0,0,0
4.7569999999999997,0,0,0
4.7575000000000003,0,0,0
4.758,0,0,0
4.7584999999999997,0,0,0
4.7590000000000003,0,0,0
4.7595000000000001,0,0,0
4.7599999999999998,0,0,0
4.7605000000000004,0,0,0
4.7610000000000001,0,0,0
4.7614999999999998,0,0,0
4.7619999999999996,0,0,0
4.7625000000000002,0,0,0
4.7629999999999999,0,0,0
4.7634999999999996,0,0,0
4.7640000000000002,0,0,0
4.7645,0,0,0
4.7649999999999997,0,0,0
4.7655000000000003,0,0,0
4.766,0,0,0
4.7664999999999997,0,0,0
4.7670000000000003,0,0,0
4.7675000000000001,0,0,0
4.7679999999999998,0,0,0
4.7685000000000004,0,0,0
4.7690000000000001,0,0,0
4.7694999999999999,0,0,0
4.7699999999999996,0,0,0
4.7705000000000002,0,0,0
4.7709999999999999,0,0,0
4.7714999999999996,0,0,0
4.7720000000000002,0,0,0
4.7725,0,0,0
4.7729999999999997,0,0,0
4.7735000000000003,0,0,0
4.774,0,0,0
4.7744999999999997,0,0,0
4.7750000000000004,0,0,0
4.7755000000000001,0,0,0
4.7759999999999998,0,0,0
4.7765000000000004,0,0,0
4.7770000000000001,0,0,0
4.7774999999999999,0,0,0
4.7779999999999996,0,0,0
4.7785000000000002,0,0,0
4.7789999999999999,0,0,0
4.7794999999999996,0,0,0
4.7800000000000002,0,0,0
4.7805,0,0,0
4.7809999999999997,0,0,0
4.7815000000000003,0,0,0
4.782,0,0,0
4.7824999999999998,0,0,0
4.7830000000000004,0,0,0
4.7835000000000001,0,0,0
4.7839999999999998,0,0,0
4.7845000000000004,0,0,0
4.7850000000000001,0,0,0
4.7854999999999999,0,0,0
4.7859999999999996,0,0,0
4.7865000000000002,0,0,0
4.7869999999999999,0,0,0
4.7874999999999996,0,0,0
4.7880000000000003,0,0,0
4.7885,0,0,0
4.7889999999999997,0,0,0
4.7895000000000003,0,0,0
4.79,0,0,0
4.7904999999999998,0,0,0
4.7910000000000004,0,0,0
4.7915000000000001,0,0,0
4.7919999999999998,0,0,0
4.7925000000000004,0,0,0
4.7930000000000001,0,0,0
4.7934999999999999,0,0,0
4.7939999999999996,0,0,0
4.7945000000000002,0,0,0
4.7949999999999999,0,0,0
4.7954999999999997,0,0,0
4.7960000000000003,0,0,0
4.7965,0,0,0
4.7969999999999997,0,0,0
4.7975000000000003,0,0,0
4.798,0,0,0
4.7984999999999998,0,0,0
4.7990000000000004,0,0,0
4.7995000000000001,0,0,0
4.7999999999999998,0,0,0
4.8005000000000004,0,0,0
4.8010000000000002,0,0,0
4.8014999999999999,0,0,0
4.8019999999999996,0,0,0
4.8025000000000002,0,0,0
4.8029999999999999,0,0,0
4.8034999999999997,0,0,0
4.8040000000000003,0,0,0
4.8045,0,0,0
4.8049999999999997,0,0,0
4.8055000000000003,0,0,0
4.806,0,0,0
4.8064999999999998,0,0,0
4.8070000000000004,0,0,0
4.8075000000000001,0,0,0
4.8079999999999998,0,0,0
4.8085000000000004,0,0,0
4.8090000000000002,0,0,0
4.8094999999999999,0,0,0
4.8099999999999996,0,0,0
4.8105000000000002,0,0,0
4.8109999999999999,0,0,0
4.8114999999999997,0,0,0
4.8120000000000003,0,0,0
4.8125,0,0,0
4.8129999999999997,0,0,0
4.8135000000000003,0,0,0
4.8140000000000001,0,0,0
4.8144999999999998,0,0,0
4.8150000000000004,0,0,0
4.8155000000000001,0,0,0
4.8159999999999998,0,0,0
4.8164999999999996,0,0,0
4.8170000000000002,0,0,0
4.8174999999999999,0,0,0
4.8179999999999996,0,0,0
4.8185000000000002,0,0,0
4.819,0,0,0
4.8194999999999997,0,0,0
4.8200000000000003,0,0,0
4.8205,0,0,0
4.8209999999999997,0,0,0
4.8215000000000003,0,0,0
4.8220000000000001,0,0,0
4.8224999999999998,0,0,0
4.8230000000000004,0,0,0
4.8235000000000001,0,0,0
4.8239999999999998,0,0,0
4.8244999999999996,0,0,0
4.8250000000000002,0,0,0
4.8254999999999999,0,0,0
4.8259999999999996,0,0,0
4.8265000000000002,0,0,0
4.827,0,0,0
4.8274999999999997,0,0,0
4.8280000000000003,0,0,0
4.8285,0,0,0
4.8289999999999997,0,0,0
4.8295000000000003,0,0,0
4.8300000000000001,0,0,0
4.8304999999999998,0,0,0
4.8310000000000004,0,0,0
4.8315000000000001,0,0,0
4.8319999999999999,0,0,0
4.8324999999999996,0,0,0
4.8330000000000002,0,0,0
4.8334999999999999,0,0,0
4.8339999999999996,0,0,0
4.8345000000000002,0,0,0
4.835,0,0,0
4.8354999999999997,0,0,0
4.8360000000000003,0,0,0
4.8365,0,0,0
4.8369999999999997,0,0,0
4.8375000000000004,0,0,0
4.8380000000000001,0,0,0
4.8384999999999998,0,0,0
4.8390000000000004,0,0,0
4.8395000000000001,0,0,0
4.8399999999999999,0,0,0
4.8404999999999996,0,0,0
4.8410000000000002,0,0,0
4.8414999999999999,0,0,0
4.8419999999999996,0,0,0
4.8425000000000002,0,0,0
4.843,0,0,0
4.8434999999999997,0,0,0
4.8440000000000003,0,0,0
4.8445,0,0,0
4.8449999999999998,0,0,0
4.8455000000000004,0,0,0
4.8460000000000001,0,0,0
4.8464999999999998,0,0,0
4.8470000000000004,0,0,0
4.8475000000000001,0,0,0
4.8479999999999999,0,0,0
4.8484999999999996,0,0,0
4.8490000000000002,0,0,0
4.8494999999999999,0,0,0
4.8499999999999996,0,0,0
4.8505000000000003,0,0,0
4.851,0,0,0
4.8514999999999997,0,0,0
4.8520000000000003,0,0,0
4.8525,0,0,0
4.8529999999999998,0,0,0
4.8535000000000004,0,0,0
4.8540000000000001,0,0,0
4.8544999999999998,0,0,0
4.8550000000000004,0,0,0
4.8555000000000001,0,0,0
4.8559999999999999,0,0,0
4.8564999999999996,0,0,0
4.8570000000000002,0,0,0
4.8574999999999999,0,0,0
4.8579999999999997,0,0,0
4.8585000000000003,0,0,0
4.859,0,0,0
4.8594999999999997,0,0,0
4.8600000000000003,0,0,0
4.8605,0,0,0
4.8609999999999998,0,0,0
4.8615000000000004,0,0,0
4.8620000000000001,0,0,0
4.8624999999999998,0,0,0
4.8630000000000004,0,0,0
4.8635000000000002,0,0,0
4.8639999999999999,0,0,0
4.8644999999999996,0,0,0
4.8650000000000002,0,0,0
4.8654999999999999,0,0,0
4.8659999999999997,0,0,0
4.8665000000000003,0,0,0
4.867,0,0,0
4.8674999999999997,0,0,0
4.8680000000000003,0,0,0
4.8685,0,0,0
4.8689999999999998,0,0,0
4.8695000000000004,0,0,0
4.8700000000000001,0,0,0
4.8704999999999998,0,0,0
4.8710000000000004,0,0,0
4.8715000000000002,0,0,0
4.8719999999999999,0,0,0
4.8724999999999996,0,0,0
4.8730000000000002,0,0,0
4.8734999999999999,0,0,0
4.8739999999999997,0,0,0
4.8745000000000003,0,0,0
4.875,0,0,0
4.8754999999999997,0,0,0
4.8760000000000003,0,0,0
4.8765000000000001,0,0,0
4.8769999999999998,0,0,0
4.8775000000000004,0,0,0
4.8780000000000001,0,0,0
4.8784999999999998,0,0,0
4.8789999999999996,0,0,0
4.8795000000000002,0,0,0
4.8799999999999999,0,0,0
4.8804999999999996,0,0,0
4.8810000000000002,0,0,0
4.8815,0,0,0
4.8819999999999997,0,0,0
4.8825000000000003,0,0,0
4.883,0,0,0
4.8834999999999997,0,0,0
4.8840000000000003,0,0,0
4.8845000000000001,0,0,0
4.8849999999999998,0,0,0
4.8855000000000004,0,0,0
4.8860000000000001,0,0,0
4.8864999999999998,0,0,0
4.8869999999999996,0,0,0
4.8875000000000002,0,0,0
4.8879999999999999,0,0,0
4.8884999999999996,0,0,0
4.8890000000000002,0,0,0
4.8895,0,0,0
4.8899999999999997,0,0,0
4.8905000000000003,0,0,0
4.891,0,0,0
4.8914999999999997,0,0,0
4.8920000000000003,0,0,0
4.8925000000000001,0,0,0
4.8929999999999998,0,0,0
4.8935000000000004,0,0,0
4.8940000000000001,0,0,0
4.8944999999999999,0,0,0
4.8949999999999996,0,0,0
4.8955000000000002,0,0,0
4.8959999999999999,0,0,0
4.8964999999999996,0,0,0
4.8970000000000002,0,0,0
4.8975,0,0,0
4.8979999999999997,0,0,0
4.8985000000000003,0,0,0
4.899,0,0,0
4.8994999999999997,0,0,0
4.9000000000000004,0,0,0
4.9005000000000001,0,0,0
4.9009999999999998,0,0,0
4.9015000000000004,0,0,0
4.9020000000000001,0,0,0
4.9024999999999999,0,0,0
4.9029999999999996,0,0,0
4.9035000000000002,0,0,0
4.9039999999999999,0,0,0
4.9044999999999996,0,0,0
4.9050000000000002,0,0,0
4.9055,0,0,0
4.9059999999999997,0,0,0
4.9065000000000003,0,0,0
4.907,0,0,0
4.9074999999999998,0,0,0
4.9080000000000004,0,0,0
4.9085000000000001,0,0,0
4.9089999999999998,0,0,0
4.9095000000000004,0,0,0
4.9100000000000001,0,0,0
4.9104999999999999,0,0,0
4.9109999999999996,0,0,0
4.9115000000000002,0,0,0
4.9119999999999999,0,0,0
4.9124999999999996,0,0,0
4.9130000000000003,0,0,0
4.9135,0,0,0
4.9139999999999997,0,0,0
4.9145000000000003,0,0,0
4.915,0,0,0
4.9154999999999998,0,0,0
4.9160000000000004,0,0,0
4.9165000000000001,0,0,0
4.9169999999999998,0,0,0
4.9175000000000004,0,0,0
4.9180000000000001,0,0,0
4.9184999999999999,0,0,0
4.9189999999999996,0,0,0
4.9195000000000002,0,0,0
4.9199999999999999,0,0,0
4.9204999999999997,0,0,0
4.9210000000000003,0,0,0
4.9215,0,0,0
4.9219999999999997,0,0,0
4.9225000000000003,0,0,0
4.923,0,0,0
4.9234999999999998,0,0,0
4.9240000000000004,0,0,0
4.9245000000000001,0,0,0
4.9249999999999998,0,0,0
4.9255000000000004,0,0,0
4.9260000000000002,0,0,0
4.9264999999999999,0,0,0
4.9269999999999996,0,0,0
4.9275000000000002,0,0,0
4.9279999999999999,0,0,0
4.9284999999999997,0,0,0
4.9290000000000003,0,0,0
4.9295,0,0,0
4.9299999999999997,0,0,0
4.9305000000000003,0,0,0
4.931,0,0,0
4.9314999999999998,0,0,0
4.9320000000000004,0,0,0
4.9325000000000001,0,0,0
4.9329999999999998,0,0,0
4.9335000000000004,0,0,0
4.9340000000000002,0,0,0
4.9344999999999999,0,0,0
4.9349999999999996,0,0,0
4.9355000000000002,0,0,0
4.9359999999999999,0,0,0
4.9364999999999997,0,0,0
4.9370000000000003,0,0,0
4.9375,0,0,0
4.9379999999999997,0,0,0
4.9385000000000003,0,0,0
4.9390000000000001,0,0,0
4.9394999999999998,0,0,0
4.9400000000000004,0,0,0
4.9405000000000001,0,0,0
4.9409999999999998,0,0,0
4.9414999999999996,0,0,0
4.9420000000000002,0,0,0
4.9424999999999999,0,0,0
4.9429999999999996,0,0,0
4.9435000000000002,0,0,0
4.944,0,0,0
4.9444999999999997,0,0,0
4.9450000000000003,0,0,0
4.9455,0,0,0
4.9459999999999997,0,0,0
4.9465000000000003,0,0,0
4.9470000000000001,0,0,0
4.9474999999999998,0,0,0
4.9480000000000004,0,0,0
4.9485000000000001,0,0,0
4.9489999999999998,0,0,0
4.9494999999999996,0,0,0
4.9500000000000002,0,0,0
4.9504999999999999,0,0,0
4.9509999999999996,0,0,0
4.9515000000000002,0,0,0
4.952,0,0,0
4.9524999999999997,0,0,0
4.9530000000000003,0,0,0
4.9535,0,0,0
4.9539999999999997,0,0,0
4.9545000000000003,0,0,0
4.9550000000000001,0,0,0
4.9554999999999998,0,0,0
4.9560000000000004,0,0,0
4.9565000000000001,0,0,0
4.9569999999999999,0,0,0
4.9574999999999996,0,0,0
4.9580000000000002,0,0,0
4.9584999999999999,0,0,0
4.9589999999999996,0,0,0
4.9595000000000002,0,0,0
4.96,0,0,0
4.9604999999999997,0,0,0
4.9610000000000003,0,0,0
4.9615,0,0,0
4.9619999999999997,0,0,0
4.9625000000000004,0,0,0
4.9630000000000001,0,0,0
4.9634999999999998,0,0,0
4.9640000000000004,0,0,0
4.9645000000000001,0,0,0
4.9649999999999999,0,0,0
4.9654999999999996,0,0,0
4.9660000000000002,0,0,0
4.9664999999999999,0,0,0
4.9669999999999996,0,0,0
4.9675000000000002,0,0,0
4.968,0,0,0
4.9684999999999997,0,0,0
4.9690000000000003,0,0,0
4.9695,0,0,0
4.9699999999999998,0,0,0
4.9705000000000004,0,0,0
4.9710000000000001,0,0,0
4.9714999999999998,0,0,0
4.9720000000000004,0,0,0
4.9725000000000001,0,0,0
4.9729999999999999,0,0,0
4.9734999999999996,0,0,0
4.9740000000000002,0,0,0
4.9744999999999999,0,0,0
4.9749999999999996,0,0,0
4.9755000000000003,0,0,0
4.976,0,0,0
4.9764999999999997,0,0,0
4.9770000000000003,0,0,0
4.9775,0,0,0
4.9779999999999998,0,0,0
4.9785000000000004,0,0,0
4.9790000000000001,0,0,0
4.9794999999999998,0,0,0
4.9800000000000004,0,0,0
4.9805000000000001,0,0,0
4.9809999999999999,0,0,0
4.9814999999999996,0,0,0
4.9820000000000002,0,0,0
4.9824999999999999,0,0,0
4.9829999999999997,0,0,0
4.9835000000000003,0,0,0
4.984,0,0,0
4.9844999999999997,0,0,0
4.9850000000000003,0,0,0
4.9855,0,0,0
4.9859999999999998,0,0,0
4.9865000000000004,0,0,0
4.9870000000000001,0,0,0
4.9874999999999998,0,0,0
4.9880000000000004,0,0,0
4.9885000000000002,0,0,0
4.9889999999999999,0,0,0
4.9894999999999996,0,0,0
4.9900000000000002,0,0,0
4.9904999999999999,0,0,0
4.9909999999999997,0,0,0
4.9915000000000003,0,0,0
4.992,0,0,0
4.9924999999999997,0,0,0
4.9930000000000003,0,0,0
4.9935,0,0,0
4.9939999999999998,0,0,0
4.9945000000000004,0,0,0
4.9950000000000001,0,0,0
4.9954999999999998,0,0,0
4.9960000000000004,0,0,0
4.9965000000000002,0,0,0
4.9969999999999999,0,0,0
4.9974999999999996,0,0,0
4.9980000000000002,0,0,0
4.9984999999999999,0,0,0
4.9989999999999997,0,0,0
4.9995000000000003,0,0,0
5,0,0,0
5.0004999999999997,0,0,0
5.0010000000000003,0,0,0
5.0015000000000001,0,0,0
5.0019999999999998,0,0,0
5.0025000000000004,0,0,0
5.0030000000000001,0,0,0
5.0034999999999998,0,0,0
5.0039999999999996,0,0,0
5.0045000000000002,0,0,0
5.0049999999999999,0,0,0
5.0054999999999996,0,0,0
5.0060000000000002,0,0,0
5.0065,0,0,0
5.0069999999999997,0,0,0
5.0075000000000003,0,0,0
5.008,0,0,0
5.0084999999999997,0,0,0
5.0090000000000003,0,0,0
5.0095000000000001,0,0,0
5.0099999999999998,0,0,0
5.0105000000000004,0,0,0
5.0110000000000001,0,0,0
5.0114999999999998,0,0,0
5.0119999999999996,0,0,0
5.0125000000000002,0,0,0
5.0129999999999999,0,0,0
5.0134999999999996,0,0,0
5.0140000000000002,0,0,0
5.0145,0,0,0
5.0149999999999997,0,0,0
5.0155000000000003,0,0,0
5.016,0,0,0
5.0164999999999997,0,0,0
5.0170000000000003,0,0,0
5.0175000000000001,0,0,0
5.0179999999999998,0,0,0
5.0185000000000004,0,0,0
5.0190000000000001,0,0,0
5.0194999999999999,0,0,0
5.0199999999999996,0,0,0
5.0205000000000002,0,0,0
5.0209999999999999,0,0,0
5.0214999999999996,0,0,0
5.0220000000000002,0,0,0
5.0225,0,0,0
5.0229999999999997,0,0,0
5.0235000000000003,0,0,0
5.024,0,0,0
5.0244999999999997,0,0,0
5.0250000000000004,0,0,0
5.0255000000000001,0,0,0
5.0259999999999998,0,0,0
5.0265000000000004,0,0,0
5.0270000000000001,0,0,0
5.0274999999999999,0,0,0
5.0279999999999996,0,0,0
5.0285000000000002,0,0,0
5.0289999999999999,0,0,0
5.0294999999999996,0,0,0
5.0300000000000002,0,0,0
5.0305,0,0,0
5.0309999999999997,0,0,0
5.0315000000000003,0,0,0
5.032,0,0,0
5.0324999999999998,0,0,0
5.0330000000000004,0,0,0
5.0335000000000001,0,0,0
5.0339999999999998,0,0,0
5.0345000000000004,0,0,0
5.0350000000000001,0,0,0
5.0354999999999999,0,0,0
5.0359999999999996,0,0,0
5.0365000000000002,0,0,0
5.0369999999999999,0,0,0
5.0374999999999996,0,0,0
5.0380000000000003,0,0,0
5.0385,0,0,0
5.0389999999999997,0,0,0
5.0395000000000003,0,0,0
5.04,0,0,0
5.0404999999999998,0,0,0
5.0410000000000004,0,0,0
5.0415000000000001,0,0,0
5.0419999999999998,0,0,0
5.0425000000000004,0,0,0
5.0430000000000001,0,0,0
5.0434999999999999,0,0,0
5.0439999999999996,0,0,0
5.0445000000000002,0,0,0
5.0449999999999999,0,0,0
5.0454999999999997,0,0,0
5.0460000000000003,0,0,0
5.0465,0,0,0
5.0469999999999997,0,0,0
5.0475000000000003,0,0,0
5.048,0,0,0
5.0484999999999998,0,0,0
5.0490000000000004,0,0,0
5.0495000000000001,0,0,0
5.0499999999999998,0,0,0
5.0505000000000004,0,0,0
5.0510000000000002,0,0,0
5.0514999999999999,0,0,0
5.0519999999999996,0,0,0
5.0525000000000002,0,0,0
5.0529999999999999,0,0,0
5.0534999999999997,0,0,0
5.0540000000000003,0,0,0
5.0545,0,0,0
5.0549999999999997,0,0,0
5.0555000000000003,0,0,0
5.056,0,0,0
5.0564999999999998,0,0,0
5.0570000000000004,0,0,0
5.0575000000000001,0,0,0
5.0579999999999998,0,0,0
5.0585000000000004,0,0,0
5.0590000000000002,0,0,0
5.0594999999999999,0,0,0
5.0599999999999996,0,0,0
5.0605000000000002,0,0,0
5.0609999999999999,0,0,0
5.0614999999999997,0,0,0
5.0620000000000003,0,0,0
5.0625,0,0,0
5.0629999999999997,0,0,0
5.0635000000000003,0,0,0
5.0640000000000001,0,0,0
5.0644999999999998,0,0,0
5.0650000000000004,0,0,0
5.0655000000000001,0,0,0
5.0659999999999998,0,0,0
5.0664999999999996,0,0,0
5.0670000000000002,0,0,0
5.0674999999999999,0,0,0
5.0679999999999996,0,0,0
5.0685000000000002,0,0,0
5.069,0,0,0
5.0694999999999997,0,0,0
5.0700000000000003,0,0,0
5.0705,0,0,0
5.0709999999999997,0,0,0
5.0715000000000003,0,0,0
5.0720000000000001,0,0,0
5.0724999999999998,0,0,0
5.0730000000000004,0,0,0
5.0735000000000001,0,0,0
5.0739999999999998,0,0,0
5.0744999999999996,0,0,0
5.0750000000000002,0,0,0
5.0754999999999999,0,0,0
5.0759999999999996,0,0,0
5.0765000000000002,0,0,0
5.077,0,0,0
5.0774999999999997,0,0,0
5.0780000000000003,0,0,0
5.0785,0,0,0
5.0789999999999997,0,0,0
5.0795000000000003,0,0,0
5.0800000000000001,0,0,0
5.0804999999999998,0,0,0
5.0810000000000004,0,0,0
5.0815000000000001,0,0,0
5.0819999999999999,0,0,0
5.0824999999999996,0,0,0
5.0830000000000002,0,0,0
5.0834999999999999,0,0,0
5.0839999999999996,0,0,0
5.0845000000000002,0,0,0
5.085,0,0,0
5.0854999999999997,0,0,0
5.0860000000000003,0,0,0
5.0865,0,0,0
5.0869999999999997,0,0,0
5.0875000000000004,0,0,0
5.0880000000000001,0,0,0
5.0884999999999998,0,0,0
5.0890000000000004,0,0,0
5.0895000000000001,0,0,0
5.0899999999999999,0,0,0
5.0904999999999996,0,0,0
5.0910000000000002,0,0,0
5.0914999999999999,0,0,0
5.0919999999999996,0,0,0
5.0925000000000002,0,0,0
5.093,0,0,0
5.0934999999999997,0,0,0
5.0940000000000003,0,0,0
5.0945,0,0,0
5.0949999999999998,0,0,0
5.0955000000000004,0,0,0
5.0960000000000001,0,0,0
5.0964999999999998,0,0,0
5.0970000000000004,0,0,0
5.0975000000000001,0,0,0
5.0979999999999999,0,0,0
5.0984999999999996,0,0,0
5.0990000000000002,0,0,0
5.0994999999999999,0,0,0
5.0999999999999996,0,0,0
5.1005000000000003,0,0,0
5.101,0,0,0
5.1014999999999997,0,0,0
5.1020000000000003,0,0,0
5.1025,0,0,0
5.1029999999999998,0,0,0
5.1035000000000004,0,0,0
5.1040000000000001,0,0,0
5.1044999999999998,0,0,0
5.1050000000000004,0,0,0
5.1055000000000001,0,0,0
5.1059999999999999,0,0,0
5.1064999999999996,0,0,0
5.1070000000000002,0,0,0
5.1074999999999999,0,0,0
5.1079999999999997,0,0,0
5.1085000000000003,0,0,0
5.109,0,0,0
5.1094999999999997,0,0,0
5.1100000000000003,0,0,0
5.1105,0,0,0
5.1109999999999998,0,0,0
5.1115000000000004,0,0,0
5.1120000000000001,0,0,0
5.1124999999999998,0,0,0
5.1130000000000004,0,0,0
5.1135000000000002,0,0,0
5.1139999999999999,0,0,0
5.1144999999999996,0,0,0
5.1150000000000002,0,0,0
5.1154999999999999,0,0,0
5.1159999999999997,0,0,0
5.1165000000000003,0,0,0
5.117,0,0,0
5.1174999999999997,0,0,0
5.1180000000000003,0,0,0
5.1185,0,0,0
5.1189999999999998,0,0,0
5.1195000000000004,0,0,0
5.1200000000000001,0,0,0
5.1204999999999998,0,0,0
5.1210000000000004,0,0,0
5.1215000000000002,0,0,0
5.1219999999999999,0,0,0
5.1224999999999996,0,0,0
5.1230000000000002,0,0,0
5.1234999999999999,0,0,0
5.1239999999999997,0,0,0
5.1245000000000003,0,0,0
5.125,0,0,0
5.1254999999999997,0,0,0
5.1260000000000003,0,0,0
5.1265000000000001,0,0,0
5.1269999999999998,0,0,0
5.1275000000000004,0,0,0
5.1280000000000001,0,0,0
5.1284999999999998,0,0,0
5.1289999999999996,0,0,0
5.1295000000000002,0,0,0
5.1299999999999999,0,0,0
5.1304999999999996,0,0,0
5.1310000000000002,0,0,0
5.1315,0,0,0
5.1319999999999997,0,0,0
5.1325000000000003,0,0,0
5.133,0,0,0
5.1334999999999997,0,0,0
5.1340000000000003,0,0,0
5.1345000000000001,0,0,0
5.1349999999999998,0,0,0
5.1355000000000004,0,0,0
5.1360000000000001,0,0,0
5.1364999999999998,0,0,0
5.1369999999999996,0,0,0
5.1375000000000002,0,0,0
5.1379999999999999,0,0,0
5.1384999999999996,0,0,0
5.1390000000000002,0,0,0
5.1395,0,0,0
5.1399999999999997,0,0,0
5.1405000000000003,0,0,0
5.141,0,0,0
5.1414999999999997,0,0,0
5.1420000000000003,0,0,0
5.1425000000000001,0,0,0
5.1429999999999998,0,0,0
5.1435000000000004,0,0,0
5.1440000000000001,0,0,0
5.1444999999999999,0,0,0
5.1449999999999996,0,0,0
5.1455000000000002,0,0,0
5.1459999999999999,0,0,0
5.1464999999999996,0,0,0
5.1470000000000002,0,0,0
5.1475,0,0,0
5.1479999999999997,0,0,0
5.1485000000000003,0,0,0
5.149,0,0,0
5.1494999999999997,0,0,0
5.1500000000000004,0,0,0
5.1505000000000001,0,0,0
5.1509999999999998,0,0,0
5.1515000000000004,0,0,0
5.1520000000000001,0,0,0
5.1524999999999999,0,0,0
5.1529999999999996,0,0,0
5.1535000000000002,0,0,0
5.1539999999999999,0,0,0
5.1544999999999996,0,0,0
5.1550000000000002,0,0,0
5.1555,0,0,0
5.1559999999999997,0,0,0
5.1565000000000003,0,0,0
5.157,0,0,0
5.1574999999999998,0,0,0
5.1580000000000004,0,0,0
5.1585000000000001,0,0,0
5.1589999999999998,0,0,0
5.1595000000000004,0,0,0
5.1600000000000001,0,0,0
5.1604999999999999,0,0,0
5.1609999999999996,0,0,0
5.1615000000000002,0,0,0
5.1619999999999999,0,0,0
5.1624999999999996,0,0,0
5.1630000000000003,0,0,0
5.1635,0,0,0
5.1639999999999997,0,0,0
5.1645000000000003,0,0,0
5.165,0,0,0
5.1654999999999998,0,0,0
5.1660000000000004,0,0,0
5.1665000000000001,0,0,0
5.1669999999999998,0,0,0
5.1675000000000004,0,0,0
5.1680000000000001,0,0,0
5.1684999999999999,0,0,0
5.1689999999999996,0,0,0
5.1695000000000002,0,0,0
5.1699999999999999,0,0,0
5.1704999999999997,0,0,0
5.1710000000000003,0,0,0
5.1715,0,0,0
5.1719999999999997,0,0,0
5.1725000000000003,0,0,0
5.173,0,0,0
5.1734999999999998,0,0,0
5.1740000000000004,0,0,0
5.1745000000000001,0,0,0
5.1749999999999998,0,0,0
5.1755000000000004,0,0,0
5.1760000000000002,0,0,0
5.1764999999999999,0,0,0
5.1769999999999996,0,0,0
5.1775000000000002,0,0,0
5.1779999999999999,0,0,0
5.1784999999999997,0,0,0
5.1790000000000003,0,0,0
5.1795,0,0,0
5.1799999999999997,0,0,0
5.1805000000000003,0,0,0
5.181,0,0,0
5.1814999999999998,0,0,0
5.1820000000000004,0,0,0
5.1825000000000001,0,0,0
5.1829999999999998,0,0,0
5.1835000000000004,0,0,0
5.1840000000000002,0,0,0
5.1844999999999999,0,0,0
5.1849999999999996,0,0,0
5.1855000000000002,0,0,0
5.1859999999999999,0,0,0
5.1864999999999997,0,0,0
5.1870000000000003,0,0,0
5.1875,0,0,0
5.1879999999999997,0,0,0
5.1885000000000003,0,0,0
5.1890000000000001,0,0,0
5.1894999999999998,0,0,0
5.1900000000000004,0,0,0
5.1905000000000001,0,0,0
5.1909999999999998,0,0,0
5.1914999999999996,0,0,0
5.1920000000000002,0,0,0
5.1924999999999999,0,0,0
5.1929999999999996,0,0,0
5.1935000000000002,0,0,0
5.194,0,0,0
5.1944999999999997,0,0,0
5.1950000000000003,0,0,0
5.1955,0,0,0
5.1959999999999997,0,0,0
5.1965000000000003,0,0,0
5.1970000000000001,0,0,0
5.1974999999999998,0,0,0
5.1980000000000004,0,0,0
5.1985000000000001,0,0,0
5.1989999999999998,0,0,0
5.1994999999999996,0,0,0
5.2000000000000002,0,0,0
5.2004999999999999,0,0,0
5.2009999999999996,0,0,0
5.2015000000000002,0,0,0
5.202,0,0,0
5.2024999999999997,0,0,0
5.2030000000000003,0,0,0
5.2035,0,0,0
5.2039999999999997,0,0,0
5.2045000000000003,0,0,0
5.2050000000000001,0,0,0
5.2054999999999998,0,0,0
5.2060000000000004,0,0,0
5.2065000000000001,0,0,0
5.2069999999999999,0,0,0
5.2074999999999996,0,0,0
5.2080000000000002,0,0,0
5.2084999999999999,0,0,0
5.2089999999999996,0,0,0
5.2095000000000002,0,0,0
5.21,0,0,0
5.2104999999999997,0,0,0
5.2110000000000003,0,0,0
5.2115,0,0,0
5.2119999999999997,0,0,0
5.2125000000000004,0,0,0
5.2130000000000001,0,0,0
5.2134999999999998,0,0,0
5.2140000000000004,0,0,0
5.2145000000000001,0,0,0
5.2149999999999999,0,0,0
5.2154999999999996,0,0,0
5.2160000000000002,0,0,0
5.2164999999999999,0,0,0
5.2169999999999996,0,0,0
5.2175000000000002,0,0,0
5.218,0,0,0
5.2184999999999997,0,0,0
5.2190000000000003,0,0,0
5.2195,0,0,0
5.2199999999999998,0,0,0
5.2205000000000004,0,0,0
5.2210000000000001,0,0,0
5.2214999999999998,0,0,0
5.2220000000000004,0,0,0
5.2225000000000001,0,0,0
5.2229999999999999,0,0,0
5.2234999999999996,0,0,0
5.2240000000000002,0,0,0
5.2244999999999999,0,0,0
5.2249999999999996,0,0,0
5.2255000000000003,0,0,0
5.226,0,0,0
5.2264999999999997,0,0,0
5.2270000000000003,0,0,0
5.2275,0,0,0
5.2279999999999998,0,0,0
5.2285000000000004,0,0,0
5.2290000000000001,0,0,0
5.2294999999999998,0,0,0
5.2300000000000004,0,0,0
5.2305000000000001,0,0,0
5.2309999999999999,0,0,0
5.2314999999999996,0,0,0
5.2320000000000002,0,0,0
5.2324999999999999,0,0,0
5.2329999999999997,0,0,0
5.2335000000000003,0,0,0
5.234,0,0,0
5.2344999999999997,0,0,0
5.2350000000000003,0,0,0
5.2355,0,0,0
5.2359999999999998,0,0,0
5.2365000000000004,0,0,0
5.2370000000000001,0,0,0
5.2374999999999998,0,0,0
5.2380000000000004,0,0,0
5.2385000000000002,0,0,0
5.2389999999999999,0,0,0
5.2394999999999996,0,0,0
5.2400000000000002,0,0,0
5.2404999999999999,0,0,0
5.2409999999999997,0,0,0
5.2415000000000003,0,0,0
5.242,0,0,0
5.2424999999999997,0,0,0
5.2430000000000003,0,0,0
5.2435,0,0,0
5.2439999999999998,0,0,0
5.2445000000000004,0,0,0
5.2450000000000001,0,0,0
5.2454999999999998,0,0,0
5.2460000000000004,0,0,0
5.2465000000000002,0,0,0
5.2469999999999999,0,0,0
5.2474999999999996,0,0,0
5.2480000000000002,0,0,0
5.2484999999999999,0,0,0
5.2489999999999997,0,0,0
5.2495000000000003,0,0,0
5.25,0,0,0
5.2504999999999997,0,0,0
5.2510000000000003,0,0,0
5.2515000000000001,0,0,0
5.2519999999999998,0,0,0
5.2525000000000004,0,0,0
5.2530000000000001,0,0,0
5.2534999999999998,0,0,0
5.2539999999999996,0,0,0
5.2545000000000002,0,0,0
5.2549999999999999,0,0,0
5.2554999999999996,0,0,0
5.2560000000000002,0,0,0
5.2565,0,0,0
5.2569999999999997,0,0,0
5.2575000000000003,0,0,0
5.258,0,0,0
5.2584999999999997,0,0,0
5.2590000000000003,0,0,0
5.2595000000000001,0,0,0
5.2599999999999998,0,0,0
5.2605000000000004,0,0,0
5.2610000000000001,0,0,0
5.2614999999999998,0,0,0
5.2619999999999996,0,0,0
5.2625000000000002,0,0,0
5.2629999999999999,0,0,0
5.2634999999999996,0,0,0
5.2640000000000002,0,0,0
5.2645,0,0,0
5.2649999999999997,0,0,0
5.2655000000000003,0,0,0
5.266,0,0,0
5.2664999999999997,0,0,0
5.2670000000000003,0,0,0
5.2675000000000001,0,0,0
5.2679999999999998,0,0,0
5.2685000000000004,0,0,0
5.2690000000000001,0,0,0
5.2694999999999999,0,0,0
5.2699999999999996,0,0,0
5.2705000000000002,0,0,0
5.2709999999999999,0,0,0
5.2714999999999996,0,0,0
5.2720000000000002,0,0,0
5.2725,0,0,0
5.2729999999999997,0,0,0
5.2735000000000003,0,0,0
5.274,0,0,0
5.2744999999999997,0,0,0
5.2750000000000004,0,0,0
5.2755000000000001,0,0,0
5.2759999999999998,0,0,0
5.2765000000000004,0,0,0
5.2770000000000001,0,0,0
5.2774999999999999,0,0,0
5.2779999999999996,0,0,0
5.2785000000000002,0,0,0
5.2789999999999999,0,0,0
5.2794999999999996,0,0,0
5.2800000000000002,0,0,0
5.2805,0,0,0
5.2809999999999997,0,0,0
5.2815000000000003,0,0,0
5.282,0,0,0
5.2824999999999998,0,0,0
5.2830000000000004,0,0,0
5.2835000000000001,0,0,0
5.2839999999999998,0,0,0
5.2845000000000004,0,0,0
5.2850000000000001,0,0,0
5.2854999999999999,0,0,0
5.2859999999999996,0,0,0
5.2865000000000002,0,0,0
5.2869999999999999,0,0,0
5.2874999999999996,0,0,0
5.2880000000000003,0,0,0
5.2885,0,0,0
5.2889999999999997,0,0,0
5.2895000000000003,0,0,0
5.29,0,0,0
5.2904999999999998,0,0,0
5.2910000000000004,0,0,0
5.2915000000000001,0,0,0
5.2919999999999998,0,0,0
5.2925000000000004,0,0,0
5.2930000000000001,0,0,0
5.2934999999999999,0,0,0
5.2939999999999996,0,0,0
5.2945000000000002,0,0,0
5.2949999999999999,0,0,0
5.2954999999999997,0,0,0
5.2960000000000003,0,0,0
5.2965,0,0,0
5.2969999999999997,0,0,0
5.2975000000000003,0,0,0
5.298,0,0,0
5.2984999999999998,0,0,0
5.2990000000000004,0,0,0
5.2995000000000001,0,0,0
5.2999999999999998,0,0,0
5.3005000000000004,0,0,0
5.3010000000000002,0,0,0
5.3014999999999999,0,0,0
5.3019999999999996,0,0,0
5.3025000000000002,0,0,0
5.3029999999999999,0,0,0
5.3034999999999997,0,0,0
5.3040000000000003,0,0,0
5.3045,0,0,0
5.3049999999999997,0,0,0
5.3055000000000003,0,0,0
5.306,0,0,0
5.3064999999999998,0,0,0
5.3070000000000004,0,0,0
5.3075000000000001,0,0,0
5.3079999999999998,0,0,0
5.3085000000000004,0,0,0
5.3090000000000002,0,0,0
5.3094999999999999,0,0,0
5.3099999999999996,0,0,0
5.3105000000000002,0,0,0
5.3109999999999999,0,0,0
5.3114999999999997,0,0,0
5.3120000000000003,0,0,0
5.3125,0,0,0
5.3129999999999997,0,0,0
5.3135000000000003,0,0,0
5.3140000000000001,0,0,0
5.3144999999999998,0,0,0
5.3150000000000004,0,0,0
5.3155000000000001,0,0,0
5.3159999999999998,0,0,0
5.3164999999999996,0,0,0
5.3170000000000002,0,0,0
5.3174999999999999,0,0,0
5.3179999999999996,0,0,0
5.3185000000000002,0,0,0
5.319,0,0,0
5.3194999999999997,0,0,0
5.3200000000000003,0,0,0
5.3205,0,0,0
5.3209999999999997,0,0,0
5.3215000000000003,0,0,0
5.3220000000000001,0,0,0
5.3224999999999998,0,0,0
5.3230000000000004,0,0,0
5.3235000000000001,0,0,0
5.3239999999999998,0,0,0
5.3244999999999996,0,0,0
5.3250000000000002,0,0,0
5.3254999999999999,0,0,0
5.3259999999999996,0,0,0
5.3265000000000002,0,0,0
5.327,0,0,0
5.3274999999999997,0,0,0
5.3280000000000003,0,0,0
5.3285,0,0,0
5.3289999999999997,0,0,0
5.3295000000000003,0,0,0
5.3300000000000001,0,0,0
5.3304999999999998,0,0,0
5.3310000000000004,0,0,0
5.3315000000000001,0,0,0
5.3319999999999999,0,0,0
5.3324999999999996,0,0,0
5.3330000000000002,0,0,0
5.3334999999999999,0,0,0
5.3339999999999996,0,0,0
5.3345000000000002,0,0,0
5.335,0,0,0
5.3354999999999997,0,0,0
5.3360000000000003,0,0,0
5.3365,0,0,0
5.3369999999999997,0,0,0
5.3375000000000004,0,0,0
5.3380000000000001,0,0,0
5.3384999999999998,0,0,0
5.3390000000000004,0,0,0
5.3395000000000001,0,0,0
5.3399999999999999,0,0,0
5.3404999999999996,0,0,0
5.3410000000000002,0,0,0
5.3414999999999999,0,0,0
5.3419999999999996,0,0,0
5.3425000000000002,0,0,0
5.343,0,0,0
5.3434999999999997,0,0,0
5.3440000000000003,0,0,0
5.3445,0,0,0
5.3449999999999998,0,0,0
5.3455000000000004,0,0,0
5.3460000000000001,0,0,0
5.3464999999999998,0,0,0
5.3470000000000004,0,0,0
5.3475000000000001,0,0,0
5.3479999999999999,0,0,0
5.3484999999999996,0,0,0
5.3490000000000002,0,0,0
5.3494999999999999,0,0,0
5.3499999999999996,0,0,0
5.3505000000000003,0,0,0
5.351,0,0,0
5.3514999999999997,0,0,0
5.3520000000000003,0,0,0
5.3525,0,0,0
5.3529999999999998,0,0,0
5.3535000000000004,0,0,0
5.3540000000000001,0,0,0
5.3544999999999998,0,0,0
5.3550000000000004,0,0,0
5.3555000000000001,0,0,0
5.3559999999999999,0,0,0
5.3564999999999996,0,0,0
5.3570000000000002,0,0,0
5.3574999999999999,0,0,0
5.3579999999999997,0,0,0
5.3585000000000003,0,0,0
5.359,0,0,0
5.3594999999999997,0,0,0
5.3600000000000003,0,0,0
5.3605,0,0,0
5.3609999999999998,0,0,0
5.3615000000000004,0,0,0
5.3620000000000001,0,0,0
5.3624999999999998,0,0,0
5.3630000000000004,0,0,0
5.3635000000000002,0,0,0
5.3639999999999999,0,0,0
5.3644999999999996,0,0,0
5.3650000000000002,0,0,0
5.3654999999999999,0,0,0
5.3659999999999997,0,0,0
5.3665000000000003,0,0,0
5.367,0,0,0
5.3674999999999997,0,0,0
5.3680000000000003,0,0,0
5.3685,0,0,0
5.3689999999999998,0,0,0
5.3695000000000004,0,0,0
5.3700000000000001,0,0,0
5.3704999999999998,0,0,0
5.3710000000000004,0,0,0
5.3715000000000002,0,0,0
5.3719999999999999,0,0,0
5.3724999999999996,0,0,0
5.3730000000000002,0,0,0
5.3734999999999999,0,0,0
5.3739999999999997,0,0,0
5.3745000000000003,0,0,0
5.375,0,0,0
5.3754999999999997,0,0,0
5.3760000000000003,0,0,0
5.3765000000000001,0,0,0
5.3769999999999998,0,0,0
5.3775000000000004,0,0,0
5.3780000000000001,0,0,0
5.3784999999999998,0,0,0
5.3789999999999996,0,0,0
5.3795000000000002,0,0,0
5.3799999999999999,0,0,0
5.3804999999999996,0,0,0
5.3810000000000002,0,0,0
5.3815,0,0,0
5.3819999999999997,0,0,0
5.3825000000000003,0,0,0
5.383,0,0,0
5.3834999999999997,0,0,0
5.3840000000000003,0,0,0
5.3845000000000001,0,0,0
5.3849999999999998,0,0,0
5.3855000000000004,0,0,0
5.3860000000000001,0,0,0
5.3864999999999998,0,0,0
5.3869999999999996,0,0,0
5.3875000000000002,0,0,0
5.3879999999999999,0,0,0
5.3884999999999996,0,0,0
5.3890000000000002,0,0,0
5.3895,0,0,0
5.3899999999999997,0,0,0
5.3905000000000003,0,0,0
5.391,0,0,0
5.3914999999999997,0,0,0
5.3920000000000003,0,0,0
5.3925000000000001,0,0,0
5.3929999999999998,0,0,0
5.3935000000000004,0,0,0
5.3940000000000001,0,0,0
5.3944999999999999,0,0,0
5.3949999999999996,0,0,0
5.3955000000000002,0,0,0
5.3959999999999999,0,0,0
5.3964999999999996,0,0,0
5.3970000000000002,0,0,0
5.3975,0,0,0
5.3979999999999997,0,0,0
5.3985000000000003,0,0,0
5.399,0,0,0
5.3994999999999997,0,0,0
5.4000000000000004,0,0,0
5.4005000000000001,0,0,0
5.4009999999999998,0,0,0
5.4015000000000004,0,0,0
5.4020000000000001,0,0,0
5.4024999999999999,0,0,0
5.4029999999999996,0,0,0
5.4035000000000002,0,0,0
5.4039999999999999,0,0,0
5.4044999999999996,0,0,0
5.4050000000000002,0,0,0
5.4055,0,0,0
5.4059999999999997,0,0,0
5.4065000000000003,0,0,0
5.407,0,0,0
5.4074999999999998,0,0,0
5.4080000000000004,0,0,0
5.4085000000000001,0,0,0
5.4089999999999998,0,0,0
5.4095000000000004,0,0,0
5.4100000000000001,0,0,0
5.4104999999999999,0,0,0
5.4109999999999996,0,0,0
5.4115000000000002,0,0,0
5.4119999999999999,0,0,0
5.4124999999999996,0,0,0
5.4130000000000003,0,0,0
5.4135,0,0,0
5.4139999999999997,0,0,0
5.4145000000000003,0,0,0
5.415,0,0,0
5.4154999999999998,0,0,0
5.4160000000000004,0,0,0
5.4165000000000001,0,0,0
5.4169999999999998,0,0,0
5.4175000000000004,0,0,0
5.4180000000000001,0,0,0
5.4184999999999999,0,0,0
5.4189999999999996,0,0,0
5.4195000000000002,0,0,0
5.4199999999999999,0,0,0
5.4204999999999997,0,0,0
5.4210000000000003,0,0,0
5.4215,0,0,0
5.4219999999999997,0,0,0
5.4225000000000003,0,0,0
5.423,0,0,0
5.4234999999999998,0,0,0
5.4240000000000004,0,0,0
5.4245000000000001,0,0,0
5.4249999999999998,0,0,0
5.4255000000000004,0,0,0
5.4260000000000002,0,0,0
5.4264999999999999,0,0,0
5.4269999999999996,0,0,0
5.4275000000000002,0,0,0
5.4279999999999999,0,0,0
5.4284999999999997,0,0,0
5.4290000000000003,0,0,0
5.4295,0,0,0
5.4299999999999997,0,0,0
5.4305000000000003,0,0,0
5.431,0,0,0
5.4314999999999998,0,0,0
5.4320000000000004,0,0,0
5.4325000000000001,0,0,0
5.4329999999999998,0,0,0
5.4335000000000004,0,0,0
5.4340000000000002,0,0,0
5.4344999999999999,0,0,0
5.4349999999999996,0,0,0
5.4355000000000002,0,0,0
5.4359999999999999,0,0,0
5.4364999999999997,0,0,0
5.4370000000000003,0,0,0
5.4375,0,0,0
5.4379999999999997,0,0,0
5.4385000000000003,0,0,0
5.4390000000000001,0,0,0
5.4394999999999998,0,0,0
5.4400000000000004,0,0,0
5.4405000000000001,0,0,0
5.4409999999999998,0,0,0
5.4414999999999996,0,0,0
5.4420000000000002,0,0,0
5.4424999999999999,0,0,0
5.4429999999999996,0,0,0
5.4435000000000002,0,0,0
5.444,0,0,0
5.4444999999999997,0,0,0
5.4450000000000003,0,0,0
5.4455,0,0,0
5.4459999999999997,0,0,0
5.4465000000000003,0,0,0
5.4470000000000001,0,0,0
5.4474999999999998,0,0,0
5.4480000000000004,0,0,0
5.4485000000000001,0,0,0
5.4489999999999998,0,0,0
5.4494999999999996,0,0,0
5.4500000000000002,0,0,0
5.4504999999999999,0,0,0
5.4509999999999996,0,0,0
5.4515000000000002,0,0,0
5.452,0,0,0
5.4524999999999997,0,0,0
5.4530000000000003,0,0,0
5.4535,0,0,0
5.4539999999999997,0,0,0
5.4545000000000003,0,0,0
5.4550000000000001,0,0,0
5.4554999999999998,0,0,0
5.4560000000000004,0,0,0
5.4565000000000001,0,0,0
5.4569999999999999,0,0,0
5.4574999999999996,0,0,0
5.4580000000000002,0,0,0
5.4584999999999999,0,0,0
5.4589999999999996,0,0,0
5.4595000000000002,0,0,0
5.46,0,0,0
5.4604999999999997,0,0,0
5.4610000000000003,0,0,0
5.4615,0,0,0
5.4619999999999997,0,0,0
5.4625000000000004,0,0,0
5.4630000000000001,0,0,0
5.4634999999999998,0,0,0
5.4640000000000004,0,0,0
5.4645000000000001,0,0,0
5.4649999999999999,0,0,0
5.4654999999999996,0,0,0
5.4660000000000002,0,0,0
5.4664999999999999,0,0,0
5.4669999999999996,0,0,0
5.4675000000000002,0,0,0
5.468,0,0,0
5.4684999999999997,0,0,0
5.4690000000000003,0,0,0
5.4695,0,0,0
5.4699999999999998,0,0,0
5.4705000000000004,0,0,0
5.4710000000000001,0,0,0
5.4714999999999998,0,0,0
5.4720000000000004,0,0,0
5.4725000000000001,0,0,0
5.4729999999999999,0,0,0
5.4734999999999996,0,0,0
5.4740000000000002,0,0,0
5.4744999999999999,0,0,0
5.4749999999999996,0,0,0
5.4755000000000003,0,0,0
5.476,0,0,0
5.4764999999999997,0,0,0
5.4770000000000003,0,0,0
5.4775,0,0,0
5.4779999999999998,0,0,0
5.4785000000000004,0,0,0
5.4790000000000001,0,0,0
5.4794999999999998,0,0,0
5.4800000000000004,0,0,0
5.4805000000000001,0,0,0
5.4809999999999999,0,0,0
5.4814999999999996,0,0,0
5.4820000000000002,0,0,0
5.4824999999999999,0,0,0
5.4829999999999997,0,0,0
5.4835000000000003,0,0,0
5.484,0,0,0
5.4844999999999997,0,0,0
5.4850000000000003,0,0,0
5.4855,0,0,0
5.4859999999999998,0,0,0
5.4865000000000004,0,0,0
5.4870000000000001,0,0,0
5.4874999999999998,0,0,0
5.4880000000000004,0,0,0
5.4885000000000002,0,0,0
5.4889999999999999,0,0,0
5.4894999999999996,0,0,0
5.4900000000000002,0,0,0
5.4904999999999999,0,0,0
5.4909999999999997,0,0,0
5.4915000000000003,0,0,0
5.492,0,0,0
5.4924999999999997,0,0,0
5.4930000000000003,0,0,0
5.4935,0,0,0
5.4939999999999998,0,0,0
5.4945000000000004,0,0,0
5.4950000000000001,0,0,0
5.4954999999999998,0,0,0
5.4960000000000004,0,0,0
5.4965000000000002,0,0,0
5.4969999999999999,0,0,0
5.4974999999999996,0,0,0
5.4980000000000002,0,0,0
5.4984999999999999,0,0,0
5.4989999999999997,0,0,0
5.4995000000000003,0,0,0
5.5,0,0,0
5.5004999999999997,0,0,0
5.5010000000000003,0,0,0
5.5015000000000001,0,0,0
5.5019999999999998,0,0,0
5.5025000000000004,0,0,0
5.5030000000000001,0,0,0
5.5034999999999998,0,0,0
5.5039999999999996,0,0,0
5.5045000000000002,0,0,0
5.5049999999999999,0,0,0
5.5054999999999996,0,0,0
5.5060000000000002,0,0,0
5.5065,0,0,0
5.5069999999999997,0,0,0
5.5075000000000003,0,0,0
5.508,0,0,0
5.5084999999999997,0,0,0
5.5090000000000003,0,0,0
5.5095000000000001,0,0,0
5.5099999999999998,0,0,0
5.5105000000000004,0,0,0
5.5110000000000001,0,0,0
5.5114999999999998,0,0,0
5.5119999999999996,0,0,0
5.5125000000000002,0,0,0
5.5129999999999999,0,0,0
5.5134999999999996,0,0,0
5.5140000000000002,0,0,0
5.5145,0,0,0
5.5149999999999997,0,0,0
5.5155000000000003,0,0,0
5.516,0,0,0
5.5164999999999997,0,0,0
5.5170000000000003,0,0,0
5.5175000000000001,0,0,0
5.5179999999999998,0,0,0
5.5185000000000004,0,0,0
5.5190000000000001,0,0,0
5.5194999999999999,0,0,0
5.5199999999999996,0,0,0
5.5205000000000002,0,0,0
5.5209999999999999,0,0,0
5.5214999999999996,0,0,0
5.5220000000000002,0,0,0
5.5225,0,0,0
5.5229999999999997,0,0,0
5.5235000000000003,0,0,0
5.524,0,0,0
5.5244999999999997,0,0,0
5.5250000000000004,0,0,0
5.5255000000000001,0,0,0
5.5259999999999998,0,0,0
5.5265000000000004,0,0,0
5.5270000000000001,0,0,0
5.5274999999999999,0,0,0
5.5279999999999996,0,0,0
5.5285000000000002,0,0,0
5.5289999999999999,0,0,0
5.5294999999999996,0,0,0
5.5300000000000002,0,0,0
5.5305,0,0,0
5.5309999999999997,0,0,0
5.5315000000000003,0,0,0
5.532,0,0,0
5.5324999999999998,0,0,0
5.5330000000000004,0,0,0
5.5335000000000001,0,0,0
5.5339999999999998,0,0,0
5.5345000000000004,0,0,0
5.5350000000000001,0,0,0
5.5354999999999999,0,0,0
5.5359999999999996,0,0,0
5.5365000000000002,0,0,0
5.5369999999999999,0,0,0
5.5374999999999996,0,0,0
5.5380000000000003,0,0,0
5.5385,0,0,0
5.5389999999999997,0,0,0
5.5395000000000003,0,0,0
5.54,0,0,0
5.5404999999999998,0,0,0
5.5410000000000004,0,0,0
5.5415000000000001,0,0,0
5.5419999999999998,0,0,0
5.5425000000000004,0,0,0
5.5430000000000001,0,0,0
5.5434999999999999,0,0,0
5.5439999999999996,0,0,0
5.5445000000000002,0,0,0
5.5449999999999999,0,0,0
5.5454999999999997,0,0,0
5.5460000000000003,0,0,0
5.5465,0,0,0
5.5469999999999997,0,0,0
5.5475000000000003,0,0,0
5.548,0,0,0
5.5484999999999998,0,0,0
5.5490000000000004,0,0,0
5.5495000000000001,0,0,0
5.5499999999999998,0,0,0
5.5505000000000004,0,0,0
5.5510000000000002,0,0,0
5.5514999999999999,0,0,0
5.5519999999999996,0,0,0
5.5525000000000002,0,0,0
5.5529999999999999,0,0,0
5.5534999999999997,0,0,0
5.5540000000000003,0,0,0
5.5545,0,0,0
5.5549999999999997,0,0,0
5.5555000000000003,0,0,0
5.556,0,0,0
5.5564999999999998,0,0,0
5.5570000000000004,0,0,0
5.5575000000000001,0,0,0
5.5579999999999998,0,0,0
5.5585000000000004,0,0,0
5.5590000000000002,0,0,0
5.5594999999999999,0,0,0
5.5599999999999996,0,0,0
5.5605000000000002,0,0,0
5.5609999999999999,0,0,0
5.5614999999999997,0,0,0
5.5620000000000003,0,0,0
5.5625,0,0,0
5.5629999999999997,0,0,0
5.5635000000000003,0,0,0
5.5640000000000001,0,0,0
5.5644999999999998,0,0,0
5.5650000000000004,0,0,0
5.5655000000000001,0,0,0
5.5659999999999998,0,0,0
5.5664999999999996,0,0,0
5.5670000000000002,0,0,0
5.5674999999999999,0,0,0
5.5679999999999996,0,0,0
5.5685000000000002,0,0,0
5.569,0,0,0
5.5694999999999997,0,0,0
5.5700000000000003,0,0,0
5.5705,0,0,0
5.5709999999999997,0,0,0
5.5715000000000003,0,0,0
5.5720000000000001,0,0,0
5.5724999999999998,0,0,0
5.5730000000000004,0,0,0
5.5735000000000001,0,0,0
5.5739999999999998,0,0,0
5.5744999999999996,0,0,0
5.5750000000000002,0,0,0
5.5754999999999999,0,0,0
5.5759999999999996,0,0,0
5.5765000000000002,0,0,0
5.577,0,0,0
5.5774999999999997,0,0,0
5.5780000000000003,0,0,0
5.5785,0,0,0
5.5789999999999997,0,0,0
5.5795000000000003,0,0,0
5.5800000000000001,0,0,0
5.5804999999999998,0,0,0
5.5810000000000004,0,0,0
5.5815000000000001,0,0,0
5.5819999999999999,0,0,0
5.5824999999999996,0,0,0
5.5830000000000002,0,0,0
5.5834999999999999,0,0,0
5.5839999999999996,0,0,0
5.5845000000000002,0,0,0
5.585,0,0,0
5.5854999999999997,0,0,0
5.5860000000000003,0,0,0
5.5865,0,0,0
5.5869999999999997,0,0,0
5.5875000000000004,0,0,0
5.5880000000000001,0,0,0
5.5884999999999998,0,0,0
5.5890000000000004,0,0,0
5.5895000000000001,0,0,0
5.5899999999999999,0,0,0
5.5904999999999996,0,0,0
5.5910000000000002,0,0,0
5.5914999999999999,0,0,0
5.5919999999999996,0,0,0
5.5925000000000002,0,0,0
5.593,0,0,0
5.5934999999999997,0,0,0
5.5940000000000003,0,0,0
5.5945,0,0,0
5.5949999999999998,0,0,0
5.5955000000000004,0,0,0
5.5960000000000001,0,0,0
5.5964999999999998,0,0,0
5.5970000000000004,0,0,0
5.5975000000000001,0,0,0
5.5979999999999999,0,0,0
5.5984999999999996,0,0,0
5.5990000000000002,0,0,0
5.5994999999999999,0,0,0
5.5999999999999996,0,0,0
5.6005000000000003,0,0,0
5.601,0,0,0
5.6014999999999997,0,0,0
5.6020000000000003,0,0,0
5.6025,0,0,0
5.6029999999999998,0,0,0
5.6035000000000004,0,0,0
5.6040000000000001,0,0,0
5.6044999999999998,0,0,0
5.6050000000000004,0,0,0
5.6055000000000001,0,0,0
5.6059999999999999,0,0,0
5.6064999999999996,0,0,0
5.6070000000000002,0,0,0
5.6074999999999999,0,0,0
5.6079999999999997,0,0,0
5.6085000000000003,0,0,0
5.609,0,0,0
5.6094999999999997,0,0,0
5.6100000000000003,0,0,0
5.6105,0,0,0
5.6109999999999998,0,0,0
5.6115000000000004,0,0,0
5.6120000000000001,0,0,0
5.6124999999999998,0,0,0
5.6130000000000004,0,0,0
5.6135000000000002,0,0,0
5.6139999999999999,0,0,0
5.6144999999999996,0,0,0
5.6150000000000002,0,0,0
5.6154999999999999,0,0,0
5.6159999999999997,0,0,0
5.6165000000000003,0,0,0
5.617,0,0,0
5.6174999999999997,0,0,0
5.6180000000000003,0,0,0
5.6185,0,0,0
5.6189999999999998,0,0,0
5.6195000000000004,0,0,0
5.6200000000000001,0,0,0
5.6204999999999998,0,0,0
5.6210000000000004,0,0,0
5.6215000000000002,0,0,0
5.6219999999999999,0,0,0
5.6224999999999996,0,0,0
5.6230000000000002,0,0,0
5.6234999999999999,0,0,0
5.6239999999999997,0,0,0
5.6245000000000003,0,0,0
5.625,0,0,0
5.6254999999999997,0,0,0
5.6260000000000003,0,0,0
5.6265000000000001,0,0,0
5.6269999999999998,0,0,0
5.6275000000000004,0,0,0
5.6280000000000001,0,0,0
5.6284999999999998,0,0,0
5.6289999999999996,0,0,0
5.6295000000000002,0,0,0
5.6299999999999999,0,0,0
5.6304999999999996,0,0,0
5.6310000000000002,0,0,0
5.6315,0,0,0
5.6319999999999997,0,0,0
5.6325000000000003,0,0,0
5.633,0,0,0
5.6334999999999997,0,0,0
5.6340000000000003,0,0,0
5.6345000000000001,0,0,0
5.6349999999999998,0,0,0
5.6355000000000004,0,0,0
5.6360000000000001,0,0,0
5.6364999999999998,0,0,0
5.6369999999999996,0,0,0
5.6375000000000002,0,0,0
5.6379999999999999,0,0,0
5.6384999999999996,0,0,0
5.6390000000000002,0,0,0
5.6395,0,0,0
5.6399999999999997,0,0,0
5.6405000000000003,0,0,0
5.641,0,0,0
5.6414999999999997,0,0,0
5.6420000000000003,0,0,0
5.6425000000000001,0,0,0
5.6429999999999998,0,0,0
5.6435000000000004,0,0,0
5.6440000000000001,0,0,0
5.6444999999999999,0,0,0
5.6449999999999996,0,0,0
5.6455000000000002,0,0,0
5.6459999999999999,0,0,0
5.6464999999999996,0,0,0
5.6470000000000002,0,0,0
5.6475,0,0,0
5.6479999999999997,0,0,0
5.6485000000000003,0,0,0
5.649,0,0,0
5.6494999999999997,0,0,0
5.6500000000000004,0,0,0
5.6505000000000001,0,0,0
5.6509999999999998,0,0,0
5.6515000000000004,0,0,0
5.6520000000000001,0,0,0
5.6524999999999999,0,0,0
5.6529999999999996,0,0,0
5.6535000000000002,0,0,0
5.6539999999999999,0,0,0
5.6544999999999996,0,0,0
5.6550000000000002,0,0,0
5.6555,0,0,0
5.6559999999999997,0,0,0
5.6565000000000003,0,0,0
5.657,0,0,0
5.6574999999999998,0,0,0
5.6580000000000004,0,0,0
5.6585000000000001,0,0,0
5.6589999999999998,0,0,0
5.6595000000000004,0,0,0
5.6600000000000001,0,0,0
5.6604999999999999,0,0,0
5.6609999999999996,0,0,0
5.6615000000000002,0,0,0
5.6619999999999999,0,0,0
5.6624999999999996,0,0,0
5.6630000000000003,0,0,0
5.6635,0,0,0
5.6639999999999997,0,0,0
5.6645000000000003,0,0,0
5.665,0,0,0
5.6654999999999998,0,0,0
5.6660000000000004,0,0,0
5.6665000000000001,0,0,0
5.6669999999999998,0,0,0
5.6675000000000004,0,0,0
5.6680000000000001,0,0,0
5.6684999999999999,0,0,0
5.6689999999999996,0,0,0
5.6695000000000002,0,0,0
5.6699999999999999,0,0,0
5.6704999999999997,0,0,0
5.6710000000000003,0,0,0
5.6715,0,0,0
5.6719999999999997,0,0,0
5.6725000000000003,0,0,0
5.673,0,0,0
5.6734999999999998,0,0,0
5.6740000000000004,0,0,0
5.6745000000000001,0,0,0
5.6749999999999998,0,0,0
5.6755000000000004,0,0,0
5.6760000000000002,0,0,0
5.6764999999999999,0,0,0
5.6769999999999996,0,0,0
5.6775000000000002,0,0,0
5.6779999999999999,0,0,0
5.6784999999999997,0,0,0
5.6790000000000003,0,0,0
5.6795,0,0,0
5.6799999999999997,0,0,0
5.6805000000000003,0,0,0
5.681,0,0,0
5.6814999999999998,0,0,0
5.6820000000000004,0,0,0
5.6825000000000001,0,0,0
5.6829999999999998,0,0,0
5.6835000000000004,0,0,0
5.6840000000000002,0,0,0
5.6844999999999999,0,0,0
5.6849999999999996,0,0,0
5.6855000000000002,0,0,0
5.6859999999999999,0,0,0
5.6864999999999997,0,0,0
5.6870000000000003,0,0,0
5.6875,0,0,0
5.6879999999999997,0,0,0
5.6885000000000003,0,0,0
5.6890000000000001,0,0,0
5.6894999999999998,0,0,0
5.6900000000000004,0,0,0
5.6905000000000001,0,0,0
5.6909999999999998,0,0,0
5.6914999999999996,0,0,0
5.6920000000000002,0,0,0
5.6924999999999999,0,0,0
5.6929999999999996,0,0,0
5.6935000000000002,0,0,0
5.694,0,0,0
5.6944999999999997,0,0,0
5.6950000000000003,0,0,0
5.6955,0,0,0
5.6959999999999997,0,0,0
5.6965000000000003,0,0,0
5.6970000000000001,0,0,0
5.6974999999999998,0,0,0
5.6980000000000004,0,0,0
5.6985000000000001,0,0,0
5.6989999999999998,0,0,0
5.6994999999999996,0,0,0
5.7000000000000002,0,0,0
5.7004999999999999,0,0,0
5.7009999999999996,0,0,0
5.7015000000000002,0,0,0
5.702,0,0,0
5.7024999999999997,0,0,0
5.7030000000000003,0,0,0
5.7035,0,0,0
5.7039999999999997,0,0,0
5.7045000000000003,0,0,0
5.7050000000000001,0,0,0
5.7054999999999998,0,0,0
5.7060000000000004,0,0,0
5.7065000000000001,0,0,0
5.7069999999999999,0,0,0
5.7074999999999996,0,0,0
5.7080000000000002,0,0,0
5.7084999999999999,0,0,0
5.7089999999999996,0,0,0
5.7095000000000002,0,0,0
5.71,0,0,0
5.7104999999999997,0,0,0
5.7110000000000003,0,0,0
5.7115,0,0,0
5.7119999999999997,0,0,0
5.7125000000000004,0,0,0
5.7130000000000001,0,0,0
5.7134999999999998,0,0,0
5.7140000000000004,0,0,0
5.7145000000000001,0,0,0
5.7149999999999999,0,0,0
5.7154999999999996,0,0,0
5.7160000000000002,0,0,0
5.7164999999999999,0,0,0
5.7169999999999996,0,0,0
5.7175000000000002,0,0,0
5.718,0,0,0
5.7184999999999997,0,0,0
5.7190000000000003,0,0,0
5.7195,0,0,0
5.7199999999999998,0,0,0
5.7205000000000004,0,0,0
5.7210000000000001,0,0,0
5.7214999999999998,0,0,0
5.7220000000000004,0,0,0
5.7225000000000001,0,0,0
5.7229999999999999,0,0,0
5.7234999999999996,0,0,0
5.7240000000000002,0,0,0
5.7244999999999999,0,0,0
5.7249999999999996,0,0,0
5.7255000000000003,0,0,0
5.726,0,0,0
5.7264999999999997,0,0,0
5.7270000000000003,0,0,0
5.7275,0,0,0
5.7279999999999998,0,0,0
5.7285000000000004,0,0,0
5.7290000000000001,0,0,0
5.7294999999999998,0,0,0
5.7300000000000004,0,0,0
5.7305000000000001,0,0,0
5.7309999999999999,0,0,0
5.7314999999999996,0,0,0
5.7320000000000002,0,0,0
5.7324999999999999,0,0,0
5.7329999999999997,0,0,0
5.7335000000000003,0,0,0
5.734,0,0,0
5.7344999999999997,0,0,0
5.7350000000000003,0,0,0
5.7355,0,0,0
5.7359999999999998,0,0,0
5.7365000000000004,0,0,0
5.7370000000000001,0,0,0
5.7374999999999998,0,0,0
5.7380000000000004,0,0,0
5.7385000000000002,0,0,0
5.7389999999999999,0,0,0
5.7394999999999996,0,0,0
5.7400000000000002,0,0,0
5.7404999999999999,0,0,0
5.7409999999999997,0,0,0
5.7415000000000003,0,0,0
5.742,0,0,0
5.7424999999999997,0,0,0
5.7430000000000003,0,0,0
5.7435,0,0,0
5.7439999999999998,0,0,0
5.7445000000000004,0,0,0
5.7450000000000001,0,0,0
5.7454999999999998,0,0,0
5.7460000000000004,0,0,0
5.7465000000000002,0,0,0
5.7469999999999999,0,0,0
5.7474999999999996,0,0,0
5.7480000000000002,0,0,0
5.7484999999999999,0,0,0
5.7489999999999997,0,0,0
5.7495000000000003,0,0,0
5.75,0,0,0
5.7504999999999997,0,0,0
5.7510000000000003,0,0,0
5.7515000000000001,0,0,0
5.7519999999999998,0,0,0
5.7525000000000004,0,0,0
5.7530000000000001,0,0,0
5.7534999999999998,0,0,0
5.7539999999999996,0,0,0
5.7545000000000002,0,0,0
5.7549999999999999,0,0,0
5.7554999999999996,0,0,0
5.7560000000000002,0,0,0
5.7565,0,0,0
5.7569999999999997,0,0,0
5.7575000000000003,0,0,0
5.758,0,0,0
5.7584999999999997,0,0,0
5.7590000000000003,0,0,0
5.7595000000000001,0,0,0
5.7599999999999998,0,0,0
5.7605000000000004,0,0,0
5.7610000000000001,0,0,0
5.7614999999999998,0,0,0
5.7619999999999996,0,0,0
5.7625000000000002,0,0,0
5.7629999999999999,0,0,0
5.7634999999999996,0,0,0
5.7640000000000002,0,0,0
5.7645,0,0,0
5.7649999999999997,0,0,0
5.7655000000000003,0,0,0
5.766,0,0,0
5.7664999999999997,0,0,0
5.7670000000000003,0,0,0
5.7675000000000001,0,0,0
5.7679999999999998,0,0,0
5.7685000000000004,0,0,0
5.7690000000000001,0,0,0
5.7694999999999999,0,0,0
5.7699999999999996,0,0,0
5.7705000000000002,0,0,0
5.7709999999999999,0,0,0
5.7714999999999996,0,0,0
5.7720000000000002,0,0,0
5.7725,0,0,0
5.7729999999999997,0,0,0
5.7735000000000003,0,0,0
5.774,0,0,0
5.7744999999999997,0,0,0
5.7750000000000004,0,0,0
5.7755000000000001,0,0,0
5.7759999999999998,0,0,0
5.7765000000000004,0,0,0
5.7770000000000001,0,0,0
5.7774999999999999,0,0,0
5.7779999999999996,0,0,0
5.7785000000000002,0,0,0
5.7789999999999999,0,0,0
5.7794999999999996,0,0,0
5.7800000000000002,0,0,0
5.7805,0,0,0
5.7809999999999997,0,0,0
5.7815000000000003,0,0,0
5.782,0,0,0
5.7824999999999998,0,0,0
5.7830000000000004,0,0,0
5.7835000000000001,0,0,0
5.7839999999999998,0,0,0
5.7845000000000004,0,0,0
5.7850000000000001,0,0,0
5.7854999999999999,0,0,0
5.7859999999999996,0,0,0
5.7865000000000002,0,0,0
5.7869999999999999,0,0,0
5.7874999999999996,0,0,0
5.7880000000000003,0,0,0
5.7885,0,0,0
5.7889999999999997,0,0,0
5.7895000000000003,0,0,0
5.79,0,0,0
5.7904999999999998,0,0,0
5.7910000000000004,0,0,0
5.7915000000000001,0,0,0
5.7919999999999998,0,0,0
5.7925000000000004,0,0,0
5.7930000000000001,0,0,0
5.7934999999999999,0,0,0
5.7939999999999996,0,0,0
5.7945000000000002,0,0,0
5.7949999999999999,0,0,0
5.7954999999999997,0,0,0
5.7960000000000003,0,0,0
5.7965,0,0,0
5.7969999999999997,0,0,0
5.7975000000000003,0,0,0
5.798,0,0,0
5.7984999999999998,0,0,0
5.7990000000000004,0,0,0
5.7995000000000001,0,0,0
5.7999999999999998,0,0,0
5.8005000000000004,0,0,0
5.8010000000000002,0,0,0
5.8014999999999999,0,0,0
5.8019999999999996,0,0,0
5.8025000000000002,0,0,0
5.8029999999999999,0,0,0
5.8034999999999997,0,0,0
5.8040000000000003,0,0,0
5.8045,0,0,0
5.8049999999999997,0,0,0
5.8055000000000003,0,0,0
5.806,0,0,0
5.8064999999999998,0,0,0
5.8070000000000004,0,0,0
5.8075000000000001,0,0,0
5.8079999999999998,0,0,0
5.8085000000000004,0,0,0
5.8090000000000002,0,0,0
5.8094999999999999,0,0,0
5.8099999999999996,0,0,0
5.8105000000000002,0,0,0
5.8109999999999999,0,0,0
5.8114999999999997,0,0,0
5.8120000000000003,0,0,0
5.8125,0,0,0
5.8129999999999997,0,0,0
5.8135000000000003,0,0,0
5.8140000000000001,0,0,0
5.8144999999999998,0,0,0
5.8150000000000004,0,0,0
5.8155000000000001,0,0,0
5.8159999999999998,0,0,0
5.8164999999999996,0,0,0
5.8170000000000002,0,0,0
5.8174999999999999,0,0,0
5.8179999999999996,0,0,0
5.8185000000000002,0,0,0
5.819,0,0,0
5.8194999999999997,0,0,0
5.8200000000000003,0,0,0
5.8205,0,0,0
5.8209999999999997,0,0,0
5.8215000000000003,0,0,0
5.8220000000000001,0,0,0
5.8224999999999998,0,0,0
5.8230000000000004,0,0,0
5.8235000000000001,0,0,0
5.8239999999999998,0,0,0
5.8244999999999996,0,0,0
5.8250000000000002,0,0,0
5.8254999999999999,0,0,0
5.8259999999999996,0,0,0
5.8265000000000002,0,0,0
5.827,0,0,0
5.8274999999999997,0,0,0
5.8280000000000003,0,0,0
5.8285,0,0,0
5.8289999999999997,0,0,0
5.8295000000000003,0,0,0
5.8300000000000001,0,0,0
5.8304999999999998,0,0,0
5.8310000000000004,0,0,0
5.8315000000000001,0,0,0
5.8319999999999999,0,0,0
5.8324999999999996,0,0,0
5.8330000000000002,0,0,0
5.8334999999999999,0,0,0
5.8339999999999996,0,0,0
5.8345000000000002,0,0,0
5.835,0,0,0
5.8354999999999997,0,0,0
5.8360000000000003,0,0,0
5.8365,0,0,0
5.8369999999999997,0,0,0
5.8375000000000004,0,0,0
5.8380000000000001,0,0,0
5.8384999999999998,0,0,0
5.8390000000000004,0,0,0
5.8395000000000001,0,0,0
5.8399999999999999,0,0,0
5.8404999999999996,0,0,0
5.8410000000000002,0,0,0
5.8414999999999999,0,0,0
5.8419999999999996,0,0,0
5.8425000000000002,0,0,0
5.843,0,0,0
5.8434999999999997,0,0,0
5.8440000000000003,0,0,0
5.8445,0,0,0
5.8449999999999998,0,0,0
5.8455000000000004,0,0,0
5.8460000000000001,0,0,0
5.8464999999999998,0,0,0
5.8470000000000004,0,0,0
5.8475000000000001,0,0,0
5.8479999999999999,0,0,0
5.8484999999999996,0,0,0
5.8490000000000002,0,0,0
5.8494999999999999,0,0,0
5.8499999999999996,0,0,0
5.8505000000000003,0,0,0
5.851,0,0,0
5.8514999999999997,0,0,0
5.8520000000000003,0,0,0
5.8525,0,0,0
5.8529999999999998,0,0,0
5.8535000000000004,0,0,0
5.8540000000000001,0,0,0
5.8544999999999998,0,0,0
5.8550000000000004,0,0,0
5.8555000000000001,0,0,0
5.8559999999999999,0,0,0
5.8564999999999996,0,0,0
5.8570000000000002,0,0,0
5.8574999999999999,0,0,0
5.8579999999999997,0,0,0
5.8585000000000003,0,0,0
5.859,0,0,0
5.8594999999999997,0,0,0
5.8600000000000003,0,0,0
5.8605,0,0,0
5.8609999999999998,0,0,0
5.8615000000000004,0,0,0
5.8620000000000001,0,0,0
5.8624999999999998,0,0,0
5.8630000000000004,0,0,0
5.8635000000000002,0,0,0
5.8639999999999999,0,0,0
5.8644999999999996,0,0,0
5.8650000000000002,0,0,0
5.8654999999999999,0,0,0
5.8659999999999997,0,0,0
5.8665000000000003,0,0,0
5.867,0,0,0
5.8674999999999997,0,0,0
5.8680000000000003,0,0,0
5.8685,0,0,0
5.8689999999999998,0,0,0
5.8695000000000004,0,0,0
5.8700000000000001,0,0,0
5.8704999999999998,0,0,0
5.8710000000000004,0,0,0
5.8715000000000002,0,0,0
5.8719999999999999,0,0,0
5.8724999999999996,0,0,0
5.8730000000000002,0,0,0
5.8734999999999999,0,0,0
5.8739999999999997,0,0,0
5.8745000000000003,0,0,0
5.875,0,0,0
5.8754999999999997,0,0,0
5.8760000000000003,0,0,0
5.8765000000000001,0,0,0
5.8769999999999998,0,0,0
5.8775000000000004,0,0,0
5.8780000000000001,0,0,0
5.8784999999999998,0,0,0
5.8789999999999996,0,0,0
5.8795000000000002,0,0,0
5.8799999999999999,0,0,0
5.8804999999999996,0,0,0
5.8810000000000002,0,0,0
5.8815,0,0,0
5.8819999999999997,0,0,0
5.8825000000000003,0,0,0
5.883,0,0,0
5.8834999999999997,0,0,0
5.8840000000000003,0,0,0
5.8845000000000001,0,0,0
5.8849999999999998,0,0,0
5.8855000000000004,0,0,0
5.8860000000000001,0,0,0
5.8864999999999998,0,0,0
5.8869999999999996,0,0,0
5.8875000000000002,0,0,0
5.8879999999999999,0,0,0
5.8884999999999996,0,0,0
5.8890000000000002,0,0,0
5.8895,0,0,0
5.8899999999999997,0,0,0
5.8905000000000003,0,0,0
5.891,0,0,0
5.8914999999999997,0,0,0
5.8920000000000003,0,0,0
5.8925000000000001,0,0,0
5.8929999999999998,0,0,0
5.8935000000000004,0,0,0
5.8940000000000001,0,0,0
5.8944999999999999,0,0,0
5.8949999999999996,0,0,0
5.8955000000000002,0,0,0
5.8959999999999999,0,0,0
5.8964999999999996,0,0,0
5.8970000000000002,0,0,0
5.8975,0,0,0
5.8979999999999997,0,0,0
5.8985000000000003,0,0,0
5.899,0,0,0
5.8994999999999997,0,0,0
5.9000000000000004,0,0,0
5.9005000000000001,0,0,0
5.9009999999999998,0,0,0
5.9015000000000004,0,0,0
5.9020000000000001,0,0,0
5.9024999999999999,0,0,0
5.9029999999999996,0,0,0
5.9035000000000002,0,0,0
5.9039999999999999,0,0,0
5.9044999999999996,0,0,0
5.9050000000000002,0,0,0
5.9055,0,0,0
5.9059999999999997,0,0,0
5.9065000000000003,0,0,0
5.907,0,0,0
5.9074999999999998,0,0,0
5.9080000000000004,0,0,0
5.9085000000000001,0,0,0
5.9089999999999998,0,0,0
5.9095000000000004,0,0,0
5.9100000000000001,0,0,0
5.9104999999999999,0,0,0
5.9109999999999996,0,0,0
5.9115000000000002,0,0,0
5.9119999999999999,0,0,0
5.9124999999999996,0,0,0
5.9130000000000003,0,0,0
5.9135,0,0,0
5.9139999999999997,0,0,0
5.9145000000000003,0,0,0
5.915,0,0,0
5.9154999999999998,0,0,0
5.9160000000000004,0,0,0
5.9165000000000001,0,0,0
5.9169999999999998,0,0,0
5.9175000000000004,0,0,0
5.9180000000000001,0,0,0
5.9184999999999999,0,0,0
5.9189999999999996,0,0,0
5.9195000000000002,0,0,0
5.9199999999999999,0,0,0
5.9204999999999997,0,0,0
5.9210000000000003,0,0,0
5.9215,0,0,0
5.9219999999999997,0,0,0
5.9225000000000003,0,0,0
5.923,0,0,0
5.9234999999999998,0,0,0
5.9240000000000004,0,0,0
5.9245000000000001,0,0,0
5.9249999999999998,0,0,0
5.9255000000000004,0,0,0
5.9260000000000002,0,0,0
5.9264999999999999,0,0,0
5.9269999999999996,0,0,0
5.9275000000000002,0,0,0
5.9279999999999999,0,0,0
5.9284999999999997,0,0,0
5.9290000000000003,0,0,0
5.9295,0,0,0
5.9299999999999997,0,0,0
5.9305000000000003,0,0,0
5.931,0,0,0
5.9314999999999998,0,0,0
5.9320000000000004,0,0,0
5.9325000000000001,0,0,0
5.9329999999999998,0,0,0
5.9335000000000004,0,0,0
5.9340000000000002,0,0,0
5.9344999999999999,0,0,0
5.9349999999999996,0,0,0
5.9355000000000002,0,0,0
5.9359999999999999,0,0,0
5.9364999999999997,0,0,0
5.9370000000000003,0,0,0
5.9375,0,0,0
5.9379999999999997,0,0,0
5.9385000000000003,0,0,0
5.9390000000000001,0,0,0
5.9394999999999998,0,0,0
5.9400000000000004,0,0,0
5.9405000000000001,0,0,0
5.9409999999999998,0,0,0
5.9414999999999996,0,0,0
5.9420000000000002,0,0,0
5.9424999999999999,0,0,0
5.9429999999999996,0,0,0
5.9435000000000002,0,0,0
5.944,0,0,0
5.9444999999999997,0,0,0
5.9450000000000003,0,0,0
5.9455,0,0,0
5.9459999999999997,0,0,0
5.9465000000000003,0,0,0
5.9470000000000001,0,0,0
5.9474999999999998,0,0,0
5.9480000000000004,0,0,0
5.9485000000000001,0,0,0
5.9489999999999998,0,0,0
5.9494999999999996,0,0,0
5.9500000000000002,0,0,0
5.9504999999999999,0,0,0
5.9509999999999996,0,0,0
5.9515000000000002,0,0,0
5.952,0,0,0
5.9524999999999997,0,0,0
5.9530000000000003,0,0,0
5.9535,0,0,0
5.9539999999999997,0,0,0
5.9545000000000003,0,0,0
5.9550000000000001,0,0,0
5.9554999999999998,0,0,0
5.9560000000000004,0,0,0
5.9565000000000001,0,0,0
5.9569999999999999,0,0,0
5.9574999999999996,0,0,0
5.9580000000000002,0,0,0
5.9584999999999999,0,0,0
5.9589999999999996,0,0,0
5.9595000000000002,0,0,0
5.96,0,0,0
5.9604999999999997,0,0,0
5.9610000000000003,0,0,0
5.9615,0,0,0
5.9619999999999997,0,0,0
5.9625000000000004,0,0,0
5.9630000000000001,0,0,0
5.9634999999999998,0,0,0
5.9640000000000004,0,0,0
5.9645000000000001,0,0,0
5.9649999999999999,0,0,0
5.9654999999999996,0,0,0
5.9660000000000002,0,0,0
5.9664999999999999,0,0,0
5.9669999999999996,0,0,0
5.9675000000000002,0,0,0
5.968,0,0,0
5.9684999999999997,0,0,0
5.9690000000000003,0,0,0
5.9695,0,0,0
5.9699999999999998,0,0,0
5.9705000000000004,0,0,0
5.9710000000000001,0,0,0
5.9714999999999998,0,0,0
5.9720000000000004,0,0,0
5.9725000000000001,0,0,0
5.9729999999999999,0,0,0
5.9734999999999996,0,0,0
5.9740000000000002,0,0,0
5.9744999999999999,0,0,0
5.9749999999999996,0,0,0
5.9755000000000003,0,0,0
5.976,0,0,0
5.9764999999999997,0,0,0
5.9770000000000003,0,0,0
5.9775,0,0,0
5.9779999999999998,0,0,0
5.9785000000000004,0,0,0
5.9790000000000001,0,0,0
5.9794999999999998,0,0,0
5.9800000000000004,0,0,0
5.9805000000000001,0,0,0
5.9809999999999999,0,0,0
5.9814999999999996,0,0,0
5.9820000000000002,0,0,0
5.9824999999999999,0,0,0
5.9829999999999997,0,0,0
5.9835000000000003,0,0,0
5.984,0,0,0
5.9844999999999997,0,0,0
5.9850000000000003,0,0,0
5.9855,0,0,0
5.9859999999999998,0,0,0
5.9865000000000004,0,0,0
5.9870000000000001,0,0,0
5.9874999999999998,0,0,0
5.9880000000000004,0,0,0
5.9885000000000002,0,0,0
5.9889999999999999,0,0,0
5.9894999999999996,0,0,0
5.9900000000000002,0,0,0
5.9904999999999999,0,0,0
5.9909999999999997,0,0,0
5.9915000000000003,0,0,0
5.992,0,0,0
5.9924999999999997,0,0,0
5.9930000000000003,0,0,0
5.9935,0,0,0
5.9939999999999998,0,0,0
5.9945000000000004,0,0,0
5.9950000000000001,0,0,0
5.9954999999999998,0,0,0
5.9960000000000004,0,0,0
5.9965000000000002,0,0,0
5.9969999999999999,0,0,0
5.9974999999999996,0,0,0
5.9980000000000002,0,0,0
5.9984999999999999,0,0,0
5.9989999999999997,0,0,0
5.9995000000000003,0,0,0
6,0,0,0
6.0004999999999997,0,0,0
6.0010000000000003,0,0,0
6.0015000000000001,0,0,0
6.0019999999999998,0,0,0
6.0025000000000004,0,0,0
6.0030000000000001,0,0,0
6.0034999999999998,0,0,0
6.0039999999999996,0,0,0
6.0045000000000002,0,0,0
6.0049999999999999,0,0,0
6.0054999999999996,0,0,0
6.0060000000000002,0,0,0
6.0065,0,0,0
6.0069999999999997,0,0,0
6.0075000000000003,0,0,0
6.008,0,0,0
6.0084999999999997,0,0,0
6.0090000000000003,0,0,0
6.0095000000000001,0,0,0
6.0099999999999998,0,0,0
6.0105000000000004,0,0,0
6.0110000000000001,0,0,0
6.0114999999999998,0,0,0
6.0119999999999996,0,0,0
6.0125000000000002,0,0,0
6.0129999999999999,0,0,0
6.0134999999999996,0,0,0
6.0140000000000002,0,0,0
6.0145,0,0,0
6.0149999999999997,0,0,0
6.0155000000000003,0,0,0
6.016,0,0,0
6.0164999999999997,0,0,0
6.0170000000000003,0,0,0
6.0175000000000001,0,0,0
6.0179999999999998,0,0,0
6.0185000000000004,0,0,0
6.0190000000000001,0,0,0
6.0194999999999999,0,0,0
6.0199999999999996,0,0,0
6.0205000000000002,0,0,0
6.0209999999999999,0,0,0
6.0214999999999996,0,0,0
6.0220000000000002,0,0,0
6.0225,0,0,0
6.0229999999999997,0,0,0
6.0235000000000003,0,0,0
6.024,0,0,0
6.0244999999999997,0,0,0
6.0250000000000004,0,0,0
6.0255000000000001,0,0,0
6.0259999999999998,0,0,0
6.0265000000000004,0,0,0
6.0270000000000001,0,0,0
6.0274999999999999,0,0,0
6.0279999999999996,0,0,0
6.0285000000000002,0,0,0
6.0289999999999999,0,0,0
6.0294999999999996,0,0,0
6.0300000000000002,0,0,0
6.0305,0,0,0
6.0309999999999997,0,0,0
6.0315000000000003,0,0,0
6.032,0,0,0
6.0324999999999998,0,0,0
6.0330000000000004,0,0,0
6.0335000000000001,0,0,0
6.0339999999999998,0,0,0
6.0345000000000004,0,0,0
6.0350000000000001,0,0,0
6.0354999999999999,0,0,0
6.0359999999999996,0,0,0
6.0365000000000002,0,0,0
6.0369999999999999,0,0,0
6.0374999999999996,0,0,0
6.0380000000000003,0,0,0
6.0385,0,0,0
6.0389999999999997,0,0,0
6.0395000000000003,0,0,0
6.04,0,0,0
6.0404999999999998,0,0,0
6.0410000000000004,0,0,0
6.0415000000000001,0,0,0
6.0419999999999998,0,0,0
6.0425000000000004,0,0,0
6.0430000000000001,0,0,0
6.0434999999999999,0,0,0
6.0439999999999996,0,0,0
6.0445000000000002,0,0,0
6.0449999999999999,0,0,0
6.0454999999999997,0,0,0
6.0460000000000003,0,0,0
6.0465,0,0,0
6.0469999999999997,0,0,0
6.0475000000000003,0,0,0
6.048,0,0,0
6.0484999999999998,0,0,0
6.0490000000000004,0,0,0
6.0495000000000001,0,0,0
6.0499999999999998,0,0,0
6.0505000000000004,0,0,0
6.0510000000000002,0,0,0
6.0514999999999999,0,0,0
6.0519999999999996,0,0,0
6.0525000000000002,0,0,0
6.0529999999999999,0,0,0
6.0534999999999997,0,0,0
6.0540000000000003,0,0,0
6.0545,0,0,0
6.0549999999999997,0,0,0
6.0555000000000003,0,0,0
6.056,0,0,0
6.0564999999999998,0,0,0
6.0570000000000004,0,0,0
6.0575000000000001,0,0,0
6.0579999999999998,0,0,0
6.0585000000000004,0,0,0
6.0590000000000002,0,0,0
6.0594999999999999,0,0,0
6.0599999999999996,0,0,0
6.0605000000000002,0,0,0
6.0609999999999999,0,0,0
6.0614999999999997,0,0,0
6.0620000000000003,0,0,0
6.0625,0,0,0
6.0629999999999997,0,0,0
6.0635000000000003,0,0,0
6.0640000000000001,0,0,0
6.0644999999999998,0,0,0
6.0650000000000004,0,0,0
6.0655000000000001,0,0,0
6.0659999999999998,0,0,0
6.0664999999999996,0,0,0
6.0670000000000002,0,0,0
6.0674999999999999,0,0,0
6.0679999999999996,0,0,0
6.0685000000000002,0,0,0
6.069,0,0,0
6.0694999999999997,0,0,0
6.0700000000000003,0,0,0
6.0705,0,0,0
6.0709999999999997,0,0,0
6.0715000000000003,0,0,0
6.0720000000000001,0,0,0
6.0724999999999998,0,0,0
6.0730000000000004,0,0,0
6.0735000000000001,0,0,0
6.0739999999999998,0,0,0
6.0744999999999996,0,0,0
6.0750000000000002,0,0,0
6.0754999999999999,0,0,0
6.0759999999999996,0,0,0
6.0765000000000002,0,0,0
6.077,0,0,0
6.0774999999999997,0,0,0
6.0780000000000003,0,0,0
6.0785,0,0,0
6.0789999999999997,0,0,0
6.0795000000000003,0,0,0
6.0800000000000001,0,0,0
6.0804999999999998,0,0,0
6.0810000000000004,0,0,0
6.0815000000000001,0,0,0
6.0819999999999999,0,0,0
6.0824999999999996,0,0,0
6.0830000000000002,0,0,0
6.0834999999999999,0,0,0
6.0839999999999996,0,0,0
6.0845000000000002,0,0,0
6.085,0,0,0
6.0854999999999997,0,0,0
6.0860000000000003,0,0,0
6.0865,0,0,0
6.0869999999999997,0,0,0
6.0875000000000004,0,0,0
6.0880000000000001,0,0,0
6.0884999999999998,0,0,0
6.0890000000000004,0,0,0
6.0895000000000001,0,0,0
6.0899999999999999,0,0,0
6.0904999999999996,0,0,0
6.0910000000000002,0,0,0
6.0914999999999999,0,0,0
6.0919999999999996,0,0,0
6.0925000000000002,0,0,0
6.093,0,0,0
6.0934999999999997,0,0,0
6.0940000000000003,0,0,0
6.0945,0,0,0
6.0949999999999998,0,0,0
6.0955000000000004,0,0,0
6.0960000000000001,0,0,0
6.0964999999999998,0,0,0
6.0970000000000004,0,0,0
6.0975000000000001,0,0,0
6.0979999999999999,0,0,0
6.0984999999999996,0,0,0
6.0990000000000002,0,0,0
6.0994999999999999,0,0,0
6.0999999999999996,0,0,0
6.1005000000000003,0,0,0
6.101,0,0,0
6.1014999999999997,0,0,0
6.1020000000000003,0,0,0
6.1025,0,0,0
6.1029999999999998,0,0,0
6.1035000000000004,0,0,0
6.1040000000000001,0,0,0
6.1044999999999998,0,0,0
6.1050000000000004,0,0,0
6.1055000000000001,0,0,0
6.1059999999999999,0,0,0
6.1064999999999996,0,0,0
6.1070000000000002,0,0,0
6.1074999999999999,0,0,0
6.1079999999999997,0,0,0
6.1085000000000003,0,0,0
6.109,0,0,0
6.1094999999999997,0,0,0
6.1100000000000003,0,0,0
6.1105,0,0,0
6.1109999999999998,0,0,0
6.1115000000000004,0,0,0
6.1120000000000001,0,0,0
6.1124999999999998,0,0,0
6.1130000000000004,0,0,0
6.1135000000000002,0,0,0
6.1139999999999999,0,0,0
6.1144999999999996,0,0,0
6.1150000000000002,0,0,0
6.1154999999999999,0,0,0
6.1159999999999997,0,0,0
6.1165000000000003,0,0,0
6.117,0,0,0
6.1174999999999997,0,0,0
6.1180000000000003,0,0,0
6.1185,0,0,0
6.1189999999999998,0,0,0
6.1195000000000004,0,0,0
6.1200000000000001,0,0,0
6.1204999999999998,0,0,0
6.1210000000000004,0,0,0
6.1215000000000002,0,0,0
6.1219999999999999,0,0,0
6.1224999999999996,0,0,0
6.1230000000000002,0,0,0
6.1234999999999999,0,0,0
6.1239999999999997,0,0,0
6.1245000000000003,0,0,0
6.125,0,0,0
6.1254999999999997,0,0,0
6.1260000000000003,0,0,0
6.1265000000000001,0,0,0
6.1269999999999998,0,0,0
6.1275000000000004,0,0,0
6.1280000000000001,0,0,0
6.1284999999999998,0,0,0
6.1289999999999996,0,0,0
6.1295000000000002,0,0,0
6.1299999999999999,0,0,0
6.1304999999999996,0,0,0
6.1310000000000002,0,0,0
6.1315,0,0,0
6.1319999999999997,0,0,0
6.1325000000000003,0,0,0
6.133,0,0,0
6.1334999999999997,0,0,0
6.1340000000000003,0,0,0
6.1345000000000001,0,0,0
6.1349999999999998,0,0,0
6.1355000000000004,0,0,0
6.1360000000000001,0,0,0
6.1364999999999998,0,0,0
6.1369999999999996,0,0,0
6.1375000000000002,0,0,0
6.1379999999999999,0,0,0
6.1384999999999996,0,0,0
6.1390000000000002,0,0,0
6.1395,0,0,0
6.1399999999999997,0,0,0
6.1405000000000003,0,0,0
6.141,0,0,0
6.1414999999999997,0,0,0
6.1420000000000003,0,0,0
6.1425000000000001,0,0,0
6.1429999999999998,0,0,0
6.1435000000000004,0,0,0
6.1440000000000001,0,0,0
6.1444999999999999,0,0,0
6.1449999999999996,0,0,0
6.1455000000000002,0,0,0
6.1459999999999999,0,0,0
6.1464999999999996,0,0,0
6.1470000000000002,0,0,0
6.1475,0,0,0
6.1479999999999997,0,0,0
6.1485000000000003,0,0,0
6.149,0,0,0
6.1494999999999997,0,0,0
6.1500000000000004,0,0,0
6.1505000000000001,0,0,0
6.1509999999999998,0,0,0
6.1515000000000004,0,0,0
6.1520000000000001,0,0,0
6.1524999999999999,0,0,0
6.1529999999999996,0,0,0
6.1535000000000002,0,0,0
6.1539999999999999,0,0,0
6.1544999999999996,0,0,0
6.1550000000000002,0,0,0
6.1555,0,0,0
6.1559999999999997,0,0,0
6.1565000000000003,0,0,0
6.157,0,0,0
6.1574999999999998,0,0,0
6.1580000000000004,0,0,0
6.1585000000000001,0,0,0
6.1589999999999998,0,0,0
6.1595000000000004,0,0,0
6.1600000000000001,0,0,0
6.1604999999999999,0,0,0
6.1609999999999996,0,0,0
6.1615000000000002,0,0,0
6.1619999999999999,0,0,0
6.1624999999999996,0,0,0
6.1630000000000003,0,0,0
6.1635,0,0,0
6.1639999999999997,0,0,0
6.1645000000000003,0,0,0
6.165,0,0,0
6.1654999999999998,0,0,0
6.1660000000000004,0,0,0
6.1665000000000001,0,0,0
6.1669999999999998,0,0,0
6.1675000000000004,0,0,0
6.1680000000000001,0,0,0
6.1684999999999999,0,0,0
6.1689999999999996,0,0,0
6.1695000000000002,0,0,0
6.1699999999999999,0,0,0
6.1704999999999997,0,0,0
6.1710000000000003,0,0,0
6.1715,0,0,0
6.1719999999999997,0,0,0
6.1725000000000003,0,0,0
6.173,0,0,0
6.1734999999999998,0,0,0
6.1740000000000004,0,0,0
6.1745000000000001,0,0,0
6.1749999999999998,0,0,0
6.1755000000000004,0,0,0
6.1760000000000002,0,0,0
6.1764999999999999,0,0,0
6.1769999999999996,0,0,0
6.1775000000000002,0,0,0
6.1779999999999999,0,0,0
6.1784999999999997,0,0,0
6.1790000000000003,0,0,0
6.1795,0,0,0
6.1799999999999997,0,0,0
6.1805000000000003,0,0,0
6.181,0,0,0
6.1814999999999998,0,0,0
6.1820000000000004,0,0,0
6.1825000000000001,0,0,0
6.1829999999999998,0,0,0
6.1835000000000004,0,0,0
6.1840000000000002,0,0,0
6.1844999999999999,0,0,0
6.1849999999999996,0,0,0
6.1855000000000002,0,0,0
6.1859999999999999,0,0,0
6.1864999999999997,0,0,0
6.1870000000000003,0,0,0
6.1875,0,0,0
6.1879999999999997,0,0,0
6.1885000000000003,0,0,0
6.1890000000000001,0,0,0
6.1894999999999998,0,0,0
6.1900000000000004,0,0,0
6.1905000000000001,0,0,0
6.1909999999999998,0,0,0
6.1914999999999996,0,0,0
6.1920000000000002,0,0,0
6.1924999999999999,0,0,0
6.1929999999999996,0,0,0
6.1935000000000002,0,0,0
6.194,0,0,0
6.1944999999999997,0,0,0
6.1950000000000003,0,0,0
6.1955,0,0,0
6.1959999999999997,0,0,0
6.1965000000000003,0,0,0
6.1970000000000001,0,0,0
6.1974999999999998,0,0,0
6.1980000000000004,0,0,0
6.1985000000000001,0,0,0
6.1989999999999998,0,0,0
6.1994999999999996,0,0,0
6.2000000000000002,0,0,0
6.2004999999999999,0,0,0
6.2009999999999996,0,0,0
6.2015000000000002,0,0,0
6.202,0,0,0
6.2024999999999997,0,0,0
6.2030000000000003,0,0,0
6.2035,0,0,0
6.2039999999999997,0,0,0
6.2045000000000003,0,0,0
6.2050000000000001,0,0,0
6.2054999999999998,0,0,0
6.2060000000000004,0,0,0
6.2065000000000001,0,0,0
6.2069999999999999,0,0,0
6.2074999999999996,0,0,0
6.2080000000000002,0,0,0
6.2084999999999999,0,0,0
6.2089999999999996,0,0,0
6.2095000000000002,0,0,0
6.21,0,0,0
6.2104999999999997,0,0,0
6.2110000000000003,0,0,0
6.2115,0,0,0
6.2119999999999997,0,0,0
6.2125000000000004,0,0,0
6.2130000000000001,0,0,0
6.2134999999999998,0,0,0
6.2140000000000004,0,0,0
6.2145000000000001,0,0,0
6.2149999999999999,0,0,0
6.2154999999999996,0,0,0
6.2160000000000002,0,0,0
6.2164999999999999,0,0,0
6.2169999999999996,0,0,0
6.2175000000000002,0,0,0
6.218,0,0,0
6.2184999999999997,0,0,0
6.2190000000000003,0,0,0
6.2195,0,0,0
6.2199999999999998,0,0,0
6.2205000000000004,0,0,0
6.2210000000000001,0,0,0
6.2214999999999998,0,0,0
6.2220000000000004,0,0,0
6.2225000000000001,0,0,0
6.2229999999999999,0,0,0
6.2234999999999996,0,0,0
6.2240000000000002,0,0,0
6.2244999999999999,0,0,0
6.2249999999999996,0,0,0
6.2255000000000003,0,0,0
6.226,0,0,0
6.2264999999999997,0,0,0
6.2270000000000003,0,0,0
6.2275,0,0,0
6.2279999999999998,0,0,0
6.2285000000000004,0,0,0
6.2290000000000001,0,0,0
6.2294999999999998,0,0,0
6.2300000000000004,0,0,0
6.2305000000000001,0,0,0
6.2309999999999999,0,0,0
6.2314999999999996,0,0,0
6.2320000000000002,0,0,0
6.2324999999999999,0,0,0
6.2329999999999997,0,0,0
6.2335000000000003,0,0,0
6.234,0,0,0
6.2344999999999997,0,0,0
6.2350000000000003,0,0,0
6.2355,0,0,0
6.2359999999999998,0,0,0
6.2365000000000004,0,0,0
6.2370000000000001,0,0,0
6.2374999999999998,0,0,0
6.2380000000000004,0,0,0
6.2385000000000002,0,0,0
6.2389999999999999,0,0,0
6.2394999999999996,0,0,0
6.2400000000000002,0,0,0
6.2404999999999999,0,0,0
6.2409999999999997,0,0,0
6.2415000000000003,0,0,0
6.242,0,0,0
6.2424999999999997,0,0,0
6.2430000000000003,0,0,0
6.2435,0,0,0
6.2439999999999998,0,0,1
6.2445000000000004,0,0,1
6.2450000000000001,0,0,0
6.2454999999999998,0,0,0
6.2460000000000004,0,0,0
6.2465000000000002,0,0,0
6.2469999999999999,0,0,0
6.2474999999999996,0,0,0
6.2480000000000002,0,0,0
6.2484999999999999,0,0,0
6.2489999999999997,0,0,0
6.2495000000000003,0,0,0
6.25,0,0,0
6.2504999999999997,0,0,0
6.2510000000000003,0,0,0
6.2515000000000001,0,0,0
6.2519999999999998,0,0,0
6.2525000000000004,0,0,0
6.2530000000000001,0,0,0
6.2534999999999998,0,0,0
6.2539999999999996,0,0,0
6.2545000000000002,0,0,0
6.2549999999999999,0,0,0
6.2554999999999996,0,0,0
6.2560000000000002,0,0,0
6.2565,0,0,0
6.2569999999999997,0,0,0
6.2575000000000003,0,0,0
6.258,0,0,0
6.2584999999999997,0,0,0
6.2590000000000003,0,0,0
6.2595000000000001,0,0,0
6.2599999999999998,0,0,0
6.2605000000000004,0,0,0
6.2610000000000001,0,0,0
6.2614999999999998,0,0,0
6.2619999999999996,0,0,0
6.2625000000000002,0,0,0
6.2629999999999999,0,0,0
6.2634999999999996,0,0,0
6.2640000000000002,0,0,0
6.2645,0,0,0
6.2649999999999997,0,0,0
6.2655000000000003,0,0,0
6.266,0,0,0
6.2664999999999997,0,0,0
6.2670000000000003,0,0,0
6.2675000000000001,0,0,0
6.2679999999999998,0,0,0
6.2685000000000004,0,0,0
6.2690000000000001,0,0,0
6.2694999999999999,0,0,0
6.2699999999999996,0,0,0
6.2705000000000002,0,0,0
6.2709999999999999,0,0,0
6.2714999999999996,0,0,0
6.2720000000000002,0,0,0
6.2725,0,0,0
6.2729999999999997,0,0,0
6.2735000000000003,0,0,0
6.274,0,0,0
6.2744999999999997,0,0,0
6.2750000000000004,0,0,0
6.2755000000000001,0,0,0
6.2759999999999998,0,0,0
6.2765000000000004,0,0,0
6.2770000000000001,0,0,0
6.2774999999999999,0,0,0
6.2779999999999996,0,0,0
6.2785000000000002,0,0,0
6.2789999999999999,0,0,0
6.2794999999999996,0,0,0
6.2800000000000002,0,0,0
6.2805,0,0,0
6.2809999999999997,0,0,0
6.2815000000000003,0,0,0
6.282,0,0,0
6.2824999999999998,0,0,0
6.2830000000000004,0,0,0
6.2835000000000001,0,0,0
6.2839999999999998,0,0,0
6.2845000000000004,0,0,0
6.2850000000000001,0,0,0
6.2854999999999999,0,0,0
6.2859999999999996,0,0,0
6.2865000000000002,0,0,0
6.2869999999999999,0,0,0
6.2874999999999996,0,0,0
6.2880000000000003,0,0,0
6.2885,0,0,0
6.2889999999999997,0,1,0
6.2895000000000003,0,1,0
6.29,0,0,0
6.2904999999999998,0,0,0
6.2910000000000004,0,0,0
6.2915000000000001,0,0,0
6.2919999999999998,0,0,0
6.2925000000000004,0,0,0
6.2930000000000001,0,0,0
6.2934999999999999,0,0,0
6.2939999999999996,0,0,0
6.2945000000000002,0,0,0
6.2949999999999999,0,0,0
6.2954999999999997,0,0,0
6.2960000000000003,0,0,0
6.2965,0,0,0
6.2969999999999997,0,0,0
6.2975000000000003,0,0,0
6.298,0,0,0
6.2984999999999998,0,0,0
6.2990000000000004,0,0,0
6.2995000000000001,0,0,0
6.2999999999999998,0,0,0
6.3005000000000004,0,0,0
6.3010000000000002,0,0,0
6.3014999999999999,0,0,0
6.3019999999999996,0,0,0
6.3025000000000002,0,0,0
6.3029999999999999,0,0,0
6.3034999999999997,0,0,0
6.3040000000000003,0,0,0
6.3045,0,0,0
6.3049999999999997,0,0,0
6.3055000000000003,0,0,0
6.306,0,0,0
6.3064999999999998,0,0,0
6.3070000000000004,0,0,0
6.3075000000000001,0,1,0
6.3079999999999998,0,1,0
6.3085000000000004,0,0,0
6.3090000000000002,0,0,0
6.3094999999999999,0,0,0
6.3099999999999996,0,0,0
6.3105000000000002,0,0,0
6.3109999999999999,0,0,0
6.3114999999999997,0,0,0
6.3120000000000003,0,0,0
6.3125,0,0,0
6.3129999999999997,0,0,0
6.3135000000000003,0,0,0
6.3140000000000001,0,0,0
6.3144999999999998,0,0,0
6.3150000000000004,0,0,0
6.3155000000000001,0,0,0
6.3159999999999998,0,0,0
6.3164999999999996,0,0,0
6.3170000000000002,0,0,0
6.3174999999999999,0,0,0
6.3179999999999996,0,0,0
6.3185000000000002,0,0,0
6.319,0,0,0
6.3194999999999997,0,0,0
6.3200000000000003,0,0,0
6.3205,0,0,0
6.3209999999999997,0,0,0
6.3215000000000003,0,0,0
6.3220000000000001,0,0,0
6.3224999999999998,0,0,0
6.3230000000000004,0,0,0
6.3235000000000001,0,1,0
6.3239999999999998,0,1,0
6.3244999999999996,0,0,0
6.3250000000000002,0,0,0
6.3254999999999999,0,0,0
6.3259999999999996,0,0,0
6.3265000000000002,0,0,0
6.327,0,0,0
6.3274999999999997,0,0,0
6.3280000000000003,0,0,0
6.3285,0,0,0
6.3289999999999997,0,0,0
6.3295000000000003,0,0,0
6.3300000000000001,0,0,0
6.3304999999999998,0,0,0
6.3310000000000004,0,0,0
6.3315000000000001,0,0,0
6.3319999999999999,0,0,0
6.3324999999999996,0,0,0
6.3330000000000002,0,0,0
6.3334999999999999,0,0,0
6.3339999999999996,0,0,0
6.3345000000000002,0,0,0
6.335,0,0,0
6.3354999999999997,0,0,0
6.3360000000000003,0,0,0
6.3365,0,0,0
6.3369999999999997,0,0,0
6.3375000000000004,0,0,0
6.3380000000000001,0,0,0
6.3384999999999998,0,0,0
6.3390000000000004,0,0,0
6.3395000000000001,0,0,0
6.3399999999999999,0,0,0
6.3404999999999996,0,0,0
6.3410000000000002,0,0,0
6.3414999999999999,0,0,0
6.3419999999999996,0,0,0
6.3425000000000002,0,0,0
6.343,0,0,0
6.3434999999999997,0,0,0
6.3440000000000003,0,0,0
6.3445,0,0,0
6.3449999999999998,0,0,0
6.3455000000000004,0,0,0
6.3460000000000001,0,1,0
6.3464999999999998,0,1,0
6.3470000000000004,0,0,0
6.3475000000000001,0,0,0
6.3479999999999999,0,0,0
6.3484999999999996,0,0,0
6.3490000000000002,0,0,0
6.3494999999999999,0,0,0
6.3499999999999996,0,0,0
6.3505000000000003,0,0,0
6.351,0,0,0
6.3514999999999997,0,0,0
6.3520000000000003,0,0,0
6.3525,0,0,0
6.3529999999999998,0,0,0
6.3535000000000004,0,0,0
6.3540000000000001,0,0,0
6.3544999999999998,0,0,0
6.3550000000000004,0,0,0
6.3555000000000001,0,0,0
6.3559999999999999,0,0,0
6.3564999999999996,0,0,0
6.3570000000000002,0,0,0
6.3574999999999999,0,0,0
6.3579999999999997,0,0,0
6.3585000000000003,0,0,0
6.359,0,0,0
6.3594999999999997,0,0,0
6.3600000000000003,0,0,0
6.3605,0,0,0
6.3609999999999998,0,0,0
6.3615000000000004,0,0,0
6.3620000000000001,0,0,0
6.3624999999999998,0,0,0
6.3630000000000004,0,0,0
6.3635000000000002,0,0,0
6.3639999999999999,0,0,0
6.3644999999999996,0,0,0
6.3650000000000002,0,0,0
6.3654999999999999,0,0,0
6.3659999999999997,0,0,0
6.3665000000000003,0,0,0
6.367,0,0,0
6.3674999999999997,0,0,0
6.3680000000000003,0,0,0
6.3685,0,0,0
6.3689999999999998,0,0,0
6.3695000000000004,0,0,0
6.3700000000000001,0,0,0
6.3704999999999998,0,0,0
6.3710000000000004,0,0,0
6.3715000000000002,0,0,0
6.3719999999999999,0,0,0
6.3724999999999996,0,0,0
6.3730000000000002,0,0,0
6.3734999999999999,0,0,0
6.3739999999999997,0,0,0
6.3745000000000003,0,0,0
6.375,0,0,0
6.3754999999999997,0,0,0
6.3760000000000003,0,0,0
6.3765000000000001,0,0,0
6.3769999999999998,0,0,0
6.3775000000000004,0,0,0
6.3780000000000001,0,0,0
6.3784999999999998,0,0,0
6.3789999999999996,0,0,0
6.3795000000000002,0,0,0
6.3799999999999999,0,0,0
6.3804999999999996,0,0,0
6.3810000000000002,0,0,0
6.3815,0,0,0
6.3819999999999997,0,0,0
6.3825000000000003,0,0,0
6.383,0,0,0
6.3834999999999997,0,0,0
6.3840000000000003,0,0,0
6.3845000000000001,0,0,0
6.3849999999999998,0,0,0
6.3855000000000004,0,0,0
6.3860000000000001,0,0,0
6.3864999999999998,0,0,0
6.3869999999999996,0,0,0
6.3875000000000002,0,0,0
6.3879999999999999,0,0,0
6.3884999999999996,0,0,0
6.3890000000000002,0,0,0
6.3895,0,0,0
6.3899999999999997,0,0,0
6.3905000000000003,0,0,0
6.391,0,0,0
6.3914999999999997,0,0,0
6.3920000000000003,0,0,0
6.3925000000000001,0,0,0
6.3929999999999998,0,0,0
6.3935000000000004,0,0,0
6.3940000000000001,0,0,0
6.3944999999999999,0,0,0
6.3949999999999996,0,0,0
6.3955000000000002,0,0,0
6.3959999999999999,0,0,0
6.3964999999999996,0,0,0
6.3970000000000002,0,0,0
6.3975,0,0,0
6.3979999999999997,0,0,0
6.3985000000000003,0,0,0
6.399,0,0,0
6.3994999999999997,0,0,0
6.4000000000000004,0,0,0
6.4005000000000001,0,0,0
6.4009999999999998,0,0,0
6.4015000000000004,0,0,0
6.4020000000000001,0,0,0
6.4024999999999999,0,0,0
6.4029999999999996,0,0,0
6.4035000000000002,0,0,0
6.4039999999999999,0,0,0
6.4044999999999996,0,0,0
6.4050000000000002,0,0,0
6.4055,0,0,0
6.4059999999999997,0,0,0
6.4065000000000003,0,0,0
6.407,0,0,0
6.4074999999999998,0,0,0
6.4080000000000004,0,0,0
6.4085000000000001,0,0,0
6.4089999999999998,0,0,0
6.4095000000000004,0,0,0
6.4100000000000001,0,0,0
6.4104999999999999,0,0,0
6.4109999999999996,0,0,0
6.4115000000000002,0,0,0
6.4119999999999999,0,0,0
6.4124999999999996,0,0,0
6.4130000000000003,0,0,0
6.4135,0,0,0
6.4139999999999997,0,0,0
6.4145000000000003,0,0,0
6.415,0,0,0
6.4154999999999998,0,0,0
6.4160000000000004,0,0,0
6.4165000000000001,0,0,0
6.4169999999999998,0,0,0
6.4175000000000004,0,0,0
6.4180000000000001,0,0,0
6.4184999999999999,0,0,0
6.4189999999999996,0,0,0
6.4195000000000002,0,0,0
6.4199999999999999,0,0,0
6.4204999999999997,0,0,0
6.4210000000000003,0,0,0
6.4215,0,0,0
6.4219999999999997,0,0,0
6.4225000000000003,0,0,0
6.423,0,0,0
6.4234999999999998,0,0,0
6.4240000000000004,0,0,0
6.4245000000000001,0,0,0
6.4249999999999998,0,0,0
6.4255000000000004,0,0,0
6.4260000000000002,0,0,0
6.4264999999999999,0,0,0
6.4269999999999996,0,0,0
6.4275000000000002,0,0,0
6.4279999999999999,0,0,0
6.4284999999999997,0,0,0
6.4290000000000003,0,0,0
6.4295,0,0,0
6.4299999999999997,0,0,0
6.4305000000000003,0,0,0
6.431,0,0,0
6.4314999999999998,0,0,0
6.4320000000000004,0,0,0
6.4325000000000001,0,0,0
6.4329999999999998,0,0,0
6.4335000000000004,0,0,0
6.4340000000000002,0,0,0
6.4344999999999999,0,0,0
6.4349999999999996,0,0,0
6.4355000000000002,0,0,0
6.4359999999999999,0,0,0
6.4364999999999997,0,0,0
6.4370000000000003,0,0,0
6.4375,0,0,0
6.4379999999999997,0,0,0
6.4385000000000003,0,0,0
6.4390000000000001,0,0,0
6.4394999999999998,0,0,0
6.4400000000000004,0,0,0
6.4405000000000001,0,0,0
6.4409999999999998,0,0,0
6.4414999999999996,0,0,0
6.4420000000000002,0,0,0
6.4424999999999999,0,0,0
6.4429999999999996,0,0,0
6.4435000000000002,0,0,0
6.444,0,0,0
6.4444999999999997,0,0,0
6.4450000000000003,0,0,0
6.4455,0,0,0
6.4459999999999997,0,0,0
6.4465000000000003,0,0,0
6.4470000000000001,0,0,0
6.4474999999999998,0,0,0
6.4480000000000004,0,0,0
6.4485000000000001,0,0,0
6.4489999999999998,0,0,0
6.4494999999999996,0,0,0
6.4500000000000002,0,0,0
6.4504999999999999,0,0,0
6.4509999999999996,0,0,0
6.4515000000000002,0,0,0
6.452,0,0,0
6.4524999999999997,0,0,0
6.4530000000000003,0,0,0
6.4535,0,0,0
6.4539999999999997,0,0,0
6.4545000000000003,0,0,0
6.4550000000000001,0,0,0
6.4554999999999998,0,0,0
6.4560000000000004,0,0,0
6.4565000000000001,0,0,0
6.4569999999999999,0,0,0
6.4574999999999996,0,0,0
6.4580000000000002,0,0,0
6.4584999999999999,0,0,0
6.4589999999999996,0,0,0
6.4595000000000002,0,0,0
6.46,0,0,0
6.4604999999999997,0,0,0
6.4610000000000003,0,0,0
6.4615,0,0,0
6.4619999999999997,0,0,0
6.4625000000000004,0,0,0
6.4630000000000001,0,0,0
6.4634999999999998,0,0,0
6.4640000000000004,0,0,0
6.4645000000000001,0,0,0
6.4649999999999999,0,0,0
6.4654999999999996,0,0,0
6.4660000000000002,0,0,0
6.4664999999999999,0,0,0
6.4669999999999996,0,0,0
6.4675000000000002,0,0,0
6.468,0,0,0
6.4684999999999997,0,0,0
6.4690000000000003,0,0,0
6.4695,0,0,0
6.4699999999999998,0,0,0
6.4705000000000004,0,0,0
6.4710000000000001,0,0,0
6.4714999999999998,0,0,0
6.4720000000000004,0,0,0
6.4725000000000001,0,0,0
6.4729999999999999,0,0,0
6.4734999999999996,0,0,0
6.4740000000000002,0,0,0
6.4744999999999999,0,0,0
6.4749999999999996,0,0,0
6.4755000000000003,0,0,0
6.476,0,0,0
6.4764999999999997,0,0,0
6.4770000000000003,0,0,0
6.4775,0,0,0
6.4779999999999998,0,0,0
6.4785000000000004,0,0,0
6.4790000000000001,0,0,0
6.4794999999999998,0,0,0
6.4800000000000004,0,0,0
6.4805000000000001,0,0,0
6.4809999999999999,0,0,0
6.4814999999999996,0,0,0
6.4820000000000002,0,0,0
6.4824999999999999,0,0,0
6.4829999999999997,0,0,0
6.4835000000000003,0,0,0
6.484,0,0,0
6.4844999999999997,0,0,0
6.4850000000000003,0,0,0
6.4855,0,0,0
6.4859999999999998,0,0,0
6.4865000000000004,0,0,0
6.4870000000000001,0,0,0
6.4874999999999998,0,0,0
6.4880000000000004,0,0,0
6.4885000000000002,0,0,0
6.4889999999999999,0,0,0
6.4894999999999996,0,0,0
6.4900000000000002,0,0,0
6.4904999999999999,0,0,0
6.4909999999999997,0,0,0
6.4915000000000003,0,0,0
6.492,0,0,0
6.4924999999999997,0,0,0
6.4930000000000003,0,0,0
6.4935,0,0,0
6.4939999999999998,0,0,0
6.4945000000000004,0,0,0
6.4950000000000001,0,0,0
6.4954999999999998,0,0,0
6.4960000000000004,0,0,0
6.4965000000000002,0,0,0
6.4969999999999999,0,0,0
6.4974999999999996,0,0,0
6.4980000000000002,0,0,0
6.4984999999999999,0,0,0
6.4989999999999997,0,0,0
6.4995000000000003,0,0,0
6.5,0,0,0
6.5004999999999997,0,0,0
6.5010000000000003,0,0,0
6.5015000000000001,0,0,0
6.5019999999999998,0,0,0
6.5025000000000004,0,0,0
6.5030000000000001,0,0,0
6.5034999999999998,0,0,0
6.5039999999999996,0,0,0
6.5045000000000002,0,0,0
6.5049999999999999,0,0,0
6.5054999999999996,0,0,0
6.5060000000000002,0,0,0
6.5065,0,0,0
6.5069999999999997,0,0,0
6.5075000000000003,0,0,0
6.508,0,0,0
6.5084999999999997,0,0,0
6.5090000000000003,0,0,0
6.5095000000000001,0,0,0
6.5099999999999998,0,0,0
6.5105000000000004,0,0,0
6.5110000000000001,0,0,0
6.5114999999999998,0,0,0
6.5119999999999996,0,0,0
6.5125000000000002,0,0,0
6.5129999999999999,0,0,0
6.5134999999999996,0,0,0
6.5140000000000002,0,0,0
6.5145,0,0,0
6.5149999999999997,0,0,0
6.5155000000000003,0,0,0
6.516,0,0,0
6.5164999999999997,0,0,0
6.5170000000000003,0,0,0
6.5175000000000001,0,0,0
6.5179999999999998,0,0,0
6.5185000000000004,0,0,0
6.5190000000000001,0,0,0
6.5194999999999999,0,0,0
6.5199999999999996,0,0,0
6.5205000000000002,0,0,0
6.5209999999999999,0,0,0
6.5214999999999996,0,0,0
6.5220000000000002,0,0,0
6.5225,0,0,0
6.5229999999999997,0,0,0
6.5235000000000003,0,0,0
6.524,0,0,0
6.5244999999999997,0,0,0
6.5250000000000004,0,0,0
6.5255000000000001,0,0,0
6.5259999999999998,0,0,0
6.5265000000000004,0,0,0
6.5270000000000001,0,0,0
6.5274999999999999,0,0,0
6.5279999999999996,0,0,0
6.5285000000000002,0,0,0
6.5289999999999999,0,0,0
6.5294999999999996,0,0,0
6.5300000000000002,0,0,0
6.5305,0,0,0
6.5309999999999997,0,0,0
6.5315000000000003,0,0,0
6.532,0,0,0
6.5324999999999998,0,0,0
6.5330000000000004,0,0,0
6.5335000000000001,0,0,0
6.5339999999999998,0,0,0
6.5345000000000004,0,0,0
6.5350000000000001,0,0,0
6.5354999999999999,0,0,0
6.5359999999999996,0,0,0
6.5365000000000002,0,0,0
6.5369999999999999,0,0,0
6.5374999999999996,0,0,0
6.5380000000000003,0,0,0
6.5385,0,0,0
6.5389999999999997,0,0,0
6.5395000000000003,0,0,0
6.54,0,0,0
6.5404999999999998,0,0,0
6.5410000000000004,0,0,0
6.5415000000000001,0,0,0
6.5419999999999998,0,0,0
6.5425000000000004,0,0,0
6.5430000000000001,0,0,0
6.5434999999999999,0,0,0
6.5439999999999996,0,0,0
6.5445000000000002,0,0,0
6.5449999999999999,0,0,0
6.5454999999999997,0,0,0
6.5460000000000003,0,0,0
6.5465,0,0,0
6.5469999999999997,0,0,0
6.5475000000000003,0,0,0
6.548,0,0,0
6.5484999999999998,0,0,0
6.5490000000000004,0,0,0
6.5495000000000001,0,0,0
6.5499999999999998,0,0,0
6.5505000000000004,0,0,0
6.5510000000000002,0,0,0
6.5514999999999999,0,0,0
6.5519999999999996,0,0,0
6.5525000000000002,0,0,0
6.5529999999999999,0,0,0
6.5534999999999997,0,0,0
6.5540000000000003,0,0,0
6.5545,0,0,0
6.5549999999999997,0,0,0
6.5555000000000003,0,0,0
6.556,0,0,0
6.5564999999999998,0,0,0
6.5570000000000004,0,0,0
6.5575000000000001,0,0,0
6.5579999999999998,0,0,0
6.5585000000000004,0,0,0
6.5590000000000002,0,0,0
6.5594999999999999,0,0,0
6.5599999999999996,0,0,0
6.5605000000000002,0,0,0
6.5609999999999999,0,0,0
6.5614999999999997,0,0,0
6.5620000000000003,0,0,0
6.5625,0,0,0
6.5629999999999997,0,0,0
6.5635000000000003,0,0,0
6.5640000000000001,0,0,0
6.5644999999999998,0,0,0
6.5650000000000004,0,0,0
6.5655000000000001,0,0,0
6.5659999999999998,0,0,0
6.5664999999999996,0,0,0
6.5670000000000002,0,0,0
6.5674999999999999,0,0,0
6.5679999999999996,0,0,0
6.5685000000000002,0,0,0
6.569,0,0,0
6.5694999999999997,0,0,0
6.5700000000000003,0,0,0
6.5705,0,0,0
6.5709999999999997,0,0,0
6.5715000000000003,0,0,0
6.5720000000000001,0,0,0
6.5724999999999998,0,0,0
6.5730000000000004,0,0,0
6.5735000000000001,0,0,0
6.5739999999999998,0,0,0
6.5744999999999996,0,0,0
6.5750000000000002,0,0,0
6.5754999999999999,0,0,0
6.5759999999999996,0,0,0
6.5765000000000002,0,0,0
6.577,0,0,0
6.5774999999999997,0,0,0
6.5780000000000003,0,0,0
6.5785,0,0,0
6.5789999999999997,0,0,0
6.5795000000000003,0,0,0
6.5800000000000001,0,0,0
6.5804999999999998,0,0,0
6.5810000000000004,0,0,0
6.5815000000000001,0,0,0
6.5819999999999999,0,0,0
6.5824999999999996,0,0,0
6.5830000000000002,0,0,0
6.5834999999999999,0,0,0
6.5839999999999996,0,0,0
6.5845000000000002,0,0,0
6.585,0,0,0
6.5854999999999997,0,0,0
6.5860000000000003,0,0,0
6.5865,0,0,0
6.5869999999999997,0,0,0
6.5875000000000004,0,0,0
6.5880000000000001,0,0,0
6.5884999999999998,0,0,0
6.5890000000000004,0,0,0
6.5895000000000001,0,0,0
6.5899999999999999,0,0,0
6.5904999999999996,0,0,0
6.5910000000000002,0,0,0
6.5914999999999999,0,0,0
6.5919999999999996,0,0,0
6.5925000000000002,0,0,0
6.593,0,0,0
6.5934999999999997,0,0,0
6.5940000000000003,0,0,0
6.5945,0,0,0
6.5949999999999998,0,0,0
6.5955000000000004,0,0,0
6.5960000000000001,0,0,0
6.5964999999999998,0,0,0
6.5970000000000004,0,0,0
6.5975000000000001,0,0,0
6.5979999999999999,0,0,0
6.5984999999999996,0,0,0
6.5990000000000002,0,0,0
6.5994999999999999,0,0,0
6.5999999999999996,0,0,0
6.6005000000000003,0,0,0
6.601,0,0,0
6.6014999999999997,0,0,0
6.6020000000000003,0,0,0
6.6025,0,0,0
6.6029999999999998,0,0,0
6.6035000000000004,0,0,0
6.6040000000000001,0,0,0
6.6044999999999998,0,0,0
6.6050000000000004,0,0,0
6.6055000000000001,0,0,0
6.6059999999999999,0,0,0
6.6064999999999996,0,0,0
6.6070000000000002,0,0,0
6.6074999999999999,0,0,0
6.6079999999999997,0,0,0
6.6085000000000003,0,0,0
6.609,0,0,0
6.6094999999999997,0,0,0
6.6100000000000003,0,0,0
6.6105,0,0,0
6.6109999999999998,0,0,0
6.6115000000000004,0,0,0
6.6120000000000001,0,0,0
6.6124999999999998,0,0,0
6.6130000000000004,0,0,0
6.6135000000000002,0,0,0
6.6139999999999999,0,0,0
6.6144999999999996,0,0,0
6.6150000000000002,0,0,0
6.6154999999999999,0,0,0
6.6159999999999997,0,0,0
6.6165000000000003,0,0,0
6.617,0,0,0
6.6174999999999997,0,0,0
6.6180000000000003,0,0,0
6.6185,0,0,0
6.6189999999999998,0,0,0
6.6195000000000004,0,0,0
6.6200000000000001,0,0,0
6.6204999999999998,0,0,0
6.6210000000000004,0,0,0
6.6215000000000002,0,0,0
6.6219999999999999,0,0,0
6.6224999999999996,0,0,0
6.6230000000000002,0,0,0
6.6234999999999999,0,0,0
6.6239999999999997,0,0,0
6.6245000000000003,0,0,0
6.625,0,0,0
6.6254999999999997,0,0,0
6.6260000000000003,0,0,0
6.6265000000000001,0,0,0
6.6269999999999998,0,0,0
6.6275000000000004,0,0,0
6.6280000000000001,0,0,0
6.6284999999999998,0,0,0
6.6289999999999996,0,0,0
6.6295000000000002,0,0,0
6.6299999999999999,0,0,0
6.6304999999999996,0,0,0
6.6310000000000002,0,0,0
6.6315,0,0,0
6.6319999999999997,0,0,0
6.6325000000000003,0,0,0
6.633,0,0,0
6.6334999999999997,0,0,0
6.6340000000000003,0,0,0
6.6345000000000001,0,0,0
6.6349999999999998,0,0,0
6.6355000000000004,0,0,0
6.6360000000000001,0,0,0
6.6364999999999998,0,0,0
6.6369999999999996,0,0,0
6.6375000000000002,0,0,0
6.6379999999999999,0,0,0
6.6384999999999996,0,0,0
6.6390000000000002,0,0,0
6.6395,0,0,0
6.6399999999999997,0,0,0
6.6405000000000003,0,0,0
6.641,0,0,0
6.6414999999999997,0,0,0
6.6420000000000003,0,0,0
6.6425000000000001,0,0,0
6.6429999999999998,0,0,0
6.6435000000000004,0,0,0
6.6440000000000001,0,0,0
6.6444999999999999,0,0,0
6.6449999999999996,0,0,0
6.6455000000000002,0,0,0
6.6459999999999999,0,0,0
6.6464999999999996,0,0,0
6.6470000000000002,0,0,0
6.6475,0,0,0
6.6479999999999997,0,0,0
6.6485000000000003,0,0,0
6.649,0,0,0
6.6494999999999997,0,0,0
6.6500000000000004,0,0,0
6.6505000000000001,0,0,0
6.6509999999999998,0,0,0
6.6515000000000004,0,0,0
6.6520000000000001,0,0,0
6.6524999999999999,0,0,0
6.6529999999999996,0,0,0
6.6535000000000002,0,0,0
6.6539999999999999,0,0,0
6.6544999999999996,0,0,0
6.6550000000000002,0,0,0
6.6555,0,0,0
6.6559999999999997,0,0,0
6.6565000000000003,0,0,0
6.657,0,0,0
6.6574999999999998,0,0,0
6.6580000000000004,0,0,0
6.6585000000000001,0,0,0
6.6589999999999998,0,0,0
6.6595000000000004,0,0,0
6.6600000000000001,0,0,0
6.6604999999999999,0,0,0
6.6609999999999996,0,0,0
6.6615000000000002,0,0,0
6.6619999999999999,0,0,0
6.6624999999999996,0,0,0
6.6630000000000003,0,0,0
6.6635,0,0,0
6.6639999999999997,0,0,0
6.6645000000000003,0,0,0
6.665,0,0,0
6.6654999999999998,0,0,0
6.6660000000000004,0,0,0
6.6665000000000001,0,0,0
6.6669999999999998,0,0,0
6.6675000000000004,0,0,0
6.6680000000000001,0,0,0
6.6684999999999999,0,0,0
6.6689999999999996,0,0,0
6.6695000000000002,0,0,0
6.6699999999999999,0,0,0
6.6704999999999997,0,0,0
6.6710000000000003,0,0,0
6.6715,0,0,0
6.6719999999999997,0,0,0
6.6725000000000003,0,0,0
6.673,0,0,0
6.6734999999999998,0,0,0
6.6740000000000004,0,0,0
6.6745000000000001,0,0,0
6.6749999999999998,0,0,0
6.6755000000000004,0,0,0
6.6760000000000002,0,0,0
6.6764999999999999,0,0,0
6.6769999999999996,0,0,0
6.6775000000000002,0,0,0
6.6779999999999999,0,0,0
6.6784999999999997,0,0,0
6.6790000000000003,0,0,0
6.6795,0,0,0
6.6799999999999997,0,0,0
6.6805000000000003,0,0,0
6.681,0,0,0
6.6814999999999998,0,0,0
6.6820000000000004,0,0,0
6.6825000000000001,0,0,0
6.6829999999999998,0,0,0
6.6835000000000004,0,0,0
6.6840000000000002,0,0,0
6.6844999999999999,0,0,0
6.6849999999999996,0,0,0
6.6855000000000002,0,0,0
6.6859999999999999,0,0,0
6.6864999999999997,0,0,0
6.6870000000000003,0,0,0
6.6875,0,0,0
6.6879999999999997,0,0,0
6.6885000000000003,0,0,0
6.6890000000000001,0,0,0
6.6894999999999998,0,0,0
6.6900000000000004,0,0,0
6.6905000000000001,0,0,0
6.6909999999999998,0,0,0
6.6914999999999996,0,0,0
6.6920000000000002,0,0,0
6.6924999999999999,0,0,0
6.6929999999999996,0,0,0
6.6935000000000002,0,0,0
6.694,0,0,0
6.6944999999999997,0,0,0
6.6950000000000003,0,0,0
6.6955,0,0,0
6.6959999999999997,0,0,0
6.6965000000000003,0,0,0
6.6970000000000001,0,0,0
6.6974999999999998,0,0,0
6.6980000000000004,0,0,0
6.6985000000000001,0,0,0
6.6989999999999998,0,0,0
6.6994999999999996,0,0,0
6.7000000000000002,0,0,0
6.7004999999999999,0,0,0
6.7009999999999996,0,0,0
6.7015000000000002,0,0,0
6.702,0,0,0
6.7024999999999997,0,0,0
6.7030000000000003,0,0,0
6.7035,0,0,0
6.7039999999999997,0,0,0
6.7045000000000003,0,0,0
6.7050000000000001,0,0,0
6.7054999999999998,0,0,0
6.7060000000000004,0,0,0
6.7065000000000001,0,0,0
6.7069999999999999,0,0,0
6.7074999999999996,0,0,0
6.7080000000000002,0,0,0
6.7084999999999999,0,0,0
6.7089999999999996,0,0,0
6.7095000000000002,0,0,0
6.71,0,0,0
6.7104999999999997,0,0,0
6.7110000000000003,0,0,0
6.7115,0,0,0
6.7119999999999997,0,0,0
6.7125000000000004,0,0,0
6.7130000000000001,0,0,0
6.7134999999999998,0,0,0
6.7140000000000004,0,0,0
6.7145000000000001,0,0,0
6.7149999999999999,0,0,0
6.7154999999999996,0,0,0
6.7160000000000002,0,0,0
6.7164999999999999,0,0,0
6.7169999999999996,0,0,0
6.7175000000000002,0,0,0
6.718,0,0,0
6.7184999999999997,0,0,0
6.7190000000000003,0,0,0
6.7195,0,0,0
6.7199999999999998,0,0,0
6.7205000000000004,0,0,0
6.7210000000000001,0,0,0
6.7214999999999998,0,0,0
6.7220000000000004,0,0,0
6.7225000000000001,0,0,0
6.7229999999999999,0,0,0
6.7234999999999996,0,0,0
6.7240000000000002,0,0,0
6.7244999999999999,0,0,0
6.7249999999999996,0,0,0
6.7255000000000003,0,0,0
6.726,0,0,0
6.7264999999999997,0,0,0
6.7270000000000003,0,0,0
6.7275,0,0,0
6.7279999999999998,0,0,0
6.7285000000000004,0,0,0
6.7290000000000001,0,0,0
6.7294999999999998,0,0,0
6.7300000000000004,0,0,0
6.7305000000000001,0,0,0
6.7309999999999999,0,0,0
6.7314999999999996,0,0,0
6.7320000000000002,0,0,0
6.7324999999999999,0,0,0
6.7329999999999997,0,0,0
6.7335000000000003,0,0,0
6.734,0,0,0
6.7344999999999997,0,0,0
6.7350000000000003,0,0,0
6.7355,0,0,0
6.7359999999999998,0,0,0
6.7365000000000004,0,0,0
6.7370000000000001,0,0,0
6.7374999999999998,0,0,0
6.7380000000000004,0,0,0
6.7385000000000002,0,0,0
6.7389999999999999,0,0,0
6.7394999999999996,0,0,0
6.7400000000000002,0,0,0
6.7404999999999999,0,0,0
6.7409999999999997,0,0,0
6.7415000000000003,0,0,0
6.742,0,0,0
6.7424999999999997,0,0,0
6.7430000000000003,0,0,0
6.7435,0,0,0
6.7439999999999998,0,0,0
6.7445000000000004,0,0,0
6.7450000000000001,0,0,0
6.7454999999999998,0,0,0
6.7460000000000004,0,0,0
6.7465000000000002,0,0,0
6.7469999999999999,0,0,0
6.7474999999999996,0,0,0
6.7480000000000002,0,0,0
6.7484999999999999,0,0,0
6.7489999999999997,0,0,0
6.7495000000000003,0,0,0
6.75,0,0,0
6.7504999999999997,0,0,0
6.7510000000000003,0,0,0
6.7515000000000001,0,0,0
6.7519999999999998,0,0,0
6.7525000000000004,0,0,0
6.7530000000000001,0,0,0
6.7534999999999998,0,0,0
6.7539999999999996,0,0,0
6.7545000000000002,0,0,0
6.7549999999999999,0,0,0
6.7554999999999996,0,0,0
6.7560000000000002,0,0,0
6.7565,0,0,0
6.7569999999999997,0,0,0
6.7575000000000003,0,0,0
6.758,0,0,0
6.7584999999999997,0,0,0
6.7590000000000003,0,0,0
6.7595000000000001,0,0,0
6.7599999999999998,0,0,0
6.7605000000000004,0,0,0
6.7610000000000001,0,0,0
6.7614999999999998,0,0,0
6.7619999999999996,0,0,0
6.7625000000000002,0,0,0
6.7629999999999999,0,0,0
6.7634999999999996,0,0,0
6.7640000000000002,0,0,0
6.7645,0,0,0
6.7649999999999997,0,0,0
6.7655000000000003,0,0,0
6.766,0,0,0
6.7664999999999997,0,0,0
6.7670000000000003,0,0,0
6.7675000000000001,0,0,0
6.7679999999999998,0,0,0
6.7685000000000004,0,0,0
6.7690000000000001,0,0,0
6.7694999999999999,0,0,0
6.7699999999999996,0,0,0
6.7705000000000002,0,0,0
6.7709999999999999,0,0,0
6.7714999999999996,0,0,0
6.7720000000000002,0,0,0
6.7725,0,0,0
6.7729999999999997,0,0,0
6.7735000000000003,0,0,0
6.774,0,0,0
6.7744999999999997,0,0,0
6.7750000000000004,0,0,0
6.7755000000000001,0,0,0
6.7759999999999998,0,0,0
6.7765000000000004,0,0,0
6.7770000000000001,0,0,0
6.7774999999999999,0,0,0
6.7779999999999996,0,0,0
6.7785000000000002,0,0,0
6.7789999999999999,0,0,0
6.7794999999999996,0,0,0
6.7800000000000002,0,0,0
6.7805,0,0,0
6.7809999999999997,0,0,0
6.7815000000000003,0,0,0
6.782,0,0,0
6.7824999999999998,0,0,0
6.7830000000000004,0,0,0
6.7835000000000001,0,0,0
6.7839999999999998,0,0,0
6.7845000000000004,0,0,0
6.7850000000000001,0,0,0
6.7854999999999999,0,0,0
6.7859999999999996,0,0,0
6.7865000000000002,0,0,0
6.7869999999999999,0,0,0
6.7874999999999996,0,0,0
6.7880000000000003,0,0,0
6.7885,0,0,0
6.7889999999999997,0,0,0
6.7895000000000003,0,0,0
6.79,0,0,0
6.7904999999999998,0,0,0
6.7910000000000004,0,0,0
6.7915000000000001,0,0,0
6.7919999999999998,0,0,0
6.7925000000000004,0,0,0
6.7930000000000001,0,0,0
6.7934999999999999,0,0,0
6.7939999999999996,0,0,0
6.7945000000000002,0,0,0
6.7949999999999999,0,0,0
6.7954999999999997,0,0,0
6.7960000000000003,0,0,0
6.7965,0,0,0
6.7969999999999997,0,0,0
6.7975000000000003,0,0,0
6.798,0,0,0
6.7984999999999998,0,0,0
6.7990000000000004,0,0,0
6.7995000000000001,0,0,0
6.7999999999999998,0,0,0
6.8005000000000004,0,0,0
6.8010000000000002,0,0,0
6.8014999999999999,0,0,0
6.8019999999999996,0,0,0
6.8025000000000002,0,0,0
6.8029999999999999,0,0,0
6.8034999999999997,0,0,0
6.8040000000000003,0,0,0
6.8045,0,0,0
6.8049999999999997,0,0,0
6.8055000000000003,0,0,0
6.806,0,0,0
6.8064999999999998,0,0,0
6.8070000000000004,0,0,0
6.8075000000000001,0,0,0
6.8079999999999998,0,0,0
6.8085000000000004,0,0,0
6.8090000000000002,0,0,0
6.8094999999999999,0,0,0
6.8099999999999996,0,0,0
6.8105000000000002,0,0,0
6.8109999999999999,0,0,0
6.8114999999999997,0,0,0
6.8120000000000003,0,0,0
6.8125,0,0,0
6.8129999999999997,0,0,0
6.8135000000000003,0,0,0
6.8140000000000001,0,0,0
6.8144999999999998,0,0,0
6.8150000000000004,0,0,0
6.8155000000000001,0,0,0
6.8159999999999998,0,0,0
6.8164999999999996,0,0,0
6.8170000000000002,0,0,0
6.8174999999999999,0,0,0
6.8179999999999996,0,0,0
6.8185000000000002,0,0,0
6.819,0,0,0
6.8194999999999997,0,0,0
6.8200000000000003,0,0,0
6.8205,0,0,0
6.8209999999999997,0,0,0
6.8215000000000003,0,0,0
6.8220000000000001,0,0,0
6.8224999999999998,0,0,0
6.8230000000000004,0,0,0
6.8235000000000001,0,0,0
6.8239999999999998,0,0,0
6.8244999999999996,0,0,0
6.8250000000000002,0,0,0
6.8254999999999999,0,0,0
6.8259999999999996,0,0,0
6.8265000000000002,0,0,0
6.827,0,0,0
6.8274999999999997,0,0,0
6.8280000000000003,0,0,0
6.8285,0,0,0
6.8289999999999997,0,0,0
6.8295000000000003,0,0,0
6.8300000000000001,0,0,0
6.8304999999999998,0,0,0
6.8310000000000004,0,0,0
6.8315000000000001,0,0,0
6.8319999999999999,0,0,0
6.8324999999999996,0,0,0
6.8330000000000002,0,0,0
6.8334999999999999,0,0,0
6.8339999999999996,0,0,0
6.8345000000000002,0,0,0
6.835,0,0,0
6.8354999999999997,0,0,0
6.8360000000000003,0,0,0
6.8365,0,0,0
6.8369999999999997,0,0,0
6.8375000000000004,0,0,0
6.8380000000000001,0,0,0
6.8384999999999998,0,0,0
6.8390000000000004,0,0,0
6.8395000000000001,0,0,0
6.8399999999999999,0,0,0
6.8404999999999996,0,0,0
6.8410000000000002,0,0,0
6.8414999999999999,0,0,0
6.8419999999999996,0,0,0
6.8425000000000002,0,0,0
6.843,0,0,0
6.8434999999999997,0,0,0
6.8440000000000003,0,0,0
6.8445,0,0,0
6.8449999999999998,0,0,0
6.8455000000000004,0,0,0
6.8460000000000001,0,0,0
6.8464999999999998,0,0,0
6.8470000000000004,0,0,0
6.8475000000000001,0,0,0
6.8479999999999999,0,0,0
6.8484999999999996,0,0,0
6.8490000000000002,0,0,0
6.8494999999999999,0,0,0
6.8499999999999996,0,0,0
6.8505000000000003,0,0,0
6.851,0,0,0
6.8514999999999997,0,0,0
6.8520000000000003,0,0,0
6.8525,0,0,0
6.8529999999999998,0,0,0
6.8535000000000004,0,0,0
6.8540000000000001,0,0,0
6.8544999999999998,0,0,0
6.8550000000000004,0,0,0
6.8555000000000001,0,0,0
6.8559999999999999,0,0,0
6.8564999999999996,0,0,0
6.8570000000000002,0,0,0
6.8574999999999999,0,0,0
6.8579999999999997,0,0,0
6.8585000000000003,0,0,0
6.859,0,0,0
6.8594999999999997,0,0,0
6.8600000000000003,0,0,0
6.8605,0,0,0
6.8609999999999998,0,0,0
6.8615000000000004,0,0,0
6.8620000000000001,0,0,0
6.8624999999999998,0,0,0
6.8630000000000004,0,0,0
6.8635000000000002,0,0,0
6.8639999999999999,0,0,0
6.8644999999999996,0,0,0
6.8650000000000002,0,0,0
6.8654999999999999,0,0,0
6.8659999999999997,0,0,0
6.8665000000000003,0,0,0
6.867,0,0,0
6.8674999999999997,0,0,0
6.8680000000000003,0,0,0
6.8685,0,0,0
6.8689999999999998,0,0,0
6.8695000000000004,0,0,0
6.8700000000000001,0,0,0
6.8704999999999998,0,0,0
6.8710000000000004,0,0,0
6.8715000000000002,0,0,0
6.8719999999999999,0,0,0
6.8724999999999996,0,0,0
6.8730000000000002,0,0,0
6.8734999999999999,0,0,0
6.8739999999999997,0,0,0
6.8745000000000003,0,0,0
6.875,0,0,0
6.8754999999999997,0,0,0
6.8760000000000003,0,0,0
6.8765000000000001,0,0,0
6.8769999999999998,0,0,0
6.8775000000000004,0,0,0
6.8780000000000001,0,0,0
6.8784999999999998,0,0,0
6.8789999999999996,0,0,0
6.8795000000000002,0,0,0
6.8799999999999999,0,0,0
6.8804999999999996,0,0,0
6.8810000000000002,0,0,0
6.8815,0,0,0
6.8819999999999997,0,0,0
6.8825000000000003,0,0,0
6.883,0,0,0
6.8834999999999997,0,0,0
6.8840000000000003,0,0,0
6.8845000000000001,0,0,0
6.8849999999999998,0,0,0
6.8855000000000004,0,0,0
6.8860000000000001,0,0,0
6.8864999999999998,0,0,0
6.8869999999999996,0,0,0
6.8875000000000002,0,0,0
6.8879999999999999,0,0,0
6.8884999999999996,0,0,0
6.8890000000000002,0,0,0
6.8895,0,0,0
6.8899999999999997,0,0,0
6.8905000000000003,0,0,0
6.891,0,0,0
6.8914999999999997,0,0,0
6.8920000000000003,0,0,0
6.8925000000000001,0,0,0
6.8929999999999998,0,0,0
6.8935000000000004,0,0,0
6.8940000000000001,0,0,0
6.8944999999999999,0,0,0
6.8949999999999996,0,0,0
6.8955000000000002,0,0,0
6.8959999999999999,0,0,0
6.8964999999999996,0,0,0
6.8970000000000002,0,0,0
6.8975,0,0,0
6.8979999999999997,0,0,0
6.8985000000000003,0,0,0
6.899,0,0,0
6.8994999999999997,0,0,0
6.9000000000000004,0,0,0
6.9005000000000001,0,0,0
6.9009999999999998,0,0,0
6.9015000000000004,0,0,0
6.9020000000000001,0,0,0
6.9024999999999999,0,0,0
6.9029999999999996,0,0,0
6.9035000000000002,0,0,0
6.9039999999999999,0,0,0
6.9044999999999996,0,0,0
6.9050000000000002,0,0,0
6.9055,0,0,0
6.9059999999999997,0,0,0
6.9065000000000003,0,0,0
6.907,0,0,0
6.9074999999999998,0,0,0
6.9080000000000004,0,0,0
6.9085000000000001,0,0,0
6.9089999999999998,0,0,0
6.9095000000000004,0,0,0
6.9100000000000001,0,0,0
6.9104999999999999,0,0,0
6.9109999999999996,0,0,0
6.9115000000000002,0,0,0
6.9119999999999999,0,0,0
6.9124999999999996,0,0,0
6.9130000000000003,0,0,0
6.9135,0,0,0
6.9139999999999997,0,0,0
6.9145000000000003,0,0,0
6.915,0,0,0
6.9154999999999998,0,0,0
6.9160000000000004,0,0,0
6.9165000000000001,0,0,0
6.9169999999999998,0,0,0
6.9175000000000004,0,0,0
6.9180000000000001,0,0,0
6.9184999999999999,0,0,0
6.9189999999999996,0,0,0
6.9195000000000002,0,0,0
6.9199999999999999,0,0,0
6.9204999999999997,0,0,0
6.9210000000000003,0,0,0
6.9215,0,0,0
6.9219999999999997,0,0,0
6.9225000000000003,0,0,0
6.923,0,0,0
6.9234999999999998,0,0,0
6.9240000000000004,0,0,0
6.9245000000000001,0,0,0
6.9249999999999998,0,0,0
6.9255000000000004,0,0,0
6.9260000000000002,0,0,0
6.9264999999999999,0,0,0
6.9269999999999996,0,0,0
6.9275000000000002,0,0,0
6.9279999999999999,0,0,0
6.9284999999999997,0,0,0
6.9290000000000003,0,0,0
6.9295,0,0,0
6.9299999999999997,0,0,0
6.9305000000000003,0,0,0
6.931,0,0,0
6.9314999999999998,0,0,0
6.9320000000000004,0,0,0
6.9325000000000001,0,0,0
6.9329999999999998,0,0,0
6.9335000000000004,0,0,0
6.9340000000000002,0,0,0
6.9344999999999999,0,0,0
6.9349999999999996,0,0,0
6.9355000000000002,0,0,0
6.9359999999999999,0,0,0
6.9364999999999997,0,0,0
6.9370000000000003,0,0,0
6.9375,0,0,0
6.9379999999999997,0,0,0
6.9385000000000003,0,0,0
6.9390000000000001,0,0,0
6.9394999999999998,0,0,0
6.9400000000000004,0,0,0
6.9405000000000001,0,0,0
6.9409999999999998,0,0,0
6.9414999999999996,0,0,0
6.9420000000000002,0,0,0
6.9424999999999999,0,0,0
6.9429999999999996,0,0,0
6.9435000000000002,0,0,0
6.944,0,0,0
6.9444999999999997,0,0,0
6.9450000000000003,0,0,0
6.9455,0,0,0
6.9459999999999997,0,0,0
6.9465000000000003,0,0,0
6.9470000000000001,0,0,0
6.9474999999999998,0,0,0
6.9480000000000004,0,0,0
6.9485000000000001,0,0,0
6.9489999999999998,0,0,0
6.9494999999999996,0,0,0
6.9500000000000002,0,0,0
6.9504999999999999,0,0,0
6.9509999999999996,0,0,0
6.9515000000000002,0,0,0
6.952,0,0,0
6.9524999999999997,0,0,0
6.9530000000000003,0,0,0
6.9535,0,0,0
6.9539999999999997,0,0,0
6.9545000000000003,0,0,0
6.9550000000000001,0,0,0
6.9554999999999998,0,0,0
6.9560000000000004,0,0,0
6.9565000000000001,0,0,0
6.9569999999999999,0,0,0
6.9574999999999996,0,0,0
6.9580000000000002,0,0,0
6.9584999999999999,0,0,0
6.9589999999999996,0,0,0
6.9595000000000002,0,0,0
6.96,0,0,0
6.9604999999999997,0,0,0
6.9610000000000003,0,0,0
6.9615,0,0,0
6.9619999999999997,0,0,0
6.9625000000000004,0,0,0
6.9630000000000001,0,0,0
6.9634999999999998,0,0,0
6.9640000000000004,0,0,0
6.9645000000000001,0,0,0
6.9649999999999999,0,0,0
6.9654999999999996,0,0,0
6.9660000000000002,0,0,0
6.9664999999999999,0,0,0
6.9669999999999996,0,0,0
6.9675000000000002,0,0,0
6.968,0,0,0
6.9684999999999997,0,0,0
6.9690000000000003,0,0,0
6.9695,0,0,0
6.9699999999999998,0,0,0
6.9705000000000004,0,0,0
6.9710000000000001,0,0,0
6.9714999999999998,0,0,0
6.9720000000000004,0,0,0
6.9725000000000001,0,0,0
6.9729999999999999,0,0,0
6.9734999999999996,0,0,0
6.9740000000000002,0,0,0
6.9744999999999999,0,0,0
6.9749999999999996,0,0,0
6.9755000000000003,0,0,0
6.976,0,0,0
6.9764999999999997,0,0,0
6.9770000000000003,0,0,0
6.9775,0,0,0
6.9779999999999998,0,0,0
6.9785000000000004,0,0,0
6.9790000000000001,0,0,0
6.9794999999999998,0,0,0
6.9800000000000004,0,0,0
6.9805000000000001,0,0,0
6.9809999999999999,0,0,0
6.9814999999999996,0,0,0
6.9820000000000002,0,0,0
6.9824999999999999,0,0,0
6.9829999999999997,0,0,0
6.9835000000000003,0,0,0
6.984,0,0,0
6.9844999999999997,0,0,0
6.9850000000000003,0,0,0
6.9855,0,0,0
6.9859999999999998,0,0,0
6.9865000000000004,0,0,0
6.9870000000000001,0,0,0
6.9874999999999998,0,0,0
6.9880000000000004,0,0,0
6.9885000000000002,0,0,0
6.9889999999999999,0,0,0
6.9894999999999996,0,0,0
6.9900000000000002,0,0,0
6.9904999999999999,0,0,0
6.9909999999999997,0,0,0
6.9915000000000003,0,0,0
6.992,0,0,0
6.9924999999999997,0,0,0
6.9930000000000003,0,0,0
6.9935,0,0,0
6.9939999999999998,0,0,0
6.9945000000000004,0,0,0
6.9950000000000001,0,0,0
6.9954999999999998,0,0,0
6.9960000000000004,0,0,0
6.9965000000000002,0,0,0
6.9969999999999999,0,0,0
6.9974999999999996,0,0,0
6.9980000000000002,0,0,0
6.9984999999999999,0,0,0
6.9989999999999997,0,0,0
6.9995000000000003,0,0,0
7,0,0,0
7.0004999999999997,0,0,0
7.0010000000000003,0,0,0
7.0015000000000001,0,0,0
7.0019999999999998,0,0,0
7.0025000000000004,0,0,0
7.0030000000000001,0,0,0
7.0034999999999998,0,0,0
7.0039999999999996,0,0,0
7.0045000000000002,0,0,0
7.0049999999999999,0,0,0
7.0054999999999996,0,0,0
7.0060000000000002,0,0,0
7.0065,0,0,0
7.0069999999999997,0,0,0
7.0075000000000003,0,0,0
7.008,0,0,0
7.0084999999999997,0,0,0
7.0090000000000003,0,0,0
7.0095000000000001,0,0,0
7.0099999999999998,0,0,0
7.0105000000000004,0,0,0
7.0110000000000001,0,0,0
7.0114999999999998,0,0,0
7.0119999999999996,0,0,0
7.0125000000000002,0,0,0
7.0129999999999999,0,0,0
7.0134999999999996,0,0,0
7.0140000000000002,0,0,0
7.0145,0,0,0
7.0149999999999997,0,0,0
7.0155000000000003,0,0,0
7.016,0,0,0
7.0164999999999997,0,0,0
7.0170000000000003,0,0,0
7.0175000000000001,0,0,0
7.0179999999999998,0,0,0
7.0185000000000004,0,0,0
7.0190000000000001,0,0,0
7.0194999999999999,0,0,0
7.0199999999999996,0,0,0
7.0205000000000002,0,0,0
7.0209999999999999,0,0,0
7.0214999999999996,0,0,0
7.0220000000000002,0,0,0
7.0225,0,0,0
7.0229999999999997,0,0,0
7.0235000000000003,0,0,0
7.024,0,0,0
7.0244999999999997,0,0,0
7.0250000000000004,0,0,0
7.0255000000000001,0,0,0
7.0259999999999998,0,0,0
7.0265000000000004,0,0,0
7.0270000000000001,0,0,0
7.0274999999999999,0,0,0
7.0279999999999996,0,0,0
7.0285000000000002,0,0,0
7.0289999999999999,0,0,0
7.0294999999999996,0,0,0
7.0300000000000002,0,0,0
7.0305,0,0,0
7.0309999999999997,0,0,0
7.0315000000000003,0,0,0
7.032,0,0,0
7.0324999999999998,0,0,0
7.0330000000000004,0,0,0
7.0335000000000001,0,0,0
7.0339999999999998,0,0,0
7.0345000000000004,0,0,0
7.0350000000000001,0,0,0
7.0354999999999999,0,0,0
7.0359999999999996,0,0,0
7.0365000000000002,0,0,0
7.0369999999999999,0,0,0
7.0374999999999996,0,0,0
7.0380000000000003,0,0,0
7.0385,0,0,0
7.0389999999999997,0,0,0
7.0395000000000003,0,0,0
7.04,0,0,0
7.0404999999999998,0,0,0
7.0410000000000004,0,0,0
7.0415000000000001,0,0,0
7.0419999999999998,0,0,0
7.0425000000000004,0,0,0
7.0430000000000001,0,0,0
7.0434999999999999,0,0,0
7.0439999999999996,0,0,0
7.0445000000000002,0,0,0
7.0449999999999999,0,0,0
7.0454999999999997,0,0,0
7.0460000000000003,0,0,0
7.0465,0,0,0
7.0469999999999997,0,0,0
7.0475000000000003,0,0,0
7.048,0,0,0
7.0484999999999998,0,0,0
7.0490000000000004,0,0,0
7.0495000000000001,0,0,0
7.0499999999999998,0,0,0
7.0505000000000004,0,0,0
7.0510000000000002,0,0,0
7.0514999999999999,0,0,0
7.0519999999999996,0,0,0
7.0525000000000002,0,0,0
7.0529999999999999,0,0,0
7.0534999999999997,0,0,0
7.0540000000000003,0,0,0
7.0545,0,0,0
7.0549999999999997,0,0,0
7.0555000000000003,0,0,0
7.056,0,0,0
7.0564999999999998,0,0,0
7.0570000000000004,0,0,0
7.0575000000000001,0,0,0
7.0579999999999998,0,0,0
7.0585000000000004,0,0,0
7.0590000000000002,0,0,0
7.0594999999999999,0,0,0
7.0599999999999996,0,0,0
7.0605000000000002,0,0,0
7.0609999999999999,0,0,0
7.0614999999999997,0,0,0
7.0620000000000003,0,0,0
7.0625,0,0,0
7.0629999999999997,0,0,0
7.0635000000000003,0,0,0
7.0640000000000001,0,0,0
7.0644999999999998,0,0,0
7.0650000000000004,0,0,0
7.0655000000000001,0,0,0
7.0659999999999998,0,0,0
7.0664999999999996,0,0,0
7.0670000000000002,0,0,0
7.0674999999999999,0,0,0
7.0679999999999996,0,0,0
7.0685000000000002,0,0,0
7.069,0,0,0
7.0694999999999997,0,0,0
7.0700000000000003,0,0,0
7.0705,0,0,0
7.0709999999999997,0,0,0
7.0715000000000003,0,0,0
7.0720000000000001,0,0,0
7.0724999999999998,0,0,0
7.0730000000000004,0,0,0
7.0735000000000001,0,0,0
7.0739999999999998,0,0,0
7.0744999999999996,0,0,0
7.0750000000000002,0,0,0
7.0754999999999999,0,0,0
7.0759999999999996,0,0,0
7.0765000000000002,0,0,0
7.077,0,0,0
7.0774999999999997,0,0,0
7.0780000000000003,0,0,0
7.0785,0,0,0
7.0789999999999997,0,0,0
7.0795000000000003,0,0,0
7.0800000000000001,0,0,0
7.0804999999999998,0,0,0
7.0810000000000004,0,0,0
7.0815000000000001,0,0,0
7.0819999999999999,0,0,0
7.0824999999999996,0,0,0
7.0830000000000002,0,0,0
7.0834999999999999,0,0,0
7.0839999999999996,0,0,0
7.0845000000000002,0,0,0
7.085,0,0,0
7.0854999999999997,0,0,0
7.0860000000000003,0,0,0
7.0865,0,0,0
7.0869999999999997,0,0,0
7.0875000000000004,0,0,0
7.0880000000000001,0,0,0
7.0884999999999998,0,0,0
7.0890000000000004,0,0,0
7.0895000000000001,0,0,0
7.0899999999999999,0,0,0
7.0904999999999996,0,0,0
7.0910000000000002,0,0,0
7.0914999999999999,0,0,0
7.0919999999999996,0,0,0
7.0925000000000002,0,0,0
7.093,0,0,0
7.0934999999999997,0,0,0
7.0940000000000003,0,0,0
7.0945,0,0,0
7.0949999999999998,0,0,0
7.0955000000000004,0,0,0
7.0960000000000001,0,0,0
7.0964999999999998,0,0,0
7.0970000000000004,0,0,0
7.0975000000000001,0,0,0
7.0979999999999999,0,0,0
7.0984999999999996,0,0,0
7.0990000000000002,0,0,0
7.0994999999999999,0,0,0
7.0999999999999996,0,0,0
7.1005000000000003,0,0,0
7.101,0,0,0
7.1014999999999997,0,0,0
7.1020000000000003,0,0,0
7.1025,0,0,0
7.1029999999999998,0,0,0
7.1035000000000004,0,0,0
7.1040000000000001,0,0,0
7.1044999999999998,0,0,0
7.1050000000000004,0,0,0
7.1055000000000001,0,0,0
7.1059999999999999,0,0,0
7.1064999999999996,0,0,0
7.1070000000000002,0,0,0
7.1074999999999999,0,0,0
7.1079999999999997,0,0,0
7.1085000000000003,0,0,0
7.109,0,0,0
7.1094999999999997,0,0,0
7.1100000000000003,0,0,0
7.1105,0,0,0
7.1109999999999998,0,0,0
7.1115000000000004,0,0,0
7.1120000000000001,0,0,0
7.1124999999999998,0,0,0
7.1130000000000004,0,0,0
7.1135000000000002,0,0,0
7.1139999999999999,0,0,0
7.1144999999999996,0,0,0
7.1150000000000002,0,0,0
7.1154999999999999,0,0,0
7.1159999999999997,0,0,0
7.1165000000000003,0,0,0
7.117,0,0,0
7.1174999999999997,0,0,0
7.1180000000000003,0,0,0
7.1185,0,0,0
7.1189999999999998,0,0,0
7.1195000000000004,0,0,0
7.1200000000000001,0,0,0
7.1204999999999998,0,0,0
7.1210000000000004,0,0,0
7.1215000000000002,0,0,0
7.1219999999999999,0,0,0
7.1224999999999996,0,0,0
7.1230000000000002,0,0,0
7.1234999999999999,0,0,0
7.1239999999999997,0,0,0
7.1245000000000003,0,0,0
7.125,0,0,0
7.1254999999999997,0,0,0
7.1260000000000003,0,0,0
7.1265000000000001,0,0,0
7.1269999999999998,0,0,0
7.1275000000000004,0,0,0
7.1280000000000001,0,0,0
7.1284999999999998,0,0,0
7.1289999999999996,0,0,0
7.1295000000000002,0,0,0
7.1299999999999999,0,0,0
7.1304999999999996,0,0,0
7.1310000000000002,0,0,0
7.1315,0,0,0
7.1319999999999997,0,0,0
7.1325000000000003,0,0,0
7.133,0,0,0
7.1334999999999997,0,0,0
7.1340000000000003,0,0,0
7.1345000000000001,0,0,0
7.1349999999999998,0,0,0
7.1355000000000004,0,0,0
7.1360000000000001,0,0,0
7.1364999999999998,0,0,0
7.1369999999999996,0,0,0
7.1375000000000002,0,0,0
7.1379999999999999,0,0,0
7.1384999999999996,0,0,0
7.1390000000000002,0,0,0
7.1395,0,0,0
7.1399999999999997,0,0,0
7.1405000000000003,0,0,0
7.141,0,0,0
7.1414999999999997,0,0,0
7.1420000000000003,0,0,0
7.1425000000000001,0,0,0
7.1429999999999998,0,0,0
7.1435000000000004,0,0,0
7.1440000000000001,0,0,0
7.1444999999999999,0,0,0
7.1449999999999996,0,0,0
7.1455000000000002,0,0,0
7.1459999999999999,0,0,0
7.1464999999999996,0,0,0
7.1470000000000002,0,0,0
7.1475,0,0,0
7.1479999999999997,0,0,0
7.1485000000000003,0,0,0
7.149,0,0,0
7.1494999999999997,0,0,0
7.1500000000000004,0,0,0
7.1505000000000001,0,0,0
7.1509999999999998,0,0,0
7.1515000000000004,0,0,0
7.1520000000000001,0,0,0
7.1524999999999999,0,0,0
7.1529999999999996,0,0,0
7.1535000000000002,0,0,0
7.1539999999999999,0,0,0
7.1544999999999996,0,0,0
7.1550000000000002,0,0,0
7.1555,0,0,0
7.1559999999999997,0,0,0
7.1565000000000003,0,0,0
7.157,0,0,0
7.1574999999999998,0,0,0
7.1580000000000004,0,0,0
7.1585000000000001,0,0,0
7.1589999999999998,0,0,0
7.1595000000000004,0,0,0
7.1600000000000001,0,0,0
7.1604999999999999,0,0,0
7.1609999999999996,0,0,0
7.1615000000000002,0,0,0
7.1619999999999999,0,0,0
7.1624999999999996,0,0,0
7.1630000000000003,0,0,0
7.1635,0,0,0
7.1639999999999997,0,0,0
7.1645000000000003,0,0,0
7.165,0,0,0
7.1654999999999998,0,0,0
7.1660000000000004,0,0,0
7.1665000000000001,0,0,0
7.1669999999999998,0,0,0
7.1675000000000004,0,0,0
7.1680000000000001,0,0,0
7.1684999999999999,0,0,0
7.1689999999999996,0,0,0
7.1695000000000002,0,0,0
7.1699999999999999,0,0,0
7.1704999999999997,0,0,0
7.1710000000000003,0,0,0
7.1715,0,0,0
7.1719999999999997,0,0,0
7.1725000000000003,0,0,0
7.173,0,0,0
7.1734999999999998,0,0,0
7.1740000000000004,0,0,0
7.1745000000000001,0,0,0
7.1749999999999998,0,0,0
7.1755000000000004,0,0,0
7.1760000000000002,0,0,0
7.1764999999999999,0,0,0
7.1769999999999996,0,0,0
7.1775000000000002,0,0,0
7.1779999999999999,0,0,0
7.1784999999999997,0,0,0
7.1790000000000003,0,0,0
7.1795,0,0,0
7.1799999999999997,0,0,0
7.1805000000000003,0,0,0
7.181,0,0,0
7.1814999999999998,0,0,0
7.1820000000000004,0,0,0
7.1825000000000001,0,0,0
7.1829999999999998,0,0,0
7.1835000000000004,0,0,0
7.1840000000000002,0,0,0
7.1844999999999999,0,0,0
7.1849999999999996,0,0,0
7.1855000000000002,0,0,0
7.1859999999999999,0,0,0
7.1864999999999997,0,0,0
7.1870000000000003,0,0,0
7.1875,0,0,0
7.1879999999999997,0,0,0
7.1885000000000003,0,0,0
7.1890000000000001,0,0,0
7.1894999999999998,0,0,0
7.1900000000000004,0,0,0
7.1905000000000001,0,0,0
7.1909999999999998,0,0,0
7.1914999999999996,0,0,0
7.1920000000000002,0,0,0
7.1924999999999999,0,0,0
7.1929999999999996,0,0,0
7.1935000000000002,0,0,0
7.194,0,0,0
7.1944999999999997,0,0,0
7.1950000000000003,0,0,0
7.1955,0,0,0
7.1959999999999997,0,0,0
7.1965000000000003,0,0,0
7.1970000000000001,0,0,0
7.1974999999999998,0,0,0
7.1980000000000004,0,0,0
7.1985000000000001,0,0,0
7.1989999999999998,0,0,0
7.1994999999999996,0,0,0
7.2000000000000002,0,0,0
7.2004999999999999,0,0,0
7.2009999999999996,0,0,0
7.2015000000000002,0,0,0
7.202,0,0,0
7.2024999999999997,0,0,0
7.2030000000000003,0,0,0
7.2035,0,0,0
7.2039999999999997,0,0,0
7.2045000000000003,0,0,0
7.2050000000000001,0,0,0
7.2054999999999998,0,0,0
7.2060000000000004,0,0,0
7.2065000000000001,0,0,0
7.2069999999999999,0,0,0
7.2074999999999996,0,0,0
7.2080000000000002,0,0,0
7.2084999999999999,0,0,0
7.2089999999999996,0,0,0
7.2095000000000002,0,0,0
7.21,0,0,0
7.2104999999999997,0,0,0
7.2110000000000003,0,0,0
7.2115,0,0,0
7.2119999999999997,0,0,0
7.2125000000000004,0,0,0
7.2130000000000001,0,0,0
7.2134999999999998,0,0,0
7.2140000000000004,0,0,0
7.2145000000000001,0,0,0
7.2149999999999999,0,0,0
7.2154999999999996,0,0,0
7.2160000000000002,0,0,0
7.2164999999999999,0,0,0
7.2169999999999996,0,0,0
7.2175000000000002,0,0,0
7.218,0,0,0
7.2184999999999997,0,0,0
7.2190000000000003,0,0,0
7.2195,0,0,0
7.2199999999999998,0,0,0
7.2205000000000004,0,0,0
7.2210000000000001,0,0,0
7.2214999999999998,0,0,0
7.2220000000000004,0,0,0
7.2225000000000001,0,0,0
7.2229999999999999,0,0,0
7.2234999999999996,0,0,0
7.2240000000000002,0,0,0
7.2244999999999999,0,0,0
7.2249999999999996,0,0,0
7.2255000000000003,0,0,0
7.226,0,0,0
7.2264999999999997,0,0,0
7.2270000000000003,0,0,0
7.2275,0,0,0
7.2279999999999998,0,0,0
7.2285000000000004,0,0,0
7.2290000000000001,0,0,0
7.2294999999999998,0,0,0
7.2300000000000004,0,0,0
7.2305000000000001,0,0,0
7.2309999999999999,0,0,0
7.2314999999999996,0,0,0
7.2320000000000002,0,0,0
7.2324999999999999,0,0,0
7.2329999999999997,0,0,0
7.2335000000000003,0,0,0
7.234,0,0,0
7.2344999999999997,0,0,0
7.2350000000000003,0,0,0
7.2355,0,0,0
7.2359999999999998,0,0,0
7.2365000000000004,0,0,0
7.2370000000000001,0,0,0
7.2374999999999998,0,0,0
7.2380000000000004,0,0,0
7.2385000000000002,0,0,0
7.2389999999999999,0,0,0
7.2394999999999996,0,0,0
7.2400000000000002,0,0,0
7.2404999999999999,0,0,0
7.2409999999999997,0,0,0
7.2415000000000003,0,0,0
7.242,0,0,0
7.2424999999999997,0,0,0
7.2430000000000003,0,0,0
7.2435,0,0,0
7.2439999999999998,0,0,0
7.2445000000000004,0,0,0
7.2450000000000001,0,0,0
7.2454999999999998,0,0,0
7.2460000000000004,0,0,0
7.2465000000000002,0,0,0
7.2469999999999999,0,0,0
7.2474999999999996,0,0,0
7.2480000000000002,0,0,0
7.2484999999999999,0,0,0
7.2489999999999997,0,0,0
7.2495000000000003,0,0,0
7.25,0,0,0
7.2504999999999997,0,0,0
7.2510000000000003,0,0,0
7.2515000000000001,0,0,0
7.2519999999999998,0,0,0
7.2525000000000004,0,0,0
7.2530000000000001,0,0,0
7.2534999999999998,0,0,0
7.2539999999999996,0,0,0
7.2545000000000002,0,0,0
7.2549999999999999,0,0,0
7.2554999999999996,0,0,0
7.2560000000000002,0,0,0
7.2565,0,0,0
7.2569999999999997,0,0,0
7.2575000000000003,0,0,0
7.258,0,0,0
7.2584999999999997,0,0,0
7.2590000000000003,0,0,0
7.2595000000000001,0,0,0
7.2599999999999998,0,0,0
7.2605000000000004,0,0,0
7.2610000000000001,0,0,0
7.2614999999999998,0,0,0
7.2619999999999996,0,0,0
7.2625000000000002,0,0,0
7.2629999999999999,0,0,0
7.2634999999999996,0,0,0
7.2640000000000002,0,0,0
7.2645,0,0,0
7.2649999999999997,0,0,0
7.2655000000000003,0,0,0
7.266,0,0,0
7.2664999999999997,0,0,0
7.2670000000000003,0,0,0
7.2675000000000001,0,0,0
7.2679999999999998,0,0,0
7.2685000000000004,0,0,0
7.2690000000000001,0,0,0
7.2694999999999999,0,0,0
7.2699999999999996,0,0,0
7.2705000000000002,0,0,0
7.2709999999999999,0,0,0
7.2714999999999996,0,0,0
7.2720000000000002,0,0,0
7.2725,0,0,0
7.2729999999999997,0,0,0
7.2735000000000003,0,0,0
7.274,0,0,0
7.2744999999999997,0,0,0
7.2750000000000004,0,0,0
7.2755000000000001,0,0,0
7.2759999999999998,0,0,0
7.2765000000000004,0,0,0
7.2770000000000001,0,0,0
7.2774999999999999,0,0,0
7.2779999999999996,0,0,0
7.2785000000000002,0,0,0
7.2789999999999999,0,0,0
7.2794999999999996,0,0,0
7.2800000000000002,0,0,0
7.2805,0,0,0
7.2809999999999997,0,0,0
7.2815000000000003,0,0,0
7.282,0,0,0
7.2824999999999998,0,0,0
7.2830000000000004,0,0,0
7.2835000000000001,0,0,0
7.2839999999999998,0,0,0
7.2845000000000004,0,0,0
7.2850000000000001,0,0,0
7.2854999999999999,0,0,0
7.2859999999999996,0,0,0
7.2865000000000002,0,0,0
7.2869999999999999,0,0,0
7.2874999999999996,0,0,0
7.2880000000000003,0,0,0
7.2885,0,0,0
7.2889999999999997,0,0,0
7.2895000000000003,0,0,0
7.29,0,0,0
7.2904999999999998,0,0,0
7.2910000000000004,0,0,0
7.2915000000000001,0,0,0
7.2919999999999998,0,0,0
7.2925000000000004,0,0,0
7.2930000000000001,0,0,0
7.2934999999999999,0,0,0
7.2939999999999996,0,0,0
7.2945000000000002,0,0,0
7.2949999999999999,0,0,0
7.2954999999999997,0,0,0
7.2960000000000003,0,0,0
7.2965,0,0,0
7.2969999999999997,0,0,0
7.2975000000000003,0,0,0
7.298,0,0,0
7.2984999999999998,0,0,0
7.2990000000000004,0,0,0
7.2995000000000001,0,0,0
7.2999999999999998,0,0,0
7.3005000000000004,0,0,0
7.3010000000000002,0,0,0
7.3014999999999999,0,0,0
7.3019999999999996,0,0,0
7.3025000000000002,0,0,0
7.3029999999999999,0,0,0
7.3034999999999997,0,0,0
7.3040000000000003,0,0,0
7.3045,0,0,0
7.3049999999999997,0,0,0
7.3055000000000003,0,0,0
7.306,0,0,0
7.3064999999999998,0,0,0
7.3070000000000004,0,0,0
7.3075000000000001,0,0,0
7.3079999999999998,0,0,0
7.3085000000000004,0,0,0
7.3090000000000002,0,0,0
7.3094999999999999,0,0,0
7.3099999999999996,0,0,0
7.3105000000000002,0,0,0
7.3109999999999999,0,0,0
7.3114999999999997,0,0,0
7.3120000000000003,0,0,0
7.3125,0,0,0
7.3129999999999997,0,0,0
7.3135000000000003,0,0,0
7.3140000000000001,0,0,0
7.3144999999999998,0,0,0
7.3150000000000004,0,0,0
7.3155000000000001,0,0,0
7.3159999999999998,0,0,0
7.3164999999999996,0,0,0
7.3170000000000002,0,0,0
7.3174999999999999,0,0,0
7.3179999999999996,0,0,0
7.3185000000000002,0,0,0
7.319,0,0,0
7.3194999999999997,0,0,0
7.3200000000000003,0,0,0
7.3205,0,0,0
7.3209999999999997,0,0,0
7.3215000000000003,0,0,0
7.3220000000000001,0,0,0
7.3224999999999998,0,0,0
7.3230000000000004,0,0,0
7.3235000000000001,0,0,0
7.3239999999999998,0,0,0
7.3244999999999996,0,0,0
7.3250000000000002,0,0,0
7.3254999999999999,0,0,0
7.3259999999999996,0,0,0
7.3265000000000002,0,0,0
7.327,0,0,0
7.3274999999999997,0,0,0
7.3280000000000003,0,0,0
7.3285,0,0,0
7.3289999999999997,0,0,0
7.3295000000000003,0,0,0
7.3300000000000001,0,0,0
7.3304999999999998,0,0,0
7.3310000000000004,0,0,0
7.3315000000000001,0,0,0
7.3319999999999999,0,0,0
7.3324999999999996,0,0,0
7.3330000000000002,0,0,0
7.3334999999999999,0,0,0
7.3339999999999996,0,0,0
7.3345000000000002,0,0,0
7.335,0,0,0
7.3354999999999997,0,0,0
7.3360000000000003,0,0,0
7.3365,0,0,0
7.3369999999999997,0,0,0
7.3375000000000004,0,0,0
7.3380000000000001,0,0,0
7.3384999999999998,0,0,0
7.3390000000000004,0,0,0
7.3395000000000001,0,0,0
7.3399999999999999,0,0,0
7.3404999999999996,0,0,0
7.3410000000000002,0,0,0
7.3414999999999999,0,0,0
7.3419999999999996,0,0,0
7.3425000000000002,0,0,0
7.343,0,0,0
7.3434999999999997,0,0,0
7.3440000000000003,0,0,0
7.3445,0,0,0
7.3449999999999998,0,0,0
7.3455000000000004,0,0,0
7.3460000000000001,0,0,0
7.3464999999999998,0,0,0
7.3470000000000004,0,0,0
7.3475000000000001,0,0,0
7.3479999999999999,0,0,0
7.3484999999999996,0,0,0
7.3490000000000002,0,0,0
7.3494999999999999,0,0,0
7.3499999999999996,0,0,0
7.3505000000000003,0,0,0
7.351,0,0,0
7.3514999999999997,0,0,0
7.3520000000000003,0,0,0
7.3525,0,0,0
7.3529999999999998,0,0,0
7.3535000000000004,0,0,0
7.3540000000000001,0,0,0
7.3544999999999998,0,0,0
7.3550000000000004,0,0,0
7.3555000000000001,0,0,0
7.3559999999999999,0,0,0
7.3564999999999996,0,0,0
7.3570000000000002,0,0,0
7.3574999999999999,0,0,0
7.3579999999999997,0,0,0
7.3585000000000003,0,0,0
7.359,0,0,0
7.3594999999999997,0,0,0
7.3600000000000003,0,0,0
7.3605,0,0,0
7.3609999999999998,0,0,0
7.3615000000000004,0,0,0
7.3620000000000001,0,0,0
7.3624999999999998,0,0,0
7.3630000000000004,0,0,0
7.3635000000000002,0,0,0
7.3639999999999999,0,0,0
7.3644999999999996,0,0,0
7.3650000000000002,0,0,0
7.3654999999999999,0,0,0
7.3659999999999997,0,0,0
7.3665000000000003,0,0,0
7.367,0,0,0
7.3674999999999997,0,0,0
7.3680000000000003,0,0,0
7.3685,0,0,0
7.3689999999999998,0,0,0
7.3695000000000004,0,0,0
7.3700000000000001,0,0,0
7.3704999999999998,0,0,0
7.3710000000000004,0,0,0
7.3715000000000002,0,0,0
7.3719999999999999,0,0,0
7.3724999999999996,0,0,0
7.3730000000000002,0,0,0
7.3734999999999999,0,0,0
7.3739999999999997,0,0,0
7.3745000000000003,0,0,0
7.375,0,0,0
7.3754999999999997,0,0,0
7.3760000000000003,0,0,0
7.3765000000000001,0,0,0
7.3769999999999998,0,0,0
7.3775000000000004,0,0,0
7.3780000000000001,0,0,0
7.3784999999999998,0,0,0
7.3789999999999996,0,0,0
7.3795000000000002,0,0,0
7.3799999999999999,0,0,0
7.3804999999999996,0,0,0
7.3810000000000002,0,0,0
7.3815,0,0,0
7.3819999999999997,0,0,0
7.3825000000000003,0,0,0
7.383,0,0,0
7.3834999999999997,0,0,0
7.3840000000000003,0,0,0
7.3845000000000001,0,0,0
7.3849999999999998,0,0,0
7.3855000000000004,0,0,0
7.3860000000000001,0,0,0
7.3864999999999998,0,0,0
7.3869999999999996,0,0,0
7.3875000000000002,0,0,0
7.3879999999999999,0,0,0
7.3884999999999996,0,0,0
7.3890000000000002,0,0,0
7.3895,0,0,0
7.3899999999999997,0,0,0
7.3905000000000003,0,0,0
7.391,0,0,0
7.3914999999999997,0,0,0
7.3920000000000003,0,0,0
7.3925000000000001,0,0,0
7.3929999999999998,0,0,0
7.3935000000000004,0,0,0
7.3940000000000001,0,0,0
7.3944999999999999,0,0,0
7.3949999999999996,0,0,0
7.3955000000000002,0,0,0
7.3959999999999999,0,0,0
7.3964999999999996,0,0,0
7.3970000000000002,0,0,0
7.3975,0,0,0
7.3979999999999997,0,0,0
7.3985000000000003,0,0,0
7.399,0,0,0
7.3994999999999997,0,0,0
7.4000000000000004,0,0,0
7.4005000000000001,0,0,0
7.4009999999999998,0,0,0
7.4015000000000004,0,0,0
7.4020000000000001,0,0,0
7.4024999999999999,0,0,0
7.4029999999999996,0,0,0
7.4035000000000002,0,0,0
7.4039999999999999,0,0,0
7.4044999999999996,0,0,0
7.4050000000000002,0,0,0
7.4055,0,0,0
7.4059999999999997,0,0,0
7.4065000000000003,0,0,0
7.407,0,0,0
7.4074999999999998,0,0,0
7.4080000000000004,0,0,0
7.4085000000000001,0,0,0
7.4089999999999998,0,0,0
7.4095000000000004,0,0,0
7.4100000000000001,0,0,0
7.4104999999999999,0,0,0
7.4109999999999996,0,0,0
7.4115000000000002,0,0,0
7.4119999999999999,0,0,0
7.4124999999999996,0,0,0
7.4130000000000003,0,0,0
7.4135,0,0,0
7.4139999999999997,0,0,0
7.4145000000000003,0,0,0
7.415,0,0,0
7.4154999999999998,0,0,0
7.4160000000000004,0,0,0
7.4165000000000001,0,0,0
7.4169999999999998,0,0,0
7.4175000000000004,0,0,0
7.4180000000000001,0,0,0
7.4184999999999999,0,0,0
7.4189999999999996,0,0,0
7.4195000000000002,0,0,0
7.4199999999999999,0,0,0
7.4204999999999997,0,0,0
7.4210000000000003,0,0,0
7.4215,0,0,0
7.4219999999999997,0,0,0
7.4225000000000003,0,0,0
7.423,0,0,0
7.4234999999999998,0,0,0
7.4240000000000004,0,0,0
7.4245000000000001,0,0,0
7.4249999999999998,0,0,0
7.4255000000000004,0,0,0
7.4260000000000002,0,0,0
7.4264999999999999,0,0,0
7.4269999999999996,0,0,0
7.4275000000000002,0,0,0
7.4279999999999999,0,0,0
7.4284999999999997,0,0,0
7.4290000000000003,0,0,0
7.4295,0,0,0
7.4299999999999997,0,0,0
7.4305000000000003,0,0,0
7.431,0,0,0
7.4314999999999998,0,0,0
7.4320000000000004,0,0,0
7.4325000000000001,0,0,0
7.4329999999999998,0,0,0
7.4335000000000004,0,0,0
7.4340000000000002,0,0,0
7.4344999999999999,0,0,0
7.4349999999999996,0,0,0
7.4355000000000002,0,0,0
7.4359999999999999,0,0,0
7.4364999999999997,0,0,0
7.4370000000000003,0,0,0
7.4375,0,0,0
7.4379999999999997,0,0,0
7.4385000000000003,0,0,0
7.4390000000000001,0,0,0
7.4394999999999998,0,0,0
7.4400000000000004,0,0,0
7.4405000000000001,0,0,0
7.4409999999999998,0,0,0
7.4414999999999996,0,0,0
7.4420000000000002,0,0,0
7.4424999999999999,0,0,0
7.4429999999999996,0,0,0
7.4435000000000002,0,0,0
7.444,0,0,0
7.4444999999999997,0,0,0
7.4450000000000003,0,0,0
7.4455,0,0,0
7.4459999999999997,0,0,0
7.4465000000000003,0,0,0
7.4470000000000001,0,0,0
7.4474999999999998,0,0,0
7.4480000000000004,0,0,0
7.4485000000000001,0,0,0
7.4489999999999998,0,0,0
7.4494999999999996,0,0,0
7.4500000000000002,0,0,0
7.4504999999999999,0,0,0
7.4509999999999996,0,0,0
7.4515000000000002,0,0,0
7.452,0,0,0
7.4524999999999997,0,0,0
7.4530000000000003,0,0,0
7.4535,0,0,0
7.4539999999999997,0,0,0
7.4545000000000003,0,0,0
7.4550000000000001,0,0,0
7.4554999999999998,0,0,0
7.4560000000000004,0,0,0
7.4565000000000001,0,0,0
7.4569999999999999,0,0,0
7.4574999999999996,0,0,0
7.4580000000000002,0,0,0
7.4584999999999999,0,0,0
7.4589999999999996,0,0,0
7.4595000000000002,0,0,0
7.46,0,0,0
7.4604999999999997,0,0,0
7.4610000000000003,0,0,0
7.4615,0,0,0
7.4619999999999997,0,0,0
7.4625000000000004,0,0,0
7.4630000000000001,0,0,0
7.4634999999999998,0,0,0
7.4640000000000004,0,0,0
7.4645000000000001,0,0,0
7.4649999999999999,0,0,0
7.4654999999999996,0,0,0
7.4660000000000002,0,0,0
7.4664999999999999,0,0,0
7.4669999999999996,0,0,0
7.4675000000000002,0,0,0
7.468,0,0,0
7.4684999999999997,0,0,0
7.4690000000000003,0,0,0
7.4695,0,0,0
7.4699999999999998,0,0,0
7.4705000000000004,0,0,0
7.4710000000000001,0,0,0
7.4714999999999998,0,0,0
7.4720000000000004,0,0,0
7.4725000000000001,0,0,0
7.4729999999999999,0,0,0
7.4734999999999996,0,0,0
7.4740000000000002,0,0,0
7.4744999999999999,0,0,0
7.4749999999999996,0,0,0
7.4755000000000003,0,0,0
7.476,0,0,0
7.4764999999999997,0,0,0
7.4770000000000003,0,0,0
7.4775,0,0,0
7.4779999999999998,0,0,0
7.4785000000000004,0,0,0
7.4790000000000001,0,0,0
7.4794999999999998,0,0,0
7.4800000000000004,0,0,0
7.4805000000000001,0,0,0
7.4809999999999999,0,0,0
7.4814999999999996,0,0,0
7.4820000000000002,0,0,0
7.4824999999999999,0,0,0
7.4829999999999997,0,0,0
7.4835000000000003,0,0,0
7.484,0,0,0
7.4844999999999997,0,0,0
7.4850000000000003,0,0,0
7.4855,0,0,0
7.4859999999999998,0,0,0
7.4865000000000004,0,0,0
7.4870000000000001,0,0,0
7.4874999999999998,0,0,0
7.4880000000000004,0,0,0
7.4885000000000002,0,0,0
7.4889999999999999,0,0,0
7.4894999999999996,0,0,0
7.4900000000000002,0,0,0
7.4904999999999999,0,0,0
7.4909999999999997,0,0,0
7.4915000000000003,0,0,0
7.492,0,0,0
7.4924999999999997,0,0,0
7.4930000000000003,0,0,0
7.4935,0,0,0
7.4939999999999998,0,0,0
7.4945000000000004,0,0,0
7.4950000000000001,0,0,0
7.4954999999999998,0,0,0
7.4960000000000004,0,0,0
7.4965000000000002,0,0,0
7.4969999999999999,0,0,0
7.4974999999999996,0,0,0
7.4980000000000002,0,0,0
7.4984999999999999,0,0,0
7.4989999999999997,0,0,0
7.4995000000000003,0,0,0
7.5,0,0,0
7.5004999999999997,0,0,0
7.5010000000000003,0,0,0
7.5015000000000001,0,0,0
7.5019999999999998,0,0,0
7.5025000000000004,0,0,0
7.5030000000000001,0,0,0
7.5034999999999998,0,0,0
7.5039999999999996,0,0,0
7.5045000000000002,0,0,0
7.5049999999999999,0,0,0
7.5054999999999996,0,0,0
7.5060000000000002,0,0,0
7.5065,0,0,0
7.5069999999999997,0,0,0
7.5075000000000003,0,0,0
7.508,0,0,0
7.5084999999999997,0,0,0
7.5090000000000003,0,0,0
7.5095000000000001,0,0,0
7.5099999999999998,0,0,0
7.5105000000000004,0,0,0
7.5110000000000001,0,0,0
7.5114999999999998,0,0,0
7.5119999999999996,0,0,0
7.5125000000000002,0,0,0
7.5129999999999999,0,0,0
7.5134999999999996,0,0,0
7.5140000000000002,0,0,0
7.5145,0,0,0
7.5149999999999997,0,0,0
7.5155000000000003,0,0,0
7.516,0,0,0
7.5164999999999997,0,0,0
7.5170000000000003,0,0,0
7.5175000000000001,0,0,0
7.5179999999999998,0,0,0
7.5185000000000004,0,0,0
7.5190000000000001,0,0,0
7.5194999999999999,0,0,0
7.5199999999999996,0,0,0
7.5205000000000002,0,0,0
7.5209999999999999,0,0,0
7.5214999999999996,0,0,0
7.5220000000000002,0,0,0
7.5225,0,0,0
7.5229999999999997,0,0,0
7.5235000000000003,0,0,0
7.524,0,0,0
7.5244999999999997,0,0,0
7.5250000000000004,0,0,0
7.5255000000000001,0,0,0
7.5259999999999998,0,0,0
7.5265000000000004,0,0,0
7.5270000000000001,0,0,0
7.5274999999999999,0,0,0
7.5279999999999996,0,0,0
7.5285000000000002,0,0,0
7.5289999999999999,0,0,0
7.5294999999999996,0,0,0
7.5300000000000002,0,0,0
7.5305,0,0,0
7.5309999999999997,0,0,0
7.5315000000000003,0,0,0
7.532,0,0,0
7.5324999999999998,0,0,0
7.5330000000000004,0,0,0
7.5335000000000001,0,0,0
7.5339999999999998,0,0,0
7.5345000000000004,0,0,0
7.5350000000000001,0,0,0
7.5354999999999999,0,0,0
7.5359999999999996,0,0,0
7.5365000000000002,0,0,0
7.5369999999999999,0,0,0
7.5374999999999996,0,0,0
7.5380000000000003,0,0,0
7.5385,0,0,0
7.5389999999999997,0,0,0
7.5395000000000003,0,0,0
7.54,0,0,0
7.5404999999999998,0,0,0
7.5410000000000004,0,0,0
7.5415000000000001,0,0,0
7.5419999999999998,0,0,0
7.5425000000000004,0,0,0
7.5430000000000001,0,0,0
7.5434999999999999,0,0,0
7.5439999999999996,0,0,0
7.5445000000000002,0,0,0
7.5449999999999999,0,0,0
7.5454999999999997,0,0,0
7.5460000000000003,0,0,0
7.5465,0,0,0
7.5469999999999997,0,0,0
7.5475000000000003,0,0,0
7.548,0,0,0
7.5484999999999998,0,0,0
7.5490000000000004,0,0,0
7.5495000000000001,0,0,0
7.5499999999999998,0,0,0
7.5505000000000004,0,0,0
7.5510000000000002,0,0,0
7.5514999999999999,0,0,0
7.5519999999999996,0,0,0
7.5525000000000002,0,0,0
7.5529999999999999,0,0,0
7.5534999999999997,0,0,0
7.5540000000000003,0,0,0
7.5545,0,0,0
7.5549999999999997,0,0,0
7.5555000000000003,0,0,0
7.556,0,0,0
7.5564999999999998,0,0,0
7.5570000000000004,0,0,0
7.5575000000000001,0,0,0
7.5579999999999998,0,0,0
7.5585000000000004,0,0,0
7.5590000000000002,0,0,0
7.5594999999999999,0,0,0
7.5599999999999996,0,0,0
7.5605000000000002,0,0,0
7.5609999999999999,0,0,0
7.5614999999999997,0,0,0
7.5620000000000003,0,0,0
7.5625,0,0,0
7.5629999999999997,0,0,0
7.5635000000000003,0,0,0
7.5640000000000001,0,0,0
7.5644999999999998,0,0,0
7.5650000000000004,0,0,0
7.5655000000000001,0,0,0
7.5659999999999998,0,0,0
7.5664999999999996,0,0,0
7.5670000000000002,0,0,0
7.5674999999999999,0,0,0
7.5679999999999996,0,0,0
7.5685000000000002,0,0,0
7.569,0,0,0
7.5694999999999997,0,0,0
7.5700000000000003,0,0,0
7.5705,0,0,0
7.5709999999999997,0,0,0
7.5715000000000003,0,0,0
7.5720000000000001,0,0,0
7.5724999999999998,0,0,0
7.5730000000000004,0,0,0
7.5735000000000001,0,0,0
7.5739999999999998,0,0,0
7.5744999999999996,0,0,0
7.5750000000000002,0,0,0
7.5754999999999999,0,0,0
7.5759999999999996,0,0,0
7.5765000000000002,0,0,0
7.577,0,0,0
7.5774999999999997,0,0,0
7.5780000000000003,0,0,0
7.5785,0,0,0
7.5789999999999997,0,0,0
7.5795000000000003,0,0,0
7.5800000000000001,0,0,0
7.5804999999999998,0,0,0
7.5810000000000004,0,0,0
7.5815000000000001,0,0,0
7.5819999999999999,0,0,0
7.5824999999999996,0,0,0
7.5830000000000002,0,0,0
7.5834999999999999,0,0,0
7.5839999999999996,0,0,0
7.5845000000000002,0,0,0
7.585,0,0,0
7.5854999999999997,0,0,0
7.5860000000000003,0,0,0
7.5865,0,0,0
7.5869999999999997,0,0,0
7.5875000000000004,0,0,0
7.5880000000000001,0,0,0
7.5884999999999998,0,0,0
7.5890000000000004,0,0,0
7.5895000000000001,0,0,0
7.5899999999999999,0,0,0
7.5904999999999996,0,0,0
7.5910000000000002,0,0,0
7.5914999999999999,0,0,0
7.5919999999999996,0,0,0
7.5925000000000002,0,0,0
7.593,0,0,0
7.5934999999999997,0,0,0
7.5940000000000003,0,0,0
7.5945,0,0,0
7.5949999999999998,0,0,0
7.5955000000000004,0,0,0
7.5960000000000001,0,0,0
7.5964999999999998,0,0,0
7.5970000000000004,0,0,0
7.5975000000000001,0,0,0
7.5979999999999999,0,0,0
7.5984999999999996,0,0,0
7.5990000000000002,0,0,0
7.5994999999999999,0,0,0
7.5999999999999996,0,0,0
7.6005000000000003,0,0,0
7.601,0,0,0
7.6014999999999997,0,0,0
7.6020000000000003,0,0,0
7.6025,0,0,0
7.6029999999999998,0,0,0
7.6035000000000004,0,0,0
7.6040000000000001,0,0,0
7.6044999999999998,0,0,0
7.6050000000000004,0,0,0
7.6055000000000001,0,0,0
7.6059999999999999,0,0,0
7.6064999999999996,0,0,0
7.6070000000000002,0,0,0
7.6074999999999999,0,0,0
7.6079999999999997,0,0,0
7.6085000000000003,0,0,0
7.609,0,0,0
7.6094999999999997,0,0,0
7.6100000000000003,0,0,0
7.6105,0,0,0
7.6109999999999998,0,0,0
7.6115000000000004,0,0,0
7.6120000000000001,0,0,0
7.6124999999999998,0,0,0
7.6130000000000004,0,0,0
7.6135000000000002,0,0,0
7.6139999999999999,0,0,0
7.6144999999999996,0,0,0
7.6150000000000002,0,0,0
7.6154999999999999,0,0,0
7.6159999999999997,0,0,0
7.6165000000000003,0,0,0
7.617,0,0,0
7.6174999999999997,0,0,0
7.6180000000000003,0,0,0
7.6185,0,0,0
7.6189999999999998,0,0,0
7.6195000000000004,0,0,0
7.6200000000000001,0,0,0
7.6204999999999998,0,0,0
7.6210000000000004,0,0,0
7.6215000000000002,0,0,0
7.6219999999999999,0,0,0
7.6224999999999996,0,0,0
7.6230000000000002,0,0,0
7.6234999999999999,0,0,0
7.6239999999999997,0,0,0
7.6245000000000003,0,0,0
7.625,0,0,0
7.6254999999999997,0,0,0
7.6260000000000003,0,0,0
7.6265000000000001,0,0,0
7.6269999999999998,0,0,0
7.6275000000000004,0,0,0
7.6280000000000001,0,0,0
7.6284999999999998,0,0,0
7.6289999999999996,0,0,0
7.6295000000000002,0,0,0
7.6299999999999999,0,0,0
7.6304999999999996,0,0,0
7.6310000000000002,0,0,0
7.6315,0,0,0
7.6319999999999997,0,0,0
7.6325000000000003,0,0,0
7.633,0,0,0
7.6334999999999997,0,0,0
7.6340000000000003,0,0,0
7.6345000000000001,0,0,0
7.6349999999999998,0,0,0
7.6355000000000004,0,0,0
7.6360000000000001,0,0,0
7.6364999999999998,0,0,0
7.6369999999999996,0,0,0
7.6375000000000002,0,0,0
7.6379999999999999,0,0,0
7.6384999999999996,0,0,0
7.6390000000000002,0,0,0
7.6395,0,0,0
7.6399999999999997,0,0,0
7.6405000000000003,0,0,0
7.641,0,0,0
7.6414999999999997,0,0,0
7.6420000000000003,0,0,0
7.6425000000000001,0,0,0
7.6429999999999998,0,0,0
7.6435000000000004,0,0,0
7.6440000000000001,0,0,0
7.6444999999999999,0,0,0
7.6449999999999996,0,0,0
7.6455000000000002,0,0,0
7.6459999999999999,0,0,0
7.6464999999999996,0,0,0
7.6470000000000002,0,0,0
7.6475,0,0,0
7.6479999999999997,0,0,0
7.6485000000000003,0,0,0
7.649,0,0,0
7.6494999999999997,0,0,0
7.6500000000000004,0,0,0
7.6505000000000001,0,0,0
7.6509999999999998,0,0,0
7.6515000000000004,0,0,0
7.6520000000000001,0,0,0
7.6524999999999999,0,0,0
7.6529999999999996,0,0,0
7.6535000000000002,0,0,0
7.6539999999999999,0,0,0
7.6544999999999996,0,0,0
7.6550000000000002,0,0,0
7.6555,0,0,0
7.6559999999999997,0,0,0
7.6565000000000003,0,0,0
7.657,0,0,0
7.6574999999999998,0,0,0
7.6580000000000004,0,0,0
7.6585000000000001,0,0,0
7.6589999999999998,0,0,0
7.6595000000000004,0,0,0
7.6600000000000001,0,0,0
7.6604999999999999,0,0,0
7.6609999999999996,0,0,0
7.6615000000000002,0,0,0
7.6619999999999999,0,0,0
7.6624999999999996,0,0,0
7.6630000000000003,0,0,0
7.6635,0,0,0
7.6639999999999997,0,0,0
7.6645000000000003,0,0,0
7.665,0,0,0
7.6654999999999998,0,0,0
7.6660000000000004,0,0,0
7.6665000000000001,0,0,0
7.6669999999999998,0,0,0
7.6675000000000004,0,0,0
7.6680000000000001,0,0,0
7.6684999999999999,0,0,0
7.6689999999999996,0,0,0
7.6695000000000002,0,0,0
7.6699999999999999,0,0,0
7.6704999999999997,0,0,0
7.6710000000000003,0,0,0
7.6715,0,0,0
7.6719999999999997,0,0,0
7.6725000000000003,0,0,0
7.673,0,0,0
7.6734999999999998,0,0,0
7.6740000000000004,0,0,0
7.6745000000000001,0,0,0
7.6749999999999998,0,0,0
7.6755000000000004,0,0,0
7.6760000000000002,0,0,0
7.6764999999999999,0,0,0
7.6769999999999996,0,0,0
7.6775000000000002,0,0,0
7.6779999999999999,0,0,0
7.6784999999999997,0,0,0
7.6790000000000003,0,0,0
7.6795,0,0,0
7.6799999999999997,0,0,0
7.6805000000000003,0,0,0
7.681,0,0,0
7.6814999999999998,0,0,0
7.6820000000000004,0,0,0
7.6825000000000001,0,0,0
7.6829999999999998,0,0,0
7.6835000000000004,0,0,0
7.6840000000000002,0,0,0
7.6844999999999999,0,0,0
7.6849999999999996,0,0,0
7.6855000000000002,0,0,0
7.6859999999999999,0,0,0
7.6864999999999997,0,0,0
7.6870000000000003,0,0,0
7.6875,0,0,0
7.6879999999999997,0,0,0
7.6885000000000003,0,0,0
7.6890000000000001,0,0,0
7.6894999999999998,0,0,0
7.6900000000000004,0,0,0
7.6905000000000001,0,0,0
7.6909999999999998,0,0,0
7.6914999999999996,0,0,0
7.6920000000000002,0,0,0
7.6924999999999999,0,0,0
7.6929999999999996,0,0,0
7.6935000000000002,0,0,0
7.694,0,0,0
7.6944999999999997,0,0,0
7.6950000000000003,0,0,0
7.6955,0,0,0
7.6959999999999997,0,0,0
7.6965000000000003,0,0,0
7.6970000000000001,0,0,0
7.6974999999999998,0,0,0
7.6980000000000004,0,0,0
7.6985000000000001,0,0,0
7.6989999999999998,0,0,0
7.6994999999999996,0,0,0
7.7000000000000002,0,0,0
7.7004999999999999,0,0,0
7.7009999999999996,0,0,0
7.7015000000000002,0,0,0
7.702,0,0,0
7.7024999999999997,0,0,0
7.7030000000000003,0,0,0
7.7035,0,0,0
7.7039999999999997,0,0,0
7.7045000000000003,0,0,0
7.7050000000000001,0,0,0
7.7054999999999998,0,0,0
7.7060000000000004,0,0,0
7.7065000000000001,0,0,0
7.7069999999999999,0,0,0
7.7074999999999996,0,0,0
7.7080000000000002,0,0,0
7.7084999999999999,0,0,0
7.7089999999999996,0,0,0
7.7095000000000002,0,0,0
7.71,0,0,0
7.7104999999999997,0,0,0
7.7110000000000003,0,0,0
7.7115,0,0,0
7.7119999999999997,0,0,0
7.7125000000000004,0,0,0
7.7130000000000001,0,0,0
7.7134999999999998,0,0,0
7.7140000000000004,0,0,0
7.7145000000000001,0,0,0
7.7149999999999999,0,0,0
7.7154999999999996,0,0,0
7.7160000000000002,0,0,0
7.7164999999999999,0,0,0
7.7169999999999996,0,0,0
7.7175000000000002,0,0,0
7.718,0,0,0
7.7184999999999997,0,0,0
7.7190000000000003,0,0,0
7.7195,0,0,0
7.7199999999999998,0,0,0
7.7205000000000004,0,0,0
7.7210000000000001,0,0,0
7.7214999999999998,0,0,0
7.7220000000000004,0,0,0
7.7225000000000001,0,0,0
7.7229999999999999,0,0,0
7.7234999999999996,0,0,0
7.7240000000000002,0,0,0
7.7244999999999999,0,0,0
7.7249999999999996,0,0,0
7.7255000000000003,0,0,0
7.726,0,0,0
7.7264999999999997,0,0,0
7.7270000000000003,0,0,0
7.7275,0,0,0
7.7279999999999998,0,0,0
7.7285000000000004,0,0,0
7.7290000000000001,0,0,0
7.7294999999999998,0,0,0
7.7300000000000004,0,0,0
7.7305000000000001,0,0,0
7.7309999999999999,0,0,0
7.7314999999999996,0,0,0
7.7320000000000002,0,0,0
7.7324999999999999,0,0,0
7.7329999999999997,0,0,0
7.7335000000000003,0,0,0
7.734,0,0,0
7.7344999999999997,0,0,0
7.7350000000000003,0,0,0
7.7355,0,0,0
7.7359999999999998,0,0,0
7.7365000000000004,0,0,0
7.7370000000000001,0,0,0
7.7374999999999998,0,0,0
7.7380000000000004,0,0,0
7.7385000000000002,0,0,0
7.7389999999999999,0,0,0
7.7394999999999996,0,0,0
7.7400000000000002,0,0,0
7.7404999999999999,0,0,0
7.7409999999999997,0,0,0
7.7415000000000003,0,0,0
7.742,0,0,0
7.7424999999999997,0,0,0
7.7430000000000003,0,0,0
7.7435,0,0,0
7.7439999999999998,0,0,0
7.7445000000000004,0,0,0
7.7450000000000001,0,0,0
7.7454999999999998,0,0,0
7.7460000000000004,0,0,0
7.7465000000000002,0,0,0
7.7469999999999999,0,0,0
7.7474999999999996,0,0,0
7.7480000000000002,0,0,0
7.7484999999999999,0,0,0
7.7489999999999997,0,0,0
7.7495000000000003,0,0,0
7.75,0,0,0
7.7504999999999997,0,0,0
7.7510000000000003,0,0,0
7.7515000000000001,0,0,0
7.7519999999999998,0,0,0
7.7525000000000004,0,0,0
7.7530000000000001,0,0,0
7.7534999999999998,0,0,0
7.7539999999999996,0,0,0
7.7545000000000002,0,0,0
7.7549999999999999,0,0,0
7.7554999999999996,0,0,0
7.7560000000000002,0,0,0
7.7565,0,0,0
7.7569999999999997,0,0,0
7.7575000000000003,0,0,0
7.758,0,0,0
7.7584999999999997,0,0,0
7.7590000000000003,0,0,0
7.7595000000000001,0,0,0
7.7599999999999998,0,0,0
7.7605000000000004,0,0,0
7.7610000000000001,0,0,0
7.7614999999999998,0,0,0
7.7619999999999996,0,0,0
7.7625000000000002,0,0,0
7.7629999999999999,0,0,0
7.7634999999999996,0,0,0
7.7640000000000002,0,0,0
7.7645,0,0,0
7.7649999999999997,0,0,0
7.7655000000000003,0,0,0
7.766,0,0,0
7.7664999999999997,0,0,0
7.7670000000000003,0,0,0
7.7675000000000001,0,0,0
7.7679999999999998,0,0,0
7.7685000000000004,0,0,0
7.7690000000000001,0,0,0
7.7694999999999999,0,0,0
7.7699999999999996,0,0,0
7.7705000000000002,0,0,0
7.7709999999999999,0,0,0
7.7714999999999996,0,0,0
7.7720000000000002,0,0,0
7.7725,0,0,0
7.7729999999999997,0,0,0
7.7735000000000003,0,0,0
7.774,0,0,0
7.7744999999999997,0,0,0
7.7750000000000004,0,0,0
7.7755000000000001,0,0,0
7.7759999999999998,0,0,0
7.7765000000000004,0,0,0
7.7770000000000001,0,0,0
7.7774999999999999,0,0,0
7.7779999999999996,0,0,0
7.7785000000000002,0,0,0
7.7789999999999999,0,0,0
7.7794999999999996,0,0,0
7.7800000000000002,0,0,0
7.7805,0,0,0
7.7809999999999997,0,0,0
7.7815000000000003,0,0,0
7.782,0,0,0
7.7824999999999998,0,0,0
7.7830000000000004,0,0,0
7.7835000000000001,0,0,0
7.7839999999999998,0,0,0
7.7845000000000004,0,0,0
7.7850000000000001,0,0,0
7.7854999999999999,0,0,0
7.7859999999999996,0,0,0
7.7865000000000002,0,0,0
7.7869999999999999,0,0,0
7.7874999999999996,0,0,0
7.7880000000000003,0,0,0
7.7885,0,0,0
7.7889999999999997,0,0,0
7.7895000000000003,0,0,0
7.79,0,0,0
7.7904999999999998,0,0,0
7.7910000000000004,0,0,0
7.7915000000000001,0,0,0
7.7919999999999998,0,0,0
7.7925000000000004,0,0,0
7.7930000000000001,0,0,0
7.7934999999999999,0,0,0
7.7939999999999996,0,0,0
7.7945000000000002,0,0,0
7.7949999999999999,0,0,0
7.7954999999999997,0,0,0
7.7960000000000003,0,0,0
7.7965,0,0,0
7.7969999999999997,0,0,0
7.7975000000000003,0,0,0
7.798,0,0,0
7.7984999999999998,0,0,0
7.7990000000000004,0,0,0
7.7995000000000001,0,0,0
7.7999999999999998,0,0,0
7.8005000000000004,0,0,0
7.8010000000000002,0,0,0
7.8014999999999999,0,0,0
7.8019999999999996,0,0,0
7.8025000000000002,0,0,0
7.8029999999999999,0,0,0
7.8034999999999997,0,0,0
7.8040000000000003,0,0,0
7.8045,0,0,0
7.8049999999999997,0,0,0
7.8055000000000003,0,0,0
7.806,0,0,0
7.8064999999999998,0,0,0
7.8070000000000004,0,0,0
7.8075000000000001,0,0,0
7.8079999999999998,0,0,0
7.8085000000000004,0,0,0
7.8090000000000002,0,0,0
7.8094999999999999,0,0,0
7.8099999999999996,0,0,0
7.8105000000000002,0,0,0
7.8109999999999999,0,0,0
7.8114999999999997,0,0,0
7.8120000000000003,0,0,0
7.8125,0,0,0
7.8129999999999997,0,0,0
7.8135000000000003,0,0,0
7.8140000000000001,0,0,0
7.8144999999999998,0,0,0
7.8150000000000004,0,0,0
7.8155000000000001,0,0,0
7.8159999999999998,0,0,0
7.8164999999999996,0,0,0
7.8170000000000002,0,0,0
7.8174999999999999,0,0,0
7.8179999999999996,0,0,0
7.8185000000000002,0,0,0
7.819,0,0,0
7.8194999999999997,0,0,0
7.8200000000000003,0,0,0
7.8205,0,0,0
7.8209999999999997,0,0,0
7.8215000000000003,0,0,0
7.8220000000000001,0,0,0
7.8224999999999998,0,0,0
7.8230000000000004,0,0,0
7.8235000000000001,0,0,0
7.8239999999999998,0,0,0
7.8244999999999996,0,0,0
7.8250000000000002,0,0,0
7.8254999999999999,0,0,0
7.8259999999999996,0,0,0
7.8265000000000002,0,0,0
7.827,0,0,0
7.8274999999999997,0,0,0
7.8280000000000003,0,0,0
7.8285,0,0,0
7.8289999999999997,0,0,0
7.8295000000000003,0,0,0
7.8300000000000001,0,0,0
7.8304999999999998,0,0,0
7.8310000000000004,0,0,0
7.8315000000000001,0,0,0
7.8319999999999999,0,0,0
7.8324999999999996,0,0,0
7.8330000000000002,0,0,0
7.8334999999999999,0,0,0
7.8339999999999996,0,0,0
7.8345000000000002,0,0,0
7.835,0,0,0
7.8354999999999997,0,0,0
7.8360000000000003,0,0,0
7.8365,0,0,0
7.8369999999999997,0,0,0
7.8375000000000004,0,0,0
7.8380000000000001,0,0,0
7.8384999999999998,0,0,0
7.8390000000000004,0,0,0
7.8395000000000001,0,0,0
7.8399999999999999,0,0,0
7.8404999999999996,0,0,0
7.8410000000000002,0,0,0
7.8414999999999999,0,0,0
7.8419999999999996,0,0,0
7.8425000000000002,0,0,0
7.843,0,0,0
7.8434999999999997,0,0,0
7.8440000000000003,0,0,0
7.8445,0,0,0
7.8449999999999998,0,0,0
7.8455000000000004,0,0,0
7.8460000000000001,0,0,0
7.8464999999999998,0,0,0
7.8470000000000004,0,0,0
7.8475000000000001,0,0,0
7.8479999999999999,0,0,0
7.8484999999999996,0,0,0
7.8490000000000002,0,0,0
7.8494999999999999,0,0,0
7.8499999999999996,0,0,0
7.8505000000000003,0,0,0
7.851,0,0,0
7.8514999999999997,0,0,0
7.8520000000000003,0,0,0
7.8525,0,0,0
7.8529999999999998,0,0,0
7.8535000000000004,0,0,0
7.8540000000000001,0,0,0
7.8544999999999998,0,0,0
7.8550000000000004,0,0,0
7.8555000000000001,0,0,0
7.8559999999999999,0,0,0
7.8564999999999996,0,0,0
7.8570000000000002,0,0,0
7.8574999999999999,0,0,0
7.8579999999999997,0,0,0
7.8585000000000003,0,0,0
7.859,0,0,0
7.8594999999999997,0,0,0
7.8600000000000003,0,0,0
7.8605,0,0,0
7.8609999999999998,0,0,0
7.8615000000000004,0,0,0
7.8620000000000001,0,0,0
7.8624999999999998,0,0,0
7.8630000000000004,0,0,0
7.8635000000000002,0,0,0
7.8639999999999999,0,0,0
7.8644999999999996,0,0,0
7.8650000000000002,0,0,0
7.8654999999999999,0,0,0
7.8659999999999997,0,0,0
7.8665000000000003,0,0,0
7.867,0,0,0
7.8674999999999997,0,0,0
7.8680000000000003,0,0,0
7.8685,0,0,0
7.8689999999999998,0,0,0
7.8695000000000004,0,0,0
7.8700000000000001,0,0,0
7.8704999999999998,0,0,0
7.8710000000000004,0,0,0
7.8715000000000002,0,0,0
7.8719999999999999,0,0,0
7.8724999999999996,0,0,0
7.8730000000000002,0,0,0
7.8734999999999999,0,0,0
7.8739999999999997,0,0,0
7.8745000000000003,0,0,0
7.875,0,0,0
7.8754999999999997,0,0,0
7.8760000000000003,0,0,0
7.8765000000000001,0,0,0
7.8769999999999998,0,0,0
7.8775000000000004,0,0,0
7.8780000000000001,0,0,0
7.8784999999999998,0,0,0
7.8789999999999996,0,0,0
7.8795000000000002,0,0,0
7.8799999999999999,0,0,0
7.8804999999999996,0,0,0
7.8810000000000002,0,0,0
7.8815,0,0,0
7.8819999999999997,0,0,0
7.8825000000000003,0,0,0
7.883,0,0,0
7.8834999999999997,0,0,0
7.8840000000000003,0,0,0
7.8845000000000001,0,0,0
7.8849999999999998,0,0,0
7.8855000000000004,0,0,0
7.8860000000000001,0,0,0
7.8864999999999998,0,0,0
7.8869999999999996,0,0,0
7.8875000000000002,0,0,0
7.8879999999999999,0,0,0
7.8884999999999996,0,0,0
7.8890000000000002,0,0,0
7.8895,0,0,0
7.8899999999999997,0,0,0
7.8905000000000003,0,0,0
7.891,0,0,0
7.8914999999999997,0,0,0
7.8920000000000003,0,0,0
7.8925000000000001,0,0,0
7.8929999999999998,0,0,0
7.8935000000000004,0,0,0
7.8940000000000001,0,0,0
7.8944999999999999,0,0,0
7.8949999999999996,0,0,0
7.8955000000000002,0,0,0
7.8959999999999999,0,0,0
7.8964999999999996,0,0,0
7.8970000000000002,0,0,0
7.8975,0,0,0
7.8979999999999997,0,0,0
7.8985000000000003,0,0,0
7.899,0,0,0
7.8994999999999997,0,0,0
7.9000000000000004,0,0,0
7.9005000000000001,0,0,0
7.9009999999999998,0,0,0
7.9015000000000004,0,0,0
7.9020000000000001,0,0,0
7.9024999999999999,0,0,0
7.9029999999999996,0,0,0
7.9035000000000002,0,0,0
7.9039999999999999,0,0,0
7.9044999999999996,0,0,0
7.9050000000000002,0,0,0
7.9055,0,0,0
7.9059999999999997,0,0,0
7.9065000000000003,0,0,0
7.907,0,0,0
7.9074999999999998,0,0,0
7.9080000000000004,0,0,0
7.9085000000000001,0,0,0
7.9089999999999998,0,0,0
7.9095000000000004,0,0,0
7.9100000000000001,0,0,0
7.9104999999999999,0,0,0
7.9109999999999996,0,0,0
7.9115000000000002,0,0,0
7.9119999999999999,0,0,0
7.9124999999999996,0,0,0
7.9130000000000003,0,0,0
7.9135,0,0,0
7.9139999999999997,0,0,0
7.9145000000000003,0,0,0
7.915,0,0,0
7.9154999999999998,0,0,0
7.9160000000000004,0,0,0
7.9165000000000001,0,0,0
7.9169999999999998,0,0,0
7.9175000000000004,0,0,0
7.9180000000000001,0,0,0
7.9184999999999999,0,0,0
7.9189999999999996,0,0,0
7.9195000000000002,0,0,0
7.9199999999999999,0,0,0
7.9204999999999997,0,0,0
7.9210000000000003,0,0,0
7.9215,0,0,0
7.9219999999999997,0,0,0
7.9225000000000003,0,0,0
7.923,0,0,0
7.9234999999999998,0,0,0
7.9240000000000004,0,0,0
7.9245000000000001,0,0,0
7.9249999999999998,0,0,0
7.9255000000000004,0,0,0
7.9260000000000002,0,0,0
7.9264999999999999,0,0,0
7.9269999999999996,0,0,0
7.9275000000000002,0,0,0
7.9279999999999999,0,0,0
7.9284999999999997,0,0,0
7.9290000000000003,0,0,0
7.9295,0,0,0
7.9299999999999997,0,0,0
7.9305000000000003,0,0,0
7.931,0,0,0
7.9314999999999998,0,0,0
7.9320000000000004,0,0,0
7.9325000000000001,0,0,0
7.9329999999999998,0,0,0
7.9335000000000004,0,0,0
7.9340000000000002,0,0,0
7.9344999999999999,0,0,0
7.9349999999999996,0,0,0
7.9355000000000002,0,0,0
7.9359999999999999,0,0,0
7.9364999999999997,0,0,0
7.9370000000000003,0,0,0
7.9375,0,0,0
7.9379999999999997,0,0,0
7.9385000000000003,0,0,0
7.9390000000000001,0,0,0
7.9394999999999998,0,0,0
7.9400000000000004,0,0,0
7.9405000000000001,0,0,0
7.9409999999999998,0,0,0
7.9414999999999996,0,0,0
7.9420000000000002,0,0,0
7.9424999999999999,0,0,0
7.9429999999999996,0,0,0
7.9435000000000002,0,0,0
7.944,0,0,0
7.9444999999999997,0,0,0
7.9450000000000003,0,0,0
7.9455,0,0,0
7.9459999999999997,0,0,0
7.9465000000000003,0,0,0
7.9470000000000001,0,0,0
7.9474999999999998,0,0,0
7.9480000000000004,0,0,0
7.9485000000000001,0,0,0
7.9489999999999998,0,0,0
7.9494999999999996,0,0,0
7.9500000000000002,0,0,0
7.9504999999999999,0,0,0
7.9509999999999996,0,0,0
7.9515000000000002,0,0,0
7.952,0,0,0
7.9524999999999997,0,0,0
7.9530000000000003,0,0,0
7.9535,0,0,0
7.9539999999999997,0,0,0
7.9545000000000003,0,0,0
7.9550000000000001,0,0,0
7.9554999999999998,0,0,0
7.9560000000000004,0,0,0
7.9565000000000001,0,0,0
7.9569999999999999,0,0,0
7.9574999999999996,0,0,0
7.9580000000000002,0,0,0
7.9584999999999999,0,0,0
7.9589999999999996,0,0,0
7.9595000000000002,0,0,0
7.96,0,0,0
7.9604999999999997,0,0,0
7.9610000000000003,0,0,0
7.9615,0,0,0
7.9619999999999997,0,0,0
7.9625000000000004,0,0,0
7.9630000000000001,0,0,0
7.9634999999999998,0,0,0
7.9640000000000004,0,0,0
7.9645000000000001,0,0,0
7.9649999999999999,0,0,0
7.9654999999999996,0,0,0
7.9660000000000002,0,0,0
7.9664999999999999,0,0,0
7.9669999999999996,0,0,0
7.9675000000000002,0,0,0
7.968,0,0,0
7.9684999999999997,0,0,0
7.9690000000000003,0,0,0
7.9695,0,0,0
7.9699999999999998,0,0,0
7.9705000000000004,0,0,0
7.9710000000000001,0,0,0
7.9714999999999998,0,0,0
7.9720000000000004,0,0,0
7.9725000000000001,0,0,0
7.9729999999999999,0,0,0
7.9734999999999996,0,0,0
7.9740000000000002,0,0,0
7.9744999999999999,0,0,0
7.9749999999999996,0,0,0
7.9755000000000003,0,0,0
7.976,0,0,0
7.9764999999999997,0,0,0
7.9770000000000003,0,0,0
7.9775,0,0,0
7.9779999999999998,0,0,0
7.9785000000000004,0,0,0
7.9790000000000001,0,0,0
7.9794999999999998,0,0,0
7.9800000000000004,0,0,0
7.9805000000000001,0,0,0
7.9809999999999999,0,0,0
7.9814999999999996,0,0,0
7.9820000000000002,0,0,0
7.9824999999999999,0,0,0
7.9829999999999997,0,0,0
7.9835000000000003,0,0,0
7.984,0,0,0
7.9844999999999997,0,0,0
7.9850000000000003,0,0,0
7.9855,0,0,0
7.9859999999999998,0,0,0
7.9865000000000004,0,0,0
7.9870000000000001,0,0,0
7.9874999999999998,0,0,0
7.9880000000000004,0,0,0
7.9885000000000002,0,0,0
7.9889999999999999,0,0,0
7.9894999999999996,0,0,0
7.9900000000000002,0,0,0
7.9904999999999999,0,0,0
7.9909999999999997,0,0,0
7.9915000000000003,0,0,0
7.992,0,0,0
7.9924999999999997,0,0,0
7.9930000000000003,0,0,0
7.9935,0,0,0
7.9939999999999998,0,0,0
7.9945000000000004,0,0,0
7.9950000000000001,0,0,0
7.9954999999999998,0,0,0
7.9960000000000004,0,0,0
7.9965000000000002,0,0,0
7.9969999999999999,0,0,0
7.9974999999999996,0,0,0
7.9980000000000002,0,0,0
7.9984999999999999,0,0,0
7.9989999999999997,0,0,0
7.9995000000000003,0,0,0
8,0,0,0
8.0005000000000006,0,0,0
8.0009999999999994,0,0,0
8.0015000000000001,0,0,0
8.0020000000000007,0,0,0
8.0024999999999995,0,0,0
8.0030000000000001,0,0,0
8.0035000000000007,0,0,0
8.0039999999999996,0,0,0
8.0045000000000002,0,0,0
8.0050000000000008,0,0,0
8.0054999999999996,0,0,0
8.0060000000000002,0,0,0
8.0065000000000008,0,0,0
8.0069999999999997,0,0,0
8.0075000000000003,0,0,0
8.0079999999999991,0,0,0
8.0084999999999997,0,0,0
8.0090000000000003,0,0,0
8.0094999999999992,0,0,0
8.0099999999999998,0,0,0
8.0105000000000004,0,0,0
8.0109999999999992,0,0,0
8.0114999999999998,0,0,0
8.0120000000000005,0,0,0
8.0124999999999993,0,0,0
8.0129999999999999,0,0,0
8.0135000000000005,0,0,0
8.0139999999999993,0,0,0
8.0145,0,0,0
8.0150000000000006,0,0,0
8.0154999999999994,0,0,0
8.016,0,0,0
8.0165000000000006,0,0,0
8.0169999999999995,0,0,0
8.0175000000000001,0,0,0
8.0180000000000007,0,0,0
8.0184999999999995,0,0,0
8.0190000000000001,0,0,0
8.0195000000000007,0,0,0
8.0199999999999996,0,0,0
8.0205000000000002,0,0,0
8.0210000000000008,0,0,0
8.0214999999999996,0,0,0
8.0220000000000002,0,0,0
8.0225000000000009,0,0,0
8.0229999999999997,0,0,0
8.0235000000000003,0,0,0
8.0239999999999991,0,0,0
8.0244999999999997,0,0,0
8.0250000000000004,0,0,0
8.0254999999999992,0,0,0
8.0259999999999998,0,0,0
8.0265000000000004,0,0,0
8.0269999999999992,0,0,0
8.0274999999999999,0,0,0
8.0280000000000005,0,0,0
8.0284999999999993,0,0,0
8.0289999999999999,0,0,0
8.0295000000000005,0,0,0
8.0299999999999994,0,0,0
8.0305,0,0,0
8.0310000000000006,0,0,0
8.0314999999999994,0,0,0
8.032,0,0,0
8.0325000000000006,0,0,0
8.0329999999999995,0,0,0
8.0335000000000001,0,0,0
8.0340000000000007,0,0,0
8.0344999999999995,0,0,0
8.0350000000000001,0,0,0
8.0355000000000008,0,0,0
8.0359999999999996,0,0,0
8.0365000000000002,0,0,0
8.0370000000000008,0,0,0
8.0374999999999996,0,0,0
8.0380000000000003,0,0,0
8.0385000000000009,0,0,0
8.0389999999999997,0,0,0
8.0395000000000003,0,0,0
8.0399999999999991,0,0,0
8.0404999999999998,0,0,0
8.0410000000000004,0,0,0
8.0414999999999992,0,0,0
8.0419999999999998,0,0,0
8.0425000000000004,0,0,0
8.0429999999999993,0,0,0
8.0434999999999999,0,0,0
8.0440000000000005,0,0,0
8.0444999999999993,0,0,0
8.0449999999999999,0,0,0
8.0455000000000005,0,0,0
8.0459999999999994,0,0,0
8.0465,0,0,0
8.0470000000000006,0,0,0
8.0474999999999994,0,0,0
8.048,0,0,0
8.0485000000000007,0,0,0
8.0489999999999995,0,0,0
8.0495000000000001,0,0,0
8.0500000000000007,0,0,0
8.0504999999999995,0,0,0
8.0510000000000002,0,0,0
8.0515000000000008,0,0,0
8.0519999999999996,0,0,0
8.0525000000000002,0,0,0
8.0530000000000008,0,0,0
8.0534999999999997,0,0,0
8.0540000000000003,0,0,0
8.0545000000000009,0,0,0
8.0549999999999997,0,0,0
8.0555000000000003,0,0,0
8.0559999999999992,0,0,0
8.0564999999999998,0,0,0
8.0570000000000004,0,0,0
8.0574999999999992,0,0,0
8.0579999999999998,0,0,0
8.0585000000000004,0,0,0
8.0589999999999993,0,0,0
8.0594999999999999,0,0,0
8.0600000000000005,0,0,0
8.0604999999999993,0,0,0
8.0609999999999999,0,0,0
8.0615000000000006,0,0,0
8.0619999999999994,0,0,0
8.0625,0,0,0
8.0630000000000006,0,0,0
8.0634999999999994,0,0,0
8.0640000000000001,0,0,0
8.0645000000000007,0,0,0
8.0649999999999995,0,0,0
8.0655000000000001,0,0,0
8.0660000000000007,0,0,0
8.0664999999999996,0,0,0
8.0670000000000002,0,0,0
8.0675000000000008,0,0,0
8.0679999999999996,0,0,0
8.0685000000000002,0,0,0
8.0690000000000008,0,0,0
8.0694999999999997,0,0,0
8.0700000000000003,0,0,0
8.0704999999999991,0,0,0
8.0709999999999997,0,0,0
8.0715000000000003,0,0,0
8.0719999999999992,0,0,0
8.0724999999999998,0,0,0
8.0730000000000004,0,0,0
8.0734999999999992,0,0,0
8.0739999999999998,0,0,0
8.0745000000000005,0,0,0
8.0749999999999993,0,0,0
8.0754999999999999,0,0,0
8.0760000000000005,0,0,0
8.0764999999999993,0,0,0
8.077,0,0,0
8.0775000000000006,0,0,0
8.0779999999999994,0,0,0
8.0785,0,0,0
8.0790000000000006,0,0,0
8.0794999999999995,0,0,0
8.0800000000000001,0,0,0
8.0805000000000007,0,0,0
8.0809999999999995,0,0,0
8.0815000000000001,0,0,0
8.0820000000000007,0,0,0
8.0824999999999996,0,0,0
8.0830000000000002,0,0,0
8.0835000000000008,0,0,0
8.0839999999999996,0,0,0
8.0845000000000002,0,0,0
8.0850000000000009,0,0,0
8.0854999999999997,0,0,0
8.0860000000000003,0,0,0
8.0864999999999991,0,0,0
8.0869999999999997,0,0,0
8.0875000000000004,0,0,0
8.0879999999999992,0,0,0
8.0884999999999998,0,0,0
8.0890000000000004,0,0,0
8.0894999999999992,0,0,0
8.0899999999999999,0,0,0
8.0905000000000005,0,0,0
8.0909999999999993,0,0,0
8.0914999999999999,0,0,0
8.0920000000000005,0,0,0
8.0924999999999994,0,0,0
8.093,0,0,0
8.0935000000000006,0,0,0
8.0939999999999994,0,0,0
8.0945,0,0,0
8.0950000000000006,0,0,0
8.0954999999999995,0,0,0
8.0960000000000001,0,0,0
8.0965000000000007,0,0,0
8.0969999999999995,0,0,0
8.0975000000000001,0,0,0
8.0980000000000008,0,0,0
8.0984999999999996,0,0,0
8.0990000000000002,0,0,0
8.0995000000000008,0,0,0
8.0999999999999996,0,0,0
8.1005000000000003,0,0,0
8.1010000000000009,0,0,0
8.1014999999999997,0,0,0
8.1020000000000003,0,0,0
8.1024999999999991,0,0,0
8.1029999999999998,0,0,0
8.1035000000000004,0,0,0
8.1039999999999992,0,0,0
8.1044999999999998,0,0,0
8.1050000000000004,0,0,0
8.1054999999999993,0,0,0
8.1059999999999999,0,0,0
8.1065000000000005,0,0,0
8.1069999999999993,0,0,0
8.1074999999999999,0,0,0
8.1080000000000005,0,0,0
8.1084999999999994,0,0,0
8.109,0,0,0
8.1095000000000006,0,0,0
8.1099999999999994,0,0,0
8.1105,0,0,0
8.1110000000000007,0,0,0
8.1114999999999995,0,0,0
8.1120000000000001,0,0,0
8.1125000000000007,0,0,0
8.1129999999999995,0,0,0
8.1135000000000002,0,0,0
8.1140000000000008,0,0,0
8.1144999999999996,0,0,0
8.1150000000000002,0,0,0
8.1155000000000008,0,0,0
8.1159999999999997,0,0,0
8.1165000000000003,0,0,0
8.1170000000000009,0,0,0
8.1174999999999997,0,0,0
8.1180000000000003,0,0,0
8.1184999999999992,0,0,0
8.1189999999999998,0,0,0
8.1195000000000004,0,0,0
8.1199999999999992,0,0,0
8.1204999999999998,0,0,0
8.1210000000000004,0,0,0
8.1214999999999993,0,0,0
8.1219999999999999,0,0,0
8.1225000000000005,0,0,0
8.1229999999999993,0,0,0
8.1234999999999999,0,0,0
8.1240000000000006,0,0,0
8.1244999999999994,0,0,0
8.125,0,0,0
8.1255000000000006,0,0,0
8.1259999999999994,0,0,0
8.1265000000000001,0,0,0
8.1270000000000007,0,0,0
8.1274999999999995,0,0,0
8.1280000000000001,0,0,0
8.1285000000000007,0,0,0
8.1289999999999996,0,0,0
8.1295000000000002,0,0,0
8.1300000000000008,0,0,0
8.1304999999999996,0,0,0
8.1310000000000002,0,0,0
8.1315000000000008,0,0,0
8.1319999999999997,0,0,0
8.1325000000000003,0,0,0
8.1329999999999991,0,0,0
8.1334999999999997,0,0,0
8.1340000000000003,0,0,0
8.1344999999999992,0,0,0
8.1349999999999998,0,0,0
8.1355000000000004,0,0,0
8.1359999999999992,0,0,0
8.1364999999999998,0,0,0
8.1370000000000005,0,0,0
8.1374999999999993,0,0,0
8.1379999999999999,0,0,0
8.1385000000000005,0,0,0
8.1389999999999993,0,0,0
8.1395,0,0,0
8.1400000000000006,0,0,0
8.1404999999999994,0,0,0
8.141,0,0,0
8.1415000000000006,0,0,0
8.1419999999999995,0,0,0
8.1425000000000001,0,0,0
8.1430000000000007,0,0,0
8.1434999999999995,0,0,0
8.1440000000000001,0,0,0
8.1445000000000007,0,0,0
8.1449999999999996,0,0,0
8.1455000000000002,0,0,0
8.1460000000000008,0,0,0
8.1464999999999996,0,0,0
8.1470000000000002,0,0,0
8.1475000000000009,0,0,0
8.1479999999999997,0,0,0
8.1485000000000003,0,0,0
8.1489999999999991,0,0,0
8.1494999999999997,0,0,0
8.1500000000000004,0,0,0
8.1504999999999992,0,0,0
8.1509999999999998,0,0,0
8.1515000000000004,0,0,0
8.1519999999999992,0,0,0
8.1524999999999999,0,0,0
8.1530000000000005,0,0,0
8.1534999999999993,0,0,0
8.1539999999999999,0,0,0
8.1545000000000005,0,0,0
8.1549999999999994,0,0,0
8.1555,0,0,0
8.1560000000000006,0,0,0
8.1564999999999994,0,0,0
8.157,0,0,0
8.1575000000000006,0,0,0
8.1579999999999995,0,0,0
8.1585000000000001,0,0,0
8.1590000000000007,0,0,0
8.1594999999999995,0,0,0
8.1600000000000001,0,0,0
8.1605000000000008,0,0,0
8.1609999999999996,0,0,0
8.1615000000000002,0,0,0
8.1620000000000008,0,0,0
8.1624999999999996,0,0,0
8.1630000000000003,0,0,0
8.1635000000000009,0,0,0
8.1639999999999997,0,0,0
8.1645000000000003,0,0,0
8.1649999999999991,0,0,0
8.1654999999999998,0,0,0
8.1660000000000004,0,0,0
8.1664999999999992,0,0,0
8.1669999999999998,0,0,0
8.1675000000000004,0,0,0
8.1679999999999993,0,0,0
8.1684999999999999,0,0,0
8.1690000000000005,0,0,0
8.1694999999999993,0,0,0
8.1699999999999999,0,0,0
8.1705000000000005,0,0,0
8.1709999999999994,0,0,0
8.1715,0,0,0
8.1720000000000006,0,0,0
8.1724999999999994,0,0,0
8.173,0,0,0
8.1735000000000007,0,0,0
8.1739999999999995,0,0,0
8.1745000000000001,0,0,0
8.1750000000000007,0,0,0
8.1754999999999995,0,0,0
8.1760000000000002,0,0,0
8.1765000000000008,0,0,0
8.1769999999999996,0,0,0
8.1775000000000002,0,0,0
8.1780000000000008,0,0,0
8.1784999999999997,0,0,0
8.1790000000000003,0,0,0
8.1795000000000009,0,0,0
8.1799999999999997,0,0,0
8.1805000000000003,0,0,0
8.1809999999999992,0,0,0
8.1814999999999998,0,0,0
8.1820000000000004,0,0,0
8.1824999999999992,0,0,0
8.1829999999999998,0,0,0
8.1835000000000004,0,0,0
8.1839999999999993,0,0,0
8.1844999999999999,0,0,0
8.1850000000000005,0,0,0
8.1854999999999993,0,0,0
8.1859999999999999,0,0,0
8.1865000000000006,0,0,0
8.1869999999999994,0,0,0
8.1875,0,0,0
8.1880000000000006,0,0,0
8.1884999999999994,0,0,0
8.1890000000000001,0,0,0
8.1895000000000007,0,0,0
8.1899999999999995,0,0,0
8.1905000000000001,0,0,0
8.1910000000000007,0,0,0
8.1914999999999996,0,0,0
8.1920000000000002,0,0,0
8.1925000000000008,0,0,0
8.1929999999999996,0,0,0
8.1935000000000002,0,0,0
8.1940000000000008,0,0,0
8.1944999999999997,0,0,0
8.1950000000000003,0,0,0
8.1954999999999991,0,0,0
8.1959999999999997,0,0,0
8.1965000000000003,0,0,0
8.1969999999999992,0,0,0
8.1974999999999998,0,0,0
8.1980000000000004,0,0,0
8.1984999999999992,0,0,0
8.1989999999999998,0,0,0
8.1995000000000005,0,0,0
8.1999999999999993,0,0,0
8.2004999999999999,0,0,0
8.2010000000000005,0,0,0
8.2014999999999993,0,0,0
8.202,0,0,0
8.2025000000000006,0,0,0
8.2029999999999994,0,0,0
8.2035,0,0,0
8.2040000000000006,0,0,0
8.2044999999999995,0,0,0
8.2050000000000001,0,0,0
8.2055000000000007,0,0,0
8.2059999999999995,0,0,0
8.2065000000000001,0,0,0
8.2070000000000007,0,0,0
8.2074999999999996,0,0,0
8.2080000000000002,0,0,0
8.2085000000000008,0,0,0
8.2089999999999996,0,0,0
8.2095000000000002,0,0,0
8.2100000000000009,0,0,0
8.2104999999999997,0,0,0
8.2110000000000003,0,0,0
8.2114999999999991,0,0,0
8.2119999999999997,0,0,0
8.2125000000000004,0,0,0
8.2129999999999992,0,0,0
8.2134999999999998,0,0,0
8.2140000000000004,0,0,0
8.2144999999999992,0,0,0
8.2149999999999999,0,0,0
8.2155000000000005,0,0,0
8.2159999999999993,0,0,0
8.2164999999999999,0,0,0
8.2170000000000005,0,0,0
8.2174999999999994,0,0,0
8.218,0,0,0
8.2185000000000006,0,0,0
8.2189999999999994,0,0,0
8.2195,0,0,0
8.2200000000000006,0,0,0
8.2204999999999995,0,0,0
8.2210000000000001,0,0,0
8.2215000000000007,0,0,0
8.2219999999999995,0,0,0
8.2225000000000001,0,0,0
8.2230000000000008,0,0,0
8.2234999999999996,0,0,0
8.2240000000000002,0,0,0
8.2245000000000008,0,0,0
8.2249999999999996,0,0,0
8.2255000000000003,0,0,0
8.2260000000000009,0,0,0
8.2264999999999997,0,0,0
8.2270000000000003,0,0,0
8.2274999999999991,0,0,0
8.2279999999999998,0,0,0
8.2285000000000004,0,0,0
8.2289999999999992,0,0,0
8.2294999999999998,0,0,0
8.2300000000000004,0,0,0
8.2304999999999993,0,0,0
8.2309999999999999,0,0,0
8.2315000000000005,0,0,0
8.2319999999999993,0,0,0
8.2324999999999999,0,0,0
8.2330000000000005,0,0,0
8.2334999999999994,0,0,0
8.234,0,0,0
8.2345000000000006,0,0,0
8.2349999999999994,0,0,0
8.2355,0,0,0
8.2360000000000007,0,0,0
8.2364999999999995,0,0,0
8.2370000000000001,0,0,0
8.2375000000000007,0,0,0
8.2379999999999995,0,0,0
8.2385000000000002,0,0,0
8.2390000000000008,0,0,0
8.2394999999999996,0,0,0
8.2400000000000002,0,0,0
8.2405000000000008,0,0,0
8.2409999999999997,0,0,0
8.2415000000000003,0,0,0
8.2420000000000009,0,0,0
8.2424999999999997,0,0,0
8.2430000000000003,0,0,0
8.2434999999999992,0,0,0
8.2439999999999998,0,0,0
8.2445000000000004,0,0,0
8.2449999999999992,0,0,0
8.2454999999999998,0,0,0
8.2460000000000004,0,0,0
8.2464999999999993,0,0,0
8.2469999999999999,0,0,0
8.2475000000000005,0,0,0
8.2479999999999993,0,0,0
8.2484999999999999,0,0,0
8.2490000000000006,0,0,0
8.2494999999999994,0,0,0
8.25,0,0,0
8.2505000000000006,0,0,0
8.2509999999999994,0,0,0
8.2515000000000001,0,0,0
8.2520000000000007,0,0,0
8.2524999999999995,0,0,0
8.2530000000000001,0,0,0
8.2535000000000007,0,0,0
8.2539999999999996,0,0,0
8.2545000000000002,0,0,0
8.2550000000000008,0,0,0
8.2554999999999996,0,0,0
8.2560000000000002,0,0,0
8.2565000000000008,0,0,0
8.2569999999999997,0,0,0
8.2575000000000003,0,0,0
8.2579999999999991,0,0,0
8.2584999999999997,0,0,0
8.2590000000000003,0,0,0
8.2594999999999992,0,0,0
8.2599999999999998,0,0,0
8.2605000000000004,0,0,0
8.2609999999999992,0,0,0
8.2614999999999998,0,0,0
8.2620000000000005,0,0,0
8.2624999999999993,0,0,0
8.2629999999999999,0,0,0
8.2635000000000005,0,0,0
8.2639999999999993,0,0,0
8.2645,0,0,0
8.2650000000000006,0,0,0
8.2654999999999994,0,0,0
8.266,0,0,0
8.2665000000000006,0,0,0
8.2669999999999995,0,0,1
8.2675000000000001,0,0,1
8.2680000000000007,0,0,0
8.2684999999999995,0,0,0
8.2690000000000001,0,0,0
8.2695000000000007,0,0,0
8.2699999999999996,0,0,0
8.2705000000000002,0,0,0
8.2710000000000008,0,0,0
8.2714999999999996,0,0,0
8.2720000000000002,0,0,0
8.2725000000000009,0,0,0
8.2729999999999997,0,0,0
8.2735000000000003,0,0,0
8.2739999999999991,0,0,0
8.2744999999999997,0,0,0
8.2750000000000004,0,0,0
8.2754999999999992,0,0,0
8.2759999999999998,0,0,0
8.2765000000000004,0,0,0
8.2769999999999992,0,0,0
8.2774999999999999,0,0,0
8.2780000000000005,0,0,0
8.2784999999999993,0,0,0
8.2789999999999999,0,0,0
8.2795000000000005,0,0,0
8.2799999999999994,0,0,0
8.2805,0,0,0
8.2810000000000006,0,0,0
8.2814999999999994,0,0,0
8.282,0,0,0
8.2825000000000006,0,0,0
8.2829999999999995,0,0,0
8.2835000000000001,0,0,0
8.2840000000000007,0,0,0
8.2844999999999995,0,0,0
8.2850000000000001,0,0,0
8.2855000000000008,0,0,0
8.2859999999999996,0,0,0
8.2865000000000002,0,0,0
8.2870000000000008,0,0,0
8.2874999999999996,0,0,0
8.2880000000000003,0,0,0
8.2885000000000009,0,0,0
8.2889999999999997,0,0,0
8.2895000000000003,0,0,0
8.2899999999999991,0,0,0
8.2904999999999998,0,0,0
8.2910000000000004,0,0,0
8.2914999999999992,0,0,0
8.2919999999999998,0,0,0
8.2925000000000004,0,0,0
8.2929999999999993,0,0,0
8.2934999999999999,0,0,0
8.2940000000000005,0,0,0
8.2944999999999993,0,0,0
8.2949999999999999,0,0,0
8.2955000000000005,0,0,0
8.2959999999999994,0,0,0
8.2965,0,0,0
8.2970000000000006,0,0,0
8.2974999999999994,0,0,0
8.298,0,0,0
8.2985000000000007,0,0,0
8.2989999999999995,0,0,0
8.2995000000000001,0,0,0
8.3000000000000007,0,0,0
8.3004999999999995,0,0,0
8.3010000000000002,0,0,0
8.3015000000000008,0,0,0
8.3019999999999996,0,0,0
8.3025000000000002,0,0,0
8.3030000000000008,0,0,0
8.3034999999999997,0,0,0
8.3040000000000003,0,1,0
8.3045000000000009,0,1,0
8.3049999999999997,0,0,0
8.3055000000000003,0,0,0
8.3059999999999992,0,0,0
8.3064999999999998,0,0,0
8.3070000000000004,0,0,0
8.3074999999999992,0,0,0
8.3079999999999998,0,0,0
8.3085000000000004,0,0,0
8.3089999999999993,0,0,0
8.3094999999999999,0,0,0
8.3100000000000005,0,0,0
8.3104999999999993,0,0,0
8.3109999999999999,0,0,0
8.3115000000000006,0,0,0
8.3119999999999994,0,0,0
8.3125,0,0,0
8.3130000000000006,0,0,0
8.3134999999999994,0,0,0
8.3140000000000001,0,0,0
8.3145000000000007,0,0,0
8.3149999999999995,0,0,0
8.3155000000000001,0,0,0
8.3160000000000007,0,0,0
8.3164999999999996,0,0,0
8.3170000000000002,0,0,0
8.3175000000000008,0,0,0
8.3179999999999996,0,0,0
8.3185000000000002,0,0,0
8.3190000000000008,0,0,0
8.3194999999999997,0,0,0
8.3200000000000003,0,0,0
8.3204999999999991,0,1,0
8.3209999999999997,0,1,0
8.3215000000000003,0,0,0
8.3219999999999992,0,0,0
8.3224999999999998,0,0,0
8.3230000000000004,0,0,0
8.3234999999999992,0,0,0
8.3239999999999998,0,0,0
8.3245000000000005,0,0,0
8.3249999999999993,0,0,0
8.3254999999999999,0,0,0
8.3260000000000005,0,0,0
8.3264999999999993,0,0,0
8.327,0,0,0
8.3275000000000006,0,0,0
8.3279999999999994,0,0,0
8.3285,0,0,0
8.3290000000000006,0,0,0
8.3294999999999995,0,0,0
8.3300000000000001,0,0,0
8.3305000000000007,0,0,0
8.3309999999999995,0,0,0
8.3315000000000001,0,0,0
8.3320000000000007,0,0,0
8.3324999999999996,0,0,0
8.3330000000000002,0,0,0
8.3335000000000008,0,0,0
8.3339999999999996,0,0,0
8.3345000000000002,0,0,0
8.3350000000000009,0,0,0
8.3354999999999997,0,0,0
8.3360000000000003,0,0,0
8.3364999999999991,0,0,0
8.3369999999999997,0,0,0
8.3375000000000004,0,0,0
8.3379999999999992,0,1,0
8.3384999999999998,0,1,0
8.3390000000000004,0,0,0
8.3394999999999992,0,0,0
8.3399999999999999,0,0,0
8.3405000000000005,0,0,0
8.3409999999999993,0,0,0
8.3414999999999999,0,0,0
8.3420000000000005,0,0,0
8.3424999999999994,0,0,0
8.343,0,0,0
8.3435000000000006,0,0,0
8.3439999999999994,0,0,0
8.3445,0,0,0
8.3450000000000006,0,0,0
8.3454999999999995,0,0,0
8.3460000000000001,0,0,0
8.3465000000000007,0,0,0
8.3469999999999995,0,0,0
8.3475000000000001,0,0,0
8.3480000000000008,0,0,0
8.3484999999999996,0,0,0
8.3490000000000002,0,0,0
8.3495000000000008,0,0,0
8.3499999999999996,0,0,0
8.3505000000000003,0,0,0
8.3510000000000009,0,0,0
8.3514999999999997,0,0,0
8.3520000000000003,0,0,0
8.3524999999999991,0,0,0
8.3529999999999998,0,0,0
8.3535000000000004,0,0,0
8.3539999999999992,0,0,0
8.3544999999999998,0,0,0
8.3550000000000004,0,0,0
8.3554999999999993,0,0,0
8.3559999999999999,0,0,0
8.3565000000000005,0,0,0
8.3569999999999993,0,0,0
8.3574999999999999,0,0,0
8.3580000000000005,0,0,0
8.3584999999999994,0,0,0
8.359,0,0,0
8.3595000000000006,0,0,0
8.3599999999999994,0,0,0
8.3605,0,0,0
8.3610000000000007,0,0,0
8.3614999999999995,0,0,0
8.3620000000000001,0,1,0
8.3625000000000007,0,1,0
8.3629999999999995,0,0,0
8.3635000000000002,0,0,0
8.3640000000000008,0,0,0
8.3644999999999996,0,0,0
8.3650000000000002,0,0,0
8.3655000000000008,0,0,0
8.3659999999999997,0,0,0
8.3665000000000003,0,0,0
8.3670000000000009,0,0,0
8.3674999999999997,0,0,0
8.3680000000000003,0,0,0
8.3684999999999992,0,0,0
8.3689999999999998,0,0,0
8.3695000000000004,0,0,0
8.3699999999999992,0,0,0
8.3704999999999998,0,0,0
8.3710000000000004,0,0,0
8.3714999999999993,0,0,0
8.3719999999999999,0,0,0
8.3725000000000005,0,0,0
8.3729999999999993,0,0,0
8.3734999999999999,0,0,0
8.3740000000000006,0,0,0
8.3744999999999994,0,0,0
8.375,0,0,0
8.3755000000000006,0,0,0
8.3759999999999994,0,0,0
8.3765000000000001,0,0,0
8.3770000000000007,0,0,0
8.3774999999999995,0,0,0
8.3780000000000001,0,0,0
8.3785000000000007,0,0,0
8.3789999999999996,0,0,0
8.3795000000000002,0,0,0
8.3800000000000008,0,0,0
8.3804999999999996,0,0,0
8.3810000000000002,0,0,0
8.3815000000000008,0,0,0
8.3819999999999997,0,0,0
8.3825000000000003,0,0,0
8.3829999999999991,0,0,0
8.3834999999999997,0,0,0
8.3840000000000003,0,0,0
8.3844999999999992,0,0,0
8.3849999999999998,0,0,0
8.3855000000000004,0,0,0
8.3859999999999992,0,0,0
8.3864999999999998,0,0,0
8.3870000000000005,0,0,0
8.3874999999999993,0,0,0
8.3879999999999999,0,0,0
8.3885000000000005,0,0,0
8.3889999999999993,0,0,0
8.3895,0,0,0
8.3900000000000006,0,0,0
8.3904999999999994,0,0,0
8.391,0,0,0
8.3915000000000006,0,0,0
8.3919999999999995,0,0,0
8.3925000000000001,0,0,0
8.3930000000000007,0,0,0
8.3934999999999995,0,0,0
8.3940000000000001,0,0,0
8.3945000000000007,0,0,0
8.3949999999999996,0,0,0
8.3955000000000002,0,0,0
8.3960000000000008,0,0,0
8.3964999999999996,0,0,0
8.3970000000000002,0,0,0
8.3975000000000009,0,0,0
8.3979999999999997,0,0,0
8.3985000000000003,0,0,0
8.3989999999999991,0,0,0
8.3994999999999997,0,0,0
8.4000000000000004,0,0,0
8.4004999999999992,0,0,0
8.4009999999999998,0,0,0
8.4015000000000004,0,0,0
8.4019999999999992,0,0,0
8.4024999999999999,0,0,0
8.4030000000000005,0,0,0
8.4034999999999993,0,0,0
8.4039999999999999,0,0,0
8.4045000000000005,0,0,0
8.4049999999999994,0,0,0
8.4055,0,0,0
8.4060000000000006,0,0,0
8.4064999999999994,0,0,0
8.407,0,0,0
8.4075000000000006,0,0,0
8.4079999999999995,0,0,0
8.4085000000000001,0,0,0
8.4090000000000007,0,0,0
8.4094999999999995,0,0,0
8.4100000000000001,0,0,0
8.4105000000000008,0,0,0
8.4109999999999996,0,0,0
8.4115000000000002,0,0,0
8.4120000000000008,0,0,0
8.4124999999999996,0,0,0
8.4130000000000003,0,0,0
8.4135000000000009,0,0,0
8.4139999999999997,0,0,0
8.4145000000000003,0,0,0
8.4149999999999991,0,0,0
8.4154999999999998,0,0,0
8.4160000000000004,0,0,0
8.4164999999999992,0,0,0
8.4169999999999998,0,0,0
8.4175000000000004,0,0,0
8.4179999999999993,0,0,0
8.4184999999999999,0,0,0
8.4190000000000005,0,0,0
8.4194999999999993,0,0,0
8.4199999999999999,0,0,0
8.4205000000000005,0,0,0
8.4209999999999994,0,0,0
8.4215,0,0,0
8.4220000000000006,0,0,0
8.4224999999999994,0,0,0
8.423,0,0,0
8.4235000000000007,0,0,0
8.4239999999999995,0,0,0
8.4245000000000001,0,0,0
8.4250000000000007,0,0,0
8.4254999999999995,0,0,0
8.4260000000000002,0,0,0
8.4265000000000008,0,0,0
8.4269999999999996,0,0,0
8.4275000000000002,0,0,0
8.4280000000000008,0,0,0
8.4284999999999997,0,0,0
8.4290000000000003,0,0,0
8.4295000000000009,0,0,0
8.4299999999999997,0,0,0
8.4305000000000003,0,0,0
8.4309999999999992,0,0,0
8.4314999999999998,0,0,0
8.4320000000000004,0,0,0
8.4324999999999992,0,0,0
8.4329999999999998,0,0,0
8.4335000000000004,0,0,0
8.4339999999999993,0,0,0
8.4344999999999999,0,0,0
8.4350000000000005,0,0,0
8.4354999999999993,0,0,0
8.4359999999999999,0,0,0
8.4365000000000006,0,0,0
8.4369999999999994,0,0,0
8.4375,0,0,0
8.4380000000000006,0,0,0
8.4384999999999994,0,0,0
8.4390000000000001,0,0,0
8.4395000000000007,0,0,0
8.4399999999999995,0,0,0
8.4405000000000001,0,0,0
8.4410000000000007,0,0,0
8.4414999999999996,0,0,0
8.4420000000000002,0,0,0
8.4425000000000008,0,0,0
8.4429999999999996,0,0,0
8.4435000000000002,0,0,0
8.4440000000000008,0,0,0
8.4444999999999997,0,0,0
8.4450000000000003,0,0,0
8.4454999999999991,0,0,0
8.4459999999999997,0,0,0
8.4465000000000003,0,0,0
8.4469999999999992,0,0,0
8.4474999999999998,0,0,0
8.4480000000000004,0,0,0
8.4484999999999992,0,0,0
8.4489999999999998,0,0,0
8.4495000000000005,0,0,0
8.4499999999999993,0,0,0
8.4504999999999999,0,0,0
8.4510000000000005,0,0,0
8.4514999999999993,0,0,0
8.452,0,0,0
8.4525000000000006,0,0,0
8.4529999999999994,0,0,0
8.4535,0,0,0
8.4540000000000006,0,0,0
8.4544999999999995,0,0,0
8.4550000000000001,0,0,0
8.4555000000000007,0,0,0
8.4559999999999995,0,0,0
8.4565000000000001,0,0,0
8.4570000000000007,0,0,0
8.4574999999999996,0,0,0
8.4580000000000002,0,0,0
8.4585000000000008,0,0,0
8.4589999999999996,0,0,0
8.4595000000000002,0,0,0
8.4600000000000009,0,0,0
8.4604999999999997,0,0,0
8.4610000000000003,0,0,0
8.4614999999999991,0,0,0
8.4619999999999997,0,0,0
8.4625000000000004,0,0,0
8.4629999999999992,0,0,0
8.4634999999999998,0,0,0
8.4640000000000004,0,0,0
8.4644999999999992,0,0,0
8.4649999999999999,0,0,0
8.4655000000000005,0,0,0
8.4659999999999993,0,0,0
8.4664999999999999,0,0,0
8.4670000000000005,0,0,0
8.4674999999999994,0,0,0
8.468,0,0,0
8.4685000000000006,0,0,0
8.4689999999999994,0,0,0
8.4695,0,0,0
8.4700000000000006,0,0,0
8.4704999999999995,0,0,0
8.4710000000000001,0,0,0
8.4715000000000007,0,0,0
8.4719999999999995,0,0,0
8.4725000000000001,0,0,0
8.4730000000000008,0,0,0
8.4734999999999996,0,0,0
8.4740000000000002,0,0,0
8.4745000000000008,0,0,0
8.4749999999999996,0,0,0
8.4755000000000003,0,0,0
8.4760000000000009,0,0,0
8.4764999999999997,0,0,0
8.4770000000000003,0,0,0
8.4774999999999991,0,0,0
8.4779999999999998,0,0,0
8.4785000000000004,0,0,0
8.4789999999999992,0,0,0
8.4794999999999998,0,0,0
8.4800000000000004,0,0,0
8.4804999999999993,0,0,0
8.4809999999999999,0,0,0
8.4815000000000005,0,0,0
8.4819999999999993,0,0,0
8.4824999999999999,0,0,0
8.4830000000000005,0,0,0
8.4834999999999994,0,0,0
8.484,0,0,0
8.4845000000000006,0,0,0
8.4849999999999994,0,0,0
8.4855,0,0,0
8.4860000000000007,0,0,0
8.4864999999999995,0,0,0
8.4870000000000001,0,0,0
8.4875000000000007,0,0,0
8.4879999999999995,0,0,0
8.4885000000000002,0,0,0
8.4890000000000008,0,0,0
8.4894999999999996,0,0,0
8.4900000000000002,0,0,0
8.4905000000000008,0,0,0
8.4909999999999997,0,0,0
8.4915000000000003,0,0,0
8.4920000000000009,0,0,0
8.4924999999999997,0,0,0
8.4930000000000003,0,0,0
8.4934999999999992,0,0,0
8.4939999999999998,0,0,0
8.4945000000000004,0,0,0
8.4949999999999992,0,0,0
8.4954999999999998,0,0,0
8.4960000000000004,0,0,0
8.4964999999999993,0,0,0
8.4969999999999999,0,0,0
8.4975000000000005,0,0,0
8.4979999999999993,0,0,0
8.4984999999999999,0,0,0
8.4990000000000006,0,0,0
8.4994999999999994,0,0,0
8.5,0,0,0
8.5005000000000006,0,0,0
8.5009999999999994,0,0,0
8.5015000000000001,0,0,0
8.5020000000000007,0,0,0
8.5024999999999995,0,0,0
8.5030000000000001,0,0,0
8.5035000000000007,0,0,0
8.5039999999999996,0,0,0
8.5045000000000002,0,0,0
8.5050000000000008,0,0,0
8.5054999999999996,0,0,0
8.5060000000000002,0,0,0
8.5065000000000008,0,0,0
8.5069999999999997,0,0,0
8.5075000000000003,0,0,0
8.5079999999999991,0,0,0
8.5084999999999997,0,0,0
8.5090000000000003,0,0,0
8.5094999999999992,0,0,0
8.5099999999999998,0,0,0
8.5105000000000004,0,0,0
8.5109999999999992,0,0,0
8.5114999999999998,0,0,0
8.5120000000000005,0,0,0
8.5124999999999993,0,0,0
8.5129999999999999,0,0,0
8.5135000000000005,0,0,0
8.5139999999999993,0,0,0
8.5145,0,0,0
8.5150000000000006,0,0,0
8.5154999999999994,0,0,0
8.516,0,0,0
8.5165000000000006,0,0,0
8.5169999999999995,0,0,0
8.5175000000000001,0,0,0
8.5180000000000007,0,0,0
8.5184999999999995,0,0,0
8.5190000000000001,0,0,0
8.5195000000000007,0,0,0
8.5199999999999996,0,0,0
8.5205000000000002,0,0,0
8.5210000000000008,0,0,0
8.5214999999999996,0,0,0
8.5220000000000002,0,0,0
8.5225000000000009,0,0,0
8.5229999999999997,0,0,0
8.5235000000000003,0,0,0
8.5239999999999991,0,0,0
8.5244999999999997,0,0,0
8.5250000000000004,0,0,0
8.5254999999999992,0,0,0
8.5259999999999998,0,0,0
8.5265000000000004,0,0,0
8.5269999999999992,0,0,0
8.5274999999999999,0,0,0
8.5280000000000005,0,0,0
8.5284999999999993,0,0,0
8.5289999999999999,0,0,0
8.5295000000000005,0,0,0
8.5299999999999994,0,0,0
8.5305,0,0,0
8.5310000000000006,0,0,0
8.5314999999999994,0,0,0
8.532,0,0,0
8.5325000000000006,0,0,0
8.5329999999999995,0,0,0
8.5335000000000001,0,0,0
8.5340000000000007,0,0,0
8.5344999999999995,0,0,0
8.5350000000000001,0,0,0
8.5355000000000008,0,0,0
8.5359999999999996,0,0,0
8.5365000000000002,0,0,0
8.5370000000000008,0,0,0
8.5374999999999996,0,0,0
8.5380000000000003,0,0,0
8.5385000000000009,0,0,0
8.5389999999999997,0,0,0
8.5395000000000003,0,0,0
8.5399999999999991,0,0,0
8.5404999999999998,0,0,0
8.5410000000000004,0,0,0
8.5414999999999992,0,0,0
8.5419999999999998,0,0,0
8.5425000000000004,0,0,0
8.5429999999999993,0,0,0
8.5434999999999999,0,0,0
8.5440000000000005,0,0,0
8.5444999999999993,0,0,0
8.5449999999999999,0,0,0
8.5455000000000005,0,0,0
8.5459999999999994,0,0,0
8.5465,0,0,0
8.5470000000000006,0,0,0
8.5474999999999994,0,0,0
8.548,0,0,0
8.5485000000000007,0,0,0
8.5489999999999995,0,0,0
8.5495000000000001,0,0,0
8.5500000000000007,0,0,0
8.5504999999999995,0,0,0
8.5510000000000002,0,0,0
8.5515000000000008,0,0,0
8.5519999999999996,0,0,0
8.5525000000000002,0,0,0
8.5530000000000008,0,0,0
8.5534999999999997,0,0,0
8.5540000000000003,0,0,0
8.5545000000000009,0,0,0
8.5549999999999997,0,0,0
8.5555000000000003,0,0,0
8.5559999999999992,0,0,0
8.5564999999999998,0,0,0
8.5570000000000004,0,0,0
8.5574999999999992,0,0,0
8.5579999999999998,0,0,0
8.5585000000000004,0,0,0
8.5589999999999993,0,0,0
8.5594999999999999,0,0,0
8.5600000000000005,0,0,0
8.5604999999999993,0,0,0
8.5609999999999999,0,0,0
8.5615000000000006,0,0,0
8.5619999999999994,0,0,0
8.5625,0,0,0
8.5630000000000006,0,0,0
8.5634999999999994,0,0,0
8.5640000000000001,0,0,0
8.5645000000000007,0,0,0
8.5649999999999995,0,0,0
8.5655000000000001,0,0,0
8.5660000000000007,0,0,0
8.5664999999999996,0,0,0
8.5670000000000002,0,0,0
8.5675000000000008,0,0,0
8.5679999999999996,0,0,0
8.5685000000000002,0,0,0
8.5690000000000008,0,0,0
8.5694999999999997,0,0,0
8.5700000000000003,0,0,0
8.5704999999999991,0,0,0
8.5709999999999997,0,0,0
8.5715000000000003,0,0,0
8.5719999999999992,0,0,0
8.5724999999999998,0,0,0
8.5730000000000004,0,0,0
8.5734999999999992,0,0,0
8.5739999999999998,0,0,0
8.5745000000000005,0,0,0
8.5749999999999993,0,0,0
8.5754999999999999,0,0,0
8.5760000000000005,0,0,0
8.5764999999999993,0,0,0
8.577,0,0,0
8.5775000000000006,0,0,0
8.5779999999999994,0,0,0
8.5785,0,0,0
8.5790000000000006,0,0,0
8.5794999999999995,0,0,0
8.5800000000000001,0,0,0
8.5805000000000007,0,0,0
8.5809999999999995,0,0,0
8.5815000000000001,0,0,0
8.5820000000000007,0,0,0
8.5824999999999996,0,0,0
8.5830000000000002,0,0,0
8.5835000000000008,0,0,0
8.5839999999999996,0,0,0
8.5845000000000002,0,0,0
8.5850000000000009,0,0,0
8.5854999999999997,0,0,0
8.5860000000000003,0,0,0
8.5864999999999991,0,0,0
8.5869999999999997,0,0,0
8.5875000000000004,0,0,0
8.5879999999999992,0,0,0
8.5884999999999998,0,0,0
8.5890000000000004,0,0,0
8.5894999999999992,0,0,0
8.5899999999999999,0,0,0
8.5905000000000005,0,0,0
8.5909999999999993,0,0,0
8.5914999999999999,0,0,0
8.5920000000000005,0,0,0
8.5924999999999994,0,0,0
8.593,0,0,0
8.5935000000000006,0,0,0
8.5939999999999994,0,0,0
8.5945,0,0,0
8.5950000000000006,0,0,0
8.5954999999999995,0,0,0
8.5960000000000001,0,0,0
8.5965000000000007,0,0,0
8.5969999999999995,0,0,0
8.5975000000000001,0,0,0
8.5980000000000008,0,0,0
8.5984999999999996,0,0,0
8.5990000000000002,0,0,0
8.5995000000000008,0,0,0
8.5999999999999996,0,0,0
8.6005000000000003,0,0,0
8.6010000000000009,0,0,0
8.6014999999999997,0,0,0
8.6020000000000003,0,0,0
8.6024999999999991,0,0,0
8.6029999999999998,0,0,0
8.6035000000000004,0,0,0
8.6039999999999992,0,0,0
8.6044999999999998,0,0,0
8.6050000000000004,0,0,0
8.6054999999999993,0,0,0
8.6059999999999999,0,0,0
8.6065000000000005,0,0,0
8.6069999999999993,0,0,0
8.6074999999999999,0,0,0
8.6080000000000005,0,0,0
8.6084999999999994,0,0,0
8.609,0,0,0
8.6095000000000006,0,0,0
8.6099999999999994,0,0,0
8.6105,0,0,0
8.6110000000000007,0,0,0
8.6114999999999995,0,0,0
8.6120000000000001,0,0,0
8.6125000000000007,0,0,0
8.6129999999999995,0,0,0
8.6135000000000002,0,0,0
8.6140000000000008,0,0,0
8.6144999999999996,0,0,0
8.6150000000000002,0,0,0
8.6155000000000008,0,0,0
8.6159999999999997,0,0,0
8.6165000000000003,0,0,0
8.6170000000000009,0,0,0
8.6174999999999997,0,0,0
8.6180000000000003,0,0,0
8.6184999999999992,0,0,0
8.6189999999999998,0,0,0
8.6195000000000004,0,0,0
8.6199999999999992,0,0,0
8.6204999999999998,0,0,0
8.6210000000000004,0,0,0
8.6214999999999993,0,0,0
8.6219999999999999,0,0,0
8.6225000000000005,0,0,0
8.6229999999999993,0,0,0
8.6234999999999999,0,0,0
8.6240000000000006,0,0,0
8.6244999999999994,0,0,0
8.625,0,0,0
8.6255000000000006,0,0,0
8.6259999999999994,0,0,0
8.6265000000000001,0,0,0
8.6270000000000007,0,0,0
8.6274999999999995,0,0,0
8.6280000000000001,0,0,0
8.6285000000000007,0,0,0
8.6289999999999996,0,0,0
8.6295000000000002,0,0,0
8.6300000000000008,0,0,0
8.6304999999999996,0,0,0
8.6310000000000002,0,0,0
8.6315000000000008,0,0,0
8.6319999999999997,0,0,0
8.6325000000000003,0,0,0
8.6329999999999991,0,0,0
8.6334999999999997,0,0,0
8.6340000000000003,0,0,0
8.6344999999999992,0,0,0
8.6349999999999998,0,0,0
8.6355000000000004,0,0,0
8.6359999999999992,0,0,0
8.6364999999999998,0,0,0
8.6370000000000005,0,0,0
8.6374999999999993,0,0,0
8.6379999999999999,0,0,0
8.6385000000000005,0,0,0
8.6389999999999993,0,0,0
8.6395,0,0,0
8.6400000000000006,0,0,0
8.6404999999999994,0,0,0
8.641,0,0,0
8.6415000000000006,0,0,0
8.6419999999999995,0,0,0
8.6425000000000001,0,0,0
8.6430000000000007,0,0,0
8.6434999999999995,0,0,0
8.6440000000000001,0,0,0
8.6445000000000007,0,0,0
8.6449999999999996,0,0,0
8.6455000000000002,0,0,0
8.6460000000000008,0,0,0
8.6464999999999996,0,0,0
8.6470000000000002,0,0,0
8.6475000000000009,0,0,0
8.6479999999999997,0,0,0
8.6485000000000003,0,0,0
8.6489999999999991,0,0,0
8.6494999999999997,0,0,0
8.6500000000000004,0,0,0
8.6504999999999992,0,0,0
8.6509999999999998,0,0,0
8.6515000000000004,0,0,0
8.6519999999999992,0,0,0
8.6524999999999999,0,0,0
8.6530000000000005,0,0,0
8.6534999999999993,0,0,0
8.6539999999999999,0,0,0
8.6545000000000005,0,0,0
8.6549999999999994,0,0,0
8.6555,0,0,0
8.6560000000000006,0,0,0
8.6564999999999994,0,0,0
8.657,0,0,0
8.6575000000000006,0,0,0
8.6579999999999995,0,0,0
8.6585000000000001,0,0,0
8.6590000000000007,0,0,0
8.6594999999999995,0,0,0
8.6600000000000001,0,0,0
8.6605000000000008,0,0,0
8.6609999999999996,0,0,0
8.6615000000000002,0,0,0
8.6620000000000008,0,0,0
8.6624999999999996,0,0,0
8.6630000000000003,0,0,0
8.6635000000000009,0,0,0
8.6639999999999997,0,0,0
8.6645000000000003,0,0,0
8.6649999999999991,0,0,0
8.6654999999999998,0,0,0
8.6660000000000004,0,0,0
8.6664999999999992,0,0,0
8.6669999999999998,0,0,0
8.6675000000000004,0,0,0
8.6679999999999993,0,0,0
8.6684999999999999,0,0,0
8.6690000000000005,0,0,0
8.6694999999999993,0,0,0
8.6699999999999999,0,0,0
8.6705000000000005,0,0,0
8.6709999999999994,0,0,0
8.6715,0,0,0
8.6720000000000006,0,0,0
8.6724999999999994,0,0,0
8.673,0,0,0
8.6735000000000007,0,0,0
8.6739999999999995,0,0,0
8.6745000000000001,0,0,0
8.6750000000000007,0,0,0
8.6754999999999995,0,0,0
8.6760000000000002,0,0,0
8.6765000000000008,0,0,0
8.6769999999999996,0,0,0
8.6775000000000002,0,0,0
8.6780000000000008,0,0,0
8.6784999999999997,0,0,0
8.6790000000000003,0,0,0
8.6795000000000009,0,0,0
8.6799999999999997,0,0,0
8.6805000000000003,0,0,0
8.6809999999999992,0,0,0
8.6814999999999998,0,0,0
8.6820000000000004,0,0,0
8.6824999999999992,0,0,0
8.6829999999999998,0,0,0
8.6835000000000004,0,0,0
8.6839999999999993,0,0,0
8.6844999999999999,0,0,0
8.6850000000000005,0,0,0
8.6854999999999993,0,0,0
8.6859999999999999,0,0,0
8.6865000000000006,0,0,0
8.6869999999999994,0,0,0
8.6875,0,0,0
8.6880000000000006,0,0,0
8.6884999999999994,0,0,0
8.6890000000000001,0,0,0
8.6895000000000007,0,0,0
8.6899999999999995,0,0,0
8.6905000000000001,0,0,0
8.6910000000000007,0,0,0
8.6914999999999996,0,0,0
8.6920000000000002,0,0,0
8.6925000000000008,0,0,0
8.6929999999999996,0,0,0
8.6935000000000002,0,0,0
8.6940000000000008,0,0,0
8.6944999999999997,0,0,0
8.6950000000000003,0,0,0
8.6954999999999991,0,0,0
8.6959999999999997,0,0,0
8.6965000000000003,0,0,0
8.6969999999999992,0,0,0
8.6974999999999998,0,0,0
8.6980000000000004,0,0,0
8.6984999999999992,0,0,0
8.6989999999999998,0,0,0
8.6995000000000005,0,0,0
8.6999999999999993,0,0,0
8.7004999999999999,0,0,0
8.7010000000000005,0,0,0
8.7014999999999993,0,0,0
8.702,0,0,0
8.7025000000000006,0,0,0
8.7029999999999994,0,0,0
8.7035,0,0,0
8.7040000000000006,0,0,0
8.7044999999999995,0,0,0
8.7050000000000001,0,0,0
8.7055000000000007,0,0,0
8.7059999999999995,0,0,0
8.7065000000000001,0,0,0
8.7070000000000007,0,0,0
8.7074999999999996,0,0,0
8.7080000000000002,0,0,0
8.7085000000000008,0,0,0
8.7089999999999996,0,0,0
8.7095000000000002,0,0,0
8.7100000000000009,0,0,0
8.7104999999999997,0,0,0
8.7110000000000003,0,0,0
8.7114999999999991,0,0,0
8.7119999999999997,0,0,0
8.7125000000000004,0,0,0
8.7129999999999992,0,0,0
8.7134999999999998,0,0,0
8.7140000000000004,0,0,0
8.7144999999999992,0,0,0
8.7149999999999999,0,0,0
8.7155000000000005,0,0,0
8.7159999999999993,0,0,0
8.7164999999999999,0,0,0
8.7170000000000005,0,0,0
8.7174999999999994,0,0,0
8.718,0,0,0
8.7185000000000006,0,0,0
8.7189999999999994,0,0,0
8.7195,0,0,0
8.7200000000000006,0,0,0
8.7204999999999995,0,0,0
8.7210000000000001,0,0,0
8.7215000000000007,0,0,0
8.7219999999999995,0,0,0
8.7225000000000001,0,0,0
8.7230000000000008,0,0,0
8.7234999999999996,0,0,0
8.7240000000000002,0,0,0
8.7245000000000008,0,0,0
8.7249999999999996,0,0,0
8.7255000000000003,0,0,0
8.7260000000000009,0,0,0
8.7264999999999997,0,0,0
8.7270000000000003,0,0,0
8.7274999999999991,0,0,0
8.7279999999999998,0,0,0
8.7285000000000004,0,0,0
8.7289999999999992,0,0,0
8.7294999999999998,0,0,0
8.7300000000000004,0,0,0
8.7304999999999993,0,0,0
8.7309999999999999,0,0,0
8.7315000000000005,0,0,0
8.7319999999999993,0,0,0
8.7324999999999999,0,0,0
8.7330000000000005,0,0,0
8.7334999999999994,0,0,0
8.734,0,0,0
8.7345000000000006,0,0,0
8.7349999999999994,0,0,0
8.7355,0,0,0
8.7360000000000007,0,0,0
8.7364999999999995,0,0,0
8.7370000000000001,0,0,0
8.7375000000000007,0,0,0
8.7379999999999995,0,0,0
8.7385000000000002,0,0,0
8.7390000000000008,0,0,0
8.7394999999999996,0,0,0
8.7400000000000002,0,0,0
8.7405000000000008,0,0,0
8.7409999999999997,0,0,0
8.7415000000000003,0,0,0
8.7420000000000009,0,0,0
8.7424999999999997,0,0,0
8.7430000000000003,0,0,0
8.7434999999999992,0,0,0
8.7439999999999998,0,0,0
8.7445000000000004,0,0,0
8.7449999999999992,0,0,0
8.7454999999999998,0,0,0
8.7460000000000004,0,0,0
8.7464999999999993,0,0,0
8.7469999999999999,0,0,0
8.7475000000000005,0,0,0
8.7479999999999993,0,0,0
8.7484999999999999,0,0,0
8.7490000000000006,0,0,0
8.7494999999999994,0,0,0
8.75,0,0,0
8.7505000000000006,0,0,0
8.7509999999999994,0,0,0
8.7515000000000001,0,0,0
8.7520000000000007,0,0,0
8.7524999999999995,0,0,0
8.7530000000000001,0,0,0
8.7535000000000007,0,0,0
8.7539999999999996,0,0,0
8.7545000000000002,0,0,0
8.7550000000000008,0,0,0
8.7554999999999996,0,0,0
8.7560000000000002,0,0,0
8.7565000000000008,0,0,0
8.7569999999999997,0,0,0
8.7575000000000003,0,0,0
8.7579999999999991,0,0,0
8.7584999999999997,0,0,0
8.7590000000000003,0,0,0
8.7594999999999992,0,0,0
8.7599999999999998,0,0,0
8.7605000000000004,0,0,0
8.7609999999999992,0,0,0
8.7614999999999998,0,0,0
8.7620000000000005,0,0,0
8.7624999999999993,0,0,0
8.7629999999999999,0,0,0
8.7635000000000005,0,0,0
8.7639999999999993,0,0,0
8.7645,0,0,0
8.7650000000000006,0,0,0
8.7654999999999994,0,0,0
8.766,0,0,0
8.7665000000000006,0,0,0
8.7669999999999995,0,0,0
8.7675000000000001,0,0,0
8.7680000000000007,0,0,0
8.7684999999999995,0,0,0
8.7690000000000001,0,0,0
8.7695000000000007,0,0,0
8.7699999999999996,0,0,0
8.7705000000000002,0,0,0
8.7710000000000008,0,0,0
8.7714999999999996,0,0,0
8.7720000000000002,0,0,0
8.7725000000000009,0,0,0
8.7729999999999997,0,0,0
8.7735000000000003,0,0,0
8.7739999999999991,0,0,0
8.7744999999999997,0,0,0
8.7750000000000004,0,0,0
8.7754999999999992,0,0,0
8.7759999999999998,0,0,0
8.7765000000000004,0,0,0
8.7769999999999992,0,0,0
8.7774999999999999,0,0,0
8.7780000000000005,0,0,0
8.7784999999999993,0,0,0
8.7789999999999999,0,0,0
8.7795000000000005,0,0,0
8.7799999999999994,0,0,0
8.7805,0,0,0
8.7810000000000006,0,0,0
8.7814999999999994,0,0,0
8.782,0,0,0
8.7825000000000006,0,0,0
8.7829999999999995,0,0,0
8.7835000000000001,0,0,0
8.7840000000000007,0,0,0
8.7844999999999995,0,0,0
8.7850000000000001,0,0,0
8.7855000000000008,0,0,0
8.7859999999999996,0,0,0
8.7865000000000002,0,0,0
8.7870000000000008,0,0,0
8.7874999999999996,0,0,0
8.7880000000000003,0,0,0
8.7885000000000009,0,0,0
8.7889999999999997,0,0,0
8.7895000000000003,0,0,0
8.7899999999999991,0,0,0
8.7904999999999998,0,0,0
8.7910000000000004,0,0,0
8.7914999999999992,0,0,0
8.7919999999999998,0,0,0
8.7925000000000004,0,0,0
8.7929999999999993,0,0,0
8.7934999999999999,0,0,0
8.7940000000000005,0,0,0
8.7944999999999993,0,0,0
8.7949999999999999,0,0,0
8.7955000000000005,0,0,0
8.7959999999999994,0,0,0
8.7965,0,0,0
8.7970000000000006,0,0,0
8.7974999999999994,0,0,0
8.798,0,0,0
8.7985000000000007,0,0,0
8.7989999999999995,0,0,0
8.7995000000000001,0,0,0
8.8000000000000007,0,0,0
8.8004999999999995,0,0,0
8.8010000000000002,0,0,0
8.8015000000000008,0,0,0
8.8019999999999996,0,0,0
8.8025000000000002,0,0,0
8.8030000000000008,0,0,0
8.8034999999999997,0,0,0
8.8040000000000003,0,0,0
8.8045000000000009,0,0,0
8.8049999999999997,0,0,0
8.8055000000000003,0,0,0
8.8059999999999992,0,0,0
8.8064999999999998,0,0,0
8.8070000000000004,0,0,0
8.8074999999999992,0,0,0
8.8079999999999998,0,0,0
8.8085000000000004,0,0,0
8.8089999999999993,0,0,0
8.8094999999999999,0,0,0
8.8100000000000005,0,0,0
8.8104999999999993,0,0,0
8.8109999999999999,0,0,0
8.8115000000000006,0,0,0
8.8119999999999994,0,0,0
8.8125,0,0,0
8.8130000000000006,0,0,0
8.8134999999999994,0,0,0
8.8140000000000001,0,0,0
8.8145000000000007,0,0,0
8.8149999999999995,0,0,0
8.8155000000000001,0,0,0
8.8160000000000007,0,0,0
8.8164999999999996,0,0,0
8.8170000000000002,0,0,0
8.8175000000000008,0,0,0
8.8179999999999996,0,0,0
8.8185000000000002,0,0,0
8.8190000000000008,0,0,0
8.8194999999999997,0,0,0
8.8200000000000003,0,0,0
8.8204999999999991,0,0,0
8.8209999999999997,0,0,0
8.8215000000000003,0,0,0
8.8219999999999992,0,0,0
8.8224999999999998,0,0,0
8.8230000000000004,0,0,0
8.8234999999999992,0,0,0
8.8239999999999998,0,0,0
8.8245000000000005,0,0,0
8.8249999999999993,0,0,0
8.8254999999999999,0,0,0
8.8260000000000005,0,0,0
8.8264999999999993,0,0,0
8.827,0,0,0
8.8275000000000006,0,0,0
8.8279999999999994,0,0,0
8.8285,0,0,0
8.8290000000000006,0,0,0
8.8294999999999995,0,0,0
8.8300000000000001,0,0,0
8.8305000000000007,0,0,0
8.8309999999999995,0,0,0
8.8315000000000001,0,0,0
8.8320000000000007,0,0,0
8.8324999999999996,0,0,0
8.8330000000000002,0,0,0
8.8335000000000008,0,0,0
8.8339999999999996,0,0,0
8.8345000000000002,0,0,0
8.8350000000000009,0,0,0
8.8354999999999997,0,0,0
8.8360000000000003,0,0,0
8.8364999999999991,0,0,0
8.8369999999999997,0,0,0
8.8375000000000004,0,0,0
8.8379999999999992,0,0,0
8.8384999999999998,0,0,0
8.8390000000000004,0,0,0
8.8394999999999992,0,0,0
8.8399999999999999,0,0,0
8.8405000000000005,0,0,0
8.8409999999999993,0,0,0
8.8414999999999999,0,0,0
8.8420000000000005,0,0,0
8.8424999999999994,0,0,0
8.843,0,0,0
8.8435000000000006,0,0,0
8.8439999999999994,0,0,0
8.8445,0,0,0
8.8450000000000006,0,0,0
8.8454999999999995,0,0,0
8.8460000000000001,0,0,0
8.8465000000000007,0,0,0
8.8469999999999995,0,0,0
8.8475000000000001,0,0,0
8.8480000000000008,0,0,0
8.8484999999999996,0,0,0
8.8490000000000002,0,0,0
8.8495000000000008,0,0,0
8.8499999999999996,0,0,0
8.8505000000000003,0,0,0
8.8510000000000009,0,0,0
8.8514999999999997,0,0,0
8.8520000000000003,0,0,0
8.8524999999999991,0,0,0
8.8529999999999998,0,0,0
8.8535000000000004,0,0,0
8.8539999999999992,0,0,0
8.8544999999999998,0,0,0
8.8550000000000004,0,0,0
8.8554999999999993,0,0,0
8.8559999999999999,0,0,0
8.8565000000000005,0,0,0
8.8569999999999993,0,0,0
8.8574999999999999,0,0,0
8.8580000000000005,0,0,0
8.8584999999999994,0,0,0
8.859,0,0,0
8.8595000000000006,0,0,0
8.8599999999999994,0,0,0
8.8605,0,0,0
8.8610000000000007,0,0,0
8.8614999999999995,0,0,0
8.8620000000000001,0,0,0
8.8625000000000007,0,0,0
8.8629999999999995,0,0,0
8.8635000000000002,0,0,0
8.8640000000000008,0,0,0
8.8644999999999996,0,0,0
8.8650000000000002,0,0,0
8.8655000000000008,0,0,0
8.8659999999999997,0,0,0
8.8665000000000003,0,0,0
8.8670000000000009,0,0,0
8.8674999999999997,0,0,0
8.8680000000000003,0,0,0
8.8684999999999992,0,0,0
8.8689999999999998,0,0,0
8.8695000000000004,0,0,0
8.8699999999999992,0,0,0
8.8704999999999998,0,0,0
8.8710000000000004,0,0,0
8.8714999999999993,0,0,0
8.8719999999999999,0,0,0
8.8725000000000005,0,0,0
8.8729999999999993,0,0,0
8.8734999999999999,0,0,0
8.8740000000000006,0,0,0
8.8744999999999994,0,0,0
8.875,0,0,0
8.8755000000000006,0,0,0
8.8759999999999994,0,0,0
8.8765000000000001,0,0,0
8.8770000000000007,0,0,0
8.8774999999999995,0,0,0
8.8780000000000001,0,0,0
8.8785000000000007,0,0,0
8.8789999999999996,0,0,0
8.8795000000000002,0,0,0
8.8800000000000008,0,0,0
8.8804999999999996,0,0,0
8.8810000000000002,0,0,0
8.8815000000000008,0,0,0
8.8819999999999997,0,0,0
8.8825000000000003,0,0,0
8.8829999999999991,0,0,0
8.8834999999999997,0,0,0
8.8840000000000003,0,0,0
8.8844999999999992,0,0,0
8.8849999999999998,0,0,0
8.8855000000000004,0,0,0
8.8859999999999992,0,0,0
8.8864999999999998,0,0,0
8.8870000000000005,0,0,0
8.8874999999999993,0,0,0
8.8879999999999999,0,0,0
8.8885000000000005,0,0,0
8.8889999999999993,0,0,0
8.8895,0,0,0
8.8900000000000006,0,0,0
8.8904999999999994,0,0,0
8.891,0,0,0
8.8915000000000006,0,0,0
8.8919999999999995,0,0,0
8.8925000000000001,0,0,0
8.8930000000000007,0,0,0
8.8934999999999995,0,0,0
8.8940000000000001,0,0,0
8.8945000000000007,0,0,0
8.8949999999999996,0,0,0
8.8955000000000002,0,0,0
8.8960000000000008,0,0,0
8.8964999999999996,0,0,0
8.8970000000000002,0,0,0
8.8975000000000009,0,0,0
8.8979999999999997,0,0,0
8.8985000000000003,0,0,0
8.8989999999999991,0,0,0
8.8994999999999997,0,0,0
8.9000000000000004,0,0,0
8.9004999999999992,0,0,0
8.9009999999999998,0,0,0
8.9015000000000004,0,0,0
8.9019999999999992,0,0,0
8.9024999999999999,0,0,0
8.9030000000000005,0,0,0
8.9034999999999993,0,0,0
8.9039999999999999,0,0,0
8.9045000000000005,0,0,0
8.9049999999999994,0,0,0
8.9055,0,0,0
8.9060000000000006,0,0,0
8.9064999999999994,0,0,0
8.907,0,0,0
8.9075000000000006,0,0,0
8.9079999999999995,0,0,0
8.9085000000000001,0,0,0
8.9090000000000007,0,0,0
8.9094999999999995,0,0,0
8.9100000000000001,0,0,0
8.9105000000000008,0,0,0
8.9109999999999996,0,0,0
8.9115000000000002,0,0,0
8.9120000000000008,0,0,0
8.9124999999999996,0,0,0
8.9130000000000003,0,0,0
8.9135000000000009,0,0,0
8.9139999999999997,0,0,0
8.9145000000000003,0,0,0
8.9149999999999991,0,0,0
8.9154999999999998,0,0,0
8.9160000000000004,0,0,0
8.9164999999999992,0,0,0
8.9169999999999998,0,0,0
8.9175000000000004,0,0,0
8.9179999999999993,0,0,0
8.9184999999999999,0,0,0
8.9190000000000005,0,0,0
8.9194999999999993,0,0,0
8.9199999999999999,0,0,0
8.9205000000000005,0,0,0
8.9209999999999994,0,0,0
8.9215,0,0,0
8.9220000000000006,0,0,0
8.9224999999999994,0,0,0
8.923,0,0,0
8.9235000000000007,0,0,0
8.9239999999999995,0,0,0
8.9245000000000001,0,0,0
8.9250000000000007,0,0,0
8.9254999999999995,0,0,0
8.9260000000000002,0,0,0
8.9265000000000008,0,0,0
8.9269999999999996,0,0,0
8.9275000000000002,0,0,0
8.9280000000000008,0,0,0
8.9284999999999997,0,0,0
8.9290000000000003,0,0,0
8.9295000000000009,0,0,0
8.9299999999999997,0,0,0
8.9305000000000003,0,0,0
8.9309999999999992,0,0,0
8.9314999999999998,0,0,0
8.9320000000000004,0,0,0
8.9324999999999992,0,0,0
8.9329999999999998,0,0,0
8.9335000000000004,0,0,0
8.9339999999999993,0,0,0
8.9344999999999999,0,0,0
8.9350000000000005,0,0,0
8.9354999999999993,0,0,0
8.9359999999999999,0,0,0
8.9365000000000006,0,0,0
8.9369999999999994,0,0,0
8.9375,0,0,0
8.9380000000000006,0,0,0
8.9384999999999994,0,0,0
8.9390000000000001,0,0,0
8.9395000000000007,0,0,0
8.9399999999999995,0,0,0
8.9405000000000001,0,0,0
8.9410000000000007,0,0,0
8.9414999999999996,0,0,0
8.9420000000000002,0,0,0
8.9425000000000008,0,0,0
8.9429999999999996,0,0,0
8.9435000000000002,0,0,0
8.9440000000000008,0,0,0
8.9444999999999997,0,0,0
8.9450000000000003,0,0,0
8.9454999999999991,0,0,0
8.9459999999999997,0,0,0
8.9465000000000003,0,0,0
8.9469999999999992,0,0,0
8.9474999999999998,0,0,0
8.9480000000000004,0,0,0
8.9484999999999992,0,0,0
8.9489999999999998,0,0,0
8.9495000000000005,0,0,0
8.9499999999999993,0,0,0
8.9504999999999999,0,0,0
8.9510000000000005,0,0,0
8.9514999999999993,0,0,0
8.952,0,0,0
8.9525000000000006,0,0,0
8.9529999999999994,0,0,0
8.9535,0,0,0
8.9540000000000006,0,0,0
8.9544999999999995,0,0,0
8.9550000000000001,0,0,0
8.9555000000000007,0,0,0
8.9559999999999995,0,0,0
8.9565000000000001,0,0,0
8.9570000000000007,0,0,0
8.9574999999999996,0,0,0
8.9580000000000002,0,0,0
8.9585000000000008,0,0,0
8.9589999999999996,0,0,0
8.9595000000000002,0,0,0
8.9600000000000009,0,0,0
8.9604999999999997,0,0,0
8.9610000000000003,0,0,0
8.9614999999999991,0,0,0
8.9619999999999997,0,0,0
8.9625000000000004,0,0,0
8.9629999999999992,0,0,0
8.9634999999999998,0,0,0
8.9640000000000004,0,0,0
8.9644999999999992,0,0,0
8.9649999999999999,0,0,0
8.9655000000000005,0,0,0
8.9659999999999993,0,0,0
8.9664999999999999,0,0,0
8.9670000000000005,0,0,0
8.9674999999999994,0,0,0
8.968,0,0,0
8.9685000000000006,0,0,0
8.9689999999999994,0,0,0
8.9695,0,0,0
8.9700000000000006,0,0,0
8.9704999999999995,0,0,0
8.9710000000000001,0,0,0
8.9715000000000007,0,0,0
8.9719999999999995,0,0,0
8.9725000000000001,0,0,0
8.9730000000000008,0,0,0
8.9734999999999996,0,0,0
8.9740000000000002,0,0,0
8.9745000000000008,0,0,0
8.9749999999999996,0,0,0
8.9755000000000003,0,0,0
8.9760000000000009,0,0,0
8.9764999999999997,0,0,0
8.9770000000000003,0,0,0
8.9774999999999991,0,0,0
8.9779999999999998,0,0,0
8.9785000000000004,0,0,0
8.9789999999999992,0,0,0
8.9794999999999998,0,0,0
8.9800000000000004,0,0,0
8.9804999999999993,0,0,0
8.9809999999999999,0,0,0
8.9815000000000005,0,0,0
8.9819999999999993,0,0,0
8.9824999999999999,0,0,0
8.9830000000000005,0,0,0
8.9834999999999994,0,0,0
8.984,0,0,0
8.9845000000000006,0,0,0
8.9849999999999994,0,0,0
8.9855,0,0,0
8.9860000000000007,0,0,0
8.9864999999999995,0,0,0
8.9870000000000001,0,0,0
8.9875000000000007,0,0,0
8.9879999999999995,0,0,0
8.9885000000000002,0,0,0
8.9890000000000008,0,0,0
8.9894999999999996,0,0,0
8.9900000000000002,0,0,0
8.9905000000000008,0,0,0
8.9909999999999997,0,0,0
8.9915000000000003,0,0,0
8.9920000000000009,0,0,0
8.9924999999999997,0,0,0
8.9930000000000003,0,0,0
8.9934999999999992,0,0,0
8.9939999999999998,0,0,0
8.9945000000000004,0,0,0
8.9949999999999992,0,0,0
8.9954999999999998,0,0,0
8.9960000000000004,0,0,0
8.9964999999999993,0,0,0
8.9969999999999999,0,0,0
8.9975000000000005,0,0,0
8.9979999999999993,0,0,0
8.9984999999999999,0,0,0
8.9990000000000006,0,0,0
8.9994999999999994,0,0,0
9,0,0,0
9.0005000000000006,0,0,0
9.0009999999999994,0,0,0
9.0015000000000001,0,0,0
9.0020000000000007,0,0,0
9.0024999999999995,0,0,0
9.0030000000000001,0,0,0
9.0035000000000007,0,0,0
9.0039999999999996,0,0,0
9.0045000000000002,0,0,0
9.0050000000000008,0,0,0
9.0054999999999996,0,0,0
9.0060000000000002,0,0,0
9.0065000000000008,0,0,0
9.0069999999999997,0,0,0
9.0075000000000003,0,0,0
9.0079999999999991,0,0,0
9.0084999999999997,0,0,0
9.0090000000000003,0,0,0
9.0094999999999992,0,0,0
9.0099999999999998,0,0,0
9.0105000000000004,0,0,0
9.0109999999999992,0,0,0
9.0114999999999998,0,0,0
9.0120000000000005,0,0,0
9.0124999999999993,0,0,0
9.0129999999999999,0,0,0
9.0135000000000005,0,0,0
9.0139999999999993,0,0,0
9.0145,0,0,0
9.0150000000000006,0,0,0
9.0154999999999994,0,0,0
9.016,0,0,0
9.0165000000000006,0,0,0
9.0169999999999995,0,0,0
9.0175000000000001,0,0,0
9.0180000000000007,0,0,0
9.0184999999999995,0,0,0
9.0190000000000001,0,0,0
9.0195000000000007,0,0,0
9.0199999999999996,0,0,0
9.0205000000000002,0,0,0
9.0210000000000008,0,0,0
9.0214999999999996,0,0,0
9.0220000000000002,0,0,0
9.0225000000000009,0,0,0
9.0229999999999997,0,0,0
9.0235000000000003,0,0,0
9.0239999999999991,0,0,0
9.0244999999999997,0,0,0
9.0250000000000004,0,0,0
9.0254999999999992,0,0,0
9.0259999999999998,0,0,0
9.0265000000000004,0,0,0
9.0269999999999992,0,0,0
9.0274999999999999,0,0,0
9.0280000000000005,0,0,0
9.0284999999999993,0,0,0
9.0289999999999999,0,0,0
9.0295000000000005,0,0,0
9.0299999999999994,0,0,0
9.0305,0,0,0
9.0310000000000006,0,0,0
9.0314999999999994,0,0,0
9.032,0,0,0
9.0325000000000006,0,0,0
9.0329999999999995,0,0,0
9.0335000000000001,0,0,0
9.0340000000000007,0,0,0
9.0344999999999995,0,0,0
9.0350000000000001,0,0,0
9.0355000000000008,0,0,0
9.0359999999999996,0,0,0
9.0365000000000002,0,0,0
9.0370000000000008,0,0,0
9.0374999999999996,0,0,0
9.0380000000000003,0,0,0
9.0385000000000009,0,0,0
9.0389999999999997,0,0,0
9.0395000000000003,0,0,0
9.0399999999999991,0,0,0
9.0404999999999998,0,0,0
9.0410000000000004,0,0,0
9.0414999999999992,0,0,0
9.0419999999999998,0,0,0
9.0425000000000004,0,0,0
9.0429999999999993,0,0,0
9.0434999999999999,0,0,0
9.0440000000000005,0,0,0
9.0444999999999993,0,0,0
9.0449999999999999,0,0,0
9.0455000000000005,0,0,0
9.0459999999999994,0,0,0
9.0465,0,0,0
9.0470000000000006,0,0,0
9.0474999999999994,0,0,0
9.048,0,0,0
9.0485000000000007,0,0,0
9.0489999999999995,0,0,0
9.0495000000000001,0,0,0
9.0500000000000007,0,0,0
9.0504999999999995,0,0,0
9.0510000000000002,0,0,0
9.0515000000000008,0,0,0
9.0519999999999996,0,0,0
9.0525000000000002,0,0,0
9.0530000000000008,0,0,0
9.0534999999999997,0,0,0
9.0540000000000003,0,0,0
9.0545000000000009,0,0,0
9.0549999999999997,0,0,0
9.0555000000000003,0,0,0
9.0559999999999992,0,0,0
9.0564999999999998,0,0,0
9.0570000000000004,0,0,0
9.0574999999999992,0,0,0
9.0579999999999998,0,0,0
9.0585000000000004,0,0,0
9.0589999999999993,0,0,0
9.0594999999999999,0,0,0
9.0600000000000005,0,0,0
9.0604999999999993,0,0,0
9.0609999999999999,0,0,0
9.0615000000000006,0,0,0
9.0619999999999994,0,0,0
9.0625,0,0,0
9.0630000000000006,0,0,0
9.0634999999999994,0,0,0
9.0640000000000001,0,0,0
9.0645000000000007,0,0,0
9.0649999999999995,0,0,0
9.0655000000000001,0,0,0
9.0660000000000007,0,0,0
9.0664999999999996,0,0,0
9.0670000000000002,0,0,0
9.0675000000000008,0,0,0
9.0679999999999996,0,0,0
9.0685000000000002,0,0,0
9.0690000000000008,0,0,0
9.0694999999999997,0,0,0
9.0700000000000003,0,0,0
9.0704999999999991,0,0,0
9.0709999999999997,0,0,0
9.0715000000000003,0,0,0
9.0719999999999992,0,0,0
9.0724999999999998,0,0,0
9.0730000000000004,0,0,0
9.0734999999999992,0,0,0
9.0739999999999998,0,0,0
9.0745000000000005,0,0,0
9.0749999999999993,0,0,0
9.0754999999999999,0,0,0
9.0760000000000005,0,0,0
9.0764999999999993,0,0,0
9.077,0,0,0
9.0775000000000006,0,0,0
9.0779999999999994,0,0,0
9.0785,0,0,0
9.0790000000000006,0,0,0
9.0794999999999995,0,0,0
9.0800000000000001,0,0,0
9.0805000000000007,0,0,0
9.0809999999999995,0,0,0
9.0815000000000001,0,0,0
9.0820000000000007,0,0,0
9.0824999999999996,0,0,0
9.0830000000000002,0,0,0
9.0835000000000008,0,0,0
9.0839999999999996,0,0,0
9.0845000000000002,0,0,0
9.0850000000000009,0,0,0
9.0854999999999997,0,0,0
9.0860000000000003,0,0,0
9.0864999999999991,0,0,0
9.0869999999999997,0,0,0
9.0875000000000004,0,0,0
9.0879999999999992,0,0,0
9.0884999999999998,0,0,0
9.0890000000000004,0,0,0
9.0894999999999992,0,0,0
9.0899999999999999,0,0,0
9.0905000000000005,0,0,0
9.0909999999999993,0,0,0
9.0914999999999999,0,0,0
9.0920000000000005,0,0,0
9.0924999999999994,0,0,0
9.093,0,0,0
9.0935000000000006,0,0,0
9.0939999999999994,0,0,0
9.0945,0,0,0
9.0950000000000006,0,0,0
9.0954999999999995,0,0,0
9.0960000000000001,0,0,0
9.0965000000000007,0,0,0
9.0969999999999995,0,0,0
9.0975000000000001,0,0,0
9.0980000000000008,0,0,0
9.0984999999999996,0,0,0
9.0990000000000002,0,0,0
9.0995000000000008,0,0,0
9.0999999999999996,0,0,0
9.1005000000000003,0,0,0
9.1010000000000009,0,0,0
9.1014999999999997,0,0,0
9.1020000000000003,0,0,0
9.1024999999999991,0,0,0
9.1029999999999998,0,0,0
9.1035000000000004,0,0,0
9.1039999999999992,0,0,0
9.1044999999999998,0,0,0
9.1050000000000004,0,0,0
9.1054999999999993,0,0,0
9.1059999999999999,0,0,0
9.1065000000000005,0,0,0
9.1069999999999993,0,0,0
9.1074999999999999,0,0,0
9.1080000000000005,0,0,0
9.1084999999999994,0,0,0
9.109,0,0,0
9.1095000000000006,0,0,0
9.1099999999999994,0,0,0
9.1105,0,0,0
9.1110000000000007,0,0,0
9.1114999999999995,0,0,0
9.1120000000000001,0,0,0
9.1125000000000007,0,0,0
9.1129999999999995,0,0,0
9.1135000000000002,0,0,0
9.1140000000000008,0,0,0
9.1144999999999996,0,0,0
9.1150000000000002,0,0,0
9.1155000000000008,0,0,0
9.1159999999999997,0,0,0
9.1165000000000003,0,0,0
9.1170000000000009,0,0,0
9.1174999999999997,0,0,0
9.1180000000000003,0,0,0
9.1184999999999992,0,0,0
9.1189999999999998,0,0,0
9.1195000000000004,0,0,0
9.1199999999999992,0,0,0
9.1204999999999998,0,0,0
9.1210000000000004,0,0,0
9.1214999999999993,0,0,0
9.1219999999999999,0,0,0
9.1225000000000005,0,0,0
9.1229999999999993,0,0,0
9.1234999999999999,0,0,0
9.1240000000000006,0,0,0
9.1244999999999994,0,0,0
9.125,0,0,0
9.1255000000000006,0,0,0
9.1259999999999994,0,0,0
9.1265000000000001,0,0,0
9.1270000000000007,0,0,0
9.1274999999999995,0,0,0
9.1280000000000001,0,0,0
9.1285000000000007,0,0,0
9.1289999999999996,0,0,0
9.1295000000000002,0,0,0
9.1300000000000008,0,0,0
9.1304999999999996,0,0,0
9.1310000000000002,0,0,0
9.1315000000000008,0,0,0
9.1319999999999997,0,0,0
9.1325000000000003,0,0,0
9.1329999999999991,0,0,0
9.1334999999999997,0,0,0
9.1340000000000003,0,0,0
9.1344999999999992,0,0,0
9.1349999999999998,0,0,0
9.1355000000000004,0,0,0
9.1359999999999992,0,0,0
9.1364999999999998,0,0,0
9.1370000000000005,0,0,0
9.1374999999999993,0,0,0
9.1379999999999999,0,0,0
9.1385000000000005,0,0,0
9.1389999999999993,0,0,0
9.1395,0,0,0
9.1400000000000006,0,0,0
9.1404999999999994,0,0,0
9.141,0,0,0
9.1415000000000006,0,0,0
9.1419999999999995,0,0,0
9.1425000000000001,0,0,0
9.1430000000000007,0,0,0
9.1434999999999995,0,0,0
9.1440000000000001,0,0,0
9.1445000000000007,0,0,0
9.1449999999999996,0,0,0
9.1455000000000002,0,0,0
9.1460000000000008,0,0,0
9.1464999999999996,0,0,0
9.1470000000000002,0,0,0
9.1475000000000009,0,0,0
9.1479999999999997,0,0,0
9.1485000000000003,0,0,0
9.1489999999999991,0,0,0
9.1494999999999997,0,0,0
9.1500000000000004,0,0,0
9.1504999999999992,0,0,0
9.1509999999999998,0,0,0
9.1515000000000004,0,0,0
9.1519999999999992,0,0,0
9.1524999999999999,0,0,0
9.1530000000000005,0,0,0
9.1534999999999993,0,0,0
9.1539999999999999,0,0,0
9.1545000000000005,0,0,0
9.1549999999999994,0,0,0
9.1555,0,0,0
9.1560000000000006,0,0,0
9.1564999999999994,0,0,0
9.157,0,0,0
9.1575000000000006,0,0,0
9.1579999999999995,0,0,0
9.1585000000000001,0,0,0
9.1590000000000007,0,0,0
9.1594999999999995,0,0,0
9.1600000000000001,0,0,0
9.1605000000000008,0,0,0
9.1609999999999996,0,0,0
9.1615000000000002,0,0,0
9.1620000000000008,0,0,0
9.1624999999999996,0,0,0
9.1630000000000003,0,0,0
9.1635000000000009,0,0,0
9.1639999999999997,0,0,0
9.1645000000000003,0,0,0
9.1649999999999991,0,0,0
9.1654999999999998,0,0,0
9.1660000000000004,0,0,0
9.1664999999999992,0,0,0
9.1669999999999998,0,0,0
9.1675000000000004,0,0,0
9.1679999999999993,0,0,0
9.1684999999999999,0,0,0
9.1690000000000005,0,0,0
9.1694999999999993,0,0,0
9.1699999999999999,0,0,0
9.1705000000000005,0,0,0
9.1709999999999994,0,0,0
9.1715,0,0,0
9.1720000000000006,0,0,0
9.1724999999999994,0,0,0
9.173,0,0,0
9.1735000000000007,0,0,0
9.1739999999999995,0,0,0
9.1745000000000001,0,0,0
9.1750000000000007,0,0,0
9.1754999999999995,0,0,0
9.1760000000000002,0,0,0
9.1765000000000008,0,0,0
9.1769999999999996,0,0,0
9.1775000000000002,0,0,0
9.1780000000000008,0,0,0
9.1784999999999997,0,0,0
9.1790000000000003,0,0,0
9.1795000000000009,0,0,0
9.1799999999999997,0,0,0
9.1805000000000003,0,0,0
9.1809999999999992,0,0,0
9.1814999999999998,0,0,0
9.1820000000000004,0,0,0
9.1824999999999992,0,0,0
9.1829999999999998,0,0,0
9.1835000000000004,0,0,0
9.1839999999999993,0,0,0
9.1844999999999999,0,0,0
9.1850000000000005,0,0,0
9.1854999999999993,0,0,0
9.1859999999999999,0,0,0
9.1865000000000006,0,0,0
9.1869999999999994,0,0,0
9.1875,0,0,0
9.1880000000000006,0,0,0
9.1884999999999994,0,0,0
9.1890000000000001,0,0,0
9.1895000000000007,0,0,0
9.1899999999999995,0,0,0
9.1905000000000001,0,0,0
9.1910000000000007,0,0,0
9.1914999999999996,0,0,0
9.1920000000000002,0,0,0
9.1925000000000008,0,0,0
9.1929999999999996,0,0,0
9.1935000000000002,0,0,0
9.1940000000000008,0,0,0
9.1944999999999997,0,0,0
9.1950000000000003,0,0,0
9.1954999999999991,0,0,0
9.1959999999999997,0,0,0
9.1965000000000003,0,0,0
9.1969999999999992,0,0,0
9.1974999999999998,0,0,0
9.1980000000000004,0,0,0
9.1984999999999992,0,0,0
9.1989999999999998,0,0,0
9.1995000000000005,0,0,0
9.1999999999999993,0,0,0
9.2004999999999999,0,0,0
9.2010000000000005,0,0,0
9.2014999999999993,0,0,0
9.202,0,0,0
9.2025000000000006,0,0,0
9.2029999999999994,0,0,0
9.2035,0,0,0
9.2040000000000006,0,0,0
9.2044999999999995,0,0,0
9.2050000000000001,0,0,0
9.2055000000000007,0,0,0
9.2059999999999995,0,0,0
9.2065000000000001,0,0,0
9.2070000000000007,0,0,0
9.2074999999999996,0,0,0
9.2080000000000002,0,0,0
9.2085000000000008,0,0,0
9.2089999999999996,0,0,0
9.2095000000000002,0,0,0
9.2100000000000009,0,0,0
9.2104999999999997,0,0,0
9.2110000000000003,0,0,0
9.2114999999999991,0,0,0
9.2119999999999997,0,0,0
9.2125000000000004,0,0,0
9.2129999999999992,0,0,0
9.2134999999999998,0,0,0
9.2140000000000004,0,0,0
9.2144999999999992,0,0,0
9.2149999999999999,0,0,0
9.2155000000000005,0,0,0
9.2159999999999993,0,0,0
9.2164999999999999,0,0,0
9.2170000000000005,0,0,0
9.2174999999999994,0,0,0
9.218,0,0,0
9.2185000000000006,0,0,0
9.2189999999999994,0,0,0
9.2195,0,0,0
9.2200000000000006,0,0,0
9.2204999999999995,0,0,0
9.2210000000000001,0,0,0
9.2215000000000007,0,0,0
9.2219999999999995,0,0,0
9.2225000000000001,0,0,0
9.2230000000000008,0,0,0
9.2234999999999996,0,0,0
9.2240000000000002,0,0,0
9.2245000000000008,0,0,0
9.2249999999999996,0,0,0
9.2255000000000003,0,0,0
9.2260000000000009,0,0,0
9.2264999999999997,0,0,0
9.2270000000000003,0,0,0
9.2274999999999991,0,0,0
9.2279999999999998,0,0,0
9.2285000000000004,0,0,0
9.2289999999999992,0,0,0
9.2294999999999998,0,0,0
9.2300000000000004,0,0,0
9.2304999999999993,0,0,0
9.2309999999999999,0,0,0
9.2315000000000005,0,0,0
9.2319999999999993,0,0,0
9.2324999999999999,0,0,0
9.2330000000000005,0,0,0
9.2334999999999994,0,0,0
9.234,0,0,0
9.2345000000000006,0,0,0
9.2349999999999994,0,0,0
9.2355,0,0,0
9.2360000000000007,0,0,0
9.2364999999999995,0,0,0
9.2370000000000001,0,0,0
9.2375000000000007,0,0,0
9.2379999999999995,0,0,0
9.2385000000000002,0,0,0
9.2390000000000008,0,0,0
9.2394999999999996,0,0,0
9.2400000000000002,0,0,0
9.2405000000000008,0,0,0
9.2409999999999997,0,0,0
9.2415000000000003,0,0,0
9.2420000000000009,0,0,0
9.2424999999999997,0,0,0
9.2430000000000003,0,0,0
9.2434999999999992,0,0,0
9.2439999999999998,0,0,0
9.2445000000000004,0,0,0
9.2449999999999992,0,0,0
9.2454999999999998,0,0,0
9.2460000000000004,0,0,0
9.2464999999999993,0,0,0
9.2469999999999999,0,0,0
9.2475000000000005,0,0,0
9.2479999999999993,0,0,0
9.2484999999999999,0,0,0
9.2490000000000006,0,0,0
9.2494999999999994,0,0,0
9.25,0,0,0
9.2505000000000006,0,0,0
9.2509999999999994,0,0,0
9.2515000000000001,0,0,0
9.2520000000000007,0,0,0
9.2524999999999995,0,0,0
9.2530000000000001,0,0,0
9.2535000000000007,0,0,0
9.2539999999999996,0,0,0
9.2545000000000002,0,0,0
9.2550000000000008,0,0,0
9.2554999999999996,0,0,0
9.2560000000000002,0,0,0
9.2565000000000008,0,0,0
9.2569999999999997,0,0,0
9.2575000000000003,0,0,0
9.2579999999999991,0,0,0
9.2584999999999997,0,0,0
9.2590000000000003,0,0,0
9.2594999999999992,0,0,0
9.2599999999999998,0,0,0
9.2605000000000004,0,0,0
9.2609999999999992,0,0,0
9.2614999999999998,0,0,0
9.2620000000000005,0,0,0
9.2624999999999993,0,0,0
9.2629999999999999,0,0,0
9.2635000000000005,0,0,0
9.2639999999999993,0,0,0
9.2645,0,0,0
9.2650000000000006,0,0,0
9.2654999999999994,0,0,0
9.266,0,0,0
9.2665000000000006,0,0,0
9.2669999999999995,0,0,0
9.2675000000000001,0,0,0
9.2680000000000007,0,0,0
9.2684999999999995,0,0,0
9.2690000000000001,0,0,0
9.2695000000000007,0,0,0
9.2699999999999996,0,0,0
9.2705000000000002,0,0,0
9.2710000000000008,0,0,0
9.2714999999999996,0,0,0
9.2720000000000002,0,0,0
9.2725000000000009,0,0,0
9.2729999999999997,0,0,0
9.2735000000000003,0,0,0
9.2739999999999991,0,0,0
9.2744999999999997,0,0,0
9.2750000000000004,0,0,0
9.2754999999999992,0,0,0
9.2759999999999998,0,0,0
9.2765000000000004,0,0,0
9.2769999999999992,0,0,0
9.2774999999999999,0,0,0
9.2780000000000005,0,0,0
9.2784999999999993,0,0,0
9.2789999999999999,0,0,0
9.2795000000000005,0,0,0
9.2799999999999994,0,0,0
9.2805,0,0,0
9.2810000000000006,0,0,0
9.2814999999999994,0,0,0
9.282,0,0,0
9.2825000000000006,0,0,0
9.2829999999999995,0,0,0
9.2835000000000001,0,0,0
9.2840000000000007,0,0,0
9.2844999999999995,0,0,0
9.2850000000000001,0,0,0
9.2855000000000008,0,0,0
9.2859999999999996,0,0,0
9.2865000000000002,0,0,0
9.2870000000000008,0,0,0
9.2874999999999996,0,0,0
9.2880000000000003,0,0,0
9.2885000000000009,0,0,0
9.2889999999999997,0,0,0
9.2895000000000003,0,0,0
9.2899999999999991,0,0,0
9.2904999999999998,0,0,0
9.2910000000000004,0,0,0
9.2914999999999992,0,0,0
9.2919999999999998,0,0,0
9.2925000000000004,0,0,0
9.2929999999999993,0,0,0
9.2934999999999999,0,0,0
9.2940000000000005,0,0,0
9.2944999999999993,0,0,0
9.2949999999999999,0,0,0
9.2955000000000005,0,0,0
9.2959999999999994,0,0,0
9.2965,0,0,0
9.2970000000000006,0,0,0
9.2974999999999994,0,0,0
9.298,0,0,0
9.2985000000000007,0,0,0
9.2989999999999995,0,0,0
9.2995000000000001,0,0,0
9.3000000000000007,0,0,0
9.3004999999999995,0,0,0
9.3010000000000002,0,0,0
9.3015000000000008,0,0,0
9.3019999999999996,0,0,0
9.3025000000000002,0,0,0
9.3030000000000008,0,0,0
9.3034999999999997,0,0,0
9.3040000000000003,0,0,0
9.3045000000000009,0,0,0
9.3049999999999997,0,0,0
9.3055000000000003,0,0,0
9.3059999999999992,0,0,0
9.3064999999999998,0,0,0
9.3070000000000004,0,0,0
9.3074999999999992,0,0,0
9.3079999999999998,0,0,0
9.3085000000000004,0,0,0
9.3089999999999993,0,0,0
9.3094999999999999,0,0,0
9.3100000000000005,0,0,0
9.3104999999999993,0,0,0
9.3109999999999999,0,0,0
9.3115000000000006,0,0,0
9.3119999999999994,0,0,0
9.3125,0,0,0
9.3130000000000006,0,0,0
9.3134999999999994,0,0,0
9.3140000000000001,0,0,0
9.3145000000000007,0,0,0
9.3149999999999995,0,0,0
9.3155000000000001,0,0,0
9.3160000000000007,0,0,0
9.3164999999999996,0,0,0
9.3170000000000002,0,0,0
9.3175000000000008,0,0,0
9.3179999999999996,0,0,0
9.3185000000000002,0,0,0
9.3190000000000008,0,0,0
9.3194999999999997,0,0,0
9.3200000000000003,0,0,0
9.3204999999999991,0,0,0
9.3209999999999997,0,0,0
9.3215000000000003,0,0,0
9.3219999999999992,0,0,0
9.3224999999999998,0,0,0
9.3230000000000004,0,0,0
9.3234999999999992,0,0,0
9.3239999999999998,0,0,0
9.3245000000000005,0,0,0
9.3249999999999993,0,0,0
9.3254999999999999,0,0,0
9.3260000000000005,0,0,0
9.3264999999999993,0,0,0
9.327,0,0,0
9.3275000000000006,0,0,0
9.3279999999999994,0,0,0
9.3285,0,0,0
9.3290000000000006,0,0,0
9.3294999999999995,0,0,0
9.3300000000000001,0,0,0
9.3305000000000007,0,0,0
9.3309999999999995,0,0,0
9.3315000000000001,0,0,0
9.3320000000000007,0,0,0
9.3324999999999996,0,0,0
9.3330000000000002,0,0,0
9.3335000000000008,0,0,0
9.3339999999999996,0,0,0
9.3345000000000002,0,0,0
9.3350000000000009,0,0,0
9.3354999999999997,0,0,0
9.3360000000000003,0,0,0
9.3364999999999991,0,0,0
9.3369999999999997,0,0,0
9.3375000000000004,0,0,0
9.3379999999999992,0,0,0
9.3384999999999998,0,0,0
9.3390000000000004,0,0,0
9.3394999999999992,0,0,0
9.3399999999999999,0,0,0
9.3405000000000005,0,0,0
9.3409999999999993,0,0,0
9.3414999999999999,0,0,0
9.3420000000000005,0,0,0
9.3424999999999994,0,0,0
9.343,0,0,0
9.3435000000000006,0,0,0
9.3439999999999994,0,0,0
9.3445,0,0,0
9.3450000000000006,0,0,0
9.3454999999999995,0,0,0
9.3460000000000001,0,0,0
9.3465000000000007,0,0,0
9.3469999999999995,0,0,0
9.3475000000000001,0,0,0
9.3480000000000008,0,0,0
9.3484999999999996,0,0,0
9.3490000000000002,0,0,0
9.3495000000000008,0,0,0
9.3499999999999996,0,0,0
9.3505000000000003,0,0,0
9.3510000000000009,0,0,0
9.3514999999999997,0,0,0
9.3520000000000003,0,0,0
9.3524999999999991,0,0,0
9.3529999999999998,0,0,0
9.3535000000000004,0,0,0
9.3539999999999992,0,0,0
9.3544999999999998,0,0,0
9.3550000000000004,0,0,0
9.3554999999999993,0,0,0
9.3559999999999999,0,0,0
9.3565000000000005,0,0,0
9.3569999999999993,0,0,0
9.3574999999999999,0,0,0
9.3580000000000005,0,0,0
9.3584999999999994,0,0,0
9.359,0,0,0
9.3595000000000006,0,0,0
9.3599999999999994,0,0,0
9.3605,0,0,0
9.3610000000000007,0,0,0
9.3614999999999995,0,0,0
9.3620000000000001,0,0,0
9.3625000000000007,0,0,0
9.3629999999999995,0,0,0
9.3635000000000002,0,0,0
9.3640000000000008,0,0,0
9.3644999999999996,0,0,0
9.3650000000000002,0,0,0
9.3655000000000008,0,0,0
9.3659999999999997,0,0,0
9.3665000000000003,0,0,0
9.3670000000000009,0,0,0
9.3674999999999997,0,0,0
9.3680000000000003,0,0,0
9.3684999999999992,0,0,0
9.3689999999999998,0,0,0
9.3695000000000004,0,0,0
9.3699999999999992,0,0,0
9.3704999999999998,0,0,0
9.3710000000000004,0,0,0
9.3714999999999993,0,0,0
9.3719999999999999,0,0,0
9.3725000000000005,0,0,0
9.3729999999999993,0,0,0
9.3734999999999999,0,0,0
9.3740000000000006,0,0,0
9.3744999999999994,0,0,0
9.375,0,0,0
9.3755000000000006,0,0,0
9.3759999999999994,0,0,0
9.3765000000000001,0,0,0
9.3770000000000007,0,0,0
9.3774999999999995,0,0,0
9.3780000000000001,0,0,0
9.3785000000000007,0,0,0
9.3789999999999996,0,0,0
9.3795000000000002,0,0,0
9.3800000000000008,0,0,0
9.3804999999999996,0,0,0
9.3810000000000002,0,0,0
9.3815000000000008,0,0,0
9.3819999999999997,0,0,0
9.3825000000000003,0,0,0
9.3829999999999991,0,0,0
9.3834999999999997,0,0,0
9.3840000000000003,0,0,0
9.3844999999999992,0,0,0
9.3849999999999998,0,0,0
9.3855000000000004,0,0,0
9.3859999999999992,0,0,0
9.3864999999999998,0,0,0
9.3870000000000005,0,0,0
9.3874999999999993,0,0,0
9.3879999999999999,0,0,0
9.3885000000000005,0,0,0
9.3889999999999993,0,0,0
9.3895,0,0,0
9.3900000000000006,0,0,0
9.3904999999999994,0,0,0
9.391,0,0,0
9.3915000000000006,0,0,0
9.3919999999999995,0,0,0
9.3925000000000001,0,0,0
9.3930000000000007,0,0,0
9.3934999999999995,0,0,0
9.3940000000000001,0,0,0
9.3945000000000007,0,0,0
9.3949999999999996,0,0,0
9.3955000000000002,0,0,0
9.3960000000000008,0,0,0
9.3964999999999996,0,0,0
9.3970000000000002,0,0,0
9.3975000000000009,0,0,0
9.3979999999999997,0,0,0
9.3985000000000003,0,0,0
9.3989999999999991,0,0,0
9.3994999999999997,0,0,0
9.4000000000000004,0,0,0
9.4004999999999992,0,0,0
9.4009999999999998,0,0,0
9.4015000000000004,0,0,0
9.4019999999999992,0,0,0
9.4024999999999999,0,0,0
9.4030000000000005,0,0,0
9.4034999999999993,0,0,0
9.4039999999999999,0,0,0
9.4045000000000005,0,0,0
9.4049999999999994,0,0,0
9.4055,0,0,0
9.4060000000000006,0,0,0
9.4064999999999994,0,0,0
9.407,0,0,0
9.4075000000000006,0,0,0
9.4079999999999995,0,0,0
9.4085000000000001,0,0,0
9.4090000000000007,0,0,0
9.4094999999999995,0,0,0
9.4100000000000001,0,0,0
9.4105000000000008,0,0,0
9.4109999999999996,0,0,0
9.4115000000000002,0,0,0
9.4120000000000008,0,0,0
9.4124999999999996,0,0,0
9.4130000000000003,0,0,0
9.4135000000000009,0,0,0
9.4139999999999997,0,0,0
9.4145000000000003,0,0,0
9.4149999999999991,0,0,0
9.4154999999999998,0,0,0
9.4160000000000004,0,0,0
9.4164999999999992,0,0,0
9.4169999999999998,0,0,0
9.4175000000000004,0,0,0
9.4179999999999993,0,0,0
9.4184999999999999,0,0,0
9.4190000000000005,0,0,0
9.4194999999999993,0,0,0
9.4199999999999999,0,0,0
9.4205000000000005,0,0,0
9.4209999999999994,0,0,0
9.4215,0,0,0
9.4220000000000006,0,0,0
9.4224999999999994,0,0,0
9.423,0,0,0
9.4235000000000007,0,0,0
9.4239999999999995,0,0,0
9.4245000000000001,0,0,0
9.4250000000000007,0,0,0
9.4254999999999995,0,0,0
9.4260000000000002,0,0,0
9.4265000000000008,0,0,0
9.4269999999999996,0,0,0
9.4275000000000002,0,0,0
9.4280000000000008,0,0,0
9.4284999999999997,0,0,0
9.4290000000000003,0,0,0
9.4295000000000009,0,0,0
9.4299999999999997,0,0,0
9.4305000000000003,0,0,0
9.4309999999999992,0,0,0
9.4314999999999998,0,0,0
9.4320000000000004,0,0,0
9.4324999999999992,0,0,0
9.4329999999999998,0,0,0
9.4335000000000004,0,0,0
9.4339999999999993,0,0,0
9.4344999999999999,0,0,0
9.4350000000000005,0,0,0
9.4354999999999993,0,0,0
9.4359999999999999,0,0,0
9.4365000000000006,0,0,0
9.4369999999999994,0,0,0
9.4375,0,0,0
9.4380000000000006,0,0,0
9.4384999999999994,0,0,0
9.4390000000000001,0,0,0
9.4395000000000007,0,0,0
9.4399999999999995,0,0,0
9.4405000000000001,0,0,0
9.4410000000000007,0,0,0
9.4414999999999996,0,0,0
9.4420000000000002,0,0,0
9.4425000000000008,0,0,0
9.4429999999999996,0,0,0
9.4435000000000002,0,0,0
9.4440000000000008,0,0,0
9.4444999999999997,0,0,0
9.4450000000000003,0,0,0
9.4454999999999991,0,0,0
9.4459999999999997,0,0,0
9.4465000000000003,0,0,0
9.4469999999999992,0,0,0
9.4474999999999998,0,0,0
9.4480000000000004,0,0,0
9.4484999999999992,0,0,0
9.4489999999999998,0,0,0
9.4495000000000005,0,0,0
9.4499999999999993,0,0,0
9.4504999999999999,0,0,0
9.4510000000000005,0,0,0
9.4514999999999993,0,0,0
9.452,0,0,0
9.4525000000000006,0,0,0
9.4529999999999994,0,0,0
9.4535,0,0,0
9.4540000000000006,0,0,0
9.4544999999999995,0,0,0
9.4550000000000001,0,0,0
9.4555000000000007,0,0,0
9.4559999999999995,0,0,0
9.4565000000000001,0,0,0
9.4570000000000007,0,0,0
9.4574999999999996,0,0,0
9.4580000000000002,0,0,0
9.4585000000000008,0,0,0
9.4589999999999996,0,0,0
9.4595000000000002,0,0,0
9.4600000000000009,0,0,0
9.4604999999999997,0,0,0
9.4610000000000003,0,0,0
9.4614999999999991,0,0,0
9.4619999999999997,0,0,0
9.4625000000000004,0,0,0
9.4629999999999992,0,0,0
9.4634999999999998,0,0,0
9.4640000000000004,0,0,0
9.4644999999999992,0,0,0
9.4649999999999999,0,0,0
9.4655000000000005,0,0,0
9.4659999999999993,0,0,0
9.4664999999999999,0,0,0
9.4670000000000005,0,0,0
9.4674999999999994,0,0,0
9.468,0,0,0
9.4685000000000006,0,0,0
9.4689999999999994,0,0,0
9.4695,0,0,0
9.4700000000000006,0,0,0
9.4704999999999995,0,0,0
9.4710000000000001,0,0,0
9.4715000000000007,0,0,0
9.4719999999999995,0,0,0
9.4725000000000001,0,0,0
9.4730000000000008,0,0,0
9.4734999999999996,0,0,0
9.4740000000000002,0,0,0
9.4745000000000008,0,0,0
9.4749999999999996,0,0,0
9.4755000000000003,0,0,0
9.4760000000000009,0,0,0
9.4764999999999997,0,0,0
9.4770000000000003,0,0,0
9.4774999999999991,0,0,0
9.4779999999999998,0,0,0
9.4785000000000004,0,0,0
9.4789999999999992,0,0,0
9.4794999999999998,0,0,0
9.4800000000000004,0,0,0
9.4804999999999993,0,0,0
9.4809999999999999,0,0,0
9.4815000000000005,0,0,0
9.4819999999999993,0,0,0
9.4824999999999999,0,0,0
9.4830000000000005,0,0,0
9.4834999999999994,0,0,0
9.484,0,0,0
9.4845000000000006,0,0,0
9.4849999999999994,0,0,0
9.4855,0,0,0
9.4860000000000007,0,0,0
9.4864999999999995,0,0,0
9.4870000000000001,0,0,0
9.4875000000000007,0,0,0
9.4879999999999995,0,0,0
9.4885000000000002,0,0,0
9.4890000000000008,0,0,0
9.4894999999999996,0,0,0
9.4900000000000002,0,0,0
9.4905000000000008,0,0,0
9.4909999999999997,0,0,0
9.4915000000000003,0,0,0
9.4920000000000009,0,0,0
9.4924999999999997,0,0,0
9.4930000000000003,0,0,0
9.4934999999999992,0,0,0
9.4939999999999998,0,0,0
9.4945000000000004,0,0,0
9.4949999999999992,0,0,0
9.4954999999999998,0,0,0
9.4960000000000004,0,0,0
9.4964999999999993,0,0,0
9.4969999999999999,0,0,0
9.4975000000000005,0,0,0
9.4979999999999993,0,0,0
9.4984999999999999,0,0,0
9.4990000000000006,0,0,0
9.4994999999999994,0,0,0
9.5,0,0,0
9.5005000000000006,0,0,0
9.5009999999999994,0,0,0
9.5015000000000001,0,0,0
9.5020000000000007,0,0,0
9.5024999999999995,0,0,0
9.5030000000000001,0,0,0
9.5035000000000007,0,0,0
9.5039999999999996,0,0,0
9.5045000000000002,0,0,0
9.5050000000000008,0,0,0
9.5054999999999996,0,0,0
9.5060000000000002,0,0,0
9.5065000000000008,0,0,0
9.5069999999999997,0,0,0
9.5075000000000003,0,0,0
9.5079999999999991,0,0,0
9.5084999999999997,0,0,0
9.5090000000000003,0,0,0
9.5094999999999992,0,0,0
9.5099999999999998,0,0,0
9.5105000000000004,0,0,0
9.5109999999999992,0,0,0
9.5114999999999998,0,0,0
9.5120000000000005,0,0,0
9.5124999999999993,0,0,0
9.5129999999999999,0,0,0
9.5135000000000005,0,0,0
9.5139999999999993,0,0,0
9.5145,0,0,0
9.5150000000000006,0,0,0
9.5154999999999994,0,0,0
9.516,0,0,0
9.5165000000000006,0,0,0
9.5169999999999995,0,0,0
9.5175000000000001,0,0,0
9.5180000000000007,0,0,0
9.5184999999999995,0,0,0
9.5190000000000001,0,0,0
9.5195000000000007,0,0,0
9.5199999999999996,0,0,0
9.5205000000000002,0,0,0
9.5210000000000008,0,0,0
9.5214999999999996,0,0,0
9.5220000000000002,0,0,0
9.5225000000000009,0,0,0
9.5229999999999997,0,0,0
9.5235000000000003,0,0,0
9.5239999999999991,0,0,0
9.5244999999999997,0,0,0
9.5250000000000004,0,0,0
9.5254999999999992,0,0,0
9.5259999999999998,0,0,0
9.5265000000000004,0,0,0
9.5269999999999992,0,0,0
9.5274999999999999,0,0,0
9.5280000000000005,0,0,0
9.5284999999999993,0,0,0
9.5289999999999999,0,0,0
9.5295000000000005,0,0,0
9.5299999999999994,0,0,0
9.5305,0,0,0
9.5310000000000006,0,0,0
9.5314999999999994,0,0,0
9.532,0,0,0
9.5325000000000006,0,0,0
9.5329999999999995,0,0,0
9.5335000000000001,0,0,0
9.5340000000000007,0,0,0
9.5344999999999995,0,0,0
9.5350000000000001,0,0,0
9.5355000000000008,0,0,0
9.5359999999999996,0,0,0
9.5365000000000002,0,0,0
9.5370000000000008,0,0,0
9.5374999999999996,0,0,0
9.5380000000000003,0,0,0
9.5385000000000009,0,0,0
9.5389999999999997,0,0,0
9.5395000000000003,0,0,0
9.5399999999999991,0,0,0
9.5404999999999998,0,0,0
9.5410000000000004,0,0,0
9.5414999999999992,0,0,0
9.5419999999999998,0,0,0
9.5425000000000004,0,0,0
9.5429999999999993,0,0,0
9.5434999999999999,0,0,0
9.5440000000000005,0,0,0
9.5444999999999993,0,0,0
9.5449999999999999,0,0,0
9.5455000000000005,0,0,0
9.5459999999999994,0,0,0
9.5465,0,0,0
9.5470000000000006,0,0,0
9.5474999999999994,0,0,0
9.548,0,0,0
9.5485000000000007,0,0,0
9.5489999999999995,0,0,0
9.5495000000000001,0,0,0
9.5500000000000007,0,0,0
9.5504999999999995,0,0,0
9.5510000000000002,0,0,0
9.5515000000000008,0,0,0
9.5519999999999996,0,0,0
9.5525000000000002,0,0,0
9.5530000000000008,0,0,0
9.5534999999999997,0,0,0
9.5540000000000003,0,0,0
9.5545000000000009,0,0,0
9.5549999999999997,0,0,0
9.5555000000000003,0,0,0
9.5559999999999992,0,0,0
9.5564999999999998,0,0,0
9.5570000000000004,0,0,0
9.5574999999999992,0,0,0
9.5579999999999998,0,0,0
9.5585000000000004,0,0,0
9.5589999999999993,0,0,0
9.5594999999999999,0,0,0
9.5600000000000005,0,0,0
9.5604999999999993,0,0,0
9.5609999999999999,0,0,0
9.5615000000000006,0,0,0
9.5619999999999994,0,0,0
9.5625,0,0,0
9.5630000000000006,0,0,0
9.5634999999999994,0,0,0
9.5640000000000001,0,0,0
9.5645000000000007,0,0,0
9.5649999999999995,0,0,0
9.5655000000000001,0,0,0
9.5660000000000007,0,0,0
9.5664999999999996,0,0,0
9.5670000000000002,0,0,0
9.5675000000000008,0,0,0
9.5679999999999996,0,0,0
9.5685000000000002,0,0,0
9.5690000000000008,0,0,0
9.5694999999999997,0,0,0
9.5700000000000003,0,0,0
9.5704999999999991,0,0,0
9.5709999999999997,0,0,0
9.5715000000000003,0,0,0
9.5719999999999992,0,0,0
9.5724999999999998,0,0,0
9.5730000000000004,0,0,0
9.5734999999999992,0,0,0
9.5739999999999998,0,0,0
9.5745000000000005,0,0,0
9.5749999999999993,0,0,0
9.5754999999999999,0,0,0
9.5760000000000005,0,0,0
9.5764999999999993,0,0,0
9.577,0,0,0
9.5775000000000006,0,0,0
9.5779999999999994,0,0,0
9.5785,0,0,0
9.5790000000000006,0,0,0
9.5794999999999995,0,0,0
9.5800000000000001,0,0,0
9.5805000000000007,0,0,0
9.5809999999999995,0,0,0
9.5815000000000001,0,0,0
9.5820000000000007,0,0,0
9.5824999999999996,0,0,0
9.5830000000000002,0,0,0
9.5835000000000008,0,0,0
9.5839999999999996,0,0,0
9.5845000000000002,0,0,0
9.5850000000000009,0,0,0
9.5854999999999997,0,0,0
9.5860000000000003,0,0,0
9.5864999999999991,0,0,0
9.5869999999999997,0,0,0
9.5875000000000004,0,0,0
9.5879999999999992,0,0,0
9.5884999999999998,0,0,0
9.5890000000000004,0,0,0
9.5894999999999992,0,0,0
9.5899999999999999,0,0,0
9.5905000000000005,0,0,0
9.5909999999999993,0,0,0
9.5914999999999999,0,0,0
9.5920000000000005,0,0,0
9.5924999999999994,0,0,0
9.593,0,0,0
9.5935000000000006,0,0,0
9.5939999999999994,0,0,0
9.5945,0,0,0
9.5950000000000006,0,0,0
9.5954999999999995,0,0,0
9.5960000000000001,0,0,0
9.5965000000000007,0,0,0
9.5969999999999995,0,0,0
9.5975000000000001,0,0,0
9.5980000000000008,0,0,0
9.5984999999999996,0,0,0
9.5990000000000002,0,0,0
9.5995000000000008,0,0,0
9.5999999999999996,0,0,0
9.6005000000000003,0,0,0
9.6010000000000009,0,0,0
9.6014999999999997,0,0,0
9.6020000000000003,0,0,0
9.6024999999999991,0,0,0
9.6029999999999998,0,0,0
9.6035000000000004,0,0,0
9.6039999999999992,0,0,0
9.6044999999999998,0,0,0
9.6050000000000004,0,0,0
9.6054999999999993,0,0,0
9.6059999999999999,0,0,0
9.6065000000000005,0,0,0
9.6069999999999993,0,0,0
9.6074999999999999,0,0,0
9.6080000000000005,0,0,0
9.6084999999999994,0,0,0
9.609,0,0,0
9.6095000000000006,0,0,0
9.6099999999999994,0,0,0
9.6105,0,0,0
9.6110000000000007,0,0,0
9.6114999999999995,0,0,0
9.6120000000000001,0,0,0
9.6125000000000007,0,0,0
9.6129999999999995,0,0,0
9.6135000000000002,0,0,0
9.6140000000000008,0,0,0
9.6144999999999996,0,0,0
9.6150000000000002,0,0,0
9.6155000000000008,0,0,0
9.6159999999999997,0,0,0
9.6165000000000003,0,0,0
9.6170000000000009,0,0,0
9.6174999999999997,0,0,0
9.6180000000000003,0,0,0
9.6184999999999992,0,0,0
9.6189999999999998,0,0,0
9.6195000000000004,0,0,0
9.6199999999999992,0,0,0
9.6204999999999998,0,0,0
9.6210000000000004,0,0,0
9.6214999999999993,0,0,0
9.6219999999999999,0,0,0
9.6225000000000005,0,0,0
9.6229999999999993,0,0,0
9.6234999999999999,0,0,0
9.6240000000000006,0,0,0
9.6244999999999994,0,0,0
9.625,0,0,0
9.6255000000000006,0,0,0
9.6259999999999994,0,0,0
9.6265000000000001,0,0,0
9.6270000000000007,0,0,0
9.6274999999999995,0,0,0
9.6280000000000001,0,0,0
9.6285000000000007,0,0,0
9.6289999999999996,0,0,0
9.6295000000000002,0,0,0
9.6300000000000008,0,0,0
9.6304999999999996,0,0,0
9.6310000000000002,0,0,0
9.6315000000000008,0,0,0
9.6319999999999997,0,0,0
9.6325000000000003,0,0,0
9.6329999999999991,0,0,0
9.6334999999999997,0,0,0
9.6340000000000003,0,0,0
9.6344999999999992,0,0,0
9.6349999999999998,0,0,0
9.6355000000000004,0,0,0
9.6359999999999992,0,0,0
9.6364999999999998,0,0,0
9.6370000000000005,0,0,0
9.6374999999999993,0,0,0
9.6379999999999999,0,0,0
9.6385000000000005,0,0,0
9.6389999999999993,0,0,0
9.6395,0,0,0
9.6400000000000006,0,0,0
9.6404999999999994,0,0,0
9.641,0,0,0
9.6415000000000006,0,0,0
9.6419999999999995,0,0,0
9.6425000000000001,0,0,0
9.6430000000000007,0,0,0
9.6434999999999995,0,0,0
9.6440000000000001,0,0,0
9.6445000000000007,0,0,0
9.6449999999999996,0,0,0
9.6455000000000002,0,0,0
9.6460000000000008,0,0,0
9.6464999999999996,0,0,0
9.6470000000000002,0,0,0
9.6475000000000009,0,0,0
9.6479999999999997,0,0,0
9.6485000000000003,0,0,0
9.6489999999999991,0,0,0
9.6494999999999997,0,0,0
9.6500000000000004,0,0,0
9.6504999999999992,0,0,0
9.6509999999999998,0,0,0
9.6515000000000004,0,0,0
9.6519999999999992,0,0,0
9.6524999999999999,0,0,0
9.6530000000000005,0,0,0
9.6534999999999993,0,0,0
9.6539999999999999,0,0,0
9.6545000000000005,0,0,0
9.6549999999999994,0,0,0
9.6555,0,0,0
9.6560000000000006,0,0,0
9.6564999999999994,0,0,0
9.657,0,0,0
9.6575000000000006,0,0,0
9.6579999999999995,0,0,0
9.6585000000000001,0,0,0
9.6590000000000007,0,0,0
9.6594999999999995,0,0,0
9.6600000000000001,0,0,0
9.6605000000000008,0,0,0
9.6609999999999996,0,0,0
9.6615000000000002,0,0,0
9.6620000000000008,0,0,0
9.6624999999999996,0,0,0
9.6630000000000003,0,0,0
9.6635000000000009,0,0,0
9.6639999999999997,0,0,0
9.6645000000000003,0,0,0
9.6649999999999991,0,0,0
9.6654999999999998,0,0,0
9.6660000000000004,0,0,0
9.6664999999999992,0,0,0
9.6669999999999998,0,0,0
9.6675000000000004,0,0,0
9.6679999999999993,0,0,0
9.6684999999999999,0,0,0
9.6690000000000005,0,0,0
9.6694999999999993,0,0,0
9.6699999999999999,0,0,0
9.6705000000000005,0,0,0
9.6709999999999994,0,0,0
9.6715,0,0,0
9.6720000000000006,0,0,0
9.6724999999999994,0,0,0
9.673,0,0,0
9.6735000000000007,0,0,0
9.6739999999999995,0,0,0
9.6745000000000001,0,0,0
9.6750000000000007,0,0,0
9.6754999999999995,0,0,0
9.6760000000000002,0,0,0
9.6765000000000008,0,0,0
9.6769999999999996,0,0,0
9.6775000000000002,0,0,0
9.6780000000000008,0,0,0
9.6784999999999997,0,0,0
9.6790000000000003,0,0,0
9.6795000000000009,0,0,0
9.6799999999999997,0,0,0
9.6805000000000003,0,0,0
9.6809999999999992,0,0,0
9.6814999999999998,0,0,0
9.6820000000000004,0,0,0
9.6824999999999992,0,0,0
9.6829999999999998,0,0,0
9.6835000000000004,0,0,0
9.6839999999999993,0,0,0
9.6844999999999999,0,0,0
9.6850000000000005,0,0,0
9.6854999999999993,0,0,0
9.6859999999999999,0,0,0
9.6865000000000006,0,0,0
9.6869999999999994,0,0,0
9.6875,0,0,0
9.6880000000000006,0,0,0
9.6884999999999994,0,0,0
9.6890000000000001,0,0,0
9.6895000000000007,0,0,0
9.6899999999999995,0,0,0
9.6905000000000001,0,0,0
9.6910000000000007,0,0,0
9.6914999999999996,0,0,0
9.6920000000000002,0,0,0
9.6925000000000008,0,0,0
9.6929999999999996,0,0,0
9.6935000000000002,0,0,0
9.6940000000000008,0,0,0
9.6944999999999997,0,0,0
9.6950000000000003,0,0,0
9.6954999999999991,0,0,0
9.6959999999999997,0,0,0
9.6965000000000003,0,0,0
9.6969999999999992,0,0,0
9.6974999999999998,0,0,0
9.6980000000000004,0,0,0
9.6984999999999992,0,0,0
9.6989999999999998,0,0,0
9.6995000000000005,0,0,0
9.6999999999999993,0,0,0
9.7004999999999999,0,0,0
9.7010000000000005,0,0,0
9.7014999999999993,0,0,0
9.702,0,0,0
9.7025000000000006,0,0,0
9.7029999999999994,0,0,0
9.7035,0,0,0
9.7040000000000006,0,0,0
9.7044999999999995,0,0,0
9.7050000000000001,0,0,0
9.7055000000000007,0,0,0
9.7059999999999995,0,0,0
9.7065000000000001,0,0,0
9.7070000000000007,0,0,0
9.7074999999999996,0,0,0
9.7080000000000002,0,0,0
9.7085000000000008,0,0,0
9.7089999999999996,0,0,0
9.7095000000000002,0,0,0
9.7100000000000009,0,0,0
9.7104999999999997,0,0,0
9.7110000000000003,0,0,0
9.7114999999999991,0,0,0
9.7119999999999997,0,0,0
9.7125000000000004,0,0,0
9.7129999999999992,0,0,0
9.7134999999999998,0,0,0
9.7140000000000004,0,0,0
9.7144999999999992,0,0,0
9.7149999999999999,0,0,0
9.7155000000000005,0,0,0
9.7159999999999993,0,0,0
9.7164999999999999,0,0,0
9.7170000000000005,0,0,0
9.7174999999999994,0,0,0
9.718,0,0,0
9.7185000000000006,0,0,0
9.7189999999999994,0,0,0
9.7195,0,0,0
9.7200000000000006,0,0,0
9.7204999999999995,0,0,0
9.7210000000000001,0,0,0
9.7215000000000007,0,0,0
9.7219999999999995,0,0,0
9.7225000000000001,0,0,0
9.7230000000000008,0,0,0
9.7234999999999996,0,0,0
9.7240000000000002,0,0,0
9.7245000000000008,0,0,0
9.7249999999999996,0,0,0
9.7255000000000003,0,0,0
9.7260000000000009,0,0,0
9.7264999999999997,0,0,0
9.7270000000000003,0,0,0
9.7274999999999991,0,0,0
9.7279999999999998,0,0,0
9.7285000000000004,0,0,0
9.7289999999999992,0,0,0
9.7294999999999998,0,0,0
9.7300000000000004,0,0,0
9.7304999999999993,0,0,0
9.7309999999999999,0,0,0
9.7315000000000005,0,0,0
9.7319999999999993,0,0,0
9.7324999999999999,0,0,0
9.7330000000000005,0,0,0
9.7334999999999994,0,0,0
9.734,0,0,0
9.7345000000000006,0,0,0
9.7349999999999994,0,0,0
9.7355,0,0,0
9.7360000000000007,0,0,0
9.7364999999999995,0,0,0
9.7370000000000001,0,0,0
9.7375000000000007,0,0,0
9.7379999999999995,0,0,0
9.7385000000000002,0,0,0
9.7390000000000008,0,0,0
9.7394999999999996,0,0,0
9.7400000000000002,0,0,0
9.7405000000000008,0,0,0
9.7409999999999997,0,0,0
9.7415000000000003,0,0,0
9.7420000000000009,0,0,0
9.7424999999999997,0,0,0
9.7430000000000003,0,0,0
9.7434999999999992,0,0,0
9.7439999999999998,0,0,0
9.7445000000000004,0,0,0
9.7449999999999992,0,0,0
9.7454999999999998,0,0,0
9.7460000000000004,0,0,0
9.7464999999999993,0,0,0
9.7469999999999999,0,0,0
9.7475000000000005,0,0,0
9.7479999999999993,0,0,0
9.7484999999999999,0,0,0
9.7490000000000006,0,0,0
9.7494999999999994,0,0,0
9.75,0,0,0
9.7505000000000006,0,0,0
9.7509999999999994,0,0,0
9.7515000000000001,0,0,0
9.7520000000000007,0,0,0
9.7524999999999995,0,0,0
9.7530000000000001,0,0,0
9.7535000000000007,0,0,0
9.7539999999999996,0,0,0
9.7545000000000002,0,0,0
9.7550000000000008,0,0,0
9.7554999999999996,0,0,0
9.7560000000000002,0,0,0
9.7565000000000008,0,0,0
9.7569999999999997,0,0,0
9.7575000000000003,0,0,0
9.7579999999999991,0,0,0
9.7584999999999997,0,0,0
9.7590000000000003,0,0,0
9.7594999999999992,0,0,0
9.7599999999999998,0,0,0
9.7605000000000004,0,0,0
9.7609999999999992,0,0,0
9.7614999999999998,0,0,0
9.7620000000000005,0,0,0
9.7624999999999993,0,0,0
9.7629999999999999,0,0,0
9.7635000000000005,0,0,0
9.7639999999999993,0,0,0
9.7645,0,0,0
9.7650000000000006,0,0,0
9.7654999999999994,0,0,0
9.766,0,0,0
9.7665000000000006,0,0,0
9.7669999999999995,0,0,0
9.7675000000000001,0,0,0
9.7680000000000007,0,0,0
9.7684999999999995,0,0,0
9.7690000000000001,0,0,0
9.7695000000000007,0,0,0
9.7699999999999996,0,0,0
9.7705000000000002,0,0,0
9.7710000000000008,0,0,0
9.7714999999999996,0,0,0
9.7720000000000002,0,0,0
9.7725000000000009,0,0,0
9.7729999999999997,0,0,0
9.7735000000000003,0,0,0
9.7739999999999991,0,0,0
9.7744999999999997,0,0,0
9.7750000000000004,0,0,0
9.7754999999999992,0,0,0
9.7759999999999998,0,0,0
9.7765000000000004,0,0,0
9.7769999999999992,0,0,0
9.7774999999999999,0,0,0
9.7780000000000005,0,0,0
9.7784999999999993,0,0,0
9.7789999999999999,0,0,0
9.7795000000000005,0,0,0
9.7799999999999994,0,0,0
9.7805,0,0,0
9.7810000000000006,0,0,0
9.7814999999999994,0,0,0
9.782,0,0,0
9.7825000000000006,0,0,0
9.7829999999999995,0,0,0
9.7835000000000001,0,0,0
9.7840000000000007,0,0,0
9.7844999999999995,0,0,0
9.7850000000000001,0,0,0
9.7855000000000008,0,0,0
9.7859999999999996,0,0,0
9.7865000000000002,0,0,0
9.7870000000000008,0,0,0
9.7874999999999996,0,0,0
9.7880000000000003,0,0,0
9.7885000000000009,0,0,0
9.7889999999999997,0,0,0
9.7895000000000003,0,0,0
9.7899999999999991,0,0,0
9.7904999999999998,0,0,0
9.7910000000000004,0,0,0
9.7914999999999992,0,0,0
9.7919999999999998,0,0,0
9.7925000000000004,0,0,0
9.7929999999999993,0,0,0
9.7934999999999999,0,0,0
9.7940000000000005,0,0,0
9.7944999999999993,0,0,0
9.7949999999999999,0,0,0
9.7955000000000005,0,0,0
9.7959999999999994,0,0,0
9.7965,0,0,0
9.7970000000000006,0,0,0
9.7974999999999994,0,0,0
9.798,0,0,0
9.7985000000000007,0,0,0
9.7989999999999995,0,0,0
9.7995000000000001,0,0,0
9.8000000000000007,0,0,0
9.8004999999999995,0,0,0
9.8010000000000002,0,0,0
9.8015000000000008,0,0,0
9.8019999999999996,0,0,0
9.8025000000000002,0,0,0
9.8030000000000008,0,0,0
9.8034999999999997,0,0,0
9.8040000000000003,0,0,0
9.8045000000000009,0,0,0
9.8049999999999997,0,0,0
9.8055000000000003,0,0,0
9.8059999999999992,0,0,0
9.8064999999999998,0,0,0
9.8070000000000004,0,0,0
9.8074999999999992,0,0,0
9.8079999999999998,0,0,0
9.8085000000000004,0,0,0
9.8089999999999993,0,0,0
9.8094999999999999,0,0,0
9.8100000000000005,0,0,0
9.8104999999999993,0,0,0
9.8109999999999999,0,0,0
9.8115000000000006,0,0,0
9.8119999999999994,0,0,0
9.8125,0,0,0
9.8130000000000006,0,0,0
9.8134999999999994,0,0,0
9.8140000000000001,0,0,0
9.8145000000000007,0,0,0
9.8149999999999995,0,0,0
9.8155000000000001,0,0,0
9.8160000000000007,0,0,0
9.8164999999999996,0,0,0
9.8170000000000002,0,0,0
9.8175000000000008,0,0,0
9.8179999999999996,0,0,0
9.8185000000000002,0,0,0
9.8190000000000008,0,0,0
9.8194999999999997,0,0,0
9.8200000000000003,0,0,0
9.8204999999999991,0,0,0
9.8209999999999997,0,0,0
9.8215000000000003,0,0,0
9.8219999999999992,0,0,0
9.8224999999999998,0,0,0
9.8230000000000004,0,0,0
9.8234999999999992,0,0,0
9.8239999999999998,0,0,0
9.8245000000000005,0,0,0
9.8249999999999993,0,0,0
9.8254999999999999,0,0,0
9.8260000000000005,0,0,0
9.8264999999999993,0,0,0
9.827,0,0,0
9.8275000000000006,0,0,0
9.8279999999999994,0,0,0
9.8285,0,0,0
9.8290000000000006,0,0,0
9.8294999999999995,0,0,0
9.8300000000000001,0,0,0
9.8305000000000007,0,0,0
9.8309999999999995,0,0,0
9.8315000000000001,0,0,0
9.8320000000000007,0,0,0
9.8324999999999996,0,0,0
9.8330000000000002,0,0,0
9.8335000000000008,0,0,0
9.8339999999999996,0,0,0
9.8345000000000002,0,0,0
9.8350000000000009,0,0,0
9.8354999999999997,0,0,0
9.8360000000000003,0,0,0
9.8364999999999991,0,0,0
9.8369999999999997,0,0,0
9.8375000000000004,0,0,0
9.8379999999999992,0,0,0
9.8384999999999998,0,0,0
9.8390000000000004,0,0,0
9.8394999999999992,0,0,0
9.8399999999999999,0,0,0
9.8405000000000005,0,0,0
9.8409999999999993,0,0,0
9.8414999999999999,0,0,0
9.8420000000000005,0,0,0
9.8424999999999994,0,0,0
9.843,0,0,0
9.8435000000000006,0,0,0
9.8439999999999994,0,0,0
9.8445,0,0,0
9.8450000000000006,0,0,0
9.8454999999999995,0,0,0
9.8460000000000001,0,0,0
9.8465000000000007,0,0,0
9.8469999999999995,0,0,0
9.8475000000000001,0,0,0
9.8480000000000008,0,0,0
9.8484999999999996,0,0,0
9.8490000000000002,0,0,0
9.8495000000000008,0,0,0
9.8499999999999996,0,0,0
9.8505000000000003,0,0,0
9.8510000000000009,0,0,0
9.8514999999999997,0,0,0
9.8520000000000003,0,0,0
9.8524999999999991,0,0,0
9.8529999999999998,0,0,0
9.8535000000000004,0,0,0
9.8539999999999992,0,0,0
9.8544999999999998,0,0,0
9.8550000000000004,0,0,0
9.8554999999999993,0,0,0
9.8559999999999999,0,0,0
9.8565000000000005,0,0,0
9.8569999999999993,0,0,0
9.8574999999999999,0,0,0
9.8580000000000005,0,0,0
9.8584999999999994,0,0,0
9.859,0,0,0
9.8595000000000006,0,0,0
9.8599999999999994,0,0,0
9.8605,0,0,0
9.8610000000000007,0,0,0
9.8614999999999995,0,0,0
9.8620000000000001,0,0,0
9.8625000000000007,0,0,0
9.8629999999999995,0,0,0
9.8635000000000002,0,0,0
9.8640000000000008,0,0,0
9.8644999999999996,0,0,0
9.8650000000000002,0,0,0
9.8655000000000008,0,0,0
9.8659999999999997,0,0,0
9.8665000000000003,0,0,0
9.8670000000000009,0,0,0
9.8674999999999997,0,0,0
9.8680000000000003,0,0,0
9.8684999999999992,0,0,0
9.8689999999999998,0,0,0
9.8695000000000004,0,0,0
9.8699999999999992,0,0,0
9.8704999999999998,0,0,0
9.8710000000000004,0,0,0
9.8714999999999993,0,0,0
9.8719999999999999,0,0,0
9.8725000000000005,0,0,0
9.8729999999999993,0,0,0
9.8734999999999999,0,0,0
9.8740000000000006,0,0,0
9.8744999999999994,0,0,0
9.875,0,0,0
9.8755000000000006,0,0,0
9.8759999999999994,0,0,0
9.8765000000000001,0,0,0
9.8770000000000007,0,0,0
9.8774999999999995,0,0,0
9.8780000000000001,0,0,0
9.8785000000000007,0,0,0
9.8789999999999996,0,0,0
9.8795000000000002,0,0,0
9.8800000000000008,0,0,0
9.8804999999999996,0,0,0
9.8810000000000002,0,0,0
9.8815000000000008,0,0,0
9.8819999999999997,0,0,0
9.8825000000000003,0,0,0
9.8829999999999991,0,0,0
9.8834999999999997,0,0,0
9.8840000000000003,0,0,0
9.8844999999999992,0,0,0
9.8849999999999998,0,0,0
9.8855000000000004,0,0,0
9.8859999999999992,0,0,0
9.8864999999999998,0,0,0
9.8870000000000005,0,0,0
9.8874999999999993,0,0,0
9.8879999999999999,0,0,0
9.8885000000000005,0,0,0
9.8889999999999993,0,0,0
9.8895,0,0,0
9.8900000000000006,0,0,0
9.8904999999999994,0,0,0
9.891,0,0,0
9.8915000000000006,0,0,0
9.8919999999999995,0,0,0
9.8925000000000001,0,0,0
9.8930000000000007,0,0,0
9.8934999999999995,0,0,0
9.8940000000000001,0,0,0
9.8945000000000007,0,0,0
9.8949999999999996,0,0,0
9.8955000000000002,0,0,0
9.8960000000000008,0,0,0
9.8964999999999996,0,0,0
9.8970000000000002,0,0,0
9.8975000000000009,0,0,0
9.8979999999999997,0,0,0
9.8985000000000003,0,0,0
9.8989999999999991,0,0,0
9.8994999999999997,0,0,0
9.9000000000000004,0,0,0
9.9004999999999992,0,0,0
9.9009999999999998,0,0,0
9.9015000000000004,0,0,0
9.9019999999999992,0,0,0
9.9024999999999999,0,0,0
9.9030000000000005,0,0,0
9.9034999999999993,0,0,0
9.9039999999999999,0,0,0
9.9045000000000005,0,0,0
9.9049999999999994,0,0,0
9.9055,0,0,0
9.9060000000000006,0,0,0
9.9064999999999994,0,0,0
9.907,0,0,0
9.9075000000000006,0,0,0
9.9079999999999995,0,0,0
9.9085000000000001,0,0,0
9.9090000000000007,0,0,0
9.9094999999999995,0,0,0
9.9100000000000001,0,0,0
9.9105000000000008,0,0,0
9.9109999999999996,0,0,0
9.9115000000000002,0,0,0
9.9120000000000008,0,0,0
9.9124999999999996,0,0,0
9.9130000000000003,0,0,0
9.9135000000000009,0,0,0
9.9139999999999997,0,0,0
9.9145000000000003,0,0,0
9.9149999999999991,0,0,0
9.9154999999999998,0,0,0
9.9160000000000004,0,0,0
9.9164999999999992,0,0,0
9.9169999999999998,0,0,0
9.9175000000000004,0,0,0
9.9179999999999993,0,0,0
9.9184999999999999,0,0,0
9.9190000000000005,0,0,0
9.9194999999999993,0,0,0
9.9199999999999999,0,0,0
9.9205000000000005,0,0,0
9.9209999999999994,0,0,0
9.9215,0,0,0
9.9220000000000006,0,0,0
9.9224999999999994,0,0,0
9.923,0,0,0
9.9235000000000007,0,0,0
9.9239999999999995,0,0,0
9.9245000000000001,0,0,0
9.9250000000000007,0,0,0
9.9254999999999995,0,0,0
9.9260000000000002,0,0,0
9.9265000000000008,0,0,0
9.9269999999999996,0,0,0
9.9275000000000002,0,0,0
9.9280000000000008,0,0,0
9.9284999999999997,0,0,0
9.9290000000000003,0,0,0
9.9295000000000009,0,0,0
9.9299999999999997,0,0,0
9.9305000000000003,0,0,0
9.9309999999999992,0,0,0
9.9314999999999998,0,0,0
9.9320000000000004,0,0,0
9.9324999999999992,0,0,0
9.9329999999999998,0,0,0
9.9335000000000004,0,0,0
9.9339999999999993,0,0,0
9.9344999999999999,0,0,0
9.9350000000000005,0,0,0
9.9354999999999993,0,0,0
9.9359999999999999,0,0,0
9.9365000000000006,0,0,0
9.9369999999999994,0,0,0
9.9375,0,0,0
9.9380000000000006,0,0,0
9.9384999999999994,0,0,0
9.9390000000000001,0,0,0
9.9395000000000007,0,0,0
9.9399999999999995,0,0,0
9.9405000000000001,0,0,0
9.9410000000000007,0,0,0
9.9414999999999996,0,0,0
9.9420000000000002,0,0,0
9.9425000000000008,0,0,0
9.9429999999999996,0,0,0
9.9435000000000002,0,0,0
9.9440000000000008,0,0,0
9.9444999999999997,0,0,0
9.9450000000000003,0,0,0
9.9454999999999991,0,0,0
9.9459999999999997,0,0,0
9.9465000000000003,0,0,0
9.9469999999999992,0,0,0
9.9474999999999998,0,0,0
9.9480000000000004,0,0,0
9.9484999999999992,0,0,0
9.9489999999999998,0,0,0
9.9495000000000005,0,0,0
9.9499999999999993,0,0,0
9.9504999999999999,0,0,0
9.9510000000000005,0,0,0
9.9514999999999993,0,0,0
9.952,0,0,0
9.9525000000000006,0,0,0
9.9529999999999994,0,0,0
9.9535,0,0,0
9.9540000000000006,0,0,0
9.9544999999999995,0,0,0
9.9550000000000001,0,0,0
9.9555000000000007,0,0,0
9.9559999999999995,0,0,0
9.9565000000000001,0,0,0
9.9570000000000007,0,0,0
9.9574999999999996,0,0,0
9.9580000000000002,0,0,0
9.9585000000000008,0,0,0
9.9589999999999996,0,0,0
9.9595000000000002,0,0,0
9.9600000000000009,0,0,0
9.9604999999999997,0,0,0
9.9610000000000003,0,0,0
9.9614999999999991,0,0,0
9.9619999999999997,0,0,0
9.9625000000000004,0,0,0
9.9629999999999992,0,0,0
9.9634999999999998,0,0,0
9.9640000000000004,0,0,0
9.9644999999999992,0,0,0
9.9649999999999999,0,0,0
9.9655000000000005,0,0,0
9.9659999999999993,0,0,0
9.9664999999999999,0,0,0
9.9670000000000005,0,0,0
9.9674999999999994,0,0,0
9.968,0,0,0
9.9685000000000006,0,0,0
9.9689999999999994,0,0,0
9.9695,0,0,0
9.9700000000000006,0,0,0
9.9704999999999995,0,0,0
9.9710000000000001,0,0,0
9.9715000000000007,0,0,0
9.9719999999999995,0,0,0
9.9725000000000001,0,0,0
9.9730000000000008,0,0,0
9.9734999999999996,0,0,0
9.9740000000000002,0,0,0
9.9745000000000008,0,0,0
9.9749999999999996,0,0,0
9.9755000000000003,0,0,0
9.9760000000000009,0,0,0
9.9764999999999997,0,0,0
9.9770000000000003,0,0,0
9.9774999999999991,0,0,0
9.9779999999999998,0,0,0
9.9785000000000004,0,0,0
9.9789999999999992,0,0,0
9.9794999999999998,0,0,0
9.9800000000000004,0,0,0
9.9804999999999993,0,0,0
9.9809999999999999,0,0,0
9.9815000000000005,0,0,0
9.9819999999999993,0,0,0
9.9824999999999999,0,0,0
9.9830000000000005,0,0,0
9.9834999999999994,0,0,0
9.984,0,0,0
9.9845000000000006,0,0,0
9.9849999999999994,0,0,0
9.9855,0,0,0
9.9860000000000007,0,0,0
9.9864999999999995,0,0,0
9.9870000000000001,0,0,0
9.9875000000000007,0,0,0
9.9879999999999995,0,0,0
9.9885000000000002,0,0,0
9.9890000000000008,0,0,0
9.9894999999999996,0,0,0
9.9900000000000002,0,0,0
9.9905000000000008,0,0,0
9.9909999999999997,0,0,0
9.9915000000000003,0,0,0
9.9920000000000009,0,0,0
9.9924999999999997,0,0,0
9.9930000000000003,0,0,0
9.9934999999999992,0,0,0
9.9939999999999998,0,0,0
9.9945000000000004,0,0,0
9.9949999999999992,0,0,0
9.9954999999999998,0,0,0
9.9960000000000004,0,0,0
9.9964999999999993,0,0,0
9.9969999999999999,0,0,0
9.9975000000000005,0,0,0
9.9979999999999993,0,0,0
9.9984999999999999,0,0,0
9.9990000000000006,0,0,0
9.9994999999999994,0,0,0
10,0,0,0
10.000500000000001,0,0,0
10.000999999999999,0,0,0
10.0015,0,0,0
10.002000000000001,0,0,0
10.0025,0,0,0
10.003,0,0,0
10.003500000000001,0,0,0
10.004,0,0,0
10.0045,0,0,0
10.005000000000001,0,0,0
10.0055,0,0,0
10.006,0,0,0
10.006500000000001,0,0,0
10.007,0,0,0
10.0075,0,0,0
10.007999999999999,0,0,0
10.0085,0,0,0
10.009,0,0,0
10.009499999999999,0,0,0
10.01,0,0,0
10.0105,0,0,0
10.010999999999999,0,0,0
10.0115,0,0,0
10.012,0,0,0
10.012499999999999,0,0,0
10.013,0,0,0
10.013500000000001,0,0,0
10.013999999999999,0,0,0
10.0145,0,0,0
10.015000000000001,0,0,0
10.015499999999999,0,0,0
10.016,0,0,0
10.016500000000001,0,0,0
10.016999999999999,0,0,0
10.0175,0,0,0
10.018000000000001,0,0,0
10.0185,0,0,0
10.019,0,0,0
10.019500000000001,0,0,0
10.02,0,0,0
10.0205,0,0,0
10.021000000000001,0,0,0
10.0215,0,0,0
10.022,0,0,0
10.022500000000001,0,0,0
10.023,0,0,0
10.0235,0,0,0
10.023999999999999,0,0,0
10.0245,0,0,0
10.025,0,0,0
10.025499999999999,0,0,0
10.026,0,0,0
10.0265,0,0,0
10.026999999999999,0,0,0
10.0275,0,0,0
10.028,0,0,0
10.028499999999999,0,0,0
10.029,0,0,0
10.029500000000001,0,0,0
10.029999999999999,0,0,0
10.0305,0,0,0
10.031000000000001,0,0,0
10.031499999999999,0,0,0
10.032,0,0,0
10.032500000000001,0,0,0
10.032999999999999,0,0,0
10.0335,0,0,0
10.034000000000001,0,0,0
10.0345,0,0,0
10.035,0,0,0
10.035500000000001,0,0,0
10.036,0,0,0
10.0365,0,0,0
10.037000000000001,0,0,0
10.0375,0,0,0
10.038,0,0,0
10.038500000000001,0,0,0
10.039,0,0,0
10.0395,0,0,0
10.039999999999999,0,0,0
10.0405,0,0,0
10.041,0,0,0
10.041499999999999,0,0,0
10.042,0,0,0
10.0425,0,0,0
10.042999999999999,0,0,0
10.0435,0,0,0
10.044,0,0,0
10.044499999999999,0,0,0
10.045,0,0,0
10.045500000000001,0,0,0
10.045999999999999,0,0,0
10.0465,0,0,0
10.047000000000001,0,0,0
10.047499999999999,0,0,0
10.048,0,0,0
10.048500000000001,0,0,0
10.048999999999999,0,0,0
10.0495,0,0,0
10.050000000000001,0,0,0
10.0505,0,0,0
10.051,0,0,0
10.051500000000001,0,0,0
10.052,0,0,0
10.0525,0,0,0
10.053000000000001,0,0,0
10.0535,0,0,0
10.054,0,0,0
10.054500000000001,0,0,0
10.055,0,0,0
10.0555,0,0,0
10.055999999999999,0,0,0
10.0565,0,0,0
10.057,0,0,0
10.057499999999999,0,0,0
10.058,0,0,0
10.0585,0,0,0
10.058999999999999,0,0,0
10.0595,0,0,0
10.06,0,0,0
10.060499999999999,0,0,0
10.061,0,0,0
10.061500000000001,0,0,0
10.061999999999999,0,0,0
10.0625,0,0,0
10.063000000000001,0,0,0
10.063499999999999,0,0,0
10.064,0,0,0
10.064500000000001,0,0,0
10.065,0,0,0
10.0655,0,0,0
10.066000000000001,0,0,0
10.0665,0,0,0
10.067,0,0,0
10.067500000000001,0,0,0
10.068,0,0,0
10.0685,0,0,0
10.069000000000001,0,0,0
10.0695,0,0,0
10.07,0,0,0
10.070499999999999,0,0,0
10.071,0,0,0
10.0715,0,0,0
10.071999999999999,0,0,0
10.0725,0,0,0
10.073,0,0,0
10.073499999999999,0,0,0
10.074,0,0,0
10.0745,0,0,0
10.074999999999999,0,0,0
10.0755,0,0,0
10.076000000000001,0,0,0
10.076499999999999,0,0,0
10.077,0,0,0
10.077500000000001,0,0,0
10.077999999999999,0,0,0
10.0785,0,0,0
10.079000000000001,0,0,0
10.079499999999999,0,0,0
10.08,0,0,0
10.080500000000001,0,0,0
10.081,0,0,0
10.0815,0,0,0
10.082000000000001,0,0,0
10.0825,0,0,0
10.083,0,0,0
10.083500000000001,0,0,0
10.084,0,0,0
10.0845,0,0,0
10.085000000000001,0,0,0
10.0855,0,0,0
10.086,0,0,0
10.086499999999999,0,0,0
10.087,0,0,0
10.0875,0,0,0
10.087999999999999,0,0,0
10.0885,0,0,0
10.089,0,0,0
10.089499999999999,0,0,0
10.09,0,0,0
10.0905,0,0,0
10.090999999999999,0,0,0
10.0915,0,0,0
10.092000000000001,0,0,0
10.092499999999999,0,0,0
10.093,0,0,0
10.093500000000001,0,0,0
10.093999999999999,0,0,0
10.0945,0,0,0
10.095000000000001,0,0,0
10.095499999999999,0,0,0
10.096,0,0,0
10.096500000000001,0,0,0
10.097,0,0,0
10.0975,0,0,0
10.098000000000001,0,0,0
10.0985,0,0,0
10.099,0,0,0
10.099500000000001,0,0,0
10.1,0,0,0
10.1005,0,0,0
10.101000000000001,0,0,0
10.1015,0,0,0
10.102,0,0,0
10.102499999999999,0,0,0
10.103,0,0,0
10.1035,0,0,0
10.103999999999999,0,0,0
10.1045,0,0,0
10.105,0,0,0
10.105499999999999,0,0,0
10.106,0,0,0
10.1065,0,0,0
10.106999999999999,0,0,0
10.1075,0,0,0
10.108000000000001,0,0,0
10.108499999999999,0,0,0
10.109,0,0,0
10.109500000000001,0,0,0
10.109999999999999,0,0,0
10.1105,0,0,0
10.111000000000001,0,0,0
10.111499999999999,0,0,0
10.112,0,0,0
10.112500000000001,0,0,0
10.113,0,0,0
10.1135,0,0,0
10.114000000000001,0,0,0
10.1145,0,0,0
10.115,0,0,0
10.115500000000001,0,0,0
10.116,0,0,0
10.1165,0,0,0
10.117000000000001,0,0,0
10.1175,0,0,0
10.118,0,0,0
10.118499999999999,0,0,0
10.119,0,0,0
10.1195,0,0,0
10.119999999999999,0,0,0
10.1205,0,0,0
10.121,0,0,0
10.121499999999999,0,0,0
10.122,0,0,0
10.1225,0,0,0
10.122999999999999,0,0,0
10.1235,0,0,0
10.124000000000001,0,0,0
10.124499999999999,0,0,0
10.125,0,0,0
10.125500000000001,0,0,0
10.125999999999999,0,0,0
10.1265,0,0,0
10.127000000000001,0,0,0
10.1275,0,0,0
10.128,0,0,0
10.128500000000001,0,0,0
10.129,0,0,0
10.1295,0,0,0
10.130000000000001,0,0,0
10.1305,0,0,0
10.131,0,0,0
10.131500000000001,0,0,0
10.132,0,0,0
10.1325,0,0,0
10.132999999999999,0,0,0
10.1335,0,0,0
10.134,0,0,0
10.134499999999999,0,0,0
10.135,0,0,0
10.1355,0,0,0
10.135999999999999,0,0,0
10.1365,0,0,0
10.137,0,0,0
10.137499999999999,0,0,0
10.138,0,0,0
10.138500000000001,0,0,0
10.138999999999999,0,0,0
10.1395,0,0,0
10.140000000000001,0,0,0
10.140499999999999,0,0,0
10.141,0,0,0
10.141500000000001,0,0,0
10.141999999999999,0,0,0
10.1425,0,0,0
10.143000000000001,0,0,0
10.1435,0,0,0
10.144,0,0,0
10.144500000000001,0,0,0
10.145,0,0,0
10.1455,0,0,0
10.146000000000001,0,0,0
10.1465,0,0,0
10.147,0,0,0
10.147500000000001,0,0,0
10.148,0,0,0
10.1485,0,0,0
10.148999999999999,0,0,0
10.1495,0,0,0
10.15,0,0,0
10.150499999999999,0,0,0
10.151,0,0,0
10.1515,0,0,0
10.151999999999999,0,0,0
10.1525,0,0,0
10.153,0,0,0
10.153499999999999,0,0,0
10.154,0,0,0
10.154500000000001,0,0,0
10.154999999999999,0,0,0
10.1555,0,0,0
10.156000000000001,0,0,0
10.156499999999999,0,0,0
10.157,0,0,0
10.157500000000001,0,0,0
10.157999999999999,0,0,0
10.1585,0,0,0
10.159000000000001,0,0,0
10.1595,0,0,0
10.16,0,0,0
10.160500000000001,0,0,0
10.161,0,0,0
10.1615,0,0,0
10.162000000000001,0,0,0
10.1625,0,0,0
10.163,0,0,0
10.163500000000001,0,0,0
10.164,0,0,0
10.1645,0,0,0
10.164999999999999,0,0,0
10.1655,0,0,0
10.166,0,0,0
10.166499999999999,0,0,0
10.167,0,0,0
10.1675,0,0,0
10.167999999999999,0,0,0
10.1685,0,0,0
10.169,0,0,0
10.169499999999999,0,0,0
10.17,0,0,0
10.170500000000001,0,0,0
10.170999999999999,0,0,0
10.1715,0,0,0
10.172000000000001,0,0,0
10.172499999999999,0,0,0
10.173,0,0,0
10.173500000000001,0,0,0
10.173999999999999,0,0,0
10.1745,0,0,0
10.175000000000001,0,0,0
10.1755,0,0,0
10.176,0,0,0
10.176500000000001,0,0,0
10.177,0,0,0
10.1775,0,0,0
10.178000000000001,0,0,0
10.1785,0,0,0
10.179,0,0,0
10.179500000000001,0,0,0
10.18,0,0,0
10.1805,0,0,0
10.180999999999999,0,0,0
10.1815,0,0,0
10.182,0,0,0
10.182499999999999,0,0,0
10.183,0,0,0
10.1835,0,0,0
10.183999999999999,0,0,0
10.1845,0,0,0
10.185,0,0,0
10.185499999999999,0,0,0
10.186,0,0,0
10.186500000000001,0,0,0
10.186999999999999,0,0,0
10.1875,0,0,0
10.188000000000001,0,0,0
10.188499999999999,0,0,0
10.189,0,0,0
10.189500000000001,0,0,0
10.19,0,0,0
10.1905,0,0,0
10.191000000000001,0,0,0
10.1915,0,0,0
10.192,0,0,0
10.192500000000001,0,0,0
10.193,0,0,0
10.1935,0,0,0
10.194000000000001,0,0,0
10.1945,0,0,0
10.195,0,0,0
10.195499999999999,0,0,0
10.196,0,0,0
10.1965,0,0,0
10.196999999999999,0,0,0
10.1975,0,0,0
10.198,0,0,0
10.198499999999999,0,0,0
10.199,0,0,0
10.1995,0,0,0
10.199999999999999,0,0,0
10.2005,0,0,0
10.201000000000001,0,0,0
10.201499999999999,0,0,0
10.202,0,0,0
10.202500000000001,0,0,0
10.202999999999999,0,0,0
10.2035,0,0,0
10.204000000000001,0,0,0
10.204499999999999,0,0,0
10.205,0,0,0
10.205500000000001,0,0,0
10.206,0,0,0
10.2065,0,0,0
10.207000000000001,0,0,0
10.2075,0,0,0
10.208,0,0,0
10.208500000000001,0,0,0
10.209,0,0,0
10.2095,0,0,0
10.210000000000001,0,0,0
10.2105,0,0,0
10.211,0,0,0
10.211499999999999,0,0,0
10.212,0,0,0
10.2125,0,0,0
10.212999999999999,0,0,0
10.2135,0,0,0
10.214,0,0,0
10.214499999999999,0,0,0
10.215,0,0,0
10.2155,0,0,0
10.215999999999999,0,0,0
10.2165,0,0,0
10.217000000000001,0,0,0
10.217499999999999,0,0,0
10.218,0,0,0
10.218500000000001,0,0,0
10.218999999999999,0,0,0
10.2195,0,0,0
10.220000000000001,0,0,0
10.220499999999999,0,0,0
10.221,0,0,0
10.221500000000001,0,0,0
10.222,0,0,0
10.2225,0,0,0
10.223000000000001,0,0,0
10.2235,0,0,0
10.224,0,0,0
10.224500000000001,0,0,0
10.225,0,0,0
10.2255,0,0,0
10.226000000000001,0,0,0
10.2265,0,0,0
10.227,0,0,0
10.227499999999999,0,0,0
10.228,0,0,0
10.2285,0,0,0
10.228999999999999,0,0,0
10.2295,0,0,0
10.23,0,0,0
10.230499999999999,0,0,0
10.231,0,0,0
10.2315,0,0,0
10.231999999999999,0,0,0
10.2325,0,0,0
10.233000000000001,0,0,0
10.233499999999999,0,0,0
10.234,0,0,0
10.234500000000001,0,0,0
10.234999999999999,0,0,0
10.2355,0,0,0
10.236000000000001,0,0,0
10.236499999999999,0,0,0
10.237,0,0,0
10.237500000000001,0,0,0
10.238,0,0,0
10.2385,0,0,0
10.239000000000001,0,0,0
10.2395,0,0,0
10.24,0,0,0
10.240500000000001,0,0,0
10.241,0,0,0
10.2415,0,0,0
10.242000000000001,0,0,0
10.2425,0,0,0
10.243,0,0,0
10.243499999999999,0,0,0
10.244,0,0,0
10.2445,0,0,0
10.244999999999999,0,0,0
10.2455,0,0,0
10.246,0,0,0
10.246499999999999,0,0,0
10.247,0,0,0
10.2475,0,0,0
10.247999999999999,0,0,0
10.2485,0,0,0
10.249000000000001,0,0,0
10.249499999999999,0,0,0
10.25,0,0,0
10.250500000000001,0,0,0
10.250999999999999,0,0,0
10.2515,0,0,0
10.252000000000001,0,0,0
10.2525,0,0,0
10.253,0,0,0
10.253500000000001,0,0,0
10.254,0,0,0
10.2545,0,0,0
10.255000000000001,0,0,0
10.2555,0,0,0
10.256,0,0,0
10.256500000000001,0,0,0
10.257,0,0,0
10.2575,0,0,0
10.257999999999999,0,0,0
10.2585,0,0,0
10.259,0,0,0
10.259499999999999,0,0,0
10.26,0,0,0
10.2605,0,0,0
10.260999999999999,0,0,0
10.2615,0,0,0
10.262,0,0,0
10.262499999999999,0,0,0
10.263,0,0,0
10.263500000000001,0,0,0
10.263999999999999,0,0,0
10.2645,0,0,0
10.265000000000001,0,0,0
10.265499999999999,0,0,0
10.266,0,0,0
10.266500000000001,0,0,0
10.266999999999999,0,0,0
10.2675,0,0,0
10.268000000000001,0,0,1
10.2685,0,0,1
10.269,0,0,0
10.269500000000001,0,0,0
10.27,0,0,0
10.2705,0,0,0
10.271000000000001,0,0,0
10.2715,0,0,0
10.272,0,0,0
10.272500000000001,0,0,0
10.273,0,0,0
10.2735,0,0,0
10.273999999999999,0,0,0
10.2745,0,0,0
10.275,0,0,0
10.275499999999999,0,0,0
10.276,0,0,0
10.2765,0,0,0
10.276999999999999,0,0,0
10.2775,0,0,0
10.278,0,0,0
10.278499999999999,0,0,0
10.279,0,0,0
10.279500000000001,0,0,0
10.279999999999999,0,0,0
10.2805,0,0,0
10.281000000000001,0,0,0
10.281499999999999,0,0,0
10.282,0,0,0
10.282500000000001,0,0,0
10.282999999999999,0,0,0
10.2835,0,0,0
10.284000000000001,0,0,0
10.2845,0,0,0
10.285,0,0,0
10.285500000000001,0,0,0
10.286,0,0,0
10.2865,0,0,0
10.287000000000001,0,0,0
10.2875,0,0,0
10.288,0,0,0
10.288500000000001,0,0,0
10.289,0,0,0
10.2895,0,0,0
10.289999999999999,0,0,0
10.2905,0,0,0
10.291,0,0,0
10.291499999999999,0,0,0
10.292,0,0,0
10.2925,0,0,0
10.292999999999999,0,0,0
10.2935,0,0,0
10.294,0,0,0
10.294499999999999,0,0,0
10.295,0,0,0
10.295500000000001,0,0,1
10.295999999999999,0,0,1
10.2965,0,0,0
10.297000000000001,0,0,0
10.297499999999999,0,0,0
10.298,0,0,0
10.298500000000001,0,0,0
10.298999999999999,0,0,0
10.2995,0,0,0
10.300000000000001,0,0,0
10.3005,0,0,0
10.301,0,0,0
10.301500000000001,0,0,0
10.302,0,0,0
10.3025,0,0,0
10.303000000000001,0,0,0
10.3035,0,0,0
10.304,0,0,0
10.304500000000001,0,0,0
10.305,0,0,0
10.3055,0,0,0
10.305999999999999,0,0,0
10.3065,0,0,0
10.307,0,0,0
10.307499999999999,0,0,0
10.308,0,0,0
10.3085,0,0,0
10.308999999999999,0,0,0
10.3095,0,0,0
10.31,0,0,0
10.310499999999999,0,1,0
10.311,0,1,0
10.311500000000001,0,0,0
10.311999999999999,0,0,0
10.3125,0,0,0
10.313000000000001,0,0,0
10.313499999999999,0,0,0
10.314,0,0,0
10.314500000000001,0,0,0
10.315,0,0,0
10.3155,0,0,0
10.316000000000001,0,0,0
10.3165,0,0,0
10.317,0,0,0
10.317500000000001,0,0,0
10.318,0,0,0
10.3185,0,0,0
10.319000000000001,0,0,0
10.3195,0,0,0
10.32,0,0,0
10.320499999999999,0,0,0
10.321,0,0,0
10.3215,0,0,0
10.321999999999999,0,0,0
10.3225,0,0,0
10.323,0,0,0
10.323499999999999,0,0,0
10.324,0,0,0
10.3245,0,0,0
10.324999999999999,0,0,0
10.3255,0,0,0
10.326000000000001,0,0,0
10.326499999999999,0,0,0
10.327,0,0,0
10.327500000000001,0,0,0
10.327999999999999,0,0,0
10.3285,0,1,0
10.329000000000001,0,1,0
10.329499999999999,0,0,0
10.33,0,0,0
10.330500000000001,0,0,0
10.331,0,0,0
10.3315,0,0,0
10.332000000000001,0,0,0
10.3325,0,0,0
10.333,0,0,0
10.333500000000001,0,0,0
10.334,0,0,0
10.3345,0,0,0
10.335000000000001,0,0,0
10.3355,0,0,0
10.336,0,0,0
10.336499999999999,0,0,0
10.337,0,0,0
10.3375,0,0,0
10.337999999999999,0,0,0
10.3385,0,0,0
10.339,0,0,0
10.339499999999999,0,0,0
10.34,0,0,0
10.3405,0,0,0
10.340999999999999,0,0,0
10.3415,0,0,0
10.342000000000001,0,0,0
10.342499999999999,0,0,0
10.343,0,0,0
10.343500000000001,0,0,0
10.343999999999999,0,0,0
10.3445,0,0,0
10.345000000000001,0,0,0
10.345499999999999,0,0,0
10.346,0,0,0
10.346500000000001,0,0,0
10.347,0,0,0
10.3475,0,1,0
10.348000000000001,0,1,0
10.3485,0,0,0
10.349,0,0,0
10.349500000000001,0,0,0
10.35,0,0,0
10.3505,0,0,0
10.351000000000001,0,0,0
10.3515,0,0,0
10.352,0,0,0
10.352499999999999,0,0,0
10.353,0,0,0
10.3535,0,0,0
10.353999999999999,0,0,0
10.3545,0,0,0
10.355,0,0,0
10.355499999999999,0,0,0
10.356,0,0,0
10.3565,0,0,0
10.356999999999999,0,0,0
10.3575,0,0,0
10.358000000000001,0,0,0
10.358499999999999,0,0,0
10.359,0,0,0
10.359500000000001,0,0,0
10.359999999999999,0,0,0
10.3605,0,0,0
10.361000000000001,0,0,0
10.361499999999999,0,0,0
10.362,0,0,0
10.362500000000001,0,0,0
10.363,0,0,0
10.3635,0,0,0
10.364000000000001,0,0,0
10.3645,0,0,0
10.365,0,0,0
10.365500000000001,0,0,0
10.366,0,0,0
10.3665,0,0,0
10.367000000000001,0,0,0
10.3675,0,0,0
10.368,0,0,0
10.368499999999999,0,0,0
10.369,0,0,0
10.3695,0,0,0
10.369999999999999,0,0,0
10.3705,0,0,0
10.371,0,0,0
10.371499999999999,0,0,0
10.372,0,0,0
10.3725,0,0,0
10.372999999999999,0,0,0
10.3735,0,0,0
10.374000000000001,0,0,0
10.374499999999999,0,0,0
10.375,0,0,0
10.375500000000001,0,0,0
10.375999999999999,0,0,0
10.3765,0,0,0
10.377000000000001,0,0,0
10.3775,0,0,0
10.378,0,0,0
10.378500000000001,0,0,0
10.379,0,0,0
10.3795,0,0,0
10.380000000000001,0,0,0
10.3805,0,0,0
10.381,0,0,0
10.381500000000001,0,0,0
10.382,0,0,0
10.3825,0,0,0
10.382999999999999,0,0,0
10.3835,0,0,0
10.384,0,0,0
10.384499999999999,0,0,0
10.385,0,0,0
10.3855,0,0,0
10.385999999999999,0,0,0
10.3865,0,0,0
10.387,0,0,0
10.387499999999999,0,0,0
10.388,0,0,0
10.388500000000001,0,0,0
10.388999999999999,0,0,0
10.3895,0,0,0
10.390000000000001,0,0,0
10.390499999999999,0,0,0
10.391,0,0,0
10.391500000000001,0,0,0
10.391999999999999,0,0,0
10.3925,0,0,0
10.393000000000001,0,0,0
10.3935,0,0,0
10.394,0,0,0
10.394500000000001,0,0,0
10.395,0,0,0
10.3955,0,0,0
10.396000000000001,0,0,0
10.3965,0,0,0
10.397,0,0,0
10.397500000000001,0,0,0
10.398,0,0,0
10.3985,0,0,0
10.398999999999999,0,0,0
10.3995,0,0,0
10.4,0,0,0
10.400499999999999,0,0,0
10.401,0,0,0
10.4015,0,0,0
10.401999999999999,0,0,0
10.4025,0,0,0
10.403,0,0,0
10.403499999999999,0,0,0
10.404,0,0,0
10.404500000000001,0,0,0
10.404999999999999,0,0,0
10.4055,0,0,0
10.406000000000001,0,0,0
10.406499999999999,0,0,0
10.407,0,0,0
10.407500000000001,0,0,0
10.407999999999999,0,0,0
10.4085,0,0,0
10.409000000000001,0,0,0
10.4095,0,0,0
10.41,0,0,0
10.410500000000001,0,0,0
10.411,0,0,0
10.4115,0,0,0
10.412000000000001,0,0,0
10.4125,0,0,0
10.413,0,0,0
10.413500000000001,0,0,0
10.414,0,0,0
10.4145,0,0,0
10.414999999999999,0,0,0
10.4155,0,0,0
10.416,0,0,0
10.416499999999999,0,0,0
10.417,0,0,0
10.4175,0,0,0
10.417999999999999,0,0,0
10.4185,0,0,0
10.419,0,0,0
10.419499999999999,0,0,0
10.42,0,0,0
10.420500000000001,0,0,0
10.420999999999999,0,0,0
10.4215,0,0,0
10.422000000000001,0,0,0
10.422499999999999,0,0,0
10.423,0,0,0
10.423500000000001,0,0,0
10.423999999999999,1,0,0
10.4245,1,0,0
10.425000000000001,0,0,0
10.4255,0,0,0
10.426,0,0,0
10.426500000000001,0,0,0
10.427,0,0,0
10.4275,0,0,0
10.428000000000001,0,0,0
10.4285,0,0,0
10.429,0,0,0
10.429500000000001,0,0,0
10.43,0,0,0
10.4305,0,0,0
10.430999999999999,0,0,0
10.4315,0,0,0
10.432,0,0,0
10.432499999999999,0,0,0
10.433,0,0,0
10.4335,0,0,0
10.433999999999999,0,0,0
10.4345,0,0,0
10.435,0,0,0
10.435499999999999,0,0,0
10.436,0,0,0
10.436500000000001,0,0,0
10.436999999999999,0,0,0
10.4375,0,0,0
10.438000000000001,0,0,0
10.438499999999999,0,0,0
10.439,0,0,0
10.439500000000001,0,0,0
10.44,0,0,0
10.4405,0,0,0
10.441000000000001,0,0,0
10.4415,0,0,0
10.442,0,0,0
10.442500000000001,0,0,0
10.443,0,0,0
10.4435,0,0,0
10.444000000000001,0,0,0
10.4445,0,0,0
10.445,0,0,0
10.445499999999999,0,0,0
10.446,0,0,0
10.4465,0,0,0
10.446999999999999,0,0,0
10.4475,0,0,0
10.448,0,0,0
10.448499999999999,0,0,0
10.449,0,0,0
10.4495,0,0,0
10.449999999999999,0,0,0
10.4505,0,0,0
10.451000000000001,0,0,0
10.451499999999999,0,0,0
10.452,0,0,0
10.452500000000001,0,0,0
10.452999999999999,0,0,0
10.4535,0,0,0
10.454000000000001,0,0,0
10.454499999999999,0,0,0
10.455,0,0,0
10.455500000000001,0,0,0
10.456,0,0,0
10.4565,0,0,0
10.457000000000001,0,0,0
10.4575,0,0,0
10.458,0,0,0
10.458500000000001,0,0,0
10.459,0,0,0
10.4595,0,0,0
10.460000000000001,0,0,0
10.4605,0,0,0
10.461,0,0,0
10.461499999999999,0,0,0
10.462,0,0,0
10.4625,0,0,0
10.462999999999999,0,0,0
10.4635,0,0,0
10.464,0,0,0
10.464499999999999,0,0,0
10.465,0,0,0
10.4655,0,0,0
10.465999999999999,0,0,0
10.4665,0,0,0
10.467000000000001,0,0,0
10.467499999999999,0,0,0
10.468,0,0,0
10.468500000000001,0,0,0
10.468999999999999,0,0,0
10.4695,0,0,0
10.470000000000001,0,0,0
10.470499999999999,0,0,0
10.471,0,0,0
10.471500000000001,0,0,0
10.472,0,0,0
10.4725,0,0,0
10.473000000000001,0,0,0
10.4735,0,0,0
10.474,0,0,0
10.474500000000001,0,0,0
10.475,0,0,0
10.4755,0,0,0
10.476000000000001,0,0,0
10.4765,0,0,0
10.477,0,0,0
10.477499999999999,0,0,0
10.478,0,0,0
10.4785,0,0,0
10.478999999999999,0,0,0
10.4795,0,0,0
10.48,0,0,0
10.480499999999999,0,0,0
10.481,0,0,0
10.4815,0,0,0
10.481999999999999,0,0,0
10.4825,0,0,0
10.483000000000001,0,0,0
10.483499999999999,0,0,0
10.484,0,0,0
10.484500000000001,0,0,0
10.484999999999999,0,0,0
10.4855,0,0,0
10.486000000000001,0,0,0
10.486499999999999,0,0,0
10.487,0,0,0
10.487500000000001,0,0,0
10.488,0,0,0
10.4885,0,0,0
10.489000000000001,0,0,0
10.4895,0,0,0
10.49,0,0,0
10.490500000000001,0,0,0
10.491,0,0,0
10.4915,0,0,0
10.492000000000001,0,0,0
10.4925,0,0,0
10.493,0,0,0
10.493499999999999,0,0,0
10.494,0,0,0
10.4945,0,0,0
10.494999999999999,0,0,0
10.4955,0,0,0
10.496,0,0,0
10.496499999999999,0,0,0
10.497,0,0,0
10.4975,0,0,0
10.497999999999999,0,0,0
10.4985,0,0,0
10.499000000000001,0,0,0
10.499499999999999,0,0,0
10.5,0,0,0
10.500500000000001,0,0,0
10.500999999999999,0,0,0
10.5015,0,0,0
10.502000000000001,0,0,0
10.5025,0,0,0
10.503,0,0,0
10.503500000000001,0,0,0
10.504,0,0,0
10.5045,0,0,0
10.505000000000001,0,0,0
10.5055,0,0,0
10.506,0,0,0
10.506500000000001,0,0,0
10.507,0,0,0
10.5075,0,0,0
10.507999999999999,0,0,0
10.5085,0,0,0
10.509,0,0,0
10.509499999999999,0,0,0
10.51,0,0,0
10.5105,0,0,0
10.510999999999999,0,0,0
10.5115,0,0,0
10.512,0,0,0
10.512499999999999,0,0,0
10.513,0,0,0
10.513500000000001,0,0,0
10.513999999999999,0,0,0
10.5145,0,0,0
10.515000000000001,0,0,0
10.515499999999999,0,0,0
10.516,0,0,0
10.516500000000001,0,0,0
10.516999999999999,0,0,0
10.5175,0,0,0
10.518000000000001,0,0,0
10.5185,0,0,0
10.519,0,0,0
10.519500000000001,0,0,0
10.52,0,0,0
10.5205,0,0,0
10.521000000000001,0,0,0
10.5215,0,0,0
10.522,0,0,0
10.522500000000001,0,0,0
10.523,0,0,0
10.5235,0,0,0
10.523999999999999,0,0,0
10.5245,0,0,0
10.525,0,0,0
10.525499999999999,0,0,0
10.526,0,0,0
10.5265,0,0,0
10.526999999999999,0,0,0
10.5275,0,0,0
10.528,0,0,0
10.528499999999999,0,0,0
10.529,0,0,0
10.529500000000001,0,0,0
10.529999999999999,0,0,0
10.5305,0,0,0
10.531000000000001,0,0,0
10.531499999999999,0,0,0
10.532,0,0,0
10.532500000000001,0,0,0
10.532999999999999,0,0,0
10.5335,0,0,0
10.534000000000001,0,0,0
10.5345,0,0,0
10.535,0,0,0
10.535500000000001,0,0,0
10.536,0,0,0
10.5365,0,0,0
10.537000000000001,0,0,0
10.5375,0,0,0
10.538,0,0,0
10.538500000000001,0,0,0
10.539,0,0,0
10.5395,0,0,0
10.539999999999999,0,0,0
10.5405,0,0,0
10.541,0,0,0
10.541499999999999,0,0,0
10.542,0,0,0
10.5425,0,0,0
10.542999999999999,0,0,0
10.5435,0,0,0
10.544,0,0,0
10.544499999999999,0,0,0
10.545,0,0,0
10.545500000000001,0,0,0
10.545999999999999,0,0,0
10.5465,0,0,0
10.547000000000001,0,0,0
10.547499999999999,0,0,0
10.548,0,0,0
10.548500000000001,0,0,0
10.548999999999999,0,0,0
10.5495,0,0,0
10.550000000000001,0,0,0
10.5505,0,0,0
10.551,0,0,0
10.551500000000001,0,0,0
10.552,0,0,0
10.5525,0,0,0
10.553000000000001,0,0,0
10.5535,0,0,0
10.554,0,0,0
10.554500000000001,0,0,0
10.555,0,0,0
10.5555,0,0,0
10.555999999999999,0,0,0
10.5565,0,0,0
10.557,0,0,0
10.557499999999999,0,0,0
10.558,0,0,0
10.5585,0,0,0
10.558999999999999,0,0,0
10.5595,0,0,0
10.56,0,0,0
10.560499999999999,0,0,0
10.561,0,0,0
10.561500000000001,0,0,0
10.561999999999999,0,0,0
10.5625,0,0,0
10.563000000000001,0,0,0
10.563499999999999,0,0,0
10.564,0,0,0
10.564500000000001,0,0,0
10.565,0,0,0
10.5655,0,0,0
10.566000000000001,0,0,0
10.5665,0,0,0
10.567,0,0,0
10.567500000000001,0,0,0
10.568,0,0,0
10.5685,0,0,0
10.569000000000001,0,0,0
10.5695,0,0,0
10.57,0,0,0
10.570499999999999,0,0,0
10.571,0,0,0
10.5715,0,0,0
10.571999999999999,0,0,0
10.5725,0,0,0
10.573,0,0,0
10.573499999999999,0,0,0
10.574,0,0,0
10.5745,0,0,0
10.574999999999999,0,0,0
10.5755,0,0,0
10.576000000000001,0,0,0
10.576499999999999,0,0,0
10.577,0,0,0
10.577500000000001,0,0,0
10.577999999999999,0,0,0
10.5785,0,0,0
10.579000000000001,0,0,0
10.579499999999999,0,0,0
10.58,0,0,0
10.580500000000001,0,0,0
10.581,0,0,0
10.5815,0,0,0
10.582000000000001,0,0,0
10.5825,0,0,0
10.583,0,0,0
10.583500000000001,0,0,0
10.584,0,0,0
10.5845,0,0,0
10.585000000000001,0,0,0
10.5855,0,0,0
10.586,0,0,0
10.586499999999999,0,0,0
10.587,0,0,0
10.5875,0,0,0
10.587999999999999,0,0,0
10.5885,0,0,0
10.589,0,0,0
10.589499999999999,0,0,0
10.59,0,0,0
10.5905,0,0,0
10.590999999999999,0,0,0
10.5915,0,0,0
10.592000000000001,0,0,0
10.592499999999999,0,0,0
10.593,0,0,0
10.593500000000001,0,0,0
10.593999999999999,0,0,0
10.5945,0,0,0
10.595000000000001,0,0,0
10.595499999999999,0,0,0
10.596,0,0,0
10.596500000000001,0,0,0
10.597,0,0,0
10.5975,0,0,0
10.598000000000001,0,0,0
10.5985,0,0,0
10.599,0,0,0
10.599500000000001,0,0,0
10.6,0,0,0
10.6005,0,0,0
10.601000000000001,0,0,0
10.6015,0,0,0
10.602,0,0,0
10.602499999999999,0,0,0
10.603,0,0,0
10.6035,0,0,0
10.603999999999999,0,0,0
10.6045,0,0,0
10.605,0,0,0
10.605499999999999,0,0,0
10.606,0,0,0
10.6065,0,0,0
10.606999999999999,0,0,0
10.6075,0,0,0
10.608000000000001,0,0,0
10.608499999999999,0,0,0
10.609,0,0,0
10.609500000000001,0,0,0
10.609999999999999,0,0,0
10.6105,0,0,0
10.611000000000001,0,0,0
10.611499999999999,0,0,0
10.612,0,0,0
10.612500000000001,0,0,0
10.613,0,0,0
10.6135,0,0,0
10.614000000000001,0,0,0
10.6145,0,0,0
10.615,0,0,0
10.615500000000001,0,0,0
10.616,0,0,0
10.6165,0,0,0
10.617000000000001,0,0,0
10.6175,0,0,0
10.618,0,0,0
10.618499999999999,0,0,0
10.619,0,0,0
10.6195,0,0,0
10.619999999999999,0,0,0
10.6205,0,0,0
10.621,0,0,0
10.621499999999999,0,0,0
10.622,0,0,0
10.6225,0,0,0
10.622999999999999,0,0,0
10.6235,0,0,0
10.624000000000001,0,0,0
10.624499999999999,0,0,0
10.625,0,0,0
10.625500000000001,0,0,0
10.625999999999999,0,0,0
10.6265,0,0,0
10.627000000000001,0,0,0
10.6275,0,0,0
10.628,0,0,0
10.628500000000001,0,0,0
10.629,0,0,0
10.6295,0,0,0
10.630000000000001,0,0,0
10.6305,0,0,0
10.631,0,0,0
10.631500000000001,0,0,0
10.632,0,0,0
10.6325,0,0,0
10.632999999999999,0,0,0
10.6335,0,0,0
10.634,0,0,0
10.634499999999999,0,0,0
10.635,0,0,0
10.6355,0,0,0
10.635999999999999,0,0,0
10.6365,0,0,0
10.637,0,0,0
10.637499999999999,0,0,0
10.638,0,0,0
10.638500000000001,0,0,0
10.638999999999999,0,0,0
10.6395,0,0,0
10.640000000000001,0,0,0
10.640499999999999,0,0,0
10.641,0,0,0
10.641500000000001,0,0,0
10.641999999999999,0,0,0
10.6425,0,0,0
10.643000000000001,0,0,0
10.6435,0,0,0
10.644,0,0,0
10.644500000000001,0,0,0
10.645,0,0,0
10.6455,0,0,0
10.646000000000001,0,0,0
10.6465,0,0,0
10.647,0,0,0
10.647500000000001,0,0,0
10.648,0,0,0
10.6485,0,0,0
10.648999999999999,0,0,0
10.6495,0,0,0
10.65,0,0,0
10.650499999999999,0,0,0
10.651,0,0,0
10.6515,0,0,0
10.651999999999999,0,0,0
10.6525,0,0,0
10.653,0,0,0
10.653499999999999,0,0,0
10.654,0,0,0
10.654500000000001,0,0,0
10.654999999999999,0,0,0
10.6555,0,0,0
10.656000000000001,0,0,0
10.656499999999999,0,0,0
10.657,0,0,0
10.657500000000001,0,0,0
10.657999999999999,0,0,0
10.6585,0,0,0
10.659000000000001,0,0,0
10.6595,0,0,0
10.66,0,0,0
10.660500000000001,0,0,0
10.661,0,0,0
10.6615,0,0,0
10.662000000000001,0,0,0
10.6625,0,0,0
10.663,0,0,0
10.663500000000001,0,0,0
10.664,0,0,0
10.6645,0,0,0
10.664999999999999,0,0,0
10.6655,0,0,0
10.666,0,0,0
10.666499999999999,0,0,0
10.667,0,0,0
10.6675,0,0,0
10.667999999999999,0,0,0
10.6685,0,0,0
10.669,0,0,0
10.669499999999999,0,0,0
10.67,0,0,0
10.670500000000001,0,0,0
10.670999999999999,0,0,0
10.6715,0,0,0
10.672000000000001,0,0,0
10.672499999999999,0,0,0
10.673,0,0,0
10.673500000000001,0,0,0
10.673999999999999,0,0,0
10.6745,0,0,0
10.675000000000001,0,0,0
10.6755,0,0,0
10.676,0,0,0
10.676500000000001,0,0,0
10.677,0,0,0
10.6775,0,0,0
10.678000000000001,0,0,0
10.6785,0,0,0
10.679,0,0,0
10.679500000000001,0,0,0
10.68,0,0,0
10.6805,0,0,0
10.680999999999999,0,0,0
10.6815,0,0,0
10.682,0,0,0
10.682499999999999,0,0,0
10.683,0,0,0
10.6835,0,0,0
10.683999999999999,0,0,0
10.6845,0,0,0
10.685,0,0,0
10.685499999999999,0,0,0
10.686,0,0,0
10.686500000000001,0,0,0
10.686999999999999,0,0,0
10.6875,0,0,0
10.688000000000001,0,0,0
10.688499999999999,0,0,0
10.689,0,0,0
10.689500000000001,0,0,0
10.69,0,0,0
10.6905,0,0,0
10.691000000000001,0,0,0
10.6915,0,0,0
10.692,0,0,0
10.692500000000001,0,0,0
10.693,0,0,0
10.6935,0,0,0
10.694000000000001,0,0,0
10.6945,0,0,0
10.695,0,0,0
10.695499999999999,0,0,0
10.696,0,0,0
10.6965,0,0,0
10.696999999999999,0,0,0
10.6975,0,0,0
10.698,0,0,0
10.698499999999999,0,0,0
10.699,0,0,0
10.6995,0,0,0
10.699999999999999,0,0,0
10.7005,0,0,0
10.701000000000001,0,0,0
10.701499999999999,0,0,0
10.702,0,0,0
10.702500000000001,0,0,0
10.702999999999999,0,0,0
10.7035,0,0,0
10.704000000000001,0,0,0
10.704499999999999,0,0,0
10.705,0,0,0
10.705500000000001,0,0,0
10.706,0,0,0
10.7065,0,0,0
10.707000000000001,0,0,0
10.7075,0,0,0
10.708,0,0,0
10.708500000000001,0,0,0
10.709,0,0,0
10.7095,0,0,0
10.710000000000001,0,0,0
10.7105,0,0,0
10.711,0,0,0
10.711499999999999,0,0,0
10.712,0,0,0
10.7125,0,0,0
10.712999999999999,0,0,0
10.7135,0,0,0
10.714,0,0,0
10.714499999999999,0,0,0
10.715,0,0,0
10.7155,0,0,0
10.715999999999999,0,0,0
10.7165,0,0,0
10.717000000000001,0,0,0
10.717499999999999,0,0,0
10.718,0,0,0
10.718500000000001,0,0,0
10.718999999999999,0,0,0
10.7195,0,0,0
10.720000000000001,0,0,0
10.720499999999999,0,0,0
10.721,0,0,0
10.721500000000001,0,0,0
10.722,0,0,0
10.7225,0,0,0
10.723000000000001,0,0,0
10.7235,0,0,0
10.724,0,0,0
10.724500000000001,0,0,0
10.725,0,0,0
10.7255,0,0,0
10.726000000000001,0,0,0
10.7265,0,0,0
10.727,0,0,0
10.727499999999999,0,0,0
10.728,0,0,0
10.7285,0,0,0
10.728999999999999,0,0,0
10.7295,0,0,0
10.73,0,0,0
10.730499999999999,0,0,0
10.731,0,0,0
10.7315,0,0,0
10.731999999999999,0,0,0
10.7325,0,0,0
10.733000000000001,0,0,0
10.733499999999999,0,0,0
10.734,0,0,0
10.734500000000001,0,0,0
10.734999999999999,0,0,0
10.7355,0,0,0
10.736000000000001,0,0,0
10.736499999999999,0,0,0
10.737,0,0,0
10.737500000000001,0,0,0
10.738,0,0,0
10.7385,0,0,0
10.739000000000001,0,0,0
10.7395,0,0,0
10.74,0,0,0
10.740500000000001,0,0,0
10.741,0,0,0
10.7415,0,0,0
10.742000000000001,0,0,0
10.7425,0,0,0
10.743,0,0,0
10.743499999999999,0,0,0
10.744,0,0,0
10.7445,0,0,0
10.744999999999999,0,0,0
10.7455,0,0,0
10.746,0,0,0
10.746499999999999,0,0,0
10.747,0,0,0
10.7475,0,0,0
10.747999999999999,0,0,0
10.7485,0,0,0
10.749000000000001,0,0,0
10.749499999999999,0,0,0
10.75,0,0,0
10.750500000000001,0,0,0
10.750999999999999,0,0,0
10.7515,0,0,0
10.752000000000001,0,0,0
10.7525,0,0,0
10.753,0,0,0
10.753500000000001,0,0,0
10.754,0,0,0
10.7545,0,0,0
10.755000000000001,0,0,0
10.7555,0,0,0
10.756,0,0,0
10.756500000000001,0,0,0
10.757,0,0,0
10.7575,0,0,0
10.757999999999999,0,0,0
10.7585,0,0,0
10.759,0,0,0
10.759499999999999,0,0,0
10.76,0,0,0
10.7605,0,0,0
10.760999999999999,0,0,0
10.7615,0,0,0
10.762,0,0,0
10.762499999999999,0,0,0
10.763,0,0,0
10.763500000000001,0,0,0
10.763999999999999,0,0,0
10.7645,0,0,0
10.765000000000001,0,0,0
10.765499999999999,0,0,0
10.766,0,0,0
10.766500000000001,0,0,0
10.766999999999999,0,0,0
10.7675,0,0,0
10.768000000000001,0,0,0
10.7685,0,0,0
10.769,0,0,0
10.769500000000001,0,0,0
10.77,0,0,0
10.7705,0,0,0
10.771000000000001,0,0,0
10.7715,0,0,0
10.772,0,0,0
10.772500000000001,0,0,0
10.773,0,0,0
10.7735,0,0,0
10.773999999999999,0,0,0
10.7745,0,0,0
10.775,0,0,0
10.775499999999999,0,0,0
10.776,0,0,0
10.7765,0,0,0
10.776999999999999,0,0,0
10.7775,0,0,0
10.778,0,0,0
10.778499999999999,0,0,0
10.779,0,0,0
10.779500000000001,0,0,0
10.779999999999999,0,0,0
10.7805,0,0,0
10.781000000000001,0,0,0
10.781499999999999,0,0,0
10.782,0,0,0
10.782500000000001,0,0,0
10.782999999999999,0,0,0
10.7835,0,0,0
10.784000000000001,0,0,0
10.7845,0,0,0
10.785,0,0,0
10.785500000000001,0,0,0
10.786,0,0,0
10.7865,0,0,0
10.787000000000001,0,0,0
10.7875,0,0,0
10.788,0,0,0
10.788500000000001,0,0,0
10.789,0,0,0
10.7895,0,0,0
10.789999999999999,0,0,0
10.7905,0,0,0
10.791,0,0,0
10.791499999999999,0,0,0
10.792,0,0,0
10.7925,0,0,0
10.792999999999999,0,0,0
10.7935,0,0,0
10.794,0,0,0
10.794499999999999,0,0,0
10.795,0,0,0
10.795500000000001,0,0,0
10.795999999999999,0,0,0
10.7965,0,0,0
10.797000000000001,0,0,0
10.797499999999999,0,0,0
10.798,0,0,0
10.798500000000001,0,0,0
10.798999999999999,0,0,0
10.7995,0,0,0
10.800000000000001,0,0,0
10.8005,0,0,0
10.801,0,0,0
10.801500000000001,0,0,0
10.802,0,0,0
10.8025,0,0,0
10.803000000000001,0,0,0
10.8035,0,0,0
10.804,0,0,0
10.804500000000001,0,0,0
10.805,0,0,0
10.8055,0,0,0
10.805999999999999,0,0,0
10.8065,0,0,0
10.807,0,0,0
10.807499999999999,0,0,0
10.808,0,0,0
10.8085,0,0,0
10.808999999999999,0,0,0
10.8095,0,0,0
10.81,0,0,0
10.810499999999999,0,0,0
10.811,0,0,0
10.811500000000001,0,0,0
10.811999999999999,0,0,0
10.8125,0,0,0
10.813000000000001,0,0,0
10.813499999999999,0,0,0
10.814,0,0,0
10.814500000000001,0,0,0
10.815,0,0,0
10.8155,0,0,0
10.816000000000001,0,0,0
10.8165,0,0,0
10.817,0,0,0
10.817500000000001,0,0,0
10.818,0,0,0
10.8185,0,0,0
10.819000000000001,0,0,0
10.8195,0,0,0
10.82,0,0,0
10.820499999999999,0,0,0
10.821,0,0,0
10.8215,0,0,0
10.821999999999999,0,0,0
10.8225,0,0,0
10.823,0,0,0
10.823499999999999,0,0,0
10.824,0,0,0
10.8245,0,0,0
10.824999999999999,0,0,0
10.8255,0,0,0
10.826000000000001,0,0,0
10.826499999999999,0,0,0
10.827,0,0,0
10.827500000000001,0,0,0
10.827999999999999,0,0,0
10.8285,0,0,0
10.829000000000001,0,0,0
10.829499999999999,0,0,0
10.83,0,0,0
10.830500000000001,0,0,0
10.831,0,0,0
10.8315,0,0,0
10.832000000000001,0,0,0
10.8325,0,0,0
10.833,0,0,0
10.833500000000001,0,0,0
10.834,0,0,0
10.8345,0,0,0
10.835000000000001,0,0,0
10.8355,0,0,0
10.836,0,0,0
10.836499999999999,0,0,0
10.837,0,0,0
10.8375,0,0,0
10.837999999999999,0,0,0
10.8385,0,0,0
10.839,0,0,0
10.839499999999999,0,0,0
10.84,0,0,0
10.8405,0,0,0
10.840999999999999,0,0,0
10.8415,0,0,0
10.842000000000001,0,0,0
10.842499999999999,0,0,0
10.843,0,0,0
10.843500000000001,0,0,0
10.843999999999999,0,0,0
10.8445,0,0,0
10.845000000000001,0,0,0
10.845499999999999,0,0,0
10.846,0,0,0
10.846500000000001,0,0,0
10.847,0,0,0
10.8475,0,0,0
10.848000000000001,0,0,0
10.8485,0,0,0
10.849,0,0,0
10.849500000000001,0,0,0
10.85,0,0,0
10.8505,0,0,0
10.851000000000001,0,0,0
10.8515,0,0,0
10.852,0,0,0
10.852499999999999,0,0,0
10.853,0,0,0
10.8535,0,0,0
10.853999999999999,0,0,0
10.8545,0,0,0
10.855,0,0,0
10.855499999999999,0,0,0
10.856,0,0,0
10.8565,0,0,0
10.856999999999999,0,0,0
10.8575,0,0,0
10.858000000000001,0,0,0
10.858499999999999,0,0,0
10.859,0,0,0
10.859500000000001,0,0,0
10.859999999999999,0,0,0
10.8605,0,0,0
10.861000000000001,0,0,0
10.861499999999999,0,0,0
10.862,0,0,0
10.862500000000001,0,0,0
10.863,0,0,0
10.8635,0,0,0
10.864000000000001,0,0,0
10.8645,0,0,0
10.865,0,0,0
10.865500000000001,0,0,0
10.866,0,0,0
10.8665,0,0,0
10.867000000000001,0,0,0
10.8675,0,0,0
10.868,0,0,0
10.868499999999999,0,0,0
10.869,0,0,0
10.8695,0,0,0
10.869999999999999,0,0,0
10.8705,0,0,0
10.871,0,0,0
10.871499999999999,0,0,0
10.872,0,0,0
10.8725,0,0,0
10.872999999999999,0,0,0
10.8735,0,0,0
10.874000000000001,0,0,0
10.874499999999999,0,0,0
10.875,0,0,0
10.875500000000001,0,0,0
10.875999999999999,0,0,0
10.8765,0,0,0
10.877000000000001,0,0,0
10.8775,0,0,0
10.878,0,0,0
10.878500000000001,0,0,0
10.879,0,0,0
10.8795,0,0,0
10.880000000000001,0,0,0
10.8805,0,0,0
10.881,0,0,0
10.881500000000001,0,0,0
10.882,0,0,0
10.8825,0,0,0
10.882999999999999,0,0,0
10.8835,0,0,0
10.884,0,0,0
10.884499999999999,0,0,0
10.885,0,0,0
10.8855,0,0,0
10.885999999999999,0,0,0
10.8865,0,0,0
10.887,0,0,0
10.887499999999999,0,0,0
10.888,0,0,0
10.888500000000001,0,0,0
10.888999999999999,0,0,0
10.8895,0,0,0
10.890000000000001,0,0,0
10.890499999999999,0,0,0
10.891,0,0,0
10.891500000000001,0,0,0
10.891999999999999,0,0,0
10.8925,0,0,0
10.893000000000001,0,0,0
10.8935,0,0,0
10.894,0,0,0
10.894500000000001,0,0,0
10.895,0,0,0
10.8955,0,0,0
10.896000000000001,0,0,0
10.8965,0,0,0
10.897,0,0,0
10.897500000000001,0,0,0
10.898,0,0,0
10.8985,0,0,0
10.898999999999999,0,0,0
10.8995,0,0,0
10.9,0,0,0
10.900499999999999,0,0,0
10.901,0,0,0
10.9015,0,0,0
10.901999999999999,0,0,0
10.9025,0,0,0
10.903,0,0,0
10.903499999999999,0,0,0
10.904,0,0,0
10.904500000000001,0,0,0
10.904999999999999,0,0,0
10.9055,0,0,0
10.906000000000001,0,0,0
10.906499999999999,0,0,0
10.907,0,0,0
10.907500000000001,0,0,0
10.907999999999999,0,0,0
10.9085,0,0,0
10.909000000000001,0,0,0
10.9095,0,0,0
10.91,0,0,0
10.910500000000001,0,0,0
10.911,0,0,0
10.9115,0,0,0
10.912000000000001,0,0,0
10.9125,0,0,0
10.913,0,0,0
10.913500000000001,0,0,0
10.914,0,0,0
10.9145,0,0,0
10.914999999999999,0,0,0
10.9155,0,0,0
10.916,0,0,0
10.916499999999999,0,0,0
10.917,0,0,0
10.9175,0,0,0
10.917999999999999,0,0,0
10.9185,0,0,0
10.919,0,0,0
10.919499999999999,0,0,0
10.92,0,0,0
10.920500000000001,0,0,0
10.920999999999999,0,0,0
10.9215,0,0,0
10.922000000000001,0,0,0
10.922499999999999,0,0,0
10.923,0,0,0
10.923500000000001,0,0,0
10.923999999999999,0,0,0
10.9245,0,0,0
10.925000000000001,0,0,0
10.9255,0,0,0
10.926,0,0,0
10.926500000000001,0,0,0
10.927,0,0,0
10.9275,0,0,0
10.928000000000001,0,0,0
10.9285,0,0,0
10.929,0,0,0
10.929500000000001,0,0,0
10.93,0,0,0
10.9305,0,0,0
10.930999999999999,0,0,0
10.9315,0,0,0
10.932,0,0,0
10.932499999999999,0,0,0
10.933,0,0,0
10.9335,0,0,0
10.933999999999999,0,0,0
10.9345,0,0,0
10.935,0,0,0
10.935499999999999,0,0,0
10.936,0,0,0
10.936500000000001,0,0,0
10.936999999999999,0,0,0
10.9375,0,0,0
10.938000000000001,0,0,0
10.938499999999999,0,0,0
10.939,0,0,0
10.939500000000001,0,0,0
10.94,0,0,0
10.9405,0,0,0
10.941000000000001,0,0,0
10.9415,0,0,0
10.942,0,0,0
10.942500000000001,0,0,0
10.943,0,0,0
10.9435,0,0,0
10.944000000000001,0,0,0
10.9445,0,0,0
10.945,0,0,0
10.945499999999999,0,0,0
10.946,0,0,0
10.9465,0,0,0
10.946999999999999,0,0,0
10.9475,0,0,0
10.948,0,0,0
10.948499999999999,0,0,0
10.949,0,0,0
10.9495,0,0,0
10.949999999999999,0,0,0
10.9505,0,0,0
10.951000000000001,0,0,0
10.951499999999999,0,0,0
10.952,0,0,0
10.952500000000001,0,0,0
10.952999999999999,0,0,0
10.9535,0,0,0
10.954000000000001,0,0,0
10.954499999999999,0,0,0
10.955,0,0,0
10.955500000000001,0,0,0
10.956,0,0,0
10.9565,0,0,0
10.957000000000001,0,0,0
10.9575,0,0,0
10.958,0,0,0
10.958500000000001,0,0,0
10.959,0,0,0
10.9595,0,0,0
10.960000000000001,0,0,0
10.9605,0,0,0
10.961,0,0,0
10.961499999999999,0,0,0
10.962,0,0,0
10.9625,0,0,0
10.962999999999999,0,0,0
10.9635,0,0,0
10.964,0,0,0
10.964499999999999,0,0,0
10.965,0,0,0
10.9655,0,0,0
10.965999999999999,0,0,0
10.9665,0,0,0
10.967000000000001,0,0,0
10.967499999999999,0,0,0
10.968,0,0,0
10.968500000000001,0,0,0
10.968999999999999,0,0,0
10.9695,0,0,0
10.970000000000001,0,0,0
10.970499999999999,0,0,0
10.971,0,0,0
10.971500000000001,0,0,0
10.972,0,0,0
10.9725,0,0,0
10.973000000000001,0,0,0
10.9735,0,0,0
10.974,0,0,0
10.974500000000001,0,0,0
10.975,0,0,0
10.9755,0,0,0
10.976000000000001,0,0,0
10.9765,0,0,0
10.977,0,0,0
10.977499999999999,0,0,0
10.978,0,0,0
10.9785,0,0,0
10.978999999999999,0,0,0
10.9795,0,0,0
10.98,0,0,0
10.980499999999999,0,0,0
10.981,0,0,0
10.9815,0,0,0
10.981999999999999,0,0,0
10.9825,0,0,0
10.983000000000001,0,0,0
10.983499999999999,0,0,0
10.984,0,0,0
10.984500000000001,0,0,0
10.984999999999999,0,0,0
10.9855,0,0,0
10.986000000000001,0,0,0
10.986499999999999,0,0,0
10.987,0,0,0
10.987500000000001,0,0,0
10.988,0,0,0
10.9885,0,0,0
10.989000000000001,0,0,0
10.9895,0,0,0
10.99,0,0,0
10.990500000000001,0,0,0
10.991,0,0,0
10.9915,0,0,0
10.992000000000001,0,0,0
10.9925,0,0,0
10.993,0,0,0
10.993499999999999,0,0,0
10.994,0,0,0
10.9945,0,0,0
10.994999999999999,0,0,0
10.9955,0,0,0
10.996,0,0,0
10.996499999999999,0,0,0
10.997,0,0,0
10.9975,0,0,0
10.997999999999999,0,0,0
10.9985,0,0,0
10.999000000000001,0,0,0
10.999499999999999,0,0,0
11,0,0,0
11.000500000000001,0,0,0
11.000999999999999,0,0,0
11.0015,0,0,0
11.002000000000001,0,0,0
11.0025,0,0,0
11.003,0,0,0
11.003500000000001,0,0,0
11.004,0,0,0
11.0045,0,0,0
11.005000000000001,0,0,0
11.0055,0,0,0
11.006,0,0,0
11.006500000000001,0,0,0
11.007,0,0,0
11.0075,0,0,0
11.007999999999999,0,0,0
11.0085,0,0,0
11.009,0,0,0
11.009499999999999,0,0,0
11.01,0,0,0
11.0105,0,0,0
11.010999999999999,0,0,0
11.0115,0,0,0
11.012,0,0,0
11.012499999999999,0,0,0
11.013,0,0,0
11.013500000000001,0,0,0
11.013999999999999,0,0,0
11.0145,0,0,0
11.015000000000001,0,0,0
11.015499999999999,0,0,0
11.016,0,0,0
11.016500000000001,0,0,0
11.016999999999999,0,0,0
11.0175,0,0,0
11.018000000000001,0,0,0
11.0185,0,0,0
11.019,0,0,0
11.019500000000001,0,0,0
11.02,0,0,0
11.0205,0,0,0
11.021000000000001,0,0,0
11.0215,0,0,0
11.022,0,0,0
11.022500000000001,0,0,0
11.023,0,0,0
11.0235,0,0,0
11.023999999999999,0,0,0
11.0245,0,0,0
11.025,0,0,0
11.025499999999999,0,0,0
11.026,0,0,0
11.0265,0,0,0
11.026999999999999,0,0,0
11.0275,0,0,0
11.028,0,0,0
11.028499999999999,0,0,0
11.029,0,0,0
11.029500000000001,0,0,0
11.029999999999999,0,0,0
11.0305,0,0,0
11.031000000000001,0,0,0
11.031499999999999,0,0,0
11.032,0,0,0
11.032500000000001,0,0,0
11.032999999999999,0,0,0
11.0335,0,0,0
11.034000000000001,0,0,0
11.0345,0,0,0
11.035,0,0,0
11.035500000000001,0,0,0
11.036,0,0,0
11.0365,0,0,0
11.037000000000001,0,0,0
11.0375,0,0,0
11.038,0,0,0
11.038500000000001,0,0,0
11.039,0,0,0
11.0395,0,0,0
11.039999999999999,0,0,0
11.0405,0,0,0
11.041,0,0,0
11.041499999999999,0,0,0
11.042,0,0,0
11.0425,0,0,0
11.042999999999999,0,0,0
11.0435,0,0,0
11.044,0,0,0
11.044499999999999,0,0,0
11.045,0,0,0
11.045500000000001,0,0,0
11.045999999999999,0,0,0
11.0465,0,0,0
11.047000000000001,0,0,0
11.047499999999999,0,0,0
11.048,0,0,0
11.048500000000001,0,0,0
11.048999999999999,0,0,0
11.0495,0,0,0
11.050000000000001,0,0,0
11.0505,0,0,0
11.051,0,0,0
11.051500000000001,0,0,0
11.052,0,0,0
11.0525,0,0,0
11.053000000000001,0,0,0
11.0535,0,0,0
11.054,0,0,0
11.054500000000001,0,0,0
11.055,0,0,0
11.0555,0,0,0
11.055999999999999,0,0,0
11.0565,0,0,0
11.057,0,0,0
11.057499999999999,0,0,0
11.058,0,0,0
11.0585,0,0,0
11.058999999999999,0,0,0
11.0595,0,0,0
11.06,0,0,0
11.060499999999999,0,0,0
11.061,0,0,0
11.061500000000001,0,0,0
11.061999999999999,0,0,0
11.0625,0,0,0
11.063000000000001,0,0,0
11.063499999999999,0,0,0
11.064,0,0,0
11.064500000000001,0,0,0
11.065,0,0,0
11.0655,0,0,0
11.066000000000001,0,0,0
11.0665,0,0,0
11.067,0,0,0
11.067500000000001,0,0,0
11.068,0,0,0
11.0685,0,0,0
11.069000000000001,0,0,0
11.0695,0,0,0
11.07,0,0,0
11.070499999999999,0,0,0
11.071,0,0,0
11.0715,0,0,0
11.071999999999999,0,0,0
11.0725,0,0,0
11.073,0,0,0
11.073499999999999,0,0,0
11.074,0,0,0
11.0745,0,0,0
11.074999999999999,0,0,0
11.0755,0,0,0
11.076000000000001,0,0,0
11.076499999999999,0,0,0
11.077,0,0,0
11.077500000000001,0,0,0
11.077999999999999,0,0,0
11.0785,0,0,0
11.079000000000001,0,0,0
11.079499999999999,0,0,0
11.08,0,0,0
11.080500000000001,0,0,0
11.081,0,0,0
11.0815,0,0,0
11.082000000000001,0,0,0
11.0825,0,0,0
11.083,0,0,0
11.083500000000001,0,0,0
11.084,0,0,0
11.0845,0,0,0
11.085000000000001,0,0,0
11.0855,0,0,0
11.086,0,0,0
11.086499999999999,0,0,0
11.087,0,0,0
11.0875,0,0,0
11.087999999999999,0,0,0
11.0885,0,0,0
11.089,0,0,0
11.089499999999999,0,0,0
11.09,0,0,0
11.0905,0,0,0
11.090999999999999,0,0,0
11.0915,0,0,0
11.092000000000001,0,0,0
11.092499999999999,0,0,0
11.093,0,0,0
11.093500000000001,0,0,0
11.093999999999999,0,0,0
11.0945,0,0,0
11.095000000000001,0,0,0
11.095499999999999,0,0,0
11.096,0,0,0
11.096500000000001,0,0,0
11.097,0,0,0
11.0975,0,0,0
11.098000000000001,0,0,0
11.0985,0,0,0
11.099,0,0,0
11.099500000000001,0,0,0
11.1,0,0,0
11.1005,0,0,0
11.101000000000001,0,0,0
11.1015,0,0,0
11.102,0,0,0
11.102499999999999,0,0,0
11.103,0,0,0
11.1035,0,0,0
11.103999999999999,0,0,0
11.1045,0,0,0
11.105,0,0,0
11.105499999999999,0,0,0
11.106,0,0,0
11.1065,0,0,0
11.106999999999999,0,0,0
11.1075,0,0,0
11.108000000000001,0,0,0
11.108499999999999,0,0,0
11.109,0,0,0
11.109500000000001,0,0,0
11.109999999999999,0,0,0
11.1105,0,0,0
11.111000000000001,0,0,0
11.111499999999999,0,0,0
11.112,0,0,0
11.112500000000001,0,0,0
11.113,0,0,0
11.1135,0,0,0
11.114000000000001,0,0,0
11.1145,0,0,0
11.115,0,0,0
11.115500000000001,0,0,0
11.116,0,0,0
11.1165,0,0,0
11.117000000000001,0,0,0
11.1175,0,0,0
11.118,0,0,0
11.118499999999999,0,0,0
11.119,0,0,0
11.1195,0,0,0
11.119999999999999,0,0,0
11.1205,0,0,0
11.121,0,0,0
11.121499999999999,0,0,0
11.122,0,0,0
11.1225,0,0,0
11.122999999999999,0,0,0
11.1235,0,0,0
11.124000000000001,0,0,0
11.124499999999999,0,0,0
11.125,0,0,0
11.125500000000001,0,0,0
11.125999999999999,0,0,0
11.1265,0,0,0
11.127000000000001,0,0,0
11.1275,0,0,0
11.128,0,0,0
11.128500000000001,0,0,0
11.129,0,0,0
11.1295,0,0,0
11.130000000000001,0,0,0
11.1305,0,0,0
11.131,0,0,0
11.131500000000001,0,0,0
11.132,0,0,0
11.1325,0,0,0
11.132999999999999,0,0,0
11.1335,0,0,0
11.134,0,0,0
11.134499999999999,0,0,0
11.135,0,0,0
11.1355,0,0,0
11.135999999999999,0,0,0
11.1365,0,0,0
11.137,0,0,0
11.137499999999999,0,0,0
11.138,0,0,0
11.138500000000001,0,0,0
11.138999999999999,0,0,0
11.1395,0,0,0
11.140000000000001,0,0,0
11.140499999999999,0,0,0
11.141,0,0,0
11.141500000000001,0,0,0
11.141999999999999,0,0,0
11.1425,0,0,0
11.143000000000001,0,0,0
11.1435,0,0,0
11.144,0,0,0
11.144500000000001,0,0,0
11.145,0,0,0
11.1455,0,0,0
11.146000000000001,0,0,0
11.1465,0,0,0
11.147,0,0,0
11.147500000000001,0,0,0
11.148,0,0,0
11.1485,0,0,0
11.148999999999999,0,0,0
11.1495,0,0,0
11.15,0,0,0
11.150499999999999,0,0,0
11.151,0,0,0
11.1515,0,0,0
11.151999999999999,0,0,0
11.1525,0,0,0
11.153,0,0,0
11.153499999999999,0,0,0
11.154,0,0,0
11.154500000000001,0,0,0
11.154999999999999,0,0,0
11.1555,0,0,0
11.156000000000001,0,0,0
11.156499999999999,0,0,0
11.157,0,0,0
11.157500000000001,0,0,0
11.157999999999999,0,0,0
11.1585,0,0,0
11.159000000000001,0,0,0
11.1595,0,0,0
11.16,0,0,0
11.160500000000001,0,0,0
11.161,0,0,0
11.1615,0,0,0
11.162000000000001,0,0,0
11.1625,0,0,0
11.163,0,0,0
11.163500000000001,0,0,0
11.164,0,0,0
11.1645,0,0,0
11.164999999999999,0,0,0
11.1655,0,0,0
11.166,0,0,0
11.166499999999999,0,0,0
11.167,0,0,0
11.1675,0,0,0
11.167999999999999,0,0,0
11.1685,0,0,0
11.169,0,0,0
11.169499999999999,0,0,0
11.17,0,0,0
11.170500000000001,0,0,0
11.170999999999999,0,0,0
11.1715,0,0,0
11.172000000000001,0,0,0
11.172499999999999,0,0,0
11.173,0,0,0
11.173500000000001,0,0,0
11.173999999999999,0,0,0
11.1745,0,0,0
11.175000000000001,0,0,0
11.1755,0,0,0
11.176,0,0,0
11.176500000000001,0,0,0
11.177,0,0,0
11.1775,0,0,0
11.178000000000001,0,0,0
11.1785,0,0,0
11.179,0,0,0
11.179500000000001,0,0,0
11.18,0,0,0
11.1805,0,0,0
11.180999999999999,0,0,0
11.1815,0,0,0
11.182,0,0,0
11.182499999999999,0,0,0
11.183,0,0,0
11.1835,0,0,0
11.183999999999999,0,0,0
11.1845,0,0,0
11.185,0,0,0
11.185499999999999,0,0,0
11.186,0,0,0
11.186500000000001,0,0,0
11.186999999999999,0,0,0
11.1875,0,0,0
11.188000000000001,0,0,0
11.188499999999999,0,0,0
11.189,0,0,0
11.189500000000001,0,0,0
11.19,0,0,0
11.1905,0,0,0
11.191000000000001,0,0,0
11.1915,0,0,0
11.192,0,0,0
11.192500000000001,0,0,0
11.193,0,0,0
11.1935,0,0,0
11.194000000000001,0,0,0
11.1945,0,0,0
11.195,0,0,0
11.195499999999999,0,0,0
11.196,0,0,0
11.1965,0,0,0
11.196999999999999,0,0,0
11.1975,0,0,0
11.198,0,0,0
11.198499999999999,0,0,0
11.199,0,0,0
11.1995,0,0,0
11.199999999999999,0,0,0
11.2005,0,0,0
11.201000000000001,0,0,0
11.201499999999999,0,0,0
11.202,0,0,0
11.202500000000001,0,0,0
11.202999999999999,0,0,0
11.2035,0,0,0
11.204000000000001,0,0,0
11.204499999999999,0,0,0
11.205,0,0,0
11.205500000000001,0,0,0
11.206,0,0,0
11.2065,0,0,0
11.207000000000001,0,0,0
11.2075,0,0,0
11.208,0,0,0
11.208500000000001,0,0,0
11.209,0,0,0
11.2095,0,0,0
11.210000000000001,0,0,0
11.2105,0,0,0
11.211,0,0,0
11.211499999999999,0,0,0
11.212,0,0,0
11.2125,0,0,0
11.212999999999999,0,0,0
11.2135,0,0,0
11.214,0,0,0
11.214499999999999,0,0,0
11.215,0,0,0
11.2155,0,0,0
11.215999999999999,0,0,0
11.2165,0,0,0
11.217000000000001,0,0,0
11.217499999999999,0,0,0
11.218,0,0,0
11.218500000000001,0,0,0
11.218999999999999,0,0,0
11.2195,0,0,0
11.220000000000001,0,0,0
11.220499999999999,0,0,0
11.221,0,0,0
11.221500000000001,0,0,0
11.222,0,0,0
11.2225,0,0,0
11.223000000000001,0,0,0
11.2235,0,0,0
11.224,0,0,0
11.224500000000001,0,0,0
11.225,0,0,0
11.2255,0,0,0
11.226000000000001,0,0,0
11.2265,0,0,0
11.227,0,0,0
11.227499999999999,0,0,0
11.228,0,0,0
11.2285,0,0,0
11.228999999999999,0,0,0
11.2295,0,0,0
11.23,0,0,0
11.230499999999999,0,0,0
11.231,0,0,0
11.2315,0,0,0
11.231999999999999,0,0,0
11.2325,0,0,0
11.233000000000001,0,0,0
11.233499999999999,0,0,0
11.234,0,0,0
11.234500000000001,0,0,0
11.234999999999999,0,0,0
11.2355,0,0,0
11.236000000000001,0,0,0
11.236499999999999,0,0,0
11.237,0,0,0
11.237500000000001,0,0,0
11.238,0,0,0
11.2385,0,0,0
11.239000000000001,0,0,0
11.2395,0,0,0
11.24,0,0,0
11.240500000000001,0,0,0
11.241,0,0,0
11.2415,0,0,0
11.242000000000001,0,0,0
11.2425,0,0,0
11.243,0,0,0
11.243499999999999,0,0,0
11.244,0,0,0
11.2445,0,0,0
11.244999999999999,0,0,0
11.2455,0,0,0
11.246,0,0,0
11.246499999999999,0,0,0
11.247,0,0,0
11.2475,0,0,0
11.247999999999999,0,0,0
11.2485,0,0,0
11.249000000000001,0,0,0
11.249499999999999,0,0,0
11.25,0,0,0
11.250500000000001,0,0,0
11.250999999999999,0,0,0
11.2515,0,0,0
11.252000000000001,0,0,0
11.2525,0,0,0
11.253,0,0,0
11.253500000000001,0,0,0
11.254,0,0,0
11.2545,0,0,0
11.255000000000001,0,0,0
11.2555,0,0,0
11.256,0,0,0
11.256500000000001,0,0,0
11.257,0,0,0
11.2575,0,0,0
11.257999999999999,0,0,0
11.2585,0,0,0
11.259,0,0,0
11.259499999999999,0,0,0
11.26,0,0,0
11.2605,0,0,0
11.260999999999999,0,0,0
11.2615,0,0,0
11.262,0,0,0
11.262499999999999,0,0,0
11.263,0,0,0
11.263500000000001,0,0,0
11.263999999999999,0,0,0
11.2645,0,0,0
11.265000000000001,0,0,0
11.265499999999999,0,0,0
11.266,0,0,0
11.266500000000001,0,0,0
11.266999999999999,0,0,0
11.2675,0,0,0
11.268000000000001,0,0,0
11.2685,0,0,0
11.269,0,0,0
11.269500000000001,0,0,0
11.27,0,0,0
11.2705,0,0,0
11.271000000000001,0,0,0
11.2715,0,0,0
11.272,0,0,0
11.272500000000001,0,0,0
11.273,0,0,0
11.2735,0,0,0
11.273999999999999,0,0,0
11.2745,0,0,0
11.275,0,0,0
11.275499999999999,0,0,0
11.276,0,0,0
11.2765,0,0,0
11.276999999999999,0,0,0
11.2775,0,0,0
11.278,0,0,0
11.278499999999999,0,0,0
11.279,0,0,0
11.279500000000001,0,0,0
11.279999999999999,0,0,0
11.2805,0,0,0
11.281000000000001,0,0,0
11.281499999999999,0,0,0
11.282,0,0,0
11.282500000000001,0,0,0
11.282999999999999,0,0,0
11.2835,0,0,0
11.284000000000001,0,0,0
11.2845,0,0,0
11.285,0,0,0
11.285500000000001,0,0,0
11.286,0,0,0
11.2865,0,0,0
11.287000000000001,0,0,0
11.2875,0,0,0
11.288,0,0,0
11.288500000000001,0,0,0
11.289,0,0,0
11.2895,0,0,0
11.289999999999999,0,0,0
11.2905,0,0,0
11.291,0,0,0
11.291499999999999,0,0,0
11.292,0,0,0
11.2925,0,0,0
11.292999999999999,0,0,0
11.2935,0,0,0
11.294,0,0,0
11.294499999999999,0,0,0
11.295,0,0,0
11.295500000000001,0,0,0
11.295999999999999,0,0,0
11.2965,0,0,0
11.297000000000001,0,0,0
11.297499999999999,0,0,0
11.298,0,0,0
11.298500000000001,0,0,0
11.298999999999999,0,0,0
11.2995,0,0,0
11.300000000000001,0,0,0
11.3005,0,0,0
11.301,0,0,0
11.301500000000001,0,0,0
11.302,0,0,0
11.3025,0,0,0
11.303000000000001,0,0,0
11.3035,0,0,0
11.304,0,0,0
11.304500000000001,0,0,0
11.305,0,0,0
11.3055,0,0,0
11.305999999999999,0,0,0
11.3065,0,0,0
11.307,0,0,0
11.307499999999999,0,0,0
11.308,0,0,0
11.3085,0,0,0
11.308999999999999,0,0,0
11.3095,0,0,0
11.31,0,0,0
11.310499999999999,0,0,0
11.311,0,0,0
11.311500000000001,0,0,0
11.311999999999999,0,0,0
11.3125,0,0,0
11.313000000000001,0,0,0
11.313499999999999,0,0,0
11.314,0,0,0
11.314500000000001,0,0,0
11.315,0,0,0
11.3155,0,0,0
11.316000000000001,0,0,0
11.3165,0,0,0
11.317,0,0,0
11.317500000000001,0,0,0
11.318,0,0,0
11.3185,0,0,0
11.319000000000001,0,0,0
11.3195,0,0,0
11.32,0,0,0
11.320499999999999,0,0,0
11.321,0,0,0
11.3215,0,0,0
11.321999999999999,0,0,0
11.3225,0,0,0
11.323,0,0,0
11.323499999999999,0,0,0
11.324,0,0,0
11.3245,0,0,0
11.324999999999999,0,0,0
11.3255,0,0,0
11.326000000000001,0,0,0
11.326499999999999,0,0,0
11.327,0,0,0
11.327500000000001,0,0,0
11.327999999999999,0,0,0
11.3285,0,0,0
11.329000000000001,0,0,0
11.329499999999999,0,0,0
11.33,0,0,0
11.330500000000001,0,0,0
11.331,0,0,0
11.3315,0,0,0
11.332000000000001,0,0,0
11.3325,0,0,0
11.333,0,0,0
11.333500000000001,0,0,0
11.334,0,0,0
11.3345,0,0,0
11.335000000000001,0,0,0
11.3355,0,0,0
11.336,0,0,0
11.336499999999999,0,0,0
11.337,0,0,0
11.3375,0,0,0
11.337999999999999,0,0,0
11.3385,0,0,0
11.339,0,0,0
11.339499999999999,0,0,0
11.34,0,0,0
11.3405,0,0,0
11.340999999999999,0,0,0
11.3415,0,0,0
11.342000000000001,0,0,0
11.342499999999999,0,0,0
11.343,0,0,0
11.343500000000001,0,0,0
11.343999999999999,0,0,0
11.3445,0,0,0
11.345000000000001,0,0,0
11.345499999999999,0,0,0
11.346,0,0,0
11.346500000000001,0,0,0
11.347,0,0,0
11.3475,0,0,0
11.348000000000001,0,0,0
11.3485,0,0,0
11.349,0,0,0
11.349500000000001,0,0,0
11.35,0,0,0
11.3505,0,0,0
11.351000000000001,0,0,0
11.3515,0,0,0
11.352,0,0,0
11.352499999999999,0,0,0
11.353,0,0,0
11.3535,0,0,0
11.353999999999999,0,0,0
11.3545,0,0,0
11.355,0,0,0
11.355499999999999,0,0,0
11.356,0,0,0
11.3565,0,0,0
11.356999999999999,0,0,0
11.3575,0,0,0
11.358000000000001,0,0,0
11.358499999999999,0,0,0
11.359,0,0,0
11.359500000000001,0,0,0
11.359999999999999,0,0,0
11.3605,0,0,0
11.361000000000001,0,0,0
11.361499999999999,0,0,0
11.362,0,0,0
11.362500000000001,0,0,0
11.363,0,0,0
11.3635,0,0,0
11.364000000000001,0,0,0
11.3645,0,0,0
11.365,0,0,0
11.365500000000001,0,0,0
11.366,0,0,0
11.3665,0,0,0
11.367000000000001,0,0,0
11.3675,0,0,0
11.368,0,0,0
11.368499999999999,0,0,0
11.369,0,0,0
11.3695,0,0,0
11.369999999999999,0,0,0
11.3705,0,0,0
11.371,0,0,0
11.371499999999999,0,0,0
11.372,0,0,0
11.3725,0,0,0
11.372999999999999,0,0,0
11.3735,0,0,0
11.374000000000001,0,0,0
11.374499999999999,0,0,0
11.375,0,0,0
11.375500000000001,0,0,0
11.375999999999999,0,0,0
11.3765,0,0,0
11.377000000000001,0,0,0
11.3775,0,0,0
11.378,0,0,0
11.378500000000001,0,0,0
11.379,0,0,0
11.3795,0,0,0
11.380000000000001,0,0,0
11.3805,0,0,0
11.381,0,0,0
11.381500000000001,0,0,0
11.382,0,0,0
11.3825,0,0,0
11.382999999999999,0,0,0
11.3835,0,0,0
11.384,0,0,0
11.384499999999999,0,0,0
11.385,0,0,0
11.3855,0,0,0
11.385999999999999,0,0,0
11.3865,0,0,0
11.387,0,0,0
11.387499999999999,0,0,0
11.388,0,0,0
11.388500000000001,0,0,0
11.388999999999999,0,0,0
11.3895,0,0,0
11.390000000000001,0,0,0
11.390499999999999,0,0,0
11.391,0,0,0
11.391500000000001,0,0,0
11.391999999999999,0,0,0
11.3925,0,0,0
11.393000000000001,0,0,0
11.3935,0,0,0
11.394,0,0,0
11.394500000000001,0,0,0
11.395,0,0,0
11.3955,0,0,0
11.396000000000001,0,0,0
11.3965,0,0,0
11.397,0,0,0
11.397500000000001,0,0,0
11.398,0,0,0
11.3985,0,0,0
11.398999999999999,0,0,0
11.3995,0,0,0
11.4,0,0,0
11.400499999999999,0,0,0
11.401,0,0,0
11.4015,0,0,0
11.401999999999999,0,0,0
11.4025,0,0,0
11.403,0,0,0
11.403499999999999,0,0,0
11.404,0,0,0
11.404500000000001,0,0,0
11.404999999999999,0,0,0
11.4055,0,0,0
11.406000000000001,0,0,0
11.406499999999999,0,0,0
11.407,0,0,0
11.407500000000001,0,0,0
11.407999999999999,0,0,0
11.4085,0,0,0
11.409000000000001,0,0,0
11.4095,0,0,0
11.41,0,0,0
11.410500000000001,0,0,0
11.411,0,0,0
11.4115,0,0,0
11.412000000000001,0,0,0
11.4125,0,0,0
11.413,0,0,0
11.413500000000001,0,0,0
11.414,0,0,0
11.4145,0,0,0
11.414999999999999,0,0,0
11.4155,0,0,0
11.416,0,0,0
11.416499999999999,0,0,0
11.417,0,0,0
11.4175,0,0,0
11.417999999999999,0,0,0
11.4185,0,0,0
11.419,0,0,0
11.419499999999999,0,0,0
11.42,0,0,0
11.420500000000001,0,0,0
11.420999999999999,0,0,0
11.4215,0,0,0
11.422000000000001,0,0,0
11.422499999999999,0,0,0
11.423,0,0,0
11.423500000000001,0,0,0
11.423999999999999,0,0,0
11.4245,0,0,0
11.425000000000001,0,0,0
11.4255,0,0,0
11.426,0,0,0
11.426500000000001,0,0,0
11.427,0,0,0
11.4275,0,0,0
11.428000000000001,0,0,0
11.4285,0,0,0
11.429,0,0,0
11.429500000000001,0,0,0
11.43,0,0,0
11.4305,0,0,0
11.430999999999999,0,0,0
11.4315,0,0,0
11.432,0,0,0
11.432499999999999,0,0,0
11.433,0,0,0
11.4335,0,0,0
11.433999999999999,0,0,0
11.4345,0,0,0
11.435,0,0,0
11.435499999999999,0,0,0
11.436,0,0,0
11.436500000000001,0,0,0
11.436999999999999,0,0,0
11.4375,0,0,0
11.438000000000001,0,0,0
11.438499999999999,0,0,0
11.439,0,0,0
11.439500000000001,0,0,0
11.44,0,0,0
11.4405,0,0,0
11.441000000000001,0,0,0
11.4415,0,0,0
11.442,0,0,0
11.442500000000001,0,0,0
11.443,0,0,0
11.4435,0,0,0
11.444000000000001,0,0,0
11.4445,0,0,0
11.445,0,0,0
11.445499999999999,0,0,0
11.446,0,0,0
11.4465,0,0,0
11.446999999999999,0,0,0
11.4475,0,0,0
11.448,0,0,0
11.448499999999999,0,0,0
11.449,0,0,0
11.4495,0,0,0
11.449999999999999,0,0,0
11.4505,0,0,0
11.451000000000001,0,0,0
11.451499999999999,0,0,0
11.452,0,0,0
11.452500000000001,0,0,0
11.452999999999999,0,0,0
11.4535,0,0,0
11.454000000000001,0,0,0
11.454499999999999,0,0,0
11.455,0,0,0
11.455500000000001,0,0,0
11.456,0,0,0
11.4565,0,0,0
11.457000000000001,0,0,0
11.4575,0,0,0
11.458,0,0,0
11.458500000000001,0,0,0
11.459,0,0,0
11.4595,0,0,0
11.460000000000001,0,0,0
11.4605,0,0,0
11.461,0,0,0
11.461499999999999,0,0,0
11.462,0,0,0
11.4625,0,0,0
11.462999999999999,0,0,0
11.4635,0,0,0
11.464,0,0,0
11.464499999999999,0,0,0
11.465,0,0,0
11.4655,0,0,0
11.465999999999999,0,0,0
11.4665,0,0,0
11.467000000000001,0,0,0
11.467499999999999,0,0,0
11.468,0,0,0
11.468500000000001,0,0,0
11.468999999999999,0,0,0
11.4695,0,0,0
11.470000000000001,0,0,0
11.470499999999999,0,0,0
11.471,0,0,0
11.471500000000001,0,0,0
11.472,0,0,0
11.4725,0,0,0
11.473000000000001,0,0,0
11.4735,0,0,0
11.474,0,0,0
11.474500000000001,0,0,0
11.475,0,0,0
11.4755,0,0,0
11.476000000000001,0,0,0
11.4765,0,0,0
11.477,0,0,0
11.477499999999999,0,0,0
11.478,0,0,0
11.4785,0,0,0
11.478999999999999,0,0,0
11.4795,0,0,0
11.48,0,0,0
11.480499999999999,0,0,0
11.481,0,0,0
11.4815,0,0,0
11.481999999999999,0,0,0
11.4825,0,0,0
11.483000000000001,0,0,0
11.483499999999999,0,0,0
11.484,0,0,0
11.484500000000001,0,0,0
11.484999999999999,0,0,0
11.4855,0,0,0
11.486000000000001,0,0,0
11.486499999999999,0,0,0
11.487,0,0,0
11.487500000000001,0,0,0
11.488,0,0,0
11.4885,0,0,0
11.489000000000001,0,0,0
11.4895,0,0,0
11.49,0,0,0
11.490500000000001,0,0,0
11.491,0,0,0
11.4915,0,0,0
11.492000000000001,0,0,0
11.4925,0,0,0
11.493,0,0,0
11.493499999999999,0,0,0
11.494,0,0,0
11.4945,0,0,0
11.494999999999999,0,0,0
11.4955,0,0,0
11.496,0,0,0
11.496499999999999,0,0,0
11.497,0,0,0
11.4975,0,0,0
11.497999999999999,0,0,0
11.4985,0,0,0
11.499000000000001,0,0,0
11.499499999999999,0,0,0
11.5,0,0,0
11.500500000000001,0,0,0
11.500999999999999,0,0,0
11.5015,0,0,0
11.502000000000001,0,0,0
11.5025,0,0,0
11.503,0,0,0
11.503500000000001,0,0,0
11.504,0,0,0
11.5045,0,0,0
11.505000000000001,0,0,0
11.5055,0,0,0
11.506,0,0,0
11.506500000000001,0,0,0
11.507,0,0,0
11.5075,0,0,0
11.507999999999999,0,0,0
11.5085,0,0,0
11.509,0,0,0
11.509499999999999,0,0,0
11.51,0,0,0
11.5105,0,0,0
11.510999999999999,0,0,0
11.5115,0,0,0
11.512,0,0,0
11.512499999999999,0,0,0
11.513,0,0,0
11.513500000000001,0,0,0
11.513999999999999,0,0,0
11.5145,0,0,0
11.515000000000001,0,0,0
11.515499999999999,0,0,0
11.516,0,0,0
11.516500000000001,0,0,0
11.516999999999999,0,0,0
11.5175,0,0,0
11.518000000000001,0,0,0
11.5185,0,0,0
11.519,0,0,0
11.519500000000001,0,0,0
11.52,0,0,0
11.5205,0,0,0
11.521000000000001,0,0,0
11.5215,0,0,0
11.522,0,0,0
11.522500000000001,0,0,0
11.523,0,0,0
11.5235,0,0,0
11.523999999999999,0,0,0
11.5245,0,0,0
11.525,0,0,0
11.525499999999999,0,0,0
11.526,0,0,0
11.5265,0,0,0
11.526999999999999,0,0,0
11.5275,0,0,0
11.528,0,0,0
11.528499999999999,0,0,0
11.529,0,0,0
11.529500000000001,0,0,0
11.529999999999999,0,0,0
11.5305,0,0,0
11.531000000000001,0,0,0
11.531499999999999,0,0,0
11.532,0,0,0
11.532500000000001,0,0,0
11.532999999999999,0,0,0
11.5335,0,0,0
11.534000000000001,0,0,0
11.5345,0,0,0
11.535,0,0,0
11.535500000000001,0,0,0
11.536,0,0,0
11.5365,0,0,0
11.537000000000001,0,0,0
11.5375,0,0,0
11.538,0,0,0
11.538500000000001,0,0,0
11.539,0,0,0
11.5395,0,0,0
11.539999999999999,0,0,0
11.5405,0,0,0
11.541,0,0,0
11.541499999999999,0,0,0
11.542,0,0,0
11.5425,0,0,0
11.542999999999999,0,0,0
11.5435,0,0,0
11.544,0,0,0
11.544499999999999,0,0,0
11.545,0,0,0
11.545500000000001,0,0,0
11.545999999999999,0,0,0
11.5465,0,0,0
11.547000000000001,0,0,0
11.547499999999999,0,0,0
11.548,0,0,0
11.548500000000001,0,0,0
11.548999999999999,0,0,0
11.5495,0,0,0
11.550000000000001,0,0,0
11.5505,0,0,0
11.551,0,0,0
11.551500000000001,0,0,0
11.552,0,0,0
11.5525,0,0,0
11.553000000000001,0,0,0
11.5535,0,0,0
11.554,0,0,0
11.554500000000001,0,0,0
11.555,0,0,0
11.5555,0,0,0
11.555999999999999,0,0,0
11.5565,0,0,0
11.557,0,0,0
11.557499999999999,0,0,0
11.558,0,0,0
11.5585,0,0,0
11.558999999999999,0,0,0
11.5595,0,0,0
11.56,0,0,0
11.560499999999999,0,0,0
11.561,0,0,0
11.561500000000001,0,0,0
11.561999999999999,0,0,0
11.5625,0,0,0
11.563000000000001,0,0,0
11.563499999999999,0,0,0
11.564,0,0,0
11.564500000000001,0,0,0
11.565,0,0,0
11.5655,0,0,0
11.566000000000001,0,0,0
11.5665,0,0,0
11.567,0,0,0
11.567500000000001,0,0,0
11.568,0,0,0
11.5685,0,0,0
11.569000000000001,0,0,0
11.5695,0,0,0
11.57,0,0,0
11.570499999999999,0,0,0
11.571,0,0,0
11.5715,0,0,0
11.571999999999999,0,0,0
11.5725,0,0,0
11.573,0,0,0
11.573499999999999,0,0,0
11.574,0,0,0
11.5745,0,0,0
11.574999999999999,0,0,0
11.5755,0,0,0
11.576000000000001,0,0,0
11.576499999999999,0,0,0
11.577,0,0,0
11.577500000000001,0,0,0
11.577999999999999,0,0,0
11.5785,0,0,0
11.579000000000001,0,0,0
11.579499999999999,0,0,0
11.58,0,0,0
11.580500000000001,0,0,0
11.581,0,0,0
11.5815,0,0,0
11.582000000000001,0,0,0
11.5825,0,0,0
11.583,0,0,0
11.583500000000001,0,0,0
11.584,0,0,0
11.5845,0,0,0
11.585000000000001,0,0,0
11.5855,0,0,0
11.586,0,0,0
11.586499999999999,0,0,0
11.587,0,0,0
11.5875,0,0,0
11.587999999999999,0,0,0
11.5885,0,0,0
11.589,0,0,0
11.589499999999999,0,0,0
11.59,0,0,0
11.5905,0,0,0
11.590999999999999,0,0,0
11.5915,0,0,0
11.592000000000001,0,0,0
11.592499999999999,0,0,0
11.593,0,0,0
11.593500000000001,0,0,0
11.593999999999999,0,0,0
11.5945,0,0,0
11.595000000000001,0,0,0
11.595499999999999,0,0,0
11.596,0,0,0
11.596500000000001,0,0,0
11.597,0,0,0
11.5975,0,0,0
11.598000000000001,0,0,0
11.5985,0,0,0
11.599,0,0,0
11.599500000000001,0,0,0
11.6,0,0,0
11.6005,0,0,0
11.601000000000001,0,0,0
11.6015,0,0,0
11.602,0,0,0
11.602499999999999,0,0,0
11.603,0,0,0
11.6035,0,0,0
11.603999999999999,0,0,0
11.6045,0,0,0
11.605,0,0,0
11.605499999999999,0,0,0
11.606,0,0,0
11.6065,0,0,0
11.606999999999999,0,0,0
11.6075,0,0,0
11.608000000000001,0,0,0
11.608499999999999,0,0,0
11.609,0,0,0
11.609500000000001,0,0,0
11.609999999999999,0,0,0
11.6105,0,0,0
11.611000000000001,0,0,0
11.611499999999999,0,0,0
11.612,0,0,0
11.612500000000001,0,0,0
11.613,0,0,0
11.6135,0,0,0
11.614000000000001,0,0,0
11.6145,0,0,0
11.615,0,0,0
11.615500000000001,0,0,0
11.616,0,0,0
11.6165,0,0,0
11.617000000000001,0,0,0
11.6175,0,0,0
11.618,0,0,0
11.618499999999999,0,0,0
11.619,0,0,0
11.6195,0,0,0
11.619999999999999,0,0,0
11.6205,0,0,0
11.621,0,0,0
11.621499999999999,0,0,0
11.622,0,0,0
11.6225,0,0,0
11.622999999999999,0,0,0
11.6235,0,0,0
11.624000000000001,0,0,0
11.624499999999999,0,0,0
11.625,0,0,0
11.625500000000001,0,0,0
11.625999999999999,0,0,0
11.6265,0,0,0
11.627000000000001,0,0,0
11.6275,0,0,0
11.628,0,0,0
11.628500000000001,0,0,0
11.629,0,0,0
11.6295,0,0,0
11.630000000000001,0,0,0
11.6305,0,0,0
11.631,0,0,0
11.631500000000001,0,0,0
11.632,0,0,0
11.6325,0,0,0
11.632999999999999,0,0,0
11.6335,0,0,0
11.634,0,0,0
11.634499999999999,0,0,0
11.635,0,0,0
11.6355,0,0,0
11.635999999999999,0,0,0
11.6365,0,0,0
11.637,0,0,0
11.637499999999999,0,0,0
11.638,0,0,0
11.638500000000001,0,0,0
11.638999999999999,0,0,0
11.6395,0,0,0
11.640000000000001,0,0,0
11.640499999999999,0,0,0
11.641,0,0,0
11.641500000000001,0,0,0
11.641999999999999,0,0,0
11.6425,0,0,0
11.643000000000001,0,0,0
11.6435,0,0,0
11.644,0,0,0
11.644500000000001,0,0,0
11.645,0,0,0
11.6455,0,0,0
11.646000000000001,0,0,0
11.6465,0,0,0
11.647,0,0,0
11.647500000000001,0,0,0
11.648,0,0,0
11.6485,0,0,0
11.648999999999999,0,0,0
11.6495,0,0,0
11.65,0,0,0
11.650499999999999,0,0,0
11.651,0,0,0
11.6515,0,0,0
11.651999999999999,0,0,0
11.6525,0,0,0
11.653,0,0,0
11.653499999999999,0,0,0
11.654,0,0,0
11.654500000000001,0,0,0
11.654999999999999,0,0,0
11.6555,0,0,0
11.656000000000001,0,0,0
11.656499999999999,0,0,0
11.657,0,0,0
11.657500000000001,0,0,0
11.657999999999999,0,0,0
11.6585,0,0,0
11.659000000000001,0,0,0
11.6595,0,0,0
11.66,0,0,0
11.660500000000001,0,0,0
11.661,0,0,0
11.6615,0,0,0
11.662000000000001,0,0,0
11.6625,0,0,0
11.663,0,0,0
11.663500000000001,0,0,0
11.664,0,0,0
11.6645,0,0,0
11.664999999999999,0,0,0
11.6655,0,0,0
11.666,0,0,0
11.666499999999999,0,0,0
11.667,0,0,0
11.6675,0,0,0
11.667999999999999,0,0,0
11.6685,0,0,0
11.669,0,0,0
11.669499999999999,0,0,0
11.67,0,0,0
11.670500000000001,0,0,0
11.670999999999999,0,0,0
11.6715,0,0,0
11.672000000000001,0,0,0
11.672499999999999,0,0,0
11.673,0,0,0
11.673500000000001,0,0,0
11.673999999999999,0,0,0
11.6745,0,0,0
11.675000000000001,0,0,0
11.6755,0,0,0
11.676,0,0,0
11.676500000000001,0,0,0
11.677,0,0,0
11.6775,0,0,0
11.678000000000001,0,0,0
11.6785,0,0,0
11.679,0,0,0
11.679500000000001,0,0,0
11.68,0,0,0
11.6805,0,0,0
11.680999999999999,0,0,0
11.6815,0,0,0
11.682,0,0,0
11.682499999999999,0,0,0
11.683,0,0,0
11.6835,0,0,0
11.683999999999999,0,0,0
11.6845,0,0,0
11.685,0,0,0
11.685499999999999,0,0,0
11.686,0,0,0
11.686500000000001,0,0,0
11.686999999999999,0,0,0
11.6875,0,0,0
11.688000000000001,0,0,0
11.688499999999999,0,0,0
11.689,0,0,0
11.689500000000001,0,0,0
11.69,0,0,0
11.6905,0,0,0
11.691000000000001,0,0,0
11.6915,0,0,0
11.692,0,0,0
11.692500000000001,0,0,0
11.693,0,0,0
11.6935,0,0,0
11.694000000000001,0,0,0
11.6945,0,0,0
11.695,0,0,0
11.695499999999999,0,0,0
11.696,0,0,0
11.6965,0,0,0
11.696999999999999,0,0,0
11.6975,0,0,0
11.698,0,0,0
11.698499999999999,0,0,0
11.699,0,0,0
11.6995,0,0,0
11.699999999999999,0,0,0
11.7005,0,0,0
11.701000000000001,0,0,0
11.701499999999999,0,0,0
11.702,0,0,0
11.702500000000001,0,0,0
11.702999999999999,0,0,0
11.7035,0,0,0
11.704000000000001,0,0,0
11.704499999999999,0,0,0
11.705,0,0,0
11.705500000000001,0,0,0
11.706,0,0,0
11.7065,0,0,0
11.707000000000001,0,0,0
11.7075,0,0,0
11.708,0,0,0
11.708500000000001,0,0,0
11.709,0,0,0
11.7095,0,0,0
11.710000000000001,0,0,0
11.7105,0,0,0
11.711,0,0,0
11.711499999999999,0,0,0
11.712,0,0,0
11.7125,0,0,0
11.712999999999999,0,0,0
11.7135,0,0,0
11.714,0,0,0
11.714499999999999,0,0,0
11.715,0,0,0
11.7155,0,0,0
11.715999999999999,0,0,0
11.7165,0,0,0
11.717000000000001,0,0,0
11.717499999999999,0,0,0
11.718,0,0,0
11.718500000000001,0,0,0
11.718999999999999,0,0,0
11.7195,0,0,0
11.720000000000001,0,0,0
11.720499999999999,0,0,0
11.721,0,0,0
11.721500000000001,0,0,0
11.722,0,0,0
11.7225,0,0,0
11.723000000000001,0,0,0
11.7235,0,0,0
11.724,0,0,0
11.724500000000001,0,0,0
11.725,0,0,0
11.7255,0,0,0
11.726000000000001,0,0,0
11.7265,0,0,0
11.727,0,0,0
11.727499999999999,0,0,0
11.728,0,0,0
11.7285,0,0,0
11.728999999999999,0,0,0
11.7295,0,0,0
11.73,0,0,0
11.730499999999999,0,0,0
11.731,0,0,0
11.7315,0,0,0
11.731999999999999,0,0,0
11.7325,0,0,0
11.733000000000001,0,0,0
11.733499999999999,0,0,0
11.734,0,0,0
11.734500000000001,0,0,0
11.734999999999999,0,0,0
11.7355,0,0,0
11.736000000000001,0,0,0
11.736499999999999,0,0,0
11.737,0,0,0
11.737500000000001,0,0,0
11.738,0,0,0
11.7385,0,0,0
11.739000000000001,0,0,0
11.7395,0,0,0
11.74,0,0,0
11.740500000000001,0,0,0
11.741,0,0,0
11.7415,0,0,0
11.742000000000001,0,0,0
11.7425,0,0,0
11.743,0,0,0
11.743499999999999,0,0,0
11.744,0,0,0
11.7445,0,0,0
11.744999999999999,0,0,0
11.7455,0,0,0
11.746,0,0,0
11.746499999999999,0,0,0
11.747,0,0,0
11.7475,0,0,0
11.747999999999999,0,0,0
11.7485,0,0,0
11.749000000000001,0,0,0
11.749499999999999,0,0,0
11.75,0,0,0
11.750500000000001,0,0,0
11.750999999999999,0,0,0
11.7515,0,0,0
11.752000000000001,0,0,0
11.7525,0,0,0
11.753,0,0,0
11.753500000000001,0,0,0
11.754,0,0,0
11.7545,0,0,0
11.755000000000001,0,0,0
11.7555,0,0,0
11.756,0,0,0
11.756500000000001,0,0,0
11.757,0,0,0
11.7575,0,0,0
11.757999999999999,0,0,0
11.7585,0,0,0
11.759,0,0,0
11.759499999999999,0,0,0
11.76,0,0,0
11.7605,0,0,0
11.760999999999999,0,0,0
11.7615,0,0,0
11.762,0,0,0
11.762499999999999,0,0,0
11.763,0,0,0
11.763500000000001,0,0,0
11.763999999999999,0,0,0
11.7645,0,0,0
11.765000000000001,0,0,0
11.765499999999999,0,0,0
11.766,0,0,0
11.766500000000001,0,0,0
11.766999999999999,0,0,0
11.7675,0,0,0
11.768000000000001,0,0,0
11.7685,0,0,0
11.769,0,0,0
11.769500000000001,0,0,0
11.77,0,0,0
11.7705,0,0,0
11.771000000000001,0,0,0
11.7715,0,0,0
11.772,0,0,0
11.772500000000001,0,0,0
11.773,0,0,0
11.7735,0,0,0
11.773999999999999,0,0,0
11.7745,0,0,0
11.775,0,0,0
11.775499999999999,0,0,0
11.776,0,0,0
11.7765,0,0,0
11.776999999999999,0,0,0
11.7775,0,0,0
11.778,0,0,0
11.778499999999999,0,0,0
11.779,0,0,0
11.779500000000001,0,0,0
11.779999999999999,0,0,0
11.7805,0,0,0
11.781000000000001,0,0,0
11.781499999999999,0,0,0
11.782,0,0,0
11.782500000000001,0,0,0
11.782999999999999,0,0,0
11.7835,0,0,0
11.784000000000001,0,0,0
11.7845,0,0,0
11.785,0,0,0
11.785500000000001,0,0,0
11.786,0,0,0
11.7865,0,0,0
11.787000000000001,0,0,0
11.7875,0,0,0
11.788,0,0,0
11.788500000000001,0,0,0
11.789,0,0,0
11.7895,0,0,0
11.789999999999999,0,0,0
11.7905,0,0,0
11.791,0,0,0
11.791499999999999,0,0,0
11.792,0,0,0
11.7925,0,0,0
11.792999999999999,0,0,0
11.7935,0,0,0
11.794,0,0,0
11.794499999999999,0,0,0
11.795,0,0,0
11.795500000000001,0,0,0
11.795999999999999,0,0,0
11.7965,0,0,0
11.797000000000001,0,0,0
11.797499999999999,0,0,0
11.798,0,0,0
11.798500000000001,0,0,0
11.798999999999999,0,0,0
11.7995,0,0,0
11.800000000000001,0,0,0
11.8005,0,0,0
11.801,0,0,0
11.801500000000001,0,0,0
11.802,0,0,0
11.8025,0,0,0
11.803000000000001,0,0,0
11.8035,0,0,0
11.804,0,0,0
11.804500000000001,0,0,0
11.805,0,0,0
11.8055,0,0,0
11.805999999999999,0,0,0
11.8065,0,0,0
11.807,0,0,0
11.807499999999999,0,0,0
11.808,0,0,0
11.8085,0,0,0
11.808999999999999,0,0,0
11.8095,0,0,0
11.81,0,0,0
11.810499999999999,0,0,0
11.811,0,0,0
11.811500000000001,0,0,0
11.811999999999999,0,0,0
11.8125,0,0,0
11.813000000000001,0,0,0
11.813499999999999,0,0,0
11.814,0,0,0
11.814500000000001,0,0,0
11.815,0,0,0
11.8155,0,0,0
11.816000000000001,0,0,0
11.8165,0,0,0
11.817,0,0,0
11.817500000000001,0,0,0
11.818,0,0,0
11.8185,0,0,0
11.819000000000001,0,0,0
11.8195,0,0,0
11.82,0,0,0
11.820499999999999,0,0,0
11.821,0,0,0
11.8215,0,0,0
11.821999999999999,0,0,0
11.8225,0,0,0
11.823,0,0,0
11.823499999999999,0,0,0
11.824,0,0,0
11.8245,0,0,0
11.824999999999999,0,0,0
11.8255,0,0,0
11.826000000000001,0,0,0
11.826499999999999,0,0,0
11.827,0,0,0
11.827500000000001,0,0,0
11.827999999999999,0,0,0
11.8285,0,0,0
11.829000000000001,0,0,0
11.829499999999999,0,0,0
11.83,0,0,0
11.830500000000001,0,0,0
11.831,0,0,0
11.8315,0,0,0
11.832000000000001,0,0,0
11.8325,0,0,0
11.833,0,0,0
11.833500000000001,0,0,0
11.834,0,0,0
11.8345,0,0,0
11.835000000000001,0,0,0
11.8355,0,0,0
11.836,0,0,0
11.836499999999999,0,0,0
11.837,0,0,0
11.8375,0,0,0
11.837999999999999,0,0,0
11.8385,0,0,0
11.839,0,0,0
11.839499999999999,0,0,0
11.84,0,0,0
11.8405,0,0,0
11.840999999999999,0,0,0
11.8415,0,0,0
11.842000000000001,0,0,0
11.842499999999999,0,0,0
11.843,0,0,0
11.843500000000001,0,0,0
11.843999999999999,0,0,0
11.8445,0,0,0
11.845000000000001,0,0,0
11.845499999999999,0,0,0
11.846,0,0,0
11.846500000000001,0,0,0
11.847,0,0,0
11.8475,0,0,0
11.848000000000001,0,0,0
11.8485,0,0,0
11.849,0,0,0
11.849500000000001,0,0,0
11.85,0,0,0
11.8505,0,0,0
11.851000000000001,0,0,0
11.8515,0,0,0
11.852,0,0,0
11.852499999999999,0,0,0
11.853,0,0,0
11.8535,0,0,0
11.853999999999999,0,0,0
11.8545,0,0,0
11.855,0,0,0
11.855499999999999,0,0,0
11.856,0,0,0
11.8565,0,0,0
11.856999999999999,0,0,0
11.8575,0,0,0
11.858000000000001,0,0,0
11.858499999999999,0,0,0
11.859,0,0,0
11.859500000000001,0,0,0
11.859999999999999,0,0,0
11.8605,0,0,0
11.861000000000001,0,0,0
11.861499999999999,0,0,0
11.862,0,0,0
11.862500000000001,0,0,0
11.863,0,0,0
11.8635,0,0,0
11.864000000000001,0,0,0
11.8645,0,0,0
11.865,0,0,0
11.865500000000001,0,0,0
11.866,0,0,0
11.8665,0,0,0
11.867000000000001,0,0,0
11.8675,0,0,0
11.868,0,0,0
11.868499999999999,0,0,0
11.869,0,0,0
11.8695,0,0,0
11.869999999999999,0,0,0
11.8705,0,0,0
11.871,0,0,0
11.871499999999999,0,0,0
11.872,0,0,0
11.8725,0,0,0
11.872999999999999,0,0,0
11.8735,0,0,0
11.874000000000001,0,0,0
11.874499999999999,0,0,0
11.875,0,0,0
11.875500000000001,0,0,0
11.875999999999999,0,0,0
11.8765,0,0,0
11.877000000000001,0,0,0
11.8775,0,0,0
11.878,0,0,0
11.878500000000001,0,0,0
11.879,0,0,0
11.8795,0,0,0
11.880000000000001,0,0,0
11.8805,0,0,0
11.881,0,0,0
11.881500000000001,0,0,0
11.882,0,0,0
11.8825,0,0,0
11.882999999999999,0,0,0
11.8835,0,0,0
11.884,0,0,0
11.884499999999999,0,0,0
11.885,0,0,0
11.8855,0,0,0
11.885999999999999,0,0,0
11.8865,0,0,0
11.887,0,0,0
11.887499999999999,0,0,0
11.888,0,0,0
11.888500000000001,0,0,0
11.888999999999999,0,0,0
11.8895,0,0,0
11.890000000000001,0,0,0
11.890499999999999,0,0,0
11.891,0,0,0
11.891500000000001,0,0,0
11.891999999999999,0,0,0
11.8925,0,0,0
11.893000000000001,0,0,0
11.8935,0,0,0
11.894,0,0,0
11.894500000000001,0,0,0
11.895,0,0,0
11.8955,0,0,0
11.896000000000001,0,0,0
11.8965,0,0,0
11.897,0,0,0
11.897500000000001,0,0,0
11.898,0,0,0
11.8985,0,0,0
11.898999999999999,0,0,0
11.8995,0,0,0
11.9,0,0,0
11.900499999999999,0,0,0
11.901,0,0,0
11.9015,0,0,0
11.901999999999999,0,0,0
11.9025,0,0,0
11.903,0,0,0
11.903499999999999,0,0,0
11.904,0,0,0
11.904500000000001,0,0,0
11.904999999999999,0,0,0
11.9055,0,0,0
11.906000000000001,0,0,0
11.906499999999999,0,0,0
11.907,0,0,0
11.907500000000001,0,0,0
11.907999999999999,0,0,0
11.9085,0,0,0
11.909000000000001,0,0,0
11.9095,0,0,0
11.91,0,0,0
11.910500000000001,0,0,0
11.911,0,0,0
11.9115,0,0,0
11.912000000000001,0,0,0
11.9125,0,0,0
11.913,0,0,0
11.913500000000001,0,0,0
11.914,0,0,0
11.9145,0,0,0
11.914999999999999,0,0,0
11.9155,0,0,0
11.916,0,0,0
11.916499999999999,0,0,0
11.917,0,0,0
11.9175,0,0,0
11.917999999999999,0,0,0
11.9185,0,0,0
11.919,0,0,0
11.919499999999999,0,0,0
11.92,0,0,0
11.920500000000001,0,0,0
11.920999999999999,0,0,0
11.9215,0,0,0
11.922000000000001,0,0,0
11.922499999999999,0,0,0
11.923,0,0,0
11.923500000000001,0,0,0
11.923999999999999,0,0,0
11.9245,0,0,0
11.925000000000001,0,0,0
11.9255,0,0,0
11.926,0,0,0
11.926500000000001,0,0,0
11.927,0,0,0
11.9275,0,0,0
11.928000000000001,0,0,0
11.9285,0,0,0
11.929,0,0,0
11.929500000000001,0,0,0
11.93,0,0,0
11.9305,0,0,0
11.930999999999999,0,0,0
11.9315,0,0,0
11.932,0,0,0
11.932499999999999,0,0,0
11.933,0,0,0
11.9335,0,0,0
11.933999999999999,0,0,0
11.9345,0,0,0
11.935,0,0,0
11.935499999999999,0,0,0
11.936,0,0,0
11.936500000000001,0,0,0
11.936999999999999,0,0,0
11.9375,0,0,0
11.938000000000001,0,0,0
11.938499999999999,0,0,0
11.939,0,0,0
11.939500000000001,0,0,0
11.94,0,0,0
11.9405,0,0,0
11.941000000000001,0,0,0
11.9415,0,0,0
11.942,0,0,0
11.942500000000001,0,0,0
11.943,0,0,0
11.9435,0,0,0
11.944000000000001,0,0,0
11.9445,0,0,0
11.945,0,0,0
11.945499999999999,0,0,0
11.946,0,0,0
11.9465,0,0,0
11.946999999999999,0,0,0
11.9475,0,0,0
11.948,0,0,0
11.948499999999999,0,0,0
11.949,0,0,0
11.9495,0,0,0
11.949999999999999,0,0,0
11.9505,0,0,0
11.951000000000001,0,0,0
11.951499999999999,0,0,0
11.952,0,0,0
11.952500000000001,0,0,0
11.952999999999999,0,0,0
11.9535,0,0,0
11.954000000000001,0,0,0
11.954499999999999,0,0,0
11.955,0,0,0
11.955500000000001,0,0,0
11.956,0,0,0
11.9565,0,0,0
11.957000000000001,0,0,0
11.9575,0,0,0
11.958,0,0,0
11.958500000000001,0,0,0
11.959,0,0,0
11.9595,0,0,0
11.960000000000001,0,0,0
11.9605,0,0,0
11.961,0,0,0
11.961499999999999,0,0,0
11.962,0,0,0
11.9625,0,0,0
11.962999999999999,0,0,0
11.9635,0,0,0
11.964,0,0,0
11.964499999999999,0,0,0
11.965,0,0,0
11.9655,0,0,0
11.965999999999999,0,0,0
11.9665,0,0,0
11.967000000000001,0,0,0
11.967499999999999,0,0,0
11.968,0,0,0
11.968500000000001,0,0,0
11.968999999999999,0,0,0
11.9695,0,0,0
11.970000000000001,0,0,0
11.970499999999999,0,0,0
11.971,0,0,0
11.971500000000001,0,0,0
11.972,0,0,0
11.9725,0,0,0
11.973000000000001,0,0,0
11.9735,0,0,0
11.974,0,0,0
11.974500000000001,0,0,0
11.975,0,0,0
11.9755,0,0,0
11.976000000000001,0,0,0
11.9765,0,0,0
11.977,0,0,0
11.977499999999999,0,0,0
11.978,0,0,0
11.9785,0,0,0
11.978999999999999,0,0,0
11.9795,0,0,0
11.98,0,0,0
11.980499999999999,0,0,0
11.981,0,0,0
11.9815,0,0,0
11.981999999999999,0,0,0
11.9825,0,0,0
11.983000000000001,0,0,0
11.983499999999999,0,0,0
11.984,0,0,0
11.984500000000001,0,0,0
11.984999999999999,0,0,0
11.9855,0,0,0
11.986000000000001,0,0,0
11.986499999999999,0,0,0
11.987,0,0,0
11.987500000000001,0,0,0
11.988,0,0,0
11.9885,0,0,0
11.989000000000001,0,0,0
11.9895,0,0,0
11.99,0,0,0
11.990500000000001,0,0,0
11.991,0,0,0
11.9915,0,0,0
11.992000000000001,0,0,0
11.9925,0,0,0
11.993,0,0,0
11.993499999999999,0,0,0
11.994,0,0,0
11.9945,0,0,0
11.994999999999999,0,0,0
11.9955,0,0,0
11.996,0,0,0
11.996499999999999,0,0,0
11.997,0,0,0
11.9975,0,0,0
11.997999999999999,0,0,0
11.9985,0,0,0
11.999000000000001,0,0,0
11.999499999999999,0,0,0
12,0,0,0
12.000500000000001,0,0,0
12.000999999999999,0,0,0
12.0015,0,0,0
12.002000000000001,0,0,0
12.0025,0,0,0
12.003,0,0,0
12.003500000000001,0,0,0
12.004,0,0,0
12.0045,0,0,0
12.005000000000001,0,0,0
12.0055,0,0,0
12.006,0,0,0
12.006500000000001,0,0,0
12.007,0,0,0
12.0075,0,0,0
12.007999999999999,0,0,0
12.0085,0,0,0
12.009,0,0,0
12.009499999999999,0,0,0
12.01,0,0,0
12.0105,0,0,0
12.010999999999999,0,0,0
12.0115,0,0,0
12.012,0,0,0
12.012499999999999,0,0,0
12.013,0,0,0
12.013500000000001,0,0,0
12.013999999999999,0,0,0
12.0145,0,0,0
12.015000000000001,0,0,0
12.015499999999999,0,0,0
12.016,0,0,0
12.016500000000001,0,0,0
12.016999999999999,0,0,0
12.0175,0,0,0
12.018000000000001,0,0,0
12.0185,0,0,0
12.019,0,0,0
12.019500000000001,0,0,0
12.02,0,0,0
12.0205,0,0,0
12.021000000000001,0,0,0
12.0215,0,0,0
12.022,0,0,0
12.022500000000001,0,0,0
12.023,0,0,0
12.0235,0,0,0
12.023999999999999,0,0,0
12.0245,0,0,0
12.025,0,0,0
12.025499999999999,0,0,0
12.026,0,0,0
12.0265,0,0,0
12.026999999999999,0,0,0
12.0275,0,0,0
12.028,0,0,0
12.028499999999999,0,0,0
12.029,0,0,0
12.029500000000001,0,0,0
12.029999999999999,0,0,0
12.0305,0,0,0
12.031000000000001,0,0,0
12.031499999999999,0,0,0
12.032,0,0,0
12.032500000000001,0,0,0
12.032999999999999,0,0,0
12.0335,0,0,0
12.034000000000001,0,0,0
12.0345,0,0,0
12.035,0,0,0
12.035500000000001,0,0,0
12.036,0,0,0
12.0365,0,0,0
12.037000000000001,0,0,0
12.0375,0,0,0
12.038,0,0,0
12.038500000000001,0,0,0
12.039,0,0,0
12.0395,0,0,0
12.039999999999999,0,0,0
12.0405,0,0,0
12.041,0,0,0
12.041499999999999,0,0,0
12.042,0,0,0
12.0425,0,0,0
12.042999999999999,0,0,0
12.0435,0,0,0
12.044,0,0,0
12.044499999999999,0,0,0
12.045,0,0,0
12.045500000000001,0,0,0
12.045999999999999,0,0,0
12.0465,0,0,0
12.047000000000001,0,0,0
12.047499999999999,0,0,0
12.048,0,0,0
12.048500000000001,0,0,0
12.048999999999999,0,0,0
12.0495,0,0,0
12.050000000000001,0,0,0
12.0505,0,0,0
12.051,0,0,0
12.051500000000001,0,0,0
12.052,0,0,0
12.0525,0,0,0
12.053000000000001,0,0,0
12.0535,0,0,0
12.054,0,0,0
12.054500000000001,0,0,0
12.055,0,0,0
12.0555,0,0,0
12.055999999999999,0,0,0
12.0565,0,0,0
12.057,0,0,0
12.057499999999999,0,0,0
12.058,0,0,0
12.0585,0,0,0
12.058999999999999,0,0,0
12.0595,0,0,0
12.06,0,0,0
12.060499999999999,0,0,0
12.061,0,0,0
12.061500000000001,0,0,0
12.061999999999999,0,0,0
12.0625,0,0,0
12.063000000000001,0,0,0
12.063499999999999,0,0,0
12.064,0,0,0
12.064500000000001,0,0,0
12.065,0,0,0
12.0655,0,0,0
12.066000000000001,0,0,0
12.0665,0,0,0
12.067,0,0,0
12.067500000000001,0,0,0
12.068,0,0,0
12.0685,0,0,0
12.069000000000001,0,0,0
12.0695,0,0,0
12.07,0,0,0
12.070499999999999,0,0,0
12.071,0,0,0
12.0715,0,0,0
12.071999999999999,0,0,0
12.0725,0,0,0
12.073,0,0,0
12.073499999999999,0,0,0
12.074,0,0,0
12.0745,0,0,0
12.074999999999999,0,0,0
12.0755,0,0,0
12.076000000000001,0,0,0
12.076499999999999,0,0,0
12.077,0,0,0
12.077500000000001,0,0,0
12.077999999999999,0,0,0
12.0785,0,0,0
12.079000000000001,0,0,0
12.079499999999999,0,0,0
12.08,0,0,0
12.080500000000001,0,0,0
12.081,0,0,0
12.0815,0,0,0
12.082000000000001,0,0,0
12.0825,0,0,0
12.083,0,0,0
12.083500000000001,0,0,0
12.084,0,0,0
12.0845,0,0,0
12.085000000000001,0,0,0
12.0855,0,0,0
12.086,0,0,0
12.086499999999999,0,0,0
12.087,0,0,0
12.0875,0,0,0
12.087999999999999,0,0,0
12.0885,0,0,0
12.089,0,0,0
12.089499999999999,0,0,0
12.09,0,0,0
12.0905,0,0,0
12.090999999999999,0,0,0
12.0915,0,0,0
12.092000000000001,0,0,0
12.092499999999999,0,0,0
12.093,0,0,0
12.093500000000001,0,0,0
12.093999999999999,0,0,0
12.0945,0,0,0
12.095000000000001,0,0,0
12.095499999999999,0,0,0
12.096,0,0,0
12.096500000000001,0,0,0
12.097,0,0,0
12.0975,0,0,0
12.098000000000001,0,0,0
12.0985,0,0,0
12.099,0,0,0
12.099500000000001,0,0,0
12.1,0,0,0
12.1005,0,0,0
12.101000000000001,0,0,0
12.1015,0,0,0
12.102,0,0,0
12.102499999999999,0,0,0
12.103,0,0,0
12.1035,0,0,0
12.103999999999999,0,0,0
12.1045,0,0,0
12.105,0,0,0
12.105499999999999,0,0,0
12.106,0,0,0
12.1065,0,0,0
12.106999999999999,0,0,0
12.1075,0,0,0
12.108000000000001,0,0,0
12.108499999999999,0,0,0
12.109,0,0,0
12.109500000000001,0,0,0
12.109999999999999,0,0,0
12.1105,0,0,0
12.111000000000001,0,0,0
12.111499999999999,0,0,0
12.112,0,0,0
12.112500000000001,0,0,0
12.113,0,0,0
12.1135,0,0,0
12.114000000000001,0,0,0
12.1145,0,0,0
12.115,0,0,0
12.115500000000001,0,0,0
12.116,0,0,0
12.1165,0,0,0
12.117000000000001,0,0,0
12.1175,0,0,0
12.118,0,0,0
12.118499999999999,0,0,0
12.119,0,0,0
12.1195,0,0,0
12.119999999999999,0,0,0
12.1205,0,0,0
12.121,0,0,0
12.121499999999999,0,0,0
12.122,0,0,0
12.1225,0,0,0
12.122999999999999,0,0,0
12.1235,0,0,0
12.124000000000001,0,0,0
12.124499999999999,0,0,0
12.125,0,0,0
12.125500000000001,0,0,0
12.125999999999999,0,0,0
12.1265,0,0,0
12.127000000000001,0,0,0
12.1275,0,0,0
12.128,0,0,0
12.128500000000001,0,0,0
12.129,0,0,0
12.1295,0,0,0
12.130000000000001,0,0,0
12.1305,0,0,0
12.131,0,0,0
12.131500000000001,0,0,0
12.132,0,0,0
12.1325,0,0,0
12.132999999999999,0,0,0
12.1335,0,0,0
12.134,0,0,0
12.134499999999999,0,0,0
12.135,0,0,0
12.1355,0,0,0
12.135999999999999,0,0,0
12.1365,0,0,0
12.137,0,0,0
12.137499999999999,0,0,0
12.138,0,0,0
12.138500000000001,0,0,0
12.138999999999999,0,0,0
12.1395,0,0,0
12.140000000000001,0,0,0
12.140499999999999,0,0,0
12.141,0,0,0
12.141500000000001,0,0,0
12.141999999999999,0,0,0
12.1425,0,0,0
12.143000000000001,0,0,0
12.1435,0,0,0
12.144,0,0,0
12.144500000000001,0,0,0
12.145,0,0,0
12.1455,0,0,0
12.146000000000001,0,0,0
12.1465,0,0,0
12.147,0,0,0
12.147500000000001,0,0,0
12.148,0,0,0
12.1485,0,0,0
12.148999999999999,0,0,0
12.1495,0,0,0
12.15,0,0,0
12.150499999999999,0,0,0
12.151,0,0,0
12.1515,0,0,0
12.151999999999999,0,0,0
12.1525,0,0,0
12.153,0,0,0
12.153499999999999,0,0,0
12.154,0,0,0
12.154500000000001,0,0,0
12.154999999999999,0,0,0
12.1555,0,0,0
12.156000000000001,0,0,0
12.156499999999999,0,0,0
12.157,0,0,0
12.157500000000001,0,0,0
12.157999999999999,0,0,0
12.1585,0,0,0
12.159000000000001,0,0,0
12.1595,0,0,0
12.16,0,0,0
12.160500000000001,0,0,0
12.161,0,0,0
12.1615,0,0,0
12.162000000000001,0,0,0
12.1625,0,0,0
12.163,0,0,0
12.163500000000001,0,0,0
12.164,0,0,0
12.1645,0,0,0
12.164999999999999,0,0,0
12.1655,0,0,0
12.166,0,0,0
12.166499999999999,0,0,0
12.167,0,0,0
12.1675,0,0,0
12.167999999999999,0,0,0
12.1685,0,0,0
12.169,0,0,0
12.169499999999999,0,0,0
12.17,0,0,0
12.170500000000001,0,0,0
12.170999999999999,0,0,0
12.1715,0,0,0
12.172000000000001,0,0,0
12.172499999999999,0,0,0
12.173,0,0,0
12.173500000000001,0,0,0
12.173999999999999,0,0,0
12.1745,0,0,0
12.175000000000001,0,0,0
12.1755,0,0,0
12.176,0,0,0
12.176500000000001,0,0,0
12.177,0,0,0
12.1775,0,0,0
12.178000000000001,0,0,0
12.1785,0,0,0
12.179,0,0,0
12.179500000000001,0,0,0
12.18,0,0,0
12.1805,0,0,0
12.180999999999999,0,0,0
12.1815,0,0,0
12.182,0,0,0
12.182499999999999,0,0,0
12.183,0,0,0
12.1835,0,0,0
12.183999999999999,0,0,0
12.1845,0,0,0
12.185,0,0,0
12.185499999999999,0,0,0
12.186,0,0,0
12.186500000000001,0,0,0
12.186999999999999,0,0,0
12.1875,0,0,0
12.188000000000001,0,0,0
12.188499999999999,0,0,0
12.189,0,0,0
12.189500000000001,0,0,0
12.19,0,0,0
12.1905,0,0,0
12.191000000000001,0,0,0
12.1915,0,0,0
12.192,0,0,0
12.192500000000001,0,0,0
12.193,0,0,0
12.1935,0,0,0
12.194000000000001,0,0,0
12.1945,0,0,0
12.195,0,0,0
12.195499999999999,0,0,0
12.196,0,0,0
12.1965,0,0,0
12.196999999999999,0,0,0
12.1975,0,0,0
12.198,0,0,0
12.198499999999999,0,0,0
12.199,0,0,0
12.1995,0,0,0
12.199999999999999,0,0,0
12.2005,0,0,0
12.201000000000001,0,0,0
12.201499999999999,0,0,0
12.202,0,0,0
12.202500000000001,0,0,0
12.202999999999999,0,0,0
12.2035,0,0,0
12.204000000000001,0,0,0
12.204499999999999,0,0,0
12.205,0,0,0
12.205500000000001,0,0,0
12.206,0,0,0
12.2065,0,0,0
12.207000000000001,0,0,0
12.2075,0,0,0
12.208,0,0,0
12.208500000000001,0,0,0
12.209,0,0,0
12.2095,0,0,0
12.210000000000001,0,0,0
12.2105,0,0,0
12.211,0,0,0
12.211499999999999,0,0,0
12.212,0,0,0
12.2125,0,0,0
12.212999999999999,0,0,0
12.2135,0,0,0
12.214,0,0,0
12.214499999999999,0,0,0
12.215,0,0,0
12.2155,0,0,0
12.215999999999999,0,0,0
12.2165,0,0,0
12.217000000000001,0,0,0
12.217499999999999,0,0,0
12.218,0,0,0
12.218500000000001,0,0,0
12.218999999999999,0,0,0
12.2195,0,0,0
12.220000000000001,0,0,0
12.220499999999999,0,0,0
12.221,0,0,0
12.221500000000001,0,0,0
12.222,0,0,0
12.2225,0,0,0
12.223000000000001,0,0,0
12.2235,0,0,0
12.224,0,0,0
12.224500000000001,0,0,0
12.225,0,0,0
12.2255,0,0,0
12.226000000000001,0,0,0
12.2265,0,0,0
12.227,0,0,0
12.227499999999999,0,0,0
12.228,0,0,0
12.2285,0,0,0
12.228999999999999,0,0,0
12.2295,0,0,0
12.23,0,0,0
12.230499999999999,0,0,0
12.231,0,0,0
12.2315,0,0,0
12.231999999999999,0,0,0
12.2325,0,0,0
12.233000000000001,0,0,0
12.233499999999999,0,0,0
12.234,0,0,0
12.234500000000001,0,0,0
12.234999999999999,0,0,0
12.2355,0,0,0
12.236000000000001,0,0,0
12.236499999999999,0,0,0
12.237,0,0,0
12.237500000000001,0,0,0
12.238,0,0,0
12.2385,0,0,0
12.239000000000001,0,0,0
12.2395,0,0,1
12.24,0,0,1
12.240500000000001,0,0,0
12.241,0,0,0
12.2415,0,0,0
12.242000000000001,0,0,0
12.2425,0,0,0
12.243,0,0,0
12.243499999999999,0,0,0
12.244,0,0,0
12.2445,0,0,0
12.244999999999999,0,0,0
12.2455,0,0,0
12.246,0,0,0
12.246499999999999,0,0,0
12.247,0,0,0
12.2475,0,0,0
12.247999999999999,0,0,0
12.2485,0,0,0
12.249000000000001,0,0,0
12.249499999999999,0,0,0
12.25,0,0,0
12.250500000000001,0,0,0
12.250999999999999,0,0,0
12.2515,0,0,0
12.252000000000001,0,0,0
12.2525,0,0,0
12.253,0,0,0
12.253500000000001,0,0,0
12.254,0,0,0
12.2545,0,0,0
12.255000000000001,0,0,0
12.2555,0,0,0
12.256,0,0,0
12.256500000000001,0,0,0
12.257,0,0,0
12.2575,0,0,0
12.257999999999999,0,0,0
12.2585,0,0,0
12.259,0,0,0
12.259499999999999,0,0,0
12.26,0,0,0
12.2605,0,0,0
12.260999999999999,0,0,0
12.2615,0,0,0
12.262,0,0,0
12.262499999999999,0,0,0
12.263,0,0,0
12.263500000000001,0,0,0
12.263999999999999,0,0,0
12.2645,0,0,0
12.265000000000001,0,0,0
12.265499999999999,0,0,0
12.266,0,0,0
12.266500000000001,0,0,0
12.266999999999999,0,0,1
12.2675,0,0,1
12.268000000000001,0,0,0
12.2685,0,0,0
12.269,0,0,0
12.269500000000001,0,0,0
12.27,0,0,0
12.2705,0,0,0
12.271000000000001,0,0,0
12.2715,0,0,0
12.272,0,0,0
12.272500000000001,0,0,0
12.273,0,0,0
12.2735,0,0,0
12.273999999999999,0,0,0
12.2745,0,0,0
12.275,0,0,0
12.275499999999999,0,0,0
12.276,0,0,0
12.2765,0,0,0
12.276999999999999,0,0,0
12.2775,0,0,0
12.278,0,0,0
12.278499999999999,0,0,0
12.279,0,0,0
12.279500000000001,0,0,0
12.279999999999999,0,0,0
12.2805,0,0,0
12.281000000000001,0,0,0
12.281499999999999,0,0,0
12.282,0,0,0
12.282500000000001,0,0,0
12.282999999999999,0,0,0
12.2835,0,0,0
12.284000000000001,0,0,0
12.2845,0,0,0
12.285,0,0,0
12.285500000000001,0,0,0
12.286,0,0,0
12.2865,0,0,0
12.287000000000001,0,0,0
12.2875,0,0,0
12.288,0,0,0
12.288500000000001,0,0,0
12.289,0,1,0
12.2895,0,1,0
12.289999999999999,0,0,0
12.2905,0,0,0
12.291,0,0,0
12.291499999999999,0,0,0
12.292,0,0,0
12.2925,0,0,0
12.292999999999999,0,0,0
12.2935,0,0,0
12.294,0,0,0
12.294499999999999,0,0,0
12.295,0,0,0
12.295500000000001,0,0,0
12.295999999999999,0,0,0
12.2965,0,0,0
12.297000000000001,0,0,0
12.297499999999999,0,0,0
12.298,0,0,0
12.298500000000001,0,0,0
12.298999999999999,0,0,0
12.2995,0,0,0
12.300000000000001,0,0,0
12.3005,0,0,0
12.301,0,0,0
12.301500000000001,0,0,0
12.302,0,0,0
12.3025,0,0,0
12.303000000000001,0,0,0
12.3035,0,0,0
12.304,0,0,0
12.304500000000001,0,0,0
12.305,0,0,0
12.3055,0,0,0
12.305999999999999,0,0,0
12.3065,0,0,0
12.307,0,1,0
12.307499999999999,0,1,0
12.308,0,0,0
12.3085,0,0,0
12.308999999999999,0,0,0
12.3095,0,0,0
12.31,0,0,0
12.310499999999999,0,0,0
12.311,0,0,0
12.311500000000001,0,0,0
12.311999999999999,0,0,0
12.3125,0,0,0
12.313000000000001,0,0,0
12.313499999999999,0,0,0
12.314,0,0,0
12.314500000000001,0,0,0
12.315,0,0,0
12.3155,0,0,0
12.316000000000001,0,0,0
12.3165,0,0,0
12.317,0,0,0
12.317500000000001,0,0,0
12.318,0,0,0
12.3185,0,0,0
12.319000000000001,0,0,0
12.3195,0,0,0
12.32,0,0,0
12.320499999999999,0,0,0
12.321,0,0,0
12.3215,0,0,0
12.321999999999999,0,0,0
12.3225,0,0,0
12.323,0,1,0
12.323499999999999,0,1,0
12.324,0,0,0
12.3245,0,0,0
12.324999999999999,0,0,0
12.3255,0,0,0
12.326000000000001,0,0,0
12.326499999999999,0,0,0
12.327,0,0,0
12.327500000000001,0,0,0
12.327999999999999,0,0,0
12.3285,0,0,0
12.329000000000001,0,0,0
12.329499999999999,0,0,0
12.33,0,0,0
12.330500000000001,0,0,0
12.331,0,0,0
12.3315,0,0,0
12.332000000000001,0,0,0
12.3325,0,0,0
12.333,0,0,0
12.333500000000001,0,0,0
12.334,0,0,0
12.3345,0,0,0
12.335000000000001,0,0,0
12.3355,0,0,0
12.336,0,0,0
12.336499999999999,0,0,0
12.337,0,0,0
12.3375,0,0,0
12.337999999999999,0,0,0
12.3385,0,0,0
12.339,0,0,0
12.339499999999999,0,0,0
12.34,0,0,0
12.3405,0,0,0
12.340999999999999,0,0,0
12.3415,0,0,0
12.342000000000001,0,0,0
12.342499999999999,0,0,0
12.343,0,0,0
12.343500000000001,0,0,0
12.343999999999999,0,0,0
12.3445,0,0,0
12.345000000000001,0,0,0
12.345499999999999,0,0,0
12.346,0,0,0
12.346500000000001,0,0,0
12.347,0,0,0
12.3475,0,0,0
12.348000000000001,0,0,0
12.3485,0,0,0
12.349,0,0,0
12.349500000000001,0,0,0
12.35,0,1,0
12.3505,0,1,0
12.351000000000001,0,0,0
12.3515,0,0,0
12.352,0,0,0
12.352499999999999,0,0,0
12.353,0,0,0
12.3535,0,0,0
12.353999999999999,0,0,0
12.3545,0,0,0
12.355,0,0,0
12.355499999999999,0,0,0
12.356,0,0,0
12.3565,0,0,0
12.356999999999999,0,0,0
12.3575,0,0,0
12.358000000000001,0,0,0
12.358499999999999,0,0,0
12.359,0,0,0
12.359500000000001,0,0,0
12.359999999999999,0,0,0
12.3605,0,0,0
12.361000000000001,0,0,0
12.361499999999999,0,0,0
12.362,0,0,0
12.362500000000001,0,0,0
12.363,0,0,0
12.3635,0,0,0
12.364000000000001,0,0,0
12.3645,0,0,0
12.365,0,0,0
12.365500000000001,0,0,0
12.366,0,0,0
12.3665,0,0,0
12.367000000000001,0,0,0
12.3675,0,0,0
12.368,0,0,0
12.368499999999999,0,0,0
12.369,0,0,0
12.3695,0,0,0
12.369999999999999,0,0,0
12.3705,0,0,0
12.371,0,0,0
12.371499999999999,0,0,0
12.372,0,0,0
12.3725,0,0,0
12.372999999999999,0,0,0
12.3735,0,0,0
12.374000000000001,0,0,0
12.374499999999999,0,0,0
12.375,0,0,0
12.375500000000001,0,0,0
12.375999999999999,0,0,0
12.3765,0,0,0
12.377000000000001,0,0,0
12.3775,0,0,0
12.378,0,0,0
12.378500000000001,0,0,0
12.379,0,0,0
12.3795,0,0,0
12.380000000000001,0,0,0
12.3805,0,0,0
12.381,0,0,0
12.381500000000001,0,0,0
12.382,0,0,0
12.3825,0,0,0
12.382999999999999,0,0,0
12.3835,0,0,0
12.384,0,0,0
12.384499999999999,0,0,0
12.385,0,0,0
12.3855,0,0,0
12.385999999999999,0,0,0
12.3865,0,0,0
12.387,0,0,0
12.387499999999999,0,0,0
12.388,0,0,0
12.388500000000001,0,0,0
12.388999999999999,0,0,0
12.3895,0,0,0
12.390000000000001,0,0,0
12.390499999999999,0,0,0
12.391,0,0,0
12.391500000000001,0,0,0
12.391999999999999,0,0,0
12.3925,0,0,0
12.393000000000001,0,0,0
12.3935,0,0,0
12.394,0,0,0
12.394500000000001,0,0,0
12.395,0,0,0
12.3955,0,0,0
12.396000000000001,0,0,0
12.3965,0,0,0
12.397,0,0,0
12.397500000000001,0,0,0
12.398,0,0,0
12.3985,0,0,0
12.398999999999999,0,0,0
12.3995,0,0,0
12.4,0,0,0
12.400499999999999,0,0,0
12.401,0,0,0
12.4015,0,0,0
12.401999999999999,0,0,0
12.4025,0,0,0
12.403,0,0,0
12.403499999999999,0,0,0
12.404,0,0,0
12.404500000000001,0,0,0
12.404999999999999,0,0,0
12.4055,0,0,0
12.406000000000001,0,0,0
12.406499999999999,0,0,0
12.407,0,0,0
12.407500000000001,0,0,0
12.407999999999999,0,0,0
12.4085,0,0,0
12.409000000000001,0,0,0
12.4095,0,0,0
12.41,0,0,0
12.410500000000001,0,0,0
12.411,0,0,0
12.4115,0,0,0
12.412000000000001,0,0,0
12.4125,0,0,0
12.413,0,0,0
12.413500000000001,0,0,0
12.414,0,0,0
12.4145,0,0,0
12.414999999999999,0,0,0
12.4155,0,0,0
12.416,0,0,0
12.416499999999999,0,0,0
12.417,0,0,0
12.4175,0,0,0
12.417999999999999,0,0,0
12.4185,0,0,0
12.419,0,0,0
12.419499999999999,0,0,0
12.42,0,0,0
12.420500000000001,0,0,0
12.420999999999999,0,0,0
12.4215,0,0,0
12.422000000000001,0,0,0
12.422499999999999,0,0,0
12.423,0,0,0
12.423500000000001,0,0,0
12.423999999999999,0,0,0
12.4245,0,0,0
12.425000000000001,0,0,0
12.4255,0,0,0
12.426,0,0,0
12.426500000000001,0,0,0
12.427,0,0,0
12.4275,0,0,0
12.428000000000001,0,0,0
12.4285,0,0,0
12.429,0,0,0
12.429500000000001,0,0,0
12.43,0,0,0
12.4305,0,0,0
12.430999999999999,0,0,0
12.4315,0,0,0
12.432,0,0,0
12.432499999999999,0,0,0
12.433,0,0,0
12.4335,0,0,0
12.433999999999999,0,0,0
12.4345,0,0,0
12.435,0,0,0
12.435499999999999,0,0,0
12.436,0,0,0
12.436500000000001,0,0,0
12.436999999999999,0,0,0
12.4375,0,0,0
12.438000000000001,0,0,0
12.438499999999999,0,0,0
12.439,0,0,0
12.439500000000001,0,0,0
12.44,0,0,0
12.4405,0,0,0
12.441000000000001,0,0,0
12.4415,0,0,0
12.442,0,0,0
12.442500000000001,0,0,0
12.443,0,0,0
12.4435,0,0,0
12.444000000000001,0,0,0
12.4445,0,0,0
12.445,0,0,0
12.445499999999999,0,0,0
12.446,0,0,0
12.4465,0,0,0
12.446999999999999,0,0,0
12.4475,0,0,0
12.448,0,0,0
12.448499999999999,0,0,0
12.449,0,0,0
12.4495,0,0,0
12.449999999999999,0,0,0
12.4505,0,0,0
12.451000000000001,0,0,0
12.451499999999999,0,0,0
12.452,0,0,0
12.452500000000001,0,0,0
12.452999999999999,0,0,0
12.4535,0,0,0
12.454000000000001,0,0,0
12.454499999999999,0,0,0
12.455,0,0,0
12.455500000000001,0,0,0
12.456,0,0,0
12.4565,0,0,0
12.457000000000001,0,0,0
12.4575,0,0,0
12.458,0,0,0
12.458500000000001,0,0,0
12.459,0,0,0
12.4595,0,0,0
12.460000000000001,0,0,0
12.4605,0,0,0
12.461,0,0,0
12.461499999999999,0,0,0
12.462,0,0,0
12.4625,0,0,0
12.462999999999999,0,0,0
12.4635,0,0,0
12.464,0,0,0
12.464499999999999,0,0,0
12.465,0,0,0
12.4655,0,0,0
12.465999999999999,0,0,0
12.4665,0,0,0
12.467000000000001,0,0,0
12.467499999999999,0,0,0
12.468,0,0,0
12.468500000000001,0,0,0
12.468999999999999,0,0,0
12.4695,0,0,0
12.470000000000001,0,0,0
12.470499999999999,0,0,0
12.471,0,0,0
12.471500000000001,0,0,0
12.472,0,0,0
12.4725,0,0,0
12.473000000000001,0,0,0
12.4735,0,0,0
12.474,0,0,0
12.474500000000001,0,0,0
12.475,0,0,0
12.4755,0,0,0
12.476000000000001,0,0,0
12.4765,0,0,0
12.477,0,0,0
12.477499999999999,0,0,0
12.478,0,0,0
12.4785,0,0,0
12.478999999999999,0,0,0
12.4795,0,0,0
12.48,0,0,0
12.480499999999999,0,0,0
12.481,0,0,0
12.4815,0,0,0
12.481999999999999,0,0,0
12.4825,0,0,0
12.483000000000001,0,0,0
12.483499999999999,0,0,0
12.484,0,0,0
12.484500000000001,0,0,0
12.484999999999999,0,0,0
12.4855,0,0,0
12.486000000000001,0,0,0
12.486499999999999,0,0,0
12.487,0,0,0
12.487500000000001,0,0,0
12.488,0,0,0
12.4885,0,0,0
12.489000000000001,0,0,0
12.4895,0,0,0
12.49,0,0,0
12.490500000000001,0,0,0
12.491,0,0,0
12.4915,0,0,0
12.492000000000001,0,0,0
12.4925,0,0,0
12.493,0,0,0
12.493499999999999,0,0,0
12.494,0,0,0
12.4945,0,0,0
12.494999999999999,0,0,0
12.4955,0,0,0
12.496,0,0,0
12.496499999999999,0,0,0
12.497,0,0,0
12.4975,0,0,0
12.497999999999999,0,0,0
12.4985,0,0,0
12.499000000000001,0,0,0
12.499499999999999,0,0,0
12.5,0,0,0
12.500500000000001,0,0,0
12.500999999999999,0,0,0
12.5015,0,0,0
12.502000000000001,0,0,0
12.5025,0,0,0
12.503,0,0,0
12.503500000000001,0,0,0
12.504,0,0,0
12.5045,0,0,0
12.505000000000001,0,0,0
12.5055,0,0,0
12.506,0,0,0
12.506500000000001,0,0,0
12.507,0,0,0
12.5075,0,0,0
12.507999999999999,0,0,0
12.5085,0,0,0
12.509,0,0,0
12.509499999999999,0,0,0
12.51,0,0,0
12.5105,0,0,0
12.510999999999999,0,0,0
12.5115,0,0,0
12.512,0,0,0
12.512499999999999,0,0,0
12.513,0,0,0
12.513500000000001,0,0,0
12.513999999999999,0,0,0
12.5145,0,0,0
12.515000000000001,0,0,0
12.515499999999999,0,0,0
12.516,0,0,0
12.516500000000001,0,0,0
12.516999999999999,0,0,0
12.5175,0,0,0
12.518000000000001,0,0,0
12.5185,0,0,0
12.519,0,0,0
12.519500000000001,0,0,0
12.52,0,0,0
12.5205,0,0,0
12.521000000000001,0,0,0
12.5215,0,0,0
12.522,0,0,0
12.522500000000001,0,0,0
12.523,0,0,0
12.5235,0,0,0
12.523999999999999,0,0,0
12.5245,0,0,0
12.525,0,0,0
12.525499999999999,0,0,0
12.526,0,0,0
12.5265,0,0,0
12.526999999999999,0,0,0
12.5275,0,0,0
12.528,0,0,0
12.528499999999999,0,0,0
12.529,0,0,0
12.529500000000001,0,0,0
12.529999999999999,0,0,0
12.5305,0,0,0
12.531000000000001,0,0,0
12.531499999999999,0,0,0
12.532,0,0,0
12.532500000000001,0,0,0
12.532999999999999,0,0,0
12.5335,0,0,0
12.534000000000001,0,0,0
12.5345,0,0,0
12.535,0,0,0
12.535500000000001,0,0,0
12.536,0,0,0
12.5365,0,0,0
12.537000000000001,0,0,0
12.5375,0,0,0
12.538,0,0,0
12.538500000000001,0,0,0
12.539,0,0,0
12.5395,0,0,0
12.539999999999999,0,0,0
12.5405,0,0,0
12.541,0,0,0
12.541499999999999,0,0,0
12.542,0,0,0
12.5425,0,0,0
12.542999999999999,0,0,0
12.5435,0,0,0
12.544,0,0,0
12.544499999999999,0,0,0
12.545,0,0,0
12.545500000000001,0,0,0
12.545999999999999,0,0,0
12.5465,0,0,0
12.547000000000001,0,0,0
12.547499999999999,0,0,0
12.548,0,0,0
12.548500000000001,0,0,0
12.548999999999999,0,0,0
12.5495,0,0,0
12.550000000000001,0,0,0
12.5505,0,0,0
12.551,0,0,0
12.551500000000001,0,0,0
12.552,0,0,0
12.5525,0,0,0
12.553000000000001,0,0,0
12.5535,0,0,0
12.554,0,0,0
12.554500000000001,0,0,0
12.555,0,0,0
12.5555,0,0,0
12.555999999999999,0,0,0
12.5565,0,0,0
12.557,0,0,0
12.557499999999999,0,0,0
12.558,0,0,0
12.5585,0,0,0
12.558999999999999,0,0,0
12.5595,0,0,0
12.56,0,0,0
12.560499999999999,0,0,0
12.561,0,0,0
12.561500000000001,0,0,0
12.561999999999999,0,0,0
12.5625,0,0,0
12.563000000000001,0,0,0
12.563499999999999,0,0,0
12.564,0,0,0
12.564500000000001,0,0,0
12.565,0,0,0
12.5655,0,0,0
12.566000000000001,0,0,0
12.5665,0,0,0
12.567,0,0,0
12.567500000000001,0,0,0
12.568,0,0,0
12.5685,0,0,0
12.569000000000001,0,0,0
12.5695,0,0,0
12.57,0,0,0
12.570499999999999,0,0,0
12.571,0,0,0
12.5715,0,0,0
12.571999999999999,0,0,0
12.5725,0,0,0
12.573,0,0,0
12.573499999999999,0,0,0
12.574,0,0,0
12.5745,0,0,0
12.574999999999999,0,0,0
12.5755,0,0,0
12.576000000000001,0,0,0
12.576499999999999,0,0,0
12.577,0,0,0
12.577500000000001,0,0,0
12.577999999999999,0,0,0
12.5785,0,0,0
12.579000000000001,0,0,0
12.579499999999999,0,0,0
12.58,0,0,0
12.580500000000001,0,0,0
12.581,0,0,0
12.5815,0,0,0
12.582000000000001,0,0,0
12.5825,0,0,0
12.583,0,0,0
12.583500000000001,0,0,0
12.584,0,0,0
12.5845,0,0,0
12.585000000000001,0,0,0
12.5855,0,0,0
12.586,0,0,0
12.586499999999999,0,0,0
12.587,0,0,0
12.5875,0,0,0
12.587999999999999,0,0,0
12.5885,0,0,0
12.589,0,0,0
12.589499999999999,0,0,0
12.59,0,0,0
12.5905,0,0,0
12.590999999999999,0,0,0
12.5915,0,0,0
12.592000000000001,0,0,0
12.592499999999999,0,0,0
12.593,0,0,0
12.593500000000001,0,0,0
12.593999999999999,0,0,0
12.5945,0,0,0
12.595000000000001,0,0,0
12.595499999999999,0,0,0
12.596,0,0,0
12.596500000000001,0,0,0
12.597,0,0,0
12.5975,0,0,0
12.598000000000001,0,0,0
12.5985,0,0,0
12.599,0,0,0
12.599500000000001,0,0,0
12.6,0,0,0
12.6005,0,0,0
12.601000000000001,0,0,0
12.6015,0,0,0
12.602,0,0,0
12.602499999999999,0,0,0
12.603,0,0,0
12.6035,0,0,0
12.603999999999999,0,0,0
12.6045,0,0,0
12.605,0,0,0
12.605499999999999,0,0,0
12.606,0,0,0
12.6065,0,0,0
12.606999999999999,0,0,0
12.6075,0,0,0
12.608000000000001,0,0,0
12.608499999999999,0,0,0
12.609,0,0,0
12.609500000000001,0,0,0
12.609999999999999,0,0,0
12.6105,0,0,0
12.611000000000001,0,0,0
12.611499999999999,0,0,0
12.612,0,0,0
12.612500000000001,0,0,0
12.613,0,0,0
12.6135,0,0,0
12.614000000000001,0,0,0
12.6145,0,0,0
12.615,0,0,0
12.615500000000001,0,0,0
12.616,0,0,0
12.6165,0,0,0
12.617000000000001,0,0,0
12.6175,0,0,0
12.618,0,0,0
12.618499999999999,0,0,0
12.619,0,0,0
12.6195,0,0,0
12.619999999999999,0,0,0
12.6205,0,0,0
12.621,0,0,0
12.621499999999999,0,0,0
12.622,0,0,0
12.6225,0,0,0
12.622999999999999,0,0,0
12.6235,0,0,0
12.624000000000001,0,0,0
12.624499999999999,0,0,0
12.625,0,0,0
12.625500000000001,0,0,0
12.625999999999999,0,0,0
12.6265,0,0,0
12.627000000000001,0,0,0
12.6275,0,0,0
12.628,0,0,0
12.628500000000001,0,0,0
12.629,0,0,0
12.6295,0,0,0
12.630000000000001,0,0,0
12.6305,0,0,0
12.631,0,0,0
12.631500000000001,0,0,0
12.632,0,0,0
12.6325,0,0,0
12.632999999999999,0,0,0
12.6335,0,0,0
12.634,0,0,0
12.634499999999999,0,0,0
12.635,0,0,0
12.6355,0,0,0
12.635999999999999,0,0,0
12.6365,0,0,0
12.637,0,0,0
12.637499999999999,0,0,0
12.638,0,0,0
12.638500000000001,0,0,0
12.638999999999999,0,0,0
12.6395,0,0,0
12.640000000000001,0,0,0
12.640499999999999,0,0,0
12.641,0,0,0
12.641500000000001,0,0,0
12.641999999999999,0,0,0
12.6425,0,0,0
12.643000000000001,0,0,0
12.6435,0,0,0
12.644,0,0,0
12.644500000000001,0,0,0
12.645,0,0,0
12.6455,0,0,0
12.646000000000001,0,0,0
12.6465,0,0,0
12.647,0,0,0
12.647500000000001,0,0,0
12.648,0,0,0
12.6485,0,0,0
12.648999999999999,0,0,0
12.6495,0,0,0
12.65,0,0,0
12.650499999999999,0,0,0
12.651,0,0,0
12.6515,0,0,0
12.651999999999999,0,0,0
12.6525,0,0,0
12.653,0,0,0
12.653499999999999,0,0,0
12.654,0,0,0
12.654500000000001,0,0,0
12.654999999999999,0,0,0
12.6555,0,0,0
12.656000000000001,0,0,0
12.656499999999999,0,0,0
12.657,0,0,0
12.657500000000001,0,0,0
12.657999999999999,0,0,0
12.6585,0,0,0
12.659000000000001,0,0,0
12.6595,0,0,0
12.66,0,0,0
12.660500000000001,0,0,0
12.661,0,0,0
12.6615,0,0,0
12.662000000000001,0,0,0
12.6625,0,0,0
12.663,0,0,0
12.663500000000001,0,0,0
12.664,0,0,0
12.6645,0,0,0
12.664999999999999,0,0,0
12.6655,0,0,0
12.666,0,0,0
12.666499999999999,0,0,0
12.667,0,0,0
12.6675,0,0,0
12.667999999999999,0,0,0
12.6685,0,0,0
12.669,0,0,0
12.669499999999999,0,0,0
12.67,0,0,0
12.670500000000001,0,0,0
12.670999999999999,0,0,0
12.6715,0,0,0
12.672000000000001,0,0,0
12.672499999999999,0,0,0
12.673,0,0,0
12.673500000000001,0,0,0
12.673999999999999,0,0,0
12.6745,0,0,0
12.675000000000001,0,0,0
12.6755,0,0,0
12.676,0,0,0
12.676500000000001,0,0,0
12.677,0,0,0
12.6775,0,0,0
12.678000000000001,0,0,0
12.6785,0,0,0
12.679,0,0,0
12.679500000000001,0,0,0
12.68,0,0,0
12.6805,0,0,0
12.680999999999999,0,0,0
12.6815,0,0,0
12.682,0,0,0
12.682499999999999,0,0,0
12.683,0,0,0
12.6835,0,0,0
12.683999999999999,0,0,0
12.6845,0,0,0
12.685,0,0,0
12.685499999999999,0,0,0
12.686,0,0,0
12.686500000000001,0,0,0
12.686999999999999,0,0,0
12.6875,0,0,0
12.688000000000001,0,0,0
12.688499999999999,0,0,0
12.689,0,0,0
12.689500000000001,0,0,0
12.69,0,0,0
12.6905,0,0,0
12.691000000000001,0,0,0
12.6915,0,0,0
12.692,0,0,0
12.692500000000001,0,0,0
12.693,0,0,0
12.6935,0,0,0
12.694000000000001,0,0,0
12.6945,0,0,0
12.695,0,0,0
12.695499999999999,0,0,0
12.696,0,0,0
12.6965,0,0,0
12.696999999999999,0,0,0
12.6975,0,0,0
12.698,0,0,0
12.698499999999999,0,0,0
12.699,0,0,0
12.6995,0,0,0
12.699999999999999,0,0,0
12.7005,0,0,0
12.701000000000001,0,0,0
12.701499999999999,0,0,0
12.702,0,0,0
12.702500000000001,0,0,0
12.702999999999999,0,0,0
12.7035,0,0,0
12.704000000000001,0,0,0
12.704499999999999,0,0,0
12.705,0,0,0
12.705500000000001,0,0,0
12.706,0,0,0
12.7065,0,0,0
12.707000000000001,0,0,0
12.7075,0,0,0
12.708,0,0,0
12.708500000000001,0,0,0
12.709,0,0,0
12.7095,0,0,0
12.710000000000001,0,0,0
12.7105,0,0,0
12.711,0,0,0
12.711499999999999,0,0,0
12.712,0,0,0
12.7125,0,0,0
12.712999999999999,0,0,0
12.7135,0,0,0
12.714,0,0,0
12.714499999999999,0,0,0
12.715,0,0,0
12.7155,0,0,0
12.715999999999999,0,0,0
12.7165,0,0,0
12.717000000000001,0,0,0
12.717499999999999,0,0,0
12.718,0,0,0
12.718500000000001,0,0,0
12.718999999999999,0,0,0
12.7195,0,0,0
12.720000000000001,0,0,0
12.720499999999999,0,0,0
12.721,0,0,0
12.721500000000001,0,0,0
12.722,0,0,0
12.7225,0,0,0
12.723000000000001,0,0,0
12.7235,0,0,0
12.724,0,0,0
12.724500000000001,0,0,0
12.725,0,0,0
12.7255,0,0,0
12.726000000000001,0,0,0
12.7265,0,0,0
12.727,0,0,0
12.727499999999999,0,0,0
12.728,0,0,0
12.7285,0,0,0
12.728999999999999,0,0,0
12.7295,0,0,0
12.73,0,0,0
12.730499999999999,0,0,0
12.731,0,0,0
12.7315,0,0,0
12.731999999999999,0,0,0
12.7325,0,0,0
12.733000000000001,0,0,0
12.733499999999999,0,0,0
12.734,0,0,0
12.734500000000001,0,0,0
12.734999999999999,0,0,0
12.7355,0,0,0
12.736000000000001,0,0,0
12.736499999999999,0,0,0
12.737,0,0,0
12.737500000000001,0,0,0
12.738,0,0,0
12.7385,0,0,0
12.739000000000001,0,0,0
12.7395,0,0,0
12.74,0,0,0
12.740500000000001,0,0,0
12.741,0,0,0
12.7415,0,0,0
12.742000000000001,0,0,0
12.7425,0,0,0
12.743,0,0,0
12.743499999999999,0,0,0
12.744,0,0,0
12.7445,0,0,0
12.744999999999999,0,0,0
12.7455,0,0,0
12.746,0,0,0
12.746499999999999,0,0,0
12.747,0,0,0
12.7475,0,0,0
12.747999999999999,0,0,0
12.7485,0,0,0
12.749000000000001,0,0,0
12.749499999999999,0,0,0
12.75,0,0,0
12.750500000000001,0,0,0
12.750999999999999,0,0,0
12.7515,0,0,0
12.752000000000001,0,0,0
12.7525,0,0,0
12.753,0,0,0
12.753500000000001,0,0,0
12.754,0,0,0
12.7545,0,0,0
12.755000000000001,0,0,0
12.7555,0,0,0
12.756,0,0,0
12.756500000000001,0,0,0
12.757,0,0,0
12.7575,0,0,0
12.757999999999999,0,0,0
12.7585,0,0,0
12.759,0,0,0
12.759499999999999,0,0,0
12.76,0,0,0
12.7605,0,0,0
12.760999999999999,0,0,0
12.7615,0,0,0
12.762,0,0,0
12.762499999999999,0,0,0
12.763,0,0,0
12.763500000000001,0,0,0
12.763999999999999,0,0,0
12.7645,0,0,0
12.765000000000001,0,0,0
12.765499999999999,0,0,0
12.766,0,0,0
12.766500000000001,0,0,0
12.766999999999999,0,0,0
12.7675,0,0,0
12.768000000000001,0,0,0
12.7685,0,0,0
12.769,0,0,0
12.769500000000001,0,0,0
12.77,0,0,0
12.7705,0,0,0
12.771000000000001,0,0,0
12.7715,0,0,0
12.772,0,0,0
12.772500000000001,0,0,0
12.773,0,0,0
12.7735,0,0,0
12.773999999999999,0,0,0
12.7745,0,0,0
12.775,0,0,0
12.775499999999999,0,0,0
12.776,0,0,0
12.7765,0,0,0
12.776999999999999,0,0,0
12.7775,0,0,0
12.778,0,0,0
12.778499999999999,0,0,0
12.779,0,0,0
12.779500000000001,0,0,0
12.779999999999999,0,0,0
12.7805,0,0,0
12.781000000000001,0,0,0
12.781499999999999,0,0,0
12.782,0,0,0
12.782500000000001,0,0,0
12.782999999999999,0,0,0
12.7835,0,0,0
12.784000000000001,0,0,0
12.7845,0,0,0
12.785,0,0,0
12.785500000000001,0,0,0
12.786,0,0,0
12.7865,0,0,0
12.787000000000001,0,0,0
12.7875,0,0,0
12.788,0,0,0
12.788500000000001,0,0,0
12.789,0,0,0
12.7895,0,0,0
12.789999999999999,0,0,0
12.7905,0,0,0
12.791,0,0,0
12.791499999999999,0,0,0
12.792,0,0,0
12.7925,0,0,0
12.792999999999999,0,0,0
12.7935,0,0,0
12.794,0,0,0
12.794499999999999,0,0,0
12.795,0,0,0
12.795500000000001,0,0,0
12.795999999999999,0,0,0
12.7965,0,0,0
12.797000000000001,0,0,0
12.797499999999999,0,0,0
12.798,0,0,0
12.798500000000001,0,0,0
12.798999999999999,0,0,0
12.7995,0,0,0
12.800000000000001,0,0,0
12.8005,0,0,0
12.801,0,0,0
12.801500000000001,0,0,0
12.802,0,0,0
12.8025,0,0,0
12.803000000000001,0,0,0
12.8035,0,0,0
12.804,0,0,0
12.804500000000001,0,0,0
12.805,0,0,0
12.8055,0,0,0
12.805999999999999,0,0,0
12.8065,0,0,0
12.807,0,0,0
12.807499999999999,0,0,0
12.808,0,0,0
12.8085,0,0,0
12.808999999999999,0,0,0
12.8095,0,0,0
12.81,0,0,0
12.810499999999999,0,0,0
12.811,0,0,0
12.811500000000001,0,0,0
12.811999999999999,0,0,0
12.8125,0,0,0
12.813000000000001,0,0,0
12.813499999999999,0,0,0
12.814,0,0,0
12.814500000000001,0,0,0
12.815,0,0,0
12.8155,0,0,0
12.816000000000001,0,0,0
12.8165,0,0,0
12.817,0,0,0
12.817500000000001,0,0,0
12.818,0,0,0
12.8185,0,0,0
12.819000000000001,0,0,0
12.8195,0,0,0
12.82,0,0,0
12.820499999999999,0,0,0
12.821,0,0,0
12.8215,0,0,0
12.821999999999999,0,0,0
12.8225,0,0,0
12.823,0,0,0
12.823499999999999,0,0,0
12.824,0,0,0
12.8245,0,0,0
12.824999999999999,0,0,0
12.8255,0,0,0
12.826000000000001,0,0,0
12.826499999999999,0,0,0
12.827,0,0,0
12.827500000000001,0,0,0
12.827999999999999,0,0,0
12.8285,0,0,0
12.829000000000001,0,0,0
12.829499999999999,0,0,0
12.83,0,0,0
12.830500000000001,0,0,0
12.831,0,0,0
12.8315,0,0,0
12.832000000000001,0,0,0
12.8325,0,0,0
12.833,0,0,0
12.833500000000001,0,0,0
12.834,0,0,0
12.8345,0,0,0
12.835000000000001,0,0,0
12.8355,0,0,0
12.836,0,0,0
12.836499999999999,0,0,0
12.837,0,0,0
12.8375,0,0,0
12.837999999999999,0,0,0
12.8385,0,0,0
12.839,0,0,0
12.839499999999999,0,0,0
12.84,0,0,0
12.8405,0,0,0
12.840999999999999,0,0,0
12.8415,0,0,0
12.842000000000001,0,0,0
12.842499999999999,0,0,0
12.843,0,0,0
12.843500000000001,0,0,0
12.843999999999999,0,0,0
12.8445,0,0,0
12.845000000000001,0,0,0
12.845499999999999,0,0,0
12.846,0,0,0
12.846500000000001,0,0,0
12.847,0,0,0
12.8475,0,0,0
12.848000000000001,0,0,0
12.8485,0,0,0
12.849,0,0,0
12.849500000000001,0,0,0
12.85,0,0,0
12.8505,0,0,0
12.851000000000001,0,0,0
12.8515,0,0,0
12.852,0,0,0
12.852499999999999,0,0,0
12.853,0,0,0
12.8535,0,0,0
12.853999999999999,0,0,0
12.8545,0,0,0
12.855,0,0,0
12.855499999999999,0,0,0
12.856,0,0,0
12.8565,0,0,0
12.856999999999999,0,0,0
12.8575,0,0,0
12.858000000000001,0,0,0
12.858499999999999,0,0,0
12.859,0,0,0
12.859500000000001,0,0,0
12.859999999999999,0,0,0
12.8605,0,0,0
12.861000000000001,0,0,0
12.861499999999999,0,0,0
12.862,0,0,0
12.862500000000001,0,0,0
12.863,0,0,0
12.8635,0,0,0
12.864000000000001,0,0,0
12.8645,0,0,0
12.865,0,0,0
12.865500000000001,0,0,0
12.866,0,0,0
12.8665,0,0,0
12.867000000000001,0,0,0
12.8675,0,0,0
12.868,0,0,0
12.868499999999999,0,0,0
12.869,0,0,0
12.8695,0,0,0
12.869999999999999,0,0,0
12.8705,0,0,0
12.871,0,0,0
12.871499999999999,0,0,0
12.872,0,0,0
12.8725,0,0,0
12.872999999999999,0,0,0
12.8735,0,0,0
12.874000000000001,0,0,0
12.874499999999999,0,0,0
12.875,0,0,0
12.875500000000001,0,0,0
12.875999999999999,0,0,0
12.8765,0,0,0
12.877000000000001,0,0,0
12.8775,0,0,0
12.878,0,0,0
12.878500000000001,0,0,0
12.879,0,0,0
12.8795,0,0,0
12.880000000000001,0,0,0
12.8805,0,0,0
12.881,0,0,0
12.881500000000001,0,0,0
12.882,0,0,0
12.8825,0,0,0
12.882999999999999,0,0,0
12.8835,0,0,0
12.884,0,0,0
12.884499999999999,0,0,0
12.885,0,0,0
12.8855,0,0,0
12.885999999999999,0,0,0
12.8865,0,0,0
12.887,0,0,0
12.887499999999999,0,0,0
12.888,0,0,0
12.888500000000001,0,0,0
12.888999999999999,0,0,0
12.8895,0,0,0
12.890000000000001,0,0,0
12.890499999999999,0,0,0
12.891,0,0,0
12.891500000000001,0,0,0
12.891999999999999,0,0,0
12.8925,0,0,0
12.893000000000001,0,0,0
12.8935,0,0,0
12.894,0,0,0
12.894500000000001,0,0,0
12.895,0,0,0
12.8955,0,0,0
12.896000000000001,0,0,0
12.8965,0,0,0
12.897,0,0,0
12.897500000000001,0,0,0
12.898,0,0,0
12.8985,0,0,0
12.898999999999999,0,0,0
12.8995,0,0,0
12.9,0,0,0
12.900499999999999,0,0,0
12.901,0,0,0
12.9015,0,0,0
12.901999999999999,0,0,0
12.9025,0,0,0
12.903,0,0,0
12.903499999999999,0,0,0
12.904,0,0,0
12.904500000000001,0,0,0
12.904999999999999,0,0,0
12.9055,0,0,0
12.906000000000001,0,0,0
12.906499999999999,0,0,0
12.907,0,0,0
12.907500000000001,0,0,0
12.907999999999999,0,0,0
12.9085,0,0,0
12.909000000000001,0,0,0
12.9095,0,0,0
12.91,0,0,0
12.910500000000001,0,0,0
12.911,0,0,0
12.9115,0,0,0
12.912000000000001,0,0,0
12.9125,0,0,0
12.913,0,0,0
12.913500000000001,0,0,0
12.914,0,0,0
12.9145,0,0,0
12.914999999999999,0,0,0
12.9155,0,0,0
12.916,0,0,0
12.916499999999999,0,0,0
12.917,0,0,0
12.9175,0,0,0
12.917999999999999,0,0,0
12.9185,0,0,0
12.919,0,0,0
12.919499999999999,0,0,0
12.92,0,0,0
12.920500000000001,0,0,0
12.920999999999999,0,0,0
12.9215,0,0,0
12.922000000000001,0,0,0
12.922499999999999,0,0,0
12.923,0,0,0
12.923500000000001,0,0,0
12.923999999999999,0,0,0
12.9245,0,0,0
12.925000000000001,0,0,0
12.9255,0,0,0
12.926,0,0,0
12.926500000000001,0,0,0
12.927,0,0,0
12.9275,0,0,0
12.928000000000001,0,0,0
12.9285,0,0,0
12.929,0,0,0
12.929500000000001,0,0,0
12.93,0,0,0
12.9305,0,0,0
12.930999999999999,0,0,0
12.9315,0,0,0
12.932,0,0,0
12.932499999999999,0,0,0
12.933,0,0,0
12.9335,0,0,0
12.933999999999999,0,0,0
12.9345,0,0,0
12.935,0,0,0
12.935499999999999,0,0,0
12.936,0,0,0
12.936500000000001,0,0,0
12.936999999999999,0,0,0
12.9375,0,0,0
12.938000000000001,0,0,0
12.938499999999999,0,0,0
12.939,0,0,0
12.939500000000001,0,0,0
12.94,0,0,0
12.9405,0,0,0
12.941000000000001,0,0,0
12.9415,0,0,0
12.942,0,0,0
12.942500000000001,0,0,0
12.943,0,0,0
12.9435,0,0,0
12.944000000000001,0,0,0
12.9445,0,0,0
12.945,0,0,0
12.945499999999999,0,0,0
12.946,0,0,0
12.9465,0,0,0
12.946999999999999,0,0,0
12.9475,0,0,0
12.948,0,0,0
12.948499999999999,0,0,0
12.949,0,0,0
12.9495,0,0,0
12.949999999999999,0,0,0
12.9505,0,0,0
12.951000000000001,0,0,0
12.951499999999999,0,0,0
12.952,0,0,0
12.952500000000001,0,0,0
12.952999999999999,0,0,0
12.9535,0,0,0
12.954000000000001,0,0,0
12.954499999999999,0,0,0
12.955,0,0,0
12.955500000000001,0,0,0
12.956,0,0,0
12.9565,0,0,0
12.957000000000001,0,0,0
12.9575,0,0,0
12.958,0,0,0
12.958500000000001,0,0,0
12.959,0,0,0
12.9595,0,0,0
12.960000000000001,0,0,0
12.9605,0,0,0
12.961,0,0,0
12.961499999999999,0,0,0
12.962,0,0,0
12.9625,0,0,0
12.962999999999999,0,0,0
12.9635,0,0,0
12.964,0,0,0
12.964499999999999,0,0,0
12.965,0,0,0
12.9655,0,0,0
12.965999999999999,0,0,0
12.9665,0,0,0
12.967000000000001,0,0,0
12.967499999999999,0,0,0
12.968,0,0,0
12.968500000000001,0,0,0
12.968999999999999,0,0,0
12.9695,0,0,0
12.970000000000001,0,0,0
12.970499999999999,0,0,0
12.971,0,0,0
12.971500000000001,0,0,0
12.972,0,0,0
12.9725,0,0,0
12.973000000000001,0,0,0
12.9735,0,0,0
12.974,0,0,0
12.974500000000001,0,0,0
12.975,0,0,0
12.9755,0,0,0
12.976000000000001,0,0,0
12.9765,0,0,0
12.977,0,0,0
12.977499999999999,0,0,0
12.978,0,0,0
12.9785,0,0,0
12.978999999999999,0,0,0
12.9795,0,0,0
12.98,0,0,0
12.980499999999999,0,0,0
12.981,0,0,0
12.9815,0,0,0
12.981999999999999,0,0,0
12.9825,0,0,0
12.983000000000001,0,0,0
12.983499999999999,0,0,0
12.984,0,0,0
12.984500000000001,0,0,0
12.984999999999999,0,0,0
12.9855,0,0,0
12.986000000000001,0,0,0
12.986499999999999,0,0,0
12.987,0,0,0
12.987500000000001,0,0,0
12.988,0,0,0
12.9885,0,0,0
12.989000000000001,0,0,0
12.9895,0,0,0
12.99,0,0,0
12.990500000000001,0,0,0
12.991,0,0,0
12.9915,0,0,0
12.992000000000001,0,0,0
12.9925,0,0,0
12.993,0,0,0
12.993499999999999,0,0,0
12.994,0,0,0
12.9945,0,0,0
12.994999999999999,0,0,0
12.9955,0,0,0
12.996,0,0,0
12.996499999999999,0,0,0
12.997,0,0,0
12.9975,0,0,0
12.997999999999999,0,0,0
12.9985,0,0,0
12.999000000000001,0,0,0
12.999499999999999,0,0,0
13,0,0,0
13.000500000000001,0,0,0
13.000999999999999,0,0,0
13.0015,0,0,0
13.002000000000001,0,0,0
13.0025,0,0,0
13.003,0,0,0
13.003500000000001,0,0,0
13.004,0,0,0
13.0045,0,0,0
13.005000000000001,0,0,0
13.0055,0,0,0
13.006,0,0,0
13.006500000000001,0,0,0
13.007,0,0,0
13.0075,0,0,0
13.007999999999999,0,0,0
13.0085,0,0,0
13.009,0,0,0
13.009499999999999,0,0,0
13.01,0,0,0
13.0105,0,0,0
13.010999999999999,0,0,0
13.0115,0,0,0
13.012,0,0,0
13.012499999999999,0,0,0
13.013,0,0,0
13.013500000000001,0,0,0
13.013999999999999,0,0,0
13.0145,0,0,0
13.015000000000001,0,0,0
13.015499999999999,0,0,0
13.016,0,0,0
13.016500000000001,0,0,0
13.016999999999999,0,0,0
13.0175,0,0,0
13.018000000000001,0,0,0
13.0185,0,0,0
13.019,0,0,0
13.019500000000001,0,0,0
13.02,0,0,0
13.0205,0,0,0
13.021000000000001,0,0,0
13.0215,0,0,0
13.022,0,0,0
13.022500000000001,0,0,0
13.023,0,0,0
13.0235,0,0,0
13.023999999999999,0,0,0
13.0245,0,0,0
13.025,0,0,0
13.025499999999999,0,0,0
13.026,0,0,0
13.0265,0,0,0
13.026999999999999,0,0,0
13.0275,0,0,0
13.028,0,0,0
13.028499999999999,0,0,0
13.029,0,0,0
13.029500000000001,0,0,0
13.029999999999999,0,0,0
13.0305,0,0,0
13.031000000000001,0,0,0
13.031499999999999,0,0,0
13.032,0,0,0
13.032500000000001,0,0,0
13.032999999999999,0,0,0
13.0335,0,0,0
13.034000000000001,0,0,0
13.0345,0,0,0
13.035,0,0,0
13.035500000000001,0,0,0
13.036,0,0,0
13.0365,0,0,0
13.037000000000001,0,0,0
13.0375,0,0,0
13.038,0,0,0
13.038500000000001,0,0,0
13.039,0,0,0
13.0395,0,0,0
13.039999999999999,0,0,0
13.0405,0,0,0
13.041,0,0,0
13.041499999999999,0,0,0
13.042,0,0,0
13.0425,0,0,0
13.042999999999999,0,0,0
13.0435,0,0,0
13.044,0,0,0
13.044499999999999,0,0,0
13.045,0,0,0
13.045500000000001,0,0,0
13.045999999999999,0,0,0
13.0465,0,0,0
13.047000000000001,0,0,0
13.047499999999999,0,0,0
13.048,0,0,0
13.048500000000001,0,0,0
13.048999999999999,0,0,0
13.0495,0,0,0
13.050000000000001,0,0,0
13.0505,0,0,0
13.051,0,0,0
13.051500000000001,0,0,0
13.052,0,0,0
13.0525,0,0,0
13.053000000000001,0,0,0
13.0535,0,0,0
13.054,0,0,0
13.054500000000001,0,0,0
13.055,0,0,0
13.0555,0,0,0
13.055999999999999,0,0,0
13.0565,0,0,0
13.057,0,0,0
13.057499999999999,0,0,0
13.058,0,0,0
13.0585,0,0,0
13.058999999999999,0,0,0
13.0595,0,0,0
13.06,0,0,0
13.060499999999999,0,0,0
13.061,0,0,0
13.061500000000001,0,0,0
13.061999999999999,0,0,0
13.0625,0,0,0
13.063000000000001,0,0,0
13.063499999999999,0,0,0
13.064,0,0,0
13.064500000000001,0,0,0
13.065,0,0,0
13.0655,0,0,0
13.066000000000001,0,0,0
13.0665,0,0,0
13.067,0,0,0
13.067500000000001,0,0,0
13.068,0,0,0
13.0685,0,0,0
13.069000000000001,0,0,0
13.0695,0,0,0
13.07,0,0,0
13.070499999999999,0,0,0
13.071,0,0,0
13.0715,0,0,0
13.071999999999999,0,0,0
13.0725,0,0,0
13.073,0,0,0
13.073499999999999,0,0,0
13.074,0,0,0
13.0745,0,0,0
13.074999999999999,0,0,0
13.0755,0,0,0
13.076000000000001,0,0,0
13.076499999999999,0,0,0
13.077,0,0,0
13.077500000000001,0,0,0
13.077999999999999,0,0,0
13.0785,0,0,0
13.079000000000001,0,0,0
13.079499999999999,0,0,0
13.08,0,0,0
13.080500000000001,0,0,0
13.081,0,0,0
13.0815,0,0,0
13.082000000000001,0,0,0
13.0825,0,0,0
13.083,0,0,0
13.083500000000001,0,0,0
13.084,0,0,0
13.0845,0,0,0
13.085000000000001,0,0,0
13.0855,0,0,0
13.086,0,0,0
13.086499999999999,0,0,0
13.087,0,0,0
13.0875,0,0,0
13.087999999999999,0,0,0
13.0885,0,0,0
13.089,0,0,0
13.089499999999999,0,0,0
13.09,0,0,0
13.0905,0,0,0
13.090999999999999,0,0,0
13.0915,0,0,0
13.092000000000001,0,0,0
13.092499999999999,0,0,0
13.093,0,0,0
13.093500000000001,0,0,0
13.093999999999999,0,0,0
13.0945,0,0,0
13.095000000000001,0,0,0
13.095499999999999,0,0,0
13.096,0,0,0
13.096500000000001,0,0,0
13.097,0,0,0
13.0975,0,0,0
13.098000000000001,0,0,0
13.0985,0,0,0
13.099,0,0,0
13.099500000000001,0,0,0
13.1,0,0,0
13.1005,0,0,0
13.101000000000001,0,0,0
13.1015,0,0,0
13.102,0,0,0
13.102499999999999,0,0,0
13.103,0,0,0
13.1035,0,0,0
13.103999999999999,0,0,0
13.1045,0,0,0
13.105,0,0,0
13.105499999999999,0,0,0
13.106,0,0,0
13.1065,0,0,0
13.106999999999999,0,0,0
13.1075,0,0,0
13.108000000000001,0,0,0
13.108499999999999,0,0,0
13.109,0,0,0
13.109500000000001,0,0,0
13.109999999999999,0,0,0
13.1105,0,0,0
13.111000000000001,0,0,0
13.111499999999999,0,0,0
13.112,0,0,0
13.112500000000001,0,0,0
13.113,0,0,0
13.1135,0,0,0
13.114000000000001,0,0,0
13.1145,0,0,0
13.115,0,0,0
13.115500000000001,0,0,0
13.116,0,0,0
13.1165,0,0,0
13.117000000000001,0,0,0
13.1175,0,0,0
13.118,0,0,0
13.118499999999999,0,0,0
13.119,0,0,0
13.1195,0,0,0
13.119999999999999,0,0,0
13.1205,0,0,0
13.121,0,0,0
13.121499999999999,0,0,0
13.122,0,0,0
13.1225,0,0,0
13.122999999999999,0,0,0
13.1235,0,0,0
13.124000000000001,0,0,0
13.124499999999999,0,0,0
13.125,0,0,0
13.125500000000001,0,0,0
13.125999999999999,0,0,0
13.1265,0,0,0
13.127000000000001,0,0,0
13.1275,0,0,0
13.128,0,0,0
13.128500000000001,0,0,0
13.129,0,0,0
13.1295,0,0,0
13.130000000000001,0,0,0
13.1305,0,0,0
13.131,0,0,0
13.131500000000001,0,0,0
13.132,0,0,0
13.1325,0,0,0
13.132999999999999,0,0,0
13.1335,0,0,0
13.134,0,0,0
13.134499999999999,0,0,0
13.135,0,0,0
13.1355,0,0,0
13.135999999999999,0,0,0
13.1365,0,0,0
13.137,0,0,0
13.137499999999999,0,0,0
13.138,0,0,0
13.138500000000001,0,0,0
13.138999999999999,0,0,0
13.1395,0,0,0
13.140000000000001,0,0,0
13.140499999999999,0,0,0
13.141,0,0,0
13.141500000000001,0,0,0
13.141999999999999,0,0,0
13.1425,0,0,0
13.143000000000001,0,0,0
13.1435,0,0,0
13.144,0,0,0
13.144500000000001,0,0,0
13.145,0,0,0
13.1455,0,0,0
13.146000000000001,0,0,0
13.1465,0,0,0
13.147,0,0,0
13.147500000000001,0,0,0
13.148,0,0,0
13.1485,0,0,0
13.148999999999999,0,0,0
13.1495,0,0,0
13.15,0,0,0
13.150499999999999,0,0,0
13.151,0,0,0
13.1515,0,0,0
13.151999999999999,0,0,0
13.1525,0,0,0
13.153,0,0,0
13.153499999999999,0,0,0
13.154,0,0,0
13.154500000000001,0,0,0
13.154999999999999,0,0,0
13.1555,0,0,0
13.156000000000001,0,0,0
13.156499999999999,0,0,0
13.157,0,0,0
13.157500000000001,0,0,0
13.157999999999999,0,0,0
13.1585,0,0,0
13.159000000000001,0,0,0
13.1595,0,0,0
13.16,0,0,0
13.160500000000001,0,0,0
13.161,0,0,0
13.1615,0,0,0
13.162000000000001,0,0,0
13.1625,0,0,0
13.163,0,0,0
13.163500000000001,0,0,0
13.164,0,0,0
13.1645,0,0,0
13.164999999999999,0,0,0
13.1655,0,0,0
13.166,0,0,0
13.166499999999999,0,0,0
13.167,0,0,0
13.1675,0,0,0
13.167999999999999,0,0,0
13.1685,0,0,0
13.169,0,0,0
13.169499999999999,0,0,0
13.17,0,0,0
13.170500000000001,0,0,0
13.170999999999999,0,0,0
13.1715,0,0,0
13.172000000000001,0,0,0
13.172499999999999,0,0,0
13.173,0,0,0
13.173500000000001,0,0,0
13.173999999999999,0,0,0
13.1745,0,0,0
13.175000000000001,0,0,0
13.1755,0,0,0
13.176,0,0,0
13.176500000000001,0,0,0
13.177,0,0,0
13.1775,0,0,0
13.178000000000001,0,0,0
13.1785,0,0,0
13.179,0,0,0
13.179500000000001,0,0,0
13.18,0,0,0
13.1805,0,0,0
13.180999999999999,0,0,0
13.1815,0,0,0
13.182,0,0,0
13.182499999999999,0,0,0
13.183,0,0,0
13.1835,0,0,0
13.183999999999999,0,0,0
13.1845,0,0,0
13.185,0,0,0
13.185499999999999,0,0,0
13.186,0,0,0
13.186500000000001,0,0,0
13.186999999999999,0,0,0
13.1875,0,0,0
13.188000000000001,0,0,0
13.188499999999999,0,0,0
13.189,0,0,0
13.189500000000001,0,0,0
13.19,0,0,0
13.1905,0,0,0
13.191000000000001,0,0,0
13.1915,0,0,0
13.192,0,0,0
13.192500000000001,0,0,0
13.193,0,0,0
13.1935,0,0,0
13.194000000000001,0,0,0
13.1945,0,0,0
13.195,0,0,0
13.195499999999999,0,0,0
13.196,0,0,0
13.1965,0,0,0
13.196999999999999,0,0,0
13.1975,0,0,0
13.198,0,0,0
13.198499999999999,0,0,0
13.199,0,0,0
13.1995,0,0,0
13.199999999999999,0,0,0
13.2005,0,0,0
13.201000000000001,0,0,0
13.201499999999999,0,0,0
13.202,0,0,0
13.202500000000001,0,0,0
13.202999999999999,0,0,0
13.2035,0,0,0
13.204000000000001,0,0,0
13.204499999999999,0,0,0
13.205,0,0,0
13.205500000000001,0,0,0
13.206,0,0,0
13.2065,0,0,0
13.207000000000001,0,0,0
13.2075,0,0,0
13.208,0,0,0
13.208500000000001,0,0,0
13.209,0,0,0
13.2095,0,0,0
13.210000000000001,0,0,0
13.2105,0,0,0
13.211,0,0,0
13.211499999999999,0,0,0
13.212,0,0,0
13.2125,0,0,0
13.212999999999999,0,0,0
13.2135,0,0,0
13.214,0,0,0
13.214499999999999,0,0,0
13.215,0,0,0
13.2155,0,0,0
13.215999999999999,0,0,0
13.2165,0,0,0
13.217000000000001,0,0,0
13.217499999999999,0,0,0
13.218,0,0,0
13.218500000000001,0,0,0
13.218999999999999,0,0,0
13.2195,0,0,0
13.220000000000001,0,0,0
13.220499999999999,0,0,0
13.221,0,0,0
13.221500000000001,0,0,0
13.222,0,0,0
13.2225,0,0,0
13.223000000000001,0,0,0
13.2235,0,0,0
13.224,0,0,0
13.224500000000001,0,0,0
13.225,0,0,0
13.2255,0,0,0
13.226000000000001,0,0,0
13.2265,0,0,0
13.227,0,0,0
13.227499999999999,0,0,0
13.228,0,0,0
13.2285,0,0,0
13.228999999999999,0,0,0
13.2295,0,0,0
13.23,0,0,0
13.230499999999999,0,0,0
13.231,0,0,0
13.2315,0,0,0
13.231999999999999,0,0,0
13.2325,0,0,0
13.233000000000001,0,0,0
13.233499999999999,0,0,0
13.234,0,0,0
13.234500000000001,0,0,0
13.234999999999999,0,0,0
13.2355,0,0,0
13.236000000000001,0,0,0
13.236499999999999,0,0,0
13.237,0,0,0
13.237500000000001,0,0,0
13.238,0,0,0
13.2385,0,0,0
13.239000000000001,0,0,0
13.2395,0,0,0
13.24,0,0,0
13.240500000000001,0,0,0
13.241,0,0,0
13.2415,0,0,0
13.242000000000001,0,0,0
13.2425,0,0,0
13.243,0,0,0
13.243499999999999,0,0,0
13.244,0,0,0
13.2445,0,0,0
13.244999999999999,0,0,0
13.2455,0,0,0
13.246,0,0,0
13.246499999999999,0,0,0
13.247,0,0,0
13.2475,0,0,0
13.247999999999999,0,0,0
13.2485,0,0,0
13.249000000000001,0,0,0
13.249499999999999,0,0,0
13.25,0,0,0
13.250500000000001,0,0,0
13.250999999999999,0,0,0
13.2515,0,0,0
13.252000000000001,0,0,0
13.2525,0,0,0
13.253,0,0,0
13.253500000000001,0,0,0
13.254,0,0,0
13.2545,0,0,0
13.255000000000001,0,0,0
13.2555,0,0,0
13.256,0,0,0
13.256500000000001,0,0,0
13.257,0,0,0
13.2575,0,0,0
13.257999999999999,0,0,0
13.2585,0,0,0
13.259,0,0,0
13.259499999999999,0,0,0
13.26,0,0,0
13.2605,0,0,0
13.260999999999999,0,0,0
13.2615,0,0,0
13.262,0,0,0
13.262499999999999,0,0,0
13.263,0,0,0
13.263500000000001,0,0,0
13.263999999999999,0,0,0
13.2645,0,0,0
13.265000000000001,0,0,0
13.265499999999999,0,0,0
13.266,0,0,0
13.266500000000001,0,0,0
13.266999999999999,0,0,0
13.2675,0,0,0
13.268000000000001,0,0,0
13.2685,0,0,0
13.269,0,0,0
13.269500000000001,0,0,0
13.27,0,0,0
13.2705,0,0,0
13.271000000000001,0,0,0
13.2715,0,0,0
13.272,0,0,0
13.272500000000001,0,0,0
13.273,0,0,0
13.2735,0,0,0
13.273999999999999,0,0,0
13.2745,0,0,0
13.275,0,0,0
13.275499999999999,0,0,0
13.276,0,0,0
13.2765,0,0,0
13.276999999999999,0,0,0
13.2775,0,0,0
13.278,0,0,0
13.278499999999999,0,0,0
13.279,0,0,0
13.279500000000001,0,0,0
13.279999999999999,0,0,0
13.2805,0,0,0
13.281000000000001,0,0,0
13.281499999999999,0,0,0
13.282,0,0,0
13.282500000000001,0,0,0
13.282999999999999,0,0,0
13.2835,0,0,0
13.284000000000001,0,0,0
13.2845,0,0,0
13.285,0,0,0
13.285500000000001,0,0,0
13.286,0,0,0
13.2865,0,0,0
13.287000000000001,0,0,0
13.2875,0,0,0
13.288,0,0,0
13.288500000000001,0,0,0
13.289,0,0,0
13.2895,0,0,0
13.289999999999999,0,0,0
13.2905,0,0,0
13.291,0,0,0
13.291499999999999,0,0,0
13.292,0,0,0
13.2925,0,0,0
13.292999999999999,0,0,0
13.2935,0,0,0
13.294,0,0,0
13.294499999999999,0,0,0
13.295,0,0,0
13.295500000000001,0,0,0
13.295999999999999,0,0,0
13.2965,0,0,0
13.297000000000001,0,0,0
13.297499999999999,0,0,0
13.298,0,0,0
13.298500000000001,0,0,0
13.298999999999999,0,0,0
13.2995,0,0,0
13.300000000000001,0,0,0
13.3005,0,0,0
13.301,0,0,0
13.301500000000001,0,0,0
13.302,0,0,0
13.3025,0,0,0
13.303000000000001,0,0,0
13.3035,0,0,0
13.304,0,0,0
13.304500000000001,0,0,0
13.305,0,0,0
13.3055,0,0,0
13.305999999999999,0,0,0
13.3065,0,0,0
13.307,0,0,0
13.307499999999999,0,0,0
13.308,0,0,0
13.3085,0,0,0
13.308999999999999,0,0,0
13.3095,0,0,0
13.31,0,0,0
13.310499999999999,0,0,0
13.311,0,0,0
13.311500000000001,0,0,0
13.311999999999999,0,0,0
13.3125,0,0,0
13.313000000000001,0,0,0
13.313499999999999,0,0,0
13.314,0,0,0
13.314500000000001,0,0,0
13.315,0,0,0
13.3155,0,0,0
13.316000000000001,0,0,0
13.3165,0,0,0
13.317,0,0,0
13.317500000000001,0,0,0
13.318,0,0,0
13.3185,0,0,0
13.319000000000001,0,0,0
13.3195,0,0,0
13.32,0,0,0
13.320499999999999,0,0,0
13.321,0,0,0
13.3215,0,0,0
13.321999999999999,0,0,0
13.3225,0,0,0
13.323,0,0,0
13.323499999999999,0,0,0
13.324,0,0,0
13.3245,0,0,0
13.324999999999999,0,0,0
13.3255,0,0,0
13.326000000000001,0,0,0
13.326499999999999,0,0,0
13.327,0,0,0
13.327500000000001,0,0,0
13.327999999999999,0,0,0
13.3285,0,0,0
13.329000000000001,0,0,0
13.329499999999999,0,0,0
13.33,0,0,0
13.330500000000001,0,0,0
13.331,0,0,0
13.3315,0,0,0
13.332000000000001,0,0,0
13.3325,0,0,0
13.333,0,0,0
13.333500000000001,0,0,0
13.334,0,0,0
13.3345,0,0,0
13.335000000000001,0,0,0
13.3355,0,0,0
13.336,0,0,0
13.336499999999999,0,0,0
13.337,0,0,0
13.3375,0,0,0
13.337999999999999,0,0,0
13.3385,0,0,0
13.339,0,0,0
13.339499999999999,0,0,0
13.34,0,0,0
13.3405,0,0,0
13.340999999999999,0,0,0
13.3415,0,0,0
13.342000000000001,0,0,0
13.342499999999999,0,0,0
13.343,0,0,0
13.343500000000001,0,0,0
13.343999999999999,0,0,0
13.3445,0,0,0
13.345000000000001,0,0,0
13.345499999999999,0,0,0
13.346,0,0,0
13.346500000000001,0,0,0
13.347,0,0,0
13.3475,0,0,0
13.348000000000001,0,0,0
13.3485,0,0,0
13.349,0,0,0
13.349500000000001,0,0,0
13.35,0,0,0
13.3505,0,0,0
13.351000000000001,0,0,0
13.3515,0,0,0
13.352,0,0,0
13.352499999999999,0,0,0
13.353,0,0,0
13.3535,0,0,0
13.353999999999999,0,0,0
13.3545,0,0,0
13.355,0,0,0
13.355499999999999,0,0,0
13.356,0,0,0
13.3565,0,0,0
13.356999999999999,0,0,0
13.3575,0,0,0
13.358000000000001,0,0,0
13.358499999999999,0,0,0
13.359,0,0,0
13.359500000000001,0,0,0
13.359999999999999,0,0,0
13.3605,0,0,0
13.361000000000001,0,0,0
13.361499999999999,0,0,0
13.362,0,0,0
13.362500000000001,0,0,0
13.363,0,0,0
13.3635,0,0,0
13.364000000000001,0,0,0
13.3645,0,0,0
13.365,0,0,0
13.365500000000001,0,0,0
13.366,0,0,0
13.3665,0,0,0
13.367000000000001,0,0,0
13.3675,0,0,0
13.368,0,0,0
13.368499999999999,0,0,0
13.369,0,0,0
13.3695,0,0,0
13.369999999999999,0,0,0
13.3705,0,0,0
13.371,0,0,0
13.371499999999999,0,0,0
13.372,0,0,0
13.3725,0,0,0
13.372999999999999,0,0,0
13.3735,0,0,0
13.374000000000001,0,0,0
13.374499999999999,0,0,0
13.375,0,0,0
13.375500000000001,0,0,0
13.375999999999999,0,0,0
13.3765,0,0,0
13.377000000000001,0,0,0
13.3775,0,0,0
13.378,0,0,0
13.378500000000001,0,0,0
13.379,0,0,0
13.3795,0,0,0
13.380000000000001,0,0,0
13.3805,0,0,0
13.381,0,0,0
13.381500000000001,0,0,0
13.382,0,0,0
13.3825,0,0,0
13.382999999999999,0,0,0
13.3835,0,0,0
13.384,0,0,0
13.384499999999999,0,0,0
13.385,0,0,0
13.3855,0,0,0
13.385999999999999,0,0,0
13.3865,0,0,0
13.387,0,0,0
13.387499999999999,0,0,0
13.388,0,0,0
13.388500000000001,0,0,0
13.388999999999999,0,0,0
13.3895,0,0,0
13.390000000000001,0,0,0
13.390499999999999,0,0,0
13.391,0,0,0
13.391500000000001,0,0,0
13.391999999999999,0,0,0
13.3925,0,0,0
13.393000000000001,0,0,0
13.3935,0,0,0
13.394,0,0,0
13.394500000000001,0,0,0
13.395,0,0,0
13.3955,0,0,0
13.396000000000001,0,0,0
13.3965,0,0,0
13.397,0,0,0
13.397500000000001,0,0,0
13.398,0,0,0
13.3985,0,0,0
13.398999999999999,0,0,0
13.3995,0,0,0
13.4,0,0,0
13.400499999999999,0,0,0
13.401,0,0,0
13.4015,0,0,0
13.401999999999999,0,0,0
13.4025,0,0,0
13.403,0,0,0
13.403499999999999,0,0,0
13.404,0,0,0
13.404500000000001,0,0,0
13.404999999999999,0,0,0
13.4055,0,0,0
13.406000000000001,0,0,0
13.406499999999999,0,0,0
13.407,0,0,0
13.407500000000001,0,0,0
13.407999999999999,0,0,0
13.4085,0,0,0
13.409000000000001,0,0,0
13.4095,0,0,0
13.41,0,0,0
13.410500000000001,0,0,0
13.411,0,0,0
13.4115,0,0,0
13.412000000000001,0,0,0
13.4125,0,0,0
13.413,0,0,0
13.413500000000001,0,0,0
13.414,0,0,0
13.4145,0,0,0
13.414999999999999,0,0,0
13.4155,0,0,0
13.416,0,0,0
13.416499999999999,0,0,0
13.417,0,0,0
13.4175,0,0,0
13.417999999999999,0,0,0
13.4185,0,0,0
13.419,0,0,0
13.419499999999999,0,0,0
13.42,0,0,0
13.420500000000001,0,0,0
13.420999999999999,0,0,0
13.4215,0,0,0
13.422000000000001,0,0,0
13.422499999999999,0,0,0
13.423,0,0,0
13.423500000000001,0,0,0
13.423999999999999,0,0,0
13.4245,0,0,0
13.425000000000001,0,0,0
13.4255,0,0,0
13.426,0,0,0
13.426500000000001,0,0,0
13.427,0,0,0
13.4275,0,0,0
13.428000000000001,0,0,0
13.4285,0,0,0
13.429,0,0,0
13.429500000000001,0,0,0
13.43,0,0,0
13.4305,0,0,0
13.430999999999999,0,0,0
13.4315,0,0,0
13.432,0,0,0
13.432499999999999,0,0,0
13.433,0,0,0
13.4335,0,0,0
13.433999999999999,0,0,0
13.4345,0,0,0
13.435,0,0,0
13.435499999999999,0,0,0
13.436,0,0,0
13.436500000000001,0,0,0
13.436999999999999,0,0,0
13.4375,0,0,0
13.438000000000001,0,0,0
13.438499999999999,0,0,0
13.439,0,0,0
13.439500000000001,0,0,0
13.44,0,0,0
13.4405,0,0,0
13.441000000000001,0,0,0
13.4415,0,0,0
13.442,0,0,0
13.442500000000001,0,0,0
13.443,0,0,0
13.4435,0,0,0
13.444000000000001,0,0,0
13.4445,0,0,0
13.445,0,0,0
13.445499999999999,0,0,0
13.446,0,0,0
13.4465,0,0,0
13.446999999999999,0,0,0
13.4475,0,0,0
13.448,0,0,0
13.448499999999999,0,0,0
13.449,0,0,0
13.4495,0,0,0
13.449999999999999,0,0,0
13.4505,0,0,0
13.451000000000001,0,0,0
13.451499999999999,0,0,0
13.452,0,0,0
13.452500000000001,0,0,0
13.452999999999999,0,0,0
13.4535,0,0,0
13.454000000000001,0,0,0
13.454499999999999,0,0,0
13.455,0,0,0
13.455500000000001,0,0,0
13.456,0,0,0
13.4565,0,0,0
13.457000000000001,0,0,0
13.4575,0,0,0
13.458,0,0,0
13.458500000000001,0,0,0
13.459,0,0,0
13.4595,0,0,0
13.460000000000001,0,0,0
13.4605,0,0,0
13.461,0,0,0
13.461499999999999,0,0,0
13.462,0,0,0
13.4625,0,0,0
13.462999999999999,0,0,0
13.4635,0,0,0
13.464,0,0,0
13.464499999999999,0,0,0
13.465,0,0,0
13.4655,0,0,0
13.465999999999999,0,0,0
13.4665,0,0,0
13.467000000000001,0,0,0
13.467499999999999,0,0,0
13.468,0,0,0
13.468500000000001,0,0,0
13.468999999999999,0,0,0
13.4695,0,0,0
13.470000000000001,0,0,0
13.470499999999999,0,0,0
13.471,0,0,0
13.471500000000001,0,0,0
13.472,0,0,0
13.4725,0,0,0
13.473000000000001,0,0,0
13.4735,0,0,0
13.474,0,0,0
13.474500000000001,0,0,0
13.475,0,0,0
13.4755,0,0,0
13.476000000000001,0,0,0
13.4765,0,0,0
13.477,0,0,0
13.477499999999999,0,0,0
13.478,0,0,0
13.4785,0,0,0
13.478999999999999,0,0,0
13.4795,0,0,0
13.48,0,0,0
13.480499999999999,0,0,0
13.481,0,0,0
13.4815,0,0,0
13.481999999999999,0,0,0
13.4825,0,0,0
13.483000000000001,0,0,0
13.483499999999999,0,0,0
13.484,0,0,0
13.484500000000001,0,0,0
13.484999999999999,0,0,0
13.4855,0,0,0
13.486000000000001,0,0,0
13.486499999999999,0,0,0
13.487,0,0,0
13.487500000000001,0,0,0
13.488,0,0,0
13.4885,0,0,0
13.489000000000001,0,0,0
13.4895,0,0,0
13.49,0,0,0
13.490500000000001,0,0,0
13.491,0,0,0
13.4915,0,0,0
13.492000000000001,0,0,0
13.4925,0,0,0
13.493,0,0,0
13.493499999999999,0,0,0
13.494,0,0,0
13.4945,0,0,0
13.494999999999999,0,0,0
13.4955,0,0,0
13.496,0,0,0
13.496499999999999,0,0,0
13.497,0,0,0
13.4975,0,0,0
13.497999999999999,0,0,0
13.4985,0,0,0
13.499000000000001,0,0,0
13.499499999999999,0,0,0
13.5,0,0,0
13.500500000000001,0,0,0
13.500999999999999,0,0,0
13.5015,0,0,0
13.502000000000001,0,0,0
13.5025,0,0,0
13.503,0,0,0
13.503500000000001,0,0,0
13.504,0,0,0
13.5045,0,0,0
13.505000000000001,0,0,0
13.5055,0,0,0
13.506,0,0,0
13.506500000000001,0,0,0
13.507,0,0,0
13.5075,0,0,0
13.507999999999999,0,0,0
13.5085,0,0,0
13.509,0,0,0
13.509499999999999,0,0,0
13.51,0,0,0
13.5105,0,0,0
13.510999999999999,0,0,0
13.5115,0,0,0
13.512,0,0,0
13.512499999999999,0,0,0
13.513,0,0,0
13.513500000000001,0,0,0
13.513999999999999,0,0,0
13.5145,0,0,0
13.515000000000001,0,0,0
13.515499999999999,0,0,0
13.516,0,0,0
13.516500000000001,0,0,0
13.516999999999999,0,0,0
13.5175,0,0,0
13.518000000000001,0,0,0
13.5185,0,0,0
13.519,0,0,0
13.519500000000001,0,0,0
13.52,0,0,0
13.5205,0,0,0
13.521000000000001,0,0,0
13.5215,0,0,0
13.522,0,0,0
13.522500000000001,0,0,0
13.523,0,0,0
13.5235,0,0,0
13.523999999999999,0,0,0
13.5245,0,0,0
13.525,0,0,0
13.525499999999999,0,0,0
13.526,0,0,0
13.5265,0,0,0
13.526999999999999,0,0,0
13.5275,0,0,0
13.528,0,0,0
13.528499999999999,0,0,0
13.529,0,0,0
13.529500000000001,0,0,0
13.529999999999999,0,0,0
13.5305,0,0,0
13.531000000000001,0,0,0
13.531499999999999,0,0,0
13.532,0,0,0
13.532500000000001,0,0,0
13.532999999999999,0,0,0
13.5335,0,0,0
13.534000000000001,0,0,0
13.5345,0,0,0
13.535,0,0,0
13.535500000000001,0,0,0
13.536,0,0,0
13.5365,0,0,0
13.537000000000001,0,0,0
13.5375,0,0,0
13.538,0,0,0
13.538500000000001,0,0,0
13.539,0,0,0
13.5395,0,0,0
13.539999999999999,0,0,0
13.5405,0,0,0
13.541,0,0,0
13.541499999999999,0,0,0
13.542,0,0,0
13.5425,0,0,0
13.542999999999999,0,0,0
13.5435,0,0,0
13.544,0,0,0
13.544499999999999,0,0,0
13.545,0,0,0
13.545500000000001,0,0,0
13.545999999999999,0,0,0
13.5465,0,0,0
13.547000000000001,0,0,0
13.547499999999999,0,0,0
13.548,0,0,0
13.548500000000001,0,0,0
13.548999999999999,0,0,0
13.5495,0,0,0
13.550000000000001,0,0,0
13.5505,0,0,0
13.551,0,0,0
13.551500000000001,0,0,0
13.552,0,0,0
13.5525,0,0,0
13.553000000000001,0,0,0
13.5535,0,0,0
13.554,0,0,0
13.554500000000001,0,0,0
13.555,0,0,0
13.5555,0,0,0
13.555999999999999,0,0,0
13.5565,0,0,0
13.557,0,0,0
13.557499999999999,0,0,0
13.558,0,0,0
13.5585,0,0,0
13.558999999999999,0,0,0
13.5595,0,0,0
13.56,0,0,0
13.560499999999999,0,0,0
13.561,0,0,0
13.561500000000001,0,0,0
13.561999999999999,0,0,0
13.5625,0,0,0
13.563000000000001,0,0,0
13.563499999999999,0,0,0
13.564,0,0,0
13.564500000000001,0,0,0
13.565,0,0,0
13.5655,0,0,0
13.566000000000001,0,0,0
13.5665,0,0,0
13.567,0,0,0
13.567500000000001,0,0,0
13.568,0,0,0
13.5685,0,0,0
13.569000000000001,0,0,0
13.5695,0,0,0
13.57,0,0,0
13.570499999999999,0,0,0
13.571,0,0,0
13.5715,0,0,0
13.571999999999999,0,0,0
13.5725,0,0,0
13.573,0,0,0
13.573499999999999,0,0,0
13.574,0,0,0
13.5745,0,0,0
13.574999999999999,0,0,0
13.5755,0,0,0
13.576000000000001,0,0,0
13.576499999999999,0,0,0
13.577,0,0,0
13.577500000000001,0,0,0
13.577999999999999,0,0,0
13.5785,0,0,0
13.579000000000001,0,0,0
13.579499999999999,0,0,0
13.58,0,0,0
13.580500000000001,0,0,0
13.581,0,0,0
13.5815,0,0,0
13.582000000000001,0,0,0
13.5825,0,0,0
13.583,0,0,0
13.583500000000001,0,0,0
13.584,0,0,0
13.5845,0,0,0
13.585000000000001,0,0,0
13.5855,0,0,0
13.586,0,0,0
13.586499999999999,0,0,0
13.587,0,0,0
13.5875,0,0,0
13.587999999999999,0,0,0
13.5885,0,0,0
13.589,0,0,0
13.589499999999999,0,0,0
13.59,0,0,0
13.5905,0,0,0
13.590999999999999,0,0,0
13.5915,0,0,0
13.592000000000001,0,0,0
13.592499999999999,0,0,0
13.593,0,0,0
13.593500000000001,0,0,0
13.593999999999999,0,0,0
13.5945,0,0,0
13.595000000000001,0,0,0
13.595499999999999,0,0,0
13.596,0,0,0
13.596500000000001,0,0,0
13.597,0,0,0
13.5975,0,0,0
13.598000000000001,0,0,0
13.5985,0,0,0
13.599,0,0,0
13.599500000000001,0,0,0
13.6,0,0,0
13.6005,0,0,0
13.601000000000001,0,0,0
13.6015,0,0,0
13.602,0,0,0
13.602499999999999,0,0,0
13.603,0,0,0
13.6035,0,0,0
13.603999999999999,0,0,0
13.6045,0,0,0
13.605,0,0,0
13.605499999999999,0,0,0
13.606,0,0,0
13.6065,0,0,0
13.606999999999999,0,0,0
13.6075,0,0,0
13.608000000000001,0,0,0
13.608499999999999,0,0,0
13.609,0,0,0
13.609500000000001,0,0,0
13.609999999999999,0,0,0
13.6105,0,0,0
13.611000000000001,0,0,0
13.611499999999999,0,0,0
13.612,0,0,0
13.612500000000001,0,0,0
13.613,0,0,0
13.6135,0,0,0
13.614000000000001,0,0,0
13.6145,0,0,0
13.615,0,0,0
13.615500000000001,0,0,0
13.616,0,0,0
13.6165,0,0,0
13.617000000000001,0,0,0
13.6175,0,0,0
13.618,0,0,0
13.618499999999999,0,0,0
13.619,0,0,0
13.6195,0,0,0
13.619999999999999,0,0,0
13.6205,0,0,0
13.621,0,0,0
13.621499999999999,0,0,0
13.622,0,0,0
13.6225,0,0,0
13.622999999999999,0,0,0
13.6235,0,0,0
13.624000000000001,0,0,0
13.624499999999999,0,0,0
13.625,0,0,0
13.625500000000001,0,0,0
13.625999999999999,0,0,0
13.6265,0,0,0
13.627000000000001,0,0,0
13.6275,0,0,0
13.628,0,0,0
13.628500000000001,0,0,0
13.629,0,0,0
13.6295,0,0,0
13.630000000000001,0,0,0
13.6305,0,0,0
13.631,0,0,0
13.631500000000001,0,0,0
13.632,0,0,0
13.6325,0,0,0
13.632999999999999,0,0,0
13.6335,0,0,0
13.634,0,0,0
13.634499999999999,0,0,0
13.635,0,0,0
13.6355,0,0,0
13.635999999999999,0,0,0
13.6365,0,0,0
13.637,0,0,0
13.637499999999999,0,0,0
13.638,0,0,0
13.638500000000001,0,0,0
13.638999999999999,0,0,0
13.6395,0,0,0
13.640000000000001,0,0,0
13.640499999999999,0,0,0
13.641,0,0,0
13.641500000000001,0,0,0
13.641999999999999,0,0,0
13.6425,0,0,0
13.643000000000001,0,0,0
13.6435,0,0,0
13.644,0,0,0
13.644500000000001,0,0,0
13.645,0,0,0
13.6455,0,0,0
13.646000000000001,0,0,0
13.6465,0,0,0
13.647,0,0,0
13.647500000000001,0,0,0
13.648,0,0,0
13.6485,0,0,0
13.648999999999999,0,0,0
13.6495,0,0,0
13.65,0,0,0
13.650499999999999,0,0,0
13.651,0,0,0
13.6515,0,0,0
13.651999999999999,0,0,0
13.6525,0,0,0
13.653,0,0,0
13.653499999999999,0,0,0
13.654,0,0,0
13.654500000000001,0,0,0
13.654999999999999,0,0,0
13.6555,0,0,0
13.656000000000001,0,0,0
13.656499999999999,0,0,0
13.657,0,0,0
13.657500000000001,0,0,0
13.657999999999999,0,0,0
13.6585,0,0,0
13.659000000000001,0,0,0
13.6595,0,0,0
13.66,0,0,0
13.660500000000001,0,0,0
13.661,0,0,0
13.6615,0,0,0
13.662000000000001,0,0,0
13.6625,0,0,0
13.663,0,0,0
13.663500000000001,0,0,0
13.664,0,0,0
13.6645,0,0,0
13.664999999999999,0,0,0
13.6655,0,0,0
13.666,0,0,0
13.666499999999999,0,0,0
13.667,0,0,0
13.6675,0,0,0
13.667999999999999,0,0,0
13.6685,0,0,0
13.669,0,0,0
13.669499999999999,0,0,0
13.67,0,0,0
13.670500000000001,0,0,0
13.670999999999999,0,0,0
13.6715,0,0,0
13.672000000000001,0,0,0
13.672499999999999,0,0,0
13.673,0,0,0
13.673500000000001,0,0,0
13.673999999999999,0,0,0
13.6745,0,0,0
13.675000000000001,0,0,0
13.6755,0,0,0
13.676,0,0,0
13.676500000000001,0,0,0
13.677,0,0,0
13.6775,0,0,0
13.678000000000001,0,0,0
13.6785,0,0,0
13.679,0,0,0
13.679500000000001,0,0,0
13.68,0,0,0
13.6805,0,0,0
13.680999999999999,0,0,0
13.6815,0,0,0
13.682,0,0,0
13.682499999999999,0,0,0
13.683,0,0,0
13.6835,0,0,0
13.683999999999999,0,0,0
13.6845,0,0,0
13.685,0,0,0
13.685499999999999,0,0,0
13.686,0,0,0
13.686500000000001,0,0,0
13.686999999999999,0,0,0
13.6875,0,0,0
13.688000000000001,0,0,0
13.688499999999999,0,0,0
13.689,0,0,0
13.689500000000001,0,0,0
13.69,0,0,0
13.6905,0,0,0
13.691000000000001,0,0,0
13.6915,0,0,0
13.692,0,0,0
13.692500000000001,0,0,0
13.693,0,0,0
13.6935,0,0,0
13.694000000000001,0,0,0
13.6945,0,0,0
13.695,0,0,0
13.695499999999999,0,0,0
13.696,0,0,0
13.6965,0,0,0
13.696999999999999,0,0,0
13.6975,0,0,0
13.698,0,0,0
13.698499999999999,0,0,0
13.699,0,0,0
13.6995,0,0,0
13.699999999999999,0,0,0
13.7005,0,0,0
13.701000000000001,0,0,0
13.701499999999999,0,0,0
13.702,0,0,0
13.702500000000001,0,0,0
13.702999999999999,0,0,0
13.7035,0,0,0
13.704000000000001,0,0,0
13.704499999999999,0,0,0
13.705,0,0,0
13.705500000000001,0,0,0
13.706,0,0,0
13.7065,0,0,0
13.707000000000001,0,0,0
13.7075,0,0,0
13.708,0,0,0
13.708500000000001,0,0,0
13.709,0,0,0
13.7095,0,0,0
13.710000000000001,0,0,0
13.7105,0,0,0
13.711,0,0,0
13.711499999999999,0,0,0
13.712,0,0,0
13.7125,0,0,0
13.712999999999999,0,0,0
13.7135,0,0,0
13.714,0,0,0
13.714499999999999,0,0,0
13.715,0,0,0
13.7155,0,0,0
13.715999999999999,0,0,0
13.7165,0,0,0
13.717000000000001,0,0,0
13.717499999999999,0,0,0
13.718,0,0,0
13.718500000000001,0,0,0
13.718999999999999,0,0,0
13.7195,0,0,0
13.720000000000001,0,0,0
13.720499999999999,0,0,0
13.721,0,0,0
13.721500000000001,0,0,0
13.722,0,0,0
13.7225,0,0,0
13.723000000000001,0,0,0
13.7235,0,0,0
13.724,0,0,0
13.724500000000001,0,0,0
13.725,0,0,0
13.7255,0,0,0
13.726000000000001,0,0,0
13.7265,0,0,0
13.727,0,0,0
13.727499999999999,0,0,0
13.728,0,0,0
13.7285,0,0,0
13.728999999999999,0,0,0
13.7295,0,0,0
13.73,0,0,0
13.730499999999999,0,0,0
13.731,0,0,0
13.7315,0,0,0
13.731999999999999,0,0,0
13.7325,0,0,0
13.733000000000001,0,0,0
13.733499999999999,0,0,0
13.734,0,0,0
13.734500000000001,0,0,0
13.734999999999999,0,0,0
13.7355,0,0,0
13.736000000000001,0,0,0
13.736499999999999,0,0,0
13.737,0,0,0
13.737500000000001,0,0,0
13.738,0,0,0
13.7385,0,0,0
13.739000000000001,0,0,0
13.7395,0,0,0
13.74,0,0,0
13.740500000000001,0,0,0
13.741,0,0,0
13.7415,0,0,0
13.742000000000001,0,0,0
13.7425,0,0,0
13.743,0,0,0
13.743499999999999,0,0,0
13.744,0,0,0
13.7445,0,0,0
13.744999999999999,0,0,0
13.7455,0,0,0
13.746,0,0,0
13.746499999999999,0,0,0
13.747,0,0,0
13.7475,0,0,0
13.747999999999999,0,0,0
13.7485,0,0,0
13.749000000000001,0,0,0
13.749499999999999,0,0,0
13.75,0,0,0
13.750500000000001,0,0,0
13.750999999999999,0,0,0
13.7515,0,0,0
13.752000000000001,0,0,0
13.7525,0,0,0
13.753,0,0,0
13.753500000000001,0,0,0
13.754,0,0,0
13.7545,0,0,0
13.755000000000001,0,0,0
13.7555,0,0,0
13.756,0,0,0
13.756500000000001,0,0,0
13.757,0,0,0
13.7575,0,0,0
13.757999999999999,0,0,0
13.7585,0,0,0
13.759,0,0,0
13.759499999999999,0,0,0
13.76,0,0,0
13.7605,0,0,0
13.760999999999999,0,0,0
13.7615,0,0,0
13.762,0,0,0
13.762499999999999,0,0,0
13.763,0,0,0
13.763500000000001,0,0,0
13.763999999999999,0,0,0
13.7645,0,0,0
13.765000000000001,0,0,0
13.765499999999999,0,0,0
13.766,0,0,0
13.766500000000001,0,0,0
13.766999999999999,0,0,0
13.7675,0,0,0
13.768000000000001,0,0,0
13.7685,0,0,0
13.769,0,0,0
13.769500000000001,0,0,0
13.77,0,0,0
13.7705,0,0,0
13.771000000000001,0,0,0
13.7715,0,0,0
13.772,0,0,0
13.772500000000001,0,0,0
13.773,0,0,0
13.7735,0,0,0
13.773999999999999,0,0,0
13.7745,0,0,0
13.775,0,0,0
13.775499999999999,0,0,0
13.776,0,0,0
13.7765,0,0,0
13.776999999999999,0,0,0
13.7775,0,0,0
13.778,0,0,0
13.778499999999999,0,0,0
13.779,0,0,0
13.779500000000001,0,0,0
13.779999999999999,0,0,0
13.7805,0,0,0
13.781000000000001,0,0,0
13.781499999999999,0,0,0
13.782,0,0,0
13.782500000000001,0,0,0
13.782999999999999,0,0,0
13.7835,0,0,0
13.784000000000001,0,0,0
13.7845,0,0,0
13.785,0,0,0
13.785500000000001,0,0,0
13.786,0,0,0
13.7865,0,0,0
13.787000000000001,0,0,0
13.7875,0,0,0
13.788,0,0,0
13.788500000000001,0,0,0
13.789,0,0,0
13.7895,0,0,0
13.789999999999999,0,0,0
13.7905,0,0,0
13.791,0,0,0
13.791499999999999,0,0,0
13.792,0,0,0
13.7925,0,0,0
13.792999999999999,0,0,0
13.7935,0,0,0
13.794,0,0,0
13.794499999999999,0,0,0
13.795,0,0,0
13.795500000000001,0,0,0
13.795999999999999,0,0,0
13.7965,0,0,0
13.797000000000001,0,0,0
13.797499999999999,0,0,0
13.798,0,0,0
13.798500000000001,0,0,0
13.798999999999999,0,0,0
13.7995,0,0,0
13.800000000000001,0,0,0
13.8005,0,0,0
13.801,0,0,0
13.801500000000001,0,0,0
13.802,0,0,0
13.8025,0,0,0
13.803000000000001,0,0,0
13.8035,0,0,0
13.804,0,0,0
13.804500000000001,0,0,0
13.805,0,0,0
13.8055,0,0,0
13.805999999999999,0,0,0
13.8065,0,0,0
13.807,0,0,0
13.807499999999999,0,0,0
13.808,0,0,0
13.8085,0,0,0
13.808999999999999,0,0,0
13.8095,0,0,0
13.81,0,0,0
13.810499999999999,0,0,0
13.811,0,0,0
13.811500000000001,0,0,0
13.811999999999999,0,0,0
13.8125,0,0,0
13.813000000000001,0,0,0
13.813499999999999,0,0,0
13.814,0,0,0
13.814500000000001,0,0,0
13.815,0,0,0
13.8155,0,0,0
13.816000000000001,0,0,0
13.8165,0,0,0
13.817,0,0,0
13.817500000000001,0,0,0
13.818,0,0,0
13.8185,0,0,0
13.819000000000001,0,0,0
13.8195,0,0,0
13.82,0,0,0
13.820499999999999,0,0,0
13.821,0,0,0
13.8215,0,0,0
13.821999999999999,0,0,0
13.8225,0,0,0
13.823,0,0,0
13.823499999999999,0,0,0
13.824,0,0,0
13.8245,0,0,0
13.824999999999999,0,0,0
13.8255,0,0,0
13.826000000000001,0,0,0
13.826499999999999,0,0,0
13.827,0,0,0
13.827500000000001,0,0,0
13.827999999999999,0,0,0
13.8285,0,0,0
13.829000000000001,0,0,0
13.829499999999999,0,0,0
13.83,0,0,0
13.830500000000001,0,0,0
13.831,0,0,0
13.8315,0,0,0
13.832000000000001,0,0,0
13.8325,0,0,0
13.833,0,0,0
13.833500000000001,0,0,0
13.834,0,0,0
13.8345,0,0,0
13.835000000000001,0,0,0
13.8355,0,0,0
13.836,0,0,0
13.836499999999999,0,0,0
13.837,0,0,0
13.8375,0,0,0
13.837999999999999,0,0,0
13.8385,0,0,0
13.839,0,0,0
13.839499999999999,0,0,0
13.84,0,0,0
13.8405,0,0,0
13.840999999999999,0,0,0
13.8415,0,0,0
13.842000000000001,0,0,0
13.842499999999999,0,0,0
13.843,0,0,0
13.843500000000001,0,0,0
13.843999999999999,0,0,0
13.8445,0,0,0
13.845000000000001,0,0,0
13.845499999999999,0,0,0
13.846,0,0,0
13.846500000000001,0,0,0
13.847,0,0,0
13.8475,0,0,0
13.848000000000001,0,0,0
13.8485,0,0,0
13.849,0,0,0
13.849500000000001,0,0,0
13.85,0,0,0
13.8505,0,0,0
13.851000000000001,0,0,0
13.8515,0,0,0
13.852,0,0,0
13.852499999999999,0,0,0
13.853,0,0,0
13.8535,0,0,0
13.853999999999999,0,0,0
13.8545,0,0,0
13.855,0,0,0
13.855499999999999,0,0,0
13.856,0,0,0
13.8565,0,0,0
13.856999999999999,0,0,0
13.8575,0,0,0
13.858000000000001,0,0,0
13.858499999999999,0,0,0
13.859,0,0,0
13.859500000000001,0,0,0
13.859999999999999,0,0,0
13.8605,0,0,0
13.861000000000001,0,0,0
13.861499999999999,0,0,0
13.862,0,0,0
13.862500000000001,0,0,0
13.863,0,0,0
13.8635,0,0,0
13.864000000000001,0,0,0
13.8645,0,0,0
13.865,0,0,0
13.865500000000001,0,0,0
13.866,0,0,0
13.8665,0,0,0
13.867000000000001,0,0,0
13.8675,0,0,0
13.868,0,0,0
13.868499999999999,0,0,0
13.869,0,0,0
13.8695,0,0,0
13.869999999999999,0,0,0
13.8705,0,0,0
13.871,0,0,0
13.871499999999999,0,0,0
13.872,0,0,0
13.8725,0,0,0
13.872999999999999,0,0,0
13.8735,0,0,0
13.874000000000001,0,0,0
13.874499999999999,0,0,0
13.875,0,0,0
13.875500000000001,0,0,0
13.875999999999999,0,0,0
13.8765,0,0,0
13.877000000000001,0,0,0
13.8775,0,0,0
13.878,0,0,0
13.878500000000001,0,0,0
13.879,0,0,0
13.8795,0,0,0
13.880000000000001,0,0,0
13.8805,0,0,0
13.881,0,0,0
13.881500000000001,0,0,0
13.882,0,0,0
13.8825,0,0,0
13.882999999999999,0,0,0
13.8835,0,0,0
13.884,0,0,0
13.884499999999999,0,0,0
13.885,0,0,0
13.8855,0,0,0
13.885999999999999,0,0,0
13.8865,0,0,0
13.887,0,0,0
13.887499999999999,0,0,0
13.888,0,0,0
13.888500000000001,0,0,0
13.888999999999999,0,0,0
13.8895,0,0,0
13.890000000000001,0,0,0
13.890499999999999,0,0,0
13.891,0,0,0
13.891500000000001,0,0,0
13.891999999999999,0,0,0
13.8925,0,0,0
13.893000000000001,0,0,0
13.8935,0,0,0
13.894,0,0,0
13.894500000000001,0,0,0
13.895,0,0,0
13.8955,0,0,0
13.896000000000001,0,0,0
13.8965,0,0,0
13.897,0,0,0
13.897500000000001,0,0,0
13.898,0,0,0
13.8985,0,0,0
13.898999999999999,0,0,0
13.8995,0,0,0
13.9,0,0,0
13.900499999999999,0,0,0
13.901,0,0,0
13.9015,0,0,0
13.901999999999999,0,0,0
13.9025,0,0,0
13.903,0,0,0
13.903499999999999,0,0,0
13.904,0,0,0
13.904500000000001,0,0,0
13.904999999999999,0,0,0
13.9055,0,0,0
13.906000000000001,0,0,0
13.906499999999999,0,0,0
13.907,0,0,0
13.907500000000001,0,0,0
13.907999999999999,0,0,0
13.9085,0,0,0
13.909000000000001,0,0,0
13.9095,0,0,0
13.91,0,0,0
13.910500000000001,0,0,0
13.911,0,0,0
13.9115,0,0,0
13.912000000000001,0,0,0
13.9125,0,0,0
13.913,0,0,0
13.913500000000001,0,0,0
13.914,0,0,0
13.9145,0,0,0
13.914999999999999,0,0,0
13.9155,0,0,0
13.916,0,0,0
13.916499999999999,0,0,0
13.917,0,0,0
13.9175,0,0,0
13.917999999999999,0,0,0
13.9185,0,0,0
13.919,0,0,0
13.919499999999999,0,0,0
13.92,0,0,0
13.920500000000001,0,0,0
13.920999999999999,0,0,0
13.9215,0,0,0
13.922000000000001,0,0,0
13.922499999999999,0,0,0
13.923,0,0,0
13.923500000000001,0,0,0
13.923999999999999,0,0,0
13.9245,0,0,0
13.925000000000001,0,0,0
13.9255,0,0,0
13.926,0,0,0
13.926500000000001,0,0,0
13.927,0,0,0
13.9275,0,0,0
13.928000000000001,0,0,0
13.9285,0,0,0
13.929,0,0,0
13.929500000000001,0,0,0
13.93,0,0,0
13.9305,0,0,0
13.930999999999999,0,0,0
13.9315,0,0,0
13.932,0,0,0
13.932499999999999,0,0,0
13.933,0,0,0
13.9335,0,0,0
13.933999999999999,0,0,0
13.9345,0,0,0
13.935,0,0,0
13.935499999999999,0,0,0
13.936,0,0,0
13.936500000000001,0,0,0
13.936999999999999,0,0,0
13.9375,0,0,0
13.938000000000001,0,0,0
13.938499999999999,0,0,0
13.939,0,0,0
13.939500000000001,0,0,0
13.94,0,0,0
13.9405,0,0,0
13.941000000000001,0,0,0
13.9415,0,0,0
13.942,0,0,0
13.942500000000001,0,0,0
13.943,0,0,0
13.9435,0,0,0
13.944000000000001,0,0,0
13.9445,0,0,0
13.945,0,0,0
13.945499999999999,0,0,0
13.946,0,0,0
13.9465,0,0,0
13.946999999999999,0,0,0
13.9475,0,0,0
13.948,0,0,0
13.948499999999999,0,0,0
13.949,0,0,0
13.9495,0,0,0
13.949999999999999,0,0,0
13.9505,0,0,0
13.951000000000001,0,0,0
13.951499999999999,0,0,0
13.952,0,0,0
13.952500000000001,0,0,0
13.952999999999999,0,0,0
13.9535,0,0,0
13.954000000000001,0,0,0
13.954499999999999,0,0,0
13.955,0,0,0
13.955500000000001,0,0,0
13.956,0,0,0
13.9565,0,0,0
13.957000000000001,0,0,0
13.9575,0,0,0
13.958,0,0,0
13.958500000000001,0,0,0
13.959,0,0,0
13.9595,0,0,0
13.960000000000001,0,0,0
13.9605,0,0,0
13.961,0,0,0
13.961499999999999,0,0,0
13.962,0,0,0
13.9625,0,0,0
13.962999999999999,0,0,0
13.9635,0,0,0
13.964,0,0,0
13.964499999999999,0,0,0
13.965,0,0,0
13.9655,0,0,0
13.965999999999999,0,0,0
13.9665,0,0,0
13.967000000000001,0,0,0
13.967499999999999,0,0,0
13.968,0,0,0
13.968500000000001,0,0,0
13.968999999999999,0,0,0
13.9695,0,0,0
13.970000000000001,0,0,0
13.970499999999999,0,0,0
13.971,0,0,0
13.971500000000001,0,0,0
13.972,0,0,0
13.9725,0,0,0
13.973000000000001,0,0,0
13.9735,0,0,0
13.974,0,0,0
13.974500000000001,0,0,0
13.975,0,0,0
13.9755,0,0,0
13.976000000000001,0,0,0
13.9765,0,0,0
13.977,0,0,0
13.977499999999999,0,0,0
13.978,0,0,0
13.9785,0,0,0
13.978999999999999,0,0,0
13.9795,0,0,0
13.98,0,0,0
13.980499999999999,0,0,0
13.981,0,0,0
13.9815,0,0,0
13.981999999999999,0,0,0
13.9825,0,0,0
13.983000000000001,0,0,0
13.983499999999999,0,0,0
13.984,0,0,0
13.984500000000001,0,0,0
13.984999999999999,0,0,0
13.9855,0,0,0
13.986000000000001,0,0,0
13.986499999999999,0,0,0
13.987,0,0,0
13.987500000000001,0,0,0
13.988,0,0,0
13.9885,0,0,0
13.989000000000001,0,0,0
13.9895,0,0,0
13.99,0,0,0
13.990500000000001,0,0,0
13.991,0,0,0
13.9915,0,0,0
13.992000000000001,0,0,0
13.9925,0,0,0
13.993,0,0,0
13.993499999999999,0,0,0
13.994,0,0,0
13.9945,0,0,0
13.994999999999999,0,0,0
13.9955,0,0,0
13.996,0,0,0
13.996499999999999,0,0,0
13.997,0,0,0
13.9975,0,0,0
13.997999999999999,0,0,0
13.9985,0,0,0
13.999000000000001,0,0,0
13.999499999999999,0,0,0
14,0,0,0
14.000500000000001,0,0,0
14.000999999999999,0,0,0
14.0015,0,0,0
14.002000000000001,0,0,0
14.0025,0,0,0
14.003,0,0,0
14.003500000000001,0,0,0
14.004,0,0,0
14.0045,0,0,0
14.005000000000001,0,0,0
14.0055,0,0,0
14.006,0,0,0
14.006500000000001,0,0,0
14.007,0,0,0
14.0075,0,0,0
14.007999999999999,0,0,0
14.0085,0,0,0
14.009,0,0,0
14.009499999999999,0,0,0
14.01,0,0,0
14.0105,0,0,0
14.010999999999999,0,0,0
14.0115,0,0,0
14.012,0,0,0
14.012499999999999,0,0,0
14.013,0,0,0
14.013500000000001,0,0,0
14.013999999999999,0,0,0
14.0145,0,0,0
14.015000000000001,0,0,0
14.015499999999999,0,0,0
14.016,0,0,0
14.016500000000001,0,0,0
14.016999999999999,0,0,0
14.0175,0,0,0
14.018000000000001,0,0,0
14.0185,0,0,0
14.019,0,0,0
14.019500000000001,0,0,0
14.02,0,0,0
14.0205,0,0,0
14.021000000000001,0,0,0
14.0215,0,0,0
14.022,0,0,0
14.022500000000001,0,0,0
14.023,0,0,0
14.0235,0,0,0
14.023999999999999,0,0,0
14.0245,0,0,0
14.025,0,0,0
14.025499999999999,0,0,0
14.026,0,0,0
14.0265,0,0,0
14.026999999999999,0,0,0
14.0275,0,0,0
14.028,0,0,0
14.028499999999999,0,0,0
14.029,0,0,0
14.029500000000001,0,0,0
14.029999999999999,0,0,0
14.0305,0,0,0
14.031000000000001,0,0,0
14.031499999999999,0,0,0
14.032,0,0,0
14.032500000000001,0,0,0
14.032999999999999,0,0,0
14.0335,0,0,0
14.034000000000001,0,0,0
14.0345,0,0,0
14.035,0,0,0
14.035500000000001,0,0,0
14.036,0,0,0
14.0365,0,0,0
14.037000000000001,0,0,0
14.0375,0,0,0
14.038,0,0,0
14.038500000000001,0,0,0
14.039,0,0,0
14.0395,0,0,0
14.039999999999999,0,0,0
14.0405,0,0,0
14.041,0,0,0
14.041499999999999,0,0,0
14.042,0,0,0
14.0425,0,0,0
14.042999999999999,0,0,0
14.0435,0,0,0
14.044,0,0,0
14.044499999999999,0,0,0
14.045,0,0,0
14.045500000000001,0,0,0
14.045999999999999,0,0,0
14.0465,0,0,0
14.047000000000001,0,0,0
14.047499999999999,0,0,0
14.048,0,0,0
14.048500000000001,0,0,0
14.048999999999999,0,0,0
14.0495,0,0,0
14.050000000000001,0,0,0
14.0505,0,0,0
14.051,0,0,0
14.051500000000001,0,0,0
14.052,0,0,0
14.0525,0,0,0
14.053000000000001,0,0,0
14.0535,0,0,0
14.054,0,0,0
14.054500000000001,0,0,0
14.055,0,0,0
14.0555,0,0,0
14.055999999999999,0,0,0
14.0565,0,0,0
14.057,0,0,0
14.057499999999999,0,0,0
14.058,0,0,0
14.0585,0,0,0
14.058999999999999,0,0,0
14.0595,0,0,0
14.06,0,0,0
14.060499999999999,0,0,0
14.061,0,0,0
14.061500000000001,0,0,0
14.061999999999999,0,0,0
14.0625,0,0,0
14.063000000000001,0,0,0
14.063499999999999,0,0,0
14.064,0,0,0
14.064500000000001,0,0,0
14.065,0,0,0
14.0655,0,0,0
14.066000000000001,0,0,0
14.0665,0,0,0
14.067,0,0,0
14.067500000000001,0,0,0
14.068,0,0,0
14.0685,0,0,0
14.069000000000001,0,0,0
14.0695,0,0,0
14.07,0,0,0
14.070499999999999,0,0,0
14.071,0,0,0
14.0715,0,0,0
14.071999999999999,0,0,0
14.0725,0,0,0
14.073,0,0,0
14.073499999999999,0,0,0
14.074,0,0,0
14.0745,0,0,0
14.074999999999999,0,0,0
14.0755,0,0,0
14.076000000000001,0,0,0
14.076499999999999,0,0,0
14.077,0,0,0
14.077500000000001,0,0,0
14.077999999999999,0,0,0
14.0785,0,0,0
14.079000000000001,0,0,0
14.079499999999999,0,0,0
14.08,0,0,0
14.080500000000001,0,0,0
14.081,0,0,0
14.0815,0,0,0
14.082000000000001,0,0,0
14.0825,0,0,0
14.083,0,0,0
14.083500000000001,0,0,0
14.084,0,0,0
14.0845,0,0,0
14.085000000000001,0,0,0
14.0855,0,0,0
14.086,0,0,0
14.086499999999999,0,0,0
14.087,0,0,0
14.0875,0,0,0
14.087999999999999,0,0,0
14.0885,0,0,0
14.089,0,0,0
14.089499999999999,0,0,0
14.09,0,0,0
14.0905,0,0,0
14.090999999999999,0,0,0
14.0915,0,0,0
14.092000000000001,0,0,0
14.092499999999999,0,0,0
14.093,0,0,0
14.093500000000001,0,0,0
14.093999999999999,0,0,0
14.0945,0,0,0
14.095000000000001,0,0,0
14.095499999999999,0,0,0
14.096,0,0,0
14.096500000000001,0,0,0
14.097,0,0,0
14.0975,0,0,0
14.098000000000001,0,0,0
14.0985,0,0,0
14.099,0,0,0
14.099500000000001,0,0,0
14.1,0,0,0
14.1005,0,0,0
14.101000000000001,0,0,0
14.1015,0,0,0
14.102,0,0,0
14.102499999999999,0,0,0
14.103,0,0,0
14.1035,0,0,0
14.103999999999999,0,0,0
14.1045,0,0,0
14.105,0,0,0
14.105499999999999,0,0,0
14.106,0,0,0
14.1065,0,0,0
14.106999999999999,0,0,0
14.1075,0,0,0
14.108000000000001,0,0,0
14.108499999999999,0,0,0
14.109,0,0,0
14.109500000000001,0,0,0
14.109999999999999,0,0,0
14.1105,0,0,0
14.111000000000001,0,0,0
14.111499999999999,0,0,0
14.112,0,0,0
14.112500000000001,0,0,0
14.113,0,0,0
14.1135,0,0,0
14.114000000000001,0,0,0
14.1145,0,0,0
14.115,0,0,0
14.115500000000001,0,0,0
14.116,0,0,0
14.1165,0,0,0
14.117000000000001,0,0,0
14.1175,0,0,0
14.118,0,0,0
14.118499999999999,0,0,0
14.119,0,0,0
14.1195,0,0,0
14.119999999999999,0,0,0
14.1205,0,0,0
14.121,0,0,0
14.121499999999999,0,0,0
14.122,0,0,0
14.1225,0,0,0
14.122999999999999,0,0,0
14.1235,0,0,0
14.124000000000001,0,0,0
14.124499999999999,0,0,0
14.125,0,0,0
14.125500000000001,0,0,0
14.125999999999999,0,0,0
14.1265,0,0,0
14.127000000000001,0,0,0
14.1275,0,0,0
14.128,0,0,0
14.128500000000001,0,0,0
14.129,0,0,0
14.1295,0,0,0
14.130000000000001,0,0,0
14.1305,0,0,0
14.131,0,0,0
14.131500000000001,0,0,0
14.132,0,0,0
14.1325,0,0,0
14.132999999999999,0,0,0
14.1335,0,0,0
14.134,0,0,0
14.134499999999999,0,0,0
14.135,0,0,0
14.1355,0,0,0
14.135999999999999,0,0,0
14.1365,0,0,0
14.137,0,0,0
14.137499999999999,0,0,0
14.138,0,0,0
14.138500000000001,0,0,0
14.138999999999999,0,0,0
14.1395,0,0,0
14.140000000000001,0,0,0
14.140499999999999,0,0,0
14.141,0,0,0
14.141500000000001,0,0,0
14.141999999999999,0,0,0
14.1425,0,0,0
14.143000000000001,0,0,0
14.1435,0,0,0
14.144,0,0,0
14.144500000000001,0,0,0
14.145,0,0,0
14.1455,0,0,0
14.146000000000001,0,0,0
14.1465,0,0,0
14.147,0,0,0
14.147500000000001,0,0,0
14.148,0,0,0
14.1485,0,0,0
14.148999999999999,0,0,0
14.1495,0,0,0
14.15,0,0,0
14.150499999999999,0,0,0
14.151,0,0,0
14.1515,0,0,0
14.151999999999999,0,0,0
14.1525,0,0,0
14.153,0,0,0
14.153499999999999,0,0,0
14.154,0,0,0
14.154500000000001,0,0,0
14.154999999999999,0,0,0
14.1555,0,0,0
14.156000000000001,0,0,0
14.156499999999999,0,0,0
14.157,0,0,0
14.157500000000001,0,0,0
14.157999999999999,0,0,0
14.1585,0,0,0
14.159000000000001,0,0,0
14.1595,0,0,0
14.16,0,0,0
14.160500000000001,0,0,0
14.161,0,0,0
14.1615,0,0,0
14.162000000000001,0,0,0
14.1625,0,0,0
14.163,0,0,0
14.163500000000001,0,0,0
14.164,0,0,0
14.1645,0,0,0
14.164999999999999,0,0,0
14.1655,0,0,0
14.166,0,0,0
14.166499999999999,0,0,0
14.167,0,0,0
14.1675,0,0,0
14.167999999999999,0,0,0
14.1685,0,0,0
14.169,0,0,0
14.169499999999999,0,0,0
14.17,0,0,0
14.170500000000001,0,0,0
14.170999999999999,0,0,0
14.1715,0,0,0
14.172000000000001,0,0,0
14.172499999999999,0,0,0
14.173,0,0,0
14.173500000000001,0,0,0
14.173999999999999,0,0,0
14.1745,0,0,0
14.175000000000001,0,0,0
14.1755,0,0,0
14.176,0,0,0
14.176500000000001,0,0,0
14.177,0,0,0
14.1775,0,0,0
14.178000000000001,0,0,0
14.1785,0,0,0
14.179,0,0,0
14.179500000000001,0,0,0
14.18,0,0,0
14.1805,0,0,0
14.180999999999999,0,0,0
14.1815,0,0,0
14.182,0,0,0
14.182499999999999,0,0,0
14.183,0,0,0
14.1835,0,0,0
14.183999999999999,0,0,0
14.1845,0,0,0
14.185,0,0,0
14.185499999999999,0,0,0
14.186,0,0,0
14.186500000000001,0,0,0
14.186999999999999,0,0,0
14.1875,0,0,0
14.188000000000001,0,0,0
14.188499999999999,0,0,0
14.189,0,0,0
14.189500000000001,0,0,0
14.19,0,0,0
14.1905,0,0,0
14.191000000000001,0,0,0
14.1915,0,0,0
14.192,0,0,0
14.192500000000001,0,0,0
14.193,0,0,0
14.1935,0,0,0
14.194000000000001,0,0,0
14.1945,0,0,0
14.195,0,0,0
14.195499999999999,0,0,0
14.196,0,0,0
14.1965,0,0,0
14.196999999999999,0,0,0
14.1975,0,0,0
14.198,0,0,0
14.198499999999999,0,0,0
14.199,0,0,0
14.1995,0,0,0
14.199999999999999,0,0,0
14.2005,0,0,0
14.201000000000001,0,0,0
14.201499999999999,0,0,0
14.202,0,0,0
14.202500000000001,0,0,0
14.202999999999999,0,0,0
14.2035,0,0,0
14.204000000000001,0,0,0
14.204499999999999,0,0,0
14.205,0,0,0
14.205500000000001,0,0,0
14.206,0,0,0
14.2065,0,0,0
14.207000000000001,0,0,0
14.2075,0,0,0
14.208,0,0,0
14.208500000000001,0,0,0
14.209,0,0,0
14.2095,0,0,0
14.210000000000001,0,0,0
14.2105,0,0,0
14.211,0,0,0
14.211499999999999,0,0,0
14.212,0,0,0
14.2125,0,0,0
14.212999999999999,0,0,0
14.2135,0,0,0
14.214,0,0,0
14.214499999999999,0,0,0
14.215,0,0,0
14.2155,0,0,0
14.215999999999999,0,0,0
14.2165,0,0,0
14.217000000000001,0,0,0
14.217499999999999,0,0,0
14.218,0,0,0
14.218500000000001,0,0,0
14.218999999999999,0,0,0
14.2195,0,0,0
14.220000000000001,0,0,0
14.220499999999999,0,0,0
14.221,0,0,0
14.221500000000001,0,0,0
14.222,0,0,0
14.2225,0,0,0
14.223000000000001,0,0,0
14.2235,0,0,0
14.224,0,0,0
14.224500000000001,0,0,0
14.225,0,0,0
14.2255,0,0,0
14.226000000000001,0,0,0
14.2265,0,0,0
14.227,0,0,0
14.227499999999999,0,0,0
14.228,0,0,0
14.2285,0,0,0
14.228999999999999,0,0,0
14.2295,0,0,0
14.23,0,0,0
14.230499999999999,0,0,0
14.231,0,0,0
14.2315,0,0,0
14.231999999999999,0,0,0
14.2325,0,0,0
14.233000000000001,0,0,0
14.233499999999999,0,0,0
14.234,0,0,0
14.234500000000001,0,0,0
14.234999999999999,0,0,0
14.2355,0,0,0
14.236000000000001,0,0,0
14.236499999999999,0,0,0
14.237,0,0,0
14.237500000000001,0,0,0
14.238,0,0,0
14.2385,0,0,0
14.239000000000001,0,0,0
14.2395,0,0,0
14.24,0,0,0
14.240500000000001,0,0,0
14.241,0,0,0
14.2415,0,0,0
14.242000000000001,0,0,0
14.2425,0,0,0
14.243,0,0,0
14.243499999999999,0,0,0
14.244,0,0,0
14.2445,0,0,0
14.244999999999999,0,0,0
14.2455,0,0,0
14.246,0,0,0
14.246499999999999,0,0,0
14.247,0,0,0
14.2475,0,0,0
14.247999999999999,0,0,0
14.2485,0,0,0
14.249000000000001,0,0,0
14.249499999999999,0,0,0
14.25,0,0,0
14.250500000000001,0,0,0
14.250999999999999,0,0,0
14.2515,0,0,0
14.252000000000001,0,0,0
14.2525,0,0,0
14.253,0,0,0
14.253500000000001,0,0,0
14.254,0,0,0
14.2545,0,0,0
14.255000000000001,0,0,0
14.2555,0,0,0
14.256,0,0,0
14.256500000000001,0,0,0
14.257,0,0,0
14.2575,0,0,0
14.257999999999999,0,0,0
14.2585,0,0,0
14.259,0,0,0
14.259499999999999,0,0,0
14.26,0,0,0
14.2605,0,0,0
14.260999999999999,0,0,0
14.2615,0,0,0
14.262,0,0,0
14.262499999999999,0,0,0
14.263,0,0,0
14.263500000000001,0,0,0
14.263999999999999,0,0,0
14.2645,0,0,0
14.265000000000001,0,0,0
14.265499999999999,0,0,0
14.266,0,0,0
14.266500000000001,0,0,0
14.266999999999999,0,0,0
14.2675,0,0,0
14.268000000000001,0,0,0
14.2685,0,0,0
14.269,0,0,0
14.269500000000001,0,0,0
14.27,0,0,0
14.2705,0,0,0
14.271000000000001,0,0,0
14.2715,0,0,0
14.272,0,0,0
14.272500000000001,0,0,0
14.273,0,0,0
14.2735,0,0,0
14.273999999999999,0,0,0
14.2745,0,0,0
14.275,0,0,0
14.275499999999999,0,0,0
14.276,0,0,0
14.2765,0,0,0
14.276999999999999,0,0,0
14.2775,0,0,0
14.278,0,0,0
14.278499999999999,0,0,0
14.279,0,0,0
14.279500000000001,0,0,0
14.279999999999999,0,0,0
14.2805,0,0,0
14.281000000000001,0,0,0
14.281499999999999,0,0,0
14.282,0,0,0
14.282500000000001,0,0,0
14.282999999999999,0,0,0
14.2835,0,0,0
14.284000000000001,0,0,0
14.2845,0,0,0
14.285,0,0,0
14.285500000000001,0,0,0
14.286,0,0,0
14.2865,0,0,0
14.287000000000001,0,0,0
14.2875,0,0,0
14.288,0,0,0
14.288500000000001,0,0,0
14.289,0,0,0
14.2895,0,0,0
14.289999999999999,0,0,0
14.2905,0,0,0
14.291,0,0,1
14.291499999999999,0,0,1
14.292,0,0,0
14.2925,0,0,0
14.292999999999999,0,0,0
14.2935,0,0,0
14.294,0,0,0
14.294499999999999,0,0,0
14.295,0,0,0
14.295500000000001,0,0,0
14.295999999999999,0,0,0
14.2965,0,0,0
14.297000000000001,0,0,0
14.297499999999999,0,0,0
14.298,0,0,0
14.298500000000001,0,0,0
14.298999999999999,0,0,0
14.2995,0,0,0
14.300000000000001,0,0,0
14.3005,0,0,0
14.301,0,0,0
14.301500000000001,0,0,0
14.302,0,0,0
14.3025,0,0,0
14.303000000000001,0,0,0
14.3035,0,0,0
14.304,0,0,0
14.304500000000001,0,0,0
14.305,0,0,0
14.3055,0,0,0
14.305999999999999,0,0,0
14.3065,0,0,0
14.307,0,0,0
14.307499999999999,0,0,0
14.308,0,0,0
14.3085,0,0,0
14.308999999999999,0,0,0
14.3095,0,0,0
14.31,0,0,0
14.310499999999999,0,0,0
14.311,0,0,0
14.311500000000001,0,0,1
14.311999999999999,0,0,1
14.3125,0,0,0
14.313000000000001,0,0,0
14.313499999999999,0,0,0
14.314,0,0,0
14.314500000000001,0,0,0
14.315,0,0,0
14.3155,0,0,0
14.316000000000001,0,0,0
14.3165,0,0,0
14.317,0,0,0
14.317500000000001,0,0,0
14.318,0,0,0
14.3185,0,0,0
14.319000000000001,0,0,0
14.3195,0,0,0
14.32,0,0,0
14.320499999999999,0,0,0
14.321,0,0,0
14.3215,0,0,0
14.321999999999999,0,0,0
14.3225,0,0,0
14.323,0,0,0
14.323499999999999,0,0,0
14.324,0,0,0
14.3245,0,0,0
14.324999999999999,0,0,0
14.3255,0,0,0
14.326000000000001,0,0,0
14.326499999999999,0,0,0
14.327,0,0,0
14.327500000000001,0,0,0
14.327999999999999,0,0,0
14.3285,0,0,0
14.329000000000001,0,0,0
14.329499999999999,0,1,0
14.33,0,1,0
14.330500000000001,0,0,0
14.331,0,0,0
14.3315,0,0,0
14.332000000000001,0,0,0
14.3325,0,0,0
14.333,0,0,0
14.333500000000001,0,0,0
14.334,0,0,0
14.3345,0,0,0
14.335000000000001,0,0,0
14.3355,0,0,0
14.336,0,0,0
14.336499999999999,0,0,0
14.337,0,0,0
14.3375,0,0,0
14.337999999999999,0,0,0
14.3385,0,0,0
14.339,0,0,0
14.339499999999999,0,0,0
14.34,0,0,0
14.3405,0,0,0
14.340999999999999,0,0,0
14.3415,0,0,0
14.342000000000001,0,0,0
14.342499999999999,0,0,0
14.343,0,0,0
14.343500000000001,0,0,0
14.343999999999999,0,0,0
14.3445,0,0,0
14.345000000000001,0,0,0
14.345499999999999,0,0,0
14.346,0,0,0
14.346500000000001,0,0,0
14.347,0,0,0
14.3475,0,0,0
14.348000000000001,0,0,0
14.3485,0,0,0
14.349,0,0,0
14.349500000000001,0,0,0
14.35,0,0,0
14.3505,0,0,0
14.351000000000001,0,1,0
14.3515,0,1,0
14.352,0,0,0
14.352499999999999,0,0,0
14.353,0,0,0
14.3535,0,0,0
14.353999999999999,0,0,0
14.3545,0,0,0
14.355,0,0,0
14.355499999999999,0,0,0
14.356,0,0,0
14.3565,0,0,0
14.356999999999999,0,0,0
14.3575,0,0,0
14.358000000000001,0,0,0
14.358499999999999,0,0,0
14.359,0,0,0
14.359500000000001,0,0,0
14.359999999999999,0,0,0
14.3605,0,0,0
14.361000000000001,0,0,0
14.361499999999999,0,0,0
14.362,0,0,0
14.362500000000001,0,0,0
14.363,0,0,0
14.3635,0,0,0
14.364000000000001,0,0,0
14.3645,0,0,0
14.365,0,0,0
14.365500000000001,0,0,0
14.366,0,0,0
14.3665,0,0,0
14.367000000000001,0,0,0
14.3675,0,0,0
14.368,0,0,0
14.368499999999999,0,0,0
14.369,0,0,0
14.3695,0,0,0
14.369999999999999,0,0,0
14.3705,0,0,0
14.371,0,0,0
14.371499999999999,0,1,0
14.372,0,1,0
14.3725,0,0,0
14.372999999999999,0,0,0
14.3735,0,0,0
14.374000000000001,0,0,0
14.374499999999999,0,0,0
14.375,0,0,0
14.375500000000001,0,0,0
14.375999999999999,0,0,0
14.3765,0,0,0
14.377000000000001,0,0,0
14.3775,0,0,0
14.378,0,0,0
14.378500000000001,0,0,0
14.379,0,0,0
14.3795,0,0,0
14.380000000000001,0,0,0
14.3805,0,0,0
14.381,0,0,0
14.381500000000001,0,0,0
14.382,0,0,0
14.3825,0,0,0
14.382999999999999,0,0,0
14.3835,0,0,0
14.384,0,0,0
14.384499999999999,0,0,0
14.385,0,0,0
14.3855,0,0,0
14.385999999999999,0,0,0
14.3865,0,0,0
14.387,0,0,0
14.387499999999999,0,0,0
14.388,0,0,0
14.388500000000001,0,0,0
14.388999999999999,0,0,0
14.3895,0,0,0
14.390000000000001,0,0,0
14.390499999999999,0,0,0
14.391,0,0,0
14.391500000000001,0,0,0
14.391999999999999,0,0,0
14.3925,0,0,0
14.393000000000001,0,0,0
14.3935,0,0,0
14.394,0,0,0
14.394500000000001,0,0,0
14.395,0,0,0
14.3955,0,0,0
14.396000000000001,0,0,0
14.3965,0,0,0
14.397,0,0,0
14.397500000000001,0,0,0
14.398,0,0,0
14.3985,0,0,0
14.398999999999999,0,0,0
14.3995,0,0,0
14.4,0,0,0
14.400499999999999,0,0,0
14.401,0,0,0
14.4015,0,0,0
14.401999999999999,0,0,0
14.4025,0,0,0
14.403,0,0,0
14.403499999999999,0,0,0
14.404,0,0,0
14.404500000000001,0,0,0
14.404999999999999,0,0,0
14.4055,0,0,0
14.406000000000001,0,0,0
14.406499999999999,0,0,0
14.407,0,0,0
14.407500000000001,0,0,0
14.407999999999999,0,0,0
14.4085,0,0,0
14.409000000000001,0,0,0
14.4095,0,0,0
14.41,0,0,0
14.410500000000001,0,0,0
14.411,0,0,0
14.4115,0,0,0
14.412000000000001,0,0,0
14.4125,0,0,0
14.413,0,0,0
14.413500000000001,0,0,0
14.414,0,0,0
14.4145,0,0,0
14.414999999999999,0,0,0
14.4155,0,0,0
14.416,0,0,0
14.416499999999999,0,0,0
14.417,0,0,0
14.4175,0,0,0
14.417999999999999,0,0,0
14.4185,0,0,0
14.419,0,0,0
14.419499999999999,0,0,0
14.42,0,0,0
14.420500000000001,0,0,0
14.420999999999999,0,0,0
14.4215,0,0,0
14.422000000000001,0,0,0
14.422499999999999,0,0,0
14.423,0,0,0
14.423500000000001,0,0,0
14.423999999999999,0,0,0
14.4245,0,0,0
14.425000000000001,0,0,0
14.4255,0,0,0
14.426,0,0,0
14.426500000000001,0,0,0
14.427,0,0,0
14.4275,0,0,0
14.428000000000001,0,0,0
14.4285,0,0,0
14.429,0,0,0
14.429500000000001,0,0,0
14.43,0,0,0
14.4305,0,0,0
14.430999999999999,0,0,0
14.4315,0,0,0
14.432,0,0,0
14.432499999999999,0,0,0
14.433,0,0,0
14.4335,0,0,0
14.433999999999999,0,0,0
14.4345,0,0,0
14.435,0,0,0
14.435499999999999,0,0,0
14.436,0,0,0
14.436500000000001,0,0,0
14.436999999999999,0,0,0
14.4375,0,0,0
14.438000000000001,1,0,0
14.438499999999999,1,0,0
14.439,0,0,0
14.439500000000001,0,0,0
14.44,0,0,0
14.4405,0,0,0
14.441000000000001,0,0,0
14.4415,0,0,0
14.442,0,0,0
14.442500000000001,0,0,0
14.443,0,0,0
14.4435,0,0,0
14.444000000000001,0,0,0
14.4445,0,0,0
14.445,0,0,0
14.445499999999999,0,0,0
14.446,0,0,0
14.4465,0,0,0
14.446999999999999,0,0,0
14.4475,0,0,0
14.448,0,0,0
14.448499999999999,0,0,0
14.449,0,0,0
14.4495,0,0,0
14.449999999999999,0,0,0
14.4505,0,0,0
14.451000000000001,0,0,0
14.451499999999999,0,0,0
14.452,0,0,0
14.452500000000001,0,0,0
14.452999999999999,0,0,0
14.4535,0,0,0
14.454000000000001,0,0,0
14.454499999999999,0,0,0
14.455,0,0,0
14.455500000000001,0,0,0
14.456,0,0,0
14.4565,0,0,0
14.457000000000001,0,0,0
14.4575,0,0,0
14.458,0,0,0
14.458500000000001,0,0,0
14.459,0,0,0
14.4595,0,0,0
14.460000000000001,0,0,0
14.4605,0,0,0
14.461,0,0,0
14.461499999999999,0,0,0
14.462,0,0,0
14.4625,0,0,0
14.462999999999999,0,0,0
14.4635,0,0,0
14.464,0,0,0
14.464499999999999,0,0,0
14.465,0,0,0
14.4655,0,0,0
14.465999999999999,0,0,0
14.4665,0,0,0
14.467000000000001,0,0,0
14.467499999999999,0,0,0
14.468,0,0,0
14.468500000000001,0,0,0
14.468999999999999,0,0,0
14.4695,0,0,0
14.470000000000001,0,0,0
14.470499999999999,0,0,0
14.471,0,0,0
14.471500000000001,0,0,0
14.472,0,0,0
14.4725,0,0,0
14.473000000000001,0,0,0
14.4735,0,0,0
14.474,0,0,0
14.474500000000001,0,0,0
14.475,0,0,0
14.4755,0,0,0
14.476000000000001,0,0,0
14.4765,0,0,0
14.477,0,0,0
14.477499999999999,0,0,0
14.478,0,0,0
14.4785,0,0,0
14.478999999999999,0,0,0
14.4795,0,0,0
14.48,0,0,0
14.480499999999999,0,0,0
14.481,0,0,0
14.4815,0,0,0
14.481999999999999,0,0,0
14.4825,0,0,0
14.483000000000001,0,0,0
14.483499999999999,0,0,0
14.484,0,0,0
14.484500000000001,0,0,0
14.484999999999999,0,0,0
14.4855,0,0,0
14.486000000000001,0,0,0
14.486499999999999,0,0,0
14.487,0,0,0
14.487500000000001,0,0,0
14.488,0,0,0
14.4885,0,0,0
14.489000000000001,0,0,0
14.4895,0,0,0
14.49,0,0,0
14.490500000000001,0,0,0
14.491,0,0,0
14.4915,0,0,0
14.492000000000001,0,0,0
14.4925,0,0,0
14.493,0,0,0
14.493499999999999,0,0,0
14.494,0,0,0
14.4945,0,0,0
14.494999999999999,0,0,0
14.4955,0,0,0
14.496,0,0,0
14.496499999999999,0,0,0
14.497,0,0,0
14.4975,0,0,0
14.497999999999999,0,0,0
14.4985,0,0,0
14.499000000000001,0,0,0
14.499499999999999,0,0,0
14.5,0,0,0
14.500500000000001,0,0,0
14.500999999999999,0,0,0
14.5015,0,0,0
14.502000000000001,0,0,0
14.5025,0,0,0
14.503,0,0,0
14.503500000000001,0,0,0
14.504,0,0,0
14.5045,0,0,0
14.505000000000001,0,0,0
14.5055,0,0,0
14.506,0,0,0
14.506500000000001,0,0,0
14.507,0,0,0
14.5075,0,0,0
14.507999999999999,0,0,0
14.5085,0,0,0
14.509,0,0,0
14.509499999999999,0,0,0
14.51,0,0,0
14.5105,0,0,0
14.510999999999999,0,0,0
14.5115,0,0,0
14.512,0,0,0
14.512499999999999,0,0,0
14.513,0,0,0
14.513500000000001,0,0,0
14.513999999999999,0,0,0
14.5145,0,0,0
14.515000000000001,0,0,0
14.515499999999999,0,0,0
14.516,0,0,0
14.516500000000001,0,0,0
14.516999999999999,0,0,0
14.5175,0,0,0
14.518000000000001,0,0,0
14.5185,0,0,0
14.519,0,0,0
14.519500000000001,0,0,0
14.52,0,0,0
14.5205,0,0,0
14.521000000000001,0,0,0
14.5215,0,0,0
14.522,0,0,0
14.522500000000001,0,0,0
14.523,0,0,0
14.5235,0,0,0
14.523999999999999,0,0,0
14.5245,0,0,0
14.525,0,0,0
14.525499999999999,0,0,0
14.526,0,0,0
14.5265,0,0,0
14.526999999999999,0,0,0
14.5275,0,0,0
14.528,0,0,0
14.528499999999999,0,0,0
14.529,0,0,0
14.529500000000001,0,0,0
14.529999999999999,0,0,0
14.5305,0,0,0
14.531000000000001,0,0,0
14.531499999999999,0,0,0
14.532,0,0,0
14.532500000000001,0,0,0
14.532999999999999,0,0,0
14.5335,0,0,0
14.534000000000001,0,0,0
14.5345,0,0,0
14.535,0,0,0
14.535500000000001,0,0,0
14.536,0,0,0
14.5365,0,0,0
14.537000000000001,0,0,0
14.5375,0,0,0
14.538,0,0,0
14.538500000000001,0,0,0
14.539,0,0,0
14.5395,0,0,0
14.539999999999999,0,0,0
14.5405,0,0,0
14.541,0,0,0
14.541499999999999,0,0,0
14.542,0,0,0
14.5425,0,0,0
14.542999999999999,0,0,0
14.5435,0,0,0
14.544,0,0,0
14.544499999999999,0,0,0
14.545,0,0,0
14.545500000000001,0,0,0
14.545999999999999,0,0,0
14.5465,0,0,0
14.547000000000001,0,0,0
14.547499999999999,0,0,0
14.548,0,0,0
14.548500000000001,0,0,0
14.548999999999999,0,0,0
14.5495,0,0,0
14.550000000000001,0,0,0
14.5505,0,0,0
14.551,0,0,0
14.551500000000001,0,0,0
14.552,0,0,0
14.5525,0,0,0
14.553000000000001,0,0,0
14.5535,0,0,0
14.554,0,0,0
14.554500000000001,0,0,0
14.555,0,0,0
14.5555,0,0,0
14.555999999999999,0,0,0
14.5565,0,0,0
14.557,0,0,0
14.557499999999999,0,0,0
14.558,0,0,0
14.5585,0,0,0
14.558999999999999,0,0,0
14.5595,0,0,0
14.56,0,0,0
14.560499999999999,0,0,0
14.561,0,0,0
14.561500000000001,0,0,0
14.561999999999999,0,0,0
14.5625,0,0,0
14.563000000000001,0,0,0
14.563499999999999,0,0,0
14.564,0,0,0
14.564500000000001,0,0,0
14.565,0,0,0
14.5655,0,0,0
14.566000000000001,0,0,0
14.5665,0,0,0
14.567,0,0,0
14.567500000000001,0,0,0
14.568,0,0,0
14.5685,0,0,0
14.569000000000001,0,0,0
14.5695,0,0,0
14.57,0,0,0
14.570499999999999,0,0,0
14.571,0,0,0
14.5715,0,0,0
14.571999999999999,0,0,0
14.5725,0,0,0
14.573,0,0,0
14.573499999999999,0,0,0
14.574,0,0,0
14.5745,0,0,0
14.574999999999999,0,0,0
14.5755,0,0,0
14.576000000000001,0,0,0
14.576499999999999,0,0,0
14.577,0,0,0
14.577500000000001,0,0,0
14.577999999999999,0,0,0
14.5785,0,0,0
14.579000000000001,0,0,0
14.579499999999999,0,0,0
14.58,0,0,0
14.580500000000001,0,0,0
14.581,0,0,0
14.5815,0,0,0
14.582000000000001,0,0,0
14.5825,0,0,0
14.583,0,0,0
14.583500000000001,0,0,0
14.584,0,0,0
14.5845,0,0,0
14.585000000000001,0,0,0
14.5855,0,0,0
14.586,0,0,0
14.586499999999999,0,0,0
14.587,0,0,0
14.5875,0,0,0
14.587999999999999,0,0,0
14.5885,0,0,0
14.589,0,0,0
14.589499999999999,0,0,0
14.59,0,0,0
14.5905,0,0,0
14.590999999999999,0,0,0
14.5915,0,0,0
14.592000000000001,0,0,0
14.592499999999999,0,0,0
14.593,0,0,0
14.593500000000001,0,0,0
14.593999999999999,0,0,0
14.5945,0,0,0
14.595000000000001,0,0,0
14.595499999999999,0,0,0
14.596,0,0,0
14.596500000000001,0,0,0
14.597,0,0,0
14.5975,0,0,0
14.598000000000001,0,0,0
14.5985,0,0,0
14.599,0,0,0
14.599500000000001,0,0,0
14.6,0,0,0
14.6005,0,0,0
14.601000000000001,0,0,0
14.6015,0,0,0
14.602,0,0,0
14.602499999999999,0,0,0
14.603,0,0,0
14.6035,0,0,0
14.603999999999999,0,0,0
14.6045,0,0,0
14.605,0,0,0
14.605499999999999,0,0,0
14.606,0,0,0
14.6065,0,0,0
14.606999999999999,0,0,0
14.6075,0,0,0
14.608000000000001,0,0,0
14.608499999999999,0,0,0
14.609,0,0,0
14.609500000000001,0,0,0
14.609999999999999,0,0,0
14.6105,0,0,0
14.611000000000001,0,0,0
14.611499999999999,0,0,0
14.612,0,0,0
14.612500000000001,0,0,0
14.613,0,0,0
14.6135,0,0,0
14.614000000000001,0,0,0
14.6145,0,0,0
14.615,0,0,0
14.615500000000001,0,0,0
14.616,0,0,0
14.6165,0,0,0
14.617000000000001,0,0,0
14.6175,0,0,0
14.618,0,0,0
14.618499999999999,0,0,0
14.619,0,0,0
14.6195,0,0,0
14.619999999999999,0,0,0
14.6205,0,0,0
14.621,0,0,0
14.621499999999999,0,0,0
14.622,0,0,0
14.6225,0,0,0
14.622999999999999,0,0,0
14.6235,0,0,0
14.624000000000001,0,0,0
14.624499999999999,0,0,0
14.625,0,0,0
14.625500000000001,0,0,0
14.625999999999999,0,0,0
14.6265,0,0,0
14.627000000000001,0,0,0
14.6275,0,0,0
14.628,0,0,0
14.628500000000001,0,0,0
14.629,0,0,0
14.6295,0,0,0
14.630000000000001,0,0,0
14.6305,0,0,0
14.631,0,0,0
14.631500000000001,0,0,0
14.632,0,0,0
14.6325,0,0,0
14.632999999999999,0,0,0
14.6335,0,0,0
14.634,0,0,0
14.634499999999999,0,0,0
14.635,0,0,0
14.6355,0,0,0
14.635999999999999,0,0,0
14.6365,0,0,0
14.637,0,0,0
14.637499999999999,0,0,0
14.638,0,0,0
14.638500000000001,0,0,0
14.638999999999999,0,0,0
14.6395,0,0,0
14.640000000000001,0,0,0
14.640499999999999,0,0,0
14.641,0,0,0
14.641500000000001,0,0,0
14.641999999999999,0,0,0
14.6425,0,0,0
14.643000000000001,0,0,0
14.6435,0,0,0
14.644,0,0,0
14.644500000000001,0,0,0
14.645,0,0,0
14.6455,0,0,0
14.646000000000001,0,0,0
14.6465,0,0,0
14.647,0,0,0
14.647500000000001,0,0,0
14.648,0,0,0
14.6485,0,0,0
14.648999999999999,0,0,0
14.6495,0,0,0
14.65,0,0,0
14.650499999999999,0,0,0
14.651,0,0,0
14.6515,0,0,0
14.651999999999999,0,0,0
14.6525,0,0,0
14.653,0,0,0
14.653499999999999,0,0,0
14.654,0,0,0
14.654500000000001,0,0,0
14.654999999999999,0,0,0
14.6555,0,0,0
14.656000000000001,0,0,0
14.656499999999999,0,0,0
14.657,0,0,0
14.657500000000001,0,0,0
14.657999999999999,0,0,0
14.6585,0,0,0
14.659000000000001,0,0,0
14.6595,0,0,0
14.66,0,0,0
14.660500000000001,0,0,0
14.661,0,0,0
14.6615,0,0,0
14.662000000000001,0,0,0
14.6625,0,0,0
14.663,0,0,0
14.663500000000001,0,0,0
14.664,0,0,0
14.6645,0,0,0
14.664999999999999,0,0,0
14.6655,0,0,0
14.666,0,0,0
14.666499999999999,0,0,0
14.667,0,0,0
14.6675,0,0,0
14.667999999999999,0,0,0
14.6685,0,0,0
14.669,0,0,0
14.669499999999999,0,0,0
14.67,0,0,0
14.670500000000001,0,0,0
14.670999999999999,0,0,0
14.6715,0,0,0
14.672000000000001,0,0,0
14.672499999999999,0,0,0
14.673,0,0,0
14.673500000000001,0,0,0
14.673999999999999,0,0,0
14.6745,0,0,0
14.675000000000001,0,0,0
14.6755,0,0,0
14.676,0,0,0
14.676500000000001,0,0,0
14.677,0,0,0
14.6775,0,0,0
14.678000000000001,0,0,0
14.6785,0,0,0
14.679,0,0,0
14.679500000000001,0,0,0
14.68,0,0,0
14.6805,0,0,0
14.680999999999999,0,0,0
14.6815,0,0,0
14.682,0,0,0
14.682499999999999,0,0,0
14.683,0,0,0
14.6835,0,0,0
14.683999999999999,0,0,0
14.6845,0,0,0
14.685,0,0,0
14.685499999999999,0,0,0
14.686,0,0,0
14.686500000000001,0,0,0
14.686999999999999,0,0,0
14.6875,0,0,0
14.688000000000001,0,0,0
14.688499999999999,0,0,0
14.689,0,0,0
14.689500000000001,0,0,0
14.69,0,0,0
14.6905,0,0,0
14.691000000000001,0,0,0
14.6915,0,0,0
14.692,0,0,0
14.692500000000001,0,0,0
14.693,0,0,0
14.6935,0,0,0
14.694000000000001,0,0,0
14.6945,0,0,0
14.695,0,0,0
14.695499999999999,0,0,0
14.696,0,0,0
14.6965,0,0,0
14.696999999999999,0,0,0
14.6975,0,0,0
14.698,0,0,0
14.698499999999999,0,0,0
14.699,0,0,0
14.6995,0,0,0
14.699999999999999,0,0,0
14.7005,0,0,0
14.701000000000001,0,0,0
14.701499999999999,0,0,0
14.702,0,0,0
14.702500000000001,0,0,0
14.702999999999999,0,0,0
14.7035,0,0,0
14.704000000000001,0,0,0
14.704499999999999,0,0,0
14.705,0,0,0
14.705500000000001,0,0,0
14.706,0,0,0
14.7065,0,0,0
14.707000000000001,0,0,0
14.7075,0,0,0
14.708,0,0,0
14.708500000000001,0,0,0
14.709,0,0,0
14.7095,0,0,0
14.710000000000001,0,0,0
14.7105,0,0,0
14.711,0,0,0
14.711499999999999,0,0,0
14.712,0,0,0
14.7125,0,0,0
14.712999999999999,0,0,0
14.7135,0,0,0
14.714,0,0,0
14.714499999999999,0,0,0
14.715,0,0,0
14.7155,0,0,0
14.715999999999999,0,0,0
14.7165,0,0,0
14.717000000000001,0,0,0
14.717499999999999,0,0,0
14.718,0,0,0
14.718500000000001,0,0,0
14.718999999999999,0,0,0
14.7195,0,0,0
14.720000000000001,0,0,0
14.720499999999999,0,0,0
14.721,0,0,0
14.721500000000001,0,0,0
14.722,0,0,0
14.7225,0,0,0
14.723000000000001,0,0,0
14.7235,0,0,0
14.724,0,0,0
14.724500000000001,0,0,0
14.725,0,0,0
14.7255,0,0,0
14.726000000000001,0,0,0
14.7265,0,0,0
14.727,0,0,0
14.727499999999999,0,0,0
14.728,0,0,0
14.7285,0,0,0
14.728999999999999,0,0,0
14.7295,0,0,0
14.73,0,0,0
14.730499999999999,0,0,0
14.731,0,0,0
14.7315,0,0,0
14.731999999999999,0,0,0
14.7325,0,0,0
14.733000000000001,0,0,0
14.733499999999999,0,0,0
14.734,0,0,0
14.734500000000001,0,0,0
14.734999999999999,0,0,0
14.7355,0,0,0
14.736000000000001,0,0,0
14.736499999999999,0,0,0
14.737,0,0,0
14.737500000000001,0,0,0
14.738,0,0,0
14.7385,0,0,0
14.739000000000001,0,0,0
14.7395,0,0,0
14.74,0,0,0
14.740500000000001,0,0,0
14.741,0,0,0
14.7415,0,0,0
14.742000000000001,0,0,0
14.7425,0,0,0
14.743,0,0,0
14.743499999999999,0,0,0
14.744,0,0,0
14.7445,0,0,0
14.744999999999999,0,0,0
14.7455,0,0,0
14.746,0,0,0
14.746499999999999,0,0,0
14.747,0,0,0
14.7475,0,0,0
14.747999999999999,0,0,0
14.7485,0,0,0
14.749000000000001,0,0,0
14.749499999999999,0,0,0
14.75,0,0,0
14.750500000000001,0,0,0
14.750999999999999,0,0,0
14.7515,0,0,0
14.752000000000001,0,0,0
14.7525,0,0,0
14.753,0,0,0
14.753500000000001,0,0,0
14.754,0,0,0
14.7545,0,0,0
14.755000000000001,0,0,0
14.7555,0,0,0
14.756,0,0,0
14.756500000000001,0,0,0
14.757,0,0,0
14.7575,0,0,0
14.757999999999999,0,0,0
14.7585,0,0,0
14.759,0,0,0
14.759499999999999,0,0,0
14.76,0,0,0
14.7605,0,0,0
14.760999999999999,0,0,0
14.7615,0,0,0
14.762,0,0,0
14.762499999999999,0,0,0
14.763,0,0,0
14.763500000000001,0,0,0
14.763999999999999,0,0,0
14.7645,0,0,0
14.765000000000001,0,0,0
14.765499999999999,0,0,0
14.766,0,0,0
14.766500000000001,0,0,0
14.766999999999999,0,0,0
14.7675,0,0,0
14.768000000000001,0,0,0
14.7685,0,0,0
14.769,0,0,0
14.769500000000001,0,0,0
14.77,0,0,0
14.7705,0,0,0
14.771000000000001,0,0,0
14.7715,0,0,0
14.772,0,0,0
14.772500000000001,0,0,0
14.773,0,0,0
14.7735,0,0,0
14.773999999999999,0,0,0
14.7745,0,0,0
14.775,0,0,0
14.775499999999999,0,0,0
14.776,0,0,0
14.7765,0,0,0
14.776999999999999,0,0,0
14.7775,0,0,0
14.778,0,0,0
14.778499999999999,0,0,0
14.779,0,0,0
14.779500000000001,0,0,0
14.779999999999999,0,0,0
14.7805,0,0,0
14.781000000000001,0,0,0
14.781499999999999,0,0,0
14.782,0,0,0
14.782500000000001,0,0,0
14.782999999999999,0,0,0
14.7835,0,0,0
14.784000000000001,0,0,0
14.7845,0,0,0
14.785,0,0,0
14.785500000000001,0,0,0
14.786,0,0,0
14.7865,0,0,0
14.787000000000001,0,0,0
14.7875,0,0,0
14.788,0,0,0
14.788500000000001,0,0,0
14.789,0,0,0
14.7895,0,0,0
14.789999999999999,0,0,0
14.7905,0,0,0
14.791,0,0,0
14.791499999999999,0,0,0
14.792,0,0,0
14.7925,0,0,0
14.792999999999999,0,0,0
14.7935,0,0,0
14.794,0,0,0
14.794499999999999,0,0,0
14.795,0,0,0
14.795500000000001,0,0,0
14.795999999999999,0,0,0
14.7965,0,0,0
14.797000000000001,0,0,0
14.797499999999999,0,0,0
14.798,0,0,0
14.798500000000001,0,0,0
14.798999999999999,0,0,0
14.7995,0,0,0
14.800000000000001,0,0,0
14.8005,0,0,0
14.801,0,0,0
14.801500000000001,0,0,0
14.802,0,0,0
14.8025,0,0,0
14.803000000000001,0,0,0
14.8035,0,0,0
14.804,0,0,0
14.804500000000001,0,0,0
14.805,0,0,0
14.8055,0,0,0
14.805999999999999,0,0,0
14.8065,0,0,0
14.807,0,0,0
14.807499999999999,0,0,0
14.808,0,0,0
14.8085,0,0,0
14.808999999999999,0,0,0
14.8095,0,0,0
14.81,0,0,0
14.810499999999999,0,0,0
14.811,0,0,0
14.811500000000001,0,0,0
14.811999999999999,0,0,0
14.8125,0,0,0
14.813000000000001,0,0,0
14.813499999999999,0,0,0
14.814,0,0,0
14.814500000000001,0,0,0
14.815,0,0,0
14.8155,0,0,0
14.816000000000001,0,0,0
14.8165,0,0,0
14.817,0,0,0
14.817500000000001,0,0,0
14.818,0,0,0
14.8185,0,0,0
14.819000000000001,0,0,0
14.8195,0,0,0
14.82,0,0,0
14.820499999999999,0,0,0
14.821,0,0,0
14.8215,0,0,0
14.821999999999999,0,0,0
14.8225,0,0,0
14.823,0,0,0
14.823499999999999,0,0,0
14.824,0,0,0
14.8245,0,0,0
14.824999999999999,0,0,0
14.8255,0,0,0
14.826000000000001,0,0,0
14.826499999999999,0,0,0
14.827,0,0,0
14.827500000000001,0,0,0
14.827999999999999,0,0,0
14.8285,0,0,0
14.829000000000001,0,0,0
14.829499999999999,0,0,0
14.83,0,0,0
14.830500000000001,0,0,0
14.831,0,0,0
14.8315,0,0,0
14.832000000000001,0,0,0
14.8325,0,0,0
14.833,0,0,0
14.833500000000001,0,0,0
14.834,0,0,0
14.8345,0,0,0
14.835000000000001,0,0,0
14.8355,0,0,0
14.836,0,0,0
14.836499999999999,0,0,0
14.837,0,0,0
14.8375,0,0,0
14.837999999999999,0,0,0
14.8385,0,0,0
14.839,0,0,0
14.839499999999999,0,0,0
14.84,0,0,0
14.8405,0,0,0
14.840999999999999,0,0,0
14.8415,0,0,0
14.842000000000001,0,0,0
14.842499999999999,0,0,0
14.843,0,0,0
14.843500000000001,0,0,0
14.843999999999999,0,0,0
14.8445,0,0,0
14.845000000000001,0,0,0
14.845499999999999,0,0,0
14.846,0,0,0
14.846500000000001,0,0,0
14.847,0,0,0
14.8475,0,0,0
14.848000000000001,0,0,0
14.8485,0,0,0
14.849,0,0,0
14.849500000000001,0,0,0
14.85,0,0,0
14.8505,0,0,0
14.851000000000001,0,0,0
14.8515,0,0,0
14.852,0,0,0
14.852499999999999,0,0,0
14.853,0,0,0
14.8535,0,0,0
14.853999999999999,0,0,0
14.8545,0,0,0
14.855,0,0,0
14.855499999999999,0,0,0
14.856,0,0,0
14.8565,0,0,0
14.856999999999999,0,0,0
14.8575,0,0,0
14.858000000000001,0,0,0
14.858499999999999,0,0,0
14.859,0,0,0
14.859500000000001,0,0,0
14.859999999999999,0,0,0
14.8605,0,0,0
14.861000000000001,0,0,0
14.861499999999999,0,0,0
14.862,0,0,0
14.862500000000001,0,0,0
14.863,0,0,0
14.8635,0,0,0
14.864000000000001,0,0,0
14.8645,0,0,0
14.865,0,0,0
14.865500000000001,0,0,0
14.866,0,0,0
14.8665,0,0,0
14.867000000000001,0,0,0
14.8675,0,0,0
14.868,0,0,0
14.868499999999999,0,0,0
14.869,0,0,0
14.8695,0,0,0
14.869999999999999,0,0,0
14.8705,0,0,0
14.871,0,0,0
14.871499999999999,0,0,0
14.872,0,0,0
14.8725,0,0,0
14.872999999999999,0,0,0
14.8735,0,0,0
14.874000000000001,0,0,0
14.874499999999999,0,0,0
14.875,0,0,0
14.875500000000001,0,0,0
14.875999999999999,0,0,0
14.8765,0,0,0
14.877000000000001,0,0,0
14.8775,0,0,0
14.878,0,0,0
14.878500000000001,0,0,0
14.879,0,0,0
14.8795,0,0,0
14.880000000000001,0,0,0
14.8805,0,0,0
14.881,0,0,0
14.881500000000001,0,0,0
14.882,0,0,0
14.8825,0,0,0
14.882999999999999,0,0,0
14.8835,0,0,0
14.884,0,0,0
14.884499999999999,0,0,0
14.885,0,0,0
14.8855,0,0,0
14.885999999999999,0,0,0
14.8865,0,0,0
14.887,0,0,0
14.887499999999999,0,0,0
14.888,0,0,0
14.888500000000001,0,0,0
14.888999999999999,0,0,0
14.8895,0,0,0
14.890000000000001,0,0,0
14.890499999999999,0,0,0
14.891,0,0,0
14.891500000000001,0,0,0
14.891999999999999,0,0,0
14.8925,0,0,0
14.893000000000001,0,0,0
14.8935,0,0,0
14.894,0,0,0
14.894500000000001,0,0,0
14.895,0,0,0
14.8955,0,0,0
14.896000000000001,0,0,0
14.8965,0,0,0
14.897,0,0,0
14.897500000000001,0,0,0
14.898,0,0,0
14.8985,0,0,0
14.898999999999999,0,0,0
14.8995,0,0,0
14.9,0,0,0
14.900499999999999,0,0,0
14.901,0,0,0
14.9015,0,0,0
14.901999999999999,0,0,0
14.9025,0,0,0
14.903,0,0,0
14.903499999999999,0,0,0
14.904,0,0,0
14.904500000000001,0,0,0
14.904999999999999,0,0,0
14.9055,0,0,0
14.906000000000001,0,0,0
14.906499999999999,0,0,0
14.907,0,0,0
14.907500000000001,0,0,0
14.907999999999999,0,0,0
14.9085,0,0,0
14.909000000000001,0,0,0
14.9095,0,0,0
14.91,0,0,0
14.910500000000001,0,0,0
14.911,0,0,0
14.9115,0,0,0
14.912000000000001,0,0,0
14.9125,0,0,0
14.913,0,0,0
14.913500000000001,0,0,0
14.914,0,0,0
14.9145,0,0,0
14.914999999999999,0,0,0
14.9155,0,0,0
14.916,0,0,0
14.916499999999999,0,0,0
14.917,0,0,0
14.9175,0,0,0
14.917999999999999,0,0,0
14.9185,0,0,0
14.919,0,0,0
14.919499999999999,0,0,0
14.92,0,0,0
14.920500000000001,0,0,0
14.920999999999999,0,0,0
14.9215,0,0,0
14.922000000000001,0,0,0
14.922499999999999,0,0,0
14.923,0,0,0
14.923500000000001,0,0,0
14.923999999999999,0,0,0
14.9245,0,0,0
14.925000000000001,0,0,0
14.9255,0,0,0
14.926,0,0,0
14.926500000000001,0,0,0
14.927,0,0,0
14.9275,0,0,0
14.928000000000001,0,0,0
14.9285,0,0,0
14.929,0,0,0
14.929500000000001,0,0,0
14.93,0,0,0
14.9305,0,0,0
14.930999999999999,0,0,0
14.9315,0,0,0
14.932,0,0,0
14.932499999999999,0,0,0
14.933,0,0,0
14.9335,0,0,0
14.933999999999999,0,0,0
14.9345,0,0,0
14.935,0,0,0
14.935499999999999,0,0,0
14.936,0,0,0
14.936500000000001,0,0,0
14.936999999999999,0,0,0
14.9375,0,0,0
14.938000000000001,0,0,0
14.938499999999999,0,0,0
14.939,0,0,0
14.939500000000001,0,0,0
14.94,0,0,0
14.9405,0,0,0
14.941000000000001,0,0,0
14.9415,0,0,0
14.942,0,0,0
14.942500000000001,0,0,0
14.943,0,0,0
14.9435,0,0,0
14.944000000000001,0,0,0
14.9445,0,0,0
14.945,0,0,0
14.945499999999999,0,0,0
14.946,0,0,0
14.9465,0,0,0
14.946999999999999,0,0,0
14.9475,0,0,0
14.948,0,0,0
14.948499999999999,0,0,0
14.949,0,0,0
14.9495,0,0,0
14.949999999999999,0,0,0
14.9505,0,0,0
14.951000000000001,0,0,0
14.951499999999999,0,0,0
14.952,0,0,0
14.952500000000001,0,0,0
14.952999999999999,0,0,0
14.9535,0,0,0
14.954000000000001,0,0,0
14.954499999999999,0,0,0
14.955,0,0,0
14.955500000000001,0,0,0
14.956,0,0,0
14.9565,0,0,0
14.957000000000001,0,0,0
14.9575,0,0,0
14.958,0,0,0
14.958500000000001,0,0,0
14.959,0,0,0
14.9595,0,0,0
14.960000000000001,0,0,0
14.9605,0,0,0
14.961,0,0,0
14.961499999999999,0,0,0
14.962,0,0,0
14.9625,0,0,0
14.962999999999999,0,0,0
14.9635,0,0,0
14.964,0,0,0
14.964499999999999,0,0,0
14.965,0,0,0
14.9655,0,0,0
14.965999999999999,0,0,0
14.9665,0,0,0
14.967000000000001,0,0,0
14.967499999999999,0,0,0
14.968,0,0,0
14.968500000000001,0,0,0
14.968999999999999,0,0,0
14.9695,0,0,0
14.970000000000001,0,0,0
14.970499999999999,0,0,0
14.971,0,0,0
14.971500000000001,0,0,0
14.972,0,0,0
14.9725,0,0,0
14.973000000000001,0,0,0
14.9735,0,0,0
14.974,0,0,0
14.974500000000001,0,0,0
14.975,0,0,0
14.9755,0,0,0
14.976000000000001,0,0,0
14.9765,0,0,0
14.977,0,0,0
14.977499999999999,0,0,0
14.978,0,0,0
14.9785,0,0,0
14.978999999999999,0,0,0
14.9795,0,0,0
14.98,0,0,0
14.980499999999999,0,0,0
14.981,0,0,0
14.9815,0,0,0
14.981999999999999,0,0,0
14.9825,0,0,0
14.983000000000001,0,0,0
14.983499999999999,0,0,0
14.984,0,0,0
14.984500000000001,0,0,0
14.984999999999999,0,0,0
14.9855,0,0,0
14.986000000000001,0,0,0
14.986499999999999,0,0,0
14.987,0,0,0
14.987500000000001,0,0,0
14.988,0,0,0
14.9885,0,0,0
14.989000000000001,0,0,0
14.9895,0,0,0
14.99,0,0,0
14.990500000000001,0,0,0
14.991,0,0,0
14.9915,0,0,0
14.992000000000001,0,0,0
14.9925,0,0,0
14.993,0,0,0
14.993499999999999,0,0,0
14.994,0,0,0
14.9945,0,0,0
14.994999999999999,0,0,0
14.9955,0,0,0
14.996,0,0,0
14.996499999999999,0,0,0
14.997,0,0,0
14.9975,0,0,0
14.997999999999999,0,0,0
14.9985,0,0,0
14.999000000000001,0,0,0
14.999499999999999,0,0,0
15,0,0,0
15.000500000000001,0,0,0
15.000999999999999,0,0,0
15.0015,0,0,0
15.002000000000001,0,0,0
15.0025,0,0,0
15.003,0,0,0
15.003500000000001,0,0,0
15.004,0,0,0
15.0045,0,0,0
15.005000000000001,0,0,0
15.0055,0,0,0
15.006,0,0,0
15.006500000000001,0,0,0
15.007,0,0,0
15.0075,0,0,0
15.007999999999999,0,0,0
15.0085,0,0,0
15.009,0,0,0
15.009499999999999,0,0,0
15.01,0,0,0
15.0105,0,0,0
15.010999999999999,0,0,0
15.0115,0,0,0
15.012,0,0,0
15.012499999999999,0,0,0
15.013,0,0,0
15.013500000000001,0,0,0
15.013999999999999,0,0,0
15.0145,0,0,0
15.015000000000001,0,0,0
15.015499999999999,0,0,0
15.016,0,0,0
15.016500000000001,0,0,0
15.016999999999999,0,0,0
15.0175,0,0,0
15.018000000000001,0,0,0
15.0185,0,0,0
15.019,0,0,0
15.019500000000001,0,0,0
15.02,0,0,0
15.0205,0,0,0
15.021000000000001,0,0,0
15.0215,0,0,0
15.022,0,0,0
15.022500000000001,0,0,0
15.023,0,0,0
15.0235,0,0,0
15.023999999999999,0,0,0
15.0245,0,0,0
15.025,0,0,0
15.025499999999999,0,0,0
15.026,0,0,0
15.0265,0,0,0
15.026999999999999,0,0,0
15.0275,0,0,0
15.028,0,0,0
15.028499999999999,0,0,0
15.029,0,0,0
15.029500000000001,0,0,0
15.029999999999999,0,0,0
15.0305,0,0,0
15.031000000000001,0,0,0
15.031499999999999,0,0,0
15.032,0,0,0
15.032500000000001,0,0,0
15.032999999999999,0,0,0
15.0335,0,0,0
15.034000000000001,0,0,0
15.0345,0,0,0
15.035,0,0,0
15.035500000000001,0,0,0
15.036,0,0,0
15.0365,0,0,0
15.037000000000001,0,0,0
15.0375,0,0,0
15.038,0,0,0
15.038500000000001,0,0,0
15.039,0,0,0
15.0395,0,0,0
15.039999999999999,0,0,0
15.0405,0,0,0
15.041,0,0,0
15.041499999999999,0,0,0
15.042,0,0,0
15.0425,0,0,0
15.042999999999999,0,0,0
15.0435,0,0,0
15.044,0,0,0
15.044499999999999,0,0,0
15.045,0,0,0
15.045500000000001,0,0,0
15.045999999999999,0,0,0
15.0465,0,0,0
15.047000000000001,0,0,0
15.047499999999999,0,0,0
15.048,0,0,0
15.048500000000001,0,0,0
15.048999999999999,0,0,0
15.0495,0,0,0
15.050000000000001,0,0,0
15.0505,0,0,0
15.051,0,0,0
15.051500000000001,0,0,0
15.052,0,0,0
15.0525,0,0,0
15.053000000000001,0,0,0
15.0535,0,0,0
15.054,0,0,0
15.054500000000001,0,0,0
15.055,0,0,0
15.0555,0,0,0
15.055999999999999,0,0,0
15.0565,0,0,0
15.057,0,0,0
15.057499999999999,0,0,0
15.058,0,0,0
15.0585,0,0,0
15.058999999999999,0,0,0
15.0595,0,0,0
15.06,0,0,0
15.060499999999999,0,0,0
15.061,0,0,0
15.061500000000001,0,0,0
15.061999999999999,0,0,0
15.0625,0,0,0
15.063000000000001,0,0,0
15.063499999999999,0,0,0
15.064,0,0,0
15.064500000000001,0,0,0
15.065,0,0,0
15.0655,0,0,0
15.066000000000001,0,0,0
15.0665,0,0,0
15.067,0,0,0
15.067500000000001,0,0,0
15.068,0,0,0
15.0685,0,0,0
15.069000000000001,0,0,0
15.0695,0,0,0
15.07,0,0,0
15.070499999999999,0,0,0
15.071,0,0,0
15.0715,0,0,0
15.071999999999999,0,0,0
15.0725,0,0,0
15.073,0,0,0
15.073499999999999,0,0,0
15.074,0,0,0
15.0745,0,0,0
15.074999999999999,0,0,0
15.0755,0,0,0
15.076000000000001,0,0,0
15.076499999999999,0,0,0
15.077,0,0,0
15.077500000000001,0,0,0
15.077999999999999,0,0,0
15.0785,0,0,0
15.079000000000001,0,0,0
15.079499999999999,0,0,0
15.08,0,0,0
15.080500000000001,0,0,0
15.081,0,0,0
15.0815,0,0,0
15.082000000000001,0,0,0
15.0825,0,0,0
15.083,0,0,0
15.083500000000001,0,0,0
15.084,0,0,0
15.0845,0,0,0
15.085000000000001,0,0,0
15.0855,0,0,0
15.086,0,0,0
15.086499999999999,0,0,0
15.087,0,0,0
15.0875,0,0,0
15.087999999999999,0,0,0
15.0885,0,0,0
15.089,0,0,0
15.089499999999999,0,0,0
15.09,0,0,0
15.0905,0,0,0
15.090999999999999,0,0,0
15.0915,0,0,0
15.092000000000001,0,0,0
15.092499999999999,0,0,0
15.093,0,0,0
15.093500000000001,0,0,0
15.093999999999999,0,0,0
15.0945,0,0,0
15.095000000000001,0,0,0
15.095499999999999,0,0,0
15.096,0,0,0
15.096500000000001,0,0,0
15.097,0,0,0
15.0975,0,0,0
15.098000000000001,0,0,0
15.0985,0,0,0
15.099,0,0,0
15.099500000000001,0,0,0
15.1,0,0,0
15.1005,0,0,0
15.101000000000001,0,0,0
15.1015,0,0,0
15.102,0,0,0
15.102499999999999,0,0,0
15.103,0,0,0
15.1035,0,0,0
15.103999999999999,0,0,0
15.1045,0,0,0
15.105,0,0,0
15.105499999999999,0,0,0
15.106,0,0,0
15.1065,0,0,0
15.106999999999999,0,0,0
15.1075,0,0,0
15.108000000000001,0,0,0
15.108499999999999,0,0,0
15.109,0,0,0
15.109500000000001,0,0,0
15.109999999999999,0,0,0
15.1105,0,0,0
15.111000000000001,0,0,0
15.111499999999999,0,0,0
15.112,0,0,0
15.112500000000001,0,0,0
15.113,0,0,0
15.1135,0,0,0
15.114000000000001,0,0,0
15.1145,0,0,0
15.115,0,0,0
15.115500000000001,0,0,0
15.116,0,0,0
15.1165,0,0,0
15.117000000000001,0,0,0
15.1175,0,0,0
15.118,0,0,0
15.118499999999999,0,0,0
15.119,0,0,0
15.1195,0,0,0
15.119999999999999,0,0,0
15.1205,0,0,0
15.121,0,0,0
15.121499999999999,0,0,0
15.122,0,0,0
15.1225,0,0,0
15.122999999999999,0,0,0
15.1235,0,0,0
15.124000000000001,0,0,0
15.124499999999999,0,0,0
15.125,0,0,0
15.125500000000001,0,0,0
15.125999999999999,0,0,0
15.1265,0,0,0
15.127000000000001,0,0,0
15.1275,0,0,0
15.128,0,0,0
15.128500000000001,0,0,0
15.129,0,0,0
15.1295,0,0,0
15.130000000000001,0,0,0
15.1305,0,0,0
15.131,0,0,0
15.131500000000001,0,0,0
15.132,0,0,0
15.1325,0,0,0
15.132999999999999,0,0,0
15.1335,0,0,0
15.134,0,0,0
15.134499999999999,0,0,0
15.135,0,0,0
15.1355,0,0,0
15.135999999999999,0,0,0
15.1365,0,0,0
15.137,0,0,0
15.137499999999999,0,0,0
15.138,0,0,0
15.138500000000001,0,0,0
15.138999999999999,0,0,0
15.1395,0,0,0
15.140000000000001,0,0,0
15.140499999999999,0,0,0
15.141,0,0,0
15.141500000000001,0,0,0
15.141999999999999,0,0,0
15.1425,0,0,0
15.143000000000001,0,0,0
15.1435,0,0,0
15.144,0,0,0
15.144500000000001,0,0,0
15.145,0,0,0
15.1455,0,0,0
15.146000000000001,0,0,0
15.1465,0,0,0
15.147,0,0,0
15.147500000000001,0,0,0
15.148,0,0,0
15.1485,0,0,0
15.148999999999999,0,0,0
15.1495,0,0,0
15.15,0,0,0
15.150499999999999,0,0,0
15.151,0,0,0
15.1515,0,0,0
15.151999999999999,0,0,0
15.1525,0,0,0
15.153,0,0,0
15.153499999999999,0,0,0
15.154,0,0,0
15.154500000000001,0,0,0
15.154999999999999,0,0,0
15.1555,0,0,0
15.156000000000001,0,0,0
15.156499999999999,0,0,0
15.157,0,0,0
15.157500000000001,0,0,0
15.157999999999999,0,0,0
15.1585,0,0,0
15.159000000000001,0,0,0
15.1595,0,0,0
15.16,0,0,0
15.160500000000001,0,0,0
15.161,0,0,0
15.1615,0,0,0
15.162000000000001,0,0,0
15.1625,0,0,0
15.163,0,0,0
15.163500000000001,0,0,0
15.164,0,0,0
15.1645,0,0,0
15.164999999999999,0,0,0
15.1655,0,0,0
15.166,0,0,0
15.166499999999999,0,0,0
15.167,0,0,0
15.1675,0,0,0
15.167999999999999,0,0,0
15.1685,0,0,0
15.169,0,0,0
15.169499999999999,0,0,0
15.17,0,0,0
15.170500000000001,0,0,0
15.170999999999999,0,0,0
15.1715,0,0,0
15.172000000000001,0,0,0
15.172499999999999,0,0,0
15.173,0,0,0
15.173500000000001,0,0,0
15.173999999999999,0,0,0
15.1745,0,0,0
15.175000000000001,0,0,0
15.1755,0,0,0
15.176,0,0,0
15.176500000000001,0,0,0
15.177,0,0,0
15.1775,0,0,0
15.178000000000001,0,0,0
15.1785,0,0,0
15.179,0,0,0
15.179500000000001,0,0,0
15.18,0,0,0
15.1805,0,0,0
15.180999999999999,0,0,0
15.1815,0,0,0
15.182,0,0,0
15.182499999999999,0,0,0
15.183,0,0,0
15.1835,0,0,0
15.183999999999999,0,0,0
15.1845,0,0,0
15.185,0,0,0
15.185499999999999,0,0,0
15.186,0,0,0
15.186500000000001,0,0,0
15.186999999999999,0,0,0
15.1875,0,0,0
15.188000000000001,0,0,0
15.188499999999999,0,0,0
15.189,0,0,0
15.189500000000001,0,0,0
15.19,0,0,0
15.1905,0,0,0
15.191000000000001,0,0,0
15.1915,0,0,0
15.192,0,0,0
15.192500000000001,0,0,0
15.193,0,0,0
15.1935,0,0,0
15.194000000000001,0,0,0
15.1945,0,0,0
15.195,0,0,0
15.195499999999999,0,0,0
15.196,0,0,0
15.1965,0,0,0
15.196999999999999,0,0,0
15.1975,0,0,0
15.198,0,0,0
15.198499999999999,0,0,0
15.199,0,0,0
15.1995,0,0,0
15.199999999999999,0,0,0
15.2005,0,0,0
15.201000000000001,0,0,0
15.201499999999999,0,0,0
15.202,0,0,0
15.202500000000001,0,0,0
15.202999999999999,0,0,0
15.2035,0,0,0
15.204000000000001,0,0,0
15.204499999999999,0,0,0
15.205,0,0,0
15.205500000000001,0,0,0
15.206,0,0,0
15.2065,0,0,0
15.207000000000001,0,0,0
15.2075,0,0,0
15.208,0,0,0
15.208500000000001,0,0,0
15.209,0,0,0
15.2095,0,0,0
15.210000000000001,0,0,0
15.2105,0,0,0
15.211,0,0,0
15.211499999999999,0,0,0
15.212,0,0,0
15.2125,0,0,0
15.212999999999999,0,0,0
15.2135,0,0,0
15.214,0,0,0
15.214499999999999,0,0,0
15.215,0,0,0
15.2155,0,0,0
15.215999999999999,0,0,0
15.2165,0,0,0
15.217000000000001,0,0,0
15.217499999999999,0,0,0
15.218,0,0,0
15.218500000000001,0,0,0
15.218999999999999,0,0,0
15.2195,0,0,0
15.220000000000001,0,0,0
15.220499999999999,0,0,0
15.221,0,0,0
15.221500000000001,0,0,0
15.222,0,0,0
15.2225,0,0,0
15.223000000000001,0,0,0
15.2235,0,0,0
15.224,0,0,0
15.224500000000001,0,0,0
15.225,0,0,0
15.2255,0,0,0
15.226000000000001,0,0,0
15.2265,0,0,0
15.227,0,0,0
15.227499999999999,0,0,0
15.228,0,0,0
15.2285,0,0,0
15.228999999999999,0,0,0
15.2295,0,0,0
15.23,0,0,0
15.230499999999999,0,0,0
15.231,0,0,0
15.2315,0,0,0
15.231999999999999,0,0,0
15.2325,0,0,0
15.233000000000001,0,0,0
15.233499999999999,0,0,0
15.234,0,0,0
15.234500000000001,0,0,0
15.234999999999999,0,0,0
15.2355,0,0,0
15.236000000000001,0,0,0
15.236499999999999,0,0,0
15.237,0,0,0
15.237500000000001,0,0,0
15.238,0,0,0
15.2385,0,0,0
15.239000000000001,0,0,0
15.2395,0,0,0
15.24,0,0,0
15.240500000000001,0,0,0
15.241,0,0,0
15.2415,0,0,0
15.242000000000001,0,0,0
15.2425,0,0,0
15.243,0,0,0
15.243499999999999,0,0,0
15.244,0,0,0
15.2445,0,0,0
15.244999999999999,0,0,0
15.2455,0,0,0
15.246,0,0,0
15.246499999999999,0,0,0
15.247,0,0,0
15.2475,0,0,0
15.247999999999999,0,0,0
15.2485,0,0,0
15.249000000000001,0,0,0
15.249499999999999,0,0,0
15.25,0,0,0
15.250500000000001,0,0,0
15.250999999999999,0,0,0
15.2515,0,0,0
15.252000000000001,0,0,0
15.2525,0,0,0
15.253,0,0,0
15.253500000000001,0,0,0
15.254,0,0,0
15.2545,0,0,0
15.255000000000001,0,0,0
15.2555,0,0,0
15.256,0,0,0
15.256500000000001,0,0,0
15.257,0,0,0
15.2575,0,0,0
15.257999999999999,0,0,0
15.2585,0,0,0
15.259,0,0,0
15.259499999999999,0,0,0
15.26,0,0,0
15.2605,0,0,0
15.260999999999999,0,0,0
15.2615,0,0,0
15.262,0,0,0
15.262499999999999,0,0,0
15.263,0,0,0
15.263500000000001,0,0,0
15.263999999999999,0,0,0
15.2645,0,0,0
15.265000000000001,0,0,0
15.265499999999999,0,0,0
15.266,0,0,0
15.266500000000001,0,0,0
15.266999999999999,0,0,0
15.2675,0,0,0
15.268000000000001,0,0,0
15.2685,0,0,0
15.269,0,0,0
15.269500000000001,0,0,0
15.27,0,0,0
15.2705,0,0,0
15.271000000000001,0,0,0
15.2715,0,0,0
15.272,0,0,0
15.272500000000001,0,0,0
15.273,0,0,0
15.2735,0,0,0
15.273999999999999,0,0,0
15.2745,0,0,0
15.275,0,0,0
15.275499999999999,0,0,0
15.276,0,0,0
15.2765,0,0,0
15.276999999999999,0,0,0
15.2775,0,0,0
15.278,0,0,0
15.278499999999999,0,0,0
15.279,0,0,0
15.279500000000001,0,0,0
15.279999999999999,0,0,0
15.2805,0,0,0
15.281000000000001,0,0,0
15.281499999999999,0,0,0
15.282,0,0,0
15.282500000000001,0,0,0
15.282999999999999,0,0,0
15.2835,0,0,0
15.284000000000001,0,0,0
15.2845,0,0,0
15.285,0,0,0
15.285500000000001,0,0,0
15.286,0,0,0
15.2865,0,0,0
15.287000000000001,0,0,0
15.2875,0,0,0
15.288,0,0,0
15.288500000000001,0,0,0
15.289,0,0,0
15.2895,0,0,0
15.289999999999999,0,0,0
15.2905,0,0,0
15.291,0,0,0
15.291499999999999,0,0,0
15.292,0,0,0
15.2925,0,0,0
15.292999999999999,0,0,0
15.2935,0,0,0
15.294,0,0,0
15.294499999999999,0,0,0
15.295,0,0,0
15.295500000000001,0,0,0
15.295999999999999,0,0,0
15.2965,0,0,0
15.297000000000001,0,0,0
15.297499999999999,0,0,0
15.298,0,0,0
15.298500000000001,0,0,0
15.298999999999999,0,0,0
15.2995,0,0,0
15.300000000000001,0,0,0
15.3005,0,0,0
15.301,0,0,0
15.301500000000001,0,0,0
15.302,0,0,0
15.3025,0,0,0
15.303000000000001,0,0,0
15.3035,0,0,0
15.304,0,0,0
15.304500000000001,0,0,0
15.305,0,0,0
15.3055,0,0,0
15.305999999999999,0,0,0
15.3065,0,0,0
15.307,0,0,0
15.307499999999999,0,0,0
15.308,0,0,0
15.3085,0,0,0
15.308999999999999,0,0,0
15.3095,0,0,0
15.31,0,0,0
15.310499999999999,0,0,0
15.311,0,0,0
15.311500000000001,0,0,0
15.311999999999999,0,0,0
15.3125,0,0,0
15.313000000000001,0,0,0
15.313499999999999,0,0,0
15.314,0,0,0
15.314500000000001,0,0,0
15.315,0,0,0
15.3155,0,0,0
15.316000000000001,0,0,0
15.3165,0,0,0
15.317,0,0,0
15.317500000000001,0,0,0
15.318,0,0,0
15.3185,0,0,0
15.319000000000001,0,0,0
15.3195,0,0,0
15.32,0,0,0
15.320499999999999,0,0,0
15.321,0,0,0
15.3215,0,0,0
15.321999999999999,0,0,0
15.3225,0,0,0
15.323,0,0,0
15.323499999999999,0,0,0
15.324,0,0,0
15.3245,0,0,0
15.324999999999999,0,0,0
15.3255,0,0,0
15.326000000000001,0,0,0
15.326499999999999,0,0,0
15.327,0,0,0
15.327500000000001,0,0,0
15.327999999999999,0,0,0
15.3285,0,0,0
15.329000000000001,0,0,0
15.329499999999999,0,0,0
15.33,0,0,0
15.330500000000001,0,0,0
15.331,0,0,0
15.3315,0,0,0
15.332000000000001,0,0,0
15.3325,0,0,0
15.333,0,0,0
15.333500000000001,0,0,0
15.334,0,0,0
15.3345,0,0,0
15.335000000000001,0,0,0
15.3355,0,0,0
15.336,0,0,0
15.336499999999999,0,0,0
15.337,0,0,0
15.3375,0,0,0
15.337999999999999,0,0,0
15.3385,0,0,0
15.339,0,0,0
15.339499999999999,0,0,0
15.34,0,0,0
15.3405,0,0,0
15.340999999999999,0,0,0
15.3415,0,0,0
15.342000000000001,0,0,0
15.342499999999999,0,0,0
15.343,0,0,0
15.343500000000001,0,0,0
15.343999999999999,0,0,0
15.3445,0,0,0
15.345000000000001,0,0,0
15.345499999999999,0,0,0
15.346,0,0,0
15.346500000000001,0,0,0
15.347,0,0,0
15.3475,0,0,0
15.348000000000001,0,0,0
15.3485,0,0,0
15.349,0,0,0
15.349500000000001,0,0,0
15.35,0,0,0
15.3505,0,0,0
15.351000000000001,0,0,0
15.3515,0,0,0
15.352,0,0,0
15.352499999999999,0,0,0
15.353,0,0,0
15.3535,0,0,0
15.353999999999999,0,0,0
15.3545,0,0,0
15.355,0,0,0
15.355499999999999,0,0,0
15.356,0,0,0
15.3565,0,0,0
15.356999999999999,0,0,0
15.3575,0,0,0
15.358000000000001,0,0,0
15.358499999999999,0,0,0
15.359,0,0,0
15.359500000000001,0,0,0
15.359999999999999,0,0,0
15.3605,0,0,0
15.361000000000001,0,0,0
15.361499999999999,0,0,0
15.362,0,0,0
15.362500000000001,0,0,0
15.363,0,0,0
15.3635,0,0,0
15.364000000000001,0,0,0
15.3645,0,0,0
15.365,0,0,0
15.365500000000001,0,0,0
15.366,0,0,0
15.3665,0,0,0
15.367000000000001,0,0,0
15.3675,0,0,0
15.368,0,0,0
15.368499999999999,0,0,0
15.369,0,0,0
15.3695,0,0,0
15.369999999999999,0,0,0
15.3705,0,0,0
15.371,0,0,0
15.371499999999999,0,0,0
15.372,0,0,0
15.3725,0,0,0
15.372999999999999,0,0,0
15.3735,0,0,0
15.374000000000001,0,0,0
15.374499999999999,0,0,0
15.375,0,0,0
15.375500000000001,0,0,0
15.375999999999999,0,0,0
15.3765,0,0,0
15.377000000000001,0,0,0
15.3775,0,0,0
15.378,0,0,0
15.378500000000001,0,0,0
15.379,0,0,0
15.3795,0,0,0
15.380000000000001,0,0,0
15.3805,0,0,0
15.381,0,0,0
15.381500000000001,0,0,0
15.382,0,0,0
15.3825,0,0,0
15.382999999999999,0,0,0
15.3835,0,0,0
15.384,0,0,0
15.384499999999999,0,0,0
15.385,0,0,0
15.3855,0,0,0
15.385999999999999,0,0,0
15.3865,0,0,0
15.387,0,0,0
15.387499999999999,0,0,0
15.388,0,0,0
15.388500000000001,0,0,0
15.388999999999999,0,0,0
15.3895,0,0,0
15.390000000000001,0,0,0
15.390499999999999,0,0,0
15.391,0,0,0
15.391500000000001,0,0,0
15.391999999999999,0,0,0
15.3925,0,0,0
15.393000000000001,0,0,0
15.3935,0,0,0
15.394,0,0,0
15.394500000000001,0,0,0
15.395,0,0,0
15.3955,0,0,0
15.396000000000001,0,0,0
15.3965,0,0,0
15.397,0,0,0
15.397500000000001,0,0,0
15.398,0,0,0
15.3985,0,0,0
15.398999999999999,0,0,0
15.3995,0,0,0
15.4,0,0,0
15.400499999999999,0,0,0
15.401,0,0,0
15.4015,0,0,0
15.401999999999999,0,0,0
15.4025,0,0,0
15.403,0,0,0
15.403499999999999,0,0,0
15.404,0,0,0
15.404500000000001,0,0,0
15.404999999999999,0,0,0
15.4055,0,0,0
15.406000000000001,0,0,0
15.406499999999999,0,0,0
15.407,0,0,0
15.407500000000001,0,0,0
15.407999999999999,0,0,0
15.4085,0,0,0
15.409000000000001,0,0,0
15.4095,0,0,0
15.41,0,0,0
15.410500000000001,0,0,0
15.411,0,0,0
15.4115,0,0,0
15.412000000000001,0,0,0
15.4125,0,0,0
15.413,0,0,0
15.413500000000001,0,0,0
15.414,0,0,0
15.4145,0,0,0
15.414999999999999,0,0,0
15.4155,0,0,0
15.416,0,0,0
15.416499999999999,0,0,0
15.417,0,0,0
15.4175,0,0,0
15.417999999999999,0,0,0
15.4185,0,0,0
15.419,0,0,0
15.419499999999999,0,0,0
15.42,0,0,0
15.420500000000001,0,0,0
15.420999999999999,0,0,0
15.4215,0,0,0
15.422000000000001,0,0,0
15.422499999999999,0,0,0
15.423,0,0,0
15.423500000000001,0,0,0
15.423999999999999,0,0,0
15.4245,0,0,0
15.425000000000001,0,0,0
15.4255,0,0,0
15.426,0,0,0
15.426500000000001,0,0,0
15.427,0,0,0
15.4275,0,0,0
15.428000000000001,0,0,0
15.4285,0,0,0
15.429,0,0,0
15.429500000000001,0,0,0
15.43,0,0,0
15.4305,0,0,0
15.430999999999999,0,0,0
15.4315,0,0,0
15.432,0,0,0
15.432499999999999,0,0,0
15.433,0,0,0
15.4335,0,0,0
15.433999999999999,0,0,0
15.4345,0,0,0
15.435,0,0,0
15.435499999999999,0,0,0
15.436,0,0,0
15.436500000000001,0,0,0
15.436999999999999,0,0,0
15.4375,0,0,0
15.438000000000001,0,0,0
15.438499999999999,0,0,0
15.439,0,0,0
15.439500000000001,0,0,0
15.44,0,0,0
15.4405,0,0,0
15.441000000000001,0,0,0
15.4415,0,0,0
15.442,0,0,0
15.442500000000001,0,0,0
15.443,0,0,0
15.4435,0,0,0
15.444000000000001,0,0,0
15.4445,0,0,0
15.445,0,0,0
15.445499999999999,0,0,0
15.446,0,0,0
15.4465,0,0,0
15.446999999999999,0,0,0
15.4475,0,0,0
15.448,0,0,0
15.448499999999999,0,0,0
15.449,0,0,0
15.4495,0,0,0
15.449999999999999,0,0,0
15.4505,0,0,0
15.451000000000001,0,0,0
15.451499999999999,0,0,0
15.452,0,0,0
15.452500000000001,0,0,0
15.452999999999999,0,0,0
15.4535,0,0,0
15.454000000000001,0,0,0
15.454499999999999,0,0,0
15.455,0,0,0
15.455500000000001,0,0,0
15.456,0,0,0
15.4565,0,0,0
15.457000000000001,0,0,0
15.4575,0,0,0
15.458,0,0,0
15.458500000000001,0,0,0
15.459,0,0,0
15.4595,0,0,0
15.460000000000001,0,0,0
15.4605,0,0,0
15.461,0,0,0
15.461499999999999,0,0,0
15.462,0,0,0
15.4625,0,0,0
15.462999999999999,0,0,0
15.4635,0,0,0
15.464,0,0,0
15.464499999999999,0,0,0
15.465,0,0,0
15.4655,0,0,0
15.465999999999999,0,0,0
15.4665,0,0,0
15.467000000000001,0,0,0
15.467499999999999,0,0,0
15.468,0,0,0
15.468500000000001,0,0,0
15.468999999999999,0,0,0
15.4695,0,0,0
15.470000000000001,0,0,0
15.470499999999999,0,0,0
15.471,0,0,0
15.471500000000001,0,0,0
15.472,0,0,0
15.4725,0,0,0
15.473000000000001,0,0,0
15.4735,0,0,0
15.474,0,0,0
15.474500000000001,0,0,0
15.475,0,0,0
15.4755,0,0,0
15.476000000000001,0,0,0
15.4765,0,0,0
15.477,0,0,0
15.477499999999999,0,0,0
15.478,0,0,0
15.4785,0,0,0
15.478999999999999,0,0,0
15.4795,0,0,0
15.48,0,0,0
15.480499999999999,0,0,0
15.481,0,0,0
15.4815,0,0,0
15.481999999999999,0,0,0
15.4825,0,0,0
15.483000000000001,0,0,0
15.483499999999999,0,0,0
15.484,0,0,0
15.484500000000001,0,0,0
15.484999999999999,0,0,0
15.4855,0,0,0
15.486000000000001,0,0,0
15.486499999999999,0,0,0
15.487,0,0,0
15.487500000000001,0,0,0
15.488,0,0,0
15.4885,0,0,0
15.489000000000001,0,0,0
15.4895,0,0,0
15.49,0,0,0
15.490500000000001,0,0,0
15.491,0,0,0
15.4915,0,0,0
15.492000000000001,0,0,0
15.4925,0,0,0
15.493,0,0,0
15.493499999999999,0,0,0
15.494,0,0,0
15.4945,0,0,0
15.494999999999999,0,0,0
15.4955,0,0,0
15.496,0,0,0
15.496499999999999,0,0,0
15.497,0,0,0
15.4975,0,0,0
15.497999999999999,0,0,0
15.4985,0,0,0
15.499000000000001,0,0,0
15.499499999999999,0,0,0
15.5,0,0,0
15.500500000000001,0,0,0
15.500999999999999,0,0,0
15.5015,0,0,0
15.502000000000001,0,0,0
15.5025,0,0,0
15.503,0,0,0
15.503500000000001,0,0,0
15.504,0,0,0
15.5045,0,0,0
15.505000000000001,0,0,0
15.5055,0,0,0
15.506,0,0,0
15.506500000000001,0,0,0
15.507,0,0,0
15.5075,0,0,0
15.507999999999999,0,0,0
15.5085,0,0,0
15.509,0,0,0
15.509499999999999,0,0,0
15.51,0,0,0
15.5105,0,0,0
15.510999999999999,0,0,0
15.5115,0,0,0
15.512,0,0,0
15.512499999999999,0,0,0
15.513,0,0,0
15.513500000000001,0,0,0
15.513999999999999,0,0,0
15.5145,0,0,0
15.515000000000001,0,0,0
15.515499999999999,0,0,0
15.516,0,0,0
15.516500000000001,0,0,0
15.516999999999999,0,0,0
15.5175,0,0,0
15.518000000000001,0,0,0
15.5185,0,0,0
15.519,0,0,0
15.519500000000001,0,0,0
15.52,0,0,0
15.5205,0,0,0
15.521000000000001,0,0,0
15.5215,0,0,0
15.522,0,0,0
15.522500000000001,0,0,0
15.523,0,0,0
15.5235,0,0,0
15.523999999999999,0,0,0
15.5245,0,0,0
15.525,0,0,0
15.525499999999999,0,0,0
15.526,0,0,0
15.5265,0,0,0
15.526999999999999,0,0,0
15.5275,0,0,0
15.528,0,0,0
15.528499999999999,0,0,0
15.529,0,0,0
15.529500000000001,0,0,0
15.529999999999999,0,0,0
15.5305,0,0,0
15.531000000000001,0,0,0
15.531499999999999,0,0,0
15.532,0,0,0
15.532500000000001,0,0,0
15.532999999999999,0,0,0
15.5335,0,0,0
15.534000000000001,0,0,0
15.5345,0,0,0
15.535,0,0,0
15.535500000000001,0,0,0
15.536,0,0,0
15.5365,0,0,0
15.537000000000001,0,0,0
15.5375,0,0,0
15.538,0,0,0
15.538500000000001,0,0,0
15.539,0,0,0
15.5395,0,0,0
15.539999999999999,0,0,0
15.5405,0,0,0
15.541,0,0,0
15.541499999999999,0,0,0
15.542,0,0,0
15.5425,0,0,0
15.542999999999999,0,0,0
15.5435,0,0,0
15.544,0,0,0
15.544499999999999,0,0,0
15.545,0,0,0
15.545500000000001,0,0,0
15.545999999999999,0,0,0
15.5465,0,0,0
15.547000000000001,0,0,0
15.547499999999999,0,0,0
15.548,0,0,0
15.548500000000001,0,0,0
15.548999999999999,0,0,0
15.5495,0,0,0
15.550000000000001,0,0,0
15.5505,0,0,0
15.551,0,0,0
15.551500000000001,0,0,0
15.552,0,0,0
15.5525,0,0,0
15.553000000000001,0,0,0
15.5535,0,0,0
15.554,0,0,0
15.554500000000001,0,0,0
15.555,0,0,0
15.5555,0,0,0
15.555999999999999,0,0,0
15.5565,0,0,0
15.557,0,0,0
15.557499999999999,0,0,0
15.558,0,0,0
15.5585,0,0,0
15.558999999999999,0,0,0
15.5595,0,0,0
15.56,0,0,0
15.560499999999999,0,0,0
15.561,0,0,0
15.561500000000001,0,0,0
15.561999999999999,0,0,0
15.5625,0,0,0
15.563000000000001,0,0,0
15.563499999999999,0,0,0
15.564,0,0,0
15.564500000000001,0,0,0
15.565,0,0,0
15.5655,0,0,0
15.566000000000001,0,0,0
15.5665,0,0,0
15.567,0,0,0
15.567500000000001,0,0,0
15.568,0,0,0
15.5685,0,0,0
15.569000000000001,0,0,0
15.5695,0,0,0
15.57,0,0,0
15.570499999999999,0,0,0
15.571,0,0,0
15.5715,0,0,0
15.571999999999999,0,0,0
15.5725,0,0,0
15.573,0,0,0
15.573499999999999,0,0,0
15.574,0,0,0
15.5745,0,0,0
15.574999999999999,0,0,0
15.5755,0,0,0
15.576000000000001,0,0,0
15.576499999999999,0,0,0
15.577,0,0,0
15.577500000000001,0,0,0
15.577999999999999,0,0,0
15.5785,0,0,0
15.579000000000001,0,0,0
15.579499999999999,0,0,0
15.58,0,0,0
15.580500000000001,0,0,0
15.581,0,0,0
15.5815,0,0,0
15.582000000000001,0,0,0
15.5825,0,0,0
15.583,0,0,0
15.583500000000001,0,0,0
15.584,0,0,0
15.5845,0,0,0
15.585000000000001,0,0,0
15.5855,0,0,0
15.586,0,0,0
15.586499999999999,0,0,0
15.587,0,0,0
15.5875,0,0,0
15.587999999999999,0,0,0
15.5885,0,0,0
15.589,0,0,0
15.589499999999999,0,0,0
15.59,0,0,0
15.5905,0,0,0
15.590999999999999,0,0,0
15.5915,0,0,0
15.592000000000001,0,0,0
15.592499999999999,0,0,0
15.593,0,0,0
15.593500000000001,0,0,0
15.593999999999999,0,0,0
15.5945,0,0,0
15.595000000000001,0,0,0
15.595499999999999,0,0,0
15.596,0,0,0
15.596500000000001,0,0,0
15.597,0,0,0
15.5975,0,0,0
15.598000000000001,0,0,0
15.5985,0,0,0
15.599,0,0,0
15.599500000000001,0,0,0
15.6,0,0,0
15.6005,0,0,0
15.601000000000001,0,0,0
15.6015,0,0,0
15.602,0,0,0
15.602499999999999,0,0,0
15.603,0,0,0
15.6035,0,0,0
15.603999999999999,0,0,0
15.6045,0,0,0
15.605,0,0,0
15.605499999999999,0,0,0
15.606,0,0,0
15.6065,0,0,0
15.606999999999999,0,0,0
15.6075,0,0,0
15.608000000000001,0,0,0
15.608499999999999,0,0,0
15.609,0,0,0
15.609500000000001,0,0,0
15.609999999999999,0,0,0
15.6105,0,0,0
15.611000000000001,0,0,0
15.611499999999999,0,0,0
15.612,0,0,0
15.612500000000001,0,0,0
15.613,0,0,0
15.6135,0,0,0
15.614000000000001,0,0,0
15.6145,0,0,0
15.615,0,0,0
15.615500000000001,0,0,0
15.616,0,0,0
15.6165,0,0,0
15.617000000000001,0,0,0
15.6175,0,0,0
15.618,0,0,0
15.618499999999999,0,0,0
15.619,0,0,0
15.6195,0,0,0
15.619999999999999,0,0,0
15.6205,0,0,0
15.621,0,0,0
15.621499999999999,0,0,0
15.622,0,0,0
15.6225,0,0,0
15.622999999999999,0,0,0
15.6235,0,0,0
15.624000000000001,0,0,0
15.624499999999999,0,0,0
15.625,0,0,0
15.625500000000001,0,0,0
15.625999999999999,0,0,0
15.6265,0,0,0
15.627000000000001,0,0,0
15.6275,0,0,0
15.628,0,0,0
15.628500000000001,0,0,0
15.629,0,0,0
15.6295,0,0,0
15.630000000000001,0,0,0
15.6305,0,0,0
15.631,0,0,0
15.631500000000001,0,0,0
15.632,0,0,0
15.6325,0,0,0
15.632999999999999,0,0,0
15.6335,0,0,0
15.634,0,0,0
15.634499999999999,0,0,0
15.635,0,0,0
15.6355,0,0,0
15.635999999999999,0,0,0
15.6365,0,0,0
15.637,0,0,0
15.637499999999999,0,0,0
15.638,0,0,0
15.638500000000001,0,0,0
15.638999999999999,0,0,0
15.6395,0,0,0
15.640000000000001,0,0,0
15.640499999999999,0,0,0
15.641,0,0,0
15.641500000000001,0,0,0
15.641999999999999,0,0,0
15.6425,0,0,0
15.643000000000001,0,0,0
15.6435,0,0,0
15.644,0,0,0
15.644500000000001,0,0,0
15.645,0,0,0
15.6455,0,0,0
15.646000000000001,0,0,0
15.6465,0,0,0
15.647,0,0,0
15.647500000000001,0,0,0
15.648,0,0,0
15.6485,0,0,0
15.648999999999999,0,0,0
15.6495,0,0,0
15.65,0,0,0
15.650499999999999,0,0,0
15.651,0,0,0
15.6515,0,0,0
15.651999999999999,0,0,0
15.6525,0,0,0
15.653,0,0,0
15.653499999999999,0,0,0
15.654,0,0,0
15.654500000000001,0,0,0
15.654999999999999,0,0,0
15.6555,0,0,0
15.656000000000001,0,0,0
15.656499999999999,0,0,0
15.657,0,0,0
15.657500000000001,0,0,0
15.657999999999999,0,0,0
15.6585,0,0,0
15.659000000000001,0,0,0
15.6595,0,0,0
15.66,0,0,0
15.660500000000001,0,0,0
15.661,0,0,0
15.6615,0,0,0
15.662000000000001,0,0,0
15.6625,0,0,0
15.663,0,0,0
15.663500000000001,0,0,0
15.664,0,0,0
15.6645,0,0,0
15.664999999999999,0,0,0
15.6655,0,0,0
15.666,0,0,0
15.666499999999999,0,0,0
15.667,0,0,0
15.6675,0,0,0
15.667999999999999,0,0,0
15.6685,0,0,0
15.669,0,0,0
15.669499999999999,0,0,0
15.67,0,0,0
15.670500000000001,0,0,0
15.670999999999999,0,0,0
15.6715,0,0,0
15.672000000000001,0,0,0
15.672499999999999,0,0,0
15.673,0,0,0
15.673500000000001,0,0,0
15.673999999999999,0,0,0
15.6745,0,0,0
15.675000000000001,0,0,0
15.6755,0,0,0
15.676,0,0,0
15.676500000000001,0,0,0
15.677,0,0,0
15.6775,0,0,0
15.678000000000001,0,0,0
15.6785,0,0,0
15.679,0,0,0
15.679500000000001,0,0,0
15.68,0,0,0
15.6805,0,0,0
15.680999999999999,0,0,0
15.6815,0,0,0
15.682,0,0,0
15.682499999999999,0,0,0
15.683,0,0,0
15.6835,0,0,0
15.683999999999999,0,0,0
15.6845,0,0,0
15.685,0,0,0
15.685499999999999,0,0,0
15.686,0,0,0
15.686500000000001,0,0,0
15.686999999999999,0,0,0
15.6875,0,0,0
15.688000000000001,0,0,0
15.688499999999999,0,0,0
15.689,0,0,0
15.689500000000001,0,0,0
15.69,0,0,0
15.6905,0,0,0
15.691000000000001,0,0,0
15.6915,0,0,0
15.692,0,0,0
15.692500000000001,0,0,0
15.693,0,0,0
15.6935,0,0,0
15.694000000000001,0,0,0
15.6945,0,0,0
15.695,0,0,0
15.695499999999999,0,0,0
15.696,0,0,0
15.6965,0,0,0
15.696999999999999,0,0,0
15.6975,0,0,0
15.698,0,0,0
15.698499999999999,0,0,0
15.699,0,0,0
15.6995,0,0,0
15.699999999999999,0,0,0
15.7005,0,0,0
15.701000000000001,0,0,0
15.701499999999999,0,0,0
15.702,0,0,0
15.702500000000001,0,0,0
15.702999999999999,0,0,0
15.7035,0,0,0
15.704000000000001,0,0,0
15.704499999999999,0,0,0
15.705,0,0,0
15.705500000000001,0,0,0
15.706,0,0,0
15.7065,0,0,0
15.707000000000001,0,0,0
15.7075,0,0,0
15.708,0,0,0
15.708500000000001,0,0,0
15.709,0,0,0
15.7095,0,0,0
15.710000000000001,0,0,0
15.7105,0,0,0
15.711,0,0,0
15.711499999999999,0,0,0
15.712,0,0,0
15.7125,0,0,0
15.712999999999999,0,0,0
15.7135,0,0,0
15.714,0,0,0
15.714499999999999,0,0,0
15.715,0,0,0
15.7155,0,0,0
15.715999999999999,0,0,0
15.7165,0,0,0
15.717000000000001,0,0,0
15.717499999999999,0,0,0
15.718,0,0,0
15.718500000000001,0,0,0
15.718999999999999,0,0,0
15.7195,0,0,0
15.720000000000001,0,0,0
15.720499999999999,0,0,0
15.721,0,0,0
15.721500000000001,0,0,0
15.722,0,0,0
15.7225,0,0,0
15.723000000000001,0,0,0
15.7235,0,0,0
15.724,0,0,0
15.724500000000001,0,0,0
15.725,0,0,0
15.7255,0,0,0
15.726000000000001,0,0,0
15.7265,0,0,0
15.727,0,0,0
15.727499999999999,0,0,0
15.728,0,0,0
15.7285,0,0,0
15.728999999999999,0,0,0
15.7295,0,0,0
15.73,0,0,0
15.730499999999999,0,0,0
15.731,0,0,0
15.7315,0,0,0
15.731999999999999,0,0,0
15.7325,0,0,0
15.733000000000001,0,0,0
15.733499999999999,0,0,0
15.734,0,0,0
15.734500000000001,0,0,0
15.734999999999999,0,0,0
15.7355,0,0,0
15.736000000000001,0,0,0
15.736499999999999,0,0,0
15.737,0,0,0
15.737500000000001,0,0,0
15.738,0,0,0
15.7385,0,0,0
15.739000000000001,0,0,0
15.7395,0,0,0
15.74,0,0,0
15.740500000000001,0,0,0
15.741,0,0,0
15.7415,0,0,0
15.742000000000001,0,0,0
15.7425,0,0,0
15.743,0,0,0
15.743499999999999,0,0,0
15.744,0,0,0
15.7445,0,0,0
15.744999999999999,0,0,0
15.7455,0,0,0
15.746,0,0,0
15.746499999999999,0,0,0
15.747,0,0,0
15.7475,0,0,0
15.747999999999999,0,0,0
15.7485,0,0,0
15.749000000000001,0,0,0
15.749499999999999,0,0,0
15.75,0,0,0
15.750500000000001,0,0,0
15.750999999999999,0,0,0
15.7515,0,0,0
15.752000000000001,0,0,0
15.7525,0,0,0
15.753,0,0,0
15.753500000000001,0,0,0
15.754,0,0,0
15.7545,0,0,0
15.755000000000001,0,0,0
15.7555,0,0,0
15.756,0,0,0
15.756500000000001,0,0,0
15.757,0,0,0
15.7575,0,0,0
15.757999999999999,0,0,0
15.7585,0,0,0
15.759,0,0,0
15.759499999999999,0,0,0
15.76,0,0,0
15.7605,0,0,0
15.760999999999999,0,0,0
15.7615,0,0,0
15.762,0,0,0
15.762499999999999,0,0,0
15.763,0,0,0
15.763500000000001,0,0,0
15.763999999999999,0,0,0
15.7645,0,0,0
15.765000000000001,0,0,0
15.765499999999999,0,0,0
15.766,0,0,0
15.766500000000001,0,0,0
15.766999999999999,0,0,0
15.7675,0,0,0
15.768000000000001,0,0,0
15.7685,0,0,0
15.769,0,0,0
15.769500000000001,0,0,0
15.77,0,0,0
15.7705,0,0,0
15.771000000000001,0,0,0
15.7715,0,0,0
15.772,0,0,0
15.772500000000001,0,0,0
15.773,0,0,0
15.7735,0,0,0
15.773999999999999,0,0,0
15.7745,0,0,0
15.775,0,0,0
15.775499999999999,0,0,0
15.776,0,0,0
15.7765,0,0,0
15.776999999999999,0,0,0
15.7775,0,0,0
15.778,0,0,0
15.778499999999999,0,0,0
15.779,0,0,0
15.779500000000001,0,0,0
15.779999999999999,0,0,0
15.7805,0,0,0
15.781000000000001,0,0,0
15.781499999999999,0,0,0
15.782,0,0,0
15.782500000000001,0,0,0
15.782999999999999,0,0,0
15.7835,0,0,0
15.784000000000001,0,0,0
15.7845,0,0,0
15.785,0,0,0
15.785500000000001,0,0,0
15.786,0,0,0
15.7865,0,0,0
15.787000000000001,0,0,0
15.7875,0,0,0
15.788,0,0,0
15.788500000000001,0,0,0
15.789,0,0,0
15.7895,0,0,0
15.789999999999999,0,0,0
15.7905,0,0,0
15.791,0,0,0
15.791499999999999,0,0,0
15.792,0,0,0
15.7925,0,0,0
15.792999999999999,0,0,0
15.7935,0,0,0
15.794,0,0,0
15.794499999999999,0,0,0
15.795,0,0,0
15.795500000000001,0,0,0
15.795999999999999,0,0,0
15.7965,0,0,0
15.797000000000001,0,0,0
15.797499999999999,0,0,0
15.798,0,0,0
15.798500000000001,0,0,0
15.798999999999999,0,0,0
15.7995,0,0,0
15.800000000000001,0,0,0
15.8005,0,0,0
15.801,0,0,0
15.801500000000001,0,0,0
15.802,0,0,0
15.8025,0,0,0
15.803000000000001,0,0,0
15.8035,0,0,0
15.804,0,0,0
15.804500000000001,0,0,0
15.805,0,0,0
15.8055,0,0,0
15.805999999999999,0,0,0
15.8065,0,0,0
15.807,0,0,0
15.807499999999999,0,0,0
15.808,0,0,0
15.8085,0,0,0
15.808999999999999,0,0,0
15.8095,0,0,0
15.81,0,0,0
15.810499999999999,0,0,0
15.811,0,0,0
15.811500000000001,0,0,0
15.811999999999999,0,0,0
15.8125,0,0,0
15.813000000000001,0,0,0
15.813499999999999,0,0,0
15.814,0,0,0
15.814500000000001,0,0,0
15.815,0,0,0
15.8155,0,0,0
15.816000000000001,0,0,0
15.8165,0,0,0
15.817,0,0,0
15.817500000000001,0,0,0
15.818,0,0,0
15.8185,0,0,0
15.819000000000001,0,0,0
15.8195,0,0,0
15.82,0,0,0
15.820499999999999,0,0,0
15.821,0,0,0
15.8215,0,0,0
15.821999999999999,0,0,0
15.8225,0,0,0
15.823,0,0,0
15.823499999999999,0,0,0
15.824,0,0,0
15.8245,0,0,0
15.824999999999999,0,0,0
15.8255,0,0,0
15.826000000000001,0,0,0
15.826499999999999,0,0,0
15.827,0,0,0
15.827500000000001,0,0,0
15.827999999999999,0,0,0
15.8285,0,0,0
15.829000000000001,0,0,0
15.829499999999999,0,0,0
15.83,0,0,0
15.830500000000001,0,0,0
15.831,0,0,0
15.8315,0,0,0
15.832000000000001,0,0,0
15.8325,0,0,0
15.833,0,0,0
15.833500000000001,0,0,0
15.834,0,0,0
15.8345,0,0,0
15.835000000000001,0,0,0
15.8355,0,0,0
15.836,0,0,0
15.836499999999999,0,0,0
15.837,0,0,0
15.8375,0,0,0
15.837999999999999,0,0,0
15.8385,0,0,0
15.839,0,0,0
15.839499999999999,0,0,0
15.84,0,0,0
15.8405,0,0,0
15.840999999999999,0,0,0
15.8415,0,0,0
15.842000000000001,0,0,0
15.842499999999999,0,0,0
15.843,0,0,0
15.843500000000001,0,0,0
15.843999999999999,0,0,0
15.8445,0,0,0
15.845000000000001,0,0,0
15.845499999999999,0,0,0
15.846,0,0,0
15.846500000000001,0,0,0
15.847,0,0,0
15.8475,0,0,0
15.848000000000001,0,0,0
15.8485,0,0,0
15.849,0,0,0
15.849500000000001,0,0,0
15.85,0,0,0
15.8505,0,0,0
15.851000000000001,0,0,0
15.8515,0,0,0
15.852,0,0,0
15.852499999999999,0,0,0
15.853,0,0,0
15.8535,0,0,0
15.853999999999999,0,0,0
15.8545,0,0,0
15.855,0,0,0
15.855499999999999,0,0,0
15.856,0,0,0
15.8565,0,0,0
15.856999999999999,0,0,0
15.8575,0,0,0
15.858000000000001,0,0,0
15.858499999999999,0,0,0
15.859,0,0,0
15.859500000000001,0,0,0
15.859999999999999,0,0,0
15.8605,0,0,0
15.861000000000001,0,0,0
15.861499999999999,0,0,0
15.862,0,0,0
15.862500000000001,0,0,0
15.863,0,0,0
15.8635,0,0,0
15.864000000000001,0,0,0
15.8645,0,0,0
15.865,0,0,0
15.865500000000001,0,0,0
15.866,0,0,0
15.8665,0,0,0
15.867000000000001,0,0,0
15.8675,0,0,0
15.868,0,0,0
15.868499999999999,0,0,0
15.869,0,0,0
15.8695,0,0,0
15.869999999999999,0,0,0
15.8705,0,0,0
15.871,0,0,0
15.871499999999999,0,0,0
15.872,0,0,0
15.8725,0,0,0
15.872999999999999,0,0,0
15.8735,0,0,0
15.874000000000001,0,0,0
15.874499999999999,0,0,0
15.875,0,0,0
15.875500000000001,0,0,0
15.875999999999999,0,0,0
15.8765,0,0,0
15.877000000000001,0,0,0
15.8775,0,0,0
15.878,0,0,0
15.878500000000001,0,0,0
15.879,0,0,0
15.8795,0,0,0
15.880000000000001,0,0,0
15.8805,0,0,0
15.881,0,0,0
15.881500000000001,0,0,0
15.882,0,0,0
15.8825,0,0,0
15.882999999999999,0,0,0
15.8835,0,0,0
15.884,0,0,0
15.884499999999999,0,0,0
15.885,0,0,0
15.8855,0,0,0
15.885999999999999,0,0,0
15.8865,0,0,0
15.887,0,0,0
15.887499999999999,0,0,0
15.888,0,0,0
15.888500000000001,0,0,0
15.888999999999999,0,0,0
15.8895,0,0,0
15.890000000000001,0,0,0
15.890499999999999,0,0,0
15.891,0,0,0
15.891500000000001,0,0,0
15.891999999999999,0,0,0
15.8925,0,0,0
15.893000000000001,0,0,0
15.8935,0,0,0
15.894,0,0,0
15.894500000000001,0,0,0
15.895,0,0,0
15.8955,0,0,0
15.896000000000001,0,0,0
15.8965,0,0,0
15.897,0,0,0
15.897500000000001,0,0,0
15.898,0,0,0
15.8985,0,0,0
15.898999999999999,0,0,0
15.8995,0,0,0
15.9,0,0,0
15.900499999999999,0,0,0
15.901,0,0,0
15.9015,0,0,0
15.901999999999999,0,0,0
15.9025,0,0,0
15.903,0,0,0
15.903499999999999,0,0,0
15.904,0,0,0
15.904500000000001,0,0,0
15.904999999999999,0,0,0
15.9055,0,0,0
15.906000000000001,0,0,0
15.906499999999999,0,0,0
15.907,0,0,0
15.907500000000001,0,0,0
15.907999999999999,0,0,0
15.9085,0,0,0
15.909000000000001,0,0,0
15.9095,0,0,0
15.91,0,0,0
15.910500000000001,0,0,0
15.911,0,0,0
15.9115,0,0,0
15.912000000000001,0,0,0
15.9125,0,0,0
15.913,0,0,0
15.913500000000001,0,0,0
15.914,0,0,0
15.9145,0,0,0
15.914999999999999,0,0,0
15.9155,0,0,0
15.916,0,0,0
15.916499999999999,0,0,0
15.917,0,0,0
15.9175,0,0,0
15.917999999999999,0,0,0
15.9185,0,0,0
15.919,0,0,0
15.919499999999999,0,0,0
15.92,0,0,0
15.920500000000001,0,0,0
15.920999999999999,0,0,0
15.9215,0,0,0
15.922000000000001,0,0,0
15.922499999999999,0,0,0
15.923,0,0,0
15.923500000000001,0,0,0
15.923999999999999,0,0,0
15.9245,0,0,0
15.925000000000001,0,0,0
15.9255,0,0,0
15.926,0,0,0
15.926500000000001,0,0,0
15.927,0,0,0
15.9275,0,0,0
15.928000000000001,0,0,0
15.9285,0,0,0
15.929,0,0,0
15.929500000000001,0,0,0
15.93,0,0,0
15.9305,0,0,0
15.930999999999999,0,0,0
15.9315,0,0,0
15.932,0,0,0
15.932499999999999,0,0,0
15.933,0,0,0
15.9335,0,0,0
15.933999999999999,0,0,0
15.9345,0,0,0
15.935,0,0,0
15.935499999999999,0,0,0
15.936,0,0,0
15.936500000000001,0,0,0
15.936999999999999,0,0,0
15.9375,0,0,0
15.938000000000001,0,0,0
15.938499999999999,0,0,0
15.939,0,0,0
15.939500000000001,0,0,0
15.94,0,0,0
15.9405,0,0,0
15.941000000000001,0,0,0
15.9415,0,0,0
15.942,0,0,0
15.942500000000001,0,0,0
15.943,0,0,0
15.9435,0,0,0
15.944000000000001,0,0,0
15.9445,0,0,0
15.945,0,0,0
15.945499999999999,0,0,0
15.946,0,0,0
15.9465,0,0,0
15.946999999999999,0,0,0
15.9475,0,0,0
15.948,0,0,0
15.948499999999999,0,0,0
15.949,0,0,0
15.9495,0,0,0
15.949999999999999,0,0,0
15.9505,0,0,0
15.951000000000001,0,0,0
15.951499999999999,0,0,0
15.952,0,0,0
15.952500000000001,0,0,0
15.952999999999999,0,0,0
15.9535,0,0,0
15.954000000000001,0,0,0
15.954499999999999,0,0,0
15.955,0,0,0
15.955500000000001,0,0,0
15.956,0,0,0
15.9565,0,0,0
15.957000000000001,0,0,0
15.9575,0,0,0
15.958,0,0,0
15.958500000000001,0,0,0
15.959,0,0,0
15.9595,0,0,0
15.960000000000001,0,0,0
15.9605,0,0,0
15.961,0,0,0
15.961499999999999,0,0,0
15.962,0,0,0
15.9625,0,0,0
15.962999999999999,0,0,0
15.9635,0,0,0
15.964,0,0,0
15.964499999999999,0,0,0
15.965,0,0,0
15.9655,0,0,0
15.965999999999999,0,0,0
15.9665,0,0,0
15.967000000000001,0,0,0
15.967499999999999,0,0,0
15.968,0,0,0
15.968500000000001,0,0,0
15.968999999999999,0,0,0
15.9695,0,0,0
15.970000000000001,0,0,0
15.970499999999999,0,0,0
15.971,0,0,0
15.971500000000001,0,0,0
15.972,0,0,0
15.9725,0,0,0
15.973000000000001,0,0,0
15.9735,0,0,0
15.974,0,0,0
15.974500000000001,0,0,0
15.975,0,0,0
15.9755,0,0,0
15.976000000000001,0,0,0
15.9765,0,0,0
15.977,0,0,0
15.977499999999999,0,0,0
15.978,0,0,0
15.9785,0,0,0
15.978999999999999,0,0,0
15.9795,0,0,0
15.98,0,0,0
15.980499999999999,0,0,0
15.981,0,0,0
15.9815,0,0,0
15.981999999999999,0,0,0
15.9825,0,0,0
15.983000000000001,0,0,0
15.983499999999999,0,0,0
15.984,0,0,0
15.984500000000001,0,0,0
15.984999999999999,0,0,0
15.9855,0,0,0
15.986000000000001,0,0,0
15.986499999999999,0,0,0
15.987,0,0,0
15.987500000000001,0,0,0
15.988,0,0,0
15.9885,0,0,0
15.989000000000001,0,0,0
15.9895,0,0,0
15.99,0,0,0
15.990500000000001,0,0,0
15.991,0,0,0
15.9915,0,0,0
15.992000000000001,0,0,0
15.9925,0,0,0
15.993,0,0,0
15.993499999999999,0,0,0
15.994,0,0,0
15.9945,0,0,0
15.994999999999999,0,0,0
15.9955,0,0,0
15.996,0,0,0
15.996499999999999,0,0,0
15.997,0,0,0
15.9975,0,0,0
15.997999999999999,0,0,0
15.9985,0,0,0
15.999000000000001,0,0,0
15.999499999999999,0,0,0
16,0,0,0
16.000499999999999,0,0,0
16.001000000000001,0,0,0
16.0015,0,0,0
16.001999999999999,0,0,0
16.002500000000001,0,0,0
16.003,0,0,0
16.003499999999999,0,0,0
16.004000000000001,0,0,0
16.0045,0,0,0
16.004999999999999,0,0,0
16.005500000000001,0,0,0
16.006,0,0,0
16.006499999999999,0,0,0
16.007000000000001,0,0,0
16.0075,0,0,0
16.007999999999999,0,0,0
16.008500000000002,0,0,0
16.009,0,0,0
16.009499999999999,0,0,0
16.010000000000002,0,0,0
16.0105,0,0,0
16.010999999999999,0,0,0
16.011500000000002,0,0,0
16.012,0,0,0
16.012499999999999,0,0,0
16.013000000000002,0,0,0
16.013500000000001,0,0,0
16.013999999999999,0,0,0
16.014500000000002,0,0,0
16.015000000000001,0,0,0
16.015499999999999,0,0,0
16.015999999999998,0,0,0
16.016500000000001,0,0,0
16.016999999999999,0,0,0
16.017499999999998,0,0,0
16.018000000000001,0,0,0
16.0185,0,0,0
16.018999999999998,0,0,0
16.019500000000001,0,0,0
16.02,0,0,0
16.020499999999998,0,0,0
16.021000000000001,0,0,0
16.0215,0,0,0
16.021999999999998,0,0,0
16.022500000000001,0,0,0
16.023,0,0,0
16.023499999999999,0,0,0
16.024000000000001,0,0,0
16.0245,0,0,0
16.024999999999999,0,0,0
16.025500000000001,0,0,0
16.026,0,0,0
16.026499999999999,0,0,0
16.027000000000001,0,0,0
16.0275,0,0,0
16.027999999999999,0,0,0
16.028500000000001,0,0,0
16.029,0,0,0
16.029499999999999,0,0,0
16.030000000000001,0,0,0
16.0305,0,0,0
16.030999999999999,0,0,0
16.031500000000001,0,0,0
16.032,0,0,0
16.032499999999999,0,0,0
16.033000000000001,0,0,0
16.0335,0,0,0
16.033999999999999,0,0,0
16.034500000000001,0,0,0
16.035,0,0,0
16.035499999999999,0,0,0
16.036000000000001,0,0,0
16.0365,0,0,0
16.036999999999999,0,0,0
16.037500000000001,0,0,0
16.038,0,0,0
16.038499999999999,0,0,0
16.039000000000001,0,0,0
16.0395,0,0,0
16.039999999999999,0,0,0
16.040500000000002,0,0,0
16.041,0,0,0
16.041499999999999,0,0,0
16.042000000000002,0,0,0
16.0425,0,0,0
16.042999999999999,0,0,0
16.043500000000002,0,0,0
16.044,0,0,0
16.044499999999999,0,0,0
16.045000000000002,0,0,0
16.045500000000001,0,0,0
16.045999999999999,0,0,0
16.046500000000002,0,0,0
16.047000000000001,0,0,0
16.047499999999999,0,0,0
16.047999999999998,0,0,0
16.048500000000001,0,0,0
16.048999999999999,0,0,0
16.049499999999998,0,0,0
16.050000000000001,0,0,0
16.0505,0,0,0
16.050999999999998,0,0,0
16.051500000000001,0,0,0
16.052,0,0,0
16.052499999999998,0,0,0
16.053000000000001,0,0,0
16.0535,0,0,0
16.053999999999998,0,0,0
16.054500000000001,0,0,0
16.055,0,0,0
16.055499999999999,0,0,0
16.056000000000001,0,0,0
16.0565,0,0,0
16.056999999999999,0,0,0
16.057500000000001,0,0,0
16.058,0,0,0
16.058499999999999,0,0,0
16.059000000000001,0,0,0
16.0595,0,0,0
16.059999999999999,0,0,0
16.060500000000001,0,0,0
16.061,0,0,0
16.061499999999999,0,0,0
16.062000000000001,0,0,0
16.0625,0,0,0
16.062999999999999,0,0,0
16.063500000000001,0,0,0
16.064,0,0,0
16.064499999999999,0,0,0
16.065000000000001,0,0,0
16.0655,0,0,0
16.065999999999999,0,0,0
16.066500000000001,0,0,0
16.067,0,0,0
16.067499999999999,0,0,0
16.068000000000001,0,0,0
16.0685,0,0,0
16.068999999999999,0,0,0
16.069500000000001,0,0,0
16.07,0,0,0
16.070499999999999,0,0,0
16.071000000000002,0,0,0
16.0715,0,0,0
16.071999999999999,0,0,0
16.072500000000002,0,0,0
16.073,0,0,0
16.073499999999999,0,0,0
16.074000000000002,0,0,0
16.0745,0,0,0
16.074999999999999,0,0,0
16.075500000000002,0,0,0
16.076000000000001,0,0,0
16.076499999999999,0,0,0
16.077000000000002,0,0,0
16.077500000000001,0,0,0
16.077999999999999,0,0,0
16.078499999999998,0,0,0
16.079000000000001,0,0,0
16.079499999999999,0,0,0
16.079999999999998,0,0,0
16.080500000000001,0,0,0
16.081,0,0,0
16.081499999999998,0,0,0
16.082000000000001,0,0,0
16.0825,0,0,0
16.082999999999998,0,0,0
16.083500000000001,0,0,0
16.084,0,0,0
16.084499999999998,0,0,0
16.085000000000001,0,0,0
16.0855,0,0,0
16.085999999999999,0,0,0
16.086500000000001,0,0,0
16.087,0,0,0
16.087499999999999,0,0,0
16.088000000000001,0,0,0
16.0885,0,0,0
16.088999999999999,0,0,0
16.089500000000001,0,0,0
16.09,0,0,0
16.090499999999999,0,0,0
16.091000000000001,0,0,0
16.0915,0,0,0
16.091999999999999,0,0,0
16.092500000000001,0,0,0
16.093,0,0,0
16.093499999999999,0,0,0
16.094000000000001,0,0,0
16.0945,0,0,0
16.094999999999999,0,0,0
16.095500000000001,0,0,0
16.096,0,0,0
16.096499999999999,0,0,0
16.097000000000001,0,0,0
16.0975,0,0,0
16.097999999999999,0,0,0
16.098500000000001,0,0,0
16.099,0,0,0
16.099499999999999,0,0,0
16.100000000000001,0,0,0
16.1005,0,0,0
16.100999999999999,0,0,0
16.101500000000001,0,0,0
16.102,0,0,0
16.102499999999999,0,0,0
16.103000000000002,0,0,0
16.1035,0,0,0
16.103999999999999,0,0,0
16.104500000000002,0,0,0
16.105,0,0,0
16.105499999999999,0,0,0
16.106000000000002,0,0,0
16.1065,0,0,0
16.106999999999999,0,0,0
16.107500000000002,0,0,0
16.108000000000001,0,0,0
16.108499999999999,0,0,0
16.109000000000002,0,0,0
16.109500000000001,0,0,0
16.109999999999999,0,0,0
16.110499999999998,0,0,0
16.111000000000001,0,0,0
16.111499999999999,0,0,0
16.111999999999998,0,0,0
16.112500000000001,0,0,0
16.113,0,0,0
16.113499999999998,0,0,0
16.114000000000001,0,0,0
16.1145,0,0,0
16.114999999999998,0,0,0
16.115500000000001,0,0,0
16.116,0,0,0
16.116499999999998,0,0,0
16.117000000000001,0,0,0
16.1175,0,0,0
16.117999999999999,0,0,0
16.118500000000001,0,0,0
16.119,0,0,0
16.119499999999999,0,0,0
16.120000000000001,0,0,0
16.1205,0,0,0
16.120999999999999,0,0,0
16.121500000000001,0,0,0
16.122,0,0,0
16.122499999999999,0,0,0
16.123000000000001,0,0,0
16.1235,0,0,0
16.123999999999999,0,0,0
16.124500000000001,0,0,0
16.125,0,0,0
16.125499999999999,0,0,0
16.126000000000001,0,0,0
16.1265,0,0,0
16.126999999999999,0,0,0
16.127500000000001,0,0,0
16.128,0,0,0
16.128499999999999,0,0,0
16.129000000000001,0,0,0
16.1295,0,0,0
16.129999999999999,0,0,0
16.130500000000001,0,0,0
16.131,0,0,0
16.131499999999999,0,0,0
16.132000000000001,0,0,0
16.1325,0,0,0
16.132999999999999,0,0,0
16.133500000000002,0,0,0
16.134,0,0,0
16.134499999999999,0,0,0
16.135000000000002,0,0,0
16.1355,0,0,0
16.135999999999999,0,0,0
16.136500000000002,0,0,0
16.137,0,0,0
16.137499999999999,0,0,0
16.138000000000002,0,0,0
16.138500000000001,0,0,0
16.138999999999999,0,0,0
16.139500000000002,0,0,0
16.140000000000001,0,0,0
16.140499999999999,0,0,0
16.140999999999998,0,0,0
16.141500000000001,0,0,0
16.141999999999999,0,0,0
16.142499999999998,0,0,0
16.143000000000001,0,0,0
16.1435,0,0,0
16.143999999999998,0,0,0
16.144500000000001,0,0,0
16.145,0,0,0
16.145499999999998,0,0,0
16.146000000000001,0,0,0
16.1465,0,0,0
16.146999999999998,0,0,0
16.147500000000001,0,0,0
16.148,0,0,0
16.148499999999999,0,0,0
16.149000000000001,0,0,0
16.1495,0,0,0
16.149999999999999,0,0,0
16.150500000000001,0,0,0
16.151,0,0,0
16.151499999999999,0,0,0
16.152000000000001,0,0,0
16.1525,0,0,0
16.152999999999999,0,0,0
16.153500000000001,0,0,0
16.154,0,0,0
16.154499999999999,0,0,0
16.155000000000001,0,0,0
16.1555,0,0,0
16.155999999999999,0,0,0
16.156500000000001,0,0,0
16.157,0,0,0
16.157499999999999,0,0,0
16.158000000000001,0,0,0
16.1585,0,0,0
16.158999999999999,0,0,0
16.159500000000001,0,0,0
16.16,0,0,0
16.160499999999999,0,0,0
16.161000000000001,0,0,0
16.1615,0,0,0
16.161999999999999,0,0,0
16.162500000000001,0,0,0
16.163,0,0,0
16.163499999999999,0,0,0
16.164000000000001,0,0,0
16.1645,0,0,0
16.164999999999999,0,0,0
16.165500000000002,0,0,0
16.166,0,0,0
16.166499999999999,0,0,0
16.167000000000002,0,0,0
16.1675,0,0,0
16.167999999999999,0,0,0
16.168500000000002,0,0,0
16.169,0,0,0
16.169499999999999,0,0,0
16.170000000000002,0,0,0
16.170500000000001,0,0,0
16.170999999999999,0,0,0
16.171500000000002,0,0,0
16.172000000000001,0,0,0
16.172499999999999,0,0,0
16.172999999999998,0,0,0
16.173500000000001,0,0,0
16.173999999999999,0,0,0
16.174499999999998,0,0,0
16.175000000000001,0,0,0
16.1755,0,0,0
16.175999999999998,0,0,0
16.176500000000001,0,0,0
16.177,0,0,0
16.177499999999998,0,0,0
16.178000000000001,0,0,0
16.1785,0,0,0
16.178999999999998,0,0,0
16.179500000000001,0,0,0
16.18,0,0,0
16.180499999999999,0,0,0
16.181000000000001,0,0,0
16.1815,0,0,0
16.181999999999999,0,0,0
16.182500000000001,0,0,0
16.183,0,0,0
16.183499999999999,0,0,0
16.184000000000001,0,0,0
16.1845,0,0,0
16.184999999999999,0,0,0
16.185500000000001,0,0,0
16.186,0,0,0
16.186499999999999,0,0,0
16.187000000000001,0,0,0
16.1875,0,0,0
16.187999999999999,0,0,0
16.188500000000001,0,0,0
16.189,0,0,0
16.189499999999999,0,0,0
16.190000000000001,0,0,0
16.1905,0,0,0
16.190999999999999,0,0,0
16.191500000000001,0,0,0
16.192,0,0,0
16.192499999999999,0,0,0
16.193000000000001,0,0,0
16.1935,0,0,0
16.193999999999999,0,0,0
16.194500000000001,0,0,0
16.195,0,0,0
16.195499999999999,0,0,0
16.196000000000002,0,0,0
16.1965,0,0,0
16.196999999999999,0,0,0
16.197500000000002,0,0,0
16.198,0,0,0
16.198499999999999,0,0,0
16.199000000000002,0,0,0
16.1995,0,0,0
16.199999999999999,0,0,0
16.200500000000002,0,0,0
16.201000000000001,0,0,0
16.201499999999999,0,0,0
16.202000000000002,0,0,0
16.202500000000001,0,0,0
16.202999999999999,0,0,0
16.203499999999998,0,0,0
16.204000000000001,0,0,0
16.204499999999999,0,0,0
16.204999999999998,0,0,0
16.205500000000001,0,0,0
16.206,0,0,0
16.206499999999998,0,0,0
16.207000000000001,0,0,0
16.2075,0,0,0
16.207999999999998,0,0,0
16.208500000000001,0,0,0
16.209,0,0,0
16.209499999999998,0,0,0
16.210000000000001,0,0,0
16.2105,0,0,0
16.210999999999999,0,0,0
16.211500000000001,0,0,0
16.212,0,0,0
16.212499999999999,0,0,0
16.213000000000001,0,0,0
16.2135,0,0,0
16.213999999999999,0,0,0
16.214500000000001,0,0,0
16.215,0,0,0
16.215499999999999,0,0,0
16.216000000000001,0,0,0
16.2165,0,0,0
16.216999999999999,0,0,0
16.217500000000001,0,0,0
16.218,0,0,0
16.218499999999999,0,0,0
16.219000000000001,0,0,0
16.2195,0,0,0
16.219999999999999,0,0,0
16.220500000000001,0,0,0
16.221,0,0,0
16.221499999999999,0,0,0
16.222000000000001,0,0,0
16.2225,0,0,0
16.222999999999999,0,0,0
16.223500000000001,0,0,0
16.224,0,0,0
16.224499999999999,0,0,0
16.225000000000001,0,0,0
16.2255,0,0,0
16.225999999999999,0,0,0
16.226500000000001,0,0,0
16.227,0,0,0
16.227499999999999,0,0,0
16.228000000000002,0,0,0
16.2285,0,0,0
16.228999999999999,0,0,0
16.229500000000002,0,0,0
16.23,0,0,0
16.230499999999999,0,0,0
16.231000000000002,0,0,0
16.2315,0,0,0
16.231999999999999,0,0,0
16.232500000000002,0,0,0
16.233000000000001,0,0,0
16.233499999999999,0,0,0
16.234000000000002,0,0,0
16.234500000000001,0,0,0
16.234999999999999,0,0,0
16.235499999999998,0,0,0
16.236000000000001,0,0,0
16.236499999999999,0,0,0
16.236999999999998,0,0,0
16.237500000000001,0,0,0
16.238,0,0,0
16.238499999999998,0,0,0
16.239000000000001,0,0,0
16.2395,0,0,0
16.239999999999998,0,0,0
16.240500000000001,0,0,0
16.241,0,0,0
16.241499999999998,0,0,0
16.242000000000001,0,0,0
16.2425,0,0,0
16.242999999999999,0,0,0
16.243500000000001,0,0,0
16.244,0,0,0
16.244499999999999,0,0,0
16.245000000000001,0,0,0
16.2455,0,0,0
16.245999999999999,0,0,0
16.246500000000001,0,0,0
16.247,0,0,0
16.247499999999999,0,0,0
16.248000000000001,0,0,0
16.2485,0,0,0
16.248999999999999,0,0,0
16.249500000000001,0,0,0
16.25,0,0,0
16.250499999999999,0,0,0
16.251000000000001,0,0,0
16.2515,0,0,0
16.251999999999999,0,0,0
16.252500000000001,0,0,0
16.253,0,0,0
16.253499999999999,0,0,0
16.254000000000001,0,0,0
16.2545,0,0,0
16.254999999999999,0,0,0
16.255500000000001,0,0,0
16.256,0,0,0
16.256499999999999,0,0,0
16.257000000000001,0,0,0
16.2575,0,0,0
16.257999999999999,0,0,0
16.258500000000002,0,0,0
16.259,0,0,0
16.259499999999999,0,0,0
16.260000000000002,0,0,0
16.2605,0,0,0
16.260999999999999,0,0,0
16.261500000000002,0,0,0
16.262,0,0,0
16.262499999999999,0,0,0
16.263000000000002,0,0,0
16.263500000000001,0,0,0
16.263999999999999,0,0,0
16.264500000000002,0,0,0
16.265000000000001,0,0,0
16.265499999999999,0,0,0
16.265999999999998,0,0,0
16.266500000000001,0,0,0
16.266999999999999,0,0,0
16.267499999999998,0,0,0
16.268000000000001,0,0,0
16.2685,0,0,0
16.268999999999998,0,0,0
16.269500000000001,0,0,0
16.27,0,0,0
16.270499999999998,0,0,0
16.271000000000001,0,0,0
16.2715,0,0,0
16.271999999999998,0,0,0
16.272500000000001,0,0,0
16.273,0,0,0
16.273499999999999,0,0,0
16.274000000000001,0,0,0
16.2745,0,0,0
16.274999999999999,0,0,0
16.275500000000001,0,0,0
16.276,0,0,0
16.276499999999999,0,0,0
16.277000000000001,0,0,0
16.2775,0,0,0
16.277999999999999,0,0,0
16.278500000000001,0,0,0
16.279,0,0,0
16.279499999999999,0,0,0
16.280000000000001,0,0,0
16.2805,0,0,0
16.280999999999999,0,0,0
16.281500000000001,0,0,0
16.282,0,0,0
16.282499999999999,0,0,0
16.283000000000001,0,0,0
16.2835,0,0,0
16.283999999999999,0,0,0
16.284500000000001,0,0,0
16.285,0,0,0
16.285499999999999,0,0,0
16.286000000000001,0,0,0
16.2865,0,0,0
16.286999999999999,0,0,0
16.287500000000001,0,0,0
16.288,0,0,0
16.288499999999999,0,0,0
16.289000000000001,0,0,0
16.2895,0,0,0
16.289999999999999,0,0,0
16.290500000000002,0,0,0
16.291,0,0,0
16.291499999999999,0,0,0
16.292000000000002,0,0,0
16.2925,0,0,0
16.292999999999999,0,0,0
16.293500000000002,0,0,1
16.294,0,0,1
16.294499999999999,0,0,0
16.295000000000002,0,0,0
16.295500000000001,0,0,0
16.295999999999999,0,0,0
16.296500000000002,0,0,0
16.297000000000001,0,0,0
16.297499999999999,0,0,0
16.297999999999998,0,0,0
16.298500000000001,0,0,0
16.298999999999999,0,0,0
16.299499999999998,0,0,0
16.300000000000001,0,0,0
16.3005,0,0,0
16.300999999999998,0,0,0
16.301500000000001,0,0,0
16.302,0,0,0
16.302499999999998,0,0,0
16.303000000000001,0,0,0
16.3035,0,0,0
16.303999999999998,0,0,0
16.304500000000001,0,0,0
16.305,0,0,0
16.305499999999999,0,0,0
16.306000000000001,0,0,0
16.3065,0,0,0
16.306999999999999,0,0,0
16.307500000000001,0,0,0
16.308,0,0,0
16.308499999999999,0,0,0
16.309000000000001,0,0,0
16.3095,0,0,0
16.309999999999999,0,0,0
16.310500000000001,0,0,0
16.311,0,0,0
16.311499999999999,0,0,0
16.312000000000001,0,0,1
16.3125,0,0,1
16.312999999999999,0,0,0
16.313500000000001,0,0,0
16.314,0,0,0
16.314499999999999,0,0,0
16.315000000000001,0,0,0
16.3155,0,0,0
16.315999999999999,0,0,0
16.316500000000001,0,0,0
16.317,0,0,0
16.317499999999999,0,0,0
16.318000000000001,0,0,0
16.3185,0,0,0
16.318999999999999,0,0,0
16.319500000000001,0,0,0
16.32,0,0,0
16.320499999999999,0,0,0
16.321000000000002,0,0,0
16.3215,0,0,0
16.321999999999999,0,0,0
16.322500000000002,0,0,0
16.323,0,0,0
16.323499999999999,0,0,0
16.324000000000002,0,0,0
16.3245,0,0,0
16.324999999999999,0,0,0
16.325500000000002,0,0,0
16.326000000000001,0,0,0
16.326499999999999,0,0,0
16.327000000000002,0,0,0
16.327500000000001,0,0,0
16.327999999999999,0,0,0
16.328499999999998,0,0,0
16.329000000000001,0,0,0
16.329499999999999,0,0,0
16.329999999999998,0,0,0
16.330500000000001,0,0,0
16.331,0,1,0
16.331499999999998,0,1,0
16.332000000000001,0,0,0
16.3325,0,0,0
16.332999999999998,0,0,0
16.333500000000001,0,0,0
16.334,0,0,0
16.334499999999998,0,0,0
16.335000000000001,0,0,0
16.3355,0,0,0
16.335999999999999,0,0,0
16.336500000000001,0,0,0
16.337,0,0,0
16.337499999999999,0,0,0
16.338000000000001,0,0,0
16.3385,0,0,0
16.338999999999999,0,0,0
16.339500000000001,0,0,0
16.34,0,0,0
16.340499999999999,0,0,0
16.341000000000001,0,0,0
16.3415,0,0,0
16.341999999999999,0,0,0
16.342500000000001,0,0,0
16.343,0,0,0
16.343499999999999,0,0,0
16.344000000000001,0,0,0
16.3445,0,0,0
16.344999999999999,0,0,0
16.345500000000001,0,0,0
16.346,0,0,0
16.346499999999999,0,0,0
16.347000000000001,0,0,0
16.3475,0,0,0
16.347999999999999,0,0,0
16.348500000000001,0,0,0
16.349,0,0,0
16.349499999999999,0,0,0
16.350000000000001,0,0,0
16.3505,0,0,0
16.350999999999999,0,0,0
16.351500000000001,0,0,0
16.352,0,0,0
16.352499999999999,0,0,0
16.353000000000002,0,0,0
16.3535,0,0,0
16.353999999999999,0,0,0
16.354500000000002,0,0,0
16.355,0,1,0
16.355499999999999,0,1,0
16.356000000000002,0,0,0
16.3565,0,0,0
16.356999999999999,0,0,0
16.357500000000002,0,0,0
16.358000000000001,0,0,0
16.358499999999999,0,0,0
16.359000000000002,0,0,0
16.359500000000001,0,0,0
16.359999999999999,0,0,0
16.360499999999998,0,0,0
16.361000000000001,0,0,0
16.361499999999999,0,0,0
16.361999999999998,0,0,0
16.362500000000001,0,0,0
16.363,0,0,0
16.363499999999998,0,0,0
16.364000000000001,0,0,0
16.3645,0,0,0
16.364999999999998,0,0,0
16.365500000000001,0,0,0
16.366,0,0,0
16.366499999999998,0,0,0
16.367000000000001,0,0,0
16.3675,0,0,0
16.367999999999999,0,0,0
16.368500000000001,0,0,0
16.369,0,0,0
16.369499999999999,0,0,0
16.370000000000001,0,0,0
16.3705,0,0,0
16.370999999999999,0,0,0
16.371500000000001,0,0,0
16.372,0,0,0
16.372499999999999,0,0,0
16.373000000000001,0,0,0
16.3735,0,0,0
16.373999999999999,0,0,0
16.374500000000001,0,0,0
16.375,0,0,0
16.375499999999999,0,0,0
16.376000000000001,0,0,0
16.3765,0,0,0
16.376999999999999,0,0,0
16.377500000000001,0,0,0
16.378,0,1,0
16.378499999999999,0,1,0
16.379000000000001,0,0,0
16.3795,0,0,0
16.379999999999999,0,0,0
16.380500000000001,0,0,0
16.381,0,0,0
16.381499999999999,0,0,0
16.382000000000001,0,0,0
16.3825,0,0,0
16.382999999999999,0,0,0
16.383500000000002,0,0,0
16.384,0,0,0
16.384499999999999,0,0,0
16.385000000000002,0,0,0
16.3855,0,0,0
16.385999999999999,0,0,0
16.386500000000002,0,0,0
16.387,0,0,0
16.387499999999999,0,0,0
16.388000000000002,0,0,0
16.388500000000001,0,0,0
16.388999999999999,0,0,0
16.389500000000002,0,0,0
16.390000000000001,0,0,0
16.390499999999999,0,0,0
16.390999999999998,0,0,0
16.391500000000001,0,0,0
16.391999999999999,0,0,0
16.392499999999998,0,0,0
16.393000000000001,0,0,0
16.3935,0,0,0
16.393999999999998,0,0,0
16.394500000000001,0,0,0
16.395,0,0,0
16.395499999999998,0,0,0
16.396000000000001,0,0,0
16.3965,0,0,0
16.396999999999998,0,0,0
16.397500000000001,0,0,0
16.398,0,0,0
16.398499999999999,0,0,0
16.399000000000001,0,0,0
16.3995,0,0,0
16.399999999999999,0,0,0
16.400500000000001,0,0,0
16.401,0,0,0
16.401499999999999,0,0,0
16.402000000000001,0,0,0
16.4025,0,0,0
16.402999999999999,0,0,0
16.403500000000001,0,0,0
16.404,0,0,0
16.404499999999999,0,0,0
16.405000000000001,0,0,0
16.4055,0,0,0
16.405999999999999,0,0,0
16.406500000000001,0,0,0
16.407,0,0,0
16.407499999999999,0,0,0
16.408000000000001,0,0,0
16.4085,0,0,0
16.408999999999999,0,0,0
16.409500000000001,0,0,0
16.41,0,0,0
16.410499999999999,0,0,0
16.411000000000001,0,0,0
16.4115,0,0,0
16.411999999999999,0,0,0
16.412500000000001,0,0,0
16.413,0,0,0
16.413499999999999,0,0,0
16.414000000000001,0,0,0
16.4145,0,0,0
16.414999999999999,0,0,0
16.415500000000002,0,0,0
16.416,0,0,0
16.416499999999999,0,0,0
16.417000000000002,0,0,0
16.4175,0,0,0
16.417999999999999,0,0,0
16.418500000000002,0,0,0
16.419,0,0,0
16.419499999999999,0,0,0
16.420000000000002,0,0,0
16.420500000000001,0,0,0
16.420999999999999,0,0,0
16.421500000000002,0,0,0
16.422000000000001,0,0,0
16.422499999999999,0,0,0
16.422999999999998,0,0,0
16.423500000000001,0,0,0
16.423999999999999,0,0,0
16.424499999999998,0,0,0
16.425000000000001,0,0,0
16.4255,0,0,0
16.425999999999998,0,0,0
16.426500000000001,0,0,0
16.427,0,0,0
16.427499999999998,0,0,0
16.428000000000001,0,0,0
16.4285,0,0,0
16.428999999999998,0,0,0
16.429500000000001,0,0,0
16.43,0,0,0
16.430499999999999,0,0,0
16.431000000000001,0,0,0
16.4315,0,0,0
16.431999999999999,0,0,0
16.432500000000001,0,0,0
16.433,0,0,0
16.433499999999999,0,0,0
16.434000000000001,0,0,0
16.4345,0,0,0
16.434999999999999,0,0,0
16.435500000000001,0,0,0
16.436,0,0,0
16.436499999999999,0,0,0
16.437000000000001,0,0,0
16.4375,0,0,0
16.437999999999999,0,0,0
16.438500000000001,0,0,0
16.439,0,0,0
16.439499999999999,0,0,0
16.440000000000001,0,0,0
16.4405,0,0,0
16.440999999999999,0,0,0
16.441500000000001,0,0,0
16.442,0,0,0
16.442499999999999,0,0,0
16.443000000000001,0,0,0
16.4435,0,0,0
16.443999999999999,0,0,0
16.444500000000001,0,0,0
16.445,0,0,0
16.445499999999999,0,0,0
16.446000000000002,0,0,0
16.4465,0,0,0
16.446999999999999,0,0,0
16.447500000000002,0,0,0
16.448,0,0,0
16.448499999999999,0,0,0
16.449000000000002,0,0,0
16.4495,0,0,0
16.449999999999999,0,0,0
16.450500000000002,0,0,0
16.451000000000001,0,0,0
16.451499999999999,0,0,0
16.452000000000002,0,0,0
16.452500000000001,1,0,0
16.452999999999999,1,0,0
16.453499999999998,0,0,0
16.454000000000001,0,0,0
16.454499999999999,0,0,0
16.454999999999998,0,0,0
16.455500000000001,0,0,0
16.456,0,0,0
16.456499999999998,0,0,0
16.457000000000001,0,0,0
16.4575,0,0,0
16.457999999999998,0,0,0
16.458500000000001,0,0,0
16.459,0,0,0
16.459499999999998,0,0,0
16.460000000000001,0,0,0
16.4605,0,0,0
16.460999999999999,0,0,0
16.461500000000001,0,0,0
16.462,0,0,0
16.462499999999999,0,0,0
16.463000000000001,0,0,0
16.4635,0,0,0
16.463999999999999,0,0,0
16.464500000000001,0,0,0
16.465,0,0,0
16.465499999999999,0,0,0
16.466000000000001,0,0,0
16.4665,0,0,0
16.466999999999999,0,0,0
16.467500000000001,0,0,0
16.468,0,0,0
16.468499999999999,0,0,0
16.469000000000001,0,0,0
16.4695,0,0,0
16.469999999999999,0,0,0
16.470500000000001,0,0,0
16.471,0,0,0
16.471499999999999,0,0,0
16.472000000000001,0,0,0
16.4725,0,0,0
16.472999999999999,0,0,0
16.473500000000001,0,0,0
16.474,0,0,0
16.474499999999999,0,0,0
16.475000000000001,0,0,0
16.4755,0,0,0
16.475999999999999,0,0,0
16.476500000000001,0,0,0
16.477,0,0,0
16.477499999999999,0,0,0
16.478000000000002,0,0,0
16.4785,0,0,0
16.478999999999999,0,0,0
16.479500000000002,0,0,0
16.48,0,0,0
16.480499999999999,0,0,0
16.481000000000002,0,0,0
16.4815,0,0,0
16.481999999999999,0,0,0
16.482500000000002,0,0,0
16.483000000000001,0,0,0
16.483499999999999,0,0,0
16.484000000000002,0,0,0
16.484500000000001,0,0,0
16.484999999999999,0,0,0
16.485499999999998,0,0,0
16.486000000000001,0,0,0
16.486499999999999,0,0,0
16.486999999999998,0,0,0
16.487500000000001,0,0,0
16.488,0,0,0
16.488499999999998,0,0,0
16.489000000000001,0,0,0
16.4895,0,0,0
16.489999999999998,0,0,0
16.490500000000001,0,0,0
16.491,0,0,0
16.491499999999998,0,0,0
16.492000000000001,0,0,0
16.4925,0,0,0
16.492999999999999,0,0,0
16.493500000000001,0,0,0
16.494,0,0,0
16.494499999999999,0,0,0
16.495000000000001,0,0,0
16.4955,0,0,0
16.495999999999999,0,0,0
16.496500000000001,0,0,0
16.497,0,0,0
16.497499999999999,0,0,0
16.498000000000001,0,0,0
16.4985,0,0,0
16.498999999999999,0,0,0
16.499500000000001,0,0,0
16.5,0,0,0
16.500499999999999,0,0,0
16.501000000000001,0,0,0
16.5015,0,0,0
16.501999999999999,0,0,0
16.502500000000001,0,0,0
16.503,0,0,0
16.503499999999999,0,0,0
16.504000000000001,0,0,0
16.5045,0,0,0
16.504999999999999,0,0,0
16.505500000000001,0,0,0
16.506,0,0,0
16.506499999999999,0,0,0
16.507000000000001,0,0,0
16.5075,0,0,0
16.507999999999999,0,0,0
16.508500000000002,0,0,0
16.509,0,0,0
16.509499999999999,0,0,0
16.510000000000002,0,0,0
16.5105,0,0,0
16.510999999999999,0,0,0
16.511500000000002,0,0,0
16.512,0,0,0
16.512499999999999,0,0,0
16.513000000000002,0,0,0
16.513500000000001,0,0,0
16.513999999999999,0,0,0
16.514500000000002,0,0,0
16.515000000000001,0,0,0
16.515499999999999,0,0,0
16.515999999999998,0,0,0
16.516500000000001,0,0,0
16.516999999999999,0,0,0
16.517499999999998,0,0,0
16.518000000000001,0,0,0
16.5185,0,0,0
16.518999999999998,0,0,0
16.519500000000001,0,0,0
16.52,0,0,0
16.520499999999998,0,0,0
16.521000000000001,0,0,0
16.5215,0,0,0
16.521999999999998,0,0,0
16.522500000000001,0,0,0
16.523,0,0,0
16.523499999999999,0,0,0
16.524000000000001,0,0,0
16.5245,0,0,0
16.524999999999999,0,0,0
16.525500000000001,0,0,0
16.526,0,0,0
16.526499999999999,0,0,0
16.527000000000001,0,0,0
16.5275,0,0,0
16.527999999999999,0,0,0
16.528500000000001,0,0,0
16.529,0,0,0
16.529499999999999,0,0,0
16.530000000000001,0,0,0
16.5305,0,0,0
16.530999999999999,0,0,0
16.531500000000001,0,0,0
16.532,0,0,0
16.532499999999999,0,0,0
16.533000000000001,0,0,0
16.5335,0,0,0
16.533999999999999,0,0,0
16.534500000000001,0,0,0
16.535,0,0,0
16.535499999999999,0,0,0
16.536000000000001,0,0,0
16.5365,0,0,0
16.536999999999999,0,0,0
16.537500000000001,0,0,0
16.538,0,0,0
16.538499999999999,0,0,0
16.539000000000001,0,0,0
16.5395,0,0,0
16.539999999999999,0,0,0
16.540500000000002,0,0,0
16.541,0,0,0
16.541499999999999,0,0,0
16.542000000000002,0,0,0
16.5425,0,0,0
16.542999999999999,0,0,0
16.543500000000002,0,0,0
16.544,0,0,0
16.544499999999999,0,0,0
16.545000000000002,0,0,0
16.545500000000001,0,0,0
16.545999999999999,0,0,0
16.546500000000002,0,0,0
16.547000000000001,0,0,0
16.547499999999999,0,0,0
16.547999999999998,0,0,0
16.548500000000001,0,0,0
16.548999999999999,0,0,0
16.549499999999998,0,0,0
16.550000000000001,0,0,0
16.5505,0,0,0
16.550999999999998,0,0,0
16.551500000000001,0,0,0
16.552,0,0,0
16.552499999999998,0,0,0
16.553000000000001,0,0,0
16.5535,0,0,0
16.553999999999998,0,0,0
16.554500000000001,0,0,0
16.555,0,0,0
16.555499999999999,0,0,0
16.556000000000001,0,0,0
16.5565,0,0,0
16.556999999999999,0,0,0
16.557500000000001,0,0,0
16.558,0,0,0
16.558499999999999,0,0,0
16.559000000000001,0,0,0
16.5595,0,0,0
16.559999999999999,0,0,0
16.560500000000001,0,0,0
16.561,0,0,0
16.561499999999999,0,0,0
16.562000000000001,0,0,0
16.5625,0,0,0
16.562999999999999,0,0,0
16.563500000000001,0,0,0
16.564,0,0,0
16.564499999999999,0,0,0
16.565000000000001,0,0,0
16.5655,0,0,0
16.565999999999999,0,0,0
16.566500000000001,0,0,0
16.567,0,0,0
16.567499999999999,0,0,0
16.568000000000001,0,0,0
16.5685,0,0,0
16.568999999999999,0,0,0
16.569500000000001,0,0,0
16.57,0,0,0
16.570499999999999,0,0,0
16.571000000000002,0,0,0
16.5715,0,0,0
16.571999999999999,0,0,0
16.572500000000002,0,0,0
16.573,0,0,0
16.573499999999999,0,0,0
16.574000000000002,0,0,0
16.5745,0,0,0
16.574999999999999,0,0,0
16.575500000000002,0,0,0
16.576000000000001,0,0,0
16.576499999999999,0,0,0
16.577000000000002,0,0,0
16.577500000000001,0,0,0
16.577999999999999,0,0,0
16.578499999999998,0,0,0
16.579000000000001,0,0,0
16.579499999999999,0,0,0
16.579999999999998,0,0,0
16.580500000000001,0,0,0
16.581,0,0,0
16.581499999999998,0,0,0
16.582000000000001,0,0,0
16.5825,0,0,0
16.582999999999998,0,0,0
16.583500000000001,0,0,0
16.584,0,0,0
16.584499999999998,0,0,0
16.585000000000001,0,0,0
16.5855,0,0,0
16.585999999999999,0,0,0
16.586500000000001,0,0,0
16.587,0,0,0
16.587499999999999,0,0,0
16.588000000000001,0,0,0
16.5885,0,0,0
16.588999999999999,0,0,0
16.589500000000001,0,0,0
16.59,0,0,0
16.590499999999999,0,0,0
16.591000000000001,0,0,0
16.5915,0,0,0
16.591999999999999,0,0,0
16.592500000000001,0,0,0
16.593,0,0,0
16.593499999999999,0,0,0
16.594000000000001,0,0,0
16.5945,0,0,0
16.594999999999999,0,0,0
16.595500000000001,0,0,0
16.596,0,0,0
16.596499999999999,0,0,0
16.597000000000001,0,0,0
16.5975,0,0,0
16.597999999999999,0,0,0
16.598500000000001,0,0,0
16.599,0,0,0
16.599499999999999,0,0,0
16.600000000000001,0,0,0
16.6005,0,0,0
16.600999999999999,0,0,0
16.601500000000001,0,0,0
16.602,0,0,0
16.602499999999999,0,0,0
16.603000000000002,0,0,0
16.6035,0,0,0
16.603999999999999,0,0,0
16.604500000000002,0,0,0
16.605,0,0,0
16.605499999999999,0,0,0
16.606000000000002,0,0,0
16.6065,0,0,0
16.606999999999999,0,0,0
16.607500000000002,0,0,0
16.608000000000001,0,0,0
16.608499999999999,0,0,0
16.609000000000002,0,0,0
16.609500000000001,0,0,0
16.609999999999999,0,0,0
16.610499999999998,0,0,0
16.611000000000001,0,0,0
16.611499999999999,0,0,0
16.611999999999998,0,0,0
16.612500000000001,0,0,0
16.613,0,0,0
16.613499999999998,0,0,0
16.614000000000001,0,0,0
16.6145,0,0,0
16.614999999999998,0,0,0
16.615500000000001,0,0,0
16.616,0,0,0
16.616499999999998,0,0,0
16.617000000000001,0,0,0
16.6175,0,0,0
16.617999999999999,0,0,0
16.618500000000001,0,0,0
16.619,0,0,0
16.619499999999999,0,0,0
16.620000000000001,0,0,0
16.6205,0,0,0
16.620999999999999,0,0,0
16.621500000000001,0,0,0
16.622,0,0,0
16.622499999999999,0,0,0
16.623000000000001,0,0,0
16.6235,0,0,0
16.623999999999999,0,0,0
16.624500000000001,0,0,0
16.625,0,0,0
16.625499999999999,0,0,0
16.626000000000001,0,0,0
16.6265,0,0,0
16.626999999999999,0,0,0
16.627500000000001,0,0,0
16.628,0,0,0
16.628499999999999,0,0,0
16.629000000000001,0,0,0
16.6295,0,0,0
16.629999999999999,0,0,0
16.630500000000001,0,0,0
16.631,0,0,0
16.631499999999999,0,0,0
16.632000000000001,0,0,0
16.6325,0,0,0
16.632999999999999,0,0,0
16.633500000000002,0,0,0
16.634,0,0,0
16.634499999999999,0,0,0
16.635000000000002,0,0,0
16.6355,0,0,0
16.635999999999999,0,0,0
16.636500000000002,0,0,0
16.637,0,0,0
16.637499999999999,0,0,0
16.638000000000002,0,0,0
16.638500000000001,0,0,0
16.638999999999999,0,0,0
16.639500000000002,0,0,0
16.640000000000001,0,0,0
16.640499999999999,0,0,0
16.640999999999998,0,0,0
16.641500000000001,0,0,0
16.641999999999999,0,0,0
16.642499999999998,0,0,0
16.643000000000001,0,0,0
16.6435,0,0,0
16.643999999999998,0,0,0
16.644500000000001,0,0,0
16.645,0,0,0
16.645499999999998,0,0,0
16.646000000000001,0,0,0
16.6465,0,0,0
16.646999999999998,0,0,0
16.647500000000001,0,0,0
16.648,0,0,0
16.648499999999999,0,0,0
16.649000000000001,0,0,0
16.6495,0,0,0
16.649999999999999,0,0,0
16.650500000000001,0,0,0
16.651,0,0,0
16.651499999999999,0,0,0
16.652000000000001,0,0,0
16.6525,0,0,0
16.652999999999999,0,0,0
16.653500000000001,0,0,0
16.654,0,0,0
16.654499999999999,0,0,0
16.655000000000001,0,0,0
16.6555,0,0,0
16.655999999999999,0,0,0
16.656500000000001,0,0,0
16.657,0,0,0
16.657499999999999,0,0,0
16.658000000000001,0,0,0
16.6585,0,0,0
16.658999999999999,0,0,0
16.659500000000001,0,0,0
16.66,0,0,0
16.660499999999999,0,0,0
16.661000000000001,0,0,0
16.6615,0,0,0
16.661999999999999,0,0,0
16.662500000000001,0,0,0
16.663,0,0,0
16.663499999999999,0,0,0
16.664000000000001,0,0,0
16.6645,0,0,0
16.664999999999999,0,0,0
16.665500000000002,0,0,0
16.666,0,0,0
16.666499999999999,0,0,0
16.667000000000002,0,0,0
16.6675,0,0,0
16.667999999999999,0,0,0
16.668500000000002,0,0,0
16.669,0,0,0
16.669499999999999,0,0,0
16.670000000000002,0,0,0
16.670500000000001,0,0,0
16.670999999999999,0,0,0
16.671500000000002,0,0,0
16.672000000000001,0,0,0
16.672499999999999,0,0,0
16.672999999999998,0,0,0
16.673500000000001,0,0,0
16.673999999999999,0,0,0
16.674499999999998,0,0,0
16.675000000000001,0,0,0
16.6755,0,0,0
16.675999999999998,0,0,0
16.676500000000001,0,0,0
16.677,0,0,0
16.677499999999998,0,0,0
16.678000000000001,0,0,0
16.6785,0,0,0
16.678999999999998,0,0,0
16.679500000000001,0,0,0
16.68,0,0,0
16.680499999999999,0,0,0
16.681000000000001,0,0,0
16.6815,0,0,0
16.681999999999999,0,0,0
16.682500000000001,0,0,0
16.683,0,0,0
16.683499999999999,0,0,0
16.684000000000001,0,0,0
16.6845,0,0,0
16.684999999999999,0,0,0
16.685500000000001,0,0,0
16.686,0,0,0
16.686499999999999,0,0,0
16.687000000000001,0,0,0
16.6875,0,0,0
16.687999999999999,0,0,0
16.688500000000001,0,0,0
16.689,0,0,0
16.689499999999999,0,0,0
16.690000000000001,0,0,0
16.6905,0,0,0
16.690999999999999,0,0,0
16.691500000000001,0,0,0
16.692,0,0,0
16.692499999999999,0,0,0
16.693000000000001,0,0,0
16.6935,0,0,0
16.693999999999999,0,0,0
16.694500000000001,0,0,0
16.695,0,0,0
16.695499999999999,0,0,0
16.696000000000002,0,0,0
16.6965,0,0,0
16.696999999999999,0,0,0
16.697500000000002,0,0,0
16.698,0,0,0
16.698499999999999,0,0,0
16.699000000000002,0,0,0
16.6995,0,0,0
16.699999999999999,0,0,0
16.700500000000002,0,0,0
16.701000000000001,0,0,0
16.701499999999999,0,0,0
16.702000000000002,0,0,0
16.702500000000001,0,0,0
16.702999999999999,0,0,0
16.703499999999998,0,0,0
16.704000000000001,0,0,0
16.704499999999999,0,0,0
16.704999999999998,0,0,0
16.705500000000001,0,0,0
16.706,0,0,0
16.706499999999998,0,0,0
16.707000000000001,0,0,0
16.7075,0,0,0
16.707999999999998,0,0,0
16.708500000000001,0,0,0
16.709,0,0,0
16.709499999999998,0,0,0
16.710000000000001,0,0,0
16.7105,0,0,0
16.710999999999999,0,0,0
16.711500000000001,0,0,0
16.712,0,0,0
16.712499999999999,0,0,0
16.713000000000001,0,0,0
16.7135,0,0,0
16.713999999999999,0,0,0
16.714500000000001,0,0,0
16.715,0,0,0
16.715499999999999,0,0,0
16.716000000000001,0,0,0
16.7165,0,0,0
16.716999999999999,0,0,0
16.717500000000001,0,0,0
16.718,0,0,0
16.718499999999999,0,0,0
16.719000000000001,0,0,0
16.7195,0,0,0
16.719999999999999,0,0,0
16.720500000000001,0,0,0
16.721,0,0,0
16.721499999999999,0,0,0
16.722000000000001,0,0,0
16.7225,0,0,0
16.722999999999999,0,0,0
16.723500000000001,0,0,0
16.724,0,0,0
16.724499999999999,0,0,0
16.725000000000001,0,0,0
16.7255,0,0,0
16.725999999999999,0,0,0
16.726500000000001,0,0,0
16.727,0,0,0
16.727499999999999,0,0,0
16.728000000000002,0,0,0
16.7285,0,0,0
16.728999999999999,0,0,0
16.729500000000002,0,0,0
16.73,0,0,0
16.730499999999999,0,0,0
16.731000000000002,0,0,0
16.7315,0,0,0
16.731999999999999,0,0,0
16.732500000000002,0,0,0
16.733000000000001,0,0,0
16.733499999999999,0,0,0
16.734000000000002,0,0,0
16.734500000000001,0,0,0
16.734999999999999,0,0,0
16.735499999999998,0,0,0
16.736000000000001,0,0,0
16.736499999999999,0,0,0
16.736999999999998,0,0,0
16.737500000000001,0,0,0
16.738,0,0,0
16.738499999999998,0,0,0
16.739000000000001,0,0,0
16.7395,0,0,0
16.739999999999998,0,0,0
16.740500000000001,0,0,0
16.741,0,0,0
16.741499999999998,0,0,0
16.742000000000001,0,0,0
16.7425,0,0,0
16.742999999999999,0,0,0
16.743500000000001,0,0,0
16.744,0,0,0
16.744499999999999,0,0,0
16.745000000000001,0,0,0
16.7455,0,0,0
16.745999999999999,0,0,0
16.746500000000001,0,0,0
16.747,0,0,0
16.747499999999999,0,0,0
16.748000000000001,0,0,0
16.7485,0,0,0
16.748999999999999,0,0,0
16.749500000000001,0,0,0
16.75,0,0,0
16.750499999999999,0,0,0
16.751000000000001,0,0,0
16.7515,0,0,0
16.751999999999999,0,0,0
16.752500000000001,0,0,0
16.753,0,0,0
16.753499999999999,0,0,0
16.754000000000001,0,0,0
16.7545,0,0,0
16.754999999999999,0,0,0
16.755500000000001,0,0,0
16.756,0,0,0
16.756499999999999,0,0,0
16.757000000000001,0,0,0
16.7575,0,0,0
16.757999999999999,0,0,0
16.758500000000002,0,0,0
16.759,0,0,0
16.759499999999999,0,0,0
16.760000000000002,0,0,0
16.7605,0,0,0
16.760999999999999,0,0,0
16.761500000000002,0,0,0
16.762,0,0,0
16.762499999999999,0,0,0
16.763000000000002,0,0,0
16.763500000000001,0,0,0
16.763999999999999,0,0,0
16.764500000000002,0,0,0
16.765000000000001,0,0,0
16.765499999999999,0,0,0
16.765999999999998,0,0,0
16.766500000000001,0,0,0
16.766999999999999,0,0,0
16.767499999999998,0,0,0
16.768000000000001,0,0,0
16.7685,0,0,0
16.768999999999998,0,0,0
16.769500000000001,0,0,0
16.77,0,0,0
16.770499999999998,0,0,0
16.771000000000001,0,0,0
16.7715,0,0,0
16.771999999999998,0,0,0
16.772500000000001,0,0,0
16.773,0,0,0
16.773499999999999,0,0,0
16.774000000000001,0,0,0
16.7745,0,0,0
16.774999999999999,0,0,0
16.775500000000001,0,0,0
16.776,0,0,0
16.776499999999999,0,0,0
16.777000000000001,0,0,0
16.7775,0,0,0
16.777999999999999,0,0,0
16.778500000000001,0,0,0
16.779,0,0,0
16.779499999999999,0,0,0
16.780000000000001,0,0,0
16.7805,0,0,0
16.780999999999999,0,0,0
16.781500000000001,0,0,0
16.782,0,0,0
16.782499999999999,0,0,0
16.783000000000001,0,0,0
16.7835,0,0,0
16.783999999999999,0,0,0
16.784500000000001,0,0,0
16.785,0,0,0
16.785499999999999,0,0,0
16.786000000000001,0,0,0
16.7865,0,0,0
16.786999999999999,0,0,0
16.787500000000001,0,0,0
16.788,0,0,0
16.788499999999999,0,0,0
16.789000000000001,0,0,0
16.7895,0,0,0
16.789999999999999,0,0,0
16.790500000000002,0,0,0
16.791,0,0,0
16.791499999999999,0,0,0
16.792000000000002,0,0,0
16.7925,0,0,0
16.792999999999999,0,0,0
16.793500000000002,0,0,0
16.794,0,0,0
16.794499999999999,0,0,0
16.795000000000002,0,0,0
16.795500000000001,0,0,0
16.795999999999999,0,0,0
16.796500000000002,0,0,0
16.797000000000001,0,0,0
16.797499999999999,0,0,0
16.797999999999998,0,0,0
16.798500000000001,0,0,0
16.798999999999999,0,0,0
16.799499999999998,0,0,0
16.800000000000001,0,0,0
16.8005,0,0,0
16.800999999999998,0,0,0
16.801500000000001,0,0,0
16.802,0,0,0
16.802499999999998,0,0,0
16.803000000000001,0,0,0
16.8035,0,0,0
16.803999999999998,0,0,0
16.804500000000001,0,0,0
16.805,0,0,0
16.805499999999999,0,0,0
16.806000000000001,0,0,0
16.8065,0,0,0
16.806999999999999,0,0,0
16.807500000000001,0,0,0
16.808,0,0,0
16.808499999999999,0,0,0
16.809000000000001,0,0,0
16.8095,0,0,0
16.809999999999999,0,0,0
16.810500000000001,0,0,0
16.811,0,0,0
16.811499999999999,0,0,0
16.812000000000001,0,0,0
16.8125,0,0,0
16.812999999999999,0,0,0
16.813500000000001,0,0,0
16.814,0,0,0
16.814499999999999,0,0,0
16.815000000000001,0,0,0
16.8155,0,0,0
16.815999999999999,0,0,0
16.816500000000001,0,0,0
16.817,0,0,0
16.817499999999999,0,0,0
16.818000000000001,0,0,0
16.8185,0,0,0
16.818999999999999,0,0,0
16.819500000000001,0,0,0
16.82,0,0,0
16.820499999999999,0,0,0
16.821000000000002,0,0,0
16.8215,0,0,0
16.821999999999999,0,0,0
16.822500000000002,0,0,0
16.823,0,0,0
16.823499999999999,0,0,0
16.824000000000002,0,0,0
16.8245,0,0,0
16.824999999999999,0,0,0
16.825500000000002,0,0,0
16.826000000000001,0,0,0
16.826499999999999,0,0,0
16.827000000000002,0,0,0
16.827500000000001,0,0,0
16.827999999999999,0,0,0
16.828499999999998,0,0,0
16.829000000000001,0,0,0
16.829499999999999,0,0,0
16.829999999999998,0,0,0
16.830500000000001,0,0,0
16.831,0,0,0
16.831499999999998,0,0,0
16.832000000000001,0,0,0
16.8325,0,0,0
16.832999999999998,0,0,0
16.833500000000001,0,0,0
16.834,0,0,0
16.834499999999998,0,0,0
16.835000000000001,0,0,0
16.8355,0,0,0
16.835999999999999,0,0,0
16.836500000000001,0,0,0
16.837,0,0,0
16.837499999999999,0,0,0
16.838000000000001,0,0,0
16.8385,0,0,0
16.838999999999999,0,0,0
16.839500000000001,0,0,0
16.84,0,0,0
16.840499999999999,0,0,0
16.841000000000001,0,0,0
16.8415,0,0,0
16.841999999999999,0,0,0
16.842500000000001,0,0,0
16.843,0,0,0
16.843499999999999,0,0,0
16.844000000000001,0,0,0
16.8445,0,0,0
16.844999999999999,0,0,0
16.845500000000001,0,0,0
16.846,0,0,0
16.846499999999999,0,0,0
16.847000000000001,0,0,0
16.8475,0,0,0
16.847999999999999,0,0,0
16.848500000000001,0,0,0
16.849,0,0,0
16.849499999999999,0,0,0
16.850000000000001,0,0,0
16.8505,0,0,0
16.850999999999999,0,0,0
16.851500000000001,0,0,0
16.852,0,0,0
16.852499999999999,0,0,0
16.853000000000002,0,0,0
16.8535,0,0,0
16.853999999999999,0,0,0
16.854500000000002,0,0,0
16.855,0,0,0
16.855499999999999,0,0,0
16.856000000000002,0,0,0
16.8565,0,0,0
16.856999999999999,0,0,0
16.857500000000002,0,0,0
16.858000000000001,0,0,0
16.858499999999999,0,0,0
16.859000000000002,0,0,0
16.859500000000001,0,0,0
16.859999999999999,0,0,0
16.860499999999998,0,0,0
16.861000000000001,0,0,0
16.861499999999999,0,0,0
16.861999999999998,0,0,0
16.862500000000001,0,0,0
16.863,0,0,0
16.863499999999998,0,0,0
16.864000000000001,0,0,0
16.8645,0,0,0
16.864999999999998,0,0,0
16.865500000000001,0,0,0
16.866,0,0,0
16.866499999999998,0,0,0
16.867000000000001,0,0,0
16.8675,0,0,0
16.867999999999999,0,0,0
16.868500000000001,0,0,0
16.869,0,0,0
16.869499999999999,0,0,0
16.870000000000001,0,0,0
16.8705,0,0,0
16.870999999999999,0,0,0
16.871500000000001,0,0,0
16.872,0,0,0
16.872499999999999,0,0,0
16.873000000000001,0,0,0
16.8735,0,0,0
16.873999999999999,0,0,0
16.874500000000001,0,0,0
16.875,0,0,0
16.875499999999999,0,0,0
16.876000000000001,0,0,0
16.8765,0,0,0
16.876999999999999,0,0,0
16.877500000000001,0,0,0
16.878,0,0,0
16.878499999999999,0,0,0
16.879000000000001,0,0,0
16.8795,0,0,0
16.879999999999999,0,0,0
16.880500000000001,0,0,0
16.881,0,0,0
16.881499999999999,0,0,0
16.882000000000001,0,0,0
16.8825,0,0,0
16.882999999999999,0,0,0
16.883500000000002,0,0,0
16.884,0,0,0
16.884499999999999,0,0,0
16.885000000000002,0,0,0
16.8855,0,0,0
16.885999999999999,0,0,0
16.886500000000002,0,0,0
16.887,0,0,0
16.887499999999999,0,0,0
16.888000000000002,0,0,0
16.888500000000001,0,0,0
16.888999999999999,0,0,0
16.889500000000002,0,0,0
16.890000000000001,0,0,0
16.890499999999999,0,0,0
16.890999999999998,0,0,0
16.891500000000001,0,0,0
16.891999999999999,0,0,0
16.892499999999998,0,0,0
16.893000000000001,0,0,0
16.8935,0,0,0
16.893999999999998,0,0,0
16.894500000000001,0,0,0
16.895,0,0,0
16.895499999999998,0,0,0
16.896000000000001,0,0,0
16.8965,0,0,0
16.896999999999998,0,0,0
16.897500000000001,0,0,0
16.898,0,0,0
16.898499999999999,0,0,0
16.899000000000001,0,0,0
16.8995,0,0,0
16.899999999999999,0,0,0
16.900500000000001,0,0,0
16.901,0,0,0
16.901499999999999,0,0,0
16.902000000000001,0,0,0
16.9025,0,0,0
16.902999999999999,0,0,0
16.903500000000001,0,0,0
16.904,0,0,0
16.904499999999999,0,0,0
16.905000000000001,0,0,0
16.9055,0,0,0
16.905999999999999,0,0,0
16.906500000000001,0,0,0
16.907,0,0,0
16.907499999999999,0,0,0
16.908000000000001,0,0,0
16.9085,0,0,0
16.908999999999999,0,0,0
16.909500000000001,0,0,0
16.91,0,0,0
16.910499999999999,0,0,0
16.911000000000001,0,0,0
16.9115,0,0,0
16.911999999999999,0,0,0
16.912500000000001,0,0,0
16.913,0,0,0
16.913499999999999,0,0,0
16.914000000000001,0,0,0
16.9145,0,0,0
16.914999999999999,0,0,0
16.915500000000002,0,0,0
16.916,0,0,0
16.916499999999999,0,0,0
16.917000000000002,0,0,0
16.9175,0,0,0
16.917999999999999,0,0,0
16.918500000000002,0,0,0
16.919,0,0,0
16.919499999999999,0,0,0
16.920000000000002,0,0,0
16.920500000000001,0,0,0
16.920999999999999,0,0,0
16.921500000000002,0,0,0
16.922000000000001,0,0,0
16.922499999999999,0,0,0
16.922999999999998,0,0,0
16.923500000000001,0,0,0
16.923999999999999,0,0,0
16.924499999999998,0,0,0
16.925000000000001,0,0,0
16.9255,0,0,0
16.925999999999998,0,0,0
16.926500000000001,0,0,0
16.927,0,0,0
16.927499999999998,0,0,0
16.928000000000001,0,0,0
16.9285,0,0,0
16.928999999999998,0,0,0
16.929500000000001,0,0,0
16.93,0,0,0
16.930499999999999,0,0,0
16.931000000000001,0,0,0
16.9315,0,0,0
16.931999999999999,0,0,0
16.932500000000001,0,0,0
16.933,0,0,0
16.933499999999999,0,0,0
16.934000000000001,0,0,0
16.9345,0,0,0
16.934999999999999,0,0,0
16.935500000000001,0,0,0
16.936,0,0,0
16.936499999999999,0,0,0
16.937000000000001,0,0,0
16.9375,0,0,0
16.937999999999999,0,0,0
16.938500000000001,0,0,0
16.939,0,0,0
16.939499999999999,0,0,0
16.940000000000001,0,0,0
16.9405,0,0,0
16.940999999999999,0,0,0
16.941500000000001,0,0,0
16.942,0,0,0
16.942499999999999,0,0,0
16.943000000000001,0,0,0
16.9435,0,0,0
16.943999999999999,0,0,0
16.944500000000001,0,0,0
16.945,0,0,0
16.945499999999999,0,0,0
16.946000000000002,0,0,0
16.9465,0,0,0
16.946999999999999,0,0,0
16.947500000000002,0,0,0
16.948,0,0,0
16.948499999999999,0,0,0
16.949000000000002,0,0,0
16.9495,0,0,0
16.949999999999999,0,0,0
16.950500000000002,0,0,0
16.951000000000001,0,0,0
16.951499999999999,0,0,0
16.952000000000002,0,0,0
16.952500000000001,0,0,0
16.952999999999999,0,0,0
16.953499999999998,0,0,0
16.954000000000001,0,0,0
16.954499999999999,0,0,0
16.954999999999998,0,0,0
16.955500000000001,0,0,0
16.956,0,0,0
16.956499999999998,0,0,0
16.957000000000001,0,0,0
16.9575,0,0,0
16.957999999999998,0,0,0
16.958500000000001,0,0,0
16.959,0,0,0
16.959499999999998,0,0,0
16.960000000000001,0,0,0
16.9605,0,0,0
16.960999999999999,0,0,0
16.961500000000001,0,0,0
16.962,0,0,0
16.962499999999999,0,0,0
16.963000000000001,0,0,0
16.9635,0,0,0
16.963999999999999,0,0,0
16.964500000000001,0,0,0
16.965,0,0,0
16.965499999999999,0,0,0
16.966000000000001,0,0,0
16.9665,0,0,0
16.966999999999999,0,0,0
16.967500000000001,0,0,0
16.968,0,0,0
16.968499999999999,0,0,0
16.969000000000001,0,0,0
16.9695,0,0,0
16.969999999999999,0,0,0
16.970500000000001,0,0,0
16.971,0,0,0
16.971499999999999,0,0,0
16.972000000000001,0,0,0
16.9725,0,0,0
16.972999999999999,0,0,0
16.973500000000001,0,0,0
16.974,0,0,0
16.974499999999999,0,0,0
16.975000000000001,0,0,0
16.9755,0,0,0
16.975999999999999,0,0,0
16.976500000000001,0,0,0
16.977,0,0,0
16.977499999999999,0,0,0
16.978000000000002,0,0,0
16.9785,0,0,0
16.978999999999999,0,0,0
16.979500000000002,0,0,0
16.98,0,0,0
16.980499999999999,0,0,0
16.981000000000002,0,0,0
16.9815,0,0,0
16.981999999999999,0,0,0
16.982500000000002,0,0,0
16.983000000000001,0,0,0
16.983499999999999,0,0,0
16.984000000000002,0,0,0
16.984500000000001,0,0,0
16.984999999999999,0,0,0
16.985499999999998,0,0,0
16.986000000000001,0,0,0
16.986499999999999,0,0,0
16.986999999999998,0,0,0
16.987500000000001,0,0,0
16.988,0,0,0
16.988499999999998,0,0,0
16.989000000000001,0,0,0
16.9895,0,0,0
16.989999999999998,0,0,0
16.990500000000001,0,0,0
16.991,0,0,0
16.991499999999998,0,0,0
16.992000000000001,0,0,0
16.9925,0,0,0
16.992999999999999,0,0,0
16.993500000000001,0,0,0
16.994,0,0,0
16.994499999999999,0,0,0
16.995000000000001,0,0,0
16.9955,0,0,0
16.995999999999999,0,0,0
16.996500000000001,0,0,0
16.997,0,0,0
16.997499999999999,0,0,0
16.998000000000001,0,0,0
16.9985,0,0,0
16.998999999999999,0,0,0
16.999500000000001,0,0,0
17,0,0,0
17.000499999999999,0,0,0
17.001000000000001,0,0,0
17.0015,0,0,0
17.001999999999999,0,0,0
17.002500000000001,0,0,0
17.003,0,0,0
17.003499999999999,0,0,0
17.004000000000001,0,0,0
17.0045,0,0,0
17.004999999999999,0,0,0
17.005500000000001,0,0,0
17.006,0,0,0
17.006499999999999,0,0,0
17.007000000000001,0,0,0
17.0075,0,0,0
17.007999999999999,0,0,0
17.008500000000002,0,0,0
17.009,0,0,0
17.009499999999999,0,0,0
17.010000000000002,0,0,0
17.0105,0,0,0
17.010999999999999,0,0,0
17.011500000000002,0,0,0
17.012,0,0,0
17.012499999999999,0,0,0
17.013000000000002,0,0,0
17.013500000000001,0,0,0
17.013999999999999,0,0,0
17.014500000000002,0,0,0
17.015000000000001,0,0,0
17.015499999999999,0,0,0
17.015999999999998,0,0,0
17.016500000000001,0,0,0
17.016999999999999,0,0,0
17.017499999999998,0,0,0
17.018000000000001,0,0,0
17.0185,0,0,0
17.018999999999998,0,0,0
17.019500000000001,0,0,0
17.02,0,0,0
17.020499999999998,0,0,0
17.021000000000001,0,0,0
17.0215,0,0,0
17.021999999999998,0,0,0
17.022500000000001,0,0,0
17.023,0,0,0
17.023499999999999,0,0,0
17.024000000000001,0,0,0
17.0245,0,0,0
17.024999999999999,0,0,0
17.025500000000001,0,0,0
17.026,0,0,0
17.026499999999999,0,0,0
17.027000000000001,0,0,0
17.0275,0,0,0
17.027999999999999,0,0,0
17.028500000000001,0,0,0
17.029,0,0,0
17.029499999999999,0,0,0
17.030000000000001,0,0,0
17.0305,0,0,0
17.030999999999999,0,0,0
17.031500000000001,0,0,0
17.032,0,0,0
17.032499999999999,0,0,0
17.033000000000001,0,0,0
17.0335,0,0,0
17.033999999999999,0,0,0
17.034500000000001,0,0,0
17.035,0,0,0
17.035499999999999,0,0,0
17.036000000000001,0,0,0
17.0365,0,0,0
17.036999999999999,0,0,0
17.037500000000001,0,0,0
17.038,0,0,0
17.038499999999999,0,0,0
17.039000000000001,0,0,0
17.0395,0,0,0
17.039999999999999,0,0,0
17.040500000000002,0,0,0
17.041,0,0,0
17.041499999999999,0,0,0
17.042000000000002,0,0,0
17.0425,0,0,0
17.042999999999999,0,0,0
17.043500000000002,0,0,0
17.044,0,0,0
17.044499999999999,0,0,0
17.045000000000002,0,0,0
17.045500000000001,0,0,0
17.045999999999999,0,0,0
17.046500000000002,0,0,0
17.047000000000001,0,0,0
17.047499999999999,0,0,0
17.047999999999998,0,0,0
17.048500000000001,0,0,0
17.048999999999999,0,0,0
17.049499999999998,0,0,0
17.050000000000001,0,0,0
17.0505,0,0,0
17.050999999999998,0,0,0
17.051500000000001,0,0,0
17.052,0,0,0
17.052499999999998,0,0,0
17.053000000000001,0,0,0
17.0535,0,0,0
17.053999999999998,0,0,0
17.054500000000001,0,0,0
17.055,0,0,0
17.055499999999999,0,0,0
17.056000000000001,0,0,0
17.0565,0,0,0
17.056999999999999,0,0,0
17.057500000000001,0,0,0
17.058,0,0,0
17.058499999999999,0,0,0
17.059000000000001,0,0,0
17.0595,0,0,0
17.059999999999999,0,0,0
17.060500000000001,0,0,0
17.061,0,0,0
17.061499999999999,0,0,0
17.062000000000001,0,0,0
17.0625,0,0,0
17.062999999999999,0,0,0
17.063500000000001,0,0,0
17.064,0,0,0
17.064499999999999,0,0,0
17.065000000000001,0,0,0
17.0655,0,0,0
17.065999999999999,0,0,0
17.066500000000001,0,0,0
17.067,0,0,0
17.067499999999999,0,0,0
17.068000000000001,0,0,0
17.0685,0,0,0
17.068999999999999,0,0,0
17.069500000000001,0,0,0
17.07,0,0,0
17.070499999999999,0,0,0
17.071000000000002,0,0,0
17.0715,0,0,0
17.071999999999999,0,0,0
17.072500000000002,0,0,0
17.073,0,0,0
17.073499999999999,0,0,0
17.074000000000002,0,0,0
17.0745,0,0,0
17.074999999999999,0,0,0
17.075500000000002,0,0,0
17.076000000000001,0,0,0
17.076499999999999,0,0,0
17.077000000000002,0,0,0
17.077500000000001,0,0,0
17.077999999999999,0,0,0
17.078499999999998,0,0,0
17.079000000000001,0,0,0
17.079499999999999,0,0,0
17.079999999999998,0,0,0
17.080500000000001,0,0,0
17.081,0,0,0
17.081499999999998,0,0,0
17.082000000000001,0,0,0
17.0825,0,0,0
17.082999999999998,0,0,0
17.083500000000001,0,0,0
17.084,0,0,0
17.084499999999998,0,0,0
17.085000000000001,0,0,0
17.0855,0,0,0
17.085999999999999,0,0,0
17.086500000000001,0,0,0
17.087,0,0,0
17.087499999999999,0,0,0
17.088000000000001,0,0,0
17.0885,0,0,0
17.088999999999999,0,0,0
17.089500000000001,0,0,0
17.09,0,0,0
17.090499999999999,0,0,0
17.091000000000001,0,0,0
17.0915,0,0,0
17.091999999999999,0,0,0
17.092500000000001,0,0,0
17.093,0,0,0
17.093499999999999,0,0,0
17.094000000000001,0,0,0
17.0945,0,0,0
17.094999999999999,0,0,0
17.095500000000001,0,0,0
17.096,0,0,0
17.096499999999999,0,0,0
17.097000000000001,0,0,0
17.0975,0,0,0
17.097999999999999,0,0,0
17.098500000000001,0,0,0
17.099,0,0,0
17.099499999999999,0,0,0
17.100000000000001,0,0,0
17.1005,0,0,0
17.100999999999999,0,0,0
17.101500000000001,0,0,0
17.102,0,0,0
17.102499999999999,0,0,0
17.103000000000002,0,0,0
17.1035,0,0,0
17.103999999999999,0,0,0
17.104500000000002,0,0,0
17.105,0,0,0
17.105499999999999,0,0,0
17.106000000000002,0,0,0
17.1065,0,0,0
17.106999999999999,0,0,0
17.107500000000002,0,0,0
17.108000000000001,0,0,0
17.108499999999999,0,0,0
17.109000000000002,0,0,0
17.109500000000001,0,0,0
17.109999999999999,0,0,0
17.110499999999998,0,0,0
17.111000000000001,0,0,0
17.111499999999999,0,0,0
17.111999999999998,0,0,0
17.112500000000001,0,0,0
17.113,0,0,0
17.113499999999998,0,0,0
17.114000000000001,0,0,0
17.1145,0,0,0
17.114999999999998,0,0,0
17.115500000000001,0,0,0
17.116,0,0,0
17.116499999999998,0,0,0
17.117000000000001,0,0,0
17.1175,0,0,0
17.117999999999999,0,0,0
17.118500000000001,0,0,0
17.119,0,0,0
17.119499999999999,0,0,0
17.120000000000001,0,0,0
17.1205,0,0,0
17.120999999999999,0,0,0
17.121500000000001,0,0,0
17.122,0,0,0
17.122499999999999,0,0,0
17.123000000000001,0,0,0
17.1235,0,0,0
17.123999999999999,0,0,0
17.124500000000001,0,0,0
17.125,0,0,0
17.125499999999999,0,0,0
17.126000000000001,0,0,0
17.1265,0,0,0
17.126999999999999,0,0,0
17.127500000000001,0,0,0
17.128,0,0,0
17.128499999999999,0,0,0
17.129000000000001,0,0,0
17.1295,0,0,0
17.129999999999999,0,0,0
17.130500000000001,0,0,0
17.131,0,0,0
17.131499999999999,0,0,0
17.132000000000001,0,0,0
17.1325,0,0,0
17.132999999999999,0,0,0
17.133500000000002,0,0,0
17.134,0,0,0
17.134499999999999,0,0,0
17.135000000000002,0,0,0
17.1355,0,0,0
17.135999999999999,0,0,0
17.136500000000002,0,0,0
17.137,0,0,0
17.137499999999999,0,0,0
17.138000000000002,0,0,0
17.138500000000001,0,0,0
17.138999999999999,0,0,0
17.139500000000002,0,0,0
17.140000000000001,0,0,0
17.140499999999999,0,0,0
17.140999999999998,0,0,0
17.141500000000001,0,0,0
17.141999999999999,0,0,0
17.142499999999998,0,0,0
17.143000000000001,0,0,0
17.1435,0,0,0
17.143999999999998,0,0,0
17.144500000000001,0,0,0
17.145,0,0,0
17.145499999999998,0,0,0
17.146000000000001,0,0,0
17.1465,0,0,0
17.146999999999998,0,0,0
17.147500000000001,0,0,0
17.148,0,0,0
17.148499999999999,0,0,0
17.149000000000001,0,0,0
17.1495,0,0,0
17.149999999999999,0,0,0
17.150500000000001,0,0,0
17.151,0,0,0
17.151499999999999,0,0,0
17.152000000000001,0,0,0
17.1525,0,0,0
17.152999999999999,0,0,0
17.153500000000001,0,0,0
17.154,0,0,0
17.154499999999999,0,0,0
17.155000000000001,0,0,0
17.1555,0,0,0
17.155999999999999,0,0,0
17.156500000000001,0,0,0
17.157,0,0,0
17.157499999999999,0,0,0
17.158000000000001,0,0,0
17.1585,0,0,0
17.158999999999999,0,0,0
17.159500000000001,0,0,0
17.16,0,0,0
17.160499999999999,0,0,0
17.161000000000001,0,0,0
17.1615,0,0,0
17.161999999999999,0,0,0
17.162500000000001,0,0,0
17.163,0,0,0
17.163499999999999,0,0,0
17.164000000000001,0,0,0
17.1645,0,0,0
17.164999999999999,0,0,0
17.165500000000002,0,0,0
17.166,0,0,0
17.166499999999999,0,0,0
17.167000000000002,0,0,0
17.1675,0,0,0
17.167999999999999,0,0,0
17.168500000000002,0,0,0
17.169,0,0,0
17.169499999999999,0,0,0
17.170000000000002,0,0,0
17.170500000000001,0,0,0
17.170999999999999,0,0,0
17.171500000000002,0,0,0
17.172000000000001,0,0,0
17.172499999999999,0,0,0
17.172999999999998,0,0,0
17.173500000000001,0,0,0
17.173999999999999,0,0,0
17.174499999999998,0,0,0
17.175000000000001,0,0,0
17.1755,0,0,0
17.175999999999998,0,0,0
17.176500000000001,0,0,0
17.177,0,0,0
17.177499999999998,0,0,0
17.178000000000001,0,0,0
17.1785,0,0,0
17.178999999999998,0,0,0
17.179500000000001,0,0,0
17.18,0,0,0
17.180499999999999,0,0,0
17.181000000000001,0,0,0
17.1815,0,0,0
17.181999999999999,0,0,0
17.182500000000001,0,0,0
17.183,0,0,0
17.183499999999999,0,0,0
17.184000000000001,0,0,0
17.1845,0,0,0
17.184999999999999,0,0,0
17.185500000000001,0,0,0
17.186,0,0,0
17.186499999999999,0,0,0
17.187000000000001,0,0,0
17.1875,0,0,0
17.187999999999999,0,0,0
17.188500000000001,0,0,0
17.189,0,0,0
17.189499999999999,0,0,0
17.190000000000001,0,0,0
17.1905,0,0,0
17.190999999999999,0,0,0
17.191500000000001,0,0,0
17.192,0,0,0
17.192499999999999,0,0,0
17.193000000000001,0,0,0
17.1935,0,0,0
17.193999999999999,0,0,0
17.194500000000001,0,0,0
17.195,0,0,0
17.195499999999999,0,0,0
17.196000000000002,0,0,0
17.1965,0,0,0
17.196999999999999,0,0,0
17.197500000000002,0,0,0
17.198,0,0,0
17.198499999999999,0,0,0
17.199000000000002,0,0,0
17.1995,0,0,0
17.199999999999999,0,0,0
17.200500000000002,0,0,0
17.201000000000001,0,0,0
17.201499999999999,0,0,0
17.202000000000002,0,0,0
17.202500000000001,0,0,0
17.202999999999999,0,0,0
17.203499999999998,0,0,0
17.204000000000001,0,0,0
17.204499999999999,0,0,0
17.204999999999998,0,0,0
17.205500000000001,0,0,0
17.206,0,0,0
17.206499999999998,0,0,0
17.207000000000001,0,0,0
17.2075,0,0,0
17.207999999999998,0,0,0
17.208500000000001,0,0,0
17.209,0,0,0
17.209499999999998,0,0,0
17.210000000000001,0,0,0
17.2105,0,0,0
17.210999999999999,0,0,0
17.211500000000001,0,0,0
17.212,0,0,0
17.212499999999999,0,0,0
17.213000000000001,0,0,0
17.2135,0,0,0
17.213999999999999,0,0,0
17.214500000000001,0,0,0
17.215,0,0,0
17.215499999999999,0,0,0
17.216000000000001,0,0,0
17.2165,0,0,0
17.216999999999999,0,0,0
17.217500000000001,0,0,0
17.218,0,0,0
17.218499999999999,0,0,0
17.219000000000001,0,0,0
17.2195,0,0,0
17.219999999999999,0,0,0
17.220500000000001,0,0,0
17.221,0,0,0
17.221499999999999,0,0,0
17.222000000000001,0,0,0
17.2225,0,0,0
17.222999999999999,0,0,0
17.223500000000001,0,0,0
17.224,0,0,0
17.224499999999999,0,0,0
17.225000000000001,0,0,0
17.2255,0,0,0
17.225999999999999,0,0,0
17.226500000000001,0,0,0
17.227,0,0,0
17.227499999999999,0,0,0
17.228000000000002,0,0,0
17.2285,0,0,0
17.228999999999999,0,0,0
17.229500000000002,0,0,0
17.23,0,0,0
17.230499999999999,0,0,0
17.231000000000002,0,0,0
17.2315,0,0,0
17.231999999999999,0,0,0
17.232500000000002,0,0,0
17.233000000000001,0,0,0
17.233499999999999,0,0,0
17.234000000000002,0,0,0
17.234500000000001,0,0,0
17.234999999999999,0,0,0
17.235499999999998,0,0,0
17.236000000000001,0,0,0
17.236499999999999,0,0,0
17.236999999999998,0,0,0
17.237500000000001,0,0,0
17.238,0,0,0
17.238499999999998,0,0,0
17.239000000000001,0,0,0
17.2395,0,0,0
17.239999999999998,0,0,0
17.240500000000001,0,0,0
17.241,0,0,0
17.241499999999998,0,0,0
17.242000000000001,0,0,0
17.2425,0,0,0
17.242999999999999,0,0,0
17.243500000000001,0,0,0
17.244,0,0,0
17.244499999999999,0,0,0
17.245000000000001,0,0,0
17.2455,0,0,0
17.245999999999999,0,0,0
17.246500000000001,0,0,0
17.247,0,0,0
17.247499999999999,0,0,0
17.248000000000001,0,0,0
17.2485,0,0,0
17.248999999999999,0,0,0
17.249500000000001,0,0,0
17.25,0,0,0
17.250499999999999,0,0,0
17.251000000000001,0,0,0
17.2515,0,0,0
17.251999999999999,0,0,0
17.252500000000001,0,0,0
17.253,0,0,0
17.253499999999999,0,0,0
17.254000000000001,0,0,0
17.2545,0,0,0
17.254999999999999,0,0,0
17.255500000000001,0,0,0
17.256,0,0,0
17.256499999999999,0,0,0
17.257000000000001,0,0,0
17.2575,0,0,0
17.257999999999999,0,0,0
17.258500000000002,0,0,0
17.259,0,0,0
17.259499999999999,0,0,0
17.260000000000002,0,0,0
17.2605,0,0,0
17.260999999999999,0,0,0
17.261500000000002,0,0,0
17.262,0,0,0
17.262499999999999,0,0,0
17.263000000000002,0,0,0
17.263500000000001,0,0,0
17.263999999999999,0,0,0
17.264500000000002,0,0,0
17.265000000000001,0,0,0
17.265499999999999,0,0,0
17.265999999999998,0,0,0
17.266500000000001,0,0,0
17.266999999999999,0,0,0
17.267499999999998,0,0,0
17.268000000000001,0,0,0
17.2685,0,0,0
17.268999999999998,0,0,0
17.269500000000001,0,0,0
17.27,0,0,0
17.270499999999998,0,0,0
17.271000000000001,0,0,0
17.2715,0,0,0
17.271999999999998,0,0,0
17.272500000000001,0,0,0
17.273,0,0,0
17.273499999999999,0,0,0
17.274000000000001,0,0,0
17.2745,0,0,0
17.274999999999999,0,0,0
17.275500000000001,0,0,0
17.276,0,0,0
17.276499999999999,0,0,0
17.277000000000001,0,0,0
17.2775,0,0,0
17.277999999999999,0,0,0
17.278500000000001,0,0,0
17.279,0,0,0
17.279499999999999,0,0,0
17.280000000000001,0,0,0
17.2805,0,0,0
17.280999999999999,0,0,0
17.281500000000001,0,0,0
17.282,0,0,0
17.282499999999999,0,0,0
17.283000000000001,0,0,0
17.2835,0,0,0
17.283999999999999,0,0,0
17.284500000000001,0,0,0
17.285,0,0,0
17.285499999999999,0,0,0
17.286000000000001,0,0,0
17.2865,0,0,0
17.286999999999999,0,0,0
17.287500000000001,0,0,0
17.288,0,0,0
17.288499999999999,0,0,0
17.289000000000001,0,0,0
17.2895,0,0,0
17.289999999999999,0,0,0
17.290500000000002,0,0,0
17.291,0,0,0
17.291499999999999,0,0,0
17.292000000000002,0,0,0
17.2925,0,0,0
17.292999999999999,0,0,0
17.293500000000002,0,0,0
17.294,0,0,0
17.294499999999999,0,0,0
17.295000000000002,0,0,0
17.295500000000001,0,0,0
17.295999999999999,0,0,0
17.296500000000002,0,0,0
17.297000000000001,0,0,0
17.297499999999999,0,0,0
17.297999999999998,0,0,0
17.298500000000001,0,0,0
17.298999999999999,0,0,0
17.299499999999998,0,0,0
17.300000000000001,0,0,0
17.3005,0,0,0
17.300999999999998,0,0,0
17.301500000000001,0,0,0
17.302,0,0,0
17.302499999999998,0,0,0
17.303000000000001,0,0,0
17.3035,0,0,0
17.303999999999998,0,0,0
17.304500000000001,0,0,0
17.305,0,0,0
17.305499999999999,0,0,0
17.306000000000001,0,0,0
17.3065,0,0,0
17.306999999999999,0,0,0
17.307500000000001,0,0,0
17.308,0,0,0
17.308499999999999,0,0,0
17.309000000000001,0,0,0
17.3095,0,0,0
17.309999999999999,0,0,0
17.310500000000001,0,0,0
17.311,0,0,0
17.311499999999999,0,0,0
17.312000000000001,0,0,0
17.3125,0,0,0
17.312999999999999,0,0,0
17.313500000000001,0,0,0
17.314,0,0,0
17.314499999999999,0,0,0
17.315000000000001,0,0,0
17.3155,0,0,0
17.315999999999999,0,0,0
17.316500000000001,0,0,0
17.317,0,0,0
17.317499999999999,0,0,0
17.318000000000001,0,0,0
17.3185,0,0,0
17.318999999999999,0,0,0
17.319500000000001,0,0,0
17.32,0,0,0
17.320499999999999,0,0,0
17.321000000000002,0,0,0
17.3215,0,0,0
17.321999999999999,0,0,0
17.322500000000002,0,0,0
17.323,0,0,0
17.323499999999999,0,0,0
17.324000000000002,0,0,0
17.3245,0,0,0
17.324999999999999,0,0,0
17.325500000000002,0,0,0
17.326000000000001,0,0,0
17.326499999999999,0,0,0
17.327000000000002,0,0,0
17.327500000000001,0,0,0
17.327999999999999,0,0,0
17.328499999999998,0,0,0
17.329000000000001,0,0,0
17.329499999999999,0,0,0
17.329999999999998,0,0,0
17.330500000000001,0,0,0
17.331,0,0,0
17.331499999999998,0,0,0
17.332000000000001,0,0,0
17.3325,0,0,0
17.332999999999998,0,0,0
17.333500000000001,0,0,0
17.334,0,0,0
17.334499999999998,0,0,0
17.335000000000001,0,0,0
17.3355,0,0,0
17.335999999999999,0,0,0
17.336500000000001,0,0,0
17.337,0,0,0
17.337499999999999,0,0,0
17.338000000000001,0,0,0
17.3385,0,0,0
17.338999999999999,0,0,0
17.339500000000001,0,0,0
17.34,0,0,0
17.340499999999999,0,0,0
17.341000000000001,0,0,0
17.3415,0,0,0
17.341999999999999,0,0,0
17.342500000000001,0,0,0
17.343,0,0,0
17.343499999999999,0,0,0
17.344000000000001,0,0,0
17.3445,0,0,0
17.344999999999999,0,0,0
17.345500000000001,0,0,0
17.346,0,0,0
17.346499999999999,0,0,0
17.347000000000001,0,0,0
17.3475,0,0,0
17.347999999999999,0,0,0
17.348500000000001,0,0,0
17.349,0,0,0
17.349499999999999,0,0,0
17.350000000000001,0,0,0
17.3505,0,0,0
17.350999999999999,0,0,0
17.351500000000001,0,0,0
17.352,0,0,0
17.352499999999999,0,0,0
17.353000000000002,0,0,0
17.3535,0,0,0
17.353999999999999,0,0,0
17.354500000000002,0,0,0
17.355,0,0,0
17.355499999999999,0,0,0
17.356000000000002,0,0,0
17.3565,0,0,0
17.356999999999999,0,0,0
17.357500000000002,0,0,0
17.358000000000001,0,0,0
17.358499999999999,0,0,0
17.359000000000002,0,0,0
17.359500000000001,0,0,0
17.359999999999999,0,0,0
17.360499999999998,0,0,0
17.361000000000001,0,0,0
17.361499999999999,0,0,0
17.361999999999998,0,0,0
17.362500000000001,0,0,0
17.363,0,0,0
17.363499999999998,0,0,0
17.364000000000001,0,0,0
17.3645,0,0,0
17.364999999999998,0,0,0
17.365500000000001,0,0,0
17.366,0,0,0
17.366499999999998,0,0,0
17.367000000000001,0,0,0
17.3675,0,0,0
17.367999999999999,0,0,0
17.368500000000001,0,0,0
17.369,0,0,0
17.369499999999999,0,0,0
17.370000000000001,0,0,0
17.3705,0,0,0
17.370999999999999,0,0,0
17.371500000000001,0,0,0
17.372,0,0,0
17.372499999999999,0,0,0
17.373000000000001,0,0,0
17.3735,0,0,0
17.373999999999999,0,0,0
17.374500000000001,0,0,0
17.375,0,0,0
17.375499999999999,0,0,0
17.376000000000001,0,0,0
17.3765,0,0,0
17.376999999999999,0,0,0
17.377500000000001,0,0,0
17.378,0,0,0
17.378499999999999,0,0,0
17.379000000000001,0,0,0
17.3795,0,0,0
17.379999999999999,0,0,0
17.380500000000001,0,0,0
17.381,0,0,0
17.381499999999999,0,0,0
17.382000000000001,0,0,0
17.3825,0,0,0
17.382999999999999,0,0,0
17.383500000000002,0,0,0
17.384,0,0,0
17.384499999999999,0,0,0
17.385000000000002,0,0,0
17.3855,0,0,0
17.385999999999999,0,0,0
17.386500000000002,0,0,0
17.387,0,0,0
17.387499999999999,0,0,0
17.388000000000002,0,0,0
17.388500000000001,0,0,0
17.388999999999999,0,0,0
17.389500000000002,0,0,0
17.390000000000001,0,0,0
17.390499999999999,0,0,0
17.390999999999998,0,0,0
17.391500000000001,0,0,0
17.391999999999999,0,0,0
17.392499999999998,0,0,0
17.393000000000001,0,0,0
17.3935,0,0,0
17.393999999999998,0,0,0
17.394500000000001,0,0,0
17.395,0,0,0
17.395499999999998,0,0,0
17.396000000000001,0,0,0
17.3965,0,0,0
17.396999999999998,0,0,0
17.397500000000001,0,0,0
17.398,0,0,0
17.398499999999999,0,0,0
17.399000000000001,0,0,0
17.3995,0,0,0
17.399999999999999,0,0,0
17.400500000000001,0,0,0
17.401,0,0,0
17.401499999999999,0,0,0
17.402000000000001,0,0,0
17.4025,0,0,0
17.402999999999999,0,0,0
17.403500000000001,0,0,0
17.404,0,0,0
17.404499999999999,0,0,0
17.405000000000001,0,0,0
17.4055,0,0,0
17.405999999999999,0,0,0
17.406500000000001,0,0,0
17.407,0,0,0
17.407499999999999,0,0,0
17.408000000000001,0,0,0
17.4085,0,0,0
17.408999999999999,0,0,0
17.409500000000001,0,0,0
17.41,0,0,0
17.410499999999999,0,0,0
17.411000000000001,0,0,0
17.4115,0,0,0
17.411999999999999,0,0,0
17.412500000000001,0,0,0
17.413,0,0,0
17.413499999999999,0,0,0
17.414000000000001,0,0,0
17.4145,0,0,0
17.414999999999999,0,0,0
17.415500000000002,0,0,0
17.416,0,0,0
17.416499999999999,0,0,0
17.417000000000002,0,0,0
17.4175,0,0,0
17.417999999999999,0,0,0
17.418500000000002,0,0,0
17.419,0,0,0
17.419499999999999,0,0,0
17.420000000000002,0,0,0
17.420500000000001,0,0,0
17.420999999999999,0,0,0
17.421500000000002,0,0,0
17.422000000000001,0,0,0
17.422499999999999,0,0,0
17.422999999999998,0,0,0
17.423500000000001,0,0,0
17.423999999999999,0,0,0
17.424499999999998,0,0,0
17.425000000000001,0,0,0
17.4255,0,0,0
17.425999999999998,0,0,0
17.426500000000001,0,0,0
17.427,0,0,0
17.427499999999998,0,0,0
17.428000000000001,0,0,0
17.4285,0,0,0
17.428999999999998,0,0,0
17.429500000000001,0,0,0
17.43,0,0,0
17.430499999999999,0,0,0
17.431000000000001,0,0,0
17.4315,0,0,0
17.431999999999999,0,0,0
17.432500000000001,0,0,0
17.433,0,0,0
17.433499999999999,0,0,0
17.434000000000001,0,0,0
17.4345,0,0,0
17.434999999999999,0,0,0
17.435500000000001,0,0,0
17.436,0,0,0
17.436499999999999,0,0,0
17.437000000000001,0,0,0
17.4375,0,0,0
17.437999999999999,0,0,0
17.438500000000001,0,0,0
17.439,0,0,0
17.439499999999999,0,0,0
17.440000000000001,0,0,0
17.4405,0,0,0
17.440999999999999,0,0,0
17.441500000000001,0,0,0
17.442,0,0,0
17.442499999999999,0,0,0
17.443000000000001,0,0,0
17.4435,0,0,0
17.443999999999999,0,0,0
17.444500000000001,0,0,0
17.445,0,0,0
17.445499999999999,0,0,0
17.446000000000002,0,0,0
17.4465,0,0,0
17.446999999999999,0,0,0
17.447500000000002,0,0,0
17.448,0,0,0
17.448499999999999,0,0,0
17.449000000000002,0,0,0
17.4495,0,0,0
17.449999999999999,0,0,0
17.450500000000002,0,0,0
17.451000000000001,0,0,0
17.451499999999999,0,0,0
17.452000000000002,0,0,0
17.452500000000001,0,0,0
17.452999999999999,0,0,0
17.453499999999998,0,0,0
17.454000000000001,0,0,0
17.454499999999999,0,0,0
17.454999999999998,0,0,0
17.455500000000001,0,0,0
17.456,0,0,0
17.456499999999998,0,0,0
17.457000000000001,0,0,0
17.4575,0,0,0
17.457999999999998,0,0,0
17.458500000000001,0,0,0
17.459,0,0,0
17.459499999999998,0,0,0
17.460000000000001,0,0,0
17.4605,0,0,0
17.460999999999999,0,0,0
17.461500000000001,0,0,0
17.462,0,0,0
17.462499999999999,0,0,0
17.463000000000001,0,0,0
17.4635,0,0,0
17.463999999999999,0,0,0
17.464500000000001,0,0,0
17.465,0,0,0
17.465499999999999,0,0,0
17.466000000000001,0,0,0
17.4665,0,0,0
17.466999999999999,0,0,0
17.467500000000001,0,0,0
17.468,0,0,0
17.468499999999999,0,0,0
17.469000000000001,0,0,0
17.4695,0,0,0
17.469999999999999,0,0,0
17.470500000000001,0,0,0
17.471,0,0,0
17.471499999999999,0,0,0
17.472000000000001,0,0,0
17.4725,0,0,0
17.472999999999999,0,0,0
17.473500000000001,0,0,0
17.474,0,0,0
17.474499999999999,0,0,0
17.475000000000001,0,0,0
17.4755,0,0,0
17.475999999999999,0,0,0
17.476500000000001,0,0,0
17.477,0,0,0
17.477499999999999,0,0,0
17.478000000000002,0,0,0
17.4785,0,0,0
17.478999999999999,0,0,0
17.479500000000002,0,0,0
17.48,0,0,0
17.480499999999999,0,0,0
17.481000000000002,0,0,0
17.4815,0,0,0
17.481999999999999,0,0,0
17.482500000000002,0,0,0
17.483000000000001,0,0,0
17.483499999999999,0,0,0
17.484000000000002,0,0,0
17.484500000000001,0,0,0
17.484999999999999,0,0,0
17.485499999999998,0,0,0
17.486000000000001,0,0,0
17.486499999999999,0,0,0
17.486999999999998,0,0,0
17.487500000000001,0,0,0
17.488,0,0,0
17.488499999999998,0,0,0
17.489000000000001,0,0,0
17.4895,0,0,0
17.489999999999998,0,0,0
17.490500000000001,0,0,0
17.491,0,0,0
17.491499999999998,0,0,0
17.492000000000001,0,0,0
17.4925,0,0,0
17.492999999999999,0,0,0
17.493500000000001,0,0,0
17.494,0,0,0
17.494499999999999,0,0,0
17.495000000000001,0,0,0
17.4955,0,0,0
17.495999999999999,0,0,0
17.496500000000001,0,0,0
17.497,0,0,0
17.497499999999999,0,0,0
17.498000000000001,0,0,0
17.4985,0,0,0
17.498999999999999,0,0,0
17.499500000000001,0,0,0
17.5,0,0,0
17.500499999999999,0,0,0
17.501000000000001,0,0,0
17.5015,0,0,0
17.501999999999999,0,0,0
17.502500000000001,0,0,0
17.503,0,0,0
17.503499999999999,0,0,0
17.504000000000001,0,0,0
17.5045,0,0,0
17.504999999999999,0,0,0
17.505500000000001,0,0,0
17.506,0,0,0
17.506499999999999,0,0,0
17.507000000000001,0,0,0
17.5075,0,0,0
17.507999999999999,0,0,0
17.508500000000002,0,0,0
17.509,0,0,0
17.509499999999999,0,0,0
17.510000000000002,0,0,0
17.5105,0,0,0
17.510999999999999,0,0,0
17.511500000000002,0,0,0
17.512,0,0,0
17.512499999999999,0,0,0
17.513000000000002,0,0,0
17.513500000000001,0,0,0
17.513999999999999,0,0,0
17.514500000000002,0,0,0
17.515000000000001,0,0,0
17.515499999999999,0,0,0
17.515999999999998,0,0,0
17.516500000000001,0,0,0
17.516999999999999,0,0,0
17.517499999999998,0,0,0
17.518000000000001,0,0,0
17.5185,0,0,0
17.518999999999998,0,0,0
17.519500000000001,0,0,0
17.52,0,0,0
17.520499999999998,0,0,0
17.521000000000001,0,0,0
17.5215,0,0,0
17.521999999999998,0,0,0
17.522500000000001,0,0,0
17.523,0,0,0
17.523499999999999,0,0,0
17.524000000000001,0,0,0
17.5245,0,0,0
17.524999999999999,0,0,0
17.525500000000001,0,0,0
17.526,0,0,0
17.526499999999999,0,0,0
17.527000000000001,0,0,0
17.5275,0,0,0
17.527999999999999,0,0,0
17.528500000000001,0,0,0
17.529,0,0,0
17.529499999999999,0,0,0
17.530000000000001,0,0,0
17.5305,0,0,0
17.530999999999999,0,0,0
17.531500000000001,0,0,0
17.532,0,0,0
17.532499999999999,0,0,0
17.533000000000001,0,0,0
17.5335,0,0,0
17.533999999999999,0,0,0
17.534500000000001,0,0,0
17.535,0,0,0
17.535499999999999,0,0,0
17.536000000000001,0,0,0
17.5365,0,0,0
17.536999999999999,0,0,0
17.537500000000001,0,0,0
17.538,0,0,0
17.538499999999999,0,0,0
17.539000000000001,0,0,0
17.5395,0,0,0
17.539999999999999,0,0,0
17.540500000000002,0,0,0
17.541,0,0,0
17.541499999999999,0,0,0
17.542000000000002,0,0,0
17.5425,0,0,0
17.542999999999999,0,0,0
17.543500000000002,0,0,0
17.544,0,0,0
17.544499999999999,0,0,0
17.545000000000002,0,0,0
17.545500000000001,0,0,0
17.545999999999999,0,0,0
17.546500000000002,0,0,0
17.547000000000001,0,0,0
17.547499999999999,0,0,0
17.547999999999998,0,0,0
17.548500000000001,0,0,0
17.548999999999999,0,0,0
17.549499999999998,0,0,0
17.550000000000001,0,0,0
17.5505,0,0,0
17.550999999999998,0,0,0
17.551500000000001,0,0,0
17.552,0,0,0
17.552499999999998,0,0,0
17.553000000000001,0,0,0
17.5535,0,0,0
17.553999999999998,0,0,0
17.554500000000001,0,0,0
17.555,0,0,0
17.555499999999999,0,0,0
17.556000000000001,0,0,0
17.5565,0,0,0
17.556999999999999,0,0,0
17.557500000000001,0,0,0
17.558,0,0,0
17.558499999999999,0,0,0
17.559000000000001,0,0,0
17.5595,0,0,0
17.559999999999999,0,0,0
17.560500000000001,0,0,0
17.561,0,0,0
17.561499999999999,0,0,0
17.562000000000001,0,0,0
17.5625,0,0,0
17.562999999999999,0,0,0
17.563500000000001,0,0,0
17.564,0,0,0
17.564499999999999,0,0,0
17.565000000000001,0,0,0
17.5655,0,0,0
17.565999999999999,0,0,0
17.566500000000001,0,0,0
17.567,0,0,0
17.567499999999999,0,0,0
17.568000000000001,0,0,0
17.5685,0,0,0
17.568999999999999,0,0,0
17.569500000000001,0,0,0
17.57,0,0,0
17.570499999999999,0,0,0
17.571000000000002,0,0,0
17.5715,0,0,0
17.571999999999999,0,0,0
17.572500000000002,0,0,0
17.573,0,0,0
17.573499999999999,0,0,0
17.574000000000002,0,0,0
17.5745,0,0,0
17.574999999999999,0,0,0
17.575500000000002,0,0,0
17.576000000000001,0,0,0
17.576499999999999,0,0,0
17.577000000000002,0,0,0
17.577500000000001,0,0,0
17.577999999999999,0,0,0
17.578499999999998,0,0,0
17.579000000000001,0,0,0
17.579499999999999,0,0,0
17.579999999999998,0,0,0
17.580500000000001,0,0,0
17.581,0,0,0
17.581499999999998,0,0,0
17.582000000000001,0,0,0
17.5825,0,0,0
17.582999999999998,0,0,0
17.583500000000001,0,0,0
17.584,0,0,0
17.584499999999998,0,0,0
17.585000000000001,0,0,0
17.5855,0,0,0
17.585999999999999,0,0,0
17.586500000000001,0,0,0
17.587,0,0,0
17.587499999999999,0,0,0
17.588000000000001,0,0,0
17.5885,0,0,0
17.588999999999999,0,0,0
17.589500000000001,0,0,0
17.59,0,0,0
17.590499999999999,0,0,0
17.591000000000001,0,0,0
17.5915,0,0,0
17.591999999999999,0,0,0
17.592500000000001,0,0,0
17.593,0,0,0
17.593499999999999,0,0,0
17.594000000000001,0,0,0
17.5945,0,0,0
17.594999999999999,0,0,0
17.595500000000001,0,0,0
17.596,0,0,0
17.596499999999999,0,0,0
17.597000000000001,0,0,0
17.5975,0,0,0
17.597999999999999,0,0,0
17.598500000000001,0,0,0
17.599,0,0,0
17.599499999999999,0,0,0
17.600000000000001,0,0,0
17.6005,0,0,0
17.600999999999999,0,0,0
17.601500000000001,0,0,0
17.602,0,0,0
17.602499999999999,0,0,0
17.603000000000002,0,0,0
17.6035,0,0,0
17.603999999999999,0,0,0
17.604500000000002,0,0,0
17.605,0,0,0
17.605499999999999,0,0,0
17.606000000000002,0,0,0
17.6065,0,0,0
17.606999999999999,0,0,0
17.607500000000002,0,0,0
17.608000000000001,0,0,0
17.608499999999999,0,0,0
17.609000000000002,0,0,0
17.609500000000001,0,0,0
17.609999999999999,0,0,0
17.610499999999998,0,0,0
17.611000000000001,0,0,0
17.611499999999999,0,0,0
17.611999999999998,0,0,0
17.612500000000001,0,0,0
17.613,0,0,0
17.613499999999998,0,0,0
17.614000000000001,0,0,0
17.6145,0,0,0
17.614999999999998,0,0,0
17.615500000000001,0,0,0
17.616,0,0,0
17.616499999999998,0,0,0
17.617000000000001,0,0,0
17.6175,0,0,0
17.617999999999999,0,0,0
17.618500000000001,0,0,0
17.619,0,0,0
17.619499999999999,0,0,0
17.620000000000001,0,0,0
17.6205,0,0,0
17.620999999999999,0,0,0
17.621500000000001,0,0,0
17.622,0,0,0
17.622499999999999,0,0,0
17.623000000000001,0,0,0
17.6235,0,0,0
17.623999999999999,0,0,0
17.624500000000001,0,0,0
17.625,0,0,0
17.625499999999999,0,0,0
17.626000000000001,0,0,0
17.6265,0,0,0
17.626999999999999,0,0,0
17.627500000000001,0,0,0
17.628,0,0,0
17.628499999999999,0,0,0
17.629000000000001,0,0,0
17.6295,0,0,0
17.629999999999999,0,0,0
17.630500000000001,0,0,0
17.631,0,0,0
17.631499999999999,0,0,0
17.632000000000001,0,0,0
17.6325,0,0,0
17.632999999999999,0,0,0
17.633500000000002,0,0,0
17.634,0,0,0
17.634499999999999,0,0,0
17.635000000000002,0,0,0
17.6355,0,0,0
17.635999999999999,0,0,0
17.636500000000002,0,0,0
17.637,0,0,0
17.637499999999999,0,0,0
17.638000000000002,0,0,0
17.638500000000001,0,0,0
17.638999999999999,0,0,0
17.639500000000002,0,0,0
17.640000000000001,0,0,0
17.640499999999999,0,0,0
17.640999999999998,0,0,0
17.641500000000001,0,0,0
17.641999999999999,0,0,0
17.642499999999998,0,0,0
17.643000000000001,0,0,0
17.6435,0,0,0
17.643999999999998,0,0,0
17.644500000000001,0,0,0
17.645,0,0,0
17.645499999999998,0,0,0
17.646000000000001,0,0,0
17.6465,0,0,0
17.646999999999998,0,0,0
17.647500000000001,0,0,0
17.648,0,0,0
17.648499999999999,0,0,0
17.649000000000001,0,0,0
17.6495,0,0,0
17.649999999999999,0,0,0
17.650500000000001,0,0,0
17.651,0,0,0
17.651499999999999,0,0,0
17.652000000000001,0,0,0
17.6525,0,0,0
17.652999999999999,0,0,0
17.653500000000001,0,0,0
17.654,0,0,0
17.654499999999999,0,0,0
17.655000000000001,0,0,0
17.6555,0,0,0
17.655999999999999,0,0,0
17.656500000000001,0,0,0
17.657,0,0,0
17.657499999999999,0,0,0
17.658000000000001,0,0,0
17.6585,0,0,0
17.658999999999999,0,0,0
17.659500000000001,0,0,0
17.66,0,0,0
17.660499999999999,0,0,0
17.661000000000001,0,0,0
17.6615,0,0,0
17.661999999999999,0,0,0
17.662500000000001,0,0,0
17.663,0,0,0
17.663499999999999,0,0,0
17.664000000000001,0,0,0
17.6645,0,0,0
17.664999999999999,0,0,0
17.665500000000002,0,0,0
17.666,0,0,0
17.666499999999999,0,0,0
17.667000000000002,0,0,0
17.6675,0,0,0
17.667999999999999,0,0,0
17.668500000000002,0,0,0
17.669,0,0,0
17.669499999999999,0,0,0
17.670000000000002,0,0,0
17.670500000000001,0,0,0
17.670999999999999,0,0,0
17.671500000000002,0,0,0
17.672000000000001,0,0,0
17.672499999999999,0,0,0
17.672999999999998,0,0,0
17.673500000000001,0,0,0
17.673999999999999,0,0,0
17.674499999999998,0,0,0
17.675000000000001,0,0,0
17.6755,0,0,0
17.675999999999998,0,0,0
17.676500000000001,0,0,0
17.677,0,0,0
17.677499999999998,0,0,0
17.678000000000001,0,0,0
17.6785,0,0,0
17.678999999999998,0,0,0
17.679500000000001,0,0,0
17.68,0,0,0
17.680499999999999,0,0,0
17.681000000000001,0,0,0
17.6815,0,0,0
17.681999999999999,0,0,0
17.682500000000001,0,0,0
17.683,0,0,0
17.683499999999999,0,0,0
17.684000000000001,0,0,0
17.6845,0,0,0
17.684999999999999,0,0,0
17.685500000000001,0,0,0
17.686,0,0,0
17.686499999999999,0,0,0
17.687000000000001,0,0,0
17.6875,0,0,0
17.687999999999999,0,0,0
17.688500000000001,0,0,0
17.689,0,0,0
17.689499999999999,0,0,0
17.690000000000001,0,0,0
17.6905,0,0,0
17.690999999999999,0,0,0
17.691500000000001,0,0,0
17.692,0,0,0
17.692499999999999,0,0,0
17.693000000000001,0,0,0
17.6935,0,0,0
17.693999999999999,0,0,0
17.694500000000001,0,0,0
17.695,0,0,0
17.695499999999999,0,0,0
17.696000000000002,0,0,0
17.6965,0,0,0
17.696999999999999,0,0,0
17.697500000000002,0,0,0
17.698,0,0,0
17.698499999999999,0,0,0
17.699000000000002,0,0,0
17.6995,0,0,0
17.699999999999999,0,0,0
17.700500000000002,0,0,0
17.701000000000001,0,0,0
17.701499999999999,0,0,0
17.702000000000002,0,0,0
17.702500000000001,0,0,0
17.702999999999999,0,0,0
17.703499999999998,0,0,0
17.704000000000001,0,0,0
17.704499999999999,0,0,0
17.704999999999998,0,0,0
17.705500000000001,0,0,0
17.706,0,0,0
17.706499999999998,0,0,0
17.707000000000001,0,0,0
17.7075,0,0,0
17.707999999999998,0,0,0
17.708500000000001,0,0,0
17.709,0,0,0
17.709499999999998,0,0,0
17.710000000000001,0,0,0
17.7105,0,0,0
17.710999999999999,0,0,0
17.711500000000001,0,0,0
17.712,0,0,0
17.712499999999999,0,0,0
17.713000000000001,0,0,0
17.7135,0,0,0
17.713999999999999,0,0,0
17.714500000000001,0,0,0
17.715,0,0,0
17.715499999999999,0,0,0
17.716000000000001,0,0,0
17.7165,0,0,0
17.716999999999999,0,0,0
17.717500000000001,0,0,0
17.718,0,0,0
17.718499999999999,0,0,0
17.719000000000001,0,0,0
17.7195,0,0,0
17.719999999999999,0,0,0
17.720500000000001,0,0,0
17.721,0,0,0
17.721499999999999,0,0,0
17.722000000000001,0,0,0
17.7225,0,0,0
17.722999999999999,0,0,0
17.723500000000001,0,0,0
17.724,0,0,0
17.724499999999999,0,0,0
17.725000000000001,0,0,0
17.7255,0,0,0
17.725999999999999,0,0,0
17.726500000000001,0,0,0
17.727,0,0,0
17.727499999999999,0,0,0
17.728000000000002,0,0,0
17.7285,0,0,0
17.728999999999999,0,0,0
17.729500000000002,0,0,0
17.73,0,0,0
17.730499999999999,0,0,0
17.731000000000002,0,0,0
17.7315,0,0,0
17.731999999999999,0,0,0
17.732500000000002,0,0,0
17.733000000000001,0,0,0
17.733499999999999,0,0,0
17.734000000000002,0,0,0
17.734500000000001,0,0,0
17.734999999999999,0,0,0
17.735499999999998,0,0,0
17.736000000000001,0,0,0
17.736499999999999,0,0,0
17.736999999999998,0,0,0
17.737500000000001,0,0,0
17.738,0,0,0
17.738499999999998,0,0,0
17.739000000000001,0,0,0
17.7395,0,0,0
17.739999999999998,0,0,0
17.740500000000001,0,0,0
17.741,0,0,0
17.741499999999998,0,0,0
17.742000000000001,0,0,0
17.7425,0,0,0
17.742999999999999,0,0,0
17.743500000000001,0,0,0
17.744,0,0,0
17.744499999999999,0,0,0
17.745000000000001,0,0,0
17.7455,0,0,0
17.745999999999999,0,0,0
17.746500000000001,0,0,0
17.747,0,0,0
17.747499999999999,0,0,0
17.748000000000001,0,0,0
17.7485,0,0,0
17.748999999999999,0,0,0
17.749500000000001,0,0,0
17.75,0,0,0
17.750499999999999,0,0,0
17.751000000000001,0,0,0
17.7515,0,0,0
17.751999999999999,0,0,0
17.752500000000001,0,0,0
17.753,0,0,0
17.753499999999999,0,0,0
17.754000000000001,0,0,0
17.7545,0,0,0
17.754999999999999,0,0,0
17.755500000000001,0,0,0
17.756,0,0,0
17.756499999999999,0,0,0
17.757000000000001,0,0,0
17.7575,0,0,0
17.757999999999999,0,0,0
17.758500000000002,0,0,0
17.759,0,0,0
17.759499999999999,0,0,0
17.760000000000002,0,0,0
17.7605,0,0,0
17.760999999999999,0,0,0
17.761500000000002,0,0,0
17.762,0,0,0
17.762499999999999,0,0,0
17.763000000000002,0,0,0
17.763500000000001,0,0,0
17.763999999999999,0,0,0
17.764500000000002,0,0,0
17.765000000000001,0,0,0
17.765499999999999,0,0,0
17.765999999999998,0,0,0
17.766500000000001,0,0,0
17.766999999999999,0,0,0
17.767499999999998,0,0,0
17.768000000000001,0,0,0
17.7685,0,0,0
17.768999999999998,0,0,0
17.769500000000001,0,0,0
17.77,0,0,0
17.770499999999998,0,0,0
17.771000000000001,0,0,0
17.7715,0,0,0
17.771999999999998,0,0,0
17.772500000000001,0,0,0
17.773,0,0,0
17.773499999999999,0,0,0
17.774000000000001,0,0,0
17.7745,0,0,0
17.774999999999999,0,0,0
17.775500000000001,0,0,0
17.776,0,0,0
17.776499999999999,0,0,0
17.777000000000001,0,0,0
17.7775,0,0,0
17.777999999999999,0,0,0
17.778500000000001,0,0,0
17.779,0,0,0
17.779499999999999,0,0,0
17.780000000000001,0,0,0
17.7805,0,0,0
17.780999999999999,0,0,0
17.781500000000001,0,0,0
17.782,0,0,0
17.782499999999999,0,0,0
17.783000000000001,0,0,0
17.7835,0,0,0
17.783999999999999,0,0,0
17.784500000000001,0,0,0
17.785,0,0,0
17.785499999999999,0,0,0
17.786000000000001,0,0,0
17.7865,0,0,0
17.786999999999999,0,0,0
17.787500000000001,0,0,0
17.788,0,0,0
17.788499999999999,0,0,0
17.789000000000001,0,0,0
17.7895,0,0,0
17.789999999999999,0,0,0
17.790500000000002,0,0,0
17.791,0,0,0
17.791499999999999,0,0,0
17.792000000000002,0,0,0
17.7925,0,0,0
17.792999999999999,0,0,0
17.793500000000002,0,0,0
17.794,0,0,0
17.794499999999999,0,0,0
17.795000000000002,0,0,0
17.795500000000001,0,0,0
17.795999999999999,0,0,0
17.796500000000002,0,0,0
17.797000000000001,0,0,0
17.797499999999999,0,0,0
17.797999999999998,0,0,0
17.798500000000001,0,0,0
17.798999999999999,0,0,0
17.799499999999998,0,0,0
17.800000000000001,0,0,0
17.8005,0,0,0
17.800999999999998,0,0,0
17.801500000000001,0,0,0
17.802,0,0,0
17.802499999999998,0,0,0
17.803000000000001,0,0,0
17.8035,0,0,0
17.803999999999998,0,0,0
17.804500000000001,0,0,0
17.805,0,0,0
17.805499999999999,0,0,0
17.806000000000001,0,0,0
17.8065,0,0,0
17.806999999999999,0,0,0
17.807500000000001,0,0,0
17.808,0,0,0
17.808499999999999,0,0,0
17.809000000000001,0,0,0
17.8095,0,0,0
17.809999999999999,0,0,0
17.810500000000001,0,0,0
17.811,0,0,0
17.811499999999999,0,0,0
17.812000000000001,0,0,0
17.8125,0,0,0
17.812999999999999,0,0,0
17.813500000000001,0,0,0
17.814,0,0,0
17.814499999999999,0,0,0
17.815000000000001,0,0,0
17.8155,0,0,0
17.815999999999999,0,0,0
17.816500000000001,0,0,0
17.817,0,0,0
17.817499999999999,0,0,0
17.818000000000001,0,0,0
17.8185,0,0,0
17.818999999999999,0,0,0
17.819500000000001,0,0,0
17.82,0,0,0
17.820499999999999,0,0,0
17.821000000000002,0,0,0
17.8215,0,0,0
17.821999999999999,0,0,0
17.822500000000002,0,0,0
17.823,0,0,0
17.823499999999999,0,0,0
17.824000000000002,0,0,0
17.8245,0,0,0
17.824999999999999,0,0,0
17.825500000000002,0,0,0
17.826000000000001,0,0,0
17.826499999999999,0,0,0
17.827000000000002,0,0,0
17.827500000000001,0,0,0
17.827999999999999,0,0,0
17.828499999999998,0,0,0
17.829000000000001,0,0,0
17.829499999999999,0,0,0
17.829999999999998,0,0,0
17.830500000000001,0,0,0
17.831,0,0,0
17.831499999999998,0,0,0
17.832000000000001,0,0,0
17.8325,0,0,0
17.832999999999998,0,0,0
17.833500000000001,0,0,0
17.834,0,0,0
17.834499999999998,0,0,0
17.835000000000001,0,0,0
17.8355,0,0,0
17.835999999999999,0,0,0
17.836500000000001,0,0,0
17.837,0,0,0
17.837499999999999,0,0,0
17.838000000000001,0,0,0
17.8385,0,0,0
17.838999999999999,0,0,0
17.839500000000001,0,0,0
17.84,0,0,0
17.840499999999999,0,0,0
17.841000000000001,0,0,0
17.8415,0,0,0
17.841999999999999,0,0,0
17.842500000000001,0,0,0
17.843,0,0,0
17.843499999999999,0,0,0
17.844000000000001,0,0,0
17.8445,0,0,0
17.844999999999999,0,0,0
17.845500000000001,0,0,0
17.846,0,0,0
17.846499999999999,0,0,0
17.847000000000001,0,0,0
17.8475,0,0,0
17.847999999999999,0,0,0
17.848500000000001,0,0,0
17.849,0,0,0
17.849499999999999,0,0,0
17.850000000000001,0,0,0
17.8505,0,0,0
17.850999999999999,0,0,0
17.851500000000001,0,0,0
17.852,0,0,0
17.852499999999999,0,0,0
17.853000000000002,0,0,0
17.8535,0,0,0
17.853999999999999,0,0,0
17.854500000000002,0,0,0
17.855,0,0,0
17.855499999999999,0,0,0
17.856000000000002,0,0,0
17.8565,0,0,0
17.856999999999999,0,0,0
17.857500000000002,0,0,0
17.858000000000001,0,0,0
17.858499999999999,0,0,0
17.859000000000002,0,0,0
17.859500000000001,0,0,0
17.859999999999999,0,0,0
17.860499999999998,0,0,0
17.861000000000001,0,0,0
17.861499999999999,0,0,0
17.861999999999998,0,0,0
17.862500000000001,0,0,0
17.863,0,0,0
17.863499999999998,0,0,0
17.864000000000001,0,0,0
17.8645,0,0,0
17.864999999999998,0,0,0
17.865500000000001,0,0,0
17.866,0,0,0
17.866499999999998,0,0,0
17.867000000000001,0,0,0
17.8675,0,0,0
17.867999999999999,0,0,0
17.868500000000001,0,0,0
17.869,0,0,0
17.869499999999999,0,0,0
17.870000000000001,0,0,0
17.8705,0,0,0
17.870999999999999,0,0,0
17.871500000000001,0,0,0
17.872,0,0,0
17.872499999999999,0,0,0
17.873000000000001,0,0,0
17.8735,0,0,0
17.873999999999999,0,0,0
17.874500000000001,0,0,0
17.875,0,0,0
17.875499999999999,0,0,0
17.876000000000001,0,0,0
17.8765,0,0,0
17.876999999999999,0,0,0
17.877500000000001,0,0,0
17.878,0,0,0
17.878499999999999,0,0,0
17.879000000000001,0,0,0
17.8795,0,0,0
17.879999999999999,0,0,0
17.880500000000001,0,0,0
17.881,0,0,0
17.881499999999999,0,0,0
17.882000000000001,0,0,0
17.8825,0,0,0
17.882999999999999,0,0,0
17.883500000000002,0,0,0
17.884,0,0,0
17.884499999999999,0,0,0
17.885000000000002,0,0,0
17.8855,0,0,0
17.885999999999999,0,0,0
17.886500000000002,0,0,0
17.887,0,0,0
17.887499999999999,0,0,0
17.888000000000002,0,0,0
17.888500000000001,0,0,0
17.888999999999999,0,0,0
17.889500000000002,0,0,0
17.890000000000001,0,0,0
17.890499999999999,0,0,0
17.890999999999998,0,0,0
17.891500000000001,0,0,0
17.891999999999999,0,0,0
17.892499999999998,0,0,0
17.893000000000001,0,0,0
17.8935,0,0,0
17.893999999999998,0,0,0
17.894500000000001,0,0,0
17.895,0,0,0
17.895499999999998,0,0,0
17.896000000000001,0,0,0
17.8965,0,0,0
17.896999999999998,0,0,0
17.897500000000001,0,0,0
17.898,0,0,0
17.898499999999999,0,0,0
17.899000000000001,0,0,0
17.8995,0,0,0
17.899999999999999,0,0,0
17.900500000000001,0,0,0
17.901,0,0,0
17.901499999999999,0,0,0
17.902000000000001,0,0,0
17.9025,0,0,0
17.902999999999999,0,0,0
17.903500000000001,0,0,0
17.904,0,0,0
17.904499999999999,0,0,0
17.905000000000001,0,0,0
17.9055,0,0,0
17.905999999999999,0,0,0
17.906500000000001,0,0,0
17.907,0,0,0
17.907499999999999,0,0,0
17.908000000000001,0,0,0
17.9085,0,0,0
17.908999999999999,0,0,0
17.909500000000001,0,0,0
17.91,0,0,0
17.910499999999999,0,0,0
17.911000000000001,0,0,0
17.9115,0,0,0
17.911999999999999,0,0,0
17.912500000000001,0,0,0
17.913,0,0,0
17.913499999999999,0,0,0
17.914000000000001,0,0,0
17.9145,0,0,0
17.914999999999999,0,0,0
17.915500000000002,0,0,0
17.916,0,0,0
17.916499999999999,0,0,0
17.917000000000002,0,0,0
17.9175,0,0,0
17.917999999999999,0,0,0
17.918500000000002,0,0,0
17.919,0,0,0
17.919499999999999,0,0,0
17.920000000000002,0,0,0
17.920500000000001,0,0,0
17.920999999999999,0,0,0
17.921500000000002,0,0,0
17.922000000000001,0,0,0
17.922499999999999,0,0,0
17.922999999999998,0,0,0
17.923500000000001,0,0,0
17.923999999999999,0,0,0
17.924499999999998,0,0,0
17.925000000000001,0,0,0
17.9255,0,0,0
17.925999999999998,0,0,0
17.926500000000001,0,0,0
17.927,0,0,0
17.927499999999998,0,0,0
17.928000000000001,0,0,0
17.9285,0,0,0
17.928999999999998,0,0,0
17.929500000000001,0,0,0
17.93,0,0,0
17.930499999999999,0,0,0
17.931000000000001,0,0,0
17.9315,0,0,0
17.931999999999999,0,0,0
17.932500000000001,0,0,0
17.933,0,0,0
17.933499999999999,0,0,0
17.934000000000001,0,0,0
17.9345,0,0,0
17.934999999999999,0,0,0
17.935500000000001,0,0,0
17.936,0,0,0
17.936499999999999,0,0,0
17.937000000000001,0,0,0
17.9375,0,0,0
17.937999999999999,0,0,0
17.938500000000001,0,0,0
17.939,0,0,0
17.939499999999999,0,0,0
17.940000000000001,0,0,0
17.9405,0,0,0
17.940999999999999,0,0,0
17.941500000000001,0,0,0
17.942,0,0,0
17.942499999999999,0,0,0
17.943000000000001,0,0,0
17.9435,0,0,0
17.943999999999999,0,0,0
17.944500000000001,0,0,0
17.945,0,0,0
17.945499999999999,0,0,0
17.946000000000002,0,0,0
17.9465,0,0,0
17.946999999999999,0,0,0
17.947500000000002,0,0,0
17.948,0,0,0
17.948499999999999,0,0,0
17.949000000000002,0,0,0
17.9495,0,0,0
17.949999999999999,0,0,0
17.950500000000002,0,0,0
17.951000000000001,0,0,0
17.951499999999999,0,0,0
17.952000000000002,0,0,0
17.952500000000001,0,0,0
17.952999999999999,0,0,0
17.953499999999998,0,0,0
17.954000000000001,0,0,0
17.954499999999999,0,0,0
17.954999999999998,0,0,0
17.955500000000001,0,0,0
17.956,0,0,0
17.956499999999998,0,0,0
17.957000000000001,0,0,0
17.9575,0,0,0
17.957999999999998,0,0,0
17.958500000000001,0,0,0
17.959,0,0,0
17.959499999999998,0,0,0
17.960000000000001,0,0,0
17.9605,0,0,0
17.960999999999999,0,0,0
17.961500000000001,0,0,0
17.962,0,0,0
17.962499999999999,0,0,0
17.963000000000001,0,0,0
17.9635,0,0,0
17.963999999999999,0,0,0
17.964500000000001,0,0,0
17.965,0,0,0
17.965499999999999,0,0,0
17.966000000000001,0,0,0
17.9665,0,0,0
17.966999999999999,0,0,0
17.967500000000001,0,0,0
17.968,0,0,0
17.968499999999999,0,0,0
17.969000000000001,0,0,0
17.9695,0,0,0
17.969999999999999,0,0,0
17.970500000000001,0,0,0
17.971,0,0,0
17.971499999999999,0,0,0
17.972000000000001,0,0,0
17.9725,0,0,0
17.972999999999999,0,0,0
17.973500000000001,0,0,0
17.974,0,0,0
17.974499999999999,0,0,0
17.975000000000001,0,0,0
17.9755,0,0,0
17.975999999999999,0,0,0
17.976500000000001,0,0,0
17.977,0,0,0
17.977499999999999,0,0,0
17.978000000000002,0,0,0
17.9785,0,0,0
17.978999999999999,0,0,0
17.979500000000002,0,0,0
17.98,0,0,0
17.980499999999999,0,0,0
17.981000000000002,0,0,0
17.9815,0,0,0
17.981999999999999,0,0,0
17.982500000000002,0,0,0
17.983000000000001,0,0,0
17.983499999999999,0,0,0
17.984000000000002,0,0,0
17.984500000000001,0,0,0
17.984999999999999,0,0,0
17.985499999999998,0,0,0
17.986000000000001,0,0,0
17.986499999999999,0,0,0
17.986999999999998,0,0,0
17.987500000000001,0,0,0
17.988,0,0,0
17.988499999999998,0,0,0
17.989000000000001,0,0,0
17.9895,0,0,0
17.989999999999998,0,0,0
17.990500000000001,0,0,0
17.991,0,0,0
17.991499999999998,0,0,0
17.992000000000001,0,0,0
17.9925,0,0,0
17.992999999999999,0,0,0
17.993500000000001,0,0,0
17.994,0,0,0
17.994499999999999,0,0,0
17.995000000000001,0,0,0
17.9955,0,0,0
17.995999999999999,0,0,0
17.996500000000001,0,0,0
17.997,0,0,0
17.997499999999999,0,0,0
17.998000000000001,0,0,0
17.9985,0,0,0
17.998999999999999,0,0,0
17.999500000000001,0,0,0
18,0,0,0
18.000499999999999,0,0,0
18.001000000000001,0,0,0
18.0015,0,0,0
18.001999999999999,0,0,0
18.002500000000001,0,0,0
18.003,0,0,0
18.003499999999999,0,0,0
18.004000000000001,0,0,0
18.0045,0,0,0
18.004999999999999,0,0,0
18.005500000000001,0,0,0
18.006,0,0,0
18.006499999999999,0,0,0
18.007000000000001,0,0,0
18.0075,0,0,0
18.007999999999999,0,0,0
18.008500000000002,0,0,0
18.009,0,0,0
18.009499999999999,0,0,0
18.010000000000002,0,0,0
18.0105,0,0,0
18.010999999999999,0,0,0
18.011500000000002,0,0,0
18.012,0,0,0
18.012499999999999,0,0,0
18.013000000000002,0,0,0
18.013500000000001,0,0,0
18.013999999999999,0,0,0
18.014500000000002,0,0,0
18.015000000000001,0,0,0
18.015499999999999,0,0,0
18.015999999999998,0,0,0
18.016500000000001,0,0,0
18.016999999999999,0,0,0
18.017499999999998,0,0,0
18.018000000000001,0,0,0
18.0185,0,0,0
18.018999999999998,0,0,0
18.019500000000001,0,0,0
18.02,0,0,0
18.020499999999998,0,0,0
18.021000000000001,0,0,0
18.0215,0,0,0
18.021999999999998,0,0,0
18.022500000000001,0,0,0
18.023,0,0,0
18.023499999999999,0,0,0
18.024000000000001,0,0,0
18.0245,0,0,0
18.024999999999999,0,0,0
18.025500000000001,0,0,0
18.026,0,0,0
18.026499999999999,0,0,0
18.027000000000001,0,0,0
18.0275,0,0,0
18.027999999999999,0,0,0
18.028500000000001,0,0,0
18.029,0,0,0
18.029499999999999,0,0,0
18.030000000000001,0,0,0
18.0305,0,0,0
18.030999999999999,0,0,0
18.031500000000001,0,0,0
18.032,0,0,0
18.032499999999999,0,0,0
18.033000000000001,0,0,0
18.0335,0,0,0
18.033999999999999,0,0,0
18.034500000000001,0,0,0
18.035,0,0,0
18.035499999999999,0,0,0
18.036000000000001,0,0,0
18.0365,0,0,0
18.036999999999999,0,0,0
18.037500000000001,0,0,0
18.038,0,0,0
18.038499999999999,0,0,0
18.039000000000001,0,0,0
18.0395,0,0,0
18.039999999999999,0,0,0
18.040500000000002,0,0,0
18.041,0,0,0
18.041499999999999,0,0,0
18.042000000000002,0,0,0
18.0425,0,0,0
18.042999999999999,0,0,0
18.043500000000002,0,0,0
18.044,0,0,0
18.044499999999999,0,0,0
18.045000000000002,0,0,0
18.045500000000001,0,0,0
18.045999999999999,0,0,0
18.046500000000002,0,0,0
18.047000000000001,0,0,0
18.047499999999999,0,0,0
18.047999999999998,0,0,0
18.048500000000001,0,0,0
18.048999999999999,0,0,0
18.049499999999998,0,0,0
18.050000000000001,0,0,0
18.0505,0,0,0
18.050999999999998,0,0,0
18.051500000000001,0,0,0
18.052,0,0,0
18.052499999999998,0,0,0
18.053000000000001,0,0,0
18.0535,0,0,0
18.053999999999998,0,0,0
18.054500000000001,0,0,0
18.055,0,0,0
18.055499999999999,0,0,0
18.056000000000001,0,0,0
18.0565,0,0,0
18.056999999999999,0,0,0
18.057500000000001,0,0,0
18.058,0,0,0
18.058499999999999,0,0,0
18.059000000000001,0,0,0
18.0595,0,0,0
18.059999999999999,0,0,0
18.060500000000001,0,0,0
18.061,0,0,0
18.061499999999999,0,0,0
18.062000000000001,0,0,0
18.0625,0,0,0
18.062999999999999,0,0,0
18.063500000000001,0,0,0
18.064,0,0,0
18.064499999999999,0,0,0
18.065000000000001,0,0,0
18.0655,0,0,0
18.065999999999999,0,0,0
18.066500000000001,0,0,0
18.067,0,0,0
18.067499999999999,0,0,0
18.068000000000001,0,0,0
18.0685,0,0,0
18.068999999999999,0,0,0
18.069500000000001,0,0,0
18.07,0,0,0
18.070499999999999,0,0,0
18.071000000000002,0,0,0
18.0715,0,0,0
18.071999999999999,0,0,0
18.072500000000002,0,0,0
18.073,0,0,0
18.073499999999999,0,0,0
18.074000000000002,0,0,0
18.0745,0,0,0
18.074999999999999,0,0,0
18.075500000000002,0,0,0
18.076000000000001,0,0,0
18.076499999999999,0,0,0
18.077000000000002,0,0,0
18.077500000000001,0,0,0
18.077999999999999,0,0,0
18.078499999999998,0,0,0
18.079000000000001,0,0,0
18.079499999999999,0,0,0
18.079999999999998,0,0,0
18.080500000000001,0,0,0
18.081,0,0,0
18.081499999999998,0,0,0
18.082000000000001,0,0,0
18.0825,0,0,0
18.082999999999998,0,0,0
18.083500000000001,0,0,0
18.084,0,0,0
18.084499999999998,0,0,0
18.085000000000001,0,0,0
18.0855,0,0,0
18.085999999999999,0,0,0
18.086500000000001,0,0,0
18.087,0,0,0
18.087499999999999,0,0,0
18.088000000000001,0,0,0
18.0885,0,0,0
18.088999999999999,0,0,0
18.089500000000001,0,0,0
18.09,0,0,0
18.090499999999999,0,0,0
18.091000000000001,0,0,0
18.0915,0,0,0
18.091999999999999,0,0,0
18.092500000000001,0,0,0
18.093,0,0,0
18.093499999999999,0,0,0
18.094000000000001,0,0,0
18.0945,0,0,0
18.094999999999999,0,0,0
18.095500000000001,0,0,0
18.096,0,0,0
18.096499999999999,0,0,0
18.097000000000001,0,0,0
18.0975,0,0,0
18.097999999999999,0,0,0
18.098500000000001,0,0,0
18.099,0,0,0
18.099499999999999,0,0,0
18.100000000000001,0,0,0
18.1005,0,0,0
18.100999999999999,0,0,0
18.101500000000001,0,0,0
18.102,0,0,0
18.102499999999999,0,0,0
18.103000000000002,0,0,0
18.1035,0,0,0
18.103999999999999,0,0,0
18.104500000000002,0,0,0
18.105,0,0,0
18.105499999999999,0,0,0
18.106000000000002,0,0,0
18.1065,0,0,0
18.106999999999999,0,0,0
18.107500000000002,0,0,0
18.108000000000001,0,0,0
18.108499999999999,0,0,0
18.109000000000002,0,0,0
18.109500000000001,0,0,0
18.109999999999999,0,0,0
18.110499999999998,0,0,0
18.111000000000001,0,0,0
18.111499999999999,0,0,0
18.111999999999998,0,0,0
18.112500000000001,0,0,0
18.113,0,0,0
18.113499999999998,0,0,0
18.114000000000001,0,0,0
18.1145,0,0,0
18.114999999999998,0,0,0
18.115500000000001,0,0,0
18.116,0,0,0
18.116499999999998,0,0,0
18.117000000000001,0,0,0
18.1175,0,0,0
18.117999999999999,0,0,0
18.118500000000001,0,0,0
18.119,0,0,0
18.119499999999999,0,0,0
18.120000000000001,0,0,0
18.1205,0,0,0
18.120999999999999,0,0,0
18.121500000000001,0,0,0
18.122,0,0,0
18.122499999999999,0,0,0
18.123000000000001,0,0,0
18.1235,0,0,0
18.123999999999999,0,0,0
18.124500000000001,0,0,0
18.125,0,0,0
18.125499999999999,0,0,0
18.126000000000001,0,0,0
18.1265,0,0,0
18.126999999999999,0,0,0
18.127500000000001,0,0,0
18.128,0,0,0
18.128499999999999,0,0,0
18.129000000000001,0,0,0
18.1295,0,0,0
18.129999999999999,0,0,0
18.130500000000001,0,0,0
18.131,0,0,0
18.131499999999999,0,0,0
18.132000000000001,0,0,0
18.1325,0,0,0
18.132999999999999,0,0,0
18.133500000000002,0,0,0
18.134,0,0,0
18.134499999999999,0,0,0
18.135000000000002,0,0,0
18.1355,0,0,0
18.135999999999999,0,0,0
18.136500000000002,0,0,0
18.137,0,0,0
18.137499999999999,0,0,0
18.138000000000002,0,0,0
18.138500000000001,0,0,0
18.138999999999999,0,0,0
18.139500000000002,0,0,0
18.140000000000001,0,0,0
18.140499999999999,0,0,0
18.140999999999998,0,0,0
18.141500000000001,0,0,0
18.141999999999999,0,0,0
18.142499999999998,0,0,0
18.143000000000001,0,0,0
18.1435,0,0,0
18.143999999999998,0,0,0
18.144500000000001,0,0,0
18.145,0,0,0
18.145499999999998,0,0,0
18.146000000000001,0,0,0
18.1465,0,0,0
18.146999999999998,0,0,0
18.147500000000001,0,0,0
18.148,0,0,0
18.148499999999999,0,0,0
18.149000000000001,0,0,0
18.1495,0,0,0
18.149999999999999,0,0,0
18.150500000000001,0,0,0
18.151,0,0,0
18.151499999999999,0,0,0
18.152000000000001,0,0,0
18.1525,0,0,0
18.152999999999999,0,0,0
18.153500000000001,0,0,0
18.154,0,0,0
18.154499999999999,0,0,0
18.155000000000001,0,0,0
18.1555,0,0,0
18.155999999999999,0,0,0
18.156500000000001,0,0,0
18.157,0,0,0
18.157499999999999,0,0,0
18.158000000000001,0,0,0
18.1585,0,0,0
18.158999999999999,0,0,0
18.159500000000001,0,0,0
18.16,0,0,0
18.160499999999999,0,0,0
18.161000000000001,0,0,0
18.1615,0,0,0
18.161999999999999,0,0,0
18.162500000000001,0,0,0
18.163,0,0,0
18.163499999999999,0,0,0
18.164000000000001,0,0,0
18.1645,0,0,0
18.164999999999999,0,0,0
18.165500000000002,0,0,0
18.166,0,0,0
18.166499999999999,0,0,0
18.167000000000002,0,0,0
18.1675,0,0,0
18.167999999999999,0,0,0
18.168500000000002,0,0,0
18.169,0,0,0
18.169499999999999,0,0,0
18.170000000000002,0,0,0
18.170500000000001,0,0,0
18.170999999999999,0,0,0
18.171500000000002,0,0,0
18.172000000000001,0,0,0
18.172499999999999,0,0,0
18.172999999999998,0,0,0
18.173500000000001,0,0,0
18.173999999999999,0,0,0
18.174499999999998,0,0,0
18.175000000000001,0,0,0
18.1755,0,0,0
18.175999999999998,0,0,0
18.176500000000001,0,0,0
18.177,0,0,0
18.177499999999998,0,0,0
18.178000000000001,0,0,0
18.1785,0,0,0
18.178999999999998,0,0,0
18.179500000000001,0,0,0
18.18,0,0,0
18.180499999999999,0,0,0
18.181000000000001,0,0,0
18.1815,0,0,0
18.181999999999999,0,0,0
18.182500000000001,0,0,0
18.183,0,0,0
18.183499999999999,0,0,0
18.184000000000001,0,0,0
18.1845,0,0,0
18.184999999999999,0,0,0
18.185500000000001,0,0,0
18.186,0,0,0
18.186499999999999,0,0,0
18.187000000000001,0,0,0
18.1875,0,0,0
18.187999999999999,0,0,0
18.188500000000001,0,0,0
18.189,0,0,0
18.189499999999999,0,0,0
18.190000000000001,0,0,0
18.1905,0,0,0
18.190999999999999,0,0,0
18.191500000000001,0,0,0
18.192,0,0,0
18.192499999999999,0,0,0
18.193000000000001,0,0,0
18.1935,0,0,0
18.193999999999999,0,0,0
18.194500000000001,0,0,0
18.195,0,0,0
18.195499999999999,0,0,0
18.196000000000002,0,0,0
18.1965,0,0,0
18.196999999999999,0,0,0
18.197500000000002,0,0,0
18.198,0,0,0
18.198499999999999,0,0,0
18.199000000000002,0,0,0
18.1995,0,0,0
18.199999999999999,0,0,0
18.200500000000002,0,0,0
18.201000000000001,0,0,0
18.201499999999999,0,0,0
18.202000000000002,0,0,0
18.202500000000001,0,0,0
18.202999999999999,0,0,0
18.203499999999998,0,0,0
18.204000000000001,0,0,0
18.204499999999999,0,0,0
18.204999999999998,0,0,0
18.205500000000001,0,0,0
18.206,0,0,0
18.206499999999998,0,0,0
18.207000000000001,0,0,0
18.2075,0,0,0
18.207999999999998,0,0,0
18.208500000000001,0,0,0
18.209,0,0,0
18.209499999999998,0,0,0
18.210000000000001,0,0,0
18.2105,0,0,0
18.210999999999999,0,0,0
18.211500000000001,0,0,0
18.212,0,0,0
18.212499999999999,0,0,0
18.213000000000001,0,0,0
18.2135,0,0,0
18.213999999999999,0,0,0
18.214500000000001,0,0,0
18.215,0,0,0
18.215499999999999,0,0,0
18.216000000000001,0,0,0
18.2165,0,0,0
18.216999999999999,0,0,0
18.217500000000001,0,0,0
18.218,0,0,0
18.218499999999999,0,0,0
18.219000000000001,0,0,0
18.2195,0,0,0
18.219999999999999,0,0,0
18.220500000000001,0,0,0
18.221,0,0,0
18.221499999999999,0,0,0
18.222000000000001,0,0,0
18.2225,0,0,0
18.222999999999999,0,0,0
18.223500000000001,0,0,0
18.224,0,0,0
18.224499999999999,0,0,0
18.225000000000001,0,0,0
18.2255,0,0,0
18.225999999999999,0,0,0
18.226500000000001,0,0,0
18.227,0,0,0
18.227499999999999,0,0,0
18.228000000000002,0,0,0
18.2285,0,0,0
18.228999999999999,0,0,0
18.229500000000002,0,0,0
18.23,0,0,0
18.230499999999999,0,0,0
18.231000000000002,0,0,0
18.2315,0,0,0
18.231999999999999,0,0,0
18.232500000000002,0,0,0
18.233000000000001,0,0,0
18.233499999999999,0,0,0
18.234000000000002,0,0,0
18.234500000000001,0,0,0
18.234999999999999,0,0,0
18.235499999999998,0,0,0
18.236000000000001,0,0,0
18.236499999999999,0,0,0
18.236999999999998,0,0,0
18.237500000000001,0,0,0
18.238,0,0,0
18.238499999999998,0,0,0
18.239000000000001,0,0,0
18.2395,0,0,0
18.239999999999998,0,0,0
18.240500000000001,0,0,0
18.241,0,0,0
18.241499999999998,0,0,0
18.242000000000001,0,0,0
18.2425,0,0,0
18.242999999999999,0,0,0
18.243500000000001,0,0,0
18.244,0,0,0
18.244499999999999,0,0,0
18.245000000000001,0,0,0
18.2455,0,0,0
18.245999999999999,0,0,0
18.246500000000001,0,0,0
18.247,0,0,0
18.247499999999999,0,0,0
18.248000000000001,0,0,0
18.2485,0,0,0
18.248999999999999,0,0,0
18.249500000000001,0,0,0
18.25,0,0,0
18.250499999999999,0,0,0
18.251000000000001,0,0,0
18.2515,0,0,0
18.251999999999999,0,0,0
18.252500000000001,0,0,0
18.253,0,0,0
18.253499999999999,0,0,0
18.254000000000001,0,0,0
18.2545,0,0,0
18.254999999999999,0,0,0
18.255500000000001,0,0,0
18.256,0,0,0
18.256499999999999,0,0,0
18.257000000000001,0,0,0
18.2575,0,0,0
18.257999999999999,0,0,0
18.258500000000002,0,0,0
18.259,0,0,0
18.259499999999999,0,0,0
18.260000000000002,0,0,0
18.2605,0,0,0
18.260999999999999,0,0,0
18.261500000000002,0,0,0
18.262,0,0,0
18.262499999999999,0,0,0
18.263000000000002,0,0,0
18.263500000000001,0,0,0
18.263999999999999,0,0,0
18.264500000000002,0,0,0
18.265000000000001,0,0,0
18.265499999999999,0,0,0
18.265999999999998,0,0,0
18.266500000000001,0,0,0
18.266999999999999,0,0,0
18.267499999999998,0,0,0
18.268000000000001,0,0,0
18.2685,0,0,0
18.268999999999998,0,0,0
18.269500000000001,0,0,0
18.27,0,0,0
18.270499999999998,0,0,0
18.271000000000001,0,0,0
18.2715,0,0,0
18.271999999999998,0,0,0
18.272500000000001,0,0,1
18.273,0,0,1
18.273499999999999,0,0,0
18.274000000000001,0,0,0
18.2745,0,0,0
18.274999999999999,0,0,0
18.275500000000001,0,0,0
18.276,0,0,0
18.276499999999999,0,0,0
18.277000000000001,0,0,0
18.2775,0,0,0
18.277999999999999,0,0,0
18.278500000000001,0,0,0
18.279,0,0,0
18.279499999999999,0,0,0
18.280000000000001,0,0,0
18.2805,0,0,0
18.280999999999999,0,0,0
18.281500000000001,0,0,0
18.282,0,0,0
18.282499999999999,0,0,0
18.283000000000001,0,0,0
18.2835,0,0,0
18.283999999999999,0,0,0
18.284500000000001,0,0,0
18.285,0,0,0
18.285499999999999,0,0,0
18.286000000000001,0,0,0
18.2865,0,0,0
18.286999999999999,0,0,0
18.287500000000001,0,0,0
18.288,0,0,0
18.288499999999999,0,0,0
18.289000000000001,0,0,0
18.2895,0,0,0
18.289999999999999,0,0,0
18.290500000000002,0,0,0
18.291,0,0,0
18.291499999999999,0,0,0
18.292000000000002,0,0,0
18.2925,0,0,0
18.292999999999999,0,0,0
18.293500000000002,0,0,0
18.294,0,0,0
18.294499999999999,0,0,0
18.295000000000002,0,0,0
18.295500000000001,0,0,0
18.295999999999999,0,0,0
18.296500000000002,0,0,0
18.297000000000001,0,0,0
18.297499999999999,0,0,0
18.297999999999998,0,0,0
18.298500000000001,0,0,0
18.298999999999999,0,0,0
18.299499999999998,0,0,0
18.300000000000001,0,0,0
18.3005,0,0,0
18.300999999999998,0,0,0
18.301500000000001,0,0,0
18.302,0,0,0
18.302499999999998,0,0,0
18.303000000000001,0,0,0
18.3035,0,0,0
18.303999999999998,0,0,0
18.304500000000001,0,0,1
18.305,0,0,1
18.305499999999999,0,0,0
18.306000000000001,0,0,0
18.3065,0,0,0
18.306999999999999,0,0,0
18.307500000000001,0,0,0
18.308,0,0,0
18.308499999999999,0,0,0
18.309000000000001,0,0,0
18.3095,0,0,0
18.309999999999999,0,0,0
18.310500000000001,0,0,0
18.311,0,1,0
18.311499999999999,0,1,0
18.312000000000001,0,0,0
18.3125,0,0,0
18.312999999999999,0,0,0
18.313500000000001,0,0,0
18.314,0,0,0
18.314499999999999,0,0,0
18.315000000000001,0,0,0
18.3155,0,0,0
18.315999999999999,0,0,0
18.316500000000001,0,0,0
18.317,0,0,0
18.317499999999999,0,0,0
18.318000000000001,0,0,0
18.3185,0,0,0
18.318999999999999,0,0,0
18.319500000000001,0,0,0
18.32,0,0,0
18.320499999999999,0,0,0
18.321000000000002,0,0,0
18.3215,0,0,0
18.321999999999999,0,0,0
18.322500000000002,0,0,0
18.323,0,0,0
18.323499999999999,0,0,0
18.324000000000002,0,0,0
18.3245,0,0,0
18.324999999999999,0,0,0
18.325500000000002,0,0,0
18.326000000000001,0,0,0
18.326499999999999,0,0,0
18.327000000000002,0,0,0
18.327500000000001,0,0,0
18.327999999999999,0,0,0
18.328499999999998,0,0,0
18.329000000000001,0,0,0
18.329499999999999,0,1,0
18.329999999999998,0,1,0
18.330500000000001,0,0,0
18.331,0,0,0
18.331499999999998,0,0,0
18.332000000000001,0,0,0
18.3325,0,0,0
18.332999999999998,0,0,0
18.333500000000001,0,0,0
18.334,0,0,0
18.334499999999998,0,0,0
18.335000000000001,0,0,0
18.3355,0,0,0
18.335999999999999,0,0,0
18.336500000000001,0,0,0
18.337,0,0,0
18.337499999999999,0,0,0
18.338000000000001,0,0,0
18.3385,0,0,0
18.338999999999999,0,0,0
18.339500000000001,0,0,0
18.34,0,0,0
18.340499999999999,0,0,0
18.341000000000001,0,0,0
18.3415,0,0,0
18.341999999999999,0,0,0
18.342500000000001,0,0,0
18.343,0,0,0
18.343499999999999,0,0,0
18.344000000000001,0,0,0
18.3445,0,0,0
18.344999999999999,0,0,0
18.345500000000001,0,0,0
18.346,0,0,0
18.346499999999999,0,0,0
18.347000000000001,0,0,0
18.3475,0,0,0
18.347999999999999,0,0,0
18.348500000000001,0,1,0
18.349,0,1,0
18.349499999999999,0,0,0
18.350000000000001,0,0,0
18.3505,0,0,0
18.350999999999999,0,0,0
18.351500000000001,0,0,0
18.352,0,0,0
18.352499999999999,0,0,0
18.353000000000002,0,0,0
18.3535,0,0,0
18.353999999999999,0,0,0
18.354500000000002,0,0,0
18.355,0,0,0
18.355499999999999,0,0,0
18.356000000000002,0,0,0
18.3565,0,0,0
18.356999999999999,0,0,0
18.357500000000002,0,0,0
18.358000000000001,0,0,0
18.358499999999999,0,0,0
18.359000000000002,0,0,0
18.359500000000001,0,0,0
18.359999999999999,0,0,0
18.360499999999998,0,0,0
18.361000000000001,0,0,0
18.361499999999999,0,0,0
18.361999999999998,0,0,0
18.362500000000001,0,0,0
18.363,0,0,0
18.363499999999998,0,0,0
18.364000000000001,0,0,0
18.3645,0,0,0
18.364999999999998,0,0,0
18.365500000000001,0,0,0
18.366,0,0,0
18.366499999999998,0,0,0
18.367000000000001,0,0,0
18.3675,0,0,0
18.367999999999999,0,0,0
18.368500000000001,0,0,0
18.369,0,0,0
18.369499999999999,0,0,0
18.370000000000001,0,0,0
18.3705,0,0,0
18.370999999999999,0,0,0
18.371500000000001,0,0,0
18.372,0,0,0
18.372499999999999,0,0,0
18.373000000000001,0,0,0
18.3735,0,0,0
18.373999999999999,0,0,0
18.374500000000001,0,0,0
18.375,0,0,0
18.375499999999999,0,0,0
18.376000000000001,0,0,0
18.3765,0,0,0
18.376999999999999,0,0,0
18.377500000000001,0,0,0
18.378,0,0,0
18.378499999999999,0,0,0
18.379000000000001,0,0,0
18.3795,0,0,0
18.379999999999999,0,0,0
18.380500000000001,0,0,0
18.381,0,0,0
18.381499999999999,0,0,0
18.382000000000001,0,0,0
18.3825,0,0,0
18.382999999999999,0,0,0
18.383500000000002,0,0,0
18.384,0,0,0
18.384499999999999,0,0,0
18.385000000000002,0,0,0
18.3855,0,0,0
18.385999999999999,0,0,0
18.386500000000002,0,0,0
18.387,0,0,0
18.387499999999999,0,0,0
18.388000000000002,0,0,0
18.388500000000001,0,0,0
18.388999999999999,0,0,0
18.389500000000002,0,0,0
18.390000000000001,0,0,0
18.390499999999999,0,0,0
18.390999999999998,0,0,0
18.391500000000001,0,0,0
18.391999999999999,0,0,0
18.392499999999998,0,0,0
18.393000000000001,0,0,0
18.3935,0,0,0
18.393999999999998,0,0,0
18.394500000000001,0,0,0
18.395,0,0,0
18.395499999999998,0,0,0
18.396000000000001,0,0,0
18.3965,0,0,0
18.396999999999998,0,0,0
18.397500000000001,0,0,0
18.398,0,0,0
18.398499999999999,0,0,0
18.399000000000001,0,0,0
18.3995,0,0,0
18.399999999999999,0,0,0
18.400500000000001,0,0,0
18.401,0,0,0
18.401499999999999,0,0,0
18.402000000000001,0,0,0
18.4025,0,0,0
18.402999999999999,0,0,0
18.403500000000001,0,0,0
18.404,0,0,0
18.404499999999999,0,0,0
18.405000000000001,0,0,0
18.4055,0,0,0
18.405999999999999,0,0,0
18.406500000000001,0,0,0
18.407,0,0,0
18.407499999999999,0,0,0
18.408000000000001,0,0,0
18.4085,0,0,0
18.408999999999999,0,0,0
18.409500000000001,0,0,0
18.41,0,0,0
18.410499999999999,0,0,0
18.411000000000001,0,0,0
18.4115,0,0,0
18.411999999999999,0,0,0
18.412500000000001,0,0,0
18.413,0,0,0
18.413499999999999,0,0,0
18.414000000000001,0,0,0
18.4145,0,0,0
18.414999999999999,0,0,0
18.415500000000002,0,0,0
18.416,0,0,0
18.416499999999999,0,0,0
18.417000000000002,0,0,0
18.4175,0,0,0
18.417999999999999,0,0,0
18.418500000000002,1,0,0
18.419,1,0,0
18.419499999999999,0,0,0
18.420000000000002,0,0,0
18.420500000000001,0,0,0
18.420999999999999,0,0,0
18.421500000000002,0,0,0
18.422000000000001,0,0,0
18.422499999999999,0,0,0
18.422999999999998,0,0,0
18.423500000000001,0,0,0
18.423999999999999,0,0,0
18.424499999999998,0,0,0
18.425000000000001,0,0,0
18.4255,0,0,0
18.425999999999998,0,0,0
18.426500000000001,0,0,0
18.427,0,0,0
18.427499999999998,0,0,0
18.428000000000001,0,0,0
18.4285,0,0,0
18.428999999999998,0,0,0
18.429500000000001,0,0,0
18.43,0,0,0
18.430499999999999,0,0,0
18.431000000000001,0,0,0
18.4315,0,0,0
18.431999999999999,0,0,0
18.432500000000001,0,0,0
18.433,0,0,0
18.433499999999999,0,0,0
18.434000000000001,0,0,0
18.4345,0,0,0
18.434999999999999,0,0,0
18.435500000000001,0,0,0
18.436,0,0,0
18.436499999999999,0,0,0
18.437000000000001,0,0,0
18.4375,0,0,0
18.437999999999999,0,0,0
18.438500000000001,0,0,0
18.439,0,0,0
18.439499999999999,0,0,0
18.440000000000001,0,0,0
18.4405,0,0,0
18.440999999999999,0,0,0
18.441500000000001,0,0,0
18.442,0,0,0
18.442499999999999,0,0,0
18.443000000000001,0,0,0
18.4435,0,0,0
18.443999999999999,0,0,0
18.444500000000001,0,0,0
18.445,0,0,0
18.445499999999999,0,0,0
18.446000000000002,0,0,0
18.4465,0,0,0
18.446999999999999,0,0,0
18.447500000000002,0,0,0
18.448,0,0,0
18.448499999999999,0,0,0
18.449000000000002,0,0,0
18.4495,0,0,0
18.449999999999999,0,0,0
18.450500000000002,0,0,0
18.451000000000001,0,0,0
18.451499999999999,0,0,0
18.452000000000002,0,0,0
18.452500000000001,0,0,0
18.452999999999999,0,0,0
18.453499999999998,0,0,0
18.454000000000001,0,0,0
18.454499999999999,0,0,0
18.454999999999998,0,0,0
18.455500000000001,0,0,0
18.456,0,0,0
18.456499999999998,0,0,0
18.457000000000001,0,0,0
18.4575,0,0,0
18.457999999999998,0,0,0
18.458500000000001,0,0,0
18.459,0,0,0
18.459499999999998,0,0,0
18.460000000000001,0,0,0
18.4605,0,0,0
18.460999999999999,0,0,0
18.461500000000001,0,0,0
18.462,0,0,0
18.462499999999999,0,0,0
18.463000000000001,0,0,0
18.4635,0,0,0
18.463999999999999,0,0,0
18.464500000000001,0,0,0
18.465,0,0,0
18.465499999999999,0,0,0
18.466000000000001,0,0,0
18.4665,0,0,0
18.466999999999999,0,0,0
18.467500000000001,0,0,0
18.468,0,0,0
18.468499999999999,0,0,0
18.469000000000001,0,0,0
18.4695,0,0,0
18.469999999999999,0,0,0
18.470500000000001,0,0,0
18.471,0,0,0
18.471499999999999,0,0,0
18.472000000000001,0,0,0
18.4725,0,0,0
18.472999999999999,0,0,0
18.473500000000001,0,0,0
18.474,0,0,0
18.474499999999999,0,0,0
18.475000000000001,0,0,0
18.4755,0,0,0
18.475999999999999,0,0,0
18.476500000000001,0,0,0
18.477,0,0,0
18.477499999999999,0,0,0
18.478000000000002,0,0,0
18.4785,0,0,0
18.478999999999999,0,0,0
18.479500000000002,0,0,0
18.48,0,0,0
18.480499999999999,0,0,0
18.481000000000002,0,0,0
18.4815,0,0,0
18.481999999999999,0,0,0
18.482500000000002,0,0,0
18.483000000000001,0,0,0
18.483499999999999,0,0,0
18.484000000000002,0,0,0
18.484500000000001,0,0,0
18.484999999999999,0,0,0
18.485499999999998,0,0,0
18.486000000000001,0,0,0
18.486499999999999,0,0,0
18.486999999999998,0,0,0
18.487500000000001,0,0,0
18.488,0,0,0
18.488499999999998,0,0,0
18.489000000000001,0,0,0
18.4895,0,0,0
18.489999999999998,0,0,0
18.490500000000001,0,0,0
18.491,0,0,0
18.491499999999998,0,0,0
18.492000000000001,0,0,0
18.4925,0,0,0
18.492999999999999,0,0,0
18.493500000000001,0,0,0
18.494,0,0,0
18.494499999999999,0,0,0
18.495000000000001,0,0,0
18.4955,0,0,0
18.495999999999999,0,0,0
18.496500000000001,0,0,0
18.497,0,0,0
18.497499999999999,0,0,0
18.498000000000001,0,0,0
18.4985,0,0,0
18.498999999999999,0,0,0
18.499500000000001,0,0,0
18.5,0,0,0
18.500499999999999,0,0,0
18.501000000000001,0,0,0
18.5015,0,0,0
18.501999999999999,0,0,0
18.502500000000001,0,0,0
18.503,0,0,0
18.503499999999999,0,0,0
18.504000000000001,0,0,0
18.5045,0,0,0
18.504999999999999,0,0,0
18.505500000000001,0,0,0
18.506,0,0,0
18.506499999999999,0,0,0
18.507000000000001,0,0,0
18.5075,0,0,0
18.507999999999999,0,0,0
18.508500000000002,0,0,0
18.509,0,0,0
18.509499999999999,0,0,0
18.510000000000002,0,0,0
18.5105,0,0,0
18.510999999999999,0,0,0
18.511500000000002,0,0,0
18.512,0,0,0
18.512499999999999,0,0,0
18.513000000000002,0,0,0
18.513500000000001,0,0,0
18.513999999999999,0,0,0
18.514500000000002,0,0,0
18.515000000000001,0,0,0
18.515499999999999,0,0,0
18.515999999999998,0,0,0
18.516500000000001,0,0,0
18.516999999999999,0,0,0
18.517499999999998,0,0,0
18.518000000000001,0,0,0
18.5185,0,0,0
18.518999999999998,0,0,0
18.519500000000001,0,0,0
18.52,0,0,0
18.520499999999998,0,0,0
18.521000000000001,0,0,0
18.5215,0,0,0
18.521999999999998,0,0,0
18.522500000000001,0,0,0
18.523,0,0,0
18.523499999999999,0,0,0
18.524000000000001,0,0,0
18.5245,0,0,0
18.524999999999999,0,0,0
18.525500000000001,0,0,0
18.526,0,0,0
18.526499999999999,0,0,0
18.527000000000001,0,0,0
18.5275,0,0,0
18.527999999999999,0,0,0
18.528500000000001,0,0,0
18.529,0,0,0
18.529499999999999,0,0,0
18.530000000000001,0,0,0
18.5305,0,0,0
18.530999999999999,0,0,0
18.531500000000001,0,0,0
18.532,0,0,0
18.532499999999999,0,0,0
18.533000000000001,0,0,0
18.5335,0,0,0
18.533999999999999,0,0,0
18.534500000000001,0,0,0
18.535,0,0,0
18.535499999999999,0,0,0
18.536000000000001,0,0,0
18.5365,0,0,0
18.536999999999999,0,0,0
18.537500000000001,0,0,0
18.538,0,0,0
18.538499999999999,0,0,0
18.539000000000001,0,0,0
18.5395,0,0,0
18.539999999999999,0,0,0
18.540500000000002,0,0,0
18.541,0,0,0
18.541499999999999,0,0,0
18.542000000000002,0,0,0
18.5425,0,0,0
18.542999999999999,0,0,0
18.543500000000002,0,0,0
18.544,0,0,0
18.544499999999999,0,0,0
18.545000000000002,0,0,0
18.545500000000001,0,0,0
18.545999999999999,0,0,0
18.546500000000002,0,0,0
18.547000000000001,0,0,0
18.547499999999999,0,0,0
18.547999999999998,0,0,0
18.548500000000001,0,0,0
18.548999999999999,0,0,0
18.549499999999998,0,0,0
18.550000000000001,0,0,0
18.5505,0,0,0
18.550999999999998,0,0,0
18.551500000000001,0,0,0
18.552,0,0,0
18.552499999999998,0,0,0
18.553000000000001,0,0,0
18.5535,0,0,0
18.553999999999998,0,0,0
18.554500000000001,0,0,0
18.555,0,0,0
18.555499999999999,0,0,0
18.556000000000001,0,0,0
18.5565,0,0,0
18.556999999999999,0,0,0
18.557500000000001,0,0,0
18.558,0,0,0
18.558499999999999,0,0,0
18.559000000000001,0,0,0
18.5595,0,0,0
18.559999999999999,0,0,0
18.560500000000001,0,0,0
18.561,0,0,0
18.561499999999999,0,0,0
18.562000000000001,0,0,0
18.5625,0,0,0
18.562999999999999,0,0,0
18.563500000000001,0,0,0
18.564,0,0,0
18.564499999999999,0,0,0
18.565000000000001,0,0,0
18.5655,0,0,0
18.565999999999999,0,0,0
18.566500000000001,0,0,0
18.567,0,0,0
18.567499999999999,0,0,0
18.568000000000001,0,0,0
18.5685,0,0,0
18.568999999999999,0,0,0
18.569500000000001,0,0,0
18.57,0,0,0
18.570499999999999,0,0,0
18.571000000000002,0,0,0
18.5715,0,0,0
18.571999999999999,0,0,0
18.572500000000002,0,0,0
18.573,0,0,0
18.573499999999999,0,0,0
18.574000000000002,0,0,0
18.5745,0,0,0
18.574999999999999,0,0,0
18.575500000000002,0,0,0
18.576000000000001,0,0,0
18.576499999999999,0,0,0
18.577000000000002,0,0,0
18.577500000000001,0,0,0
18.577999999999999,0,0,0
18.578499999999998,0,0,0
18.579000000000001,0,0,0
18.579499999999999,0,0,0
18.579999999999998,0,0,0
18.580500000000001,0,0,0
18.581,0,0,0
18.581499999999998,0,0,0
18.582000000000001,0,0,0
18.5825,0,0,0
18.582999999999998,0,0,0
18.583500000000001,0,0,0
18.584,0,0,0
18.584499999999998,0,0,0
18.585000000000001,0,0,0
18.5855,0,0,0
18.585999999999999,0,0,0
18.586500000000001,0,0,0
18.587,0,0,0
18.587499999999999,0,0,0
18.588000000000001,0,0,0
18.5885,0,0,0
18.588999999999999,0,0,0
18.589500000000001,0,0,0
18.59,0,0,0
18.590499999999999,0,0,0
18.591000000000001,0,0,0
18.5915,0,0,0
18.591999999999999,0,0,0
18.592500000000001,0,0,0
18.593,0,0,0
18.593499999999999,0,0,0
18.594000000000001,0,0,0
18.5945,0,0,0
18.594999999999999,0,0,0
18.595500000000001,0,0,0
18.596,0,0,0
18.596499999999999,0,0,0
18.597000000000001,0,0,0
18.5975,0,0,0
18.597999999999999,0,0,0
18.598500000000001,0,0,0
18.599,0,0,0
18.599499999999999,0,0,0
18.600000000000001,0,0,0
18.6005,0,0,0
18.600999999999999,0,0,0
18.601500000000001,0,0,0
18.602,0,0,0
18.602499999999999,0,0,0
18.603000000000002,0,0,0
18.6035,0,0,0
18.603999999999999,0,0,0
18.604500000000002,0,0,0
18.605,0,0,0
18.605499999999999,0,0,0
18.606000000000002,0,0,0
18.6065,0,0,0
18.606999999999999,0,0,0
18.607500000000002,0,0,0
18.608000000000001,0,0,0
18.608499999999999,0,0,0
18.609000000000002,0,0,0
18.609500000000001,0,0,0
18.609999999999999,0,0,0
18.610499999999998,0,0,0
18.611000000000001,0,0,0
18.611499999999999,0,0,0
18.611999999999998,0,0,0
18.612500000000001,0,0,0
18.613,0,0,0
18.613499999999998,0,0,0
18.614000000000001,0,0,0
18.6145,0,0,0
18.614999999999998,0,0,0
18.615500000000001,0,0,0
18.616,0,0,0
18.616499999999998,0,0,0
18.617000000000001,0,0,0
18.6175,0,0,0
18.617999999999999,0,0,0
18.618500000000001,0,0,0
18.619,0,0,0
18.619499999999999,0,0,0
18.620000000000001,0,0,0
18.6205,0,0,0
18.620999999999999,0,0,0
18.621500000000001,0,0,0
18.622,0,0,0
18.622499999999999,0,0,0
18.623000000000001,0,0,0
18.6235,0,0,0
18.623999999999999,0,0,0
18.624500000000001,0,0,0
18.625,0,0,0
18.625499999999999,0,0,0
18.626000000000001,0,0,0
18.6265,0,0,0
18.626999999999999,0,0,0
18.627500000000001,0,0,0
18.628,0,0,0
18.628499999999999,0,0,0
18.629000000000001,0,0,0
18.6295,0,0,0
18.629999999999999,0,0,0
18.630500000000001,0,0,0
18.631,0,0,0
18.631499999999999,0,0,0
18.632000000000001,0,0,0
18.6325,0,0,0
18.632999999999999,0,0,0
18.633500000000002,0,0,0
18.634,0,0,0
18.634499999999999,0,0,0
18.635000000000002,0,0,0
18.6355,0,0,0
18.635999999999999,0,0,0
18.636500000000002,0,0,0
18.637,0,0,0
18.637499999999999,0,0,0
18.638000000000002,0,0,0
18.638500000000001,0,0,0
18.638999999999999,0,0,0
18.639500000000002,0,0,0
18.640000000000001,0,0,0
18.640499999999999,0,0,0
18.640999999999998,0,0,0
18.641500000000001,0,0,0
18.641999999999999,0,0,0
18.642499999999998,0,0,0
18.643000000000001,0,0,0
18.6435,0,0,0
18.643999999999998,0,0,0
18.644500000000001,0,0,0
18.645,0,0,0
18.645499999999998,0,0,0
18.646000000000001,0,0,0
18.6465,0,0,0
18.646999999999998,0,0,0
18.647500000000001,0,0,0
18.648,0,0,0
18.648499999999999,0,0,0
18.649000000000001,0,0,0
18.6495,0,0,0
18.649999999999999,0,0,0
18.650500000000001,0,0,0
18.651,0,0,0
18.651499999999999,0,0,0
18.652000000000001,0,0,0
18.6525,0,0,0
18.652999999999999,0,0,0
18.653500000000001,0,0,0
18.654,0,0,0
18.654499999999999,0,0,0
18.655000000000001,0,0,0
18.6555,0,0,0
18.655999999999999,0,0,0
18.656500000000001,0,0,0
18.657,0,0,0
18.657499999999999,0,0,0
18.658000000000001,0,0,0
18.6585,0,0,0
18.658999999999999,0,0,0
18.659500000000001,0,0,0
18.66,0,0,0
18.660499999999999,0,0,0
18.661000000000001,0,0,0
18.6615,0,0,0
18.661999999999999,0,0,0
18.662500000000001,0,0,0
18.663,0,0,0
18.663499999999999,0,0,0
18.664000000000001,0,0,0
18.6645,0,0,0
18.664999999999999,0,0,0
18.665500000000002,0,0,0
18.666,0,0,0
18.666499999999999,0,0,0
18.667000000000002,0,0,0
18.6675,0,0,0
18.667999999999999,0,0,0
18.668500000000002,0,0,0
18.669,0,0,0
18.669499999999999,0,0,0
18.670000000000002,0,0,0
18.670500000000001,0,0,0
18.670999999999999,0,0,0
18.671500000000002,0,0,0
18.672000000000001,0,0,0
18.672499999999999,0,0,0
18.672999999999998,0,0,0
18.673500000000001,0,0,0
18.673999999999999,0,0,0
18.674499999999998,0,0,0
18.675000000000001,0,0,0
18.6755,0,0,0
18.675999999999998,0,0,0
18.676500000000001,0,0,0
18.677,0,0,0
18.677499999999998,0,0,0
18.678000000000001,0,0,0
18.6785,0,0,0
18.678999999999998,0,0,0
18.679500000000001,0,0,0
18.68,0,0,0
18.680499999999999,0,0,0
18.681000000000001,0,0,0
18.6815,0,0,0
18.681999999999999,0,0,0
18.682500000000001,0,0,0
18.683,0,0,0
18.683499999999999,0,0,0
18.684000000000001,0,0,0
18.6845,0,0,0
18.684999999999999,0,0,0
18.685500000000001,0,0,0
18.686,0,0,0
18.686499999999999,0,0,0
18.687000000000001,0,0,0
18.6875,0,0,0
18.687999999999999,0,0,0
18.688500000000001,0,0,0
18.689,0,0,0
18.689499999999999,0,0,0
18.690000000000001,0,0,0
18.6905,0,0,0
18.690999999999999,0,0,0
18.691500000000001,0,0,0
18.692,0,0,0
18.692499999999999,0,0,0
18.693000000000001,0,0,0
18.6935,0,0,0
18.693999999999999,0,0,0
18.694500000000001,0,0,0
18.695,0,0,0
18.695499999999999,0,0,0
18.696000000000002,0,0,0
18.6965,0,0,0
18.696999999999999,0,0,0
18.697500000000002,0,0,0
18.698,0,0,0
18.698499999999999,0,0,0
18.699000000000002,0,0,0
18.6995,0,0,0
18.699999999999999,0,0,0
18.700500000000002,0,0,0
18.701000000000001,0,0,0
18.701499999999999,0,0,0
18.702000000000002,0,0,0
18.702500000000001,0,0,0
18.702999999999999,0,0,0
18.703499999999998,0,0,0
18.704000000000001,0,0,0
18.704499999999999,0,0,0
18.704999999999998,0,0,0
18.705500000000001,0,0,0
18.706,0,0,0
18.706499999999998,0,0,0
18.707000000000001,0,0,0
18.7075,0,0,0
18.707999999999998,0,0,0
18.708500000000001,0,0,0
18.709,0,0,0
18.709499999999998,0,0,0
18.710000000000001,0,0,0
18.7105,0,0,0
18.710999999999999,0,0,0
18.711500000000001,0,0,0
18.712,0,0,0
18.712499999999999,0,0,0
18.713000000000001,0,0,0
18.7135,0,0,0
18.713999999999999,0,0,0
18.714500000000001,0,0,0
18.715,0,0,0
18.715499999999999,0,0,0
18.716000000000001,0,0,0
18.7165,0,0,0
18.716999999999999,0,0,0
18.717500000000001,0,0,0
18.718,0,0,0
18.718499999999999,0,0,0
18.719000000000001,0,0,0
18.7195,0,0,0
18.719999999999999,0,0,0
18.720500000000001,0,0,0
18.721,0,0,0
18.721499999999999,0,0,0
18.722000000000001,0,0,0
18.7225,0,0,0
18.722999999999999,0,0,0
18.723500000000001,0,0,0
18.724,0,0,0
18.724499999999999,0,0,0
18.725000000000001,0,0,0
18.7255,0,0,0
18.725999999999999,0,0,0
18.726500000000001,0,0,0
18.727,0,0,0
18.727499999999999,0,0,0
18.728000000000002,0,0,0
18.7285,0,0,0
18.728999999999999,0,0,0
18.729500000000002,0,0,0
18.73,0,0,0
18.730499999999999,0,0,0
18.731000000000002,0,0,0
18.7315,0,0,0
18.731999999999999,0,0,0
18.732500000000002,0,0,0
18.733000000000001,0,0,0
18.733499999999999,0,0,0
18.734000000000002,0,0,0
18.734500000000001,0,0,0
18.734999999999999,0,0,0
18.735499999999998,0,0,0
18.736000000000001,0,0,0
18.736499999999999,0,0,0
18.736999999999998,0,0,0
18.737500000000001,0,0,0
18.738,0,0,0
18.738499999999998,0,0,0
18.739000000000001,0,0,0
18.7395,0,0,0
18.739999999999998,0,0,0
18.740500000000001,0,0,0
18.741,0,0,0
18.741499999999998,0,0,0
18.742000000000001,0,0,0
18.7425,0,0,0
18.742999999999999,0,0,0
18.743500000000001,0,0,0
18.744,0,0,0
18.744499999999999,0,0,0
18.745000000000001,0,0,0
18.7455,0,0,0
18.745999999999999,0,0,0
18.746500000000001,0,0,0
18.747,0,0,0
18.747499999999999,0,0,0
18.748000000000001,0,0,0
18.7485,0,0,0
18.748999999999999,0,0,0
18.749500000000001,0,0,0
18.75,0,0,0
18.750499999999999,0,0,0
18.751000000000001,0,0,0
18.7515,0,0,0
18.751999999999999,0,0,0
18.752500000000001,0,0,0
18.753,0,0,0
18.753499999999999,0,0,0
18.754000000000001,0,0,0
18.7545,0,0,0
18.754999999999999,0,0,0
18.755500000000001,0,0,0
18.756,0,0,0
18.756499999999999,0,0,0
18.757000000000001,0,0,0
18.7575,0,0,0
18.757999999999999,0,0,0
18.758500000000002,0,0,0
18.759,0,0,0
18.759499999999999,0,0,0
18.760000000000002,0,0,0
18.7605,0,0,0
18.760999999999999,0,0,0
18.761500000000002,0,0,0
18.762,0,0,0
18.762499999999999,0,0,0
18.763000000000002,0,0,0
18.763500000000001,0,0,0
18.763999999999999,0,0,0
18.764500000000002,0,0,0
18.765000000000001,0,0,0
18.765499999999999,0,0,0
18.765999999999998,0,0,0
18.766500000000001,0,0,0
18.766999999999999,0,0,0
18.767499999999998,0,0,0
18.768000000000001,0,0,0
18.7685,0,0,0
18.768999999999998,0,0,0
18.769500000000001,0,0,0
18.77,0,0,0
18.770499999999998,0,0,0
18.771000000000001,0,0,0
18.7715,0,0,0
18.771999999999998,0,0,0
18.772500000000001,0,0,0
18.773,0,0,0
18.773499999999999,0,0,0
18.774000000000001,0,0,0
18.7745,0,0,0
18.774999999999999,0,0,0
18.775500000000001,0,0,0
18.776,0,0,0
18.776499999999999,0,0,0
18.777000000000001,0,0,0
18.7775,0,0,0
18.777999999999999,0,0,0
18.778500000000001,0,0,0
18.779,0,0,0
18.779499999999999,0,0,0
18.780000000000001,0,0,0
18.7805,0,0,0
18.780999999999999,0,0,0
18.781500000000001,0,0,0
18.782,0,0,0
18.782499999999999,0,0,0
18.783000000000001,0,0,0
18.7835,0,0,0
18.783999999999999,0,0,0
18.784500000000001,0,0,0
18.785,0,0,0
18.785499999999999,0,0,0
18.786000000000001,0,0,0
18.7865,0,0,0
18.786999999999999,0,0,0
18.787500000000001,0,0,0
18.788,0,0,0
18.788499999999999,0,0,0
18.789000000000001,0,0,0
18.7895,0,0,0
18.789999999999999,0,0,0
18.790500000000002,0,0,0
18.791,0,0,0
18.791499999999999,0,0,0
18.792000000000002,0,0,0
18.7925,0,0,0
18.792999999999999,0,0,0
18.793500000000002,0,0,0
18.794,0,0,0
18.794499999999999,0,0,0
18.795000000000002,0,0,0
18.795500000000001,0,0,0
18.795999999999999,0,0,0
18.796500000000002,0,0,0
18.797000000000001,0,0,0
18.797499999999999,0,0,0
18.797999999999998,0,0,0
18.798500000000001,0,0,0
18.798999999999999,0,0,0
18.799499999999998,0,0,0
18.800000000000001,0,0,0
18.8005,0,0,0
18.800999999999998,0,0,0
18.801500000000001,0,0,0
18.802,0,0,0
18.802499999999998,0,0,0
18.803000000000001,0,0,0
18.8035,0,0,0
18.803999999999998,0,0,0
18.804500000000001,0,0,0
18.805,0,0,0
18.805499999999999,0,0,0
18.806000000000001,0,0,0
18.8065,0,0,0
18.806999999999999,0,0,0
18.807500000000001,0,0,0
18.808,0,0,0
18.808499999999999,0,0,0
18.809000000000001,0,0,0
18.8095,0,0,0
18.809999999999999,0,0,0
18.810500000000001,0,0,0
18.811,0,0,0
18.811499999999999,0,0,0
18.812000000000001,0,0,0
18.8125,0,0,0
18.812999999999999,0,0,0
18.813500000000001,0,0,0
18.814,0,0,0
18.814499999999999,0,0,0
18.815000000000001,0,0,0
18.8155,0,0,0
18.815999999999999,0,0,0
18.816500000000001,0,0,0
18.817,0,0,0
18.817499999999999,0,0,0
18.818000000000001,0,0,0
18.8185,0,0,0
18.818999999999999,0,0,0
18.819500000000001,0,0,0
18.82,0,0,0
18.820499999999999,0,0,0
18.821000000000002,0,0,0
18.8215,0,0,0
18.821999999999999,0,0,0
18.822500000000002,0,0,0
18.823,0,0,0
18.823499999999999,0,0,0
18.824000000000002,0,0,0
18.8245,0,0,0
18.824999999999999,0,0,0
18.825500000000002,0,0,0
18.826000000000001,0,0,0
18.826499999999999,0,0,0
18.827000000000002,0,0,0
18.827500000000001,0,0,0
18.827999999999999,0,0,0
18.828499999999998,0,0,0
18.829000000000001,0,0,0
18.829499999999999,0,0,0
18.829999999999998,0,0,0
18.830500000000001,0,0,0
18.831,0,0,0
18.831499999999998,0,0,0
18.832000000000001,0,0,0
18.8325,0,0,0
18.832999999999998,0,0,0
18.833500000000001,0,0,0
18.834,0,0,0
18.834499999999998,0,0,0
18.835000000000001,0,0,0
18.8355,0,0,0
18.835999999999999,0,0,0
18.836500000000001,0,0,0
18.837,0,0,0
18.837499999999999,0,0,0
18.838000000000001,0,0,0
18.8385,0,0,0
18.838999999999999,0,0,0
18.839500000000001,0,0,0
18.84,0,0,0
18.840499999999999,0,0,0
18.841000000000001,0,0,0
18.8415,0,0,0
18.841999999999999,0,0,0
18.842500000000001,0,0,0
18.843,0,0,0
18.843499999999999,0,0,0
18.844000000000001,0,0,0
18.8445,0,0,0
18.844999999999999,0,0,0
18.845500000000001,0,0,0
18.846,0,0,0
18.846499999999999,0,0,0
18.847000000000001,0,0,0
18.8475,0,0,0
18.847999999999999,0,0,0
18.848500000000001,0,0,0
18.849,0,0,0
18.849499999999999,0,0,0
18.850000000000001,0,0,0
18.8505,0,0,0
18.850999999999999,0,0,0
18.851500000000001,0,0,0
18.852,0,0,0
18.852499999999999,0,0,0
18.853000000000002,0,0,0
18.8535,0,0,0
18.853999999999999,0,0,0
18.854500000000002,0,0,0
18.855,0,0,0
18.855499999999999,0,0,0
18.856000000000002,0,0,0
18.8565,0,0,0
18.856999999999999,0,0,0
18.857500000000002,0,0,0
18.858000000000001,0,0,0
18.858499999999999,0,0,0
18.859000000000002,0,0,0
18.859500000000001,0,0,0
18.859999999999999,0,0,0
18.860499999999998,0,0,0
18.861000000000001,0,0,0
18.861499999999999,0,0,0
18.861999999999998,0,0,0
18.862500000000001,0,0,0
18.863,0,0,0
18.863499999999998,0,0,0
18.864000000000001,0,0,0
18.8645,0,0,0
18.864999999999998,0,0,0
18.865500000000001,0,0,0
18.866,0,0,0
18.866499999999998,0,0,0
18.867000000000001,0,0,0
18.8675,0,0,0
18.867999999999999,0,0,0
18.868500000000001,0,0,0
18.869,0,0,0
18.869499999999999,0,0,0
18.870000000000001,0,0,0
18.8705,0,0,0
18.870999999999999,0,0,0
18.871500000000001,0,0,0
18.872,0,0,0
18.872499999999999,0,0,0
18.873000000000001,0,0,0
18.8735,0,0,0
18.873999999999999,0,0,0
18.874500000000001,0,0,0
18.875,0,0,0
18.875499999999999,0,0,0
18.876000000000001,0,0,0
18.8765,0,0,0
18.876999999999999,0,0,0
18.877500000000001,0,0,0
18.878,0,0,0
18.878499999999999,0,0,0
18.879000000000001,0,0,0
18.8795,0,0,0
18.879999999999999,0,0,0
18.880500000000001,0,0,0
18.881,0,0,0
18.881499999999999,0,0,0
18.882000000000001,0,0,0
18.8825,0,0,0
18.882999999999999,0,0,0
18.883500000000002,0,0,0
18.884,0,0,0
18.884499999999999,0,0,0
18.885000000000002,0,0,0
18.8855,0,0,0
18.885999999999999,0,0,0
18.886500000000002,0,0,0
18.887,0,0,0
18.887499999999999,0,0,0
18.888000000000002,0,0,0
18.888500000000001,0,0,0
18.888999999999999,0,0,0
18.889500000000002,0,0,0
18.890000000000001,0,0,0
18.890499999999999,0,0,0
18.890999999999998,0,0,0
18.891500000000001,0,0,0
18.891999999999999,0,0,0
18.892499999999998,0,0,0
18.893000000000001,0,0,0
18.8935,0,0,0
18.893999999999998,0,0,0
18.894500000000001,0,0,0
18.895,0,0,0
18.895499999999998,0,0,0
18.896000000000001,0,0,0
18.8965,0,0,0
18.896999999999998,0,0,0
18.897500000000001,0,0,0
18.898,0,0,0
18.898499999999999,0,0,0
18.899000000000001,0,0,0
18.8995,0,0,0
18.899999999999999,0,0,0
18.900500000000001,0,0,0
18.901,0,0,0
18.901499999999999,0,0,0
18.902000000000001,0,0,0
18.9025,0,0,0
18.902999999999999,0,0,0
18.903500000000001,0,0,0
18.904,0,0,0
18.904499999999999,0,0,0
18.905000000000001,0,0,0
18.9055,0,0,0
18.905999999999999,0,0,0
18.906500000000001,0,0,0
18.907,0,0,0
18.907499999999999,0,0,0
18.908000000000001,0,0,0
18.9085,0,0,0
18.908999999999999,0,0,0
18.909500000000001,0,0,0
18.91,0,0,0
18.910499999999999,0,0,0
18.911000000000001,0,0,0
18.9115,0,0,0
18.911999999999999,0,0,0
18.912500000000001,0,0,0
18.913,0,0,0
18.913499999999999,0,0,0
18.914000000000001,0,0,0
18.9145,0,0,0
18.914999999999999,0,0,0
18.915500000000002,0,0,0
18.916,0,0,0
18.916499999999999,0,0,0
18.917000000000002,0,0,0
18.9175,0,0,0
18.917999999999999,0,0,0
18.918500000000002,0,0,0
18.919,0,0,0
18.919499999999999,0,0,0
18.920000000000002,0,0,0
18.920500000000001,0,0,0
18.920999999999999,0,0,0
18.921500000000002,0,0,0
18.922000000000001,0,0,0
18.922499999999999,0,0,0
18.922999999999998,0,0,0
18.923500000000001,0,0,0
18.923999999999999,0,0,0
18.924499999999998,0,0,0
18.925000000000001,0,0,0
18.9255,0,0,0
18.925999999999998,0,0,0
18.926500000000001,0,0,0
18.927,0,0,0
18.927499999999998,0,0,0
18.928000000000001,0,0,0
18.9285,0,0,0
18.928999999999998,0,0,0
18.929500000000001,0,0,0
18.93,0,0,0
18.930499999999999,0,0,0
18.931000000000001,0,0,0
18.9315,0,0,0
18.931999999999999,0,0,0
18.932500000000001,0,0,0
18.933,0,0,0
18.933499999999999,0,0,0
18.934000000000001,0,0,0
18.9345,0,0,0
18.934999999999999,0,0,0
18.935500000000001,0,0,0
18.936,0,0,0
18.936499999999999,0,0,0
18.937000000000001,0,0,0
18.9375,0,0,0
18.937999999999999,0,0,0
18.938500000000001,0,0,0
18.939,0,0,0
18.939499999999999,0,0,0
18.940000000000001,0,0,0
18.9405,0,0,0
18.940999999999999,0,0,0
18.941500000000001,0,0,0
18.942,0,0,0
18.942499999999999,0,0,0
18.943000000000001,0,0,0
18.9435,0,0,0
18.943999999999999,0,0,0
18.944500000000001,0,0,0
18.945,0,0,0
18.945499999999999,0,0,0
18.946000000000002,0,0,0
18.9465,0,0,0
18.946999999999999,0,0,0
18.947500000000002,0,0,0
18.948,0,0,0
18.948499999999999,0,0,0
18.949000000000002,0,0,0
18.9495,0,0,0
18.949999999999999,0,0,0
18.950500000000002,0,0,0
18.951000000000001,0,0,0
18.951499999999999,0,0,0
18.952000000000002,0,0,0
18.952500000000001,0,0,0
18.952999999999999,0,0,0
18.953499999999998,0,0,0
18.954000000000001,0,0,0
18.954499999999999,0,0,0
18.954999999999998,0,0,0
18.955500000000001,0,0,0
18.956,0,0,0
18.956499999999998,0,0,0
18.957000000000001,0,0,0
18.9575,0,0,0
18.957999999999998,0,0,0
18.958500000000001,0,0,0
18.959,0,0,0
18.959499999999998,0,0,0
18.960000000000001,0,0,0
18.9605,0,0,0
18.960999999999999,0,0,0
18.961500000000001,0,0,0
18.962,0,0,0
18.962499999999999,0,0,0
18.963000000000001,0,0,0
18.9635,0,0,0
18.963999999999999,0,0,0
18.964500000000001,0,0,0
18.965,0,0,0
18.965499999999999,0,0,0
18.966000000000001,0,0,0
18.9665,0,0,0
18.966999999999999,0,0,0
18.967500000000001,0,0,0
18.968,0,0,0
18.968499999999999,0,0,0
18.969000000000001,0,0,0
18.9695,0,0,0
18.969999999999999,0,0,0
18.970500000000001,0,0,0
18.971,0,0,0
18.971499999999999,0,0,0
18.972000000000001,0,0,0
18.9725,0,0,0
18.972999999999999,0,0,0
18.973500000000001,0,0,0
18.974,0,0,0
18.974499999999999,0,0,0
18.975000000000001,0,0,0
18.9755,0,0,0
18.975999999999999,0,0,0
18.976500000000001,0,0,0
18.977,0,0,0
18.977499999999999,0,0,0
18.978000000000002,0,0,0
18.9785,0,0,0
18.978999999999999,0,0,0
18.979500000000002,0,0,0
18.98,0,0,0
18.980499999999999,0,0,0
18.981000000000002,0,0,0
18.9815,0,0,0
18.981999999999999,0,0,0
18.982500000000002,0,0,0
18.983000000000001,0,0,0
18.983499999999999,0,0,0
18.984000000000002,0,0,0
18.984500000000001,0,0,0
18.984999999999999,0,0,0
18.985499999999998,0,0,0
18.986000000000001,0,0,0
18.986499999999999,0,0,0
18.986999999999998,0,0,0
18.987500000000001,0,0,0
18.988,0,0,0
18.988499999999998,0,0,0
18.989000000000001,0,0,0
18.9895,0,0,0
18.989999999999998,0,0,0
18.990500000000001,0,0,0
18.991,0,0,0
18.991499999999998,0,0,0
18.992000000000001,0,0,0
18.9925,0,0,0
18.992999999999999,0,0,0
18.993500000000001,0,0,0
18.994,0,0,0
18.994499999999999,0,0,0
18.995000000000001,0,0,0
18.9955,0,0,0
18.995999999999999,0,0,0
18.996500000000001,0,0,0
18.997,0,0,0
18.997499999999999,0,0,0
18.998000000000001,0,0,0
18.9985,0,0,0
18.998999999999999,0,0,0
18.999500000000001,0,0,0
19,0,0,0
19.000499999999999,0,0,0
19.001000000000001,0,0,0
19.0015,0,0,0
19.001999999999999,0,0,0
19.002500000000001,0,0,0
19.003,0,0,0
19.003499999999999,0,0,0
19.004000000000001,0,0,0
19.0045,0,0,0
19.004999999999999,0,0,0
19.005500000000001,0,0,0
19.006,0,0,0
19.006499999999999,0,0,0
19.007000000000001,0,0,0
19.0075,0,0,0
19.007999999999999,0,0,0
19.008500000000002,0,0,0
19.009,0,0,0
19.009499999999999,0,0,0
19.010000000000002,0,0,0
19.0105,0,0,0
19.010999999999999,0,0,0
19.011500000000002,0,0,0
19.012,0,0,0
19.012499999999999,0,0,0
19.013000000000002,0,0,0
19.013500000000001,0,0,0
19.013999999999999,0,0,0
19.014500000000002,0,0,0
19.015000000000001,0,0,0
19.015499999999999,0,0,0
19.015999999999998,0,0,0
19.016500000000001,0,0,0
19.016999999999999,0,0,0
19.017499999999998,0,0,0
19.018000000000001,0,0,0
19.0185,0,0,0
19.018999999999998,0,0,0
19.019500000000001,0,0,0
19.02,0,0,0
19.020499999999998,0,0,0
19.021000000000001,0,0,0
19.0215,0,0,0
19.021999999999998,0,0,0
19.022500000000001,0,0,0
19.023,0,0,0
19.023499999999999,0,0,0
19.024000000000001,0,0,0
19.0245,0,0,0
19.024999999999999,0,0,0
19.025500000000001,0,0,0
19.026,0,0,0
19.026499999999999,0,0,0
19.027000000000001,0,0,0
19.0275,0,0,0
19.027999999999999,0,0,0
19.028500000000001,0,0,0
19.029,0,0,0
19.029499999999999,0,0,0
19.030000000000001,0,0,0
19.0305,0,0,0
19.030999999999999,0,0,0
19.031500000000001,0,0,0
19.032,0,0,0
19.032499999999999,0,0,0
19.033000000000001,0,0,0
19.0335,0,0,0
19.033999999999999,0,0,0
19.034500000000001,0,0,0
19.035,0,0,0
19.035499999999999,0,0,0
19.036000000000001,0,0,0
19.0365,0,0,0
19.036999999999999,0,0,0
19.037500000000001,0,0,0
19.038,0,0,0
19.038499999999999,0,0,0
19.039000000000001,0,0,0
19.0395,0,0,0
19.039999999999999,0,0,0
19.040500000000002,0,0,0
19.041,0,0,0
19.041499999999999,0,0,0
19.042000000000002,0,0,0
19.0425,0,0,0
19.042999999999999,0,0,0
19.043500000000002,0,0,0
19.044,0,0,0
19.044499999999999,0,0,0
19.045000000000002,0,0,0
19.045500000000001,0,0,0
19.045999999999999,0,0,0
19.046500000000002,0,0,0
19.047000000000001,0,0,0
19.047499999999999,0,0,0
19.047999999999998,0,0,0
19.048500000000001,0,0,0
19.048999999999999,0,0,0
19.049499999999998,0,0,0
19.050000000000001,0,0,0
19.0505,0,0,0
19.050999999999998,0,0,0
19.051500000000001,0,0,0
19.052,0,0,0
19.052499999999998,0,0,0
19.053000000000001,0,0,0
19.0535,0,0,0
19.053999999999998,0,0,0
19.054500000000001,0,0,0
19.055,0,0,0
19.055499999999999,0,0,0
19.056000000000001,0,0,0
19.0565,0,0,0
19.056999999999999,0,0,0
19.057500000000001,0,0,0
19.058,0,0,0
19.058499999999999,0,0,0
19.059000000000001,0,0,0
19.0595,0,0,0
19.059999999999999,0,0,0
19.060500000000001,0,0,0
19.061,0,0,0
19.061499999999999,0,0,0
19.062000000000001,0,0,0
19.0625,0,0,0
19.062999999999999,0,0,0
19.063500000000001,0,0,0
19.064,0,0,0
19.064499999999999,0,0,0
19.065000000000001,0,0,0
19.0655,0,0,0
19.065999999999999,0,0,0
19.066500000000001,0,0,0
19.067,0,0,0
19.067499999999999,0,0,0
19.068000000000001,0,0,0
19.0685,0,0,0
19.068999999999999,0,0,0
19.069500000000001,0,0,0
19.07,0,0,0
19.070499999999999,0,0,0
19.071000000000002,0,0,0
19.0715,0,0,0
19.071999999999999,0,0,0
19.072500000000002,0,0,0
19.073,0,0,0
19.073499999999999,0,0,0
19.074000000000002,0,0,0
19.0745,0,0,0
19.074999999999999,0,0,0
19.075500000000002,0,0,0
19.076000000000001,0,0,0
19.076499999999999,0,0,0
19.077000000000002,0,0,0
19.077500000000001,0,0,0
19.077999999999999,0,0,0
19.078499999999998,0,0,0
19.079000000000001,0,0,0
19.079499999999999,0,0,0
19.079999999999998,0,0,0
19.080500000000001,0,0,0
19.081,0,0,0
19.081499999999998,0,0,0
19.082000000000001,0,0,0
19.0825,0,0,0
19.082999999999998,0,0,0
19.083500000000001,0,0,0
19.084,0,0,0
19.084499999999998,0,0,0
19.085000000000001,0,0,0
19.0855,0,0,0
19.085999999999999,0,0,0
19.086500000000001,0,0,0
19.087,0,0,0
19.087499999999999,0,0,0
19.088000000000001,0,0,0
19.0885,0,0,0
19.088999999999999,0,0,0
19.089500000000001,0,0,0
19.09,0,0,0
19.090499999999999,0,0,0
19.091000000000001,0,0,0
19.0915,0,0,0
19.091999999999999,0,0,0
19.092500000000001,0,0,0
19.093,0,0,0
19.093499999999999,0,0,0
19.094000000000001,0,0,0
19.0945,0,0,0
19.094999999999999,0,0,0
19.095500000000001,0,0,0
19.096,0,0,0
19.096499999999999,0,0,0
19.097000000000001,0,0,0
19.0975,0,0,0
19.097999999999999,0,0,0
19.098500000000001,0,0,0
19.099,0,0,0
19.099499999999999,0,0,0
19.100000000000001,0,0,0
19.1005,0,0,0
19.100999999999999,0,0,0
19.101500000000001,0,0,0
19.102,0,0,0
19.102499999999999,0,0,0
19.103000000000002,0,0,0
19.1035,0,0,0
19.103999999999999,0,0,0
19.104500000000002,0,0,0
19.105,0,0,0
19.105499999999999,0,0,0
19.106000000000002,0,0,0
19.1065,0,0,0
19.106999999999999,0,0,0
19.107500000000002,0,0,0
19.108000000000001,0,0,0
19.108499999999999,0,0,0
19.109000000000002,0,0,0
19.109500000000001,0,0,0
19.109999999999999,0,0,0
19.110499999999998,0,0,0
19.111000000000001,0,0,0
19.111499999999999,0,0,0
19.111999999999998,0,0,0
19.112500000000001,0,0,0
19.113,0,0,0
19.113499999999998,0,0,0
19.114000000000001,0,0,0
19.1145,0,0,0
19.114999999999998,0,0,0
19.115500000000001,0,0,0
19.116,0,0,0
19.116499999999998,0,0,0
19.117000000000001,0,0,0
19.1175,0,0,0
19.117999999999999,0,0,0
19.118500000000001,0,0,0
19.119,0,0,0
19.119499999999999,0,0,0
19.120000000000001,0,0,0
19.1205,0,0,0
19.120999999999999,0,0,0
19.121500000000001,0,0,0
19.122,0,0,0
19.122499999999999,0,0,0
19.123000000000001,0,0,0
19.1235,0,0,0
19.123999999999999,0,0,0
19.124500000000001,0,0,0
19.125,0,0,0
19.125499999999999,0,0,0
19.126000000000001,0,0,0
19.1265,0,0,0
19.126999999999999,0,0,0
19.127500000000001,0,0,0
19.128,0,0,0
19.128499999999999,0,0,0
19.129000000000001,0,0,0
19.1295,0,0,0
19.129999999999999,0,0,0
19.130500000000001,0,0,0
19.131,0,0,0
19.131499999999999,0,0,0
19.132000000000001,0,0,0
19.1325,0,0,0
19.132999999999999,0,0,0
19.133500000000002,0,0,0
19.134,0,0,0
19.134499999999999,0,0,0
19.135000000000002,0,0,0
19.1355,0,0,0
19.135999999999999,0,0,0
19.136500000000002,0,0,0
19.137,0,0,0
19.137499999999999,0,0,0
19.138000000000002,0,0,0
19.138500000000001,0,0,0
19.138999999999999,0,0,0
19.139500000000002,0,0,0
19.140000000000001,0,0,0
19.140499999999999,0,0,0
19.140999999999998,0,0,0
19.141500000000001,0,0,0
19.141999999999999,0,0,0
19.142499999999998,0,0,0
19.143000000000001,0,0,0
19.1435,0,0,0
19.143999999999998,0,0,0
19.144500000000001,0,0,0
19.145,0,0,0
19.145499999999998,0,0,0
19.146000000000001,0,0,0
19.1465,0,0,0
19.146999999999998,0,0,0
19.147500000000001,0,0,0
19.148,0,0,0
19.148499999999999,0,0,0
19.149000000000001,0,0,0
19.1495,0,0,0
19.149999999999999,0,0,0
19.150500000000001,0,0,0
19.151,0,0,0
19.151499999999999,0,0,0
19.152000000000001,0,0,0
19.1525,0,0,0
19.152999999999999,0,0,0
19.153500000000001,0,0,0
19.154,0,0,0
19.154499999999999,0,0,0
19.155000000000001,0,0,0
19.1555,0,0,0
19.155999999999999,0,0,0
19.156500000000001,0,0,0
19.157,0,0,0
19.157499999999999,0,0,0
19.158000000000001,0,0,0
19.1585,0,0,0
19.158999999999999,0,0,0
19.159500000000001,0,0,0
19.16,0,0,0
19.160499999999999,0,0,0
19.161000000000001,0,0,0
19.1615,0,0,0
19.161999999999999,0,0,0
19.162500000000001,0,0,0
19.163,0,0,0
19.163499999999999,0,0,0
19.164000000000001,0,0,0
19.1645,0,0,0
19.164999999999999,0,0,0
19.165500000000002,0,0,0
19.166,0,0,0
19.166499999999999,0,0,0
19.167000000000002,0,0,0
19.1675,0,0,0
19.167999999999999,0,0,0
19.168500000000002,0,0,0
19.169,0,0,0
19.169499999999999,0,0,0
19.170000000000002,0,0,0
19.170500000000001,0,0,0
19.170999999999999,0,0,0
19.171500000000002,0,0,0
19.172000000000001,0,0,0
19.172499999999999,0,0,0
19.172999999999998,0,0,0
19.173500000000001,0,0,0
19.173999999999999,0,0,0
19.174499999999998,0,0,0
19.175000000000001,0,0,0
19.1755,0,0,0
19.175999999999998,0,0,0
19.176500000000001,0,0,0
19.177,0,0,0
19.177499999999998,0,0,0
19.178000000000001,0,0,0
19.1785,0,0,0
19.178999999999998,0,0,0
19.179500000000001,0,0,0
19.18,0,0,0
19.180499999999999,0,0,0
19.181000000000001,0,0,0
19.1815,0,0,0
19.181999999999999,0,0,0
19.182500000000001,0,0,0
19.183,0,0,0
19.183499999999999,0,0,0
19.184000000000001,0,0,0
19.1845,0,0,0
19.184999999999999,0,0,0
19.185500000000001,0,0,0
19.186,0,0,0
19.186499999999999,0,0,0
19.187000000000001,0,0,0
19.1875,0,0,0
19.187999999999999,0,0,0
19.188500000000001,0,0,0
19.189,0,0,0
19.189499999999999,0,0,0
19.190000000000001,0,0,0
19.1905,0,0,0
19.190999999999999,0,0,0
19.191500000000001,0,0,0
19.192,0,0,0
19.192499999999999,0,0,0
19.193000000000001,0,0,0
19.1935,0,0,0
19.193999999999999,0,0,0
19.194500000000001,0,0,0
19.195,0,0,0
19.195499999999999,0,0,0
19.196000000000002,0,0,0
19.1965,0,0,0
19.196999999999999,0,0,0
19.197500000000002,0,0,0
19.198,0,0,0
19.198499999999999,0,0,0
19.199000000000002,0,0,0
19.1995,0,0,0
19.199999999999999,0,0,0
19.200500000000002,0,0,0
19.201000000000001,0,0,0
19.201499999999999,0,0,0
19.202000000000002,0,0,0
19.202500000000001,0,0,0
19.202999999999999,0,0,0
19.203499999999998,0,0,0
19.204000000000001,0,0,0
19.204499999999999,0,0,0
19.204999999999998,0,0,0
19.205500000000001,0,0,0
19.206,0,0,0
19.206499999999998,0,0,0
19.207000000000001,0,0,0
19.2075,0,0,0
19.207999999999998,0,0,0
19.208500000000001,0,0,0
19.209,0,0,0
19.209499999999998,0,0,0
19.210000000000001,0,0,0
19.2105,0,0,0
19.210999999999999,0,0,0
19.211500000000001,0,0,0
19.212,0,0,0
19.212499999999999,0,0,0
19.213000000000001,0,0,0
19.2135,0,0,0
19.213999999999999,0,0,0
19.214500000000001,0,0,0
19.215,0,0,0
19.215499999999999,0,0,0
19.216000000000001,0,0,0
19.2165,0,0,0
19.216999999999999,0,0,0
19.217500000000001,0,0,0
19.218,0,0,0
19.218499999999999,0,0,0
19.219000000000001,0,0,0
19.2195,0,0,0
19.219999999999999,0,0,0
19.220500000000001,0,0,0
19.221,0,0,0
19.221499999999999,0,0,0
19.222000000000001,0,0,0
19.2225,0,0,0
19.222999999999999,0,0,0
19.223500000000001,0,0,0
19.224,0,0,0
19.224499999999999,0,0,0
19.225000000000001,0,0,0
19.2255,0,0,0
19.225999999999999,0,0,0
19.226500000000001,0,0,0
19.227,0,0,0
19.227499999999999,0,0,0
19.228000000000002,0,0,0
19.2285,0,0,0
19.228999999999999,0,0,0
19.229500000000002,0,0,0
19.23,0,0,0
19.230499999999999,0,0,0
19.231000000000002,0,0,0
19.2315,0,0,0
19.231999999999999,0,0,0
19.232500000000002,0,0,0
19.233000000000001,0,0,0
19.233499999999999,0,0,0
19.234000000000002,0,0,0
19.234500000000001,0,0,0
19.234999999999999,0,0,0
19.235499999999998,0,0,0
19.236000000000001,0,0,0
19.236499999999999,0,0,0
19.236999999999998,0,0,0
19.237500000000001,0,0,0
19.238,0,0,0
19.238499999999998,0,0,0
19.239000000000001,0,0,0
19.2395,0,0,0
19.239999999999998,0,0,0
19.240500000000001,0,0,0
19.241,0,0,0
19.241499999999998,0,0,0
19.242000000000001,0,0,0
19.2425,0,0,0
19.242999999999999,0,0,0
19.243500000000001,0,0,0
19.244,0,0,0
19.244499999999999,0,0,0
19.245000000000001,0,0,0
19.2455,0,0,0
19.245999999999999,0,0,0
19.246500000000001,0,0,0
19.247,0,0,0
19.247499999999999,0,0,0
19.248000000000001,0,0,0
19.2485,0,0,0
19.248999999999999,0,0,0
19.249500000000001,0,0,0
19.25,0,0,0
19.250499999999999,0,0,0
19.251000000000001,0,0,0
19.2515,0,0,0
19.251999999999999,0,0,0
19.252500000000001,0,0,0
19.253,0,0,0
19.253499999999999,0,0,0
19.254000000000001,0,0,0
19.2545,0,0,0
19.254999999999999,0,0,0
19.255500000000001,0,0,0
19.256,0,0,0
19.256499999999999,0,0,0
19.257000000000001,0,0,0
19.2575,0,0,0
19.257999999999999,0,0,0
19.258500000000002,0,0,0
19.259,0,0,0
19.259499999999999,0,0,0
19.260000000000002,0,0,0
19.2605,0,0,0
19.260999999999999,0,0,0
19.261500000000002,0,0,0
19.262,0,0,0
19.262499999999999,0,0,0
19.263000000000002,0,0,0
19.263500000000001,0,0,0
19.263999999999999,0,0,0
19.264500000000002,0,0,0
19.265000000000001,0,0,0
19.265499999999999,0,0,0
19.265999999999998,0,0,0
19.266500000000001,0,0,0
19.266999999999999,0,0,0
19.267499999999998,0,0,0
19.268000000000001,0,0,0
19.2685,0,0,0
19.268999999999998,0,0,0
19.269500000000001,0,0,0
19.27,0,0,0
19.270499999999998,0,0,0
19.271000000000001,0,0,0
19.2715,0,0,0
19.271999999999998,0,0,0
19.272500000000001,0,0,0
19.273,0,0,0
19.273499999999999,0,0,0
19.274000000000001,0,0,0
19.2745,0,0,0
19.274999999999999,0,0,0
19.275500000000001,0,0,0
19.276,0,0,0
19.276499999999999,0,0,0
19.277000000000001,0,0,0
19.2775,0,0,0
19.277999999999999,0,0,0
19.278500000000001,0,0,0
19.279,0,0,0
19.279499999999999,0,0,0
19.280000000000001,0,0,0
19.2805,0,0,0
19.280999999999999,0,0,0
19.281500000000001,0,0,0
19.282,0,0,0
19.282499999999999,0,0,0
19.283000000000001,0,0,0
19.2835,0,0,0
19.283999999999999,0,0,0
19.284500000000001,0,0,0
19.285,0,0,0
19.285499999999999,0,0,0
19.286000000000001,0,0,0
19.2865,0,0,0
19.286999999999999,0,0,0
19.287500000000001,0,0,0
19.288,0,0,0
19.288499999999999,0,0,0
19.289000000000001,0,0,0
19.2895,0,0,0
19.289999999999999,0,0,0
19.290500000000002,0,0,0
19.291,0,0,0
19.291499999999999,0,0,0
19.292000000000002,0,0,0
19.2925,0,0,0
19.292999999999999,0,0,0
19.293500000000002,0,0,0
19.294,0,0,0
19.294499999999999,0,0,0
19.295000000000002,0,0,0
19.295500000000001,0,0,0
19.295999999999999,0,0,0
19.296500000000002,0,0,0
19.297000000000001,0,0,0
19.297499999999999,0,0,0
19.297999999999998,0,0,0
19.298500000000001,0,0,0
19.298999999999999,0,0,0
19.299499999999998,0,0,0
19.300000000000001,0,0,0
19.3005,0,0,0
19.300999999999998,0,0,0
19.301500000000001,0,0,0
19.302,0,0,0
19.302499999999998,0,0,0
19.303000000000001,0,0,0
19.3035,0,0,0
19.303999999999998,0,0,0
19.304500000000001,0,0,0
19.305,0,0,0
19.305499999999999,0,0,0
19.306000000000001,0,0,0
19.3065,0,0,0
19.306999999999999,0,0,0
19.307500000000001,0,0,0
19.308,0,0,0
19.308499999999999,0,0,0
19.309000000000001,0,0,0
19.3095,0,0,0
19.309999999999999,0,0,0
19.310500000000001,0,0,0
19.311,0,0,0
19.311499999999999,0,0,0
19.312000000000001,0,0,0
19.3125,0,0,0
19.312999999999999,0,0,0
19.313500000000001,0,0,0
19.314,0,0,0
19.314499999999999,0,0,0
19.315000000000001,0,0,0
19.3155,0,0,0
19.315999999999999,0,0,0
19.316500000000001,0,0,0
19.317,0,0,0
19.317499999999999,0,0,0
19.318000000000001,0,0,0
19.3185,0,0,0
19.318999999999999,0,0,0
19.319500000000001,0,0,0
19.32,0,0,0
19.320499999999999,0,0,0
19.321000000000002,0,0,0
19.3215,0,0,0
19.321999999999999,0,0,0
19.322500000000002,0,0,0
19.323,0,0,0
19.323499999999999,0,0,0
19.324000000000002,0,0,0
19.3245,0,0,0
19.324999999999999,0,0,0
19.325500000000002,0,0,0
19.326000000000001,0,0,0
19.326499999999999,0,0,0
19.327000000000002,0,0,0
19.327500000000001,0,0,0
19.327999999999999,0,0,0
19.328499999999998,0,0,0
19.329000000000001,0,0,0
19.329499999999999,0,0,0
19.329999999999998,0,0,0
19.330500000000001,0,0,0
19.331,0,0,0
19.331499999999998,0,0,0
19.332000000000001,0,0,0
19.3325,0,0,0
19.332999999999998,0,0,0
19.333500000000001,0,0,0
19.334,0,0,0
19.334499999999998,0,0,0
19.335000000000001,0,0,0
19.3355,0,0,0
19.335999999999999,0,0,0
19.336500000000001,0,0,0
19.337,0,0,0
19.337499999999999,0,0,0
19.338000000000001,0,0,0
19.3385,0,0,0
19.338999999999999,0,0,0
19.339500000000001,0,0,0
19.34,0,0,0
19.340499999999999,0,0,0
19.341000000000001,0,0,0
19.3415,0,0,0
19.341999999999999,0,0,0
19.342500000000001,0,0,0
19.343,0,0,0
19.343499999999999,0,0,0
19.344000000000001,0,0,0
19.3445,0,0,0
19.344999999999999,0,0,0
19.345500000000001,0,0,0
19.346,0,0,0
19.346499999999999,0,0,0
19.347000000000001,0,0,0
19.3475,0,0,0
19.347999999999999,0,0,0
19.348500000000001,0,0,0
19.349,0,0,0
19.349499999999999,0,0,0
19.350000000000001,0,0,0
19.3505,0,0,0
19.350999999999999,0,0,0
19.351500000000001,0,0,0
19.352,0,0,0
19.352499999999999,0,0,0
19.353000000000002,0,0,0
19.3535,0,0,0
19.353999999999999,0,0,0
19.354500000000002,0,0,0
19.355,0,0,0
19.355499999999999,0,0,0
19.356000000000002,0,0,0
19.3565,0,0,0
19.356999999999999,0,0,0
19.357500000000002,0,0,0
19.358000000000001,0,0,0
19.358499999999999,0,0,0
19.359000000000002,0,0,0
19.359500000000001,0,0,0
19.359999999999999,0,0,0
19.360499999999998,0,0,0
19.361000000000001,0,0,0
19.361499999999999,0,0,0
19.361999999999998,0,0,0
19.362500000000001,0,0,0
19.363,0,0,0
19.363499999999998,0,0,0
19.364000000000001,0,0,0
19.3645,0,0,0
19.364999999999998,0,0,0
19.365500000000001,0,0,0
19.366,0,0,0
19.366499999999998,0,0,0
19.367000000000001,0,0,0
19.3675,0,0,0
19.367999999999999,0,0,0
19.368500000000001,0,0,0
19.369,0,0,0
19.369499999999999,0,0,0
19.370000000000001,0,0,0
19.3705,0,0,0
19.370999999999999,0,0,0
19.371500000000001,0,0,0
19.372,0,0,0
19.372499999999999,0,0,0
19.373000000000001,0,0,0
19.3735,0,0,0
19.373999999999999,0,0,0
19.374500000000001,0,0,0
19.375,0,0,0
19.375499999999999,0,0,0
19.376000000000001,0,0,0
19.3765,0,0,0
19.376999999999999,0,0,0
19.377500000000001,0,0,0
19.378,0,0,0
19.378499999999999,0,0,0
19.379000000000001,0,0,0
19.3795,0,0,0
19.379999999999999,0,0,0
19.380500000000001,0,0,0
19.381,0,0,0
19.381499999999999,0,0,0
19.382000000000001,0,0,0
19.3825,0,0,0
19.382999999999999,0,0,0
19.383500000000002,0,0,0
19.384,0,0,0
19.384499999999999,0,0,0
19.385000000000002,0,0,0
19.3855,0,0,0
19.385999999999999,0,0,0
19.386500000000002,0,0,0
19.387,0,0,0
19.387499999999999,0,0,0
19.388000000000002,0,0,0
19.388500000000001,0,0,0
19.388999999999999,0,0,0
19.389500000000002,0,0,0
19.390000000000001,0,0,0
19.390499999999999,0,0,0
19.390999999999998,0,0,0
19.391500000000001,0,0,0
19.391999999999999,0,0,0
19.392499999999998,0,0,0
19.393000000000001,0,0,0
19.3935,0,0,0
19.393999999999998,0,0,0
19.394500000000001,0,0,0
19.395,0,0,0
19.395499999999998,0,0,0
19.396000000000001,0,0,0
19.3965,0,0,0
19.396999999999998,0,0,0
19.397500000000001,0,0,0
19.398,0,0,0
19.398499999999999,0,0,0
19.399000000000001,0,0,0
19.3995,0,0,0
19.399999999999999,0,0,0
19.400500000000001,0,0,0
19.401,0,0,0
19.401499999999999,0,0,0
19.402000000000001,0,0,0
19.4025,0,0,0
19.402999999999999,0,0,0
19.403500000000001,0,0,0
19.404,0,0,0
19.404499999999999,0,0,0
19.405000000000001,0,0,0
19.4055,0,0,0
19.405999999999999,0,0,0
19.406500000000001,0,0,0
19.407,0,0,0
19.407499999999999,0,0,0
19.408000000000001,0,0,0
19.4085,0,0,0
19.408999999999999,0,0,0
19.409500000000001,0,0,0
19.41,0,0,0
19.410499999999999,0,0,0
19.411000000000001,0,0,0
19.4115,0,0,0
19.411999999999999,0,0,0
19.412500000000001,0,0,0
19.413,0,0,0
19.413499999999999,0,0,0
19.414000000000001,0,0,0
19.4145,0,0,0
19.414999999999999,0,0,0
19.415500000000002,0,0,0
19.416,0,0,0
19.416499999999999,0,0,0
19.417000000000002,0,0,0
19.4175,0,0,0
19.417999999999999,0,0,0
19.418500000000002,0,0,0
19.419,0,0,0
19.419499999999999,0,0,0
19.420000000000002,0,0,0
19.420500000000001,0,0,0
19.420999999999999,0,0,0
19.421500000000002,0,0,0
19.422000000000001,0,0,0
19.422499999999999,0,0,0
19.422999999999998,0,0,0
19.423500000000001,0,0,0
19.423999999999999,0,0,0
19.424499999999998,0,0,0
19.425000000000001,0,0,0
19.4255,0,0,0
19.425999999999998,0,0,0
19.426500000000001,0,0,0
19.427,0,0,0
19.427499999999998,0,0,0
19.428000000000001,0,0,0
19.4285,0,0,0
19.428999999999998,0,0,0
19.429500000000001,0,0,0
19.43,0,0,0
19.430499999999999,0,0,0
19.431000000000001,0,0,0
19.4315,0,0,0
19.431999999999999,0,0,0
19.432500000000001,0,0,0
19.433,0,0,0
19.433499999999999,0,0,0
19.434000000000001,0,0,0
19.4345,0,0,0
19.434999999999999,0,0,0
19.435500000000001,0,0,0
19.436,0,0,0
19.436499999999999,0,0,0
19.437000000000001,0,0,0
19.4375,0,0,0
19.437999999999999,0,0,0
19.438500000000001,0,0,0
19.439,0,0,0
19.439499999999999,0,0,0
19.440000000000001,0,0,0
19.4405,0,0,0
19.440999999999999,0,0,0
19.441500000000001,0,0,0
19.442,0,0,0
19.442499999999999,0,0,0
19.443000000000001,0,0,0
19.4435,0,0,0
19.443999999999999,0,0,0
19.444500000000001,0,0,0
19.445,0,0,0
19.445499999999999,0,0,0
19.446000000000002,0,0,0
19.4465,0,0,0
19.446999999999999,0,0,0
19.447500000000002,0,0,0
19.448,0,0,0
19.448499999999999,0,0,0
19.449000000000002,0,0,0
19.4495,0,0,0
19.449999999999999,0,0,0
19.450500000000002,0,0,0
19.451000000000001,0,0,0
19.451499999999999,0,0,0
19.452000000000002,0,0,0
19.452500000000001,0,0,0
19.452999999999999,0,0,0
19.453499999999998,0,0,0
19.454000000000001,0,0,0
19.454499999999999,0,0,0
19.454999999999998,0,0,0
19.455500000000001,0,0,0
19.456,0,0,0
19.456499999999998,0,0,0
19.457000000000001,0,0,0
19.4575,0,0,0
19.457999999999998,0,0,0
19.458500000000001,0,0,0
19.459,0,0,0
19.459499999999998,0,0,0
19.460000000000001,0,0,0
19.4605,0,0,0
19.460999999999999,0,0,0
19.461500000000001,0,0,0
19.462,0,0,0
19.462499999999999,0,0,0
19.463000000000001,0,0,0
19.4635,0,0,0
19.463999999999999,0,0,0
19.464500000000001,0,0,0
19.465,0,0,0
19.465499999999999,0,0,0
19.466000000000001,0,0,0
19.4665,0,0,0
19.466999999999999,0,0,0
19.467500000000001,0,0,0
19.468,0,0,0
19.468499999999999,0,0,0
19.469000000000001,0,0,0
19.4695,0,0,0
19.469999999999999,0,0,0
19.470500000000001,0,0,0
19.471,0,0,0
19.471499999999999,0,0,0
19.472000000000001,0,0,0
19.4725,0,0,0
19.472999999999999,0,0,0
19.473500000000001,0,0,0
19.474,0,0,0
19.474499999999999,0,0,0
19.475000000000001,0,0,0
19.4755,0,0,0
19.475999999999999,0,0,0
19.476500000000001,0,0,0
19.477,0,0,0
19.477499999999999,0,0,0
19.478000000000002,0,0,0
19.4785,0,0,0
19.478999999999999,0,0,0
19.479500000000002,0,0,0
19.48,0,0,0
19.480499999999999,0,0,0
19.481000000000002,0,0,0
19.4815,0,0,0
19.481999999999999,0,0,0
19.482500000000002,0,0,0
19.483000000000001,0,0,0
19.483499999999999,0,0,0
19.484000000000002,0,0,0
19.484500000000001,0,0,0
19.484999999999999,0,0,0
19.485499999999998,0,0,0
19.486000000000001,0,0,0
19.486499999999999,0,0,0
19.486999999999998,0,0,0
19.487500000000001,0,0,0
19.488,0,0,0
19.488499999999998,0,0,0
19.489000000000001,0,0,0
19.4895,0,0,0
19.489999999999998,0,0,0
19.490500000000001,0,0,0
19.491,0,0,0
19.491499999999998,0,0,0
19.492000000000001,0,0,0
19.4925,0,0,0
19.492999999999999,0,0,0
19.493500000000001,0,0,0
19.494,0,0,0
19.494499999999999,0,0,0
19.495000000000001,0,0,0
19.4955,0,0,0
19.495999999999999,0,0,0
19.496500000000001,0,0,0
19.497,0,0,0
19.497499999999999,0,0,0
19.498000000000001,0,0,0
19.4985,0,0,0
19.498999999999999,0,0,0
19.499500000000001,0,0,0
19.5,0,0,0
19.500499999999999,0,0,0
19.501000000000001,0,0,0
19.5015,0,0,0
19.501999999999999,0,0,0
19.502500000000001,0,0,0
19.503,0,0,0
19.503499999999999,0,0,0
19.504000000000001,0,0,0
19.5045,0,0,0
19.504999999999999,0,0,0
19.505500000000001,0,0,0
19.506,0,0,0
19.506499999999999,0,0,0
19.507000000000001,0,0,0
19.5075,0,0,0
19.507999999999999,0,0,0
19.508500000000002,0,0,0
19.509,0,0,0
19.509499999999999,0,0,0
19.510000000000002,0,0,0
19.5105,0,0,0
19.510999999999999,0,0,0
19.511500000000002,0,0,0
19.512,0,0,0
19.512499999999999,0,0,0
19.513000000000002,0,0,0
19.513500000000001,0,0,0
19.513999999999999,0,0,0
19.514500000000002,0,0,0
19.515000000000001,0,0,0
19.515499999999999,0,0,0
19.515999999999998,0,0,0
19.516500000000001,0,0,0
19.516999999999999,0,0,0
19.517499999999998,0,0,0
19.518000000000001,0,0,0
19.5185,0,0,0
19.518999999999998,0,0,0
19.519500000000001,0,0,0
19.52,0,0,0
19.520499999999998,0,0,0
19.521000000000001,0,0,0
19.5215,0,0,0
19.521999999999998,0,0,0
19.522500000000001,0,0,0
19.523,0,0,0
19.523499999999999,0,0,0
19.524000000000001,0,0,0
19.5245,0,0,0
19.524999999999999,0,0,0
19.525500000000001,0,0,0
19.526,0,0,0
19.526499999999999,0,0,0
19.527000000000001,0,0,0
19.5275,0,0,0
19.527999999999999,0,0,0
19.528500000000001,0,0,0
19.529,0,0,0
19.529499999999999,0,0,0
19.530000000000001,0,0,0
19.5305,0,0,0
19.530999999999999,0,0,0
19.531500000000001,0,0,0
19.532,0,0,0
19.532499999999999,0,0,0
19.533000000000001,0,0,0
19.5335,0,0,0
19.533999999999999,0,0,0
19.534500000000001,0,0,0
19.535,0,0,0
19.535499999999999,0,0,0
19.536000000000001,0,0,0
19.5365,0,0,0
19.536999999999999,0,0,0
19.537500000000001,0,0,0
19.538,0,0,0
19.538499999999999,0,0,0
19.539000000000001,0,0,0
19.5395,0,0,0
19.539999999999999,0,0,0
19.540500000000002,0,0,0
19.541,0,0,0
19.541499999999999,0,0,0
19.542000000000002,0,0,0
19.5425,0,0,0
19.542999999999999,0,0,0
19.543500000000002,0,0,0
19.544,0,0,0
19.544499999999999,0,0,0
19.545000000000002,0,0,0
19.545500000000001,0,0,0
19.545999999999999,0,0,0
19.546500000000002,0,0,0
19.547000000000001,0,0,0
19.547499999999999,0,0,0
19.547999999999998,0,0,0
19.548500000000001,0,0,0
19.548999999999999,0,0,0
19.549499999999998,0,0,0
19.550000000000001,0,0,0
19.5505,0,0,0
19.550999999999998,0,0,0
19.551500000000001,0,0,0
19.552,0,0,0
19.552499999999998,0,0,0
19.553000000000001,0,0,0
19.5535,0,0,0
19.553999999999998,0,0,0
19.554500000000001,0,0,0
19.555,0,0,0
19.555499999999999,0,0,0
19.556000000000001,0,0,0
19.5565,0,0,0
19.556999999999999,0,0,0
19.557500000000001,0,0,0
19.558,0,0,0
19.558499999999999,0,0,0
19.559000000000001,0,0,0
19.5595,0,0,0
19.559999999999999,0,0,0
19.560500000000001,0,0,0
19.561,0,0,0
19.561499999999999,0,0,0
19.562000000000001,0,0,0
19.5625,0,0,0
19.562999999999999,0,0,0
19.563500000000001,0,0,0
19.564,0,0,0
19.564499999999999,0,0,0
19.565000000000001,0,0,0
19.5655,0,0,0
19.565999999999999,0,0,0
19.566500000000001,0,0,0
19.567,0,0,0
19.567499999999999,0,0,0
19.568000000000001,0,0,0
19.5685,0,0,0
19.568999999999999,0,0,0
19.569500000000001,0,0,0
19.57,0,0,0
19.570499999999999,0,0,0
19.571000000000002,0,0,0
19.5715,0,0,0
19.571999999999999,0,0,0
19.572500000000002,0,0,0
19.573,0,0,0
19.573499999999999,0,0,0
19.574000000000002,0,0,0
19.5745,0,0,0
19.574999999999999,0,0,0
19.575500000000002,0,0,0
19.576000000000001,0,0,0
19.576499999999999,0,0,0
19.577000000000002,0,0,0
19.577500000000001,0,0,0
19.577999999999999,0,0,0
19.578499999999998,0,0,0
19.579000000000001,0,0,0
19.579499999999999,0,0,0
19.579999999999998,0,0,0
19.580500000000001,0,0,0
19.581,0,0,0
19.581499999999998,0,0,0
19.582000000000001,0,0,0
19.5825,0,0,0
19.582999999999998,0,0,0
19.583500000000001,0,0,0
19.584,0,0,0
19.584499999999998,0,0,0
19.585000000000001,0,0,0
19.5855,0,0,0
19.585999999999999,0,0,0
19.586500000000001,0,0,0
19.587,0,0,0
19.587499999999999,0,0,0
19.588000000000001,0,0,0
19.5885,0,0,0
19.588999999999999,0,0,0
19.589500000000001,0,0,0
19.59,0,0,0
19.590499999999999,0,0,0
19.591000000000001,0,0,0
19.5915,0,0,0
19.591999999999999,0,0,0
19.592500000000001,0,0,0
19.593,0,0,0
19.593499999999999,0,0,0
19.594000000000001,0,0,0
19.5945,0,0,0
19.594999999999999,0,0,0
19.595500000000001,0,0,0
19.596,0,0,0
19.596499999999999,0,0,0
19.597000000000001,0,0,0
19.5975,0,0,0
19.597999999999999,0,0,0
19.598500000000001,0,0,0
19.599,0,0,0
19.599499999999999,0,0,0
19.600000000000001,0,0,0
19.6005,0,0,0
19.600999999999999,0,0,0
19.601500000000001,0,0,0
19.602,0,0,0
19.602499999999999,0,0,0
19.603000000000002,0,0,0
19.6035,0,0,0
19.603999999999999,0,0,0
19.604500000000002,0,0,0
19.605,0,0,0
19.605499999999999,0,0,0
19.606000000000002,0,0,0
19.6065,0,0,0
19.606999999999999,0,0,0
19.607500000000002,0,0,0
19.608000000000001,0,0,0
19.608499999999999,0,0,0
19.609000000000002,0,0,0
19.609500000000001,0,0,0
19.609999999999999,0,0,0
19.610499999999998,0,0,0
19.611000000000001,0,0,0
19.611499999999999,0,0,0
19.611999999999998,0,0,0
19.612500000000001,0,0,0
19.613,0,0,0
19.613499999999998,0,0,0
19.614000000000001,0,0,0
19.6145,0,0,0
19.614999999999998,0,0,0
19.615500000000001,0,0,0
19.616,0,0,0
19.616499999999998,0,0,0
19.617000000000001,0,0,0
19.6175,0,0,0
19.617999999999999,0,0,0
19.618500000000001,0,0,0
19.619,0,0,0
19.619499999999999,0,0,0
19.620000000000001,0,0,0
19.6205,0,0,0
19.620999999999999,0,0,0
19.621500000000001,0,0,0
19.622,0,0,0
19.622499999999999,0,0,0
19.623000000000001,0,0,0
19.6235,0,0,0
19.623999999999999,0,0,0
19.624500000000001,0,0,0
19.625,0,0,0
19.625499999999999,0,0,0
19.626000000000001,0,0,0
19.6265,0,0,0
19.626999999999999,0,0,0
19.627500000000001,0,0,0
19.628,0,0,0
19.628499999999999,0,0,0
19.629000000000001,0,0,0
19.6295,0,0,0
19.629999999999999,0,0,0
19.630500000000001,0,0,0
19.631,0,0,0
19.631499999999999,0,0,0
19.632000000000001,0,0,0
19.6325,0,0,0
19.632999999999999,0,0,0
19.633500000000002,0,0,0
19.634,0,0,0
19.634499999999999,0,0,0
19.635000000000002,0,0,0
19.6355,0,0,0
19.635999999999999,0,0,0
19.636500000000002,0,0,0
19.637,0,0,0
19.637499999999999,0,0,0
19.638000000000002,0,0,0
19.638500000000001,0,0,0
19.638999999999999,0,0,0
19.639500000000002,0,0,0
19.640000000000001,0,0,0
19.640499999999999,0,0,0
19.640999999999998,0,0,0
19.641500000000001,0,0,0
19.641999999999999,0,0,0
19.642499999999998,0,0,0
19.643000000000001,0,0,0
19.6435,0,0,0
19.643999999999998,0,0,0
19.644500000000001,0,0,0
19.645,0,0,0
19.645499999999998,0,0,0
19.646000000000001,0,0,0
19.6465,0,0,0
19.646999999999998,0,0,0
19.647500000000001,0,0,0
19.648,0,0,0
19.648499999999999,0,0,0
19.649000000000001,0,0,0
19.6495,0,0,0
19.649999999999999,0,0,0
19.650500000000001,0,0,0
19.651,0,0,0
19.651499999999999,0,0,0
19.652000000000001,0,0,0
19.6525,0,0,0
19.652999999999999,0,0,0
19.653500000000001,0,0,0
19.654,0,0,0
19.654499999999999,0,0,0
19.655000000000001,0,0,0
19.6555,0,0,0
19.655999999999999,0,0,0
19.656500000000001,0,0,0
19.657,0,0,0
19.657499999999999,0,0,0
19.658000000000001,0,0,0
19.6585,0,0,0
19.658999999999999,0,0,0
19.659500000000001,0,0,0
19.66,0,0,0
19.660499999999999,0,0,0
19.661000000000001,0,0,0
19.6615,0,0,0
19.661999999999999,0,0,0
19.662500000000001,0,0,0
19.663,0,0,0
19.663499999999999,0,0,0
19.664000000000001,0,0,0
19.6645,0,0,0
19.664999999999999,0,0,0
19.665500000000002,0,0,0
19.666,0,0,0
19.666499999999999,0,0,0
19.667000000000002,0,0,0
19.6675,0,0,0
19.667999999999999,0,0,0
19.668500000000002,0,0,0
19.669,0,0,0
19.669499999999999,0,0,0
19.670000000000002,0,0,0
19.670500000000001,0,0,0
19.670999999999999,0,0,0
19.671500000000002,0,0,0
19.672000000000001,0,0,0
19.672499999999999,0,0,0
19.672999999999998,0,0,0
19.673500000000001,0,0,0
19.673999999999999,0,0,0
19.674499999999998,0,0,0
19.675000000000001,0,0,0
19.6755,0,0,0
19.675999999999998,0,0,0
19.676500000000001,0,0,0
19.677,0,0,0
19.677499999999998,0,0,0
19.678000000000001,0,0,0
19.6785,0,0,0
19.678999999999998,0,0,0
19.679500000000001,0,0,0
19.68,0,0,0
19.680499999999999,0,0,0
19.681000000000001,0,0,0
19.6815,0,0,0
19.681999999999999,0,0,0
19.682500000000001,0,0,0
19.683,0,0,0
19.683499999999999,0,0,0
19.684000000000001,0,0,0
19.6845,0,0,0
19.684999999999999,0,0,0
19.685500000000001,0,0,0
19.686,0,0,0
19.686499999999999,0,0,0
19.687000000000001,0,0,0
19.6875,0,0,0
19.687999999999999,0,0,0
19.688500000000001,0,0,0
19.689,0,0,0
19.689499999999999,0,0,0
19.690000000000001,0,0,0
19.6905,0,0,0
19.690999999999999,0,0,0
19.691500000000001,0,0,0
19.692,0,0,0
19.692499999999999,0,0,0
19.693000000000001,0,0,0
19.6935,0,0,0
19.693999999999999,0,0,0
19.694500000000001,0,0,0
19.695,0,0,0
19.695499999999999,0,0,0
19.696000000000002,0,0,0
19.6965,0,0,0
19.696999999999999,0,0,0
19.697500000000002,0,0,0
19.698,0,0,0
19.698499999999999,0,0,0
19.699000000000002,0,0,0
19.6995,0,0,0
19.699999999999999,0,0,0
19.700500000000002,0,0,0
19.701000000000001,0,0,0
19.701499999999999,0,0,0
19.702000000000002,0,0,0
19.702500000000001,0,0,0
19.702999999999999,0,0,0
19.703499999999998,0,0,0
19.704000000000001,0,0,0
19.704499999999999,0,0,0
19.704999999999998,0,0,0
19.705500000000001,0,0,0
19.706,0,0,0
19.706499999999998,0,0,0
19.707000000000001,0,0,0
19.7075,0,0,0
19.707999999999998,0,0,0
19.708500000000001,0,0,0
19.709,0,0,0
19.709499999999998,0,0,0
19.710000000000001,0,0,0
19.7105,0,0,0
19.710999999999999,0,0,0
19.711500000000001,0,0,0
19.712,0,0,0
19.712499999999999,0,0,0
19.713000000000001,0,0,0
19.7135,0,0,0
19.713999999999999,0,0,0
19.714500000000001,0,0,0
19.715,0,0,0
19.715499999999999,0,0,0
19.716000000000001,0,0,0
19.7165,0,0,0
19.716999999999999,0,0,0
19.717500000000001,0,0,0
19.718,0,0,0
19.718499999999999,0,0,0
19.719000000000001,0,0,0
19.7195,0,0,0
19.719999999999999,0,0,0
19.720500000000001,0,0,0
19.721,0,0,0
19.721499999999999,0,0,0
19.722000000000001,0,0,0
19.7225,0,0,0
19.722999999999999,0,0,0
19.723500000000001,0,0,0
19.724,0,0,0
19.724499999999999,0,0,0
19.725000000000001,0,0,0
19.7255,0,0,0
19.725999999999999,0,0,0
19.726500000000001,0,0,0
19.727,0,0,0
19.727499999999999,0,0,0
19.728000000000002,0,0,0
19.7285,0,0,0
19.728999999999999,0,0,0
19.729500000000002,0,0,0
19.73,0,0,0
19.730499999999999,0,0,0
19.731000000000002,0,0,0
19.7315,0,0,0
19.731999999999999,0,0,0
19.732500000000002,0,0,0
19.733000000000001,0,0,0
19.733499999999999,0,0,0
19.734000000000002,0,0,0
19.734500000000001,0,0,0
19.734999999999999,0,0,0
19.735499999999998,0,0,0
19.736000000000001,0,0,0
19.736499999999999,0,0,0
19.736999999999998,0,0,0
19.737500000000001,0,0,0
19.738,0,0,0
19.738499999999998,0,0,0
19.739000000000001,0,0,0
19.7395,0,0,0
19.739999999999998,0,0,0
19.740500000000001,0,0,0
19.741,0,0,0
19.741499999999998,0,0,0
19.742000000000001,0,0,0
19.7425,0,0,0
19.742999999999999,0,0,0
19.743500000000001,0,0,0
19.744,0,0,0
19.744499999999999,0,0,0
19.745000000000001,0,0,0
19.7455,0,0,0
19.745999999999999,0,0,0
19.746500000000001,0,0,0
19.747,0,0,0
19.747499999999999,0,0,0
19.748000000000001,0,0,0
19.7485,0,0,0
19.748999999999999,0,0,0
19.749500000000001,0,0,0
19.75,0,0,0
19.750499999999999,0,0,0
19.751000000000001,0,0,0
19.7515,0,0,0
19.751999999999999,0,0,0
19.752500000000001,0,0,0
19.753,0,0,0
19.753499999999999,0,0,0
19.754000000000001,0,0,0
19.7545,0,0,0
19.754999999999999,0,0,0
19.755500000000001,0,0,0
19.756,0,0,0
19.756499999999999,0,0,0
19.757000000000001,0,0,0
19.7575,0,0,0
19.757999999999999,0,0,0
19.758500000000002,0,0,0
19.759,0,0,0
19.759499999999999,0,0,0
19.760000000000002,0,0,0
19.7605,0,0,0
19.760999999999999,0,0,0
19.761500000000002,0,0,0
19.762,0,0,0
19.762499999999999,0,0,0
19.763000000000002,0,0,0
19.763500000000001,0,0,0
19.763999999999999,0,0,0
19.764500000000002,0,0,0
19.765000000000001,0,0,0
19.765499999999999,0,0,0
19.765999999999998,0,0,0
19.766500000000001,0,0,0
19.766999999999999,0,0,0
19.767499999999998,0,0,0
19.768000000000001,0,0,0
19.7685,0,0,0
19.768999999999998,0,0,0
19.769500000000001,0,0,0
19.77,0,0,0
19.770499999999998,0,0,0
19.771000000000001,0,0,0
19.7715,0,0,0
19.771999999999998,0,0,0
19.772500000000001,0,0,0
19.773,0,0,0
19.773499999999999,0,0,0
19.774000000000001,0,0,0
19.7745,0,0,0
19.774999999999999,0,0,0
19.775500000000001,0,0,0
19.776,0,0,0
19.776499999999999,0,0,0
19.777000000000001,0,0,0
19.7775,0,0,0
19.777999999999999,0,0,0
19.778500000000001,0,0,0
19.779,0,0,0
19.779499999999999,0,0,0
19.780000000000001,0,0,0
19.7805,0,0,0
19.780999999999999,0,0,0
19.781500000000001,0,0,0
19.782,0,0,0
19.782499999999999,0,0,0
19.783000000000001,0,0,0
19.7835,0,0,0
19.783999999999999,0,0,0
19.784500000000001,0,0,0
19.785,0,0,0
19.785499999999999,0,0,0
19.786000000000001,0,0,0
19.7865,0,0,0
19.786999999999999,0,0,0
19.787500000000001,0,0,0
19.788,0,0,0
19.788499999999999,0,0,0
19.789000000000001,0,0,0
19.7895,0,0,0
19.789999999999999,0,0,0
19.790500000000002,0,0,0
19.791,0,0,0
19.791499999999999,0,0,0
19.792000000000002,0,0,0
19.7925,0,0,0
19.792999999999999,0,0,0
19.793500000000002,0,0,0
19.794,0,0,0
19.794499999999999,0,0,0
19.795000000000002,0,0,0
19.795500000000001,0,0,0
19.795999999999999,0,0,0
19.796500000000002,0,0,0
19.797000000000001,0,0,0
19.797499999999999,0,0,0
19.797999999999998,0,0,0
19.798500000000001,0,0,0
19.798999999999999,0,0,0
19.799499999999998,0,0,0
19.800000000000001,0,0,0
19.8005,0,0,0
19.800999999999998,0,0,0
19.801500000000001,0,0,0
19.802,0,0,0
19.802499999999998,0,0,0
19.803000000000001,0,0,0
19.8035,0,0,0
19.803999999999998,0,0,0
19.804500000000001,0,0,0
19.805,0,0,0
19.805499999999999,0,0,0
19.806000000000001,0,0,0
19.8065,0,0,0
19.806999999999999,0,0,0
19.807500000000001,0,0,0
19.808,0,0,0
19.808499999999999,0,0,0
19.809000000000001,0,0,0
19.8095,0,0,0
19.809999999999999,0,0,0
19.810500000000001,0,0,0
19.811,0,0,0
19.811499999999999,0,0,0
19.812000000000001,0,0,0
19.8125,0,0,0
19.812999999999999,0,0,0
19.813500000000001,0,0,0
19.814,0,0,0
19.814499999999999,0,0,0
19.815000000000001,0,0,0
19.8155,0,0,0
19.815999999999999,0,0,0
19.816500000000001,0,0,0
19.817,0,0,0
19.817499999999999,0,0,0
19.818000000000001,0,0,0
19.8185,0,0,0
19.818999999999999,0,0,0
19.819500000000001,0,0,0
19.82,0,0,0
19.820499999999999,0,0,0
19.821000000000002,0,0,0
19.8215,0,0,0
19.821999999999999,0,0,0
19.822500000000002,0,0,0
19.823,0,0,0
19.823499999999999,0,0,0
19.824000000000002,0,0,0
19.8245,0,0,0
19.824999999999999,0,0,0
19.825500000000002,0,0,0
19.826000000000001,0,0,0
19.826499999999999,0,0,0
19.827000000000002,0,0,0
19.827500000000001,0,0,0
19.827999999999999,0,0,0
19.828499999999998,0,0,0
19.829000000000001,0,0,0
19.829499999999999,0,0,0
19.829999999999998,0,0,0
19.830500000000001,0,0,0
19.831,0,0,0
19.831499999999998,0,0,0
19.832000000000001,0,0,0
19.8325,0,0,0
19.832999999999998,0,0,0
19.833500000000001,0,0,0
19.834,0,0,0
19.834499999999998,0,0,0
19.835000000000001,0,0,0
19.8355,0,0,0
19.835999999999999,0,0,0
19.836500000000001,0,0,0
19.837,0,0,0
19.837499999999999,0,0,0
19.838000000000001,0,0,0
19.8385,0,0,0
19.838999999999999,0,0,0
19.839500000000001,0,0,0
19.84,0,0,0
19.840499999999999,0,0,0
19.841000000000001,0,0,0
19.8415,0,0,0
19.841999999999999,0,0,0
19.842500000000001,0,0,0
19.843,0,0,0
19.843499999999999,0,0,0
19.844000000000001,0,0,0
19.8445,0,0,0
19.844999999999999,0,0,0
19.845500000000001,0,0,0
19.846,0,0,0
19.846499999999999,0,0,0
19.847000000000001,0,0,0
19.8475,0,0,0
19.847999999999999,0,0,0
19.848500000000001,0,0,0
19.849,0,0,0
19.849499999999999,0,0,0
19.850000000000001,0,0,0
19.8505,0,0,0
19.850999999999999,0,0,0
19.851500000000001,0,0,0
19.852,0,0,0
19.852499999999999,0,0,0
19.853000000000002,0,0,0
19.8535,0,0,0
19.853999999999999,0,0,0
19.854500000000002,0,0,0
19.855,0,0,0
19.855499999999999,0,0,0
19.856000000000002,0,0,0
19.8565,0,0,0
19.856999999999999,0,0,0
19.857500000000002,0,0,0
19.858000000000001,0,0,0
19.858499999999999,0,0,0
19.859000000000002,0,0,0
19.859500000000001,0,0,0
19.859999999999999,0,0,0
19.860499999999998,0,0,0
19.861000000000001,0,0,0
19.861499999999999,0,0,0
19.861999999999998,0,0,0
19.862500000000001,0,0,0
19.863,0,0,0
19.863499999999998,0,0,0
19.864000000000001,0,0,0
19.8645,0,0,0
19.864999999999998,0,0,0
19.865500000000001,0,0,0
19.866,0,0,0
19.866499999999998,0,0,0
19.867000000000001,0,0,0
19.8675,0,0,0
19.867999999999999,0,0,0
19.868500000000001,0,0,0
19.869,0,0,0
19.869499999999999,0,0,0
19.870000000000001,0,0,0
19.8705,0,0,0
19.870999999999999,0,0,0
19.871500000000001,0,0,0
19.872,0,0,0
19.872499999999999,0,0,0
19.873000000000001,0,0,0
19.8735,0,0,0
19.873999999999999,0,0,0
19.874500000000001,0,0,0
19.875,0,0,0
19.875499999999999,0,0,0
19.876000000000001,0,0,0
19.8765,0,0,0
19.876999999999999,0,0,0
19.877500000000001,0,0,0
19.878,0,0,0
19.878499999999999,0,0,0
19.879000000000001,0,0,0
19.8795,0,0,0
19.879999999999999,0,0,0
19.880500000000001,0,0,0
19.881,0,0,0
19.881499999999999,0,0,0
19.882000000000001,0,0,0
19.8825,0,0,0
19.882999999999999,0,0,0
19.883500000000002,0,0,0
19.884,0,0,0
19.884499999999999,0,0,0
19.885000000000002,0,0,0
19.8855,0,0,0
19.885999999999999,0,0,0
19.886500000000002,0,0,0
19.887,0,0,0
19.887499999999999,0,0,0
19.888000000000002,0,0,0
19.888500000000001,0,0,0
19.888999999999999,0,0,0
19.889500000000002,0,0,0
19.890000000000001,0,0,0
19.890499999999999,0,0,0
19.890999999999998,0,0,0
19.891500000000001,0,0,0
19.891999999999999,0,0,0
19.892499999999998,0,0,0
19.893000000000001,0,0,0
19.8935,0,0,0
19.893999999999998,0,0,0
19.894500000000001,0,0,0
19.895,0,0,0
19.895499999999998,0,0,0
19.896000000000001,0,0,0
19.8965,0,0,0
19.896999999999998,0,0,0
19.897500000000001,0,0,0
19.898,0,0,0
19.898499999999999,0,0,0
19.899000000000001,0,0,0
19.8995,0,0,0
19.899999999999999,0,0,0
19.900500000000001,0,0,0
19.901,0,0,0
19.901499999999999,0,0,0
19.902000000000001,0,0,0
19.9025,0,0,0
19.902999999999999,0,0,0
19.903500000000001,0,0,0
19.904,0,0,0
19.904499999999999,0,0,0
19.905000000000001,0,0,0
19.9055,0,0,0
19.905999999999999,0,0,0
19.906500000000001,0,0,0
19.907,0,0,0
19.907499999999999,0,0,0
19.908000000000001,0,0,0
19.9085,0,0,0
19.908999999999999,0,0,0
19.909500000000001,0,0,0
19.91,0,0,0
19.910499999999999,0,0,0
19.911000000000001,0,0,0
19.9115,0,0,0
19.911999999999999,0,0,0
19.912500000000001,0,0,0
19.913,0,0,0
19.913499999999999,0,0,0
19.914000000000001,0,0,0
19.9145,0,0,0
19.914999999999999,0,0,0
19.915500000000002,0,0,0
19.916,0,0,0
19.916499999999999,0,0,0
19.917000000000002,0,0,0
19.9175,0,0,0
19.917999999999999,0,0,0
19.918500000000002,0,0,0
19.919,0,0,0
19.919499999999999,0,0,0
19.920000000000002,0,0,0
19.920500000000001,0,0,0
19.920999999999999,0,0,0
19.921500000000002,0,0,0
19.922000000000001,0,0,0
19.922499999999999,0,0,0
19.922999999999998,0,0,0
19.923500000000001,0,0,0
19.923999999999999,0,0,0
19.924499999999998,0,0,0
19.925000000000001,0,0,0
19.9255,0,0,0
19.925999999999998,0,0,0
19.926500000000001,0,0,0
19.927,0,0,0
19.927499999999998,0,0,0
19.928000000000001,0,0,0
19.9285,0,0,0
19.928999999999998,0,0,0
19.929500000000001,0,0,0
19.93,0,0,0
19.930499999999999,0,0,0
19.931000000000001,0,0,0
19.9315,0,0,0
19.931999999999999,0,0,0
19.932500000000001,0,0,0
19.933,0,0,0
19.933499999999999,0,0,0
19.934000000000001,0,0,0
19.9345,0,0,0
19.934999999999999,0,0,0
19.935500000000001,0,0,0
19.936,0,0,0
19.936499999999999,0,0,0
19.937000000000001,0,0,0
19.9375,0,0,0
19.937999999999999,0,0,0
19.938500000000001,0,0,0
19.939,0,0,0
19.939499999999999,0,0,0
19.940000000000001,0,0,0
19.9405,0,0,0
19.940999999999999,0,0,0
19.941500000000001,0,0,0
19.942,0,0,0
19.942499999999999,0,0,0
19.943000000000001,0,0,0
19.9435,0,0,0
19.943999999999999,0,0,0
19.944500000000001,0,0,0
19.945,0,0,0
19.945499999999999,0,0,0
19.946000000000002,0,0,0
19.9465,0,0,0
19.946999999999999,0,0,0
19.947500000000002,0,0,0
19.948,0,0,0
19.948499999999999,0,0,0
19.949000000000002,0,0,0
19.9495,0,0,0
19.949999999999999,0,0,0
19.950500000000002,0,0,0
19.951000000000001,0,0,0
19.951499999999999,0,0,0
19.952000000000002,0,0,0
19.952500000000001,0,0,0
19.952999999999999,0,0,0
19.953499999999998,0,0,0
19.954000000000001,0,0,0
19.954499999999999,0,0,0
19.954999999999998,0,0,0
19.955500000000001,0,0,0
19.956,0,0,0
19.956499999999998,0,0,0
19.957000000000001,0,0,0
19.9575,0,0,0
19.957999999999998,0,0,0
19.958500000000001,0,0,0
19.959,0,0,0
19.959499999999998,0,0,0
19.960000000000001,0,0,0
19.9605,0,0,0
19.960999999999999,0,0,0
19.961500000000001,0,0,0
19.962,0,0,0
19.962499999999999,0,0,0
19.963000000000001,0,0,0
19.9635,0,0,0
19.963999999999999,0,0,0
19.964500000000001,0,0,0
19.965,0,0,0
19.965499999999999,0,0,0
19.966000000000001,0,0,0
19.9665,0,0,0
19.966999999999999,0,0,0
19.967500000000001,0,0,0
19.968,0,0,0
19.968499999999999,0,0,0
19.969000000000001,0,0,0
19.9695,0,0,0
19.969999999999999,0,0,0
19.970500000000001,0,0,0
19.971,0,0,0
19.971499999999999,0,0,0
19.972000000000001,0,0,0
19.9725,0,0,0
19.972999999999999,0,0,0
19.973500000000001,0,0,0
19.974,0,0,0
19.974499999999999,0,0,0
19.975000000000001,0,0,0
19.9755,0,0,0
19.975999999999999,0,0,0
19.976500000000001,0,0,0
19.977,0,0,0
19.977499999999999,0,0,0
19.978000000000002,0,0,0
19.9785,0,0,0
19.978999999999999,0,0,0
19.979500000000002,0,0,0
19.98,0,0,0
19.980499999999999,0,0,0
19.981000000000002,0,0,0
19.9815,0,0,0
19.981999999999999,0,0,0
19.982500000000002,0,0,0
19.983000000000001,0,0,0
19.983499999999999,0,0,0
19.984000000000002,0,0,0
19.984500000000001,0,0,0
19.984999999999999,0,0,0
19.985499999999998,0,0,0
19.986000000000001,0,0,0
19.986499999999999,0,0,0
19.986999999999998,0,0,0
19.987500000000001,0,0,0
19.988,0,0,0
19.988499999999998,0,0,0
19.989000000000001,0,0,0
19.9895,0,0,0
19.989999999999998,0,0,0
19.990500000000001,0,0,0
19.991,0,0,0
19.991499999999998,0,0,0
19.992000000000001,0,0,0
19.9925,0,0,0
19.992999999999999,0,0,0
19.993500000000001,0,0,0
19.994,0,0,0
19.994499999999999,0,0,0
19.995000000000001,0,0,0
19.9955,0,0,0
19.995999999999999,0,0,0
19.996500000000001,0,0,0
19.997,0,0,0
19.997499999999999,0,0,0
19.998000000000001,0,0,0
19.9985,0,0,0
19.998999999999999,0,0,0
19.999500000000001,0,0,0
20,0,0,0
20.000499999999999,0,0,0
20.001000000000001,0,0,0
20.0015,0,0,0
20.001999999999999,0,0,0
20.002500000000001,0,0,0
20.003,0,0,0
20.003499999999999,0,0,0
20.004000000000001,0,0,0
20.0045,0,0,0
20.004999999999999,0,0,0
20.005500000000001,0,0,0
20.006,0,0,0
20.006499999999999,0,0,0
20.007000000000001,0,0,0
20.0075,0,0,0
20.007999999999999,0,0,0
20.008500000000002,0,0,0
20.009,0,0,0
20.009499999999999,0,0,0
20.010000000000002,0,0,0
20.0105,0,0,0
20.010999999999999,0,0,0
20.011500000000002,0,0,0
20.012,0,0,0
20.012499999999999,0,0,0
20.013000000000002,0,0,0
20.013500000000001,0,0,0
20.013999999999999,0,0,0
20.014500000000002,0,0,0
20.015000000000001,0,0,0
20.015499999999999,0,0,0
20.015999999999998,0,0,0
20.016500000000001,0,0,0
20.016999999999999,0,0,0
20.017499999999998,0,0,0
20.018000000000001,0,0,0
20.0185,0,0,0
20.018999999999998,0,0,0
20.019500000000001,0,0,0
20.02,0,0,0
20.020499999999998,0,0,0
20.021000000000001,0,0,0
20.0215,0,0,0
20.021999999999998,0,0,0
20.022500000000001,0,0,0
20.023,0,0,0
20.023499999999999,0,0,0
20.024000000000001,0,0,0
20.0245,0,0,0
20.024999999999999,0,0,0
20.025500000000001,0,0,0
20.026,0,0,0
20.026499999999999,0,0,0
20.027000000000001,0,0,0
20.0275,0,0,0
20.027999999999999,0,0,0
20.028500000000001,0,0,0
20.029,0,0,0
20.029499999999999,0,0,0
20.030000000000001,0,0,0
20.0305,0,0,0
20.030999999999999,0,0,0
20.031500000000001,0,0,0
20.032,0,0,0
20.032499999999999,0,0,0
20.033000000000001,0,0,0
20.0335,0,0,0
20.033999999999999,0,0,0
20.034500000000001,0,0,0
20.035,0,0,0
20.035499999999999,0,0,0
20.036000000000001,0,0,0
20.0365,0,0,0
20.036999999999999,0,0,0
20.037500000000001,0,0,0
20.038,0,0,0
20.038499999999999,0,0,0
20.039000000000001,0,0,0
20.0395,0,0,0
20.039999999999999,0,0,0
20.040500000000002,0,0,0
20.041,0,0,0
20.041499999999999,0,0,0
20.042000000000002,0,0,0
20.0425,0,0,0
20.042999999999999,0,0,0
20.043500000000002,0,0,0
20.044,0,0,0
20.044499999999999,0,0,0
20.045000000000002,0,0,0
20.045500000000001,0,0,0
20.045999999999999,0,0,0
20.046500000000002,0,0,0
20.047000000000001,0,0,0
20.047499999999999,0,0,0
20.047999999999998,0,0,0
20.048500000000001,0,0,0
20.048999999999999,0,0,0
20.049499999999998,0,0,0
20.050000000000001,0,0,0
20.0505,0,0,0
20.050999999999998,0,0,0
20.051500000000001,0,0,0
20.052,0,0,0
20.052499999999998,0,0,0
20.053000000000001,0,0,0
20.0535,0,0,0
20.053999999999998,0,0,0
20.054500000000001,0,0,0
20.055,0,0,0
20.055499999999999,0,0,0
20.056000000000001,0,0,0
20.0565,0,0,0
20.056999999999999,0,0,0
20.057500000000001,0,0,0
20.058,0,0,0
20.058499999999999,0,0,0
20.059000000000001,0,0,0
20.0595,0,0,0
20.059999999999999,0,0,0
20.060500000000001,0,0,0
20.061,0,0,0
20.061499999999999,0,0,0
20.062000000000001,0,0,0
20.0625,0,0,0
20.062999999999999,0,0,0
20.063500000000001,0,0,0
20.064,0,0,0
20.064499999999999,0,0,0
20.065000000000001,0,0,0
20.0655,0,0,0
20.065999999999999,0,0,0
20.066500000000001,0,0,0
20.067,0,0,0
20.067499999999999,0,0,0
20.068000000000001,0,0,0
20.0685,0,0,0
20.068999999999999,0,0,0
20.069500000000001,0,0,0
20.07,0,0,0
20.070499999999999,0,0,0
20.071000000000002,0,0,0
20.0715,0,0,0
20.071999999999999,0,0,0
20.072500000000002,0,0,0
20.073,0,0,0
20.073499999999999,0,0,0
20.074000000000002,0,0,0
20.0745,0,0,0
20.074999999999999,0,0,0
20.075500000000002,0,0,0
20.076000000000001,0,0,0
20.076499999999999,0,0,0
20.077000000000002,0,0,0
20.077500000000001,0,0,0
20.077999999999999,0,0,0
20.078499999999998,0,0,0
20.079000000000001,0,0,0
20.079499999999999,0,0,0
20.079999999999998,0,0,0
20.080500000000001,0,0,0
20.081,0,0,0
20.081499999999998,0,0,0
20.082000000000001,0,0,0
20.0825,0,0,0
20.082999999999998,0,0,0
20.083500000000001,0,0,0
20.084,0,0,0
20.084499999999998,0,0,0
20.085000000000001,0,0,0
20.0855,0,0,0
20.085999999999999,0,0,0
20.086500000000001,0,0,0
20.087,0,0,0
20.087499999999999,0,0,0
20.088000000000001,0,0,0
20.0885,0,0,0
20.088999999999999,0,0,0
20.089500000000001,0,0,0
20.09,0,0,0
20.090499999999999,0,0,0
20.091000000000001,0,0,0
20.0915,0,0,0
20.091999999999999,0,0,0
20.092500000000001,0,0,0
20.093,0,0,0
20.093499999999999,0,0,0
20.094000000000001,0,0,0
20.0945,0,0,0
20.094999999999999,0,0,0
20.095500000000001,0,0,0
20.096,0,0,0
20.096499999999999,0,0,0
20.097000000000001,0,0,0
20.0975,0,0,0
20.097999999999999,0,0,0
20.098500000000001,0,0,0
20.099,0,0,0
20.099499999999999,0,0,0
20.100000000000001,0,0,0
20.1005,0,0,0
20.100999999999999,0,0,0
20.101500000000001,0,0,0
20.102,0,0,0
20.102499999999999,0,0,0
20.103000000000002,0,0,0
20.1035,0,0,0
20.103999999999999,0,0,0
20.104500000000002,0,0,0
20.105,0,0,0
20.105499999999999,0,0,0
20.106000000000002,0,0,0
20.1065,0,0,0
20.106999999999999,0,0,0
20.107500000000002,0,0,0
20.108000000000001,0,0,0
20.108499999999999,0,0,0
20.109000000000002,0,0,0
20.109500000000001,0,0,0
20.109999999999999,0,0,0
20.110499999999998,0,0,0
20.111000000000001,0,0,0
20.111499999999999,0,0,0
20.111999999999998,0,0,0
20.112500000000001,0,0,0
20.113,0,0,0
20.113499999999998,0,0,0
20.114000000000001,0,0,0
20.1145,0,0,0
20.114999999999998,0,0,0
20.115500000000001,0,0,0
20.116,0,0,0
20.116499999999998,0,0,0
20.117000000000001,0,0,0
20.1175,0,0,0
20.117999999999999,0,0,0
20.118500000000001,0,0,0
20.119,0,0,0
20.119499999999999,0,0,0
20.120000000000001,0,0,0
20.1205,0,0,0
20.120999999999999,0,0,0
20.121500000000001,0,0,0
20.122,0,0,0
20.122499999999999,0,0,0
20.123000000000001,0,0,0
20.1235,0,0,0
20.123999999999999,0,0,0
20.124500000000001,0,0,0
20.125,0,0,0
20.125499999999999,0,0,0
20.126000000000001,0,0,0
20.1265,0,0,0
20.126999999999999,0,0,0
20.127500000000001,0,0,0
20.128,0,0,0
20.128499999999999,0,0,0
20.129000000000001,0,0,0
20.1295,0,0,0
20.129999999999999,0,0,0
20.130500000000001,0,0,0
20.131,0,0,0
20.131499999999999,0,0,0
20.132000000000001,0,0,0
20.1325,0,0,0
20.132999999999999,0,0,0
20.133500000000002,0,0,0
20.134,0,0,0
20.134499999999999,0,0,0
20.135000000000002,0,0,0
20.1355,0,0,0
20.135999999999999,0,0,0
20.136500000000002,0,0,0
20.137,0,0,0
20.137499999999999,0,0,0
20.138000000000002,0,0,0
20.138500000000001,0,0,0
20.138999999999999,0,0,0
20.139500000000002,0,0,0
20.140000000000001,0,0,0
20.140499999999999,0,0,0
20.140999999999998,0,0,0
20.141500000000001,0,0,0
20.141999999999999,0,0,0
20.142499999999998,0,0,0
20.143000000000001,0,0,0
20.1435,0,0,0
20.143999999999998,0,0,0
20.144500000000001,0,0,0
20.145,0,0,0
20.145499999999998,0,0,0
20.146000000000001,0,0,0
20.1465,0,0,0
20.146999999999998,0,0,0
20.147500000000001,0,0,0
20.148,0,0,0
20.148499999999999,0,0,0
20.149000000000001,0,0,0
20.1495,0,0,0
20.149999999999999,0,0,0
20.150500000000001,0,0,0
20.151,0,0,0
20.151499999999999,0,0,0
20.152000000000001,0,0,0
20.1525,0,0,0
20.152999999999999,0,0,0
20.153500000000001,0,0,0
20.154,0,0,0
20.154499999999999,0,0,0
20.155000000000001,0,0,0
20.1555,0,0,0
20.155999999999999,0,0,0
20.156500000000001,0,0,0
20.157,0,0,0
20.157499999999999,0,0,0
20.158000000000001,0,0,0
20.1585,0,0,0
20.158999999999999,0,0,0
20.159500000000001,0,0,0
20.16,0,0,0
20.160499999999999,0,0,0
20.161000000000001,0,0,0
20.1615,0,0,0
20.161999999999999,0,0,0
20.162500000000001,0,0,0
20.163,0,0,0
20.163499999999999,0,0,0
20.164000000000001,0,0,0
20.1645,0,0,0
20.164999999999999,0,0,0
20.165500000000002,0,0,0
20.166,0,0,0
20.166499999999999,0,0,0
20.167000000000002,0,0,0
20.1675,0,0,0
20.167999999999999,0,0,0
20.168500000000002,0,0,0
20.169,0,0,0
20.169499999999999,0,0,0
20.170000000000002,0,0,0
20.170500000000001,0,0,0
20.170999999999999,0,0,0
20.171500000000002,0,0,0
20.172000000000001,0,0,0
20.172499999999999,0,0,0
20.172999999999998,0,0,0
20.173500000000001,0,0,0
20.173999999999999,0,0,0
20.174499999999998,0,0,0
20.175000000000001,0,0,0
20.1755,0,0,0
20.175999999999998,0,0,0
20.176500000000001,0,0,0
20.177,0,0,0
20.177499999999998,0,0,0
20.178000000000001,0,0,0
20.1785,0,0,0
20.178999999999998,0,0,0
20.179500000000001,0,0,0
20.18,0,0,0
20.180499999999999,0,0,0
20.181000000000001,0,0,0
20.1815,0,0,0
20.181999999999999,0,0,0
20.182500000000001,0,0,0
20.183,0,0,0
20.183499999999999,0,0,0
20.184000000000001,0,0,0
20.1845,0,0,0
20.184999999999999,0,0,0
20.185500000000001,0,0,0
20.186,0,0,0
20.186499999999999,0,0,0
20.187000000000001,0,0,0
20.1875,0,0,0
20.187999999999999,0,0,0
20.188500000000001,0,0,0
20.189,0,0,0
20.189499999999999,0,0,0
20.190000000000001,0,0,0
20.1905,0,0,0
20.190999999999999,0,0,0
20.191500000000001,0,0,0
20.192,0,0,0
20.192499999999999,0,0,0
20.193000000000001,0,0,0
20.1935,0,0,0
20.193999999999999,0,0,0
20.194500000000001,0,0,0
20.195,0,0,0
20.195499999999999,0,0,0
20.196000000000002,0,0,0
20.1965,0,0,0
20.196999999999999,0,0,0
20.197500000000002,0,0,0
20.198,0,0,0
20.198499999999999,0,0,0
20.199000000000002,0,0,0
20.1995,0,0,0
20.199999999999999,0,0,0
20.200500000000002,0,0,0
20.201000000000001,0,0,0
20.201499999999999,0,0,0
20.202000000000002,0,0,0
20.202500000000001,0,0,0
20.202999999999999,0,0,0
20.203499999999998,0,0,0
20.204000000000001,0,0,0
20.204499999999999,0,0,0
20.204999999999998,0,0,0
20.205500000000001,0,0,0
20.206,0,0,0
20.206499999999998,0,0,0
20.207000000000001,0,0,0
20.2075,0,0,0
20.207999999999998,0,0,0
20.208500000000001,0,0,0
20.209,0,0,0
20.209499999999998,0,0,0
20.210000000000001,0,0,0
20.2105,0,0,0
20.210999999999999,0,0,0
20.211500000000001,0,0,0
20.212,0,0,0
20.212499999999999,0,0,0
20.213000000000001,0,0,0
20.2135,0,0,0
20.213999999999999,0,0,0
20.214500000000001,0,0,0
20.215,0,0,0
20.215499999999999,0,0,0
20.216000000000001,0,0,0
20.2165,0,0,0
20.216999999999999,0,0,0
20.217500000000001,0,0,0
20.218,0,0,0
20.218499999999999,0,0,0
20.219000000000001,0,0,0
20.2195,0,0,0
20.219999999999999,0,0,0
20.220500000000001,0,0,0
20.221,0,0,0
20.221499999999999,0,0,0
20.222000000000001,0,0,0
20.2225,0,0,0
20.222999999999999,0,0,0
20.223500000000001,0,0,0
20.224,0,0,0
20.224499999999999,0,0,0
20.225000000000001,0,0,0
20.2255,0,0,0
20.225999999999999,0,0,0
20.226500000000001,0,0,0
20.227,0,0,0
20.227499999999999,0,0,0
20.228000000000002,0,0,0
20.2285,0,0,0
20.228999999999999,0,0,0
20.229500000000002,0,0,0
20.23,0,0,0
20.230499999999999,0,0,0
20.231000000000002,0,0,0
20.2315,0,0,0
20.231999999999999,0,0,0
20.232500000000002,0,0,0
20.233000000000001,0,0,0
20.233499999999999,0,0,0
20.234000000000002,0,0,0
20.234500000000001,0,0,0
20.234999999999999,0,0,0
20.235499999999998,0,0,0
20.236000000000001,0,0,0
20.236499999999999,0,0,0
20.236999999999998,0,0,0
20.237500000000001,0,0,0
20.238,0,0,0
20.238499999999998,0,0,0
20.239000000000001,0,0,0
20.2395,0,0,0
20.239999999999998,0,0,0
20.240500000000001,0,0,0
20.241,0,0,0
20.241499999999998,0,0,0
20.242000000000001,0,0,0
20.2425,0,0,0
20.242999999999999,0,0,0
20.243500000000001,0,0,0
20.244,0,0,0
20.244499999999999,0,0,0
20.245000000000001,0,0,0
20.2455,0,0,0
20.245999999999999,0,0,0
20.246500000000001,0,0,0
20.247,0,0,0
20.247499999999999,0,0,0
20.248000000000001,0,0,0
20.2485,0,0,0
20.248999999999999,0,0,0
20.249500000000001,0,0,0
20.25,0,0,0
20.250499999999999,0,0,0
20.251000000000001,0,0,0
20.2515,0,0,0
20.251999999999999,0,0,0
20.252500000000001,0,0,0
20.253,0,0,0
20.253499999999999,0,0,0
20.254000000000001,0,0,0
20.2545,0,0,0
20.254999999999999,0,0,0
20.255500000000001,0,0,0
20.256,0,0,0
20.256499999999999,0,0,0
20.257000000000001,0,0,0
20.2575,0,0,0
20.257999999999999,0,0,0
20.258500000000002,0,0,0
20.259,0,0,0
20.259499999999999,0,0,0
20.260000000000002,0,0,0
20.2605,0,0,0
20.260999999999999,0,0,0
20.261500000000002,0,0,0
20.262,0,0,0
20.262499999999999,0,0,0
20.263000000000002,0,0,0
20.263500000000001,0,0,0
20.263999999999999,0,0,0
20.264500000000002,0,0,0
20.265000000000001,0,0,0
20.265499999999999,0,0,0
20.265999999999998,0,0,0
20.266500000000001,0,0,0
20.266999999999999,0,0,0
20.267499999999998,0,0,0
20.268000000000001,0,0,0
20.2685,0,0,0
20.268999999999998,0,0,0
20.269500000000001,0,0,0
20.27,0,0,0
20.270499999999998,0,0,0
20.271000000000001,0,0,0
20.2715,0,0,0
20.271999999999998,0,0,0
20.272500000000001,0,0,1
20.273,0,0,1
20.273499999999999,0,0,0
20.274000000000001,0,0,0
20.2745,0,0,0
20.274999999999999,0,0,0
20.275500000000001,0,0,0
20.276,0,0,0
20.276499999999999,0,0,0
20.277000000000001,0,0,0
20.2775,0,0,0
20.277999999999999,0,0,0
20.278500000000001,0,0,0
20.279,0,0,0
20.279499999999999,0,0,0
20.280000000000001,0,0,0
20.2805,0,0,0
20.280999999999999,0,0,0
20.281500000000001,0,0,0
20.282,0,0,0
20.282499999999999,0,0,0
20.283000000000001,0,0,0
20.2835,0,0,0
20.283999999999999,0,0,0
20.284500000000001,0,0,0
20.285,0,0,0
20.285499999999999,0,0,0
20.286000000000001,0,0,0
20.2865,0,0,0
20.286999999999999,0,0,0
20.287500000000001,0,0,0
20.288,0,0,0
20.288499999999999,0,0,0
20.289000000000001,0,0,0
20.2895,0,0,0
20.289999999999999,0,0,0
20.290500000000002,0,0,0
20.291,0,0,0
20.291499999999999,0,0,0
20.292000000000002,0,0,0
20.2925,0,0,0
20.292999999999999,0,0,0
20.293500000000002,0,0,0
20.294,0,0,0
20.294499999999999,0,0,0
20.295000000000002,0,0,0
20.295500000000001,0,0,0
20.295999999999999,0,0,0
20.296500000000002,0,0,0
20.297000000000001,0,0,0
20.297499999999999,0,0,0
20.297999999999998,0,0,0
20.298500000000001,0,0,0
20.298999999999999,0,0,0
20.299499999999998,0,0,0
20.300000000000001,0,0,0
20.3005,0,0,0
20.300999999999998,0,0,0
20.301500000000001,0,0,0
20.302,0,0,0
20.302499999999998,0,0,0
20.303000000000001,0,0,0
20.3035,0,0,0
20.303999999999998,0,0,0
20.304500000000001,0,0,1
20.305,0,0,1
20.305499999999999,0,0,0
20.306000000000001,0,0,0
20.3065,0,0,0
20.306999999999999,0,0,0
20.307500000000001,0,0,0
20.308,0,0,0
20.308499999999999,0,0,0
20.309000000000001,0,0,0
20.3095,0,0,0
20.309999999999999,0,0,0
20.310500000000001,0,0,0
20.311,0,1,0
20.311499999999999,0,1,0
20.312000000000001,0,0,0
20.3125,0,0,0
20.312999999999999,0,0,0
20.313500000000001,0,0,0
20.314,0,0,0
20.314499999999999,0,0,0
20.315000000000001,0,0,0
20.3155,0,0,0
20.315999999999999,0,0,0
20.316500000000001,0,0,0
20.317,0,0,0
20.317499999999999,0,0,0
20.318000000000001,0,0,0
20.3185,0,0,0
20.318999999999999,0,0,0
20.319500000000001,0,0,0
20.32,0,0,0
20.320499999999999,0,0,0
20.321000000000002,0,0,0
20.3215,0,0,0
20.321999999999999,0,0,0
20.322500000000002,0,0,0
20.323,0,0,0
20.323499999999999,0,0,0
20.324000000000002,0,0,0
20.3245,0,0,0
20.324999999999999,0,0,0
20.325500000000002,0,0,0
20.326000000000001,0,0,0
20.326499999999999,0,0,0
20.327000000000002,0,0,0
20.327500000000001,0,0,0
20.327999999999999,0,0,0
20.328499999999998,0,0,0
20.329000000000001,0,0,0
20.329499999999999,0,1,0
20.329999999999998,0,1,0
20.330500000000001,0,0,0
20.331,0,0,0
20.331499999999998,0,0,0
20.332000000000001,0,0,0
20.3325,0,0,0
20.332999999999998,0,0,0
20.333500000000001,0,0,0
20.334,0,0,0
20.334499999999998,0,0,0
20.335000000000001,0,0,0
20.3355,0,0,0
20.335999999999999,0,0,0
20.336500000000001,0,0,0
20.337,0,0,0
20.337499999999999,0,0,0
20.338000000000001,0,0,0
20.3385,0,0,0
20.338999999999999,0,0,0
20.339500000000001,0,0,0
20.34,0,0,0
20.340499999999999,0,0,0
20.341000000000001,0,0,0
20.3415,0,0,0
20.341999999999999,0,0,0
20.342500000000001,0,0,0
20.343,0,0,0
20.343499999999999,0,0,0
20.344000000000001,0,0,0
20.3445,0,0,0
20.344999999999999,0,0,0
20.345500000000001,0,0,0
20.346,0,0,0
20.346499999999999,0,0,0
20.347000000000001,0,0,0
20.3475,0,0,0
20.347999999999999,0,0,0
20.348500000000001,0,1,0
20.349,0,1,0
20.349499999999999,0,0,0
20.350000000000001,0,0,0
20.3505,0,0,0
20.350999999999999,0,0,0
20.351500000000001,0,0,0
20.352,0,0,0
20.352499999999999,0,0,0
20.353000000000002,0,0,0
20.3535,0,0,0
20.353999999999999,0,0,0
20.354500000000002,0,0,0
20.355,0,0,0
20.355499999999999,0,0,0
20.356000000000002,0,0,0
20.3565,0,0,0
20.356999999999999,0,0,0
20.357500000000002,0,0,0
20.358000000000001,0,0,0
20.358499999999999,0,0,0
20.359000000000002,0,0,0
20.359500000000001,0,0,0
20.359999999999999,0,0,0
20.360499999999998,0,0,0
20.361000000000001,0,0,0
20.361499999999999,0,0,0
20.361999999999998,0,0,0
20.362500000000001,0,0,0
20.363,0,0,0
20.363499999999998,0,0,0
20.364000000000001,0,0,0
20.3645,0,0,0
20.364999999999998,0,0,0
20.365500000000001,0,0,0
20.366,0,0,0
20.366499999999998,0,0,0
20.367000000000001,0,0,0
20.3675,0,0,0
20.367999999999999,0,0,0
20.368500000000001,0,0,0
20.369,0,0,0
20.369499999999999,0,0,0
20.370000000000001,0,0,0
20.3705,0,0,0
20.370999999999999,0,0,0
20.371500000000001,0,0,0
20.372,0,0,0
20.372499999999999,0,0,0
20.373000000000001,0,0,0
20.3735,0,0,0
20.373999999999999,0,0,0
20.374500000000001,0,0,0
20.375,0,0,0
20.375499999999999,0,0,0
20.376000000000001,0,0,0
20.3765,0,0,0
20.376999999999999,0,0,0
20.377500000000001,0,0,0
20.378,0,0,0
20.378499999999999,0,0,0
20.379000000000001,0,0,0
20.3795,0,0,0
20.379999999999999,0,0,0
20.380500000000001,0,0,0
20.381,0,0,0
20.381499999999999,0,0,0
20.382000000000001,0,0,0
20.3825,0,0,0
20.382999999999999,0,0,0
20.383500000000002,0,0,0
20.384,0,0,0
20.384499999999999,0,0,0
20.385000000000002,0,0,0
20.3855,0,0,0
20.385999999999999,0,0,0
20.386500000000002,0,0,0
20.387,0,0,0
20.387499999999999,0,0,0
20.388000000000002,0,0,0
20.388500000000001,0,0,0
20.388999999999999,0,0,0
20.389500000000002,0,0,0
20.390000000000001,0,0,0
20.390499999999999,0,0,0
20.390999999999998,0,0,0
20.391500000000001,0,0,0
20.391999999999999,0,0,0
20.392499999999998,0,0,0
20.393000000000001,0,0,0
20.3935,0,0,0
20.393999999999998,0,0,0
20.394500000000001,0,0,0
20.395,0,0,0
20.395499999999998,0,0,0
20.396000000000001,0,0,0
20.3965,0,0,0
20.396999999999998,0,0,0
20.397500000000001,0,0,0
20.398,0,0,0
20.398499999999999,0,0,0
20.399000000000001,0,0,0
20.3995,0,0,0
20.399999999999999,0,0,0
20.400500000000001,0,0,0
20.401,0,0,0
20.401499999999999,0,0,0
20.402000000000001,0,0,0
20.4025,0,0,0
20.402999999999999,0,0,0
20.403500000000001,0,0,0
20.404,0,0,0
20.404499999999999,0,0,0
20.405000000000001,0,0,0
20.4055,0,0,0
20.405999999999999,0,0,0
20.406500000000001,0,0,0
20.407,0,0,0
20.407499999999999,0,0,0
20.408000000000001,0,0,0
20.4085,0,0,0
20.408999999999999,0,0,0
20.409500000000001,0,0,0
20.41,0,0,0
20.410499999999999,0,0,0
20.411000000000001,0,0,0
20.4115,0,0,0
20.411999999999999,0,0,0
20.412500000000001,0,0,0
20.413,0,0,0
20.413499999999999,0,0,0
20.414000000000001,0,0,0
20.4145,0,0,0
20.414999999999999,0,0,0
20.415500000000002,0,0,0
20.416,0,0,0
20.416499999999999,0,0,0
20.417000000000002,0,0,0
20.4175,0,0,0
20.417999999999999,0,0,0
20.418500000000002,1,0,0
20.419,1,0,0
20.419499999999999,0,0,0
20.420000000000002,0,0,0
20.420500000000001,0,0,0
20.420999999999999,0,0,0
20.421500000000002,0,0,0
20.422000000000001,0,0,0
20.422499999999999,0,0,0
20.422999999999998,0,0,0
20.423500000000001,0,0,0
20.423999999999999,0,0,0
20.424499999999998,0,0,0
20.425000000000001,0,0,0
20.4255,0,0,0
20.425999999999998,0,0,0
20.426500000000001,0,0,0
20.427,0,0,0
20.427499999999998,0,0,0
20.428000000000001,0,0,0
20.4285,0,0,0
20.428999999999998,0,0,0
20.429500000000001,0,0,0
20.43,0,0,0
20.430499999999999,0,0,0
20.431000000000001,0,0,0
20.4315,0,0,0
20.431999999999999,0,0,0
20.432500000000001,0,0,0
20.433,0,0,0
20.433499999999999,0,0,0
20.434000000000001,0,0,0
20.4345,0,0,0
20.434999999999999,0,0,0
20.435500000000001,0,0,0
20.436,0,0,0
20.436499999999999,0,0,0
20.437000000000001,0,0,0
20.4375,0,0,0
20.437999999999999,0,0,0
20.438500000000001,0,0,0
20.439,0,0,0
20.439499999999999,0,0,0
20.440000000000001,0,0,0
20.4405,0,0,0
20.440999999999999,0,0,0
20.441500000000001,0,0,0
20.442,0,0,0
20.442499999999999,0,0,0
20.443000000000001,0,0,0
20.4435,0,0,0
20.443999999999999,0,0,0
20.444500000000001,0,0,0
20.445,0,0,0
20.445499999999999,0,0,0
20.446000000000002,0,0,0
20.4465,0,0,0
20.446999999999999,0,0,0
20.447500000000002,0,0,0
20.448,0,0,0
20.448499999999999,0,0,0
20.449000000000002,0,0,0
20.4495,0,0,0
20.449999999999999,0,0,0
20.450500000000002,0,0,0
20.451000000000001,0,0,0
20.451499999999999,0,0,0
20.452000000000002,0,0,0
20.452500000000001,0,0,0
20.452999999999999,0,0,0
20.453499999999998,0,0,0
20.454000000000001,0,0,0
20.454499999999999,0,0,0
20.454999999999998,0,0,0
20.455500000000001,0,0,0
20.456,0,0,0
20.456499999999998,0,0,0
20.457000000000001,0,0,0
20.4575,0,0,0
20.457999999999998,0,0,0
20.458500000000001,0,0,0
20.459,0,0,0
20.459499999999998,0,0,0
20.460000000000001,0,0,0
20.4605,0,0,0
20.460999999999999,0,0,0
20.461500000000001,0,0,0
20.462,0,0,0
20.462499999999999,0,0,0
20.463000000000001,0,0,0
20.4635,0,0,0
20.463999999999999,0,0,0
20.464500000000001,0,0,0
20.465,0,0,0
20.465499999999999,0,0,0
20.466000000000001,0,0,0
20.4665,0,0,0
20.466999999999999,0,0,0
20.467500000000001,0,0,0
20.468,0,0,0
20.468499999999999,0,0,0
20.469000000000001,0,0,0
20.4695,0,0,0
20.469999999999999,0,0,0
20.470500000000001,0,0,0
20.471,0,0,0
20.471499999999999,0,0,0
20.472000000000001,0,0,0
20.4725,0,0,0
20.472999999999999,0,0,0
20.473500000000001,0,0,0
20.474,0,0,0
20.474499999999999,0,0,0
20.475000000000001,0,0,0
20.4755,0,0,0
20.475999999999999,0,0,0
20.476500000000001,0,0,0
20.477,0,0,0
20.477499999999999,0,0,0
20.478000000000002,0,0,0
20.4785,0,0,0
20.478999999999999,0,0,0
20.479500000000002,0,0,0
20.48,0,0,0
20.480499999999999,0,0,0
20.481000000000002,0,0,0
20.4815,0,0,0
20.481999999999999,0,0,0
20.482500000000002,0,0,0
20.483000000000001,0,0,0
20.483499999999999,0,0,0
20.484000000000002,0,0,0
20.484500000000001,0,0,0
20.484999999999999,0,0,0
20.485499999999998,0,0,0
20.486000000000001,0,0,0
20.486499999999999,0,0,0
20.486999999999998,0,0,0
20.487500000000001,0,0,0
20.488,0,0,0
20.488499999999998,0,0,0
20.489000000000001,0,0,0
20.4895,0,0,0
20.489999999999998,0,0,0
20.490500000000001,0,0,0
20.491,0,0,0
20.491499999999998,0,0,0
20.492000000000001,0,0,0
20.4925,0,0,0
20.492999999999999,0,0,0
20.493500000000001,0,0,0
20.494,0,0,0
20.494499999999999,0,0,0
20.495000000000001,0,0,0
20.4955,0,0,0
20.495999999999999,0,0,0
20.496500000000001,0,0,0
20.497,0,0,0
20.497499999999999,0,0,0
20.498000000000001,0,0,0
20.4985,0,0,0
20.498999999999999,0,0,0
20.499500000000001,0,0,0
20.5,0,0,0
20.500499999999999,0,0,0
20.501000000000001,0,0,0
20.5015,0,0,0
20.501999999999999,0,0,0
20.502500000000001,0,0,0
20.503,0,0,0
20.503499999999999,0,0,0
20.504000000000001,0,0,0
20.5045,0,0,0
20.504999999999999,0,0,0
20.505500000000001,0,0,0
20.506,0,0,0
20.506499999999999,0,0,0
20.507000000000001,0,0,0
20.5075,0,0,0
20.507999999999999,0,0,0
20.508500000000002,0,0,0
20.509,0,0,0
20.509499999999999,0,0,0
20.510000000000002,0,0,0
20.5105,0,0,0
20.510999999999999,0,0,0
20.511500000000002,0,0,0
20.512,0,0,0
20.512499999999999,0,0,0
20.513000000000002,0,0,0
20.513500000000001,0,0,0
20.513999999999999,0,0,0
20.514500000000002,0,0,0
20.515000000000001,0,0,0
20.515499999999999,0,0,0
20.515999999999998,0,0,0
20.516500000000001,0,0,0
20.516999999999999,0,0,0
20.517499999999998,0,0,0
20.518000000000001,0,0,0
20.5185,0,0,0
20.518999999999998,0,0,0
20.519500000000001,0,0,0
20.52,0,0,0
20.520499999999998,0,0,0
20.521000000000001,0,0,0
20.5215,0,0,0
20.521999999999998,0,0,0
20.522500000000001,0,0,0
20.523,0,0,0
20.523499999999999,0,0,0
20.524000000000001,0,0,0
20.5245,0,0,0
20.524999999999999,0,0,0
20.525500000000001,0,0,0
20.526,0,0,0
20.526499999999999,0,0,0
20.527000000000001,0,0,0
20.5275,0,0,0
20.527999999999999,0,0,0
20.528500000000001,0,0,0
20.529,0,0,0
20.529499999999999,0,0,0
20.530000000000001,0,0,0
20.5305,0,0,0
20.530999999999999,0,0,0
20.531500000000001,0,0,0
20.532,0,0,0
20.532499999999999,0,0,0
20.533000000000001,0,0,0
20.5335,0,0,0
20.533999999999999,0,0,0
20.534500000000001,0,0,0
20.535,0,0,0
20.535499999999999,0,0,0
20.536000000000001,0,0,0
20.5365,0,0,0
20.536999999999999,0,0,0
20.537500000000001,0,0,0
20.538,0,0,0
20.538499999999999,0,0,0
20.539000000000001,0,0,0
20.5395,0,0,0
20.539999999999999,0,0,0
20.540500000000002,0,0,0
20.541,0,0,0
20.541499999999999,0,0,0
20.542000000000002,0,0,0
20.5425,0,0,0
20.542999999999999,0,0,0
20.543500000000002,0,0,0
20.544,0,0,0
20.544499999999999,0,0,0
20.545000000000002,0,0,0
20.545500000000001,0,0,0
20.545999999999999,0,0,0
20.546500000000002,0,0,0
20.547000000000001,0,0,0
20.547499999999999,0,0,0
20.547999999999998,0,0,0
20.548500000000001,0,0,0
20.548999999999999,0,0,0
20.549499999999998,0,0,0
20.550000000000001,0,0,0
20.5505,0,0,0
20.550999999999998,0,0,0
20.551500000000001,0,0,0
20.552,0,0,0
20.552499999999998,0,0,0
20.553000000000001,0,0,0
20.5535,0,0,0
20.553999999999998,0,0,0
20.554500000000001,0,0,0
20.555,0,0,0
20.555499999999999,0,0,0
20.556000000000001,0,0,0
20.5565,0,0,0
20.556999999999999,0,0,0
20.557500000000001,0,0,0
20.558,0,0,0
20.558499999999999,0,0,0
20.559000000000001,0,0,0
20.5595,0,0,0
20.559999999999999,0,0,0
20.560500000000001,0,0,0
20.561,0,0,0
20.561499999999999,0,0,0
20.562000000000001,0,0,0
20.5625,0,0,0
20.562999999999999,0,0,0
20.563500000000001,0,0,0
20.564,0,0,0
20.564499999999999,0,0,0
20.565000000000001,0,0,0
20.5655,0,0,0
20.565999999999999,0,0,0
20.566500000000001,0,0,0
20.567,0,0,0
20.567499999999999,0,0,0
20.568000000000001,0,0,0
20.5685,0,0,0
20.568999999999999,0,0,0
20.569500000000001,0,0,0
20.57,0,0,0
20.570499999999999,0,0,0
20.571000000000002,0,0,0
20.5715,0,0,0
20.571999999999999,0,0,0
20.572500000000002,0,0,0
20.573,0,0,0
20.573499999999999,0,0,0
20.574000000000002,0,0,0
20.5745,0,0,0
20.574999999999999,0,0,0
20.575500000000002,0,0,0
20.576000000000001,0,0,0
20.576499999999999,0,0,0
20.577000000000002,0,0,0
20.577500000000001,0,0,0
20.577999999999999,0,0,0
20.578499999999998,0,0,0
20.579000000000001,0,0,0
20.579499999999999,0,0,0
20.579999999999998,0,0,0
20.580500000000001,0,0,0
20.581,0,0,0
20.581499999999998,0,0,0
20.582000000000001,0,0,0
20.5825,0,0,0
20.582999999999998,0,0,0
20.583500000000001,0,0,0
20.584,0,0,0
20.584499999999998,0,0,0
20.585000000000001,0,0,0
20.5855,0,0,0
20.585999999999999,0,0,0
20.586500000000001,0,0,0
20.587,0,0,0
20.587499999999999,0,0,0
20.588000000000001,0,0,0
20.5885,0,0,0
20.588999999999999,0,0,0
20.589500000000001,0,0,0
20.59,0,0,0
20.590499999999999,0,0,0
20.591000000000001,0,0,0
20.5915,0,0,0
20.591999999999999,0,0,0
20.592500000000001,0,0,0
20.593,0,0,0
20.593499999999999,0,0,0
20.594000000000001,0,0,0
20.5945,0,0,0
20.594999999999999,0,0,0
20.595500000000001,0,0,0
20.596,0,0,0
20.596499999999999,0,0,0
20.597000000000001,0,0,0
20.5975,0,0,0
20.597999999999999,0,0,0
20.598500000000001,0,0,0
20.599,0,0,0
20.599499999999999,0,0,0
20.600000000000001,0,0,0
20.6005,0,0,0
20.600999999999999,0,0,0
20.601500000000001,0,0,0
20.602,0,0,0
20.602499999999999,0,0,0
20.603000000000002,0,0,0
20.6035,0,0,0
20.603999999999999,0,0,0
20.604500000000002,0,0,0
20.605,0,0,0
20.605499999999999,0,0,0
20.606000000000002,0,0,0
20.6065,0,0,0
20.606999999999999,0,0,0
20.607500000000002,0,0,0
20.608000000000001,0,0,0
20.608499999999999,0,0,0
20.609000000000002,0,0,0
20.609500000000001,0,0,0
20.609999999999999,0,0,0
20.610499999999998,0,0,0
20.611000000000001,0,0,0
20.611499999999999,0,0,0
20.611999999999998,0,0,0
20.612500000000001,0,0,0
20.613,0,0,0
20.613499999999998,0,0,0
20.614000000000001,0,0,0
20.6145,0,0,0
20.614999999999998,0,0,0
20.615500000000001,0,0,0
20.616,0,0,0
20.616499999999998,0,0,0
20.617000000000001,0,0,0
20.6175,0,0,0
20.617999999999999,0,0,0
20.618500000000001,0,0,0
20.619,0,0,0
20.619499999999999,0,0,0
20.620000000000001,0,0,0
20.6205,0,0,0
20.620999999999999,0,0,0
20.621500000000001,0,0,0
20.622,0,0,0
20.622499999999999,0,0,0
20.623000000000001,0,0,0
20.6235,0,0,0
20.623999999999999,0,0,0
20.624500000000001,0,0,0
20.625,0,0,0
20.625499999999999,0,0,0
20.626000000000001,0,0,0
20.6265,0,0,0
20.626999999999999,0,0,0
20.627500000000001,0,0,0
20.628,0,0,0
20.628499999999999,0,0,0
20.629000000000001,0,0,0
20.6295,0,0,0
20.629999999999999,0,0,0
20.630500000000001,0,0,0
20.631,0,0,0
20.631499999999999,0,0,0
20.632000000000001,0,0,0
20.6325,0,0,0
20.632999999999999,0,0,0
20.633500000000002,0,0,0
20.634,0,0,0
20.634499999999999,0,0,0
20.635000000000002,0,0,0
20.6355,0,0,0
20.635999999999999,0,0,0
20.636500000000002,0,0,0
20.637,0,0,0
20.637499999999999,0,0,0
20.638000000000002,0,0,0
20.638500000000001,0,0,0
20.638999999999999,0,0,0
20.639500000000002,0,0,0
20.640000000000001,0,0,0
20.640499999999999,0,0,0
20.640999999999998,0,0,0
20.641500000000001,0,0,0
20.641999999999999,0,0,0
20.642499999999998,0,0,0
20.643000000000001,0,0,0
20.6435,0,0,0
20.643999999999998,0,0,0
20.644500000000001,0,0,0
20.645,0,0,0
20.645499999999998,0,0,0
20.646000000000001,0,0,0
20.6465,0,0,0
20.646999999999998,0,0,0
20.647500000000001,0,0,0
20.648,0,0,0
20.648499999999999,0,0,0
20.649000000000001,0,0,0
20.6495,0,0,0
20.649999999999999,0,0,0
20.650500000000001,0,0,0
20.651,0,0,0
20.651499999999999,0,0,0
20.652000000000001,0,0,0
20.6525,0,0,0
20.652999999999999,0,0,0
20.653500000000001,0,0,0
20.654,0,0,0
20.654499999999999,0,0,0
20.655000000000001,0,0,0
20.6555,0,0,0
20.655999999999999,0,0,0
20.656500000000001,0,0,0
20.657,0,0,0
20.657499999999999,0,0,0
20.658000000000001,0,0,0
20.6585,0,0,0
20.658999999999999,0,0,0
20.659500000000001,0,0,0
20.66,0,0,0
20.660499999999999,0,0,0
20.661000000000001,0,0,0
20.6615,0,0,0
20.661999999999999,0,0,0
20.662500000000001,0,0,0
20.663,0,0,0
20.663499999999999,0,0,0
20.664000000000001,0,0,0
20.6645,0,0,0
20.664999999999999,0,0,0
20.665500000000002,0,0,0
20.666,0,0,0
20.666499999999999,0,0,0
20.667000000000002,0,0,0
20.6675,0,0,0
20.667999999999999,0,0,0
20.668500000000002,0,0,0
20.669,0,0,0
20.669499999999999,0,0,0
20.670000000000002,0,0,0
20.670500000000001,0,0,0
20.670999999999999,0,0,0
20.671500000000002,0,0,0
20.672000000000001,0,0,0
20.672499999999999,0,0,0
20.672999999999998,0,0,0
20.673500000000001,0,0,0
20.673999999999999,0,0,0
20.674499999999998,0,0,0
20.675000000000001,0,0,0
20.6755,0,0,0
20.675999999999998,0,0,0
20.676500000000001,0,0,0
20.677,0,0,0
20.677499999999998,0,0,0
20.678000000000001,0,0,0
20.6785,0,0,0
20.678999999999998,0,0,0
20.679500000000001,0,0,0
20.68,0,0,0
20.680499999999999,0,0,0
20.681000000000001,0,0,0
20.6815,0,0,0
20.681999999999999,0,0,0
20.682500000000001,0,0,0
20.683,0,0,0
20.683499999999999,0,0,0
20.684000000000001,0,0,0
20.6845,0,0,0
20.684999999999999,0,0,0
20.685500000000001,0,0,0
20.686,0,0,0
20.686499999999999,0,0,0
20.687000000000001,0,0,0
20.6875,0,0,0
20.687999999999999,0,0,0
20.688500000000001,0,0,0
20.689,0,0,0
20.689499999999999,0,0,0
20.690000000000001,0,0,0
20.6905,0,0,0
20.690999999999999,0,0,0
20.691500000000001,0,0,0
20.692,0,0,0
20.692499999999999,0,0,0
20.693000000000001,0,0,0
20.6935,0,0,0
20.693999999999999,0,0,0
20.694500000000001,0,0,0
20.695,0,0,0
20.695499999999999,0,0,0
20.696000000000002,0,0,0
20.6965,0,0,0
20.696999999999999,0,0,0
20.697500000000002,0,0,0
20.698,0,0,0
20.698499999999999,0,0,0
20.699000000000002,0,0,0
20.6995,0,0,0
20.699999999999999,0,0,0
20.700500000000002,0,0,0
20.701000000000001,0,0,0
20.701499999999999,0,0,0
20.702000000000002,0,0,0
20.702500000000001,0,0,0
20.702999999999999,0,0,0
20.703499999999998,0,0,0
20.704000000000001,0,0,0
20.704499999999999,0,0,0
20.704999999999998,0,0,0
20.705500000000001,0,0,0
20.706,0,0,0
20.706499999999998,0,0,0
20.707000000000001,0,0,0
20.7075,0,0,0
20.707999999999998,0,0,0
20.708500000000001,0,0,0
20.709,0,0,0
20.709499999999998,0,0,0
20.710000000000001,0,0,0
20.7105,0,0,0
20.710999999999999,0,0,0
20.711500000000001,0,0,0
20.712,0,0,0
20.712499999999999,0,0,0
20.713000000000001,0,0,0
20.7135,0,0,0
20.713999999999999,0,0,0
20.714500000000001,0,0,0
20.715,0,0,0
20.715499999999999,0,0,0
20.716000000000001,0,0,0
20.7165,0,0,0
20.716999999999999,0,0,0
20.717500000000001,0,0,0
20.718,0,0,0
20.718499999999999,0,0,0
20.719000000000001,0,0,0
20.7195,0,0,0
20.719999999999999,0,0,0
20.720500000000001,0,0,0
20.721,0,0,0
20.721499999999999,0,0,0
20.722000000000001,0,0,0
20.7225,0,0,0
20.722999999999999,0,0,0
20.723500000000001,0,0,0
20.724,0,0,0
20.724499999999999,0,0,0
20.725000000000001,0,0,0
20.7255,0,0,0
20.725999999999999,0,0,0
20.726500000000001,0,0,0
20.727,0,0,0
20.727499999999999,0,0,0
20.728000000000002,0,0,0
20.7285,0,0,0
20.728999999999999,0,0,0
20.729500000000002,0,0,0
20.73,0,0,0
20.730499999999999,0,0,0
20.731000000000002,0,0,0
20.7315,0,0,0
20.731999999999999,0,0,0
20.732500000000002,0,0,0
20.733000000000001,0,0,0
20.733499999999999,0,0,0
20.734000000000002,0,0,0
20.734500000000001,0,0,0
20.734999999999999,0,0,0
20.735499999999998,0,0,0
20.736000000000001,0,0,0
20.736499999999999,0,0,0
20.736999999999998,0,0,0
20.737500000000001,0,0,0
20.738,0,0,0
20.738499999999998,0,0,0
20.739000000000001,0,0,0
20.7395,0,0,0
20.739999999999998,0,0,0
20.740500000000001,0,0,0
20.741,0,0,0
20.741499999999998,0,0,0
20.742000000000001,0,0,0
20.7425,0,0,0
20.742999999999999,0,0,0
20.743500000000001,0,0,0
20.744,0,0,0
20.744499999999999,0,0,0
20.745000000000001,0,0,0
20.7455,0,0,0
20.745999999999999,0,0,0
20.746500000000001,0,0,0
20.747,0,0,0
20.747499999999999,0,0,0
20.748000000000001,0,0,0
20.7485,0,0,0
20.748999999999999,0,0,0
20.749500000000001,0,0,0
20.75,0,0,0
20.750499999999999,0,0,0
20.751000000000001,0,0,0
20.7515,0,0,0
20.751999999999999,0,0,0
20.752500000000001,0,0,0
20.753,0,0,0
20.753499999999999,0,0,0
20.754000000000001,0,0,0
20.7545,0,0,0
20.754999999999999,0,0,0
20.755500000000001,0,0,0
20.756,0,0,0
20.756499999999999,0,0,0
20.757000000000001,0,0,0
20.7575,0,0,0
20.757999999999999,0,0,0
20.758500000000002,0,0,0
20.759,0,0,0
20.759499999999999,0,0,0
20.760000000000002,0,0,0
20.7605,0,0,0
20.760999999999999,0,0,0
20.761500000000002,0,0,0
20.762,0,0,0
20.762499999999999,0,0,0
20.763000000000002,0,0,0
20.763500000000001,0,0,0
20.763999999999999,0,0,0
20.764500000000002,0,0,0
20.765000000000001,0,0,0
20.765499999999999,0,0,0
20.765999999999998,0,0,0
20.766500000000001,0,0,0
20.766999999999999,0,0,0
20.767499999999998,0,0,0
20.768000000000001,0,0,0
20.7685,0,0,0
20.768999999999998,0,0,0
20.769500000000001,0,0,0
20.77,0,0,0
20.770499999999998,0,0,0
20.771000000000001,0,0,0
20.7715,0,0,0
20.771999999999998,0,0,0
20.772500000000001,0,0,0
20.773,0,0,0
20.773499999999999,0,0,0
20.774000000000001,0,0,0
20.7745,0,0,0
20.774999999999999,0,0,0
20.775500000000001,0,0,0
20.776,0,0,0
20.776499999999999,0,0,0
20.777000000000001,0,0,0
20.7775,0,0,0
20.777999999999999,0,0,0
20.778500000000001,0,0,0
20.779,0,0,0
20.779499999999999,0,0,0
20.780000000000001,0,0,0
20.7805,0,0,0
20.780999999999999,0,0,0
20.781500000000001,0,0,0
20.782,0,0,0
20.782499999999999,0,0,0
20.783000000000001,0,0,0
20.7835,0,0,0
20.783999999999999,0,0,0
20.784500000000001,0,0,0
20.785,0,0,0
20.785499999999999,0,0,0
20.786000000000001,0,0,0
20.7865,0,0,0
20.786999999999999,0,0,0
20.787500000000001,0,0,0
20.788,0,0,0
20.788499999999999,0,0,0
20.789000000000001,0,0,0
20.7895,0,0,0
20.789999999999999,0,0,0
20.790500000000002,0,0,0
20.791,0,0,0
20.791499999999999,0,0,0
20.792000000000002,0,0,0
20.7925,0,0,0
20.792999999999999,0,0,0
20.793500000000002,0,0,0
20.794,0,0,0
20.794499999999999,0,0,0
20.795000000000002,0,0,0
20.795500000000001,0,0,0
20.795999999999999,0,0,0
20.796500000000002,0,0,0
20.797000000000001,0,0,0
20.797499999999999,0,0,0
20.797999999999998,0,0,0
20.798500000000001,0,0,0
20.798999999999999,0,0,0
20.799499999999998,0,0,0
20.800000000000001,0,0,0
20.8005,0,0,0
20.800999999999998,0,0,0
20.801500000000001,0,0,0
20.802,0,0,0
20.802499999999998,0,0,0
20.803000000000001,0,0,0
20.8035,0,0,0
20.803999999999998,0,0,0
20.804500000000001,0,0,0
20.805,0,0,0
20.805499999999999,0,0,0
20.806000000000001,0,0,0
20.8065,0,0,0
20.806999999999999,0,0,0
20.807500000000001,0,0,0
20.808,0,0,0
20.808499999999999,0,0,0
20.809000000000001,0,0,0
20.8095,0,0,0
20.809999999999999,0,0,0
20.810500000000001,0,0,0
20.811,0,0,0
20.811499999999999,0,0,0
20.812000000000001,0,0,0
20.8125,0,0,0
20.812999999999999,0,0,0
20.813500000000001,0,0,0
20.814,0,0,0
20.814499999999999,0,0,0
20.815000000000001,0,0,0
20.8155,0,0,0
20.815999999999999,0,0,0
20.816500000000001,0,0,0
20.817,0,0,0
20.817499999999999,0,0,0
20.818000000000001,0,0,0
20.8185,0,0,0
20.818999999999999,0,0,0
20.819500000000001,0,0,0
20.82,0,0,0
20.820499999999999,0,0,0
20.821000000000002,0,0,0
20.8215,0,0,0
20.821999999999999,0,0,0
20.822500000000002,0,0,0
20.823,0,0,0
20.823499999999999,0,0,0
20.824000000000002,0,0,0
20.8245,0,0,0
20.824999999999999,0,0,0
20.825500000000002,0,0,0
20.826000000000001,0,0,0
20.826499999999999,0,0,0
20.827000000000002,0,0,0
20.827500000000001,0,0,0
20.827999999999999,0,0,0
20.828499999999998,0,0,0
20.829000000000001,0,0,0
20.829499999999999,0,0,0
20.829999999999998,0,0,0
20.830500000000001,0,0,0
20.831,0,0,0
20.831499999999998,0,0,0
20.832000000000001,0,0,0
20.8325,0,0,0
20.832999999999998,0,0,0
20.833500000000001,0,0,0
20.834,0,0,0
20.834499999999998,0,0,0
20.835000000000001,0,0,0
20.8355,0,0,0
20.835999999999999,0,0,0
20.836500000000001,0,0,0
20.837,0,0,0
20.837499999999999,0,0,0
20.838000000000001,0,0,0
20.8385,0,0,0
20.838999999999999,0,0,0
20.839500000000001,0,0,0
20.84,0,0,0
20.840499999999999,0,0,0
20.841000000000001,0,0,0
20.8415,0,0,0
20.841999999999999,0,0,0
20.842500000000001,0,0,0
20.843,0,0,0
20.843499999999999,0,0,0
20.844000000000001,0,0,0
20.8445,0,0,0
20.844999999999999,0,0,0
20.845500000000001,0,0,0
20.846,0,0,0
20.846499999999999,0,0,0
20.847000000000001,0,0,0
20.8475,0,0,0
20.847999999999999,0,0,0
20.848500000000001,0,0,0
20.849,0,0,0
20.849499999999999,0,0,0
20.850000000000001,0,0,0
20.8505,0,0,0
20.850999999999999,0,0,0
20.851500000000001,0,0,0
20.852,0,0,0
20.852499999999999,0,0,0
20.853000000000002,0,0,0
20.8535,0,0,0
20.853999999999999,0,0,0
20.854500000000002,0,0,0
20.855,0,0,0
20.855499999999999,0,0,0
20.856000000000002,0,0,0
20.8565,0,0,0
20.856999999999999,0,0,0
20.857500000000002,0,0,0
20.858000000000001,0,0,0
20.858499999999999,0,0,0
20.859000000000002,0,0,0
20.859500000000001,0,0,0
20.859999999999999,0,0,0
20.860499999999998,0,0,0
20.861000000000001,0,0,0
20.861499999999999,0,0,0
20.861999999999998,0,0,0
20.862500000000001,0,0,0
20.863,0,0,0
20.863499999999998,0,0,0
20.864000000000001,0,0,0
20.8645,0,0,0
20.864999999999998,0,0,0
20.865500000000001,0,0,0
20.866,0,0,0
20.866499999999998,0,0,0
20.867000000000001,0,0,0
20.8675,0,0,0
20.867999999999999,0,0,0
20.868500000000001,0,0,0
20.869,0,0,0
20.869499999999999,0,0,0
20.870000000000001,0,0,0
20.8705,0,0,0
20.870999999999999,0,0,0
20.871500000000001,0,0,0
20.872,0,0,0
20.872499999999999,0,0,0
20.873000000000001,0,0,0
20.8735,0,0,0
20.873999999999999,0,0,0
20.874500000000001,0,0,0
20.875,0,0,0
20.875499999999999,0,0,0
20.876000000000001,0,0,0
20.8765,0,0,0
20.876999999999999,0,0,0
20.877500000000001,0,0,0
20.878,0,0,0
20.878499999999999,0,0,0
20.879000000000001,0,0,0
20.8795,0,0,0
20.879999999999999,0,0,0
20.880500000000001,0,0,0
20.881,0,0,0
20.881499999999999,0,0,0
20.882000000000001,0,0,0
20.8825,0,0,0
20.882999999999999,0,0,0
20.883500000000002,0,0,0
20.884,0,0,0
20.884499999999999,0,0,0
20.885000000000002,0,0,0
20.8855,0,0,0
20.885999999999999,0,0,0
20.886500000000002,0,0,0
20.887,0,0,0
20.887499999999999,0,0,0
20.888000000000002,0,0,0
20.888500000000001,0,0,0
20.888999999999999,0,0,0
20.889500000000002,0,0,0
20.890000000000001,0,0,0
20.890499999999999,0,0,0
20.890999999999998,0,0,0
20.891500000000001,0,0,0
20.891999999999999,0,0,0
20.892499999999998,0,0,0
20.893000000000001,0,0,0
20.8935,0,0,0
20.893999999999998,0,0,0
20.894500000000001,0,0,0
20.895,0,0,0
20.895499999999998,0,0,0
20.896000000000001,0,0,0
20.8965,0,0,0
20.896999999999998,0,0,0
20.897500000000001,0,0,0
20.898,0,0,0
20.898499999999999,0,0,0
20.899000000000001,0,0,0
20.8995,0,0,0
20.899999999999999,0,0,0
20.900500000000001,0,0,0
20.901,0,0,0
20.901499999999999,0,0,0
20.902000000000001,0,0,0
20.9025,0,0,0
20.902999999999999,0,0,0
20.903500000000001,0,0,0
20.904,0,0,0
20.904499999999999,0,0,0
20.905000000000001,0,0,0
20.9055,0,0,0
20.905999999999999,0,0,0
20.906500000000001,0,0,0
20.907,0,0,0
20.907499999999999,0,0,0
20.908000000000001,0,0,0
20.9085,0,0,0
20.908999999999999,0,0,0
20.909500000000001,0,0,0
20.91,0,0,0
20.910499999999999,0,0,0
20.911000000000001,0,0,0
20.9115,0,0,0
20.911999999999999,0,0,0
20.912500000000001,0,0,0
20.913,0,0,0
20.913499999999999,0,0,0
20.914000000000001,0,0,0
20.9145,0,0,0
20.914999999999999,0,0,0
20.915500000000002,0,0,0
20.916,0,0,0
20.916499999999999,0,0,0
20.917000000000002,0,0,0
20.9175,0,0,0
20.917999999999999,0,0,0
20.918500000000002,0,0,0
20.919,0,0,0
20.919499999999999,0,0,0
20.920000000000002,0,0,0
20.920500000000001,0,0,0
20.920999999999999,0,0,0
20.921500000000002,0,0,0
20.922000000000001,0,0,0
20.922499999999999,0,0,0
20.922999999999998,0,0,0
20.923500000000001,0,0,0
20.923999999999999,0,0,0
20.924499999999998,0,0,0
20.925000000000001,0,0,0
20.9255,0,0,0
20.925999999999998,0,0,0
20.926500000000001,0,0,0
20.927,0,0,0
20.927499999999998,0,0,0
20.928000000000001,0,0,0
20.9285,0,0,0
20.928999999999998,0,0,0
20.929500000000001,0,0,0
20.93,0,0,0
20.930499999999999,0,0,0
20.931000000000001,0,0,0
20.9315,0,0,0
20.931999999999999,0,0,0
20.932500000000001,0,0,0
20.933,0,0,0
20.933499999999999,0,0,0
20.934000000000001,0,0,0
20.9345,0,0,0
20.934999999999999,0,0,0
20.935500000000001,0,0,0
20.936,0,0,0
20.936499999999999,0,0,0
20.937000000000001,0,0,0
20.9375,0,0,0
20.937999999999999,0,0,0
20.938500000000001,0,0,0
20.939,0,0,0
20.939499999999999,0,0,0
20.940000000000001,0,0,0
20.9405,0,0,0
20.940999999999999,0,0,0
20.941500000000001,0,0,0
20.942,0,0,0
20.942499999999999,0,0,0
20.943000000000001,0,0,0
20.9435,0,0,0
20.943999999999999,0,0,0
20.944500000000001,0,0,0
20.945,0,0,0
20.945499999999999,0,0,0
20.946000000000002,0,0,0
20.9465,0,0,0
20.946999999999999,0,0,0
20.947500000000002,0,0,0
20.948,0,0,0
20.948499999999999,0,0,0
20.949000000000002,0,0,0
20.9495,0,0,0
20.949999999999999,0,0,0
20.950500000000002,0,0,0
20.951000000000001,0,0,0
20.951499999999999,0,0,0
20.952000000000002,0,0,0
20.952500000000001,0,0,0
20.952999999999999,0,0,0
20.953499999999998,0,0,0
20.954000000000001,0,0,0
20.954499999999999,0,0,0
20.954999999999998,0,0,0
20.955500000000001,0,0,0
20.956,0,0,0
20.956499999999998,0,0,0
20.957000000000001,0,0,0
20.9575,0,0,0
20.957999999999998,0,0,0
20.958500000000001,0,0,0
20.959,0,0,0
20.959499999999998,0,0,0
20.960000000000001,0,0,0
20.9605,0,0,0
20.960999999999999,0,0,0
20.961500000000001,0,0,0
20.962,0,0,0
20.962499999999999,0,0,0
20.963000000000001,0,0,0
20.9635,0,0,0
20.963999999999999,0,0,0
20.964500000000001,0,0,0
20.965,0,0,0
20.965499999999999,0,0,0
20.966000000000001,0,0,0
20.9665,0,0,0
20.966999999999999,0,0,0
20.967500000000001,0,0,0
20.968,0,0,0
20.968499999999999,0,0,0
20.969000000000001,0,0,0
20.9695,0,0,0
20.969999999999999,0,0,0
20.970500000000001,0,0,0
20.971,0,0,0
20.971499999999999,0,0,0
20.972000000000001,0,0,0
20.9725,0,0,0
20.972999999999999,0,0,0
20.973500000000001,0,0,0
20.974,0,0,0
20.974499999999999,0,0,0
20.975000000000001,0,0,0
20.9755,0,0,0
20.975999999999999,0,0,0
20.976500000000001,0,0,0
20.977,0,0,0
20.977499999999999,0,0,0
20.978000000000002,0,0,0
20.9785,0,0,0
20.978999999999999,0,0,0
20.979500000000002,0,0,0
20.98,0,0,0
20.980499999999999,0,0,0
20.981000000000002,0,0,0
20.9815,0,0,0
20.981999999999999,0,0,0
20.982500000000002,0,0,0
20.983000000000001,0,0,0
20.983499999999999,0,0,0
20.984000000000002,0,0,0
20.984500000000001,0,0,0
20.984999999999999,0,0,0
20.985499999999998,0,0,0
20.986000000000001,0,0,0
20.986499999999999,0,0,0
20.986999999999998,0,0,0
20.987500000000001,0,0,0
20.988,0,0,0
20.988499999999998,0,0,0
20.989000000000001,0,0,0
20.9895,0,0,0
20.989999999999998,0,0,0
20.990500000000001,0,0,0
20.991,0,0,0
20.991499999999998,0,0,0
20.992000000000001,0,0,0
20.9925,0,0,0
20.992999999999999,0,0,0
20.993500000000001,0,0,0
20.994,0,0,0
20.994499999999999,0,0,0
20.995000000000001,0,0,0
20.9955,0,0,0
20.995999999999999,0,0,0
20.996500000000001,0,0,0
20.997,0,0,0
20.997499999999999,0,0,0
20.998000000000001,0,0,0
20.9985,0,0,0
20.998999999999999,0,0,0
20.999500000000001,0,0,0
