model_time,"trainer_ltz [Model.NeuronTrainer.Neuron.LTZone.Output]","signal_2 [Model.NeuronTrainer.Neuron.LTZone.OutputPotential]"
0,0,0
0.00050000000000000001,0,0
0.001,0,0
0.0015,0,0
0.002,0,0
0.0025000000000000001,0,0
0.0030000000000000001,0,0
0.0035000000000000001,0,0
0.0040000000000000001,0,0
0.0044999999999999997,0,0
0.0050000000000000001,0,0
0.0054999999999999997,0,0
0.0060000000000000001,0,0
0.0064999999999999997,0,0
0.0070000000000000001,0,0
0.0074999999999999997,0,0
0.0080000000000000002,0,0
0.0085000000000000006,0,0
0.0089999999999999993,0,0
0.0094999999999999998,0,0
0.01,0,0
0.010500000000000001,0,0
0.010999999999999999,0,0
0.0115,0,0
0.012,0,0
0.012500000000000001,0,0
0.012999999999999999,0,0
0.0135,0,0
0.014,0,0
0.014500000000000001,0,0
0.014999999999999999,0,0
0.0155,0,0
0.016,0,0
0.016500000000000001,0,0
0.017000000000000001,0,0
0.017500000000000002,0,0
0.017999999999999999,0,0
0.018499999999999999,0,0
0.019,0,0
0.0195,0,0
0.02,0,0
0.020500000000000001,0,0
0.021000000000000001,0,0
0.021499999999999998,0,0
0.021999999999999999,0,0
0.022499999999999999,0,0
0.023,0,0
0.0235,0,0
0.024,0,0
0.024500000000000001,0,0
0.025000000000000001,0,0
0.025499999999999998,0,0
0.025999999999999999,0,0
0.026499999999999999,0,0
0.027,0,0
0.0275,0,0
0.028000000000000001,0,0
0.028500000000000001,0,0
0.029000000000000001,0,0
0.029499999999999998,0,0
0.029999999999999999,0,0
0.030499999999999999,0,0
0.031,0,0
0.0315,0,0
0.032000000000000001,0,0
0.032500000000000001,0,0
0.033000000000000002,0,0
0.033500000000000002,0,0
0.034000000000000002,0,0
0.034500000000000003,0,0
0.035000000000000003,0,0
0.035499999999999997,0,0
0.035999999999999997,0,0
0.036499999999999998,0,0
0.036999999999999998,0,0
0.037499999999999999,0,0
0.037999999999999999,0,0
0.0385,0,0
0.039,0,0
0.0395,0,0
0.040000000000000001,0,0
0.040500000000000001,0,0
0.041000000000000002,0,0
0.041500000000000002,0,0
0.042000000000000003,0,0
0.042500000000000003,0,0
0.042999999999999997,0,0
0.043499999999999997,0,0
0.043999999999999997,0,0
0.044499999999999998,0,0
0.044999999999999998,0,0
0.045499999999999999,0,0
0.045999999999999999,0,0
0.0465,0,0
0.047,0,0
0.047500000000000001,0,0
0.048000000000000001,0,0
0.048500000000000001,0,0
0.049000000000000002,0,0
0.049500000000000002,0,0
0.050000000000000003,0,0
0.050500000000000003,0,0
0.050999999999999997,0,0
0.051499999999999997,0,0
0.051999999999999998,0,0
0.052499999999999998,0,0
0.052999999999999999,0,0
0.053499999999999999,0,0
0.053999999999999999,0,0
0.0545,0,0
0.055,0,0
0.055500000000000001,0,0
0.056000000000000001,0,0
0.056500000000000002,0,0
0.057000000000000002,0,0
0.057500000000000002,0,0
0.058000000000000003,0,0
0.058500000000000003,0,0
0.058999999999999997,0,0
0.059499999999999997,0,0
0.059999999999999998,0,0
0.060499999999999998,0,0
0.060999999999999999,0,0
0.061499999999999999,0,0
0.062,0,0
0.0625,0,0
0.063,0,0
0.063500000000000001,0,0
0.064000000000000001,0,0
0.064500000000000002,0,0
0.065000000000000002,0,0
0.065500000000000003,0,0
0.066000000000000003,0,0
0.066500000000000004,0,0
0.067000000000000004,0,0
0.067500000000000004,0,0
0.068000000000000005,0,0
0.068500000000000005,0,0
0.069000000000000006,0,0
0.069500000000000006,0,0
0.070000000000000007,0,0
0.070499999999999993,0,0
0.070999999999999994,0,0
0.071499999999999994,0,0
0.071999999999999995,0,0
0.072499999999999995,0,0
0.072999999999999995,0,0
0.073499999999999996,0,0
0.073999999999999996,0,0
0.074499999999999997,0,0
0.074999999999999997,0,0
0.075499999999999998,0,0
0.075999999999999998,0,0
0.076499999999999999,0,0
0.076999999999999999,0,0
0.077499999999999999,0,0
0.078,0,0
0.0785,0,0
0.079000000000000001,0,0
0.079500000000000001,0,0
0.080000000000000002,0,0
0.080500000000000002,0,0
0.081000000000000003,0,0
0.081500000000000003,0,0
0.082000000000000003,0,0
0.082500000000000004,0,0
0.083000000000000004,0,0
0.083500000000000005,0,0
0.084000000000000005,0,0
0.084500000000000006,0,0
0.085000000000000006,0,0
0.085500000000000007,0,0
0.085999999999999993,0,0
0.086499999999999994,0,0
0.086999999999999994,0,0
0.087499999999999994,0,0
0.087999999999999995,0,0
0.088499999999999995,0,0
0.088999999999999996,0,0
0.089499999999999996,0,0
0.089999999999999997,0,0
0.090499999999999997,0,0
0.090999999999999998,0,0
0.091499999999999998,0,0
0.091999999999999998,0,0
0.092499999999999999,0,0
0.092999999999999999,0,0
0.0935,0,0
0.094,0,0
0.094500000000000001,0,0
0.095000000000000001,0,0
0.095500000000000002,0,0
0.096000000000000002,0,0
0.096500000000000002,0,0
0.097000000000000003,0,0
0.097500000000000003,0,0
0.098000000000000004,0,0
0.098500000000000004,0,0
0.099000000000000005,0,0
0.099500000000000005,0,0
0.10000000000000001,0,0
0.10050000000000001,0,0
0.10100000000000001,0,0
0.10150000000000001,0,0
0.10199999999999999,0,0
0.10249999999999999,0,0
0.10299999999999999,0,0
0.10349999999999999,0,0
0.104,0,0
0.1045,0,0
0.105,0,0
0.1055,0,0
0.106,0,0
0.1065,0,0
0.107,0,0
0.1075,0,0
0.108,0,0
0.1085,0,0
0.109,0,0
0.1095,0,0
0.11,0,0
0.1105,0,0
0.111,0,0
0.1115,0,0
0.112,0,0
0.1125,0,0
0.113,0,0
0.1135,0,0
0.114,0,0
0.1145,0,0
0.115,0,0
0.11550000000000001,0,0
0.11600000000000001,0,0
0.11650000000000001,0,0
0.11700000000000001,0,0
0.11749999999999999,0,0
0.11799999999999999,0,0
0.11849999999999999,0,0
0.11899999999999999,0,0
0.1195,0,0
0.12,0,0
0.1205,0,0
0.121,0,0
0.1215,0,0
0.122,0,0
0.1225,0,0
0.123,0,0
0.1235,0,0
0.124,0,0
0.1245,0,1.1102230246251566e-17
0.125,0,2.2204460492503132e-17
0.1255,0,3.3306690738754695e-17
0.126,0,5.5511151231257827e-17
0.1265,0,8.8817841970012528e-17
0.127,0,1.4432899320127036e-16
0.1275,0,2.2204460492503131e-16
0.128,0,3.4416913763379854e-16
0.1285,0,5.3290705182007512e-16
0.129,0,8.2156503822261588e-16
0.1295,0,1.2434497875801752e-15
0.13,0,1.8651746813702631e-15
0.1305,0,2.7644553313166396e-15
0.13100000000000001,0,4.0412118096355696e-15
0.13150000000000001,0,5.8619775700208262e-15
0.13200000000000001,0,8.4598994476436932e-15
0.13250000000000001,0,1.2112533198660457e-14
0.13300000000000001,0,1.7219559111936177e-14
0.13350000000000001,0,2.4313884239290928e-14
0.13400000000000001,0,3.4117153546731062e-14
0.13450000000000001,0,4.7561954374941704e-14
0.13500000000000001,0,6.5880634281256787e-14
0.13550000000000001,0,9.0705221111875289e-14
0.13600000000000001,0,1.2414513861358501e-13
0.13650000000000001,0,1.6896484211770258e-13
0.13700000000000001,0,2.2869484084253601e-13
0.13750000000000001,0,3.0789815141929468e-13
0.13800000000000001,0,4.1241454695750688e-13
0.13850000000000001,0,5.4964921503142252e-13
0.13900000000000001,0,7.2898354019912408e-13
0.13950000000000001,0,9.6226360213336185e-13
0.14000000000000001,0,1.2643774915943595e-12
0.14050000000000001,0,1.6539436487050807e-12
0.14099999999999999,0,2.1541324279894526e-12
0.14149999999999999,0,2.7937430147062513e-12
0.14199999999999999,0,3.6083358523342213e-12
0.14249999999999999,0,4.6417425458855631e-12
0.14299999999999999,0,5.947753400903366e-12
0.14349999999999999,0,7.5921269271361783e-12
0.14399999999999999,0,9.655043431422427e-12
0.14449999999999999,0,1.2233869473021741e-11
0.14499999999999999,0,1.5446466328228325e-11
0.14549999999999999,0,1.9435086873187403e-11
0.14599999999999999,0,2.4370827578223952e-11
0.14649999999999999,0,3.0458890964979445e-11
0.14699999999999999,0,3.794461411743555e-11
0.14749999999999999,0,4.7120451984739019e-11
0.14799999999999999,0,5.8334026498130237e-11
0.14849999999999999,0,7.1997441342119833e-11
0.14899999999999999,0,8.859777356207133e-11
0.14949999999999999,0,1.0870921940409062e-10
0.14999999999999999,0,1.3300692769391275e-10
0.15049999999999999,0,1.6228260957262819e-10
0.151,0,1.9746241308737922e-10
0.1515,0,2.3962694051249401e-10
0.152,0,2.9003407453487286e-10
0.1525,0,3.5014446897463358e-10
0.153,0,4.216503479703704e-10
0.1535,0,5.0650768024240729e-10
0.154,0,6.0697226134109879e-10
0.1545,0,7.256399703337024e-10
0.155,0,8.6549155620119227e-10
0.1555,0,1.0299425312609855e-09
0.156,0,1.2228984824780299e-09
0.1565,0,1.4488163113668406e-09
0.157,0,1.7127719575960044e-09
0.1575,0,2.0205351614066559e-09
0.158,0,2.3786516534229916e-09
0.1585,0,2.794533704442159e-09
0.159,0,3.276559390474887e-09
0.1595,0,3.8341813057840568e-09
0.16,0,4.4780456009974046e-09
0.1605,0,5.2201218125880186e-09
0.161,0,6.0738445162300533e-09
0.1615,0,7.0542674590612366e-09
0.16200000000000001,0,8.1782310590305943e-09
0.16250000000000001,0,9.4645441484075832e-09
0.16300000000000001,0,1.0934180993960042e-08
0.16350000000000001,0,1.2610494237730307e-08
0.16400000000000001,0,1.4519445201699455e-08
0.16450000000000001,0,1.6689852111451131e-08
0.16500000000000001,0,1.9153657626613806e-08
0.16550000000000001,0,2.1946216655077678e-08
0.16600000000000001,0,2.5106605461289178e-08
0.16650000000000001,0,2.8677953434197435e-08
0.16700000000000001,0,3.2707798469644445e-08
0.16750000000000001,0,3.7248467354977774e-08
0.16800000000000001,0,4.235748223280211e-08
0.16850000000000001,0,4.8097994498341733e-08
0.16900000000000001,0,5.4539247273943656e-08
0.16950000000000001,0,6.1757067948420283e-08
0.17000000000000001,0,6.9834391835943424e-08
0.17050000000000001,0,7.8861818408881845e-08
0.17100000000000001,0,8.8938201381338905e-08
0.17150000000000001,0,1.0017127399786219e-07
0.17199999999999999,0,1.1267831071526401e-07
0.17249999999999999,0,1.2658682672084253e-07
0.17299999999999999,0,1.4203531656376001e-07
0.17349999999999999,0,1.5917403308751688e-07
0.17399999999999999,0,1.7816580790697146e-07
0.17449999999999999,0,1.9918691488429729e-07
0.17499999999999999,0,2.2242797754756792e-07
0.17549999999999999,0,2.4809492167321422e-07
0.17599999999999999,0,2.7640997423139525e-07
0.17649999999999999,0,3.0761270969348331e-07
0.17699999999999999,0,3.4196114463425075e-07
0.17749999999999999,0,3.7973288161685661e-07
0.17799999999999999,0,4.2122630338203849e-07
0.17849999999999999,0,4.6676181775229253e-07
0.17899999999999999,0,5.1668315418362811e-07
0.17949999999999999,0,5.7135871273095162e-07
0.17999999999999999,0,6.3118296536046612e-07
0.18049999999999999,0,6.9657791057498031e-07
0.18099999999999999,0,7.679945812744116e-07
0.18149999999999999,0,8.4591460601801667e-07
0.182,0,9.3085182372165671e-07
0.1825,0,1.023353951701278e-06
0.183,0,1.1240043066518269e-06
0.1835,0,1.2334235781064073e-06
0.184,0,1.3522716537539558e-06
0.1845,0,1.481249495982606e-06
0.185,0,1.621101068349784e-06
0.1855,0,1.7726153111241593e-06
0.186,0,1.9366281643562467e-06
0.1865,0,2.1140246369899528e-06
0.187,0,2.3057409202609234e-06
0.1875,0,2.5127665433832826e-06
0.188,0,2.7361465694042408e-06
0.1885,0,2.9769838287951876e-06
0.189,0,3.2364411882368494e-06
0.1895,0,3.5157438516675297e-06
0.19,0,3.8161816905857295e-06
0.1905,0,4.1391116004430021e-06
0.191,0,4.4859598794744212e-06
0.1915,0,4.8582246263473298e-06
0.192,0,5.2574781525871476e-06
0.1925,0,5.6853694057723557e-06
0.193,0,6.1436263989911312e-06
0.19350000000000001,0,6.6340586420077227e-06
0.19400000000000001,0,7.1585595693424153e-06
0.19450000000000001,0,7.7191089602468566e-06
0.19500000000000001,0,8.3177753453789194e-06
0.19550000000000001,0,8.9567183947258926e-06
0.19600000000000001,0,9.6381912812804064e-06
0.19650000000000001,0,1.0364543014684813e-05
0.19700000000000001,0,1.1138220738782234e-05
0.19750000000000001,0,1.1961771987245572e-05
0.19800000000000001,0,1.2837846890834115e-05
0.19850000000000001,0,1.3769200329971643e-05
0.19900000000000001,0,1.4758694026240083e-05
0.19950000000000001,0,1.5809298566116238e-05
0.20000000000000001,0,1.6924095350234757e-05
0.20050000000000001,0,1.8106278461516025e-05
0.20100000000000001,0,1.9359156445264426e-05
0.20150000000000001,0,2.0686153994242672e-05
0.20200000000000001,0,2.2090813532082974e-05
0.20250000000000001,0,2.3576796687763137e-05
0.20300000000000001,0,2.5147885654441815e-05
0.20349999999999999,0,2.680798442565857e-05
0.20399999999999999,0,2.8561119902070775e-05
0.20449999999999999,0,3.0411442861777439e-05
0.20499999999999999,0,3.2363228787601896e-05
0.20549999999999999,0,3.4420878544605404e-05
0.20599999999999999,0,3.658891890127025e-05
0.20649999999999999,0,3.8872002887968547e-05
0.20699999999999999,0,4.1274909986444011e-05
0.20749999999999999,0,4.3802546144144915e-05
0.20799999999999999,0,4.6459943607468634e-05
0.20849999999999999,0,4.9252260568277698e-05
0.20899999999999999,0,5.2184780618158567e-05
0.20949999999999999,0,5.5262912005138443e-05
0.20999999999999999,0,5.8492186687852943e-05
0.21049999999999999,0,6.1878259182512887e-05
0.21099999999999999,0,6.5426905198173735e-05
0.21149999999999999,0,6.9144020056077784e-05
0.21199999999999999,0,7.3035616889649546e-05
0.21249999999999999,0,7.7107824621203141e-05
0.21299999999999999,0,8.136688571259709e-05
0.2135,0,8.5819153686983454e-05
0.214,0,9.0471090419308456e-05
0.2145,0,9.5329263193610903e-05
0.215,0,0.00010040034152558608
0.2155,0,0.00010569109374926055
0.216,0,0.00011120838336705629
0.2165,0,0.00011695916516296645
0.217,0,0.00012295048107917593
0.2175,0,0.0001291894558564044
0.218,0,0.00013568329243941469
0.2185,0,0.00014243926714890831
0.219,0,0.0001494647246220615
0.2195,0,0.00015676707252394452
0.22,0,0.00016435377603293277
0.2205,0,0.00017223235210342969
0.221,0,0.00018041036350964214
0.2215,0,0.0001888954126749387
0.222,0,0.00019769513529154236
0.2225,0,0.00020681719373560892
0.223,0,0.00021626927028359778
0.2235,0,0.00022605906013593025
0.224,0,0.00023619426425471878
0.22450000000000001,0,0.00024668258202225067
0.22500000000000001,0,0.00025753170372915245
0.22550000000000001,0,0.00026874930290465837
0.22600000000000001,0,0.000280343028508645
0.22650000000000001,0,0.00029232049701434227
0.22700000000000001,0,0.00030468928442176633
0.22750000000000001,0,0.00031745691825498803
0.22800000000000001,0,0.00033063086960855026
0.22850000000000001,0,0.00034421854532111772
0.22900000000000001,0,0.00035822728036536409
0.22950000000000001,0,0.00037266433055163086
0.23000000000000001,0,0.00038753686565051737
0.23050000000000001,0,0.00040285196304234994
0.23100000000000001,0,0.00041861660200294138
0.23150000000000001,0,0.00043483765873257861
0.23200000000000001,0,0.00045152190222973453
0.23250000000000001,0,0.00046867599110280713
0.23300000000000001,0,0.00048630647140212034
0.23350000000000001,0,0.00050441977554133155
0.23400000000000001,0,0.00052302222236147997
0.23449999999999999,0,0.00054212001837430359
0.23499999999999999,0,0.00056171926020287533
0.23549999999999999,0,0.00058182593821833886
0.23599999999999999,0,0.00060244594135219212
0.23649999999999999,0,0.00062358506304364123
0.23699999999999999,0,0.00064524900826246068
0.23749999999999999,0,0.00066744340152922186
0.23799999999999999,0,0.00069017379583664602
0.23849999999999999,0,0.00071344568236063615
0.23899999999999999,0,0.00073726450083343447
0.23949999999999999,0,0.00076163565043962933
0.23999999999999999,0,0.00078656450108348657
0.24049999999999999,0,0.0008120564048678669
0.24099999999999999,0,0.00083811670761747554
0.24149999999999999,0,0.00086475076027430213
0.24199999999999999,0,0.00089196392999076892
0.24249999999999999,0,0.00091976161074500682
0.24299999999999999,0,0.00094814923330468483
0.24349999999999999,0,0.00097713227436865271
0.24399999999999999,0,0.001006716264721741
0.2445,0,0.0010369067962445854
0.245,0,0.0010677095276296234
0.2455,0,0.0010991301886641546
0.246,0,0.0011311745829536645
0.2465,0,0.0011638485889707063
0.247,0,0.0011971581593288928
0.2475,0,0.0012311093181958221
0.248,0,0.0012657081567742034
0.2485,0,0.0013009608267962936
0.249,0,0.0013368735319921777
0.2495,0,0.0013734525175093215
0.25,0,0.0014107040572768127
0.2505,0,0.0014486344393230487
0.251,0,0.0014872499490724556
0.2515,0,0.0015265568506611094
0.252,0,0.0015665613663266354
0.2525,0,0.0016072696539412789
0.253,0,0.0016486877827707525
0.2535,0,0.0016908217075540799
0.254,0,0.0017336772410110445
0.2545,0,0.0017772600248946112
0.255,0,0.0018215754997157664
0.2555,0,0.0018666288732761438
0.25600000000000001,0,0.0019124250881522365
0.25650000000000001,0,0.0019589687882808349
0.25700000000000001,0,0.0020062642848011846
0.25750000000000001,0,0.0020543155213132991
0.25800000000000001,0,0.0021031260387153637
0.25850000000000001,0,0.0021526989397853804
0.25900000000000001,0,0.0022030368536728796
0.25950000000000001,0,0.0022541419004672549
0.26000000000000001,0,0.0023060156560077982
0.26050000000000001,0,0.0023586591170992712
0.26100000000000001,0,0.0024120726672934188
0.26150000000000001,0,0.0024662560433941771
0.26200000000000001,0,0.0025212083028391952
0.26250000000000001,0,0.0025769277921055987
0.26300000000000001,0,0.002633412116282108
0.26350000000000001,0,0.0026906581099434335
0.26400000000000001,0,0.0027486618094553104
0.26450000000000001,0,0.0028074184268320423
0.26500000000000001,0,0.0028669223252596799
0.26550000000000001,0,0.0029271669963904178
0.26600000000000001,0,0.002988145039504475
0.26650000000000001,0,0.0030498481426278422
0.26700000000000002,0,0.0031122670656842264
0.26750000000000002,0,0.0031753916257513336
0.26800000000000002,0,0.0032392106844814196
0.26850000000000002,0,0.003303712137737602
0.26900000000000002,0,0.0033688829074874139
0.26950000000000002,0,0.003434708935986186
0.27000000000000002,0,0.0035011751822737968
0.27050000000000002,0,0.0035682656209987894
0.27100000000000002,0,0.0036359632435756239
0.27150000000000002,0,0.0037042500616717875
0.27200000000000002,0,0.0037731071130132632
0.27250000000000002,0,0.0038425144694887226
0.27300000000000002,0,0.00391245124752484
0.27350000000000002,0,0.0039828956206980461
0.27400000000000002,0,0.0040538248345403207
0.27450000000000002,0,0.0041252152234902747
0.27500000000000002,0,0.0041970422299343006
0.27550000000000002,0,0.0042692804252763891
0.27600000000000002,0,0.0043419035329697485
0.27650000000000002,0,0.0044148844534381507
0.27700000000000002,0,0.0044881952908101931
0.27750000000000002,0,0.0045618073813851745
0.27800000000000002,0,0.0046356913237455832
0.27850000000000003,0,0.0047098170104272526
0.27900000000000003,0,0.0047841536610560452
0.27950000000000003,0,0.0048586698568558236
0.28000000000000003,0,0.0049333335764318422
0.28050000000000003,0,0.005008112232730488
0.28100000000000003,0,0.0050829727110755394
0.28149999999999997,0,0.0051578814081800648
0.28199999999999997,0,0.0052328042720316322
0.28249999999999997,0,0.0053077068425493755
0.28299999999999997,0,0.005382554292910036
0.28349999999999997,0,0.0054573114714416169
0.28399999999999997,0,0.0055319429439833921
0.28449999999999998,0,0.0056064130366117347
0.28499999999999998,0,0.0056806858786329958
0.28549999999999998,0,0.005754725445745912
0.28599999999999998,0,0.0058284956032775169
0.28649999999999998,0,0.0059019601493991323
0.28699999999999998,0,0.0059750828582305739
0.28749999999999998,1,0.0060478275227435763
0.28799999999999998,1,0.0061201579973778506
0.28849999999999998,0,-0.0038726539783313419
0.28899999999999998,0,-0.013815191105754132
0.28949999999999998,0,-0.012740387655508379
0.28999999999999998,0,-0.011716338083697431
0.29049999999999998,0,-0.010740567777120102
0.29099999999999998,0,-0.0098107273073193453
0.29149999999999998,0,-0.0089245861175800915
0.29199999999999998,0,-0.0080800265245239752
0.29249999999999998,0,-0.0072750380186721083
0.29299999999999998,0,-0.0065077118491270623
0.29349999999999998,0,-0.005776235878267688
0.29399999999999998,0,-0.0050788896930535673
0.29449999999999998,0,-0.0044140399602049961
0.29499999999999998,0,-0.0037801360131600736
0.29549999999999998,0,-0.0031757056593130439
0.29599999999999999,0,-0.0025993511966114547
0.29649999999999999,0,-0.0020497456291341809
0.29699999999999999,0,-0.0015256290717874932
0.29749999999999999,0,-0.0010258053347502293
0.29799999999999999,0,-0.00054913867876225095
0.29849999999999999,0,-9.4550732795251055e-05
0.29899999999999999,0,0.00033898243393533091
0.29949999999999999,0,0.00075243309325855328
0.29999999999999999,0,0.0011467244998988769
0.30049999999999999,0,0.0015227334007909099
0.30099999999999999,0,0.0018944174184175378
0.30149999999999999,0,0.0022681839354993572
0.30199999999999999,0,0.0026416645668312032
0.30249999999999999,0,0.0030128083620807656
0.30299999999999999,0,0.0033798475406331741
0.30349999999999999,0,0.003741266830387746
0.30399999999999999,0,0.0040957760107809497
0.30449999999999999,0,0.0044422853087542234
0.30499999999999999,0,0.0047798833383667968
0.30549999999999999,0,0.005107817311211604
0.30599999999999999,0,0.0054254752765256486
0.30649999999999999,0,0.0057323701775624514
0.307,1,0.0060281255349839968
0.3075,1,0.0063124625892106876
0.308,0,-0.0036602647944850575
0.3085,0,-0.013582937678388252
0.309,0,-0.012312260931162233
0.3095,0,-0.011104427158253605
0.31,0,-0.0099568242822289706
0.3105,0,-0.0088669240252858498
0.311,0,-0.0078322815638880335
0.3115,0,-0.0068505348753378657
0.312,0,-0.0059194038217077142
0.3125,0,-0.005036689011168949
0.313,0,-0.0042002704720020875
0.3135,0,-0.0034081061703697957
0.314,0,-0.0026582303992192082
0.3145,0,-0.001948752062389847
0.315,0,-0.0012778528750922336
0.3155,0,-0.00064378549934046569
0.316,0,-4.4871630634379933e-05
0.3165,0,0.00052049994984234573
0.317,0,0.0010538753450424875
0.3175,0,0.0015567375230257751
0.318,0,0.0020305082996303291
0.31850000000000001,0,0.0024765503146540581
0.31900000000000001,0,0.0028961689944736026
0.31950000000000001,0,0.0032906144950199832
0.32000000000000001,0,0.0036610836199111431
0.32050000000000001,0,0.0040087217093226265
0.32100000000000001,0,0.004334624495870687
0.32150000000000001,0,0.0046398399243964827
0.32200000000000001,0,0.0049253699330834566
0.32250000000000001,0,0.0051921721938227635
0.32300000000000001,0,0.0054411618101657842
0.32350000000000001,0,0.0056732129715803105
0.32400000000000001,0,0.0058891605630572719
0.32450000000000001,1,0.0060898017294074404
0.32500000000000001,1,0.0062758973938438099
0.32550000000000001,0,-0.0037068749724736062
0.32600000000000001,0,-0.013640184742815665
0.32650000000000001,0,-0.012481125028821528
0.32700000000000001,0,-0.011384519343810139
0.32750000000000001,0,-0.010347235757530448
0.32800000000000001,0,-0.0093662969544014759
0.32850000000000001,0,-0.0084388727032299934
0.32900000000000001,0,-0.0075622726861841131
0.32950000000000002,0,-0.0067339396703853362
0.33000000000000002,0,-0.0059514430062183711
0.33050000000000002,0,-0.0052124724371609091
0.33100000000000002,0,-0.0045148322066151606
0.33150000000000002,0,-0.0038564354478700436
0.33200000000000002,0,-0.0032352988439455555
0.33250000000000002,0,-0.0026495375446693227
0.33300000000000002,0,-0.0020973603289035636
0.33350000000000002,0,-0.0015770650003909315
0.33400000000000002,0,-0.0010870340062092865
0.33450000000000002,0,-0.00062573026732900552
0.33500000000000002,0,-0.00019169321124472559
0.33550000000000002,0,0.00021646500288652337
0.33600000000000002,0,0.0006000630757298953
0.33650000000000002,0,0.00096035398458945711
0.33700000000000002,0,0.001298528233864693
0.33750000000000002,0,0.0016157169470707889
0.33800000000000002,0,0.0019129948079797954
0.33850000000000002,0,0.00219138285808953
0.33900000000000002,0,0.0024518511572919621
0.33950000000000002,0,0.002695321314292942
0.34000000000000002,0,0.0029226688930298894
0.34050000000000002,0,0.0031347257010418627
0.34100000000000003,0,0.0033322819654680535
0.34150000000000003,0,0.003516088402084905
0.34200000000000003,0,0.0036868581825376667
0.34250000000000003,0,0.0038452688046799023
0.34300000000000003,0,0.0039919638707036631
0.34350000000000003,0,0.0041275547775211138
0.34399999999999997,0,0.004252622323649158
0.34449999999999997,0,0.00436771823664589
0.34499999999999997,0,0.0044733666249575314
0.34549999999999997,0,0.004570065357850317
0.34599999999999997,0,0.0046582873769279165
0.34649999999999997,0,0.00473848194256814
0.34699999999999998,0,0.0048110758184542139
0.34749999999999998,0,0.0048764743972242062
0.34799999999999998,0,0.0049350627701180037
0.34849999999999998,0,0.0049872067433633926
0.34899999999999998,0,0.0050332538039117077
0.34949999999999998,0,0.0050735340370082647
0.34999999999999998,0,0.0051083609979634568
0.35049999999999998,0,0.0051380325403768464
0.35099999999999998,0,0.005162831602958118
0.35149999999999998,0,0.0051830269569851928
0.35199999999999998,0,0.0051988739163420618
0.35249999999999998,0,0.0052106150119840986
0.35299999999999998,0,0.0052184806325902503
0.35349999999999998,0,0.005222689633075428
0.35399999999999998,0,0.0052234499125559551
0.35449999999999998,0,0.0052209589632831619
0.35499999999999998,0,0.0052154043919868552
0.35549999999999998,0,0.0052069644150000149
0.35599999999999998,0,0.0051958083284694978
0.35649999999999998,0,0.0051820969548936006
0.35699999999999998,0,0.0051659830671670678
0.35749999999999998,0,0.0051476117912558463
0.35799999999999998,0,0.0051271209885698447
0.35849999999999999,0,0.005104641619048467
0.35899999999999999,0,0.0050802980859248727
0.35949999999999999,0,0.0050542085630869375
0.35999999999999999,0,0.0050264853059076801
0.36049999999999999,0,0.004997234946375417
0.36099999999999999,0,0.0049665587733123242
0.36149999999999999,0,0.0049345529984315293
0.36199999999999999,0,0.0049013090089460865
0.36249999999999999,0,0.0048669136074068198
0.36299999999999999,0,0.0048314492394138766
0.36349999999999999,0,0.0047949942098136304
0.36399999999999999,0,0.0047576228879629536
0.36449999999999999,0,0.0047194059026137158
0.36499999999999999,0,0.0046804103269426859
0.36549999999999999,0,0.0046406998542260049
0.36599999999999999,0,0.0046003349646325355
0.36649999999999999,0,0.0045593730835866708
0.36699999999999999,0,0.0045178687321283826
0.36749999999999999,0,0.0044758736696773656
0.36799999999999999,0,0.0044334370295872946
0.36849999999999999,0,0.0043906054478570766
0.36899999999999999,0,0.0043474231853475095
0.3695,0,0.0043039322438341741
0.37,0,0.0042601724762108221
0.3705,0,0.0042161816911414959
0.371,0,0.0041719957524447796
0.3715,0,0.0041276486734792787
0.372,0,0.0040831727067855541
0.3725,0,0.0040385984292270246
0.373,0,0.0039939548228599244
0.3735,0,0.0039492693517509947
0.374,0,0.0039045680349501844
0.3745,0,0.0038598755158151142
0.375,0,0.003815215127874283
0.3755,0,0.0037706089574061743
0.376,0,0.0037260779029026801
0.3765,0,0.0036816417315763349
0.377,0,0.0036373191330629552
0.3775,0,0.003593127770463389
0.378,0,0.0035490843288609186
0.3785,0,0.0035052045614433203
0.379,0,0.003461503333352889
0.3795,0,0.0034179946633802528
0.38,0,0.0033746917636130356
0.3805,0,0.0033316070771437166
0.38100000000000001,0,0.0032887523139362275
0.38150000000000001,0,0.003246138484945549
0.38200000000000001,0,0.0032037759345795781
0.38250000000000001,0,0.0031616743715882855
0.38300000000000001,0,0.0031198428984602344
0.38350000000000001,0,0.0030782900394029978
0.38400000000000001,0,0.0030370237669795188
0.38450000000000001,0,0.0029960515274691235
0.38500000000000001,0,0.0029553802650179816
0.38550000000000001,0,0.0029150164446409832
0.38600000000000001,0,0.0028749660741329897
0.38650000000000001,0,0.0028352347249452348
0.38700000000000001,0,0.0027958275520790334
0.38750000000000001,0,0.0027567493130470468
0.38800000000000001,0,0.0027180043859487248
0.38850000000000001,0,0.0026795967867050408
0.38900000000000001,0,0.0026415301854947116
0.38950000000000001,0,0.0026038079224324105
0.39000000000000001,0,0.0025664330225264155
0.39050000000000001,0,0.0025294082099527326
0.39100000000000001,0,0.0024927359216789235
0.39150000000000001,0,0.0024564183204708323
0.39200000000000002,0,0.00242045730731254
0.39250000000000002,0,0.0023848545332689321
0.39300000000000002,0,0.0023496114108182533
0.39350000000000002,0,0.0023147291246810699
0.39400000000000002,0,0.0022802086421702338
0.39450000000000002,0,0.0022460507230855687
0.39500000000000002,0,0.0022122559291753996
0.39550000000000002,0,0.0021788246331862051
0.39600000000000002,0,0.0021457570275201453
0.39650000000000002,0,0.0021130531325198377
0.39700000000000002,0,0.0020807128043980883
0.39750000000000002,0,0.0020487357428297217
0.39800000000000002,0,0.0020171214982215636
0.39850000000000002,0,0.0019858694786761832
0.39900000000000002,0,0.0019549789566636554
0.39950000000000002,0,0.0019244490754152354
0.40000000000000002,0,0.0018942788550519341
0.40050000000000002,0,0.0018644671984604732
0.40100000000000002,0,0.0018350128969283896
0.40150000000000002,0,0.001805914635549266
0.40200000000000002,0,0.0017771709984087502
0.40250000000000002,0,0.0017487804735614176
0.40300000000000002,0,0.0017207414578079838
0.40350000000000003,0,0.0016930522612817688
0.40400000000000003,0,0.0016657111118530521
0.40450000000000003,0,0.0016387161593594767
0.40500000000000003,0,0.0016120654796701662
0.40550000000000003,0,0.0015857570785907994
0.40600000000000003,0,0.0015597888956166873
0.40649999999999997,0,0.0015341588075403422
0.40699999999999997,0,0.0015088646319201039
0.40749999999999997,0,0.0014839041304151369
0.40799999999999997,0,0.0014592750119931885
0.40849999999999997,0,0.0014349749360158426
0.40899999999999997,0,0.0014110015152069221
0.40949999999999998,0,0.0013873523185083058
0.40999999999999998,0,0.0013640248738283733
0.41049999999999998,0,0.0013410166706869231
0.41099999999999998,0,0.0013183251627610693
0.41149999999999998,0,0.0012959477703359812
0.41199999999999998,0,0.0012738818826642073
0.41249999999999998,0,0.0012521248602372138
0.41299999999999998,0,0.0012306740369725678
0.41349999999999998,0,0.0012095267223199645
0.41399999999999998,0,0.0011886802032892384
0.41449999999999998,0,0.0011681317464033892
0.41499999999999998,0,0.0011478785995792883
0.41549999999999998,0,0.0011279179939389539
0.41599999999999998,0,0.0011082471455536314
0.41649999999999998,0,0.001088863257123518
0.41699999999999998,0,0.0010697635195952905
0.41749999999999998,0,0.0010509451137195925
0.41799999999999998,0,0.0010324052115506578
0.41849999999999998,0,0.0010141409778903099
0.41899999999999998,0,0.00099614957167790683
0.41949999999999998,0,0.00097842814732848052
0.41999999999999998,0,0.0009609738560205749
0.42049999999999998,0,0.00094378384693556412
0.42099999999999999,0,0.00092685526845029951
0.42149999999999999,0,0.00091018526928429158
0.42199999999999999,0,0.00089377099960319395
0.42249999999999999,0,0.00087760961207992148
0.42299999999999999,0,0.00086169826291481182
0.42349999999999999,0,0.00084603411281625185
0.42399999999999999,0,0.00083061432794275805
0.42449999999999999,0,0.0008154360808081629
0.42499999999999999,0,0.00080049655115064231
0.42549999999999999,0,0.00078579292676711487
0.42599999999999999,0,0.00077132240431373458
0.42649999999999999,0,0.00075708219007397659
0.42699999999999999,0,0.00074306950069468196
0.42749999999999999,0,0.00072928156389175938
0.42799999999999999,0,0.00071571561912602282
0.42849999999999999,0,0.00070236891825009584
0.42899999999999999,0,0.00068923872612750567
0.42949999999999999,0,0.00067632232122456499
0.42999999999999999,0,0.00066361699617597527
0.43049999999999999,0,0.00065112005832491655
0.43099999999999999,0,0.00063882883023834718
0.43149999999999999,0,0.00062674065019838741
0.432,0,0.00061485287267032396
0.4325,0,0.00060316286874799734
0.433,0,0.00059166802657730779
0.4335,0,0.00058036575175839382
0.434,0,0.00056925346772714882
0.4345,0,0.00055832861611672109
0.435,0,0.00054758865709949591
0.4355,0,0.00053703106971031422
0.436,0,0.0005266533521511074
0.4365,0,0.00051645302207808941
0.437,0,0.0005064276168714188
0.4375,0,0.00049657469388824098
0.438,0,0.00048689183069944297
0.4385,0,0.00047737662531067705
0.439,0,0.00046802669636794028
0.4395,0,0.0004588396833485886
0.44,0,0.00044981324673767367
0.4405,0,0.00044094506819052358
0.441,0,0.0004322328506816575
0.4415,0,0.00042367431864058779
0.442,0,0.00041526721807504384
0.4425,0,0.00040700931668161686
0.443,0,0.00039889840394465861
0.44350000000000001,0,0.00039093229122351137
0.44400000000000001,0,0.0003831088118284254
0.44450000000000001,0,0.00037542582108583965
0.44500000000000001,0,0.00036788119639289405
0.44550000000000001,0,0.00036047283726191591
0.44600000000000001,0,0.00035319866535494794
0.44650000000000001,0,0.0003460566245087948
0.44700000000000001,0,0.00033904468075077741
0.44750000000000001,0,0.00033216082230566049
0.44800000000000001,0,0.00032540305959385398
0.44850000000000001,0,0.00031876942522128803
0.44900000000000001,0,0.00031225797396124968
0.44950000000000001,0,0.00030586678272853662
0.45000000000000001,0,0.00029959395054586225
0.45050000000000001,0,0.00029343759850323223
0.45100000000000001,0,0.00028739586971027187
0.45150000000000001,0,0.00028146692924171381
0.45200000000000001,0,0.00027564896407655803
0.45250000000000001,0,0.00026994018303080349
0.45300000000000001,0,0.00026433881668426197
0.45350000000000001,0,0.00025884311730163257
0.45400000000000001,0,0.00025345135874779159
0.45450000000000002,0,0.00024816183639795317
0.45500000000000002,0,0.0002429728670424902
0.45550000000000002,0,0.00023788278878700275
0.45600000000000002,0,0.00023288996094750214
0.45650000000000002,0,0.00022799276394115388
0.45700000000000002,0,0.00022318959917261294
0.45750000000000002,0,0.00021847888891619595
0.45800000000000002,0,0.00021385907619410062
0.45850000000000002,0,0.00020932862465078417
0.45900000000000002,0,0.00020488601842388876
0.45950000000000002,0,0.00020052976201138107
0.46000000000000002,0,0.00019625838013569429
0.46050000000000002,0,0.0001920704176046395
0.46100000000000002,0,0.00018796443916928584
0.46150000000000002,0,0.00018393902937910989
0.46200000000000002,0,0.00017999279243441357
0.46250000000000002,0,0.00017612435203624434
0.46300000000000002,0,0.00017233235123393921
0.46350000000000002,0,0.00016861545227037089
0.46400000000000002,0,0.00016497233642515097
0.46450000000000002,0,0.00016140170385579023
0.46500000000000002,0,0.00015790227343702722
0.46550000000000002,0,0.00015447278259848041
0.46600000000000003,0,0.00015111198716054596
0.46650000000000003,0,0.0001478186611689858
0.46700000000000003,0,0.00014459159672794986
0.46750000000000003,0,0.00014142960383191073
0.46800000000000003,0,0.00013833151019628786
0.46850000000000003,0,0.00013529616108707288
0.46899999999999997,0,0.00013232241914954424
0.46949999999999997,0,0.00012940916423602732
0.46999999999999997,0,0.00012655529323295499
0.47049999999999997,0,0.00012375971988731749
0.47099999999999997,0,0.0001210213746323352
0.47149999999999997,0,0.00011833920441290946
0.47199999999999998,0,0.0001157121725104071
0.47249999999999998,0,0.00011313925836736738
0.47299999999999998,0,0.0001106194574116981
0.47349999999999998,0,0.00010815178088097177
0.47399999999999998,0,0.00010573525564643305
0.47449999999999998,0,0.00010336892403707276
0.47499999999999998,0,0.00010105184366372421
0.47549999999999998,0,9.8783087243248249e-05
0.47599999999999998,0,9.6561742423073579e-05
0.47649999999999998,0,9.438691160567059e-05
0.47699999999999998,0,9.2257711773602319e-05
0.47749999999999998,0,9.0173274314842006e-05
0.47799999999999998,0,8.8132744848501415e-05
0.47849999999999998,0,8.6135283051047567e-05
0.47899999999999998,0,8.4180062482985823e-05
0.47949999999999998,0,8.2266270416342382e-05
0.47999999999999998,0,8.0393107662413138e-05
0.48049999999999998,0,7.8559788400567315e-05
0.48099999999999998,0,7.6765540007517341e-05
0.48149999999999998,0,7.5009602887443622e-05
0.48199999999999998,0,7.3291230302874319e-05
0.48249999999999998,0,7.1609688206508706e-05
0.48299999999999998,0,6.9964255073839962e-05
0.48349999999999999,0,6.835422173671058e-05
0.48399999999999999,0,6.6778891217855743e-05
0.48449999999999999,0,6.5237578566412768e-05
0.48499999999999999,0,6.372961069439631e-05
0.48549999999999999,0,6.2254326214339345e-05
0.48599999999999999,0,6.0811075277922287e-05
0.48649999999999999,0,5.9399219415789958e-05
0.48699999999999999,0,5.8018131378401172e-05
0.48749999999999999,0,5.6667194978088367e-05
0.48799999999999999,0,5.5345804932338535e-05
0.48849999999999999,0,5.4053366708251004e-05
0.48899999999999999,0,5.2789296368116469e-05
0.48949999999999999,0,5.1553020416450492e-05
0.48999999999999999,0,5.0343975648070582e-05
0.49049999999999999,0,4.9161608997672081e-05
0.49099999999999999,0,4.8005377390514251e-05
0.49149999999999999,0,4.6874747594449764e-05
0.49199999999999999,0,4.576919607347518e-05
0.49249999999999999,0,4.4688208842347255e-05
0.49299999999999999,0,4.3631281322686896e-05
0.49349999999999999,0,4.2597918200537602e-05
0.49399999999999999,0,4.1587633285100623e-05
0.4945,0,4.0599949369002353e-05
0.495,0,3.9634398089871682e-05
0.4955,0,3.8690519793349588e-05
0.496,0,3.7767863397608623e-05
0.4965,0,3.6865986259015937e-05
0.497,0,3.598445403952821e-05
0.4975,0,3.5122840575285694e-05
0.498,0,3.4280727746738296e-05
0.4985,0,3.3457705350137254e-05
0.499,0,3.2653370970547881e-05
0.4995,0,3.1867329856183348e-05
0.5,0,3.1099194794315113e-05
0.50049999999999994,0,3.0348585988437815e-05
0.501,0,2.9615130936955224e-05
0.50149999999999995,0,2.8898464313442675e-05
0.502,0,2.8198227848041934e-05
0.50249999999999995,0,2.7514070210521436e-05
0.503,0,2.6845646894702035e-05
0.50349999999999995,0,2.6192620104270591e-05
0.504,0,2.555465864004791e-05
0.50449999999999995,0,2.4931437788644484e-05
0.505,0,2.4322639212592811e-05
0.50549999999999995,0,2.3727950841767598e-05
0.50600000000000001,0,2.3147066766282533e-05
0.50649999999999995,0,2.2579687130896976e-05
0.50700000000000001,0,2.2025518030577283e-05
0.50749999999999995,0,2.1484271407579136e-05
0.50800000000000001,0,2.0955664949884324e-05
0.50849999999999995,0,2.043942199102533e-05
0.50900000000000001,0,1.9935271411286591e-05
0.50949999999999995,0,1.9442947540160295e-05
0.51000000000000001,0,1.8962190060223262e-05
0.51049999999999995,0,1.8492743912401632e-05
0.51100000000000001,0,1.8034359202423465e-05
0.51149999999999995,0,1.758679110871464e-05
0.51200000000000001,0,1.7149799791615905e-05
0.51249999999999996,0,1.6723150303710188e-05
0.51300000000000001,0,1.6306612501659766e-05
0.51349999999999996,0,1.5899960959264715e-05
0.51400000000000001,0,1.5502974881709262e-05
0.51449999999999996,0,1.5115438021207072e-05
0.51500000000000001,0,1.4737138593701182e-05
0.51549999999999996,0,1.436786919701838e-05
0.51600000000000001,0,1.4007426730100469e-05
0.51649999999999996,0,1.3655612313601129e-05
0.51700000000000002,0,1.3312231211459747e-05
0.51749999999999996,0,1.2977092753929664e-05
0.51800000000000002,0,1.2650010261550105e-05
0.51849999999999996,0,1.2330800970583589e-05
0.51900000000000002,0,1.2019285959263826e-05
0.51949999999999996,0,1.1715290075497987e-05
0.52000000000000002,0,1.1418641865545975e-05
0.52049999999999996,0,1.112917350380993e-05
0.52100000000000002,0,1.0846720723900471e-05
0.52149999999999996,0,1.0571122750602235e-05
0.52200000000000002,0,1.0302222233093961e-05
0.52249999999999996,0,1.003986517915667e-05
0.52300000000000002,0,9.7839008904698772e-06
0.52349999999999997,0,9.5341818989846956e-06
0.52400000000000002,0,9.2905639043183725e-06
0.52449999999999997,0,9.0529057121924168e-06
0.52500000000000002,0,8.8210691739143424e-06
0.52549999999999997,0,8.5949191267475911e-06
0.52600000000000002,0,8.374323335469391e-06
0.52649999999999997,0,8.1591524347834892e-06
0.52700000000000002,0,7.9492798727098798e-06
0.52749999999999997,0,7.7445818549626292e-06
0.52800000000000002,0,7.5449372902713918e-06
0.52849999999999997,0,7.3502277366688242e-06
0.52900000000000003,0,7.1603373486217589e-06
0.52949999999999997,0,6.9751528251171811e-06
0.53000000000000003,0,6.794563358736294e-06
0.53049999999999997,0,6.618460585439134e-06
0.53100000000000003,0,6.4467385353705889e-06
0.53149999999999997,0,6.2792935844435681e-06
0.53200000000000003,0,6.1160244068436679e-06
0.53249999999999997,0,5.956831928377593e-06
0.53300000000000003,0,5.8016192805321333e-06
0.53349999999999997,0,5.6502917554879238e-06
0.53400000000000003,0,5.5027567618881609e-06
0.53449999999999998,0,5.3589237814066769e-06
0.53500000000000003,0,5.2187043260820685e-06
0.53549999999999998,0,5.0820118964622908e-06
0.53600000000000003,0,4.9487619404375852e-06
0.53649999999999998,0,4.8188718129615895e-06
0.53700000000000003,0,4.6922607363608647e-06
0.53749999999999998,0,4.5688497614770894e-06
0.53800000000000003,0,4.4485617294198755e-06
0.53849999999999998,0,4.331321234252172e-06
0.53900000000000003,0,4.2170545860198418e-06
0.53949999999999998,0,4.1056897748026348e-06
0.54000000000000004,0,3.9971564352647707e-06
0.54049999999999998,0,3.8913858119271614e-06
0.54100000000000004,0,3.7883107250280546e-06
0.54149999999999998,0,3.6878655371719304e-06
0.54200000000000004,0,3.5899861203891879e-06
0.54249999999999998,0,3.4946098240840049e-06
0.54300000000000004,0,3.4016754433929817e-06
0.54349999999999998,0,3.3111231882321237e-06
0.54400000000000004,0,3.2228946529100354e-06
0.54449999999999998,0,3.136932786418356e-06
0.54500000000000004,0,3.0531818631662766e-06
0.54549999999999998,0,2.971587454336788e-06
0.54600000000000004,0,2.8920963998313455e-06
0.54649999999999999,0,2.8146567807474378e-06
0.54700000000000004,0,2.7392178924001698e-06
0.54749999999999999,0,2.6657302177435225e-06
0.54800000000000004,0,2.5941454016797928e-06
0.54849999999999999,0,2.5244162253690305e-06
0.54900000000000004,0,2.4564965814488638e-06
0.54949999999999999,0,2.3903414495873853e-06
0.55000000000000004,0,2.3259068725134392e-06
0.55049999999999999,0,2.2631499326242199e-06
0.55100000000000005,0,2.202028728959249e-06
0.55149999999999999,0,2.1425023546628453e-06
0.55200000000000005,0,2.0845308749684044e-06
0.55249999999999999,0,2.0280753054491284e-06
0.55300000000000005,0,1.9730975910126069e-06
0.55349999999999999,0,1.9195605850064191e-06
0.55400000000000005,0,1.8674280289676658e-06
0.55449999999999999,0,1.8166645326611609e-06
0.55500000000000005,0,1.7672355545950146e-06
0.55549999999999999,0,1.7191073829470049e-06
0.55600000000000005,0,1.6722471168240105e-06
0.55649999999999999,0,1.62662264793223e-06
0.55700000000000005,0,1.5822026426470793e-06
0.5575,0,1.5389565244605664e-06
0.55800000000000005,0,1.4968544567506291e-06
0.5585,0,1.4558673259390532e-06
0.55900000000000005,0,1.4159667250490671e-06
0.5595,0,1.3771249375182925e-06
0.56000000000000005,0,1.3393149213780654e-06
0.5605,0,1.302510293821335e-06
0.56100000000000005,0,1.2666853160703262e-06
0.5615,0,1.2318148784884464e-06
0.56200000000000006,0,1.1978744861695923e-06
0.5625,0,1.1648402446384764e-06
0.56299999999999994,0,1.1326888460505558e-06
0.5635,0,1.1013975555029809e-06
0.56399999999999995,0,1.0709441978340451e-06
0.5645,0,1.0413071445114497e-06
0.56499999999999995,0,1.0124653009424556e-06
0.5655,0,9.843980940504871e-07
0.56599999999999995,0,9.5708545995165655e-07
0.5665,0,9.3050783217529798e-07
0.56699999999999995,0,9.046461299067055e-07
0.5675,0,8.7948174660734683e-07
0.56799999999999995,0,8.5499653885712239e-07
0.56850000000000001,0,8.3117281540756593e-07
0.56899999999999995,0,8.0799332650149937e-07
0.56950000000000001,0,7.8544125345914042e-07
0.56999999999999995,0,7.6350019845294881e-07
0.57050000000000001,0,7.4215417451561909e-07
0.57099999999999995,0,7.2138759577011768e-07
0.57150000000000001,0,7.0118526785956097e-07
0.57199999999999995,0,6.8153237862134122e-07
0.57250000000000001,0,6.6241448902770723e-07
0.57299999999999995,0,6.4381752418185556e-07
0.57350000000000001,0,6.257277645693726e-07
0.57399999999999995,0,6.0813183756502913e-07
0.57450000000000001,0,5.9101670910610695e-07
0.57499999999999996,0,5.7436967558777137e-07
0.57550000000000001,0,5.5817835574734072e-07
0.57599999999999996,0,5.4243068299264512e-07
0.57650000000000001,0,5.2711489784140753e-07
0.57699999999999996,0,5.1221954029401222e-07
0.57750000000000001,0,4.9773344275028113e-07
0.57799999999999996,0,4.8364572280412688e-07
0.57850000000000001,0,4.6994577638237447e-07
0.57899999999999996,0,4.566232708280715e-07
0.57950000000000002,0,4.4366813840568397e-07
0.57999999999999996,0,4.3107056979518887e-07
0.58050000000000002,0,4.1882100770829211e-07
0.58099999999999996,0,4.0691014077109953e-07
0.58150000000000002,0,3.9532889744009482e-07
0.58199999999999996,0,3.8406844018457063e-07
0.58250000000000002,0,3.7312015961354915e-07
0.58299999999999996,0,3.6247566892466665e-07
0.58350000000000002,0,3.521267983974674e-07
0.58399999999999996,0,3.420655899866176e-07
0.58450000000000002,0,3.3228429210385711e-07
0.58499999999999996,0,3.2277535455538242e-07
0.58550000000000002,0,3.1353142343482077e-07
0.58599999999999997,0,3.0454533628265779e-07
0.58650000000000002,0,2.9581011740109631e-07
0.58699999999999997,0,2.8731897303568845e-07
0.58750000000000002,0,2.7906528696775015e-07
0.58799999999999997,0,2.7104261598465127e-07
0.58850000000000002,0,2.6324468563876382e-07
0.58899999999999997,0,2.5566538591759169e-07
0.58950000000000002,0,2.4829876718035491e-07
0.58999999999999997,0,2.4113903608347086e-07
0.59050000000000002,0,2.3418055170587592e-07
0.59099999999999997,0,2.2741782162993829e-07
0.59150000000000003,0,2.2084549824441524e-07
0.59199999999999997,0,2.1445837505851273e-07
0.59250000000000003,0,2.0825138314917168e-07
0.59299999999999997,0,2.0221958768606996e-07
0.59350000000000003,0,1.9635818444552199e-07
0.59399999999999997,0,1.9066249654642319e-07
0.59450000000000003,0,1.8512797128611425e-07
0.59499999999999997,0,1.7975017685412098e-07
0.59550000000000003,0,1.7452479933455223e-07
0.59599999999999997,0,1.6944763961967979e-07
0.59650000000000003,0,1.6451461053446083e-07
0.59699999999999998,0,1.5972173392775346e-07
0.59750000000000003,0,1.5506513791896382e-07
0.59799999999999998,0,1.505410541224883e-07
0.59850000000000003,0,1.4614581499428071e-07
0.59899999999999998,0,1.4187585131164582e-07
0.59950000000000003,0,1.3772768955311321e-07
0.59999999999999998,0,1.3369794941153756e-07
0.60050000000000003,0,1.2978334150703931e-07
0.60099999999999998,0,1.2598066492230942e-07
0.60150000000000003,0,1.2228680494885681e-07
0.60199999999999998,0,1.1869873083325544e-07
0.60250000000000004,0,1.1521349366772071e-07
0.60299999999999998,0,1.1182822411415216e-07
0.60350000000000004,0,1.0854013055006106e-07
0.60399999999999998,0,1.0534649682591991e-07
0.60450000000000004,0,1.0224468042219214e-07
0.60499999999999998,0,9.9232110517544212e-08
0.60550000000000004,0,9.6306286045955145e-08
0.60599999999999998,0,9.3464773986973173e-08
0.60650000000000004,0,9.0705207467234319e-08
0.60699999999999998,0,8.8025284072923429e-08
0.60750000000000004,0,8.5422764140030694e-08
0.60799999999999998,0,8.2895469188937193e-08
0.60850000000000004,0,8.0441280148058072e-08
0.60899999999999999,0,7.8058135977165938e-08
0.60950000000000004,0,7.5744031968749676e-08
0.60999999999999999,0,7.3497018349133467e-08
0.61050000000000004,0,7.1315198790777854e-08
0.61099999999999999,0,6.9196729068909946e-08
0.61150000000000004,0,6.7139815596028996e-08
0.61199999999999999,0,6.5142714067434329e-08
0.61250000000000004,0,6.3203728284388911e-08
0.61299999999999999,0,6.1321208699727231e-08
0.61350000000000005,0,5.9493551285427772e-08
0.61399999999999999,0,5.771919627806099e-08
0.61450000000000005,0,5.5996627035259651e-08
0.61499999999999999,0,5.4324368869984597e-08
0.61550000000000005,0,5.2700987840381683e-08
0.61599999999999999,0,5.1125089828296666e-08
0.61650000000000005,0,4.959531931802985e-08
0.61699999999999999,0,4.8110358463748779e-08
0.61750000000000005,0,4.6668925990367424e-08
0.61799999999999999,0,4.5269776294265541e-08
0.61850000000000005,0,4.3911698455190165e-08
0.61899999999999999,0,4.2593515214850441e-08
0.61950000000000005,0,4.1314082244170437e-08
0.62,0,4.0072287077475012e-08
0.62050000000000005,0,3.8867048357538181e-08
0.621,0,3.7697314947404695e-08
0.62150000000000005,0,3.6562065175438362e-08
0.622,0,3.5460305947143668e-08
0.62250000000000005,0,3.4391072012418532e-08
0.623,0,3.3353425210602693e-08
0.62350000000000005,0,3.2346453759934944e-08
0.624,0,3.1369271480397031e-08
0.62450000000000006,0,3.0421017105375372e-08
0.625,0,2.9500853659936154e-08
0.62549999999999994,0,2.8607967761384857e-08
0.626,0,2.7741568953132399e-08
0.62649999999999995,0,2.6900889116276972e-08
0.627,0,2.6085181836776884e-08
0.62749999999999995,0,2.5293721761521228e-08
0.628,0,2.4525804154240661e-08
0.62849999999999995,0,2.3780744173862443e-08
0.629,0,2.3057876430421232e-08
0.62949999999999995,0,2.2356554407743089e-08
0.63,0,2.1676149974947379e-08
0.63049999999999995,0,2.101605285353969e-08
0.63100000000000001,0,2.0375670095607035e-08
0.63149999999999995,0,1.9754425673035313e-08
0.63200000000000001,0,1.9151759955704506e-08
0.63249999999999995,0,1.8567129267399452e-08
0.63300000000000001,0,1.8000005486129567e-08
0.63349999999999995,0,1.7449875533426252e-08
0.63400000000000001,0,1.6916241052378213e-08
0.63449999999999995,0,1.6398617941337791e-08
0.63500000000000001,0,1.5896535909831756e-08
0.63549999999999995,0,1.5409538223210005e-08
0.63600000000000001,0,1.4937181180840752e-08
0.63649999999999995,0,1.4479033882963677e-08
0.63700000000000001,0,1.4034677764396263e-08
0.63749999999999996,0,1.3603706316978049e-08
0.63800000000000001,0,1.3185724712094781e-08
0.63849999999999996,0,1.2780349556429371e-08
0.63900000000000001,0,1.2387208436770435e-08
0.63949999999999996,0,1.2005939697967704e-08
0.64000000000000001,0,1.1636192165376259e-08
0.64049999999999996,0,1.1277624778482931e-08
0.64100000000000001,0,1.0929906357759479e-08
0.64149999999999996,0,1.0592715304902357e-08
0.64200000000000002,0,1.0265739325276967e-08
0.64249999999999996,0,9.9486752058730594e-09
0.64300000000000002,0,9.6412284711355773e-09
0.64349999999999996,0,9.3431132497379113e-09
0.64400000000000002,0,9.0540519637194443e-09
0.64449999999999996,0,8.7737750953387206e-09
0.64500000000000002,0,8.5020209539266031e-09
0.64549999999999996,0,8.2385355204550592e-09
0.64600000000000002,0,7.9830721588791669e-09
0.64649999999999996,0,7.7353914162969769e-09
0.64700000000000002,0,7.4952608120071311e-09
0.64749999999999996,0,7.2624546931798761e-09
0.64800000000000002,0,7.0367539684035309e-09
0.64849999999999997,0,6.8179459744577285e-09
0.64900000000000002,0,6.6058242986777319e-09
0.64949999999999997,0,6.4001885347053643e-09
0.65000000000000002,0,6.2008441825689433e-09
0.65049999999999997,0,6.007602404434209e-09
0.65100000000000002,0,5.8202799690931782e-09
0.65149999999999997,0,5.6386989966128452e-09
0.65200000000000002,0,5.4626868584151111e-09
0.65249999999999997,0,5.2920759552321785e-09
0.65300000000000002,0,5.1267036837998605e-09
0.65349999999999997,0,4.9664121704040554e-09
0.65400000000000003,0,4.8110482708807465e-09
0.65449999999999997,0,4.6604633374691671e-09
0.65500000000000003,0,4.5145130633805767e-09
0.65549999999999997,0,4.3730574716960291e-09
0.65600000000000003,0,4.2359606822195415e-09
0.65649999999999997,0,4.1030908670691701e-09
0.65700000000000003,0,3.9743200841435565e-09
0.65749999999999997,0,3.8495242105085483e-09
0.65800000000000003,0,3.7285827536592816e-09
0.65849999999999997,0,3.6113788737246468e-09
0.65900000000000003,0,3.4977991392182163e-09
0.65949999999999998,0,3.3877335048337897e-09
0.66000000000000003,0,3.2810751782186285e-09
0.66049999999999998,0,3.1777206199734565e-09
0.66100000000000003,0,3.0775693105056234e-09
0.66149999999999998,0,2.9805237167224163e-09
0.66200000000000003,0,2.8864892476221372e-09
0.66249999999999998,0,2.7953741654762611e-09
0.66300000000000003,0,2.7070894303982128e-09
0.66349999999999998,0,2.6215486559344471e-09
0.66400000000000003,0,2.538668064655525e-09
0.66449999999999998,0,2.4583663771338139e-09
0.66500000000000004,0,2.3805647564323353e-09
0.66549999999999998,0,2.3051866970824618e-09
0.66600000000000004,0,2.2321580361861492e-09
0.66649999999999998,0,2.1614067979847106e-09
0.66700000000000004,0,2.0928632049610483e-09
0.66749999999999998,0,2.026459555715121e-09
0.66800000000000004,0,1.9621301805550218e-09
0.66849999999999998,0,1.8998113970880582e-09
0.66900000000000004,0,1.8394414436073702e-09
0.66949999999999998,0,1.7809604013763191e-09
0.67000000000000004,0,1.7243101613217958e-09
0.67049999999999998,0,1.6694343796253008e-09
0.67100000000000004,0,1.6162784111095617e-09
0.67149999999999999,0,1.5647892759318439e-09
0.67200000000000004,0,1.5149155818683369e-09
0.67249999999999999,0,1.466607468803005e-09
0.67300000000000004,0,1.4198166309320471e-09
0.67349999999999999,0,1.3744962168438236e-09
0.67400000000000004,0,1.3306007407010156e-09
0.67449999999999999,0,1.2880861710584669e-09
0.67500000000000004,0,1.2469097865341894e-09
0.67549999999999999,0,1.2070301202982137e-09
0.67600000000000005,0,1.1684070488904296e-09
0.67649999999999999,0,1.1310015923804428e-09
0.67700000000000005,0,1.0947759920831857e-09
0.67749999999999999,0,1.0596936439455363e-09
0.67800000000000005,0,1.0257190541373973e-09
0.67849999999999999,0,9.9281781684723573e-10
0.67900000000000005,0,9.6095654766870094e-10
0.67949999999999999,0,9.3010290580508583e-10
0.68000000000000005,0,9.0022551635371424e-10
0.68049999999999999,0,8.7129401471486288e-10
0.68100000000000005,0,8.4327890226276732e-10
0.68149999999999999,0,8.161516351634646e-10
0.68200000000000005,0,7.8988451335249012e-10
0.6825,0,7.6445069163710857e-10
0.68300000000000005,0,7.3982414638962268e-10
0.6835,0,7.1597966444514327e-10
0.68400000000000005,0,6.9289278759043786e-10
0.6845,0,6.7053982366616081e-10
0.68500000000000005,0,6.4889781326016309e-10
0.6855,0,6.2794447419634025e-10
0.68600000000000005,0,6.0765823484132395e-10
0.6865,0,5.8801820079779073e-10
0.68700000000000006,0,5.6900408829108075e-10
0.6875,0,5.5059625747588827e-10
0.68799999999999994,0,5.3277565692511075e-10
0.6885,0,5.1552386803876973e-10
0.68899999999999995,0,4.9882300512393842e-10
0.6895,0,4.8265572649697217e-10
0.68999999999999995,0,4.6700524558573873e-10
0.6905,0,4.5185529762292733e-10
0.69099999999999995,0,4.3719009523712769e-10
0.6915,0,4.2299438396398161e-10
0.69199999999999995,0,4.092533423261102e-10
0.6925,0,3.9595263734426565e-10
0.69299999999999995,0,3.8307836902617966e-10
0.69350000000000001,0,3.7061705926433321e-10
0.69399999999999995,0,3.5855565183595674e-10
0.69450000000000001,0,3.4688151240302999e-10
0.69499999999999995,0,3.3558236189890069e-10
0.69550000000000001,0,3.2464636534612623e-10
0.69599999999999995,0,3.1406199862971107e-10
0.69650000000000001,0,3.0381813731494844e-10
0.69699999999999995,0,2.9390400113626923e-10
0.69750000000000001,0,2.8430910958832099e-10
0.69799999999999995,0,2.750233263348889e-10
0.69850000000000001,0,2.6603682590220503e-10
0.69899999999999995,0,2.5734013808786925e-10
0.69950000000000001,0,2.4892402583631677e-10
0.69999999999999996,0,2.4077955185219934e-10
0.70050000000000001,0,2.3289808970261561e-10
0.70099999999999996,0,2.2527126830595989e-10
0.70150000000000001,0,2.1789097193192218e-10
0.70199999999999996,0,2.107493513037184e-10
0.70250000000000001,0,2.0383879029139963e-10
0.70299999999999996,0,1.9715191701408231e-10
0.70350000000000001,0,1.9068161494217862e-10
0.70399999999999996,0,1.8442093407955441e-10
0.70450000000000002,0,1.7836320198583165e-10
0.70499999999999996,0,1.7250192385631635e-10
0.70550000000000002,0,1.6683081582868907e-10
0.70599999999999996,0,1.6134378277854467e-10
0.70650000000000002,0,1.5603496272831308e-10
0.70699999999999996,0,1.5089861582495699e-10
0.70750000000000002,0,1.4592922426004408e-10
0.70799999999999996,0,1.4112143675859555e-10
0.70850000000000002,0,1.3647006857908651e-10
0.70899999999999996,0,1.3197009041121531e-10
0.70950000000000002,0,1.2761667278482492e-10
0.70999999999999996,0,1.2340508614983036e-10
0.71050000000000002,0,1.1933076748960048e-10
0.71099999999999997,0,1.1538929811649723e-10
0.71150000000000002,0,1.1157641477410607e-10
0.71199999999999997,0,1.0788797633054514e-10
0.71250000000000002,0,1.043199859829258e-10
0.71299999999999997,0,1.008685468484316e-10
0.71350000000000002,0,9.7529917475469577e-11
0.71399999999999997,0,9.4300456332518934e-11
0.71450000000000002,0,9.1176621808131131e-11
0.71499999999999997,0,8.8155016619850817e-11
0.71550000000000002,0,8.5232354507525093e-11
0.71599999999999997,0,8.24054047221523e-11
0.71650000000000003,0,7.9671114150414721e-11
0.71699999999999997,0,7.7026462985685379e-11
0.71750000000000003,0,7.4468553545870006e-11
0.71799999999999997,0,7.1994565864486051e-11
0.71850000000000003,0,6.960180209958367e-11
0.71899999999999997,0,6.728761992036425e-11
0.71950000000000003,0,6.5049476916101409e-11
0.71999999999999997,0,6.2884897289450242e-11
0.72050000000000003,0,6.0791494060907778e-11
0.72099999999999997,0,5.8766957966582817e-11
0.72150000000000003,0,5.6809057458195866e-11
0.72199999999999998,0,5.4915638703079137e-11
0.72250000000000003,0,5.3084592277485854e-11
0.72299999999999998,0,5.1313875371050698e-11
0.72350000000000003,0,4.9601556195710825e-11
0.72399999999999998,0,4.7945702963403392e-11
0.72450000000000003,0,4.6344494908368003e-11
0.72499999999999998,0,4.4796122367074529e-11
0.72550000000000003,0,4.3298908902755786e-11
0.72599999999999998,0,4.1851166976414332e-11
0.72650000000000003,0,4.0451264560203979e-11
0.72699999999999998,0,3.90976584441205e-11
0.72750000000000004,0,3.7788827622620147e-11
0.72799999999999998,0,3.6523328805770919e-11
0.72850000000000004,0,3.529972980587104e-11
0.72899999999999998,0,3.4116676150830473e-11
0.72950000000000004,0,3.2972802266328924e-11
0.72999999999999998,0,3.1866842498118331e-11
0.73050000000000004,0,3.0797575600871599e-11
0.73099999999999998,0,2.9763791431491884e-11
0.73150000000000004,0,2.8764302051342837e-11
0.73199999999999998,0,2.7798019441860332e-11
0.73250000000000004,0,2.6863833380019741e-11
0.73299999999999998,0,2.596068915394767e-11
0.73350000000000004,0,2.5087576460691706e-11
0.73399999999999999,0,2.424350720175994e-11
0.73450000000000004,0,2.3427537687581435e-11
0.73499999999999999,0,2.2638713126355014e-11
0.73550000000000004,0,2.1876156441891225e-11
0.73599999999999999,0,2.1139012762461106e-11
0.73650000000000004,0,2.0426438318565943e-11
0.73699999999999999,0,1.9737622647397758e-11
0.73750000000000004,0,1.9071777490609064e-11
0.73799999999999999,0,1.8428147896543123e-11
0.73850000000000005,0,1.7806012220233923e-11
0.73899999999999999,0,1.7204671021175954e-11
0.73950000000000005,0,1.6623402654403206e-11
0.73999999999999999,0,1.6061563190561402e-11
0.74050000000000005,0,1.5518508700296251e-11
0.74099999999999999,0,1.4993628560944217e-11
0.74150000000000005,0,1.4486312149841752e-11
0.74199999999999999,0,1.3995959946555558e-11
0.74250000000000005,0,1.3522050146264064e-11
0.74299999999999999,0,1.3064005432994464e-11
0.74350000000000005,0,1.2621304001925183e-11
0.74399999999999999,0,1.2193457354925385e-11
0.74450000000000005,0,1.1779954789403745e-11
0.745,0,1.1380341113920167e-11
0.74550000000000005,0,1.0994127830343814e-11
0.746,0,1.0620893053925329e-11
0.74650000000000005,0,1.0260181593224615e-11
0.747,0,9.9116159724133006e-12
0.74750000000000005,0,9.5747632045117829e-12
0.748,0,9.2492347114614401e-12
0.74850000000000005,0,8.9346641196641489e-12
0.749,0,8.6306961577520263e-12
0.74950000000000006,0,8.3369533498967036e-12
0.75,0,8.0530915269605433e-12
0.75049999999999994,0,7.7788220309571437e-12
0.751,0,7.5137895905186266e-12
0.75149999999999995,0,7.2576944454283421e-12
0.752,0,7.0102257332393947e-12
0.75249999999999995,0,6.7711281026561211e-12
0.753,0,6.5400906912316261e-12
0.75349999999999995,0,6.3168470454399993e-12
0.754,0,6.1011640184460704e-12
0.75449999999999995,0,5.8927751567239285e-12
0.755,0,5.6914362112081564e-12
0.75549999999999995,0,5.496902932833336e-12
0.75600000000000001,0,5.3089532769945439e-12
0.75649999999999995,0,5.1273651990868526e-12
0.75700000000000001,0,4.9519277567355857e-12
0.75749999999999995,0,4.7824300075660634e-12
0.75800000000000001,0,4.6186721114338528e-12
0.75849999999999995,0,4.460465330424768e-12
0.75900000000000001,0,4.3076209266246222e-12
0.75949999999999995,0,4.1599723665797225e-12
0.76000000000000001,0,4.0173420146061289e-12
0.76049999999999995,0,3.8795411327896548e-12
0.76100000000000001,0,3.7464142899068517e-12
0.76149999999999995,0,3.6178282591947664e-12
0.76200000000000001,0,3.4935943027392113e-12
0.76249999999999996,0,3.3736013982377245e-12
0.76300000000000001,0,3.2576830122366117e-12
0.76349999999999996,0,3.1457170202031646e-12
0.76400000000000001,0,3.0375590931441822e-12
0.76449999999999996,0,2.9330760042967085e-12
0.76500000000000001,0,2.8321456291280357e-12
0.76549999999999996,0,2.7346680475659469e-12
0.76600000000000001,0,2.6405322373079797e-12
0.76649999999999996,0,2.5495938693609333e-12
0.76700000000000002,0,2.4617530236525909e-12
0.76749999999999996,0,2.3769097801107363e-12
0.76800000000000002,0,2.2949420142026611e-12
0.76849999999999996,0,2.21580531700738e-12
0.76900000000000002,0,2.1393553595316915e-12
0.76949999999999996,0,2.0655366306243651e-12
0.77000000000000002,0,1.9942270057526913e-12
0.77049999999999996,0,1.9253709737654391e-12
0.77100000000000002,0,1.8588575123601457e-12
0.77149999999999996,0,1.7946311103855806e-12
0.77200000000000002,0,1.732602949999773e-12
0.77249999999999996,0,1.6726842133607534e-12
0.77300000000000002,0,1.6148193893172902e-12
0.77349999999999997,0,1.5589418644879061e-12
0.77400000000000002,0,1.5049739232608772e-12
0.77449999999999997,0,1.4528600544849724e-12
0.77500000000000002,0,1.4025447470089603e-12
0.77549999999999997,0,1.3539613874513634e-12
0.77600000000000002,0,1.3070322602004581e-12
0.77649999999999997,0,1.2617129563352592e-12
0.77700000000000002,0,1.2179590669347817e-12
0.77749999999999997,0,1.1757039786175482e-12
0.77800000000000002,0,1.1348921802323276e-12
0.77849999999999997,0,1.0954903650883806e-12
0.77900000000000003,0,1.0574541242647229e-12
0.77949999999999997,0,1.0207279466101226e-12
0.78000000000000003,0,9.8526742320359517e-13
0.78049999999999997,0,9.5101704289390909e-13
0.78100000000000003,0,9.179657034508181e-13
0.78149999999999997,0,8.8602458703235247e-13
0.78200000000000003,0,8.5519369363851179e-13
0.78249999999999997,0,8.254286143483114e-13
0.78300000000000003,0,7.9668494024076604e-13
0.78349999999999997,0,7.6894046685538342e-13
0.78400000000000003,0,7.4215078527117837e-13
0.78449999999999998,0,7.1629369102765852e-13
0.78500000000000003,0,6.9133587743408498e-13
0.78549999999999998,0,6.672218333392266e-13
0.78600000000000003,0,6.4394045651283709e-13
0.78649999999999998,0,6.2146954249442386e-13
0.78700000000000003,0,5.9977578459324834e-13
0.78749999999999998,0,5.7882587611857165e-13
0.78800000000000003,0,5.5861981707039381e-13
0.78849999999999998,0,5.3910209629748353e-13
0.78900000000000003,0,5.2027271379984084e-13
0.78949999999999998,0,5.0210946511697334e-13
0.79000000000000004,0,4.8455683909764957e-13
0.79049999999999998,0,4.6759263128137716e-13
0.79100000000000004,0,4.5122794389840239e-13
0.79149999999999998,0,4.3540726579749391e-13
0.79200000000000004,0,4.2016390366939049e-13
0.79249999999999998,0,4.0544234636286093e-13
0.79300000000000004,0,3.9124259387790516e-13
0.79349999999999998,0,3.7753133952378448e-13
0.79400000000000004,0,3.6428637884000634e-13
0.79449999999999998,0,3.515077118265708e-13
0.79500000000000004,0,3.3917313402298532e-13
0.79549999999999998,0,3.2728264542924991e-13
0.79600000000000004,0,3.1579183712437954e-13
0.79649999999999999,0,3.0471181133862045e-13
0.79700000000000004,0,2.9400926138123393e-13
0.79749999999999999,0,2.8369528948246627e-13
0.79800000000000004,0,2.7372548672133235e-13
0.79849999999999999,0,2.6412205755832474e-13
0.79900000000000004,0,2.548294908422122e-13
0.79949999999999999,0,2.4585888880324092e-13
0.80000000000000004,0,2.3719914921116469e-13
0.80049999999999999,0,2.28828067605491e-13
0.80100000000000005,0,2.2076784844671238e-13
0.80149999999999999,0,2.1297408281384377e-13
0.80200000000000005,0,2.0545787293713146e-13
0.80249999999999999,0,1.9819701435608295e-13
0.80300000000000005,0,1.9121371153119071e-13
0.80349999999999999,0,1.8446355554146976e-13
0.80400000000000005,0,1.7794654638692009e-13
0.80449999999999999,0,1.7167378629778795e-13
0.80500000000000005,0,1.6561196858333461e-13
0.80549999999999999,0,1.5977219547380627e-13
0.80600000000000005,0,1.5413226250871048e-13
0.80649999999999999,0,1.4870327191829348e-13
0.80700000000000005,0,1.4345191701181647e-13
0.8075,0,1.3838930001952576e-13
0.80800000000000005,0,1.3350431871117507e-13
0.8085,0,1.2877476862627192e-13
0.80900000000000005,0,1.2420064976481627e-13
0.8095,0,1.1980416658730063e-13
0.81000000000000005,0,1.155742168634788e-13
0.8105,0,1.1147749390261197e-13
0.81100000000000005,0,1.0752509993494641e-13
0.8115,0,1.0370593273023587e-13
0.81200000000000006,0,1.0001999228848035e-13
0.8125,0,9.6478380839926103e-14
0.81299999999999994,0,9.3058893924080626e-14
0.8135,0,8.9761531540943906e-14
0.81399999999999995,0,8.6564089230023461e-14
0.8145,0,8.3488771451811772e-14
0.81499999999999995,0,8.0513373745816357e-14
0.8155,0,7.76601005725297e-14
0.81599999999999995,0,7.4895645241213063e-14
0.8165,0,7.2242212212358941e-14
0.81699999999999995,0,6.9666494795228573e-14
0.8175,0,6.7179595220068225e-14
0.81799999999999995,0,6.4792615717124138e-14
0.81850000000000001,0,6.2483351825903805e-14
0.81899999999999995,0,6.0262905776653492e-14
0.81950000000000001,0,5.8131277569373199e-14
0.81999999999999995,0,5.6066262743570405e-14
0.82050000000000001,0,5.4056759068998869e-14
0.82099999999999995,0,5.2147175466643601e-14
0.82150000000000001,0,5.0282000785273337e-14
0.82199999999999995,0,4.8505643945873087e-14
0.82250000000000001,0,4.6762593797211592e-14
0.82299999999999995,0,4.508615703002761e-14
0.82350000000000001,0,4.3476333644321133e-14
0.82399999999999995,0,4.1933123640092161e-14
0.82450000000000001,0,4.0445424787094454e-14
0.82499999999999996,0,3.8991032624835496e-14
0.82550000000000001,0,3.7603253844054051e-14
0.82599999999999996,0,3.6259883984257615e-14
0.82650000000000001,0,3.4960923045446177e-14
0.82699999999999996,0,3.3728575488112257e-14
0.82750000000000001,0,3.2507330161024585e-14
0.82799999999999996,0,3.1352698215414418e-14
0.82850000000000001,0,3.0231372960543014e-14
0.82899999999999996,0,2.9154456626656613e-14
0.82950000000000002,0,2.8099744753262711e-14
0.82999999999999996,0,2.7100544031100071e-14
0.83050000000000002,0,2.6123547769429935e-14
0.83099999999999996,0,2.5179858198498552e-14
0.83150000000000002,0,2.425837308805967e-14
0.83199999999999996,0,2.3392399128852047e-14
0.83250000000000002,0,2.2548629630136929e-14
0.83299999999999996,0,2.1727064591914312e-14
0.83350000000000002,0,2.0938806244430452e-14
0.83399999999999996,0,2.0183854587685347e-14
0.83450000000000002,0,1.9451107391432741e-14
0.83499999999999996,0,1.8762769116165146e-14
0.83550000000000002,0,1.8085533071143801e-14
0.83599999999999997,0,1.7430501486614958e-14
0.83650000000000002,0,1.6819878823071122e-14
0.83699999999999997,0,1.6209256159527285e-14
0.83750000000000002,0,1.56097357262297e-14
0.83799999999999997,0,1.5065726444163373e-14
0.83850000000000002,0,1.4510614931850795e-14
0.83899999999999997,0,1.3988810110276972e-14
0.83950000000000002,0,1.3478107518949401e-14
0.83999999999999997,0,1.2989609388114332e-14
0.84050000000000002,0,1.2512213487525515e-14
0.84099999999999997,0,1.2057022047429199e-14
0.84150000000000003,0,1.1612932837579137e-14
0.84199999999999997,0,1.120215031846783e-14
0.84250000000000003,0,1.0791367799356522e-14
0.84299999999999997,0,1.0380585280245214e-14
0.84350000000000003,0,1.000310945187266e-14
0.84399999999999997,0,9.6367358537463585e-15
0.84450000000000003,0,9.281464485866308e-15
0.84499999999999997,0,8.9594998087250136e-15
0.84550000000000003,0,8.6264329013374666e-15
0.84599999999999997,0,8.3155704544424231e-15
0.84650000000000003,0,8.0158102377936305e-15
0.84699999999999998,0,7.7271522513910889e-15
0.84750000000000003,0,7.4384942649885488e-15
0.84799999999999998,0,7.1609385088322597e-15
0.84850000000000003,0,6.905587213168474e-15
0.84899999999999998,0,6.6391336872584358e-15
0.84950000000000003,0,6.3837823915946501e-15
0.84999999999999998,0,6.1506355564233671e-15
0.85050000000000003,0,5.917488721252084e-15
0.85099999999999998,0,5.6954441163270527e-15
0.85150000000000003,0,5.4956039718945249e-15
0.85199999999999998,0,5.3068660577082479e-15
0.85250000000000004,0,5.1181281435219718e-15
0.85299999999999998,0,4.9404924595819466e-15
0.85350000000000004,0,4.7739590058881731e-15
0.85399999999999998,0,4.5963233219481479e-15
0.85450000000000004,0,4.4408920985006262e-15
0.85499999999999998,0,4.2743586448068527e-15
0.85550000000000004,0,4.1078251911130792e-15
0.85599999999999998,0,3.9523939676655574e-15
0.85650000000000004,0,3.7969627442180357e-15
0.85699999999999998,0,3.6526337510167649e-15
0.85750000000000004,0,3.5194069880617462e-15
0.85799999999999998,0,3.3750779948604757e-15
0.85850000000000004,0,3.2640556923979601e-15
0.85899999999999999,0,3.1419311596891931e-15
0.85950000000000004,0,3.0198066269804257e-15
0.85999999999999999,0,2.9087843245179101e-15
0.86050000000000004,0,2.7977620220553944e-15
0.86099999999999999,0,2.6867397195928787e-15
0.86150000000000004,0,2.5868196473766148e-15
0.86199999999999999,0,2.4980018054066022e-15
0.86250000000000004,0,2.4091839634365896e-15
0.86299999999999999,0,2.320366121466577e-15
0.86350000000000005,0,2.2315482794965648e-15
0.86399999999999999,0,2.1538326677728035e-15
0.86450000000000005,0,2.0761170560490427e-15
0.86499999999999999,0,1.9984014443252818e-15
0.86550000000000005,0,1.9206858326015209e-15
0.86599999999999999,0,1.84297022087776e-15
0.86650000000000005,0,1.7874590696465022e-15
0.86699999999999999,0,1.7319479184152442e-15
0.86750000000000005,0,1.6764367671839863e-15
0.86799999999999999,0,1.609823385706477e-15
0.86850000000000005,0,1.5543122344752192e-15
0.86899999999999999,0,1.4988010832439613e-15
0.86950000000000005,0,1.454392162258955e-15
0.87,0,1.3988810110276972e-15
0.87050000000000005,0,1.3433698597964394e-15
0.871,0,1.2878587085651815e-15
0.87150000000000005,0,1.2434497875801752e-15
0.872,0,1.1990408665951691e-15
0.87250000000000005,0,1.1435297153639113e-15
0.873,0,1.1102230246251565e-15
0.87350000000000005,0,1.0769163338864018e-15
0.874,0,1.0436096431476472e-15
0.87450000000000006,0,1.0103029524088924e-15
0.875,0,9.7699626167013783e-16
0.87549999999999994,0,9.4368957093138306e-16
0.876,0,9.1038288019262828e-16
0.87649999999999995,0,8.7707618945387371e-16
0.877,0,8.5487172896137056e-16
0.87749999999999995,0,8.3266726846886741e-16
0.878,0,8.2156503822261588e-16
0.87849999999999995,0,7.9936057773011273e-16
0.879,0,7.7715611723760958e-16
0.87949999999999995,0,7.5495165674510643e-16
0.88,0,7.2164496600635175e-16
0.88049999999999995,0,6.994405055138486e-16
0.88100000000000001,0,6.550315845288424e-16
0.88149999999999995,0,6.3282712403633925e-16
0.88200000000000001,0,5.9952043329758457e-16
0.88249999999999995,0,5.662137425588298e-16
0.88300000000000001,0,5.5511151231257827e-16
0.88349999999999995,0,5.3290705182007512e-16
0.88400000000000001,0,5.1070259132757197e-16
0.88449999999999995,0,4.7739590058881729e-16
0.88500000000000001,0,4.6629367034256577e-16
0.88549999999999995,0,4.4408920985006262e-16
0.88600000000000001,0,4.3298697960381104e-16
0.88649999999999995,0,4.1078251911130794e-16
0.88700000000000001,0,3.8857805861880479e-16
0.88749999999999996,0,3.7747582837255321e-16
0.88800000000000001,0,3.6637359812630164e-16
0.88849999999999996,0,3.5527136788005011e-16
0.88900000000000001,0,3.4416913763379854e-16
0.88949999999999996,0,3.4416913763379854e-16
0.89000000000000001,0,3.2196467714129539e-16
0.89049999999999996,0,2.9976021664879229e-16
0.89100000000000001,0,2.8865798640254071e-16
0.89149999999999996,0,2.7755575615628914e-16
0.89200000000000002,0,2.5535129566378598e-16
0.89249999999999996,0,2.4424906541753446e-16
0.89300000000000002,0,2.4424906541753446e-16
0.89349999999999996,0,2.4424906541753446e-16
0.89400000000000002,0,2.4424906541753446e-16
0.89449999999999996,0,2.2204460492503131e-16
0.89500000000000002,0,2.1094237467877973e-16
0.89549999999999996,0,1.8873791418627661e-16
0.89600000000000002,0,1.7763568394002506e-16
0.89649999999999996,0,1.7763568394002506e-16
0.89700000000000002,0,1.5543122344752191e-16
0.89749999999999996,0,1.4432899320127036e-16
0.89800000000000002,0,1.3322676295501878e-16
0.89849999999999997,0,1.1102230246251565e-16
0.89900000000000002,0,1.1102230246251565e-16
0.89949999999999997,0,1.1102230246251565e-16
0.90000000000000002,0,1.1102230246251565e-16
0.90049999999999997,0,1.1102230246251565e-16
0.90100000000000002,0,9.9920072216264091e-17
0.90149999999999997,0,8.8817841970012528e-17
0.90200000000000002,0,6.661338147750939e-17
0.90249999999999997,0,6.661338147750939e-17
0.90300000000000002,0,6.661338147750939e-17
0.90349999999999997,0,6.661338147750939e-17
0.90400000000000003,0,6.661338147750939e-17
0.90449999999999997,0,6.661338147750939e-17
0.90500000000000003,0,6.661338147750939e-17
0.90549999999999997,0,5.5511151231257827e-17
0.90600000000000003,0,5.5511151231257827e-17
0.90649999999999997,0,5.5511151231257827e-17
0.90700000000000003,0,4.4408920985006264e-17
0.90749999999999997,0,4.4408920985006264e-17
0.90800000000000003,0,4.4408920985006264e-17
0.90849999999999997,0,4.4408920985006264e-17
0.90900000000000003,0,4.4408920985006264e-17
0.90949999999999998,0,4.4408920985006264e-17
0.91000000000000003,0,4.4408920985006264e-17
0.91049999999999998,0,4.4408920985006264e-17
0.91100000000000003,0,3.3306690738754695e-17
0.91149999999999998,0,3.3306690738754695e-17
0.91200000000000003,0,3.3306690738754695e-17
0.91249999999999998,0,3.3306690738754695e-17
0.91300000000000003,0,3.3306690738754695e-17
0.91349999999999998,0,3.3306690738754695e-17
0.91400000000000003,0,3.3306690738754695e-17
0.91449999999999998,0,3.3306690738754695e-17
0.91500000000000004,0,3.3306690738754695e-17
0.91549999999999998,0,3.3306690738754695e-17
0.91600000000000004,0,3.3306690738754695e-17
0.91649999999999998,0,3.3306690738754695e-17
0.91700000000000004,0,3.3306690738754695e-17
0.91749999999999998,0,2.2204460492503132e-17
0.91800000000000004,0,2.2204460492503132e-17
0.91849999999999998,0,2.2204460492503132e-17
0.91900000000000004,0,2.2204460492503132e-17
0.91949999999999998,0,2.2204460492503132e-17
0.92000000000000004,0,2.2204460492503132e-17
0.92049999999999998,0,2.2204460492503132e-17
0.92100000000000004,0,2.2204460492503132e-17
0.92149999999999999,0,2.2204460492503132e-17
0.92200000000000004,0,1.1102230246251566e-17
0.92249999999999999,0,1.1102230246251566e-17
0.92300000000000004,0,1.1102230246251566e-17
0.92349999999999999,0,1.1102230246251566e-17
0.92400000000000004,0,1.1102230246251566e-17
0.92449999999999999,0,1.1102230246251566e-17
0.92500000000000004,0,1.1102230246251566e-17
0.92549999999999999,0,1.1102230246251566e-17
0.92600000000000005,0,1.1102230246251566e-17
0.92649999999999999,0,1.1102230246251566e-17
0.92700000000000005,0,1.1102230246251566e-17
0.92749999999999999,0,1.1102230246251566e-17
0.92800000000000005,0,1.1102230246251566e-17
0.92849999999999999,0,1.1102230246251566e-17
0.92900000000000005,0,1.1102230246251566e-17
0.92949999999999999,0,1.1102230246251566e-17
0.93000000000000005,0,1.1102230246251566e-17
0.93049999999999999,0,1.1102230246251566e-17
0.93100000000000005,0,1.1102230246251566e-17
0.93149999999999999,0,1.1102230246251566e-17
0.93200000000000005,0,1.1102230246251566e-17
0.9325,0,0
0.93300000000000005,0,0
0.9335,0,0
0.93400000000000005,0,0
0.9345,0,0
0.93500000000000005,0,0
0.9355,0,0
0.93600000000000005,0,0
0.9365,0,0
0.93700000000000006,0,0
0.9375,0,0
0.93799999999999994,0,0
0.9385,0,0
0.93899999999999995,0,0
0.9395,0,0
0.93999999999999995,0,0
0.9405,0,0
0.94099999999999995,0,0
0.9415,0,0
0.94199999999999995,0,0
0.9425,0,0
0.94299999999999995,0,0
0.94350000000000001,0,0
0.94399999999999995,0,0
0.94450000000000001,0,0
0.94499999999999995,0,0
0.94550000000000001,0,0
0.94599999999999995,0,0
0.94650000000000001,0,0
0.94699999999999995,0,0
0.94750000000000001,0,0
0.94799999999999995,0,0
0.94850000000000001,0,0
0.94899999999999995,0,0
0.94950000000000001,0,0
0.94999999999999996,0,0
0.95050000000000001,0,0
0.95099999999999996,0,0
0.95150000000000001,0,0
0.95199999999999996,0,0
0.95250000000000001,0,0
0.95299999999999996,0,0
0.95350000000000001,0,0
0.95399999999999996,0,0
0.95450000000000002,0,0
0.95499999999999996,0,0
0.95550000000000002,0,0
0.95599999999999996,0,0
0.95650000000000002,0,0
0.95699999999999996,0,0
0.95750000000000002,0,0
0.95799999999999996,0,0
0.95850000000000002,0,0
0.95899999999999996,0,0
0.95950000000000002,0,0
0.95999999999999996,0,0
0.96050000000000002,0,0
0.96099999999999997,0,0
0.96150000000000002,0,0
0.96199999999999997,0,0
0.96250000000000002,0,0
0.96299999999999997,0,0
0.96350000000000002,0,0
0.96399999999999997,0,0
0.96450000000000002,0,0
0.96499999999999997,0,0
0.96550000000000002,0,0
0.96599999999999997,0,0
0.96650000000000003,0,0
0.96699999999999997,0,0
0.96750000000000003,0,0
0.96799999999999997,0,0
0.96850000000000003,0,0
0.96899999999999997,0,0
0.96950000000000003,0,0
0.96999999999999997,0,0
0.97050000000000003,0,0
0.97099999999999997,0,0
0.97150000000000003,0,0
0.97199999999999998,0,0
0.97250000000000003,0,0
0.97299999999999998,0,0
0.97350000000000003,0,0
0.97399999999999998,0,0
0.97450000000000003,0,0
0.97499999999999998,0,0
0.97550000000000003,0,0
0.97599999999999998,0,0
0.97650000000000003,0,0
0.97699999999999998,0,0
0.97750000000000004,0,0
0.97799999999999998,0,0
0.97850000000000004,0,0
0.97899999999999998,0,0
0.97950000000000004,0,0
0.97999999999999998,0,0
0.98050000000000004,0,0
0.98099999999999998,0,0
0.98150000000000004,0,0
0.98199999999999998,0,0
0.98250000000000004,0,0
0.98299999999999998,0,0
0.98350000000000004,0,0
0.98399999999999999,0,0
0.98450000000000004,0,0
0.98499999999999999,0,0
0.98550000000000004,0,0
0.98599999999999999,0,0
0.98650000000000004,0,0
0.98699999999999999,0,0
0.98750000000000004,0,0
0.98799999999999999,0,0
0.98850000000000005,0,0
0.98899999999999999,0,0
0.98950000000000005,0,0
0.98999999999999999,0,0
0.99050000000000005,0,0
0.99099999999999999,0,0
0.99150000000000005,0,0
0.99199999999999999,0,0
0.99250000000000005,0,0
0.99299999999999999,0,0
0.99350000000000005,0,0
0.99399999999999999,0,0
0.99450000000000005,0,0
0.995,0,0
0.99550000000000005,0,0
0.996,0,0
0.99650000000000005,0,0
0.997,0,0
0.99750000000000005,0,0
0.998,0,0
0.99850000000000005,0,0
0.999,0,0
0.99950000000000006,0,0
1,0,0
1.0004999999999999,0,0
1.0009999999999999,0,0
1.0015000000000001,0,0
1.002,0,0
1.0024999999999999,0,0
1.0029999999999999,0,0
1.0035000000000001,0,0
1.004,0,0
1.0044999999999999,0,0
1.0049999999999999,0,0
1.0055000000000001,0,0
1.006,0,0
1.0065,0,0
1.0069999999999999,0,0
1.0075000000000001,0,0
1.008,0,0
1.0085,0,0
1.0089999999999999,0,0
1.0095000000000001,0,0
1.01,0,0
1.0105,0,0
1.0109999999999999,0,0
1.0115000000000001,0,0
1.012,0,0
1.0125,0,0
1.0129999999999999,0,0
1.0135000000000001,0,0
1.014,0,0
1.0145,0,0
1.0149999999999999,0,0
1.0155000000000001,0,0
1.016,0,0
1.0165,0,0
1.0169999999999999,0,0
1.0175000000000001,0,0
1.018,0,0
1.0185,0,0
1.0189999999999999,0,0
1.0195000000000001,0,0
1.02,0,0
1.0205,0,0
1.0209999999999999,0,0
1.0215000000000001,0,0
1.022,0,0
1.0225,0,0
1.0229999999999999,0,0
1.0235000000000001,0,0
1.024,0,0
1.0245,0,0
1.0249999999999999,0,0
1.0255000000000001,0,0
1.026,0,0
1.0265,0,0
1.0269999999999999,0,0
1.0275000000000001,0,0
1.028,0,0
1.0285,0,0
1.0289999999999999,0,0
1.0295000000000001,0,0
1.03,0,0
1.0305,0,0
1.0309999999999999,0,0
1.0315000000000001,0,0
1.032,0,0
1.0325,0,0
1.0329999999999999,0,0
1.0335000000000001,0,0
1.034,0,0
1.0345,0,0
1.0349999999999999,0,0
1.0355000000000001,0,0
1.036,0,0
1.0365,0,0
1.0369999999999999,0,0
1.0375000000000001,0,0
1.038,0,0
1.0385,0,0
1.0389999999999999,0,0
1.0395000000000001,0,0
1.04,0,0
1.0405,0,0
1.0409999999999999,0,0
1.0415000000000001,0,0
1.042,0,0
1.0425,0,0
1.0429999999999999,0,0
1.0435000000000001,0,0
1.044,0,0
1.0445,0,0
1.0449999999999999,0,0
1.0455000000000001,0,0
1.046,0,0
1.0465,0,0
1.0469999999999999,0,0
1.0475000000000001,0,0
1.048,0,0
1.0485,0,0
1.0489999999999999,0,0
1.0495000000000001,0,0
1.05,0,0
1.0505,0,0
1.0509999999999999,0,0
1.0515000000000001,0,0
1.052,0,0
1.0525,0,0
1.0529999999999999,0,0
1.0535000000000001,0,0
1.054,0,0
1.0545,0,0
1.0549999999999999,0,0
1.0555000000000001,0,0
1.056,0,0
1.0565,0,0
1.0569999999999999,0,0
1.0575000000000001,0,0
1.0580000000000001,0,0
1.0585,0,0
1.0589999999999999,0,0
1.0595000000000001,0,0
1.0600000000000001,0,0
1.0605,0,0
1.0609999999999999,0,0
1.0615000000000001,0,0
1.0620000000000001,0,0
1.0625,0,0
1.0629999999999999,0,0
1.0634999999999999,0,0
1.0640000000000001,0,0
1.0645,0,0
1.0649999999999999,0,0
1.0654999999999999,0,0
1.0660000000000001,0,0
1.0665,0,0
1.0669999999999999,0,0
1.0674999999999999,0,0
1.0680000000000001,0,0
1.0685,0,0
1.069,0,0
1.0694999999999999,0,0
1.0700000000000001,0,0
1.0705,0,0
1.071,0,0
1.0714999999999999,0,0
1.0720000000000001,0,0
1.0725,0,0
1.073,0,0
1.0734999999999999,0,0
1.0740000000000001,0,0
1.0745,0,0
1.075,0,0
1.0754999999999999,0,0
1.0760000000000001,0,0
1.0765,0,0
1.077,0,0
1.0774999999999999,0,0
1.0780000000000001,0,0
1.0785,0,0
1.079,0,0
1.0794999999999999,0,0
1.0800000000000001,0,0
1.0805,0,0
1.081,0,0
1.0814999999999999,0,0
1.0820000000000001,0,0
1.0825,0,0
1.083,0,0
1.0834999999999999,0,0
1.0840000000000001,0,0
1.0845,0,0
1.085,0,0
1.0854999999999999,0,0
1.0860000000000001,0,0
1.0865,0,0
1.087,0,0
1.0874999999999999,0,0
1.0880000000000001,0,0
1.0885,0,0
1.089,0,0
1.0894999999999999,0,0
1.0900000000000001,0,0
1.0905,0,0
1.091,0,0
1.0914999999999999,0,0
1.0920000000000001,0,0
1.0925,0,0
1.093,0,0
1.0934999999999999,0,0
1.0940000000000001,0,0
1.0945,0,0
1.095,0,0
1.0954999999999999,0,0
1.0960000000000001,0,0
1.0965,0,0
1.097,0,0
1.0974999999999999,0,0
1.0980000000000001,0,0
1.0985,0,0
1.099,0,0
1.0994999999999999,0,0
1.1000000000000001,0,0
1.1005,0,0
1.101,0,0
1.1014999999999999,0,0
1.1020000000000001,0,0
1.1025,0,0
1.103,0,0
1.1034999999999999,0,0
1.1040000000000001,0,0
1.1045,0,0
1.105,0,0
1.1054999999999999,0,0
1.1060000000000001,0,0
1.1065,0,0
1.107,0,0
1.1074999999999999,0,0
1.1080000000000001,0,0
1.1085,0,0
1.109,0,0
1.1094999999999999,0,0
1.1100000000000001,0,0
1.1105,0,0
1.111,0,0
1.1114999999999999,0,0
1.1120000000000001,0,0
1.1125,0,0
1.113,0,0
1.1134999999999999,0,0
1.1140000000000001,0,0
1.1145,0,0
1.115,0,0
1.1154999999999999,0,0
1.1160000000000001,0,0
1.1165,0,0
1.117,0,0
1.1174999999999999,0,0
1.1180000000000001,0,0
1.1185,0,0
1.119,0,0
1.1194999999999999,0,0
1.1200000000000001,0,0
1.1205000000000001,0,0
1.121,0,0
1.1214999999999999,0,0
1.1220000000000001,0,0
1.1225000000000001,0,0
1.123,0,0
1.1234999999999999,0,0
1.1240000000000001,0,0
1.1245000000000001,0,0
1.125,0,0
1.1254999999999999,0,0
1.1259999999999999,0,0
1.1265000000000001,0,0
1.127,0,0
1.1274999999999999,0,0
1.1279999999999999,0,0
1.1285000000000001,0,0
1.129,0,0
1.1294999999999999,0,0
1.1299999999999999,0,0
1.1305000000000001,0,0
1.131,0,0
1.1315,0,0
1.1319999999999999,0,0
1.1325000000000001,0,0
1.133,0,0
1.1335,0,0
1.1339999999999999,0,0
1.1345000000000001,0,0
1.135,0,0
1.1355,0,0
1.1359999999999999,0,0
1.1365000000000001,0,0
1.137,0,0
1.1375,0,0
1.1379999999999999,0,0
1.1385000000000001,0,0
1.139,0,0
1.1395,0,0
1.1399999999999999,0,0
1.1405000000000001,0,0
1.141,0,0
1.1415,0,0
1.1419999999999999,0,0
1.1425000000000001,0,0
1.143,0,0
1.1435,0,0
1.1439999999999999,0,0
1.1445000000000001,0,0
1.145,0,0
1.1455,0,0
1.1459999999999999,0,0
1.1465000000000001,0,0
1.147,0,0
1.1475,0,0
1.1479999999999999,0,0
1.1485000000000001,0,0
1.149,0,0
1.1495,0,0
1.1499999999999999,0,0
1.1505000000000001,0,0
1.151,0,0
1.1515,0,0
1.1519999999999999,0,0
1.1525000000000001,0,0
1.153,0,0
1.1535,0,0
1.1539999999999999,0,0
1.1545000000000001,0,0
1.155,0,0
1.1555,0,0
1.1559999999999999,0,0
1.1565000000000001,0,0
1.157,0,0
1.1575,0,0
1.1579999999999999,0,0
1.1585000000000001,0,0
1.159,0,0
1.1595,0,0
1.1599999999999999,0,0
1.1605000000000001,0,0
1.161,0,0
1.1615,0,0
1.1619999999999999,0,0
1.1625000000000001,0,0
1.163,0,0
1.1635,0,0
1.1639999999999999,0,0
1.1645000000000001,0,0
1.165,0,0
1.1655,0,0
1.1659999999999999,0,0
1.1665000000000001,0,0
1.167,0,0
1.1675,0,0
1.1679999999999999,0,0
1.1685000000000001,0,0
1.169,0,0
1.1695,0,0
1.1699999999999999,0,0
1.1705000000000001,0,0
1.171,0,0
1.1715,0,0
1.1719999999999999,0,0
1.1725000000000001,0,0
1.173,0,0
1.1735,0,0
1.1739999999999999,0,0
1.1745000000000001,0,0
1.175,0,0
1.1755,0,0
1.1759999999999999,0,0
1.1765000000000001,0,0
1.177,0,0
1.1775,0,0
1.1779999999999999,0,0
1.1785000000000001,0,0
1.179,0,0
1.1795,0,0
1.1799999999999999,0,0
1.1805000000000001,0,0
1.181,0,0
1.1815,0,0
1.1819999999999999,0,0
1.1825000000000001,0,0
1.1830000000000001,0,0
1.1835,0,0
1.1839999999999999,0,0
1.1845000000000001,0,0
1.1850000000000001,0,0
1.1855,0,0
1.1859999999999999,0,0
1.1865000000000001,0,0
1.1870000000000001,0,0
1.1875,0,0
1.1879999999999999,0,0
1.1884999999999999,0,0
1.1890000000000001,0,0
1.1895,0,0
1.1899999999999999,0,0
1.1904999999999999,0,0
1.1910000000000001,0,0
1.1915,0,0
1.1919999999999999,0,0
1.1924999999999999,0,0
1.1930000000000001,0,0
1.1935,0,0
1.194,0,0
1.1944999999999999,0,0
1.1950000000000001,0,0
1.1955,0,0
1.196,0,0
1.1964999999999999,0,0
1.1970000000000001,0,0
1.1975,0,0
1.198,0,0
1.1984999999999999,0,0
1.1990000000000001,0,0
1.1995,0,0
1.2,0,0
1.2004999999999999,0,0
1.2010000000000001,0,0
1.2015,0,0
1.202,0,0
1.2024999999999999,0,0
1.2030000000000001,0,0
1.2035,0,0
1.204,0,0
1.2044999999999999,0,0
1.2050000000000001,0,0
1.2055,0,0
1.206,0,0
1.2064999999999999,0,0
1.2070000000000001,0,0
1.2075,0,0
1.208,0,0
1.2084999999999999,0,0
1.2090000000000001,0,0
1.2095,0,0
1.21,0,0
1.2104999999999999,0,0
1.2110000000000001,0,0
1.2115,0,0
1.212,0,0
1.2124999999999999,0,0
1.2130000000000001,0,0
1.2135,0,0
1.214,0,0
1.2144999999999999,0,0
1.2150000000000001,0,0
1.2155,0,0
1.216,0,0
1.2164999999999999,0,0
1.2170000000000001,0,0
1.2175,0,0
1.218,0,0
1.2184999999999999,0,0
1.2190000000000001,0,0
1.2195,0,0
1.22,0,0
1.2204999999999999,0,0
1.2210000000000001,0,0
1.2215,0,0
1.222,0,0
1.2224999999999999,0,0
1.2230000000000001,0,0
1.2235,0,0
1.224,0,0
1.2244999999999999,0,0
1.2250000000000001,0,0
1.2255,0,0
1.226,0,0
1.2264999999999999,0,0
1.2270000000000001,0,0
1.2275,0,0
1.228,0,0
1.2284999999999999,0,0
1.2290000000000001,0,0
1.2295,0,0
1.23,0,0
1.2304999999999999,0,0
1.2310000000000001,0,0
1.2315,0,0
1.232,0,0
1.2324999999999999,0,0
1.2330000000000001,0,0
1.2335,0,0
1.234,0,0
1.2344999999999999,0,0
1.2350000000000001,0,0
1.2355,0,0
1.236,0,0
1.2364999999999999,0,0
1.2370000000000001,0,0
1.2375,0,0
1.238,0,0
1.2384999999999999,0,0
1.2390000000000001,0,0
1.2395,0,0
1.24,0,0
1.2404999999999999,0,0
1.2410000000000001,0,0
1.2415,0,0
1.242,0,0
1.2424999999999999,0,0
1.2430000000000001,0,0
1.2435,0,0
1.244,0,0
1.2444999999999999,0,0
1.2450000000000001,0,0
1.2455000000000001,0,0
1.246,0,0
1.2464999999999999,0,0
1.2470000000000001,0,0
1.2475000000000001,0,0
1.248,0,0
1.2484999999999999,0,0
1.2490000000000001,0,0
1.2495000000000001,0,0
1.25,0,0
1.2504999999999999,0,0
1.2509999999999999,0,0
1.2515000000000001,0,0
1.252,0,0
1.2524999999999999,0,0
1.2529999999999999,0,0
1.2535000000000001,0,0
1.254,0,0
1.2544999999999999,0,0
1.2549999999999999,0,0
1.2555000000000001,0,0
1.256,0,0
1.2565,0,0
1.2569999999999999,0,0
1.2575000000000001,0,0
1.258,0,0
1.2585,0,0
1.2589999999999999,0,0
1.2595000000000001,0,0
1.26,0,0
1.2605,0,0
1.2609999999999999,0,0
1.2615000000000001,0,0
1.262,0,0
1.2625,0,0
1.2629999999999999,0,0
1.2635000000000001,0,0
1.264,0,0
1.2645,0,0
1.2649999999999999,0,0
1.2655000000000001,0,0
1.266,0,0
1.2665,0,0
1.2669999999999999,0,0
1.2675000000000001,0,0
1.268,0,0
1.2685,0,0
1.2689999999999999,0,0
1.2695000000000001,0,0
1.27,0,0
1.2705,0,0
1.2709999999999999,0,0
1.2715000000000001,0,0
1.272,0,0
1.2725,0,0
1.2729999999999999,0,0
1.2735000000000001,0,0
1.274,0,0
1.2745,0,0
1.2749999999999999,0,0
1.2755000000000001,0,0
1.276,0,0
1.2765,0,0
1.2769999999999999,0,0
1.2775000000000001,0,0
1.278,0,0
1.2785,0,0
1.2789999999999999,0,0
1.2795000000000001,0,0
1.28,0,0
1.2805,0,0
1.2809999999999999,0,0
1.2815000000000001,0,0
1.282,0,0
1.2825,0,0
1.2829999999999999,0,0
1.2835000000000001,0,0
1.284,0,0
1.2845,0,0
1.2849999999999999,0,0
1.2855000000000001,0,0
1.286,0,0
1.2865,0,0
1.2869999999999999,0,0
1.2875000000000001,0,0
1.288,0,0
1.2885,0,0
1.2889999999999999,0,0
1.2895000000000001,0,0
1.29,0,0
1.2905,0,0
1.2909999999999999,0,0
1.2915000000000001,0,0
1.292,0,0
1.2925,0,0
1.2929999999999999,0,0
1.2935000000000001,0,0
1.294,0,0
1.2945,0,0
1.2949999999999999,0,0
1.2955000000000001,0,0
1.296,0,0
1.2965,0,0
1.2969999999999999,0,0
1.2975000000000001,0,0
1.298,0,0
1.2985,0,0
1.2989999999999999,0,0
1.2995000000000001,0,0
1.3,0,0
1.3005,0,0
1.3009999999999999,0,0
1.3015000000000001,0,0
1.302,0,0
1.3025,0,0
1.3029999999999999,0,0
1.3035000000000001,0,0
1.304,0,0
1.3045,0,0
1.3049999999999999,0,0
1.3055000000000001,0,0
1.306,0,0
1.3065,0,0
1.3069999999999999,0,0
1.3075000000000001,0,0
1.3080000000000001,0,0
1.3085,0,0
1.3089999999999999,0,0
1.3095000000000001,0,0
1.3100000000000001,0,0
1.3105,0,0
1.3109999999999999,0,0
1.3115000000000001,0,0
1.3120000000000001,0,0
1.3125,0,0
1.3129999999999999,0,0
1.3134999999999999,0,0
1.3140000000000001,0,0
1.3145,0,0
1.3149999999999999,0,0
1.3154999999999999,0,0
1.3160000000000001,0,0
1.3165,0,0
1.3169999999999999,0,0
1.3174999999999999,0,0
1.3180000000000001,0,0
1.3185,0,0
1.319,0,0
1.3194999999999999,0,0
1.3200000000000001,0,0
1.3205,0,0
1.321,0,0
1.3214999999999999,0,0
1.3220000000000001,0,0
1.3225,0,0
1.323,0,0
1.3234999999999999,0,0
1.3240000000000001,0,0
1.3245,0,0
1.325,0,0
1.3254999999999999,0,0
1.3260000000000001,0,0
1.3265,0,0
1.327,0,0
1.3274999999999999,0,0
1.3280000000000001,0,0
1.3285,0,0
1.329,0,0
1.3294999999999999,0,0
1.3300000000000001,0,0
1.3305,0,0
1.331,0,0
1.3314999999999999,0,0
1.3320000000000001,0,0
1.3325,0,0
1.333,0,0
1.3334999999999999,0,0
1.3340000000000001,0,0
1.3345,0,0
1.335,0,0
1.3354999999999999,0,0
1.3360000000000001,0,0
1.3365,0,0
1.337,0,0
1.3374999999999999,0,0
1.3380000000000001,0,0
1.3385,0,0
1.339,0,0
1.3394999999999999,0,0
1.3400000000000001,0,0
1.3405,0,0
1.341,0,0
1.3414999999999999,0,0
1.3420000000000001,0,0
1.3425,0,0
1.343,0,0
1.3434999999999999,0,0
1.3440000000000001,0,0
1.3445,0,0
1.345,0,0
1.3454999999999999,0,0
1.3460000000000001,0,0
1.3465,0,0
1.347,0,0
1.3474999999999999,0,0
1.3480000000000001,0,0
1.3485,0,0
1.349,0,0
1.3494999999999999,0,0
1.3500000000000001,0,0
1.3505,0,0
1.351,0,0
1.3514999999999999,0,0
1.3520000000000001,0,0
1.3525,0,0
1.353,0,0
1.3534999999999999,0,0
1.3540000000000001,0,0
1.3545,0,0
1.355,0,0
1.3554999999999999,0,0
1.3560000000000001,0,0
1.3565,0,0
1.357,0,0
1.3574999999999999,0,0
1.3580000000000001,0,0
1.3585,0,0
1.359,0,0
1.3594999999999999,0,0
1.3600000000000001,0,0
1.3605,0,0
1.361,0,0
1.3614999999999999,0,0
1.3620000000000001,0,0
1.3625,0,0
1.363,0,0
1.3634999999999999,0,0
1.3640000000000001,0,0
1.3645,0,0
1.365,0,0
1.3654999999999999,0,0
1.3660000000000001,0,0
1.3665,0,0
1.367,0,0
1.3674999999999999,0,0
1.3680000000000001,0,0
1.3685,0,0
1.369,0,0
1.3694999999999999,0,0
1.3700000000000001,0,0
1.3705000000000001,0,0
1.371,0,0
1.3714999999999999,0,0
1.3720000000000001,0,0
1.3725000000000001,0,0
1.373,0,0
1.3734999999999999,0,0
1.3740000000000001,0,0
1.3745000000000001,0,0
1.375,0,0
1.3754999999999999,0,0
1.3759999999999999,0,0
1.3765000000000001,0,0
1.377,0,0
1.3774999999999999,0,0
1.3779999999999999,0,0
1.3785000000000001,0,0
1.379,0,0
1.3794999999999999,0,0
1.3799999999999999,0,0
1.3805000000000001,0,0
1.381,0,0
1.3815,0,0
1.3819999999999999,0,0
1.3825000000000001,0,0
1.383,0,0
1.3835,0,0
1.3839999999999999,0,0
1.3845000000000001,0,0
1.385,0,0
1.3855,0,0
1.3859999999999999,0,0
1.3865000000000001,0,0
1.387,0,0
1.3875,0,0
1.3879999999999999,0,0
1.3885000000000001,0,0
1.389,0,0
1.3895,0,0
1.3899999999999999,0,0
1.3905000000000001,0,0
1.391,0,0
1.3915,0,0
1.3919999999999999,0,0
1.3925000000000001,0,0
1.393,0,0
1.3935,0,0
1.3939999999999999,0,0
1.3945000000000001,0,0
1.395,0,0
1.3955,0,0
1.3959999999999999,0,0
1.3965000000000001,0,0
1.397,0,0
1.3975,0,0
1.3979999999999999,0,0
1.3985000000000001,0,0
1.399,0,0
1.3995,0,0
1.3999999999999999,0,0
1.4005000000000001,0,0
1.401,0,0
1.4015,0,0
1.4019999999999999,0,0
1.4025000000000001,0,0
1.403,0,0
1.4035,0,0
1.4039999999999999,0,0
1.4045000000000001,0,0
1.405,0,0
1.4055,0,0
1.4059999999999999,0,0
1.4065000000000001,0,0
1.407,0,0
1.4075,0,0
1.4079999999999999,0,0
1.4085000000000001,0,0
1.409,0,0
1.4095,0,0
1.4099999999999999,0,0
1.4105000000000001,0,0
1.411,0,0
1.4115,0,0
1.4119999999999999,0,0
1.4125000000000001,0,0
1.413,0,0
1.4135,0,0
1.4139999999999999,0,0
1.4145000000000001,0,0
1.415,0,0
1.4155,0,0
1.4159999999999999,0,0
1.4165000000000001,0,0
1.417,0,0
1.4175,0,0
1.4179999999999999,0,0
1.4185000000000001,0,0
1.419,0,0
1.4195,0,0
1.4199999999999999,0,0
1.4205000000000001,0,0
1.421,0,0
1.4215,0,0
1.4219999999999999,0,0
1.4225000000000001,0,0
1.423,0,0
1.4235,0,0
1.4239999999999999,0,0
1.4245000000000001,0,0
1.425,0,0
1.4255,0,0
1.4259999999999999,0,0
1.4265000000000001,0,0
1.427,0,0
1.4275,0,0
1.4279999999999999,0,0
1.4285000000000001,0,0
1.429,0,0
1.4295,0,0
1.4299999999999999,0,0
1.4305000000000001,0,0
1.431,0,0
1.4315,0,0
1.4319999999999999,0,0
1.4325000000000001,0,0
1.4330000000000001,0,0
1.4335,0,0
1.4339999999999999,0,0
1.4345000000000001,0,0
1.4350000000000001,0,0
1.4355,0,0
1.4359999999999999,0,0
1.4365000000000001,0,0
1.4370000000000001,0,0
1.4375,0,0
1.4379999999999999,0,0
1.4384999999999999,0,0
1.4390000000000001,0,0
1.4395,0,0
1.4399999999999999,0,0
1.4404999999999999,0,0
1.4410000000000001,0,0
1.4415,0,0
1.4419999999999999,0,0
1.4424999999999999,0,0
1.4430000000000001,0,0
1.4435,0,0
1.444,0,0
1.4444999999999999,0,0
1.4450000000000001,0,0
1.4455,0,0
1.446,0,0
1.4464999999999999,0,0
1.4470000000000001,0,0
1.4475,0,0
1.448,0,0
1.4484999999999999,0,0
1.4490000000000001,0,0
1.4495,0,0
1.45,0,0
1.4504999999999999,0,0
1.4510000000000001,0,0
1.4515,0,0
1.452,0,0
1.4524999999999999,0,0
1.4530000000000001,0,0
1.4535,0,0
1.454,0,0
1.4544999999999999,0,0
1.4550000000000001,0,0
1.4555,0,0
1.456,0,0
1.4564999999999999,0,0
1.4570000000000001,0,0
1.4575,0,0
1.458,0,0
1.4584999999999999,0,0
1.4590000000000001,0,0
1.4595,0,0
1.46,0,0
1.4604999999999999,0,0
1.4610000000000001,0,0
1.4615,0,0
1.462,0,0
1.4624999999999999,0,0
1.4630000000000001,0,0
1.4635,0,0
1.464,0,0
1.4644999999999999,0,0
1.4650000000000001,0,0
1.4655,0,0
1.466,0,0
1.4664999999999999,0,0
1.4670000000000001,0,0
1.4675,0,0
1.468,0,0
1.4684999999999999,0,0
1.4690000000000001,0,0
1.4695,0,0
1.47,0,0
1.4704999999999999,0,0
1.4710000000000001,0,0
1.4715,0,0
1.472,0,0
1.4724999999999999,0,0
1.4730000000000001,0,0
1.4735,0,0
1.474,0,0
1.4744999999999999,0,0
1.4750000000000001,0,0
1.4755,0,0
1.476,0,0
1.4764999999999999,0,0
1.4770000000000001,0,0
1.4775,0,0
1.478,0,0
1.4784999999999999,0,0
1.4790000000000001,0,0
1.4795,0,0
1.48,0,0
1.4804999999999999,0,0
1.4810000000000001,0,0
1.4815,0,0
1.482,0,0
1.4824999999999999,0,0
1.4830000000000001,0,0
1.4835,0,0
1.484,0,0
1.4844999999999999,0,0
1.4850000000000001,0,0
1.4855,0,0
1.486,0,0
1.4864999999999999,0,0
1.4870000000000001,0,0
1.4875,0,0
1.488,0,0
1.4884999999999999,0,0
1.4890000000000001,0,0
1.4895,0,0
1.49,0,0
1.4904999999999999,0,0
1.4910000000000001,0,0
1.4915,0,0
1.492,0,0
1.4924999999999999,0,0
1.4930000000000001,0,0
1.4935,0,0
1.494,0,0
1.4944999999999999,0,0
1.4950000000000001,0,0
1.4955000000000001,0,0
1.496,0,0
1.4964999999999999,0,0
1.4970000000000001,0,0
1.4975000000000001,0,0
1.498,0,0
1.4984999999999999,0,0
1.4990000000000001,0,0
1.4995000000000001,0,0
1.5,0,0
1.5004999999999999,0,0
1.5009999999999999,0,0
1.5015000000000001,0,0
1.502,0,0
1.5024999999999999,0,0
1.5029999999999999,0,0
1.5035000000000001,0,0
1.504,0,0
1.5044999999999999,0,0
1.5049999999999999,0,0
1.5055000000000001,0,0
1.506,0,0
1.5065,0,0
1.5069999999999999,0,0
1.5075000000000001,0,0
1.508,0,0
1.5085,0,0
1.5089999999999999,0,0
1.5095000000000001,0,0
1.51,0,0
1.5105,0,0
1.5109999999999999,0,0
1.5115000000000001,0,0
1.512,0,0
1.5125,0,0
1.5129999999999999,0,0
1.5135000000000001,0,0
1.514,0,0
1.5145,0,0
1.5149999999999999,0,0
1.5155000000000001,0,0
1.516,0,0
1.5165,0,0
1.5169999999999999,0,0
1.5175000000000001,0,0
1.518,0,0
1.5185,0,0
1.5189999999999999,0,0
1.5195000000000001,0,0
1.52,0,0
1.5205,0,0
1.5209999999999999,0,0
1.5215000000000001,0,0
1.522,0,0
1.5225,0,0
1.5229999999999999,0,0
1.5235000000000001,0,0
1.524,0,0
1.5245,0,0
1.5249999999999999,0,0
1.5255000000000001,0,0
1.526,0,0
1.5265,0,0
1.5269999999999999,0,0
1.5275000000000001,0,0
1.528,0,0
1.5285,0,0
1.5289999999999999,0,0
1.5295000000000001,0,0
1.53,0,0
1.5305,0,0
1.5309999999999999,0,0
1.5315000000000001,0,0
1.532,0,0
1.5325,0,0
1.5329999999999999,0,0
1.5335000000000001,0,0
1.534,0,0
1.5345,0,0
1.5349999999999999,0,0
1.5355000000000001,0,0
1.536,0,0
1.5365,0,0
1.5369999999999999,0,0
1.5375000000000001,0,0
1.538,0,0
1.5385,0,0
1.5389999999999999,0,0
1.5395000000000001,0,0
1.54,0,0
1.5405,0,0
1.5409999999999999,0,0
1.5415000000000001,0,0
1.542,0,0
1.5425,0,0
1.5429999999999999,0,0
1.5435000000000001,0,0
1.544,0,0
1.5445,0,0
1.5449999999999999,0,0
1.5455000000000001,0,0
1.546,0,0
1.5465,0,0
1.5469999999999999,0,0
1.5475000000000001,0,0
1.548,0,0
1.5485,0,0
1.5489999999999999,0,0
1.5495000000000001,0,0
1.55,0,0
1.5505,0,0
1.5509999999999999,0,0
1.5515000000000001,0,0
1.552,0,0
1.5525,0,0
1.5529999999999999,0,0
1.5535000000000001,0,0
1.554,0,0
1.5545,0,0
1.5549999999999999,0,0
1.5555000000000001,0,0
1.556,0,0
1.5565,0,0
1.5569999999999999,0,0
1.5575000000000001,0,0
1.5580000000000001,0,0
1.5585,0,0
1.5589999999999999,0,0
1.5595000000000001,0,0
1.5600000000000001,0,0
1.5605,0,0
1.5609999999999999,0,0
1.5615000000000001,0,0
1.5620000000000001,0,0
1.5625,0,0
1.5629999999999999,0,0
1.5634999999999999,0,0
1.5640000000000001,0,0
1.5645,0,0
1.5649999999999999,0,0
1.5654999999999999,0,0
1.5660000000000001,0,0
1.5665,0,0
1.5669999999999999,0,0
1.5674999999999999,0,0
1.5680000000000001,0,0
1.5685,0,0
1.569,0,0
1.5694999999999999,0,0
1.5700000000000001,0,0
1.5705,0,0
1.571,0,0
1.5714999999999999,0,0
1.5720000000000001,0,0
1.5725,0,0
1.573,0,0
1.5734999999999999,0,0
1.5740000000000001,0,0
1.5745,0,0
1.575,0,0
1.5754999999999999,0,0
1.5760000000000001,0,0
1.5765,0,0
1.577,0,0
1.5774999999999999,0,0
1.5780000000000001,0,0
1.5785,0,0
1.579,0,0
1.5794999999999999,0,0
1.5800000000000001,0,0
1.5805,0,0
1.581,0,0
1.5814999999999999,0,0
1.5820000000000001,0,0
1.5825,0,0
1.583,0,0
1.5834999999999999,0,0
1.5840000000000001,0,0
1.5845,0,0
1.585,0,0
1.5854999999999999,0,0
1.5860000000000001,0,0
1.5865,0,0
1.587,0,0
1.5874999999999999,0,0
1.5880000000000001,0,0
1.5885,0,0
1.589,0,0
1.5894999999999999,0,0
1.5900000000000001,0,0
1.5905,0,0
1.591,0,0
1.5914999999999999,0,0
1.5920000000000001,0,0
1.5925,0,0
1.593,0,0
1.5934999999999999,0,0
1.5940000000000001,0,0
1.5945,0,0
1.595,0,0
1.5954999999999999,0,0
1.5960000000000001,0,0
1.5965,0,0
1.597,0,0
1.5974999999999999,0,0
1.5980000000000001,0,0
1.5985,0,0
1.599,0,0
1.5994999999999999,0,0
1.6000000000000001,0,0
1.6005,0,0
1.601,0,0
1.6014999999999999,0,0
1.6020000000000001,0,0
1.6025,0,0
1.603,0,0
1.6034999999999999,0,0
1.6040000000000001,0,0
1.6045,0,0
1.605,0,0
1.6054999999999999,0,0
1.6060000000000001,0,0
1.6065,0,0
1.607,0,0
1.6074999999999999,0,0
1.6080000000000001,0,0
1.6085,0,0
1.609,0,0
1.6094999999999999,0,0
1.6100000000000001,0,0
1.6105,0,0
1.611,0,0
1.6114999999999999,0,0
1.6120000000000001,0,0
1.6125,0,0
1.613,0,0
1.6134999999999999,0,0
1.6140000000000001,0,0
1.6145,0,0
1.615,0,0
1.6154999999999999,0,0
1.6160000000000001,0,0
1.6165,0,0
1.617,0,0
1.6174999999999999,0,0
1.6180000000000001,0,0
1.6185,0,0
1.619,0,0
1.6194999999999999,0,0
1.6200000000000001,0,0
1.6205000000000001,0,0
1.621,0,0
1.6214999999999999,0,0
1.6220000000000001,0,0
1.6225000000000001,0,0
1.623,0,0
1.6234999999999999,0,0
1.6240000000000001,0,0
1.6245000000000001,0,0
1.625,0,0
1.6254999999999999,0,0
1.6259999999999999,0,0
1.6265000000000001,0,0
1.627,0,0
1.6274999999999999,0,0
1.6279999999999999,0,0
1.6285000000000001,0,0
1.629,0,0
1.6294999999999999,0,0
1.6299999999999999,0,0
1.6305000000000001,0,0
1.631,0,0
1.6315,0,0
1.6319999999999999,0,0
1.6325000000000001,0,0
1.633,0,0
1.6335,0,0
1.6339999999999999,0,0
1.6345000000000001,0,0
1.635,0,0
1.6355,0,0
1.6359999999999999,0,0
1.6365000000000001,0,0
1.637,0,0
1.6375,0,0
1.6379999999999999,0,0
1.6385000000000001,0,0
1.639,0,0
1.6395,0,0
1.6399999999999999,0,0
1.6405000000000001,0,0
1.641,0,0
1.6415,0,0
1.6419999999999999,0,0
1.6425000000000001,0,0
1.643,0,0
1.6435,0,0
1.6439999999999999,0,0
1.6445000000000001,0,0
1.645,0,0
1.6455,0,0
1.6459999999999999,0,0
1.6465000000000001,0,0
1.647,0,0
1.6475,0,0
1.6479999999999999,0,0
1.6485000000000001,0,0
1.649,0,0
1.6495,0,0
1.6499999999999999,0,0
1.6505000000000001,0,0
1.651,0,0
1.6515,0,0
1.6519999999999999,0,0
1.6525000000000001,0,0
1.653,0,0
1.6535,0,0
1.6539999999999999,0,0
1.6545000000000001,0,0
1.655,0,0
1.6555,0,0
1.6559999999999999,0,0
1.6565000000000001,0,0
1.657,0,0
1.6575,0,0
1.6579999999999999,0,0
1.6585000000000001,0,0
1.659,0,0
1.6595,0,0
1.6599999999999999,0,0
1.6605000000000001,0,0
1.661,0,0
1.6615,0,0
1.6619999999999999,0,0
1.6625000000000001,0,0
1.663,0,0
1.6635,0,0
1.6639999999999999,0,0
1.6645000000000001,0,0
1.665,0,0
1.6655,0,0
1.6659999999999999,0,0
1.6665000000000001,0,0
1.667,0,0
1.6675,0,0
1.6679999999999999,0,0
1.6685000000000001,0,0
1.669,0,0
1.6695,0,0
1.6699999999999999,0,0
1.6705000000000001,0,0
1.671,0,0
1.6715,0,0
1.6719999999999999,0,0
1.6725000000000001,0,0
1.673,0,0
1.6735,0,0
1.6739999999999999,0,0
1.6745000000000001,0,0
1.675,0,0
1.6755,0,0
1.6759999999999999,0,0
1.6765000000000001,0,0
1.677,0,0
1.6775,0,0
1.6779999999999999,0,0
1.6785000000000001,0,0
1.679,0,0
1.6795,0,0
1.6799999999999999,0,0
1.6805000000000001,0,0
1.681,0,0
1.6815,0,0
1.6819999999999999,0,0
1.6825000000000001,0,0
1.6830000000000001,0,0
1.6835,0,0
1.6839999999999999,0,0
1.6845000000000001,0,0
1.6850000000000001,0,0
1.6855,0,0
1.6859999999999999,0,0
1.6865000000000001,0,0
1.6870000000000001,0,0
1.6875,0,0
1.6879999999999999,0,0
1.6884999999999999,0,0
1.6890000000000001,0,0
1.6895,0,0
1.6899999999999999,0,0
1.6904999999999999,0,0
1.6910000000000001,0,0
1.6915,0,0
1.6919999999999999,0,0
1.6924999999999999,0,0
1.6930000000000001,0,0
1.6935,0,0
1.694,0,0
1.6944999999999999,0,0
1.6950000000000001,0,0
1.6955,0,0
1.696,0,0
1.6964999999999999,0,0
1.6970000000000001,0,0
1.6975,0,0
1.698,0,0
1.6984999999999999,0,0
1.6990000000000001,0,0
1.6995,0,0
1.7,0,0
1.7004999999999999,0,0
1.7010000000000001,0,0
1.7015,0,0
1.702,0,0
1.7024999999999999,0,0
1.7030000000000001,0,0
1.7035,0,0
1.704,0,0
1.7044999999999999,0,0
1.7050000000000001,0,0
1.7055,0,0
1.706,0,0
1.7064999999999999,0,0
1.7070000000000001,0,0
1.7075,0,0
1.708,0,0
1.7084999999999999,0,0
1.7090000000000001,0,0
1.7095,0,0
1.71,0,0
1.7104999999999999,0,0
1.7110000000000001,0,0
1.7115,0,0
1.712,0,0
1.7124999999999999,0,0
1.7130000000000001,0,0
1.7135,0,0
1.714,0,0
1.7144999999999999,0,0
1.7150000000000001,0,0
1.7155,0,0
1.716,0,0
1.7164999999999999,0,0
1.7170000000000001,0,0
1.7175,0,0
1.718,0,0
1.7184999999999999,0,0
1.7190000000000001,0,0
1.7195,0,0
1.72,0,0
1.7204999999999999,0,0
1.7210000000000001,0,0
1.7215,0,0
1.722,0,0
1.7224999999999999,0,0
1.7230000000000001,0,0
1.7235,0,0
1.724,0,0
1.7244999999999999,0,0
1.7250000000000001,0,0
1.7255,0,0
1.726,0,0
1.7264999999999999,0,0
1.7270000000000001,0,0
1.7275,0,0
1.728,0,0
1.7284999999999999,0,0
1.7290000000000001,0,0
1.7295,0,0
1.73,0,0
1.7304999999999999,0,0
1.7310000000000001,0,0
1.7315,0,0
1.732,0,0
1.7324999999999999,0,0
1.7330000000000001,0,0
1.7335,0,0
1.734,0,0
1.7344999999999999,0,0
1.7350000000000001,0,0
1.7355,0,0
1.736,0,0
1.7364999999999999,0,0
1.7370000000000001,0,0
1.7375,0,0
1.738,0,0
1.7384999999999999,0,0
1.7390000000000001,0,0
1.7395,0,0
1.74,0,0
1.7404999999999999,0,0
1.7410000000000001,0,0
1.7415,0,0
1.742,0,0
1.7424999999999999,0,0
1.7430000000000001,0,0
1.7435,0,0
1.744,0,0
1.7444999999999999,0,0
1.7450000000000001,0,0
1.7455000000000001,0,0
1.746,0,0
1.7464999999999999,0,0
1.7470000000000001,0,0
1.7475000000000001,0,0
1.748,0,0
1.7484999999999999,0,0
1.7490000000000001,0,0
1.7495000000000001,0,0
1.75,0,0
1.7504999999999999,0,0
1.7509999999999999,0,0
1.7515000000000001,0,0
1.752,0,0
1.7524999999999999,0,0
1.7529999999999999,0,0
1.7535000000000001,0,0
1.754,0,0
1.7544999999999999,0,0
1.7549999999999999,0,0
1.7555000000000001,0,0
1.756,0,0
1.7565,0,0
1.7569999999999999,0,0
1.7575000000000001,0,0
1.758,0,0
1.7585,0,0
1.7589999999999999,0,0
1.7595000000000001,0,0
1.76,0,0
1.7605,0,0
1.7609999999999999,0,0
1.7615000000000001,0,0
1.762,0,0
1.7625,0,0
1.7629999999999999,0,0
1.7635000000000001,0,0
1.764,0,0
1.7645,0,0
1.7649999999999999,0,0
1.7655000000000001,0,0
1.766,0,0
1.7665,0,0
1.7669999999999999,0,0
1.7675000000000001,0,0
1.768,0,0
1.7685,0,0
1.7689999999999999,0,0
1.7695000000000001,0,0
1.77,0,0
1.7705,0,0
1.7709999999999999,0,0
1.7715000000000001,0,0
1.772,0,0
1.7725,0,0
1.7729999999999999,0,0
1.7735000000000001,0,0
1.774,0,0
1.7745,0,0
1.7749999999999999,0,0
1.7755000000000001,0,0
1.776,0,0
1.7765,0,0
1.7769999999999999,0,0
1.7775000000000001,0,0
1.778,0,0
1.7785,0,0
1.7789999999999999,0,0
1.7795000000000001,0,0
1.78,0,0
1.7805,0,0
1.7809999999999999,0,0
1.7815000000000001,0,0
1.782,0,0
1.7825,0,0
1.7829999999999999,0,0
1.7835000000000001,0,0
1.784,0,0
1.7845,0,0
1.7849999999999999,0,0
1.7855000000000001,0,0
1.786,0,0
1.7865,0,0
1.7869999999999999,0,0
1.7875000000000001,0,0
1.788,0,0
1.7885,0,0
1.7889999999999999,0,0
1.7895000000000001,0,0
1.79,0,0
1.7905,0,0
1.7909999999999999,0,0
1.7915000000000001,0,0
1.792,0,0
1.7925,0,0
1.7929999999999999,0,0
1.7935000000000001,0,0
1.794,0,0
1.7945,0,0
1.7949999999999999,0,0
1.7955000000000001,0,0
1.796,0,0
1.7965,0,0
1.7969999999999999,0,0
1.7975000000000001,0,0
1.798,0,0
1.7985,0,0
1.7989999999999999,0,0
1.7995000000000001,0,0
1.8,0,0
1.8005,0,0
1.8009999999999999,0,0
1.8015000000000001,0,0
1.802,0,0
1.8025,0,0
1.8029999999999999,0,0
1.8035000000000001,0,0
1.804,0,0
1.8045,0,0
1.8049999999999999,0,0
1.8055000000000001,0,0
1.806,0,0
1.8065,0,0
1.8069999999999999,0,0
1.8075000000000001,0,0
1.8080000000000001,0,0
1.8085,0,0
1.8089999999999999,0,0
1.8095000000000001,0,0
1.8100000000000001,0,0
1.8105,0,0
1.8109999999999999,0,0
1.8115000000000001,0,0
1.8120000000000001,0,0
1.8125,0,0
1.8129999999999999,0,0
1.8134999999999999,0,0
1.8140000000000001,0,0
1.8145,0,0
1.8149999999999999,0,0
1.8154999999999999,0,0
1.8160000000000001,0,0
1.8165,0,0
1.8169999999999999,0,0
1.8174999999999999,0,0
1.8180000000000001,0,0
1.8185,0,0
1.819,0,0
1.8194999999999999,0,0
1.8200000000000001,0,0
1.8205,0,0
1.821,0,0
1.8214999999999999,0,0
1.8220000000000001,0,0
1.8225,0,0
1.823,0,0
1.8234999999999999,0,0
1.8240000000000001,0,0
1.8245,0,0
1.825,0,0
1.8254999999999999,0,0
1.8260000000000001,0,0
1.8265,0,0
1.827,0,0
1.8274999999999999,0,0
1.8280000000000001,0,0
1.8285,0,0
1.829,0,0
1.8294999999999999,0,0
1.8300000000000001,0,0
1.8305,0,0
1.831,0,0
1.8314999999999999,0,0
1.8320000000000001,0,0
1.8325,0,0
1.833,0,0
1.8334999999999999,0,0
1.8340000000000001,0,0
1.8345,0,0
1.835,0,0
1.8354999999999999,0,0
1.8360000000000001,0,0
1.8365,0,0
1.837,0,0
1.8374999999999999,0,0
1.8380000000000001,0,0
1.8385,0,0
1.839,0,0
1.8394999999999999,0,0
1.8400000000000001,0,0
1.8405,0,0
1.841,0,0
1.8414999999999999,0,0
1.8420000000000001,0,0
1.8425,0,0
1.843,0,0
1.8434999999999999,0,0
1.8440000000000001,0,0
1.8445,0,0
1.845,0,0
1.8454999999999999,0,0
1.8460000000000001,0,0
1.8465,0,0
1.847,0,0
1.8474999999999999,0,0
1.8480000000000001,0,0
1.8485,0,0
1.849,0,0
1.8494999999999999,0,0
1.8500000000000001,0,0
1.8505,0,0
1.851,0,0
1.8514999999999999,0,0
1.8520000000000001,0,0
1.8525,0,0
1.853,0,0
1.8534999999999999,0,0
1.8540000000000001,0,0
1.8545,0,0
1.855,0,0
1.8554999999999999,0,0
1.8560000000000001,0,0
1.8565,0,0
1.857,0,0
1.8574999999999999,0,0
1.8580000000000001,0,0
1.8585,0,0
1.859,0,0
1.8594999999999999,0,0
1.8600000000000001,0,0
1.8605,0,0
1.861,0,0
1.8614999999999999,0,0
1.8620000000000001,0,0
1.8625,0,0
1.863,0,0
1.8634999999999999,0,0
1.8640000000000001,0,0
1.8645,0,0
1.865,0,0
1.8654999999999999,0,0
1.8660000000000001,0,0
1.8665,0,0
1.867,0,0
1.8674999999999999,0,0
1.8680000000000001,0,0
1.8685,0,0
1.869,0,0
1.8694999999999999,0,0
1.8700000000000001,0,0
1.8705000000000001,0,0
1.871,0,0
1.8714999999999999,0,0
1.8720000000000001,0,0
1.8725000000000001,0,0
1.873,0,0
1.8734999999999999,0,0
1.8740000000000001,0,0
1.8745000000000001,0,0
1.875,0,0
1.8754999999999999,0,0
1.8759999999999999,0,0
1.8765000000000001,0,0
1.877,0,0
1.8774999999999999,0,0
1.8779999999999999,0,0
1.8785000000000001,0,0
1.879,0,0
1.8794999999999999,0,0
1.8799999999999999,0,0
1.8805000000000001,0,0
1.881,0,0
1.8815,0,0
1.8819999999999999,0,0
1.8825000000000001,0,0
1.883,0,0
1.8835,0,0
1.8839999999999999,0,0
1.8845000000000001,0,0
1.885,0,0
1.8855,0,0
1.8859999999999999,0,0
1.8865000000000001,0,0
1.887,0,0
1.8875,0,0
1.8879999999999999,0,0
1.8885000000000001,0,0
1.889,0,0
1.8895,0,0
1.8899999999999999,0,0
1.8905000000000001,0,0
1.891,0,0
1.8915,0,0
1.8919999999999999,0,0
1.8925000000000001,0,0
1.893,0,0
1.8935,0,0
1.8939999999999999,0,0
1.8945000000000001,0,0
1.895,0,0
1.8955,0,0
1.8959999999999999,0,0
1.8965000000000001,0,0
1.897,0,0
1.8975,0,0
1.8979999999999999,0,0
1.8985000000000001,0,0
1.899,0,0
1.8995,0,0
1.8999999999999999,0,0
1.9005000000000001,0,0
1.901,0,0
1.9015,0,0
1.9019999999999999,0,0
1.9025000000000001,0,0
1.903,0,0
1.9035,0,0
1.9039999999999999,0,0
1.9045000000000001,0,0
1.905,0,0
1.9055,0,0
1.9059999999999999,0,0
1.9065000000000001,0,0
1.907,0,0
1.9075,0,0
1.9079999999999999,0,0
1.9085000000000001,0,0
1.909,0,0
1.9095,0,0
1.9099999999999999,0,0
1.9105000000000001,0,0
1.911,0,0
1.9115,0,0
1.9119999999999999,0,0
1.9125000000000001,0,0
1.913,0,0
1.9135,0,0
1.9139999999999999,0,0
1.9145000000000001,0,0
1.915,0,0
1.9155,0,0
1.9159999999999999,0,0
1.9165000000000001,0,0
1.917,0,0
1.9175,0,0
1.9179999999999999,0,0
1.9185000000000001,0,0
1.919,0,0
1.9195,0,0
1.9199999999999999,0,0
1.9205000000000001,0,0
1.921,0,0
1.9215,0,0
1.9219999999999999,0,0
1.9225000000000001,0,0
1.923,0,0
1.9235,0,0
1.9239999999999999,0,0
1.9245000000000001,0,0
1.925,0,0
1.9255,0,0
1.9259999999999999,0,0
1.9265000000000001,0,0
1.927,0,0
1.9275,0,0
1.9279999999999999,0,0
1.9285000000000001,0,0
1.929,0,0
1.9295,0,0
1.9299999999999999,0,0
1.9305000000000001,0,0
1.931,0,0
1.9315,0,0
1.9319999999999999,0,0
1.9325000000000001,0,0
1.9330000000000001,0,0
1.9335,0,0
1.9339999999999999,0,0
1.9345000000000001,0,0
1.9350000000000001,0,0
1.9355,0,0
1.9359999999999999,0,0
1.9365000000000001,0,0
1.9370000000000001,0,0
1.9375,0,0
1.9379999999999999,0,0
1.9384999999999999,0,0
1.9390000000000001,0,0
1.9395,0,0
1.9399999999999999,0,0
1.9404999999999999,0,0
1.9410000000000001,0,0
1.9415,0,0
1.9419999999999999,0,0
1.9424999999999999,0,0
1.9430000000000001,0,0
1.9435,0,0
1.944,0,0
1.9444999999999999,0,0
1.9450000000000001,0,0
1.9455,0,0
1.946,0,0
1.9464999999999999,0,0
1.9470000000000001,0,0
1.9475,0,0
1.948,0,0
1.9484999999999999,0,0
1.9490000000000001,0,0
1.9495,0,0
1.95,0,0
1.9504999999999999,0,0
1.9510000000000001,0,0
1.9515,0,0
1.952,0,0
1.9524999999999999,0,0
1.9530000000000001,0,0
1.9535,0,0
1.954,0,0
1.9544999999999999,0,0
1.9550000000000001,0,0
1.9555,0,0
1.956,0,0
1.9564999999999999,0,0
1.9570000000000001,0,0
1.9575,0,0
1.958,0,0
1.9584999999999999,0,0
1.9590000000000001,0,0
1.9595,0,0
1.96,0,0
1.9604999999999999,0,0
1.9610000000000001,0,0
1.9615,0,0
1.962,0,0
1.9624999999999999,0,0
1.9630000000000001,0,0
1.9635,0,0
1.964,0,0
1.9644999999999999,0,0
1.9650000000000001,0,0
1.9655,0,0
1.966,0,0
1.9664999999999999,0,0
1.9670000000000001,0,0
1.9675,0,0
1.968,0,0
1.9684999999999999,0,0
1.9690000000000001,0,0
1.9695,0,0
1.97,0,0
1.9704999999999999,0,0
1.9710000000000001,0,0
1.9715,0,0
1.972,0,0
1.9724999999999999,0,0
1.9730000000000001,0,0
1.9735,0,0
1.974,0,0
1.9744999999999999,0,0
1.9750000000000001,0,0
1.9755,0,0
1.976,0,0
1.9764999999999999,0,0
1.9770000000000001,0,0
1.9775,0,0
1.978,0,0
1.9784999999999999,0,0
1.9790000000000001,0,0
1.9795,0,0
1.98,0,0
1.9804999999999999,0,0
1.9810000000000001,0,0
1.9815,0,0
1.982,0,0
1.9824999999999999,0,0
1.9830000000000001,0,0
1.9835,0,0
1.984,0,0
1.9844999999999999,0,0
1.9850000000000001,0,0
1.9855,0,0
1.986,0,0
1.9864999999999999,0,0
1.9870000000000001,0,0
1.9875,0,0
1.988,0,0
1.9884999999999999,0,0
1.9890000000000001,0,0
1.9895,0,0
1.99,0,0
1.9904999999999999,0,0
1.9910000000000001,0,0
1.9915,0,0
1.992,0,0
1.9924999999999999,0,0
1.9930000000000001,0,0
1.9935,0,0
1.994,0,0
1.9944999999999999,0,0
1.9950000000000001,0,0
1.9955000000000001,0,0
1.996,0,0
1.9964999999999999,0,0
1.9970000000000001,0,0
1.9975000000000001,0,0
1.998,0,0
1.9984999999999999,0,0
1.9990000000000001,0,0
1.9995000000000001,0,0
2,0,0
2.0005000000000002,0,0
2.0009999999999999,0,0
2.0015000000000001,0,0
2.0019999999999998,0,0
2.0024999999999999,0,0
2.0030000000000001,0,0
2.0034999999999998,0,0
2.004,0,0
2.0045000000000002,0,0
2.0049999999999999,0,0
2.0055000000000001,0,0
2.0059999999999998,0,0
2.0065,0,0
2.0070000000000001,0,0
2.0074999999999998,0,0
2.008,0,0
2.0085000000000002,0,0
2.0089999999999999,0,0
2.0095000000000001,0,0
2.0099999999999998,0,0
2.0105,0,0
2.0110000000000001,0,0
2.0114999999999998,0,0
2.012,0,0
2.0125000000000002,0,0
2.0129999999999999,0,0
2.0135000000000001,0,0
2.0139999999999998,0,0
2.0145,0,0
2.0150000000000001,0,0
2.0154999999999998,0,0
2.016,0,0
2.0165000000000002,0,0
2.0169999999999999,0,0
2.0175000000000001,0,0
2.0179999999999998,0,0
2.0185,0,0
2.0190000000000001,0,0
2.0194999999999999,0,0
2.02,0,0
2.0205000000000002,0,0
2.0209999999999999,0,0
2.0215000000000001,0,0
2.0219999999999998,0,0
2.0225,0,0
2.0230000000000001,0,0
2.0234999999999999,0,0
2.024,0,0
2.0245000000000002,0,0
2.0249999999999999,0,0
2.0255000000000001,0,0
2.0259999999999998,0,0
2.0265,0,0
2.0270000000000001,0,0
2.0274999999999999,0,0
2.028,0,0
2.0285000000000002,0,0
2.0289999999999999,0,0
2.0295000000000001,0,0
2.0299999999999998,0,0
2.0305,0,0
2.0310000000000001,0,0
2.0314999999999999,0,0
2.032,0,0
2.0325000000000002,0,0
2.0329999999999999,0,0
2.0335000000000001,0,0
2.0339999999999998,0,0
2.0345,0,0
2.0350000000000001,0,0
2.0354999999999999,0,0
2.036,0,0
2.0365000000000002,0,0
2.0369999999999999,0,0
2.0375000000000001,0,0
2.0379999999999998,0,0
2.0385,0,0
2.0390000000000001,0,0
2.0394999999999999,0,0
2.04,0,0
2.0405000000000002,0,0
2.0409999999999999,0,0
2.0415000000000001,0,0
2.0419999999999998,0,0
2.0425,0,0
2.0430000000000001,0,0
2.0434999999999999,0,0
2.044,0,0
2.0445000000000002,0,0
2.0449999999999999,0,0
2.0455000000000001,0,0
2.0459999999999998,0,0
2.0465,0,0
2.0470000000000002,0,0
2.0474999999999999,0,0
2.048,0,0
2.0485000000000002,0,0
2.0489999999999999,0,0
2.0495000000000001,0,0
2.0499999999999998,0,0
2.0505,0,0
2.0510000000000002,0,0
2.0514999999999999,0,0
2.052,0,0
2.0525000000000002,0,0
2.0529999999999999,0,0
2.0535000000000001,0,0
2.0539999999999998,0,0
2.0545,0,0
2.0550000000000002,0,0
2.0554999999999999,0,0
2.056,0,0
2.0565000000000002,0,0
2.0569999999999999,0,0
2.0575000000000001,0,0
2.0579999999999998,0,0
2.0585,0,0
2.0590000000000002,0,0
2.0594999999999999,0,0
2.0600000000000001,0,0
2.0605000000000002,0,0
2.0609999999999999,0,0
2.0615000000000001,0,0
2.0619999999999998,0,0
2.0625,0,0
2.0630000000000002,0,0
2.0634999999999999,0,0
2.0640000000000001,0,0
2.0644999999999998,0,0
2.0649999999999999,0,0
2.0655000000000001,0,0
2.0659999999999998,0,0
2.0665,0,0
2.0670000000000002,0,0
2.0674999999999999,0,0
2.0680000000000001,0,0
2.0684999999999998,0,0
2.069,0,0
2.0695000000000001,0,0
2.0699999999999998,0,0
2.0705,0,0
2.0710000000000002,0,0
2.0714999999999999,0,0
2.0720000000000001,0,0
2.0724999999999998,0,0
2.073,0,0
2.0735000000000001,0,0
2.0739999999999998,0,0
2.0745,0,0
2.0750000000000002,0,0
2.0754999999999999,0,0
2.0760000000000001,0,0
2.0764999999999998,0,0
2.077,0,0
2.0775000000000001,0,0
2.0779999999999998,0,0
2.0785,0,0
2.0790000000000002,0,0
2.0794999999999999,0,0
2.0800000000000001,0,0
2.0804999999999998,0,0
2.081,0,0
2.0815000000000001,0,0
2.0819999999999999,0,0
2.0825,0,0
2.0830000000000002,0,0
2.0834999999999999,0,0
2.0840000000000001,0,0
2.0844999999999998,0,0
2.085,0,0
2.0855000000000001,0,0
2.0859999999999999,0,0
2.0865,0,0
2.0870000000000002,0,0
2.0874999999999999,0,0
2.0880000000000001,0,0
2.0884999999999998,0,0
2.089,0,0
2.0895000000000001,0,0
2.0899999999999999,0,0
2.0905,0,0
2.0910000000000002,0,0
2.0914999999999999,0,0
2.0920000000000001,0,0
2.0924999999999998,0,0
2.093,0,0
2.0935000000000001,0,0
2.0939999999999999,0,0
2.0945,0,0
2.0950000000000002,0,0
2.0954999999999999,0,0
2.0960000000000001,0,0
2.0964999999999998,0,0
2.097,0,0
2.0975000000000001,0,0
2.0979999999999999,0,0
2.0985,0,0
2.0990000000000002,0,0
2.0994999999999999,0,0
2.1000000000000001,0,0
2.1004999999999998,0,0
2.101,0,0
2.1015000000000001,0,0
2.1019999999999999,0,0
2.1025,0,0
2.1030000000000002,0,0
2.1034999999999999,0,0
2.1040000000000001,0,0
2.1044999999999998,0,0
2.105,0,0
2.1055000000000001,0,0
2.1059999999999999,0,0
2.1065,0,0
2.1070000000000002,0,0
2.1074999999999999,0,0
2.1080000000000001,0,0
2.1084999999999998,0,0
2.109,0,0
2.1095000000000002,0,0
2.1099999999999999,0,0
2.1105,0,0
2.1110000000000002,0,0
2.1114999999999999,0,0
2.1120000000000001,0,0
2.1124999999999998,0,0
2.113,0,0
2.1135000000000002,0,0
2.1139999999999999,0,0
2.1145,0,0
2.1150000000000002,0,0
2.1154999999999999,0,0
2.1160000000000001,0,0
2.1164999999999998,0,0
2.117,0,0
2.1175000000000002,0,0
2.1179999999999999,0,0
2.1185,0,0
2.1190000000000002,0,0
2.1194999999999999,0,0
2.1200000000000001,0,0
2.1204999999999998,0,0
2.121,0,0
2.1215000000000002,0,0
2.1219999999999999,0,0
2.1225000000000001,0,0
2.1230000000000002,0,0
2.1234999999999999,0,0
2.1240000000000001,0,0
2.1244999999999998,0,0
2.125,0,0
2.1255000000000002,0,1.1102230246251566e-17
2.1259999999999999,0,2.2204460492503132e-17
2.1265000000000001,0,4.4408920985006264e-17
2.1269999999999998,0,8.8817841970012528e-17
2.1274999999999999,0,1.6653345369377348e-16
2.1280000000000001,0,2.8865798640254071e-16
2.1284999999999998,0,4.6629367034256577e-16
2.129,0,7.3274719625260328e-16
2.1295000000000002,0,1.1324274851176596e-15
2.1299999999999999,0,1.7319479184152442e-15
2.1305000000000001,0,2.6090241078691179e-15
2.1309999999999998,0,3.8746783559417962e-15
2.1315,0,5.6954441163270527e-15
2.1320000000000001,0,8.2822637637036672e-15
2.1324999999999998,0,1.1923795284474182e-14
2.133,0,1.7030821197749902e-14
2.1335000000000002,0,2.4125146325104653e-14
2.1339999999999999,0,3.3906211172052278e-14
2.1345000000000001,0,4.7328807539770425e-14
2.1349999999999998,0,6.563638521583926e-14
2.1355,0,9.0449869816211508e-14
2.1360000000000001,0,1.2387868508767496e-13
2.1364999999999998,0,1.6868728636154629e-13
2.137,0,2.2841728508637972e-13
2.1375000000000002,0,3.0762059566313839e-13
2.1379999999999999,0,4.1212588897110435e-13
2.1385000000000001,0,5.4933835258452746e-13
2.1389999999999998,0,7.2866157552198272e-13
2.1395,0,9.619305352259743e-13
2.1400000000000001,0,1.2640333224567257e-12
2.1404999999999998,0,1.6535772751069544e-12
2.141,0,2.1537549521610798e-12
2.1415000000000002,0,2.7933433344173864e-12
2.1419999999999999,0,3.6079250698151099e-12
2.1425000000000001,0,4.641320661136206e-12
2.1429999999999998,0,5.9473093116935159e-12
2.1435,0,7.5916828379263282e-12
2.1440000000000001,0,9.6545882399823316e-12
2.1444999999999999,0,1.2233392077121153e-11
2.145,0,1.5445988932327737e-11
2.1455000000000002,0,1.9434598375056565e-11
2.1459999999999999,0,2.4370339080093117e-11
2.1465000000000001,0,3.0458391364618363e-11
2.1469999999999998,0,3.7944092312613975e-11
2.1475,0,4.7119896873226706e-11
2.1480000000000001,0,5.8333471386617925e-11
2.1484999999999999,0,7.199686402614702e-11
2.149,0,8.8597162939407786e-11
2.1495000000000002,0,1.0870858657696658e-10
2.1499999999999999,0,1.3300626156009797e-10
2.1505000000000001,0,1.6228192123435293e-10
2.1509999999999998,0,1.9746169144241322e-10
2.1515,0,2.3962620776529775e-10
2.1520000000000001,0,2.9003331958321609e-10
2.1524999999999999,0,3.5014369181851634e-10
2.153,0,4.2164953750756239e-10
2.1535000000000002,0,5.0650685867736913e-10
2.1539999999999999,0,6.0697143977606063e-10
2.1545000000000001,0,7.2563913766643393e-10
2.1549999999999998,0,8.6549071243169349e-10
2.1555,0,1.0299416763892566e-09
2.1560000000000001,0,1.2228976054018404e-09
2.1564999999999999,0,1.4488154009839604e-09
2.157,0,1.7127710472131241e-09
2.1575000000000002,0,2.0205342177170849e-09
2.1579999999999999,0,2.3786506875289603e-09
2.1585000000000001,0,2.7945327274458977e-09
2.1589999999999998,0,3.2765583912741648e-09
2.1595,0,3.8341802843788738e-09
2.1600000000000001,0,4.4780445573877616e-09
2.1604999999999999,0,5.2201207467739156e-09
2.161,0,6.0738434393137199e-09
2.1615000000000002,0,7.0542663599404424e-09
2.1619999999999999,0,8.1782299377053385e-09
2.1625000000000001,0,9.464543027082329e-09
2.1629999999999998,0,1.0934179850430325e-08
2.1635,0,1.2610493083098363e-08
2.1640000000000001,0,1.4519444024863049e-08
2.1644999999999999,0,1.6689850912410263e-08
2.165,0,1.9153656405368479e-08
2.1655000000000002,0,2.1946215411627889e-08
2.1659999999999999,0,2.5106604195634929e-08
2.1665000000000001,0,2.8677952124134265e-08
2.1669999999999998,0,3.2707797126274582e-08
2.1675,0,3.7248465989403459e-08
2.1680000000000001,0,4.2357480845023329e-08
2.1684999999999999,0,4.8097993088358493e-08
2.169,0,5.453924585285819e-08
2.1695000000000002,0,6.1757066527334817e-08
2.1699999999999999,0,6.9834390403755725e-08
2.1705000000000001,0,7.8861816965591913e-08
2.1709999999999998,0,8.8938199915844507e-08
2.1715,0,1.001712724990611e-07
2.1720000000000002,0,1.1267830917205401e-07
2.1724999999999999,0,1.2658682514432583e-07
2.173,0,1.4203531495393662e-07
2.1735000000000002,0,1.5917403142218234e-07
2.1739999999999999,0,1.7816580619722799e-07
2.1745000000000001,0,1.9918691313014492e-07
2.1749999999999998,0,2.224279757379044e-07
2.1755,0,2.4809491980803957e-07
2.1760000000000002,0,2.7640997229960718e-07
2.1764999999999999,0,3.0761270768397965e-07
2.177,0,3.4196114253592922e-07
2.1775000000000002,0,3.7973287944081944e-07
2.1779999999999999,0,4.2122630110608129e-07
2.1785000000000001,0,4.6676181534310859e-07
2.1789999999999998,0,5.1668315166342187e-07
2.1795,0,5.7135871005531409e-07
2.1800000000000002,0,6.3118296254049968e-07
2.1804999999999999,0,6.9657790759958258e-07
2.181,0,7.6799457809917371e-07
2.1815000000000002,0,8.4591460260963201e-07
2.1819999999999999,0,9.3085182005792073e-07
2.1825000000000001,0,1.0233539477599863e-06
2.1829999999999998,0,1.1240043023885703e-06
2.1835,0,1.2334235734656752e-06
2.1840000000000002,0,1.3522716487024411e-06
2.1844999999999999,0,1.4812494904536955e-06
2.1850000000000001,0,1.6211010622990686e-06
2.1855000000000002,0,1.7726153044739234e-06
2.1859999999999999,0,1.9366281570509793e-06
2.1865000000000001,0,2.1140246289519384e-06
2.1869999999999998,0,2.3057409113902417e-06
2.1875,0,2.5127665335911154e-06
2.1880000000000002,0,2.7361465585906687e-06
2.1884999999999999,0,2.9769838168380859e-06
2.1890000000000001,0,3.2364411750140929e-06
2.1894999999999998,0,3.5157438370125858e-06
2.1899999999999999,0,3.8161816743431663e-06
2.1905000000000001,0,4.1391115824462862e-06
2.1909999999999998,0,4.4859598595348158e-06
2.1915,0,4.8582246042427887e-06
2.1920000000000002,0,5.2574781280845249e-06
2.1924999999999999,0,5.6853693786163007e-06
2.1930000000000001,0,6.1436263689040873e-06
2.1934999999999998,0,6.6340586087010319e-06
2.194,0,7.158559532494113e-06
2.1945000000000001,0,7.7191089195127745e-06
2.1949999999999998,0,8.3177753003482728e-06
2.1955,0,8.9567183449767999e-06
2.1960000000000002,0,9.6381912263687749e-06
2.1964999999999999,0,1.0364542954099942e-05
2.1970000000000001,0,1.1138220672002319e-05
2.1974999999999998,0,1.1961771913693297e-05
2.198,0,1.2837846809887754e-05
2.1985000000000001,0,1.3769200240976164e-05
2.1989999999999998,0,1.4758693928473843e-05
2.1995,0,1.5809298458813183e-05
2.2000000000000002,0,1.6924095232562219e-05
2.2004999999999999,0,1.8106278332596926e-05
2.2010000000000001,0,1.9359156304143977e-05
2.2014999999999998,0,2.0686153839921672e-05
2.202,0,2.2090813363473406e-05
2.2025000000000001,0,2.3576796503699259e-05
2.2029999999999998,0,2.5147885453680187e-05
2.2035,0,2.680798420687802e-05
2.2040000000000002,0,2.8561119663872425e-05
2.2044999999999999,0,3.0411442602673588e-05
2.2050000000000001,0,3.2363228506016031e-05
2.2054999999999998,0,3.4420878238849983e-05
2.206,0,3.6588918569557816e-05
2.2065000000000001,0,3.8872002528433927e-05
2.2069999999999999,0,4.1274909597088796e-05
2.2075,0,4.3802545722859688e-05
2.2080000000000002,0,4.6459943152010738e-05
2.2084999999999999,0,4.9252260076293464e-05
2.2090000000000001,0,5.21847800871722e-05
2.2094999999999998,0,5.5262911432529818e-05
2.21,0,5.8492186070890909e-05
2.2105000000000001,0,6.1878258518310863e-05
2.2109999999999999,0,6.5426904483667508e-05
2.2115,0,6.9144019288092107e-05
2.2120000000000002,0,7.3035616064842662e-05
2.2124999999999999,0,7.7107823736066722e-05
2.2130000000000001,0,8.1366884763467426e-05
2.2134999999999998,0,8.5819152670041363e-05
2.214,0,9.0471089330546034e-05
2.2145000000000001,0,9.5329262028853728e-05
2.2149999999999999,0,0.00010040034028048206
2.2155,0,0.00010569109241926888
2.2160000000000002,0,0.00011120838194742522
2.2164999999999999,0,0.00011695916364881098
2.2170000000000001,0,0.00012295047946536686
2.2174999999999998,0,0.00012918945413766813
2.218,0,0.00013568329061022232
2.2185000000000001,0,0.00014243926520356441
2.2189999999999999,0,0.00014946472255463749
2.2195,0,0.00015676707032832304
2.2200000000000002,0,0.0001643537737028078
2.2204999999999999,0,0.00017223234963226197
2.2210000000000001,0,0.00018041036089067042
2.2214999999999998,0,0.00018889540990124631
2.222,0,0.00019769513235596837
2.2225000000000001,0,0.00020681719063077032
2.2229999999999999,0,0.00021626926700190062
2.2235,0,0.00022605905666960301
2.2240000000000002,0,0.00023619426059576787
2.2244999999999999,0,0.00024668257816248265
2.2250000000000001,0,0.00025753169966016289
2.2254999999999998,0,0.00026874929861785412
2.226,0,0.00028034302399533307
2.2265000000000001,0,0.00029232049226585177
2.2269999999999999,0,0.00030468927942988165
2.2275,0,0.00031745691301270361
2.2280000000000002,0,0.00033063086411156962
2.2284999999999999,0,0.00034421853957050663
2.2290000000000001,0,0.0003582272743716475
2.2294999999999998,0,0.00037266432434132082
2.23,0,0.00038753685927566116
2.2305000000000001,0,0.00040285195659413021
2.2309999999999999,0,0.00041861659563056095
2.2315,0,0.00043483765266851828
2.2320000000000002,0,0.0004515218968229484
2.2324999999999999,0,0.00046867598686133326
2.2330000000000001,0,0.00048630646904681554
2.2334999999999998,0,0.000504419776072329
2.234,0,0.00052302222713924702
2.2345000000000002,0,0.00054212002921711906
2.2349999999999999,0,0.0005617192795023707
2.2355,0,0.00058182596907502271
2.2360000000000002,0,0.00060244598773253613
2.2364999999999999,0,0.00062358512996038009
2.2370000000000001,0,0.0006452491019795281
2.2374999999999998,0,0.00066744352979242194
2.238,0,0.00069017396813154659
2.2385000000000002,0,0.00071344591019811832
2.2389999999999999,0,0.00073726479806393022
2.2395,0,0.00076163603359604706
2.2400000000000002,0,0.00078656498975330222
2.2404999999999999,0,0.00081205702209389272
2.2410000000000001,0,0.00083811748032707194
2.2414999999999998,0,0.0008647517197361565
2.242,0,0.00089196511229816533
2.2425000000000002,0,0.00091976305732437429
2.2429999999999999,0,0.00094815099144754942
2.2435,0,0.00097713439778529532
2.2440000000000002,0,0.0010067188141142601
2.2444999999999999,0,0.0010369098398969379
2.2450000000000001,0,0.001067713142011939
2.2454999999999998,0,0.0010991344590484896
2.246,0,0.0011311796040381129
2.2465000000000002,0,0.0011638544655084959
2.2469999999999999,0,0.0011971650067591709
2.2475000000000001,0,0.0012311172632726187
2.2480000000000002,0,0.00126571733818992
2.2484999999999999,0,0.0013009713957958912
2.2490000000000001,0,0.0013368856529746508
2.2494999999999998,0,0.0013734663686124859
2.25,0,0.0014107198309416757
2.2505000000000002,0,0.0014486523428343112
2.2509999999999999,0,0.0014872702050712449
2.2515000000000001,0,0.0015265796976266844
2.2519999999999998,0,0.0015665870590234054
2.2524999999999999,0,0.0016072984638280997
2.2530000000000001,0,0.0016487199983692524
2.2534999999999998,0,0.0016908576347731351
2.254,0,0.0017337172034246561
2.2545000000000002,0,0.0017773043639706331
2.2549999999999999,0,0.0018216245749931969
2.2555000000000001,0,0.0018666830624889496
2.2559999999999998,0,0.0019124847872978412
2.2565,0,0.0019590344116317991
2.2570000000000001,0,0.0020063362648586104
2.2574999999999998,0,0.0020543943087010684
2.258,0,0.0021032121020144847
2.2585000000000002,0,0.0021527927653077318
2.2589999999999999,0,0.0022031389451744434
2.2595000000000001,0,0.002254252778800636
2.2599999999999998,0,0.0023061358587145196
2.2605,0,0.0023587891979422793
2.2610000000000001,0,0.0024122131957307834
2.2614999999999998,0,0.0024664076039949802
2.262,0,0.0025213714946429209
2.2625000000000002,0,0.0025771032279266692
2.2629999999999999,0,0.0026336004219613242
2.2635000000000001,0,0.0026908599235480946
2.2639999999999998,0,0.0027488777804305252
2.2645,0,0.002807649215105379
2.2650000000000001,0,0.0028671686003016949
2.2654999999999998,0,0.0029274294362336972
2.266,0,0.0029884243297242487
2.2665000000000002,0,0.0030501449752867614
2.2669999999999999,0,0.0031125821382446796
2.2675000000000001,0,0.0031757256399582044
2.2679999999999998,0,0.0032395643452187485
2.2685,0,0.0033040861518621734
2.2690000000000001,0,0.0033692779826428711
2.2694999999999999,0,0.0034351257794009381
2.27,0,0.0035016144995461016
2.2705000000000002,0,0.0035687281148723883
2.2709999999999999,0,0.0036364496127095471
2.2715000000000001,0,0.0037047609994074969
2.2719999999999998,0,0.0037736433061425489
2.2725,0,0.0038430765970256741
2.2730000000000001,0,0.0039130399794853003
2.2734999999999999,0,0.0039835116168894236
2.274,0,0.0040544687433651475
2.2745000000000002,0,0.0041258876807665377
2.2749999999999999,0,0.0041977438577353032
2.2755000000000001,0,0.0042700118307931302
2.2759999999999998,0,0.0043426653073985414
2.2765,0,0.0044156771708960593
2.2770000000000001,0,0.0044890195072807889
2.2774999999999999,0,0.0045626636336970061
2.278,0,0.0046365801285854881
2.2785000000000002,0,0.0047107388633908509
2.2789999999999999,0,0.0047851090357369785
2.2795000000000001,0,0.004859659203975986
2.2799999999999998,0,0.004934357323013905
2.2805,0,0.0050091707813144978
2.2810000000000001,0,0.0050840664389809279
2.2814999999999999,0,0.0051590106668139898
2.282,0,0.0052339693862452517
2.2825000000000002,0,0.0053089081100425317
2.2829999999999999,0,0.0053837919836853152
2.2835000000000001,0,0.0054585858273085265
2.2839999999999998,0,0.0055332541781128895
2.2845,0,0.005607761333141714
2.2850000000000001,0,0.00568207139232485
2.2854999999999999,0,0.0057561483016922207
2.286,0,0.00582995589666091
2.2865000000000002,0,0.0059034579453020484
2.2869999999999999,0,0.0059766181914957302
2.2875000000000001,1,0.0060494003978846193
2.2879999999999998,1,0.0061217683885398614
2.2885,0,-0.0038710398411886393
2.2890000000000001,0,-0.013813573062713103
2.2894999999999999,0,-0.01273872899682571
2.29,0,-0.011714639124081171
2.2905000000000002,0,-0.010738828852726746
2.2909999999999999,0,-0.0098089487759319364
2.2915000000000001,0,-0.0089227683587215553
2.2919999999999998,0,-0.0080781699395086615
2.2925,0,-0.0072731430305976287
2.2930000000000001,0,-0.0065057789028088679
2.2934999999999999,0,-0.0057742654401183426
2.294,0,-0.0050768822509093311
2.2945000000000002,0,-0.0044119960231022827
2.2949999999999999,0,-0.0037780561110636992
2.2955000000000001,0,-0.0031735903427986267
2.2959999999999998,0,-0.0025972010365047813
2.2965,0,-0.0020475612161089838
2.2970000000000002,0,-0.0015234110159249026
2.2974999999999999,0,-0.001023554265061477
2.298,0,-0.00054685524267704681
2.2985000000000002,0,-9.2235595618284091e-05
2.2989999999999999,0,0.00034132858959761147
2.2995000000000001,0,0.00075480956809916846
2.2999999999999998,0,0.0011491305785366168
2.3005,0,0.0015251683524201477
2.3010000000000002,0,0.0018968804974795138
2.3014999999999999,0,0.0022706743823724396
2.302,0,0.0026441816085385874
2.3025000000000002,0,0.003015351213013362
2.3029999999999999,0,0.0033824154032858879
2.3035000000000001,0,0.0037438588961073659
2.3039999999999998,0,0.0040983914605236208
2.3045,0,0.0044449233138509122
2.3050000000000002,0,0.0047825430612949416
2.3054999999999999,0,0.0051104979063713585
2.306,0,0.0054281758910190384
2.3065000000000002,0,0.0057350899519739151
2.3069999999999999,1,0.0060308636041607744
2.3075000000000001,1,0.0063152180830417515
2.3079999999999998,0,-0.003657507645617941
2.3085,0,-0.013580178887778859
2.3090000000000002,0,-0.012309485901933393
2.3094999999999999,0,-0.011101636844955165
2.3100000000000001,0,-0.0099540196369293128
2.3105000000000002,0,-0.0088641059970100636
2.3109999999999999,0,-0.0078294510980575719
2.3115000000000001,0,-0.0068476929132125332
2.3119999999999998,0,-0.0059165512998313966
2.3125,0,-0.005033826860820878
2.3130000000000002,0,-0.0041973996186539849
2.3134999999999999,0,-0.0034052275331508675
2.3140000000000001,0,-0.0026553448903894107
2.3144999999999998,0,-0.0019458605868228119
2.3149999999999999,0,-0.001274956329768695
2.3155000000000001,0,-0.00064088477285281222
2.3159999999999998,0,-4.1967602703640861e-05
2.3165,0,0.00052340640883706828
2.3170000000000002,0,0.0010567833745208643
2.3174999999999999,0,0.0015596462726490735
2.3180000000000001,0,0.0020334169297295812
2.3184999999999998,0,0.002479457996643042
2.319,0,0.0028990749112463242
2.3195000000000001,0,0.0032935178413321274
2.3199999999999998,0,0.0036639836027453575
2.3205,0,0.0040116175482371782
2.3210000000000002,0,0.0043375154233313059
2.3214999999999999,0,0.0046427251860910899
2.3220000000000001,0,0.0049282487882200358
2.3224999999999998,0,0.005195043915409525
2.323,0,0.005444025685274567
2.3235000000000001,0,0.0056760683015921855
2.3239999999999998,0,0.0058920066638909144
2.3245,1,0.0060926379317302829
2.3250000000000002,1,0.0062787230432658214
2.3254999999999999,0,-0.0037040504422687246
2.3260000000000001,0,-0.0136373614445919
2.3264999999999998,0,-0.01247831518818766
2.327,0,-0.011381723502145179
2.3275000000000001,0,-0.010344454443137774
2.3279999999999998,0,-0.0093635306822859588
2.3285,0,-0.0084361219748982259
2.3290000000000002,0,-0.0075595379894656031
2.3294999999999999,0,-0.0067312214792756841
2.3300000000000001,0,-0.0059487417807424616
2.3304999999999998,0,-0.0052097886232565617
2.331,0,-0.0045121662360360524
2.3315000000000001,0,-0.0038537877381072281
2.3319999999999999,0,-0.0032326697981677754
2.3325,0,-0.0026469275516803671
2.3330000000000002,0,-0.0020947697631169991
2.3334999999999999,0,-0.0015744942218211655
2.3340000000000001,0,-0.0010844833604784277
2.3344999999999998,0,-0.0006232000856890241
2.335,0,-0.000189183810614435
2.3355000000000001,0,0.00021895331987061838
2.3359999999999999,0,0.00060253002064905028
2.3365,0,0.00096279928316528318
2.3370000000000002,0,0.0013009516258692955
2.3374999999999999,0,0.0016181181862250371
2.3380000000000001,0,0.0019153736618403693
2.3384999999999998,0,0.0021937391079251633
2.339,0,0.002454184597949416
2.3395000000000001,0,0.0026976317540534089
2.3399999999999999,0,0.0029249561534560376
2.3405,0,0.0031369896168162879
2.3410000000000002,0,0.0033345223842235704
2.3414999999999999,0,0.0035183051842271997
2.3420000000000001,0,0.0036890512010604669
2.3424999999999998,0,0.0038474379449737082
2.343,0,0.0039941090303579731
2.3435000000000001,0,0.0041296758661209963
2.3439999999999999,0,0.0042547192625662644
2.3445,0,0.004369790958824604
2.3450000000000002,0,0.0044754150746964868
2.3454999999999999,0,0.0045720894905798334
2.3460000000000001,0,0.004660287158983545
2.3464999999999998,0,0.004740457350961058
2.347,0,0.004813026840638379
2.3475000000000001,0,0.0048784010308611236
2.3479999999999999,0,0.0049369650228389909
2.3485,0,0.0049890846325300721
2.3490000000000002,0,0.0050351073563748797
2.3494999999999999,0,0.005075363288865287
2.3500000000000001,0,0.0051101659943148751
2.3504999999999998,0,0.0051398133350822771
2.351,0,0.0051645882583916669
2.3515000000000001,0,0.0051847595437907847
2.3519999999999999,0,0.0052005825131888894
2.3525,0,0.0052122997053225765
2.3530000000000002,0,0.00522014151640845
2.3534999999999999,0,0.0052243268086565207
2.3540000000000001,0,0.0052250634882366033
2.3544999999999998,0,0.0052225490542133542
2.355,0,0.0052169711198911005
2.3555000000000001,0,0.0052085079079404852
2.3559999999999999,0,0.0051973287206107943
2.3565,0,0.0051835943862697633
2.3570000000000002,0,0.0051674576834506158
2.3574999999999999,0,0.0051490637435294808
2.3580000000000001,0,0.0051285504331004426
2.3584999999999998,0,0.0051060487170638382
2.359,0,0.0050816830033932779
2.3595000000000002,0,0.0050555714704995647
2.3599999999999999,0,0.0050278263780641928
2.3605,0,0.0049985543621724358
2.3610000000000002,0,0.0049678567155354127
2.3614999999999999,0,0.0049358296535503051
2.3620000000000001,0,0.0049025645669128594
2.3624999999999998,0,0.0048681482614586265
2.363,0,0.004832663185878083
2.3635000000000002,0,0.0047961876479171717
2.3639999999999999,0,0.004758796019645295
2.3645,0,0.0047205589323433775
2.3650000000000002,0,0.0046815434615376074
2.3654999999999999,0,0.0046418133026777776
2.3660000000000001,0,0.0046014289379343824
2.3664999999999998,0,0.0045604477945652257
2.367,0,0.0045189243952794781
2.3675000000000002,0,0.0044769105010056152
2.3679999999999999,0,0.0044344552464496197
2.3685,0,0.0043916052688100617
2.3690000000000002,0,0.0043484048299987973
2.3694999999999999,0,0.0043048959326976279
2.3700000000000001,0,0.0042611184305656798
2.3704999999999998,0,0.0042171101328953185
2.371,0,0.0041729069040003734
2.3715000000000002,0,0.0041285427576054131
2.3719999999999999,0,0.0040840499464915745
2.3725000000000001,0,0.004039459047641092
2.3730000000000002,0,0.0039947990431112414
2.3734999999999999,0,0.0039500973968557562
2.3740000000000001,0,0.0039053801277010524
2.3744999999999998,0,0.0038606718786745597
2.375,0,0.0038159959828715563
2.3755000000000002,0,0.0037713745260377963
2.3759999999999999,0,0.0037268284060364421
2.3765000000000001,0,0.0036823773893590039
2.3769999999999998,0,0.0036380401648312467
2.3774999999999999,0,0.0035938343946585348
2.3780000000000001,0,0.0035497767629463993
2.3784999999999998,0,0.0035058830218260726
2.379,0,0.0034621680353076334
2.3795000000000002,0,0.0034186458209772507
2.3799999999999999,0,0.0033753295896487901
2.3805000000000001,0,0.003332231783074846
2.3809999999999998,0,0.0032893641098163061
2.3815,0,0.0032467375793651331
2.3820000000000001,0,0.0032043625346089288
2.3824999999999998,0,0.0031622486827230902
2.383,0,0.0031204051245700692
2.3835000000000002,0,0.0030788403826825794
2.3839999999999999,0,0.0030375624279026293
2.3845000000000001,0,0.0029965787047450563
2.3849999999999998,0,0.0029558961555507745
2.3855,0,0.0029155212434909816
2.3860000000000001,0,0.0028754599744808427
2.3864999999999998,0,0.0028357179180584003
2.387,0,0.0027963002272805904
2.3875000000000002,0,0.002757211657686609
2.3879999999999999,0,0.0027184565853756505
2.3885000000000001,0,0.0026800390242438855
2.3889999999999998,0,0.0026419626424226349
2.3895,0,0.0026042307779586714
2.3900000000000001,0,0.0025668464537737857
2.3904999999999998,0,0.0025298123919408667
2.391,0,0.0024931310273095474
2.3915000000000002,0,0.0024568045205146881
2.3919999999999999,0,0.0024208347703982059
2.3925000000000001,0,0.0023852234258731841
2.3929999999999998,0,0.0023499718972581295
2.3935,0,0.0023150813671074743
2.3940000000000001,0,0.0022805528005630181
2.3944999999999999,0,0.0022463869552501901
2.395,0,0.0022125843907409128
2.3955000000000002,0,0.0021791454776046272
2.3959999999999999,0,0.0021460704060671464
2.3965000000000001,0,0.0021133591942967822
2.3969999999999998,0,0.0020810116963350888
2.3975,0,0.0020490276096899796
2.3980000000000001,0,0.0020174064826069095
2.3984999999999999,0,0.0019861477210335711
2.399,0,0.0019552505952927235
2.3995000000000002,0,0.0019247142464768219
2.3999999999999999,0,0.0018945376925776248
2.4005000000000001,0,0.0018647198343630157
2.4009999999999998,0,0.0018352594610128725
2.4015,0,0.0018061552555251881
2.4020000000000001,0,0.0017774057999029313
2.4024999999999999,0,0.0017490095801315885
2.403,0,0.001720964990957008
2.4035000000000002,0,0.0016932703404726524
2.4039999999999999,0,0.0016659238545245537
2.4045000000000001,0,0.0016389236809422835
2.4049999999999998,0,0.001612267893603614
2.4055,0,0.0015859544963401472
2.4060000000000001,0,0.001559981426690915
2.4064999999999999,0,0.0015343465595104022
2.407,0,0.0015090477104375388
2.4075000000000002,0,0.0014840826392311878
2.4079999999999999,0,0.0014594490529782566
2.4085000000000001,0,0.0014351446091792508
2.4089999999999998,0,0.0014111669187170551
2.4095,0,0.0013875135487130819
2.4100000000000001,0,0.0013641820252758507
2.4104999999999999,0,0.0013411698361462498
2.411,0,0.001318474433243666
2.4115000000000002,0,0.001296093235116913
2.4119999999999999,0,0.0012740236293036888
2.4125000000000001,0,0.0012522629746022473
2.4129999999999998,0,0.0012308086032588594
2.4135,0,0.001209657823073762
2.4140000000000001,0,0.0011888079194294133
2.4144999999999999,0,0.0011682561572435967
2.415,0,0.0011479997828500398
2.4155000000000002,0,0.0011280360258098976
2.4159999999999999,0,0.0011083621006557575
2.4165000000000001,0,0.001088975208571441
2.4169999999999998,0,0.0010698725390094089
2.4175,0,0.0010510512712484043
2.4180000000000001,0,0.0010325085758928986
2.4184999999999999,0,0.0010142416163171132
2.419,0,0.00099624755005489618
2.4195000000000002,0,0.00097852353013774254
2.4199999999999999,0,0.00096106670638256291
2.4205000000000001,0,0.00094387422663112504
2.4209999999999998,0,0.00092694323794219042
2.4215,0,0.0009102708877389065
2.4220000000000002,0,0.00089385432491200238
2.4224999999999999,0,0.00087769070088085095
2.423,0,0.00086177717061348687
2.4235000000000002,0,0.00084611089360703273
2.4239999999999999,0,0.00083068903482970131
2.4245000000000001,0,0.00081550876562574981
2.4249999999999998,0,0.00080056726458435092
2.4255,0,0.00078586171837383698
2.4260000000000002,0,0.00077138932254197103
2.4264999999999999,0,0.00075714728228384323
2.427,0,0.00074313281317778257
2.4275000000000002,0,0.00072934314189084806
2.4279999999999999,0,0.00071577550685437692
2.4285000000000001,0,0.0007024271589108344
2.4289999999999998,0,0.00068929536193250711
2.4295,0,0.00067637739341336323
2.4300000000000002,0,0.0006636705450342006
2.4304999999999999,0,0.00065117212320280342
2.431,0,0.00063887944956887428
2.4315000000000002,0,0.00062678986151507574
2.4319999999999999,0,0.00061490071262499941
2.4325000000000001,0,0.00060320937312824396
2.4329999999999998,0,0.00059171323032373155
2.4335,0,0.00058040968898160901
2.4340000000000002,0,0.00056929617172445384
2.4344999999999999,0,0.00055837011938869585
2.4350000000000001,0,0.00054762899136630012
2.4355000000000002,0,0.00053707026592775264
2.4359999999999999,0,0.00052669144052642776
2.4365000000000001,0,0.00051649003208554807
2.4369999999999998,0,0.00050646357726766842
2.4375,0,0.00049660963272745167
2.4380000000000002,0,0.00048692577534815707
2.4384999999999999,0,0.00047740960246247523
2.4390000000000001,0,0.0004680587320578522
2.4394999999999998,0,0.00045887080296724836
2.4399999999999999,0,0.00044984347504533061
2.4405000000000001,0,0.00044097442933067611
2.4409999999999998,0,0.00043226136819456417
2.4415,0,0.00042370201547657914
2.4420000000000002,0,0.00041529411660755632
2.4424999999999999,0,0.00040703543871988267
2.4430000000000001,0,0.0003989237707463955
2.4434999999999998,0,0.00039095692350723523
2.444,0,0.00038313272978567347
2.4445000000000001,0,0.00037544904439299474
2.4449999999999998,0,0.00036790374422285277
2.4455,0,0.0003604947282957238
2.4460000000000002,0,0.00035321991779295735
2.4464999999999999,0,0.00034607725608178932
2.4470000000000001,0,0.0003390647087307963
2.4474999999999998,0,0.00033218026351670147
2.448,0,0.00032542193042225389
2.4485000000000001,0,0.00031878774162600319
2.4489999999999998,0,0.00031227575148393691
2.4495,0,0.00030588403650336768
2.4500000000000002,0,0.00029961069530916041
2.4504999999999999,0,0.00029345384860297586
2.4510000000000001,0,0.00028741163911533141
2.4514999999999998,0,0.00028148223155097794
2.452,0,0.00027566381252783765
2.4525000000000001,0,0.00026995459050950245
2.4529999999999998,0,0.00026435279573197026
2.4535,0,0.00025885668012447515
2.4540000000000002,0,0.00025346451722459975
2.4544999999999999,0,0.00024817460208829132
2.4550000000000001,0,0.00024298525119458291
2.4554999999999998,0,0.00023789480234530646
2.456,0,0.00023290161456025472
2.4565000000000001,0,0.00022800406796776861
2.4569999999999999,0,0.00022320056369088404
2.4575,0,0.00021848952372927055
2.4580000000000002,0,0.00021386939083748447
2.4584999999999999,0,0.00020933862839893623
2.4590000000000001,0,0.00020489572029691594
2.4594999999999998,0,0.00020053917078145523
2.46,0,0.00019626750433333618
2.4605000000000001,0,0.00019207926552492483
2.4609999999999999,0,0.00018797301887776285
2.4615,0,0.00018394734871776119
2.4620000000000002,0,0.00018000085902732942
2.4624999999999999,0,0.00017613217329539576
2.4630000000000001,0,0.00017233993436456264
2.4634999999999998,0,0.00016862280427628606
2.464,0,0.00016497946411409004
2.4645000000000001,0,0.00016140861384447147
2.4649999999999999,0,0.00015790897215616216
2.4655,0,0.00015447927629764769
2.4660000000000002,0,0.00015111828191293196
2.4664999999999999,0,0.00014782476287608092
2.4670000000000001,0,0.00014459751112404494
2.4674999999999998,0,0.00014143533648856011
2.468,0,0.00013833706652665033
2.4685000000000001,0,0.00013530154635011949
2.4689999999999999,0,0.00013232763845415495
2.4695,0,0.00012941422254502121
2.4700000000000002,0,0.00012656019536703145
2.4704999999999999,0,0.00012376447052887541
2.4710000000000001,0,0.00012102597832921446
2.4714999999999998,0,0.00011834366558198806
2.472,0,0.00011571649544117601
2.4725000000000001,0,0.00011314344722538339
2.4729999999999999,0,0.00011062351624203659
2.4735,0,0.00010815571361144638
2.4740000000000002,0,0.00010573906609080419
2.4744999999999999,0,0.00010337261589815627
2.4750000000000001,0,0.00010105542053646665
2.4754999999999998,0,9.8786552617746715e-05
2.476,0,9.6565099687406788e-05
2.4765000000000001,0,9.4390164048785416e-05
2.4769999999999999,0,9.2260862588011694e-05
2.4775,0,9.0176326599311626e-05
2.4780000000000002,0,8.8135701610692066e-05
2.4784999999999999,0,8.613814721005752e-05
2.4790000000000001,0,8.4182836871748984e-05
2.4794999999999998,0,8.2268957784137339e-05
2.48,0,8.0395710677183543e-05
2.4805000000000001,0,7.8562309651242226e-05
2.4809999999999999,0,7.6767982006176183e-05
2.4815,0,7.5011968071481136e-05
2.4820000000000002,0,7.3293521037220982e-05
2.4824999999999999,0,7.1611906785606919e-05
2.4830000000000001,0,6.9966403723653589e-05
2.4834999999999998,0,6.8356302616690015e-05
2.484,0,6.6780906422780889e-05
2.4845000000000002,0,6.5239530128358153e-05
2.4849999999999999,0,6.3731500584440765e-05
2.4855,0,6.2256156344342456e-05
2.4860000000000002,0,6.0812847502178523e-05
2.4864999999999999,0,5.9400935532794022e-05
2.4870000000000001,0,5.8019793132380039e-05
2.4874999999999998,0,5.6668804060555632e-05
2.488,0,5.5347362983682036e-05
2.4885000000000002,0,5.4054875319153871e-05
2.4889999999999999,0,5.2790757081111474e-05
2.4895,0,5.1554434727152376e-05
2.4900000000000002,0,5.0345345006719279e-05
2.4904999999999999,0,4.9162934810287326e-05
2.4910000000000001,0,4.8006661020350003e-05
2.4914999999999998,0,4.6875990363104413e-05
2.492,0,4.5770399262223818e-05
2.4925000000000002,0,4.4689373693262978e-05
2.4929999999999999,0,4.3632409039873199e-05
2.4935,0,4.2599009951171943e-05
2.4940000000000002,0,4.1588690200555775e-05
2.4944999999999999,0,4.0600972545845605e-05
2.4950000000000001,0,3.9635388591008346e-05
2.4954999999999998,0,3.8691478648966714e-05
2.496,0,3.7768791606107577e-05
2.4965000000000002,0,3.6866884788000484e-05
2.4969999999999999,0,3.5985323826781547e-05
2.4975000000000001,0,3.5123682529525359e-05
2.4980000000000002,0,3.4281542748582086e-05
2.4984999999999999,0,3.3458494252913693e-05
2.4990000000000001,0,3.265413460113997e-05
2.4994999999999998,0,3.186806901579464e-05
2.5,0,3.1099910259235752e-05
2.5005000000000002,0,3.0349278510832801e-05
2.5009999999999999,0,2.9615801245574948e-05
2.5015000000000001,0,2.8899113114289056e-05
2.5019999999999998,0,2.8198855825134485e-05
2.5024999999999999,0,2.7514678026496765e-05
2.5030000000000001,0,2.6846235191479993e-05
2.5034999999999998,0,2.6193189503731505e-05
2.504,0,2.5555209744587694e-05
2.5045000000000002,0,2.4931971181740841e-05
2.5049999999999999,0,2.4323155459460288e-05
2.5055000000000001,0,2.3728450489846063e-05
2.5059999999999998,0,2.314755034583671e-05
2.5065,0,2.2580155155516036e-05
2.5070000000000001,0,2.2025970997696653e-05
2.5074999999999998,0,2.1484709798935685e-05
2.508,0,2.0956089232015972e-05
2.5085000000000002,0,2.0439832615770646e-05
2.5089999999999999,0,1.9935668816228878e-05
2.5095000000000001,0,1.944333214902727e-05
2.5099999999999998,0,1.8962562283353358e-05
2.5105,0,1.8493104147143669e-05
2.5110000000000001,0,1.8034707833580744e-05
2.5114999999999998,0,1.7587128508844695e-05
2.512,0,1.715012632146351e-05
2.5125000000000002,0,1.6723466312584811e-05
2.5129999999999999,0,1.6306918327757546e-05
2.5135000000000001,0,1.5900256930045931e-05
2.5139999999999998,0,1.5503261314220307e-05
2.5145,0,1.5115715222369097e-05
2.5150000000000001,0,1.4737406860698687e-05
2.5154999999999998,0,1.4368128817521253e-05
2.516,0,1.4007677982641464e-05
2.5165000000000002,0,1.3655855467842315e-05
2.5169999999999999,0,1.331246652842566e-05
2.5175000000000001,0,1.2977320486262655e-05
2.5179999999999998,0,1.2650230653843409e-05
2.5185,0,1.2331014259603368e-05
2.5190000000000001,0,1.2019492374271134e-05
2.5194999999999999,0,1.1715489838315386e-05
2.52,0,1.1418835190890596e-05
2.5205000000000002,0,1.1129360599559935e-05
2.5209999999999999,0,1.0846901791239372e-05
2.5215000000000001,0,1.0571297984229843e-05
2.5219999999999998,0,1.0302391821526146e-05
2.5225,0,1.0040029304825282e-05
2.5230000000000001,0,9.7840597299225781e-06
2.5234999999999999,0,9.5343356230959134e-06
2.524,0,9.2907126784558251e-06
2.5245000000000002,0,9.0530496963947549e-06
2.5249999999999999,0,8.8212085230909849e-06
2.5255000000000001,0,8.5950539908008487e-06
2.5259999999999998,0,8.3744538595165178e-06
2.5265,0,8.1592787592121848e-06
2.5270000000000001,0,7.9494021333892384e-06
2.5274999999999999,0,7.7447001833763622e-06
2.528,0,7.5450518136288555e-06
2.5285000000000002,0,7.3503385781048539e-06
2.5289999999999999,0,7.1604446272632852e-06
2.5295000000000001,0,6.9752566563052735e-06
2.5299999999999998,0,6.7946638540261613e-06
2.5305,0,6.6185578527666601e-06
2.5310000000000001,0,6.4468326791966568e-06
2.5314999999999999,0,6.2793847058872919e-06
2.532,0,6.1161126037379002e-06
2.5325000000000002,0,5.9569172953133355e-06
2.5329999999999999,0,5.8017019091249898e-06
2.5335000000000001,0,5.6503717343447944e-06
2.5339999999999998,0,5.5028341767293652e-06
2.5345,0,5.358998715188079e-06
2.5350000000000001,0,5.2187768591172022e-06
2.5354999999999999,0,5.0820821063668475e-06
2.536,0,4.9488299023847658e-06
2.5365000000000002,0,4.8189375996599008e-06
2.5369999999999999,0,4.6923244181540366e-06
2.5375000000000001,0,4.5689114064439982e-06
2.5379999999999998,0,4.4486214034300529e-06
2.5385,0,4.3313790010213182e-06
2.5390000000000001,0,4.2171105071986402e-06
2.5394999999999999,0,4.1057439100433687e-06
2.54,0,3.9972088422768334e-06
2.5405000000000002,0,3.8914365465436697e-06
2.5409999999999999,0,3.7883598412613574e-06
2.5415000000000001,0,3.6879130872691236e-06
2.5419999999999998,0,3.5900321549542367e-06
2.5425,0,3.4946543920333362e-06
2.5430000000000001,0,3.4017185920665049e-06
2.5434999999999999,0,3.311164963415436e-06
2.544,0,3.2229350989010365e-06
2.5445000000000002,0,3.1369719460716538e-06
2.5449999999999999,0,3.0532197779598034e-06
2.5455000000000001,0,2.9716241644051067e-06
2.5459999999999998,0,2.8921319440100569e-06
2.5465,0,2.8146911965620802e-06
2.5470000000000002,0,2.7392512162216497e-06
2.5474999999999999,0,2.6657624847326033e-06
2.548,0,2.594176645842605e-06
2.5485000000000002,0,2.5244464795792787e-06
2.5489999999999999,0,2.4565258775477439e-06
2.5495000000000001,0,2.3903698183946886e-06
2.5499999999999998,0,2.3259343438497559e-06
2.5505,0,2.2631765353331447e-06
2.5510000000000002,0,2.2020544909295834e-06
2.5514999999999999,0,2.1425273028841118e-06
2.552,0,2.0845550355530485e-06
2.5525000000000002,0,2.0280987036769282e-06
2.5529999999999999,0,1.9731202513417758e-06
2.5535000000000001,0,1.9195825311069113e-06
2.5539999999999998,0,1.8674492836989742e-06
2.5545,0,1.8166851181611321e-06
2.5550000000000002,0,1.7672554922798511e-06
2.5554999999999999,0,1.7191266935445703e-06
2.556,0,1.6722658204182394e-06
2.5565000000000002,0,1.6266407639298209e-06
2.5569999999999999,0,1.5822201898219035e-06
2.5575000000000001,0,1.5389735209869747e-06
2.5579999999999998,0,1.4968709201923502e-06
2.5585,0,1.4558832733380101e-06
2.5590000000000002,0,1.4159821728809695e-06
2.5594999999999999,0,1.3771399016704322e-06
2.5600000000000001,0,1.3393294172936442e-06
2.5605000000000002,0,1.3025243363995465e-06
2.5609999999999999,0,1.2666989197551715e-06
2.5615000000000001,0,1.2318280572243268e-06
2.5619999999999998,0,1.197887253467922e-06
2.5625,0,1.1648526135665803e-06
2.5630000000000002,0,1.1327008292871809e-06
2.5634999999999999,0,1.1014091652938872e-06
2.5640000000000001,0,1.0709554460253123e-06
2.5644999999999998,0,1.0413180425716817e-06
2.5649999999999999,0,1.0124758599627802e-06
2.5655000000000001,0,9.8440832474455675e-07
2.5659999999999998,0,9.5709537272226082e-07
2.5665,0,9.3051743706995536e-07
2.5670000000000002,0,9.0465543667317405e-07
2.5674999999999999,0,8.7949076469362455e-07
2.5680000000000001,0,8.5500527737814023e-07
2.5684999999999998,0,8.3118128320069933e-07
2.569,0,8.0800153211546539e-07
2.5695000000000001,0,7.854492051317941e-07
2.5699999999999998,0,7.6350790420010026e-07
2.5705,0,7.4216164205331834e-07
2.5710000000000002,0,7.2139483261457469e-07
2.5714999999999999,0,7.0119228127163426e-07
2.5720000000000001,0,6.815391756176403e-07
2.5724999999999998,0,6.6242107641389938e-07
2.573,0,6.4382390853046094e-07
2.5735000000000001,0,6.2573395228637805e-07
2.5739999999999998,0,6.0813783478996799e-07
2.5745,0,5.9102252183418356e-07
2.5750000000000002,0,5.743753095366344e-07
2.5754999999999999,0,5.581838165791275e-07
2.5760000000000001,0,5.4243597610303949e-07
2.5764999999999998,0,5.2712002845956007e-07
2.577,0,5.1222451349364204e-07
2.5775000000000001,0,4.9773826343857408e-07
2.5779999999999998,0,4.836503957772464e-07
2.5785,0,4.6995030617003053e-07
2.5790000000000002,0,4.5662766192666735e-07
2.5794999999999999,0,4.4367239514508939e-07
2.5800000000000001,0,4.3107469633874017e-07
2.5804999999999998,0,4.1882500814161003e-07
2.581,0,4.0691401901327142e-07
2.5815000000000001,0,3.9533265725477664e-07
2.5819999999999999,0,3.8407208525770286e-07
2.5825,0,3.731236935200499e-07
2.5830000000000002,0,3.6247909511732957e-07
2.5834999999999999,0,3.521301201958593e-07
2.5840000000000001,0,3.4206881062148752e-07
2.5844999999999998,0,3.3228741471713617e-07
2.585,0,3.2277838215577501e-07
2.5855000000000001,0,3.1353435893111125e-07
2.5859999999999999,0,3.0454818257252824e-07
2.5865,0,2.958128771823887e-07
2.5870000000000002,0,2.873216490062447e-07
2.5874999999999999,0,2.7906788172549215e-07
2.5880000000000001,0,2.7104513199427417e-07
2.5884999999999998,0,2.6324712532055372e-07
2.589,0,2.5566775164742593e-07
2.5895000000000001,0,2.4830106123419069e-07
2.5899999999999999,0,2.4114126065954979e-07
2.5905,0,2.3418270893582617e-07
2.5910000000000002,0,2.274199135898769e-07
2.5914999999999999,0,2.2084752692164146e-07
2.5920000000000001,0,2.1446034237371236e-07
2.5924999999999998,0,2.0825329097862166e-07
2.593,0,2.0222143786163828e-07
2.5935000000000001,0,1.9635997872136102e-07
2.5939999999999999,0,1.9066423662117415e-07
2.5945,0,1.8512965880290721e-07
2.5950000000000002,0,1.7975181345608605e-07
2.5954999999999999,0,1.7452638655379716e-07
2.5960000000000001,0,1.6944917897721011e-07
2.5964999999999998,0,1.6451610346246426e-07
2.597,0,1.5972318186951995e-07
2.5975000000000001,0,1.5506654220676098e-07
2.5979999999999999,0,1.5054241611078823e-07
2.5985,0,1.4614713595983985e-07
2.5990000000000002,0,1.4187713250901624e-07
2.5994999999999999,0,1.3772893215913128e-07
2.6000000000000001,0,1.3369915463634641e-07
2.6004999999999998,0,1.2978451049416862e-07
2.601,0,1.2598179871536885e-07
2.6015000000000001,0,1.2228790463586492e-07
2.6019999999999999,0,1.1869979746892411e-07
2.6025,0,1.1521452818463729e-07
2.6030000000000002,0,1.1182922753372182e-07
2.6034999999999999,0,1.0854110380487114e-07
2.6040000000000001,0,1.0534744083745551e-07
2.6044999999999998,0,1.0224559604532502e-07
2.605,0,9.9232998596043842e-08
2.6055000000000001,0,9.6307147445795499e-08
2.6059999999999999,0,9.3465609518617041e-08
2.6065,0,9.070601790783783e-08
2.6070000000000002,0,8.8026070144131549e-08
2.6074999999999999,0,8.5423526607897321e-08
2.6080000000000001,0,8.2896208741800595e-08
2.6084999999999998,0,8.0441997496460968e-08
2.609,0,7.8058831776139923e-08
2.6095000000000002,0,7.5744706862224126e-08
2.6099999999999999,0,7.349767300324217e-08
2.6105,0,7.1315833760632335e-08
2.6110000000000002,0,6.9197344954030624e-08
2.6114999999999999,0,6.7140412962629628e-08
2.6120000000000001,0,6.5143293492830881e-08
2.6124999999999998,0,6.3204290301488442e-08
2.613,0,6.1321753819232322e-08
2.6135000000000002,0,5.9494080018041017e-08
2.6139999999999999,0,5.7719709134484989e-08
2.6145,0,5.5997124492890293e-08
2.6150000000000002,0,5.43248513729111e-08
2.6154999999999999,0,5.2701455810488795e-08
2.6160000000000001,0,5.1125543687469133e-08
2.6164999999999998,0,4.9595759499254655e-08
2.617,0,4.811078535560398e-08
2.6175000000000002,0,4.6669340014737773e-08
2.6179999999999999,0,4.5270177839729089e-08
2.6185,0,4.3912087877018279e-08
2.6190000000000002,0,4.2593892923825652e-08
2.6194999999999999,0,4.1314448551155179e-08
2.6200000000000001,0,4.0072642326638433e-08
2.6204999999999998,0,3.8867392893049414e-08
2.621,0,3.7697649091228415e-08
2.6215000000000002,0,3.6562389238437023e-08
2.6219999999999999,0,3.5460620206873014e-08
2.6225000000000001,0,3.4391376768638791e-08
2.6230000000000002,0,3.3353720763074081e-08
2.6234999999999999,0,3.2346740375110984e-08
2.6240000000000001,0,3.1369549402526786e-08
2.6244999999999998,0,3.0421286623116826e-08
2.625,0,2.9501114984231692e-08
2.6255000000000002,0,2.8608221125381306e-08
2.6259999999999999,0,2.774181460107883e-08
2.6265000000000001,0,2.6901127270217984e-08
2.6269999999999998,0,2.6085412718757084e-08
2.6274999999999999,0,2.5293945593585222e-08
2.6280000000000001,0,2.4526021114024132e-08
2.6284999999999998,0,2.378095448341e-08
2.629,0,2.3058080289573012e-08
2.6295000000000002,0,2.2356752005237013e-08
2.6299999999999999,0,2.1676341499521357e-08
2.6305000000000001,0,2.1016238471727178e-08
2.6309999999999998,0,2.0375849985043716e-08
2.6315,0,1.9754599989152412e-08
2.6320000000000001,0,1.9151928887239932e-08
2.6324999999999998,0,1.8567292969784433e-08
2.633,0,1.8000164114795326e-08
2.6335000000000002,0,1.745002926600847e-08
2.6339999999999999,0,1.6916390022103655e-08
2.6345000000000001,0,1.6398762270330992e-08
2.6349999999999998,0,1.5896675753523937e-08
2.6355,0,1.5409673714827931e-08
2.6360000000000001,0,1.4937312453611184e-08
2.6364999999999998,0,1.4479161036806687e-08
2.637,0,1.4034800921436386e-08
2.6375000000000002,0,1.3603825610442045e-08
2.6379999999999999,0,1.3185840264107184e-08
2.6385000000000001,0,1.2780461455808024e-08
2.6389999999999998,0,1.2387316794537639e-08
2.6395,0,1.2006044625145762e-08
2.6400000000000001,0,1.1636293772987471e-08
2.6404999999999998,0,1.1277723166447373e-08
2.641,0,1.0930001614894991e-08
2.6415000000000002,0,1.0592807508924552e-08
2.6419999999999999,0,1.0265828576105918e-08
2.6425000000000001,0,9.948761570122144e-09
2.6429999999999998,0,9.6413120487248708e-09
2.6435,0,9.3431941294852553e-09
2.6440000000000001,0,9.05413020113599e-09
2.6444999999999999,0,8.7738507792423096e-09
2.645,0,8.5020941731350771e-09
2.6455000000000002,0,8.2386063637862599e-09
2.6459999999999999,0,7.9831406818442471e-09
2.6465000000000001,0,7.7354576744070862e-09
2.6469999999999998,0,7.4953248940801128e-09
2.6475,0,7.2625166436246502e-09
2.6480000000000001,0,7.0368138649357094e-09
2.6484999999999999,0,6.8180038947929235e-09
2.649,0,6.605880276122633e-09
2.6495000000000002,0,6.4002426358733547e-09
2.6499999999999999,0,6.2008964629711727e-09
2.6505000000000001,0,6.0076529195818294e-09
2.6509999999999998,0,5.8203287744973409e-09
2.6515,0,5.6387461366824709e-09
2.6520000000000001,0,5.46273235535466e-09
2.6524999999999999,0,5.2921198756550328e-09
2.653,0,5.1267460721149403e-09
2.6535000000000002,0,4.9664531043269736e-09
2.6539999999999999,0,4.8110877837181928e-09
2.6545000000000001,0,4.6605014403233726e-09
2.6549999999999998,0,4.5145498117626918e-09
2.6555,0,4.373092921117205e-09
2.6560000000000001,0,4.2359948881909304e-09
2.6564999999999999,0,4.1031238406930015e-09
2.657,0,3.9743518809309816e-09
2.6575000000000002,0,3.8495548415617975e-09
2.6579999999999999,0,3.728612274489507e-09
2.6585000000000001,0,3.6114072954340772e-09
2.6589999999999998,0,3.4978264840113129e-09
2.6595,0,3.3877597949150129e-09
2.6600000000000001,0,3.28110049130359e-09
2.6604999999999999,0,3.1777449560621562e-09
2.661,0,3.0775926918025222e-09
2.6615000000000002,0,2.9805461765342046e-09
2.6619999999999999,0,2.8865108414599661e-09
2.6625000000000001,0,2.7953949044423608e-09
2.6629999999999998,0,2.7071093255948144e-09
2.6635,0,2.6215677517704707e-09
2.6640000000000001,0,2.5386863722332009e-09
2.6644999999999999,0,2.4583839075553725e-09
2.665,0,2.3805815319022371e-09
2.6655000000000002,0,2.3052027620096284e-09
2.6659999999999999,0,2.2321734016728103e-09
2.6665000000000001,0,2.1614214862353265e-09
2.6669999999999998,0,2.0928772492823098e-09
2.6675,0,2.0264729672092586e-09
2.6680000000000001,0,1.9621429592220354e-09
2.6684999999999999,0,1.8998235762346383e-09
2.669,0,1.8394530232335172e-09
2.6695000000000002,0,1.7809714147887235e-09
2.6699999999999999,0,1.7243206307249181e-09
2.6705000000000001,0,1.669444305019141e-09
2.6709999999999998,0,1.6162878369030409e-09
2.6715,0,1.5647981910227315e-09
2.6720000000000002,0,1.5149240084610938e-09
2.6724999999999999,0,1.4666154291020917e-09
2.673,0,1.4198241360396935e-09
2.6735000000000002,0,1.3745032778622602e-09
2.6739999999999999,0,1.3306073909369332e-09
2.6745000000000001,0,1.2880924105118652e-09
2.6749999999999998,0,1.2469156152050687e-09
2.6755,0,1.2070355714932646e-09
2.6760000000000002,0,1.1684121115074219e-09
2.6764999999999999,0,1.1310062775216068e-09
2.677,0,1.0947803330552119e-09
2.6775000000000002,0,1.0596976518506552e-09
2.6779999999999999,0,1.0257227289756088e-09
2.6785000000000001,0,9.9282115861853981e-10
2.6789999999999998,0,9.6095957857755825e-10
2.6795,0,9.3010562585149616e-10
2.6800000000000002,0,9.0022794774213821e-10
2.6804999999999999,0,8.7129616854753069e-10
2.681,0,8.4328078964190918e-10
2.6815000000000002,0,8.1615325608908051e-10
2.6819999999999999,0,7.8988587892681039e-10
2.6825000000000001,0,7.6445180186013319e-10
2.6829999999999998,0,7.3982502346581218e-10
2.6835,0,7.1598030837449753e-10
2.6840000000000002,0,6.928932094751872e-10
2.6844999999999999,0,6.7054001240407501e-10
2.6850000000000001,0,6.4889776885124206e-10
2.6855000000000002,0,6.2794421884504461e-10
2.6859999999999999,0,6.076577907521141e-10
2.6865000000000001,0,5.8801755686843647e-10
2.6869999999999998,0,5.6900324452158198e-10
2.6875,0,5.5059522496847539e-10
2.6880000000000002,0,5.3277445788424418e-10
2.6884999999999999,0,5.1552249136221915e-10
2.6890000000000001,0,4.9882145081170395e-10
2.6894999999999998,0,4.82654005651284e-10
2.6899999999999999,0,4.6700336930882717e-10
2.6905000000000001,0,4.5185325481256198e-10
2.6909999999999998,0,4.3718790809776921e-10
2.6915,0,4.229920524956299e-10
2.6920000000000002,0,4.0925088873322577e-10
2.6924999999999999,0,3.9595005052461829e-10
2.6930000000000001,0,3.8307563787753908e-10
2.6934999999999998,0,3.7061419488892965e-10
2.694,0,3.5855266533602046e-10
2.6945000000000001,0,3.4687840377856104e-10
2.6949999999999998,0,3.3557915335435948e-10
2.6955,0,3.2464303467705236e-10
2.6960000000000002,0,3.1405856804056499e-10
2.6964999999999999,0,3.0381461790796036e-10
2.6970000000000001,0,2.9390037070697874e-10
2.6974999999999998,0,2.8430537923895829e-10
2.698,0,2.7501949606545394e-10
2.6985000000000001,0,2.6603292901938859e-10
2.6989999999999998,0,2.573361412849806e-10
2.6995,0,2.4891992911335591e-10
2.7000000000000002,0,2.4077538851585699e-10
2.7004999999999999,0,2.3289385975289177e-10
2.7010000000000001,0,2.2526697174285459e-10
2.7014999999999998,0,2.1788661985766566e-10
2.702,0,2.1074494371831065e-10
2.7025000000000001,0,2.0383431609261038e-10
2.7029999999999998,0,1.9714739840637207e-10
2.7035,0,1.9067702972108691e-10
2.7040000000000002,0,1.844163044495417e-10
2.7044999999999999,0,1.7835851684466774e-10
2.7050000000000001,0,1.724971832040012e-10
2.7054999999999998,0,1.668260196652227e-10
2.706,0,1.6133895330838756e-10
2.7065000000000001,0,1.5603006664477447e-10
2.7069999999999999,0,1.5089366423026718e-10
2.7075,0,1.4592422825643326e-10
2.7080000000000002,0,1.4111639634606377e-10
2.7084999999999999,0,1.3646499485986395e-10
2.7090000000000001,0,1.3196500558976255e-10
2.7094999999999998,0,1.2761155465668139e-10
2.71,0,1.2339993471499611e-10
2.7105000000000001,0,1.1932558274807548e-10
2.7109999999999999,0,1.1538409117051174e-10
2.7115,0,1.1157119672589033e-10
2.7120000000000002,0,1.0788272497563866e-10
2.7124999999999999,0,1.0431471242355883e-10
2.7130000000000001,0,1.008632399823739e-10
2.7134999999999998,0,9.7524588404951376e-11
2.714,0,9.4295105057540246e-11
2.7145000000000001,0,9.1171248328691942e-11
2.7149999999999999,0,8.8149643140411629e-11
2.7155,0,8.5226947721395161e-11
2.7160000000000002,0,8.2399997936022368e-11
2.7164999999999999,0,7.9665674057594058e-11
2.7170000000000001,0,7.7021000688404229e-11
2.7174999999999998,0,7.4463069044128355e-11
2.718,0,7.1989059158283913e-11
2.7185000000000001,0,6.9596262086690788e-11
2.7189999999999999,0,6.7282068805241124e-11
2.7195,0,6.5043892494287553e-11
2.7200000000000002,0,6.2879290663175885e-11
2.7204999999999999,0,6.0785876332403177e-11
2.7210000000000001,0,5.8761340238078216e-11
2.7214999999999998,0,5.6803428627461015e-11
2.722,0,5.4909998770114042e-11
2.7225000000000001,0,5.3078930140060265e-11
2.7229999999999999,0,5.1308213233625109e-11
2.7235,0,4.9595882956054993e-11
2.7240000000000002,0,4.794002972374756e-11
2.7244999999999999,0,4.6338821668712171e-11
2.7250000000000001,0,4.479046022964894e-11
2.7254999999999998,0,4.3293224560869704e-11
2.726,0,4.184548263452825e-11
2.7265000000000001,0,4.0445591320548147e-11
2.7269999999999999,0,3.9091974102234418e-11
2.7275,0,3.7783154382964315e-11
2.7280000000000002,0,3.651765556611508e-11
2.7284999999999999,0,3.5294056566215201e-11
2.7290000000000001,0,3.4110980706714147e-11
2.7294999999999998,0,3.2967106822212598e-11
2.73,0,3.1861158156232249e-11
2.7305000000000001,0,3.0791891258985517e-11
2.7309999999999999,0,2.9758107089605802e-11
2.7315,0,2.8758628811687005e-11
2.7320000000000002,0,2.7792357304434744e-11
2.7324999999999999,0,2.6858182344824399e-11
2.7330000000000001,0,2.5955049220982572e-11
2.7334999999999998,0,2.5081936527726612e-11
2.734,0,2.4237856166564599e-11
2.7345000000000002,0,2.3421875550155846e-11
2.7349999999999999,0,2.2633050988929426e-11
2.7355,0,2.1870516508926131e-11
2.7360000000000002,0,2.1133372829496011e-11
2.7364999999999999,0,2.0420809487831092e-11
2.7370000000000001,0,1.9732004918893154e-11
2.7374999999999998,0,1.9066170864334707e-11
2.738,0,1.8422552372499013e-11
2.7385000000000002,0,1.7800438900650307e-11
2.7389999999999999,0,1.7199086599362091e-11
2.7395,0,1.6617840437049837e-11
2.7400000000000002,0,1.605600097320803e-11
2.7404999999999999,0,1.5512946482942881e-11
2.7410000000000001,0,1.4988066343590845e-11
2.7414999999999998,0,1.4480761034718626e-11
2.742,0,1.3990442138123171e-11
2.7425000000000002,0,1.3516532337831678e-11
2.7429999999999999,0,1.3058498726792322e-11
2.7435,0,1.2615819500183533e-11
2.7440000000000002,0,1.2187983955413984e-11
2.7444999999999999,0,1.1774503594352837e-11
2.7450000000000001,0,1.1374889918869257e-11
2.7454999999999998,0,1.0988698839753396e-11
2.746,0,1.0615475165565158e-11
2.7465000000000002,0,1.0254785909324937e-11
2.7469999999999999,0,9.9062313907438686e-12
2.7475000000000001,0,9.5693897250725961e-12
2.7480000000000002,0,9.2438834364827471e-12
2.7484999999999999,0,8.9293350491459481e-12
2.7490000000000001,0,8.6253559850035802e-12
2.7494999999999998,0,8.3316242793785029e-12
2.75,0,8.0477846609028347e-12
2.7505000000000002,0,7.7735151648994367e-12
2.7509999999999999,0,7.508482724460918e-12
2.7515000000000001,0,7.2523986816008804e-12
2.7519999999999998,0,7.0049521738724252e-12
2.7524999999999999,0,6.7658545432891516e-12
2.7530000000000001,0,6.5348393363251487e-12
2.7534999999999998,0,6.3116178949940149e-12
2.754,0,6.0959459702303322e-12
2.7545000000000002,0,5.8875571085081903e-12
2.7549999999999999,0,5.6862181629924182e-12
2.7555000000000001,0,5.4916959868478446e-12
2.7559999999999998,0,5.3037685354695439e-12
2.7565,0,5.1221804575618535e-12
2.7570000000000001,0,4.9467541174408326e-12
2.7574999999999998,0,4.7772785727318025e-12
2.758,0,4.613531778829838e-12
2.7585000000000002,0,4.4553361000509993e-12
2.7589999999999999,0,4.3025250029415926e-12
2.7595000000000001,0,4.1548875451269397e-12
2.7599999999999998,0,4.0122682953835923e-12
2.7605,0,3.8744896180276104e-12
2.7610000000000001,0,3.7413738773750541e-12
2.7614999999999998,0,3.6128100511234606e-12
2.762,0,3.4885982991283981e-12
2.7625000000000002,0,3.3686164968571574e-12
2.7629999999999999,0,3.252709213086291e-12
2.7635000000000001,0,3.140743221052844e-12
2.7639999999999998,0,3.0326074984543538e-12
2.7645,0,2.928146614067373e-12
2.7650000000000001,0,2.827260647819685e-12
2.7654999999999998,0,2.7298052707180888e-12
2.766,0,2.6356694604601216e-12
2.7665000000000002,0,2.5447310925130752e-12
2.7669999999999999,0,2.4569013490349788e-12
2.7675000000000001,0,2.3720803099536169e-12
2.7679999999999998,0,2.2901569529665268e-12
2.7685,0,2.2110202557712453e-12
2.7690000000000001,0,2.1345925027560498e-12
2.7694999999999999,0,2.0607848760789695e-12
2.77,0,1.9894863534375418e-12
2.7705000000000002,0,1.9206414236805356e-12
2.7709999999999999,0,1.8541501667357353e-12
2.7715000000000001,0,1.78992376476117e-12
2.7719999999999998,0,1.7279067066056087e-12
2.7725,0,1.6680101744270815e-12
2.7730000000000001,0,1.6101786570743571e-12
2.7734999999999999,0,1.5543233367054654e-12
2.774,0,1.5003775999389291e-12
2.7745000000000002,0,1.4482859356235167e-12
2.7749999999999999,0,1.3979817303777508e-12
2.7755000000000001,0,1.3493983708201539e-12
2.7759999999999998,0,1.3024914480297411e-12
2.7765,0,1.2571832463947886e-12
2.7770000000000001,0,1.2134404592245574e-12
2.7774999999999999,0,1.1712075753678163e-12
2.778,0,1.1304179814430881e-12
2.7785000000000002,0,1.0910383707596339e-12
2.7789999999999999,0,1.0530132321662223e-12
2.7795000000000001,0,1.0162981567418683e-12
2.7799999999999998,0,9.8084873556558713e-13
2.7805,0,9.4662055971639343e-13
2.7810000000000001,0,9.1355811804305635e-13
2.7814999999999999,0,8.8165030831532929e-13
2.782,0,8.508416193819812e-13
2.7825000000000002,0,8.2110984678251949e-13
2.7829999999999999,0,7.92399479365713e-13
2.7835000000000001,0,7.6467721044082286e-13
2.7839999999999998,0,7.3792083554735659e-13
2.7845,0,7.1207484353408292e-13
2.7850000000000001,0,6.8712813217075567e-13
2.7854999999999999,0,6.6304739476663597e-13
2.786,0,6.3978822240073894e-13
2.7865000000000002,0,6.1733951284281829e-13
2.7869999999999999,0,5.9567906163238145e-13
2.7875000000000001,0,5.7476245984844354e-13
2.7879999999999998,0,5.5456750303051198e-13
2.7885,0,5.3507198671809419e-13
2.7890000000000001,0,5.1625370645069779e-13
2.7894999999999999,0,4.9809045776783019e-13
2.79,0,4.8056003620899901e-13
2.7905000000000002,0,4.6362913508346537e-13
2.7909999999999999,0,4.4728665216098309e-13
2.7915000000000001,0,4.3151038298105957e-13
2.7919999999999998,0,4.1628922531344869e-13
2.7925,0,4.015898724674116e-13
2.7930000000000001,0,3.8740122221270213e-13
2.7934999999999999,0,3.7372327454932017e-13
2.794,0,3.6050051832603457e-13
2.7945000000000002,0,3.4774405577309151e-13
2.7949999999999999,0,3.3543168242999857e-13
2.7955000000000001,0,3.235411938362631e-13
2.7959999999999998,0,3.1206148776163902e-13
2.7965,0,3.0099256420612618e-13
2.7970000000000002,0,2.9031221870923219e-13
2.7974999999999999,0,2.7999824681046448e-13
2.798,0,2.7005064850982309e-13
2.7985000000000002,0,2.6044721934681548e-13
2.7989999999999999,0,2.5117685709119543e-13
2.7995000000000001,0,2.4223956174296292e-13
2.7999999999999998,0,2.3361312884162542e-13
2.8005,0,2.2528645615693677e-13
2.8010000000000002,0,2.1724844145865063e-13
2.8014999999999999,0,2.094879825165208e-13
2.802,0,2.0199397710030099e-13
2.8025000000000002,0,1.9475532297974497e-13
2.8029999999999999,0,1.8778312238509899e-13
2.8035000000000001,0,1.8105517085587052e-13
2.8039999999999998,0,1.7456036616181336e-13
2.8045,0,1.6829870830292749e-13
2.8050000000000002,0,1.6224799281872039e-13
2.8054999999999999,0,1.5641932193943832e-13
2.806,0,1.5079049120458877e-13
2.8065000000000002,0,1.4536150061417174e-13
2.8069999999999999,0,1.40121247937941e-13
2.8075000000000001,0,1.3505863094565029e-13
2.8079999999999998,0,1.3018475186754585e-13
2.8085,0,1.2548850847338144e-13
2.8090000000000002,0,1.2094769630266456e-13
2.8094999999999999,0,1.165623153553952e-13
2.8100000000000001,0,1.1233236563157333e-13
2.8105000000000002,0,1.0824674490095276e-13
2.8109999999999999,0,1.0431655539377971e-13
2.8115000000000001,0,1.0053069487980792e-13
2.8119999999999998,0,9.6878061128791162e-14
2.8125,0,9.3347551910483157e-14
2.8130000000000002,0,8.9939167224883934e-14
2.8134999999999999,0,8.6652907071993468e-14
2.8140000000000001,0,8.3488771451811772e-14
2.8144999999999998,0,8.0424555903846337e-14
2.8149999999999999,0,7.7471362658343418e-14
2.8155000000000001,0,7.4629191715303028e-14
2.8159999999999998,0,7.1886940844478886e-14
2.8165,0,6.9233507815624764e-14
2.8170000000000002,0,6.6679994858986904e-14
2.8174999999999999,0,6.4215299744319052e-14
2.8180000000000001,0,6.1850524701867473e-14
2.8184999999999998,0,5.9563465271139648e-14
2.819,0,5.7354121452135589e-14
2.8195000000000001,0,5.5222493244855284e-14
2.8199999999999998,0,5.3168580649298744e-14
2.8205,0,5.1181281435219717e-14
2.8210000000000002,0,4.9271697832864449e-14
2.8214999999999999,0,4.743982984223294e-14
2.8220000000000001,0,4.566347300283269e-14
2.8224999999999998,0,4.3953729544909945e-14
2.823,0,4.2299497238218464e-14
2.8235000000000001,0,4.0711878313004489e-14
2.8239999999999998,0,3.9179770539021772e-14
2.8245,0,3.7692071686024065e-14
2.8250000000000002,0,3.6270986214503863e-14
2.8254999999999999,0,3.4894309663968671e-14
2.8260000000000001,0,3.3562042034418483e-14
2.8264999999999998,0,3.2285285556099553e-14
2.827,0,3.1052937998765627e-14
2.8275000000000001,0,2.9864999362416711e-14
2.8279999999999998,0,2.8721469647052798e-14
2.8285,0,2.7611246622427642e-14
2.8290000000000002,0,2.6545432518787492e-14
2.8294999999999999,0,2.5512925105886099e-14
2.8300000000000001,0,2.4524826613969709e-14
2.8304999999999998,0,2.3570034812792075e-14
2.831,0,2.2659651932599444e-14
2.8315000000000001,0,2.178257574314557e-14
2.8319999999999999,0,2.0927704014184201e-14
2.8325,0,2.0117241206207835e-14
2.8330000000000002,0,1.9328982858723975e-14
2.8334999999999999,0,1.8562928971732616e-14
2.8340000000000001,0,1.7830181775480013e-14
2.8344999999999998,0,1.7130741269966167e-14
2.835,0,1.6442402994698568e-14
2.8355000000000001,0,1.5787371410169725e-14
2.8359999999999999,0,1.5165646516379638e-14
2.8365,0,1.4555023852835802e-14
2.8370000000000002,0,1.3966605649784469e-14
2.8374999999999999,0,1.3389289676979387e-14
2.8380000000000001,0,1.2856382625159312e-14
2.8384999999999998,0,1.2334577803585489e-14
2.839,0,1.1834977442504168e-14
2.8395000000000001,0,1.13464793116691e-14
2.8399999999999999,0,1.0891287871572785e-14
2.8405,0,1.0436096431476471e-14
2.8410000000000002,0,1.000310945187266e-14
2.8414999999999999,0,9.5812247025151006e-15
2.8420000000000001,0,9.1815444136500449e-15
2.8424999999999998,0,8.7929663550312401e-15
2.843,0,8.4154905266586863e-15
2.8435000000000001,0,8.0602191587786359e-15
2.8439999999999999,0,7.716050021144838e-15
2.8445,0,7.3940853440035419e-15
2.8450000000000002,0,7.0721206668622475e-15
2.8454999999999999,0,6.7612582199672032e-15
2.8460000000000001,0,6.4614980033184114e-15
2.8464999999999998,0,6.1728400169158705e-15
2.847,0,5.9063864910058331e-15
2.8475000000000001,0,5.6510351953420466e-15
2.8479999999999999,0,5.4067861299245127e-15
2.8485,0,5.1736392947532296e-15
2.8490000000000002,0,4.9404924595819466e-15
2.8494999999999999,0,4.7073456244106636e-15
2.8500000000000001,0,4.496403249731884e-15
2.8504999999999998,0,4.2854608750531044e-15
2.851,0,4.0856207306205758e-15
2.8515000000000001,0,3.8857805861880479e-15
2.8519999999999999,0,3.7081449022480227e-15
2.8525,0,3.5416114485542492e-15
2.8530000000000002,0,3.3750779948604757e-15
2.8534999999999999,0,3.219646771412954e-15
2.8540000000000001,0,3.0642155479654322e-15
2.8544999999999998,0,2.9198865547641618e-15
2.855,0,2.7755575615628914e-15
2.8555000000000001,0,2.6312285683616209e-15
2.8559999999999999,0,2.4980018054066022e-15
2.8565,0,2.3758772726978348e-15
2.8570000000000002,0,2.2537527399890679e-15
2.8574999999999999,0,2.1316282072803005e-15
2.8580000000000001,0,2.0206059048177848e-15
2.8584999999999998,0,1.9095836023552692e-15
2.859,0,1.7985612998927535e-15
2.8595000000000002,0,1.6986412276764896e-15
2.8599999999999999,0,1.609823385706477e-15
2.8605,0,1.5210055437364644e-15
2.8610000000000002,0,1.432187701766452e-15
2.8614999999999999,0,1.3544720900426909e-15
2.8620000000000001,0,1.27675647831893e-15
2.8624999999999998,0,1.2101430968414207e-15
2.863,0,1.1435297153639113e-15
2.8635000000000002,0,1.0769163338864018e-15
2.8639999999999999,0,1.0103029524088924e-15
2.8645,0,9.5479180117763459e-16
2.8650000000000002,0,8.9928064994637676e-16
2.8654999999999999,0,8.4376949871511893e-16
2.8660000000000001,0,7.9936057773011273e-16
2.8664999999999998,0,7.5495165674510643e-16
2.867,0,7.1054273576010023e-16
2.8675000000000002,0,6.6613381477509392e-16
2.8679999999999999,0,6.2172489379008762e-16
2.8685,0,5.7731597280508142e-16
2.8690000000000002,0,5.3290705182007512e-16
2.8694999999999999,0,4.9960036108132044e-16
2.8700000000000001,0,4.6629367034256577e-16
2.8704999999999998,0,4.3298697960381104e-16
2.871,0,3.9968028886505636e-16
2.8715000000000002,0,3.6637359812630164e-16
2.8719999999999999,0,3.3306690738754696e-16
2.8725000000000001,0,2.9976021664879229e-16
2.8730000000000002,0,2.6645352591003756e-16
2.8734999999999999,0,2.3314683517128288e-16
2.8740000000000001,0,2.1094237467877973e-16
2.8744999999999998,0,1.9984014443252818e-16
2.875,0,1.8873791418627661e-16
2.8755000000000002,0,1.7763568394002506e-16
2.8759999999999999,0,1.6653345369377348e-16
2.8765000000000001,0,1.5543122344752191e-16
2.8769999999999998,0,1.4432899320127036e-16
2.8774999999999999,0,1.3322676295501878e-16
2.8780000000000001,0,1.2212453270876723e-16
2.8784999999999998,0,1.1102230246251565e-16
2.879,0,9.9920072216264091e-17
2.8795000000000002,0,8.8817841970012528e-17
2.8799999999999999,0,7.7715611723760953e-17
2.8805000000000001,0,6.661338147750939e-17
2.8809999999999998,0,5.5511151231257827e-17
2.8815,0,4.4408920985006264e-17
2.8820000000000001,0,3.3306690738754695e-17
2.8824999999999998,0,2.2204460492503132e-17
2.883,0,1.1102230246251566e-17
2.8835000000000002,0,0
2.8839999999999999,0,0
2.8845000000000001,0,0
2.8849999999999998,0,0
2.8855,0,0
2.8860000000000001,0,0
2.8864999999999998,0,0
2.887,0,0
2.8875000000000002,0,0
2.8879999999999999,0,0
2.8885000000000001,0,0
2.8889999999999998,0,0
2.8895,0,0
2.8900000000000001,0,0
2.8904999999999998,0,0
2.891,0,0
2.8915000000000002,0,0
2.8919999999999999,0,0
2.8925000000000001,0,0
2.8929999999999998,0,0
2.8935,0,0
2.8940000000000001,0,0
2.8944999999999999,0,0
2.895,0,0
2.8955000000000002,0,0
2.8959999999999999,0,0
2.8965000000000001,0,0
2.8969999999999998,0,0
2.8975,0,0
2.8980000000000001,0,0
2.8984999999999999,0,0
2.899,0,0
2.8995000000000002,0,0
2.8999999999999999,0,0
2.9005000000000001,0,0
2.9009999999999998,0,0
2.9015,0,0
2.9020000000000001,0,0
2.9024999999999999,0,0
2.903,0,0
2.9035000000000002,0,0
2.9039999999999999,0,0
2.9045000000000001,0,0
2.9049999999999998,0,0
2.9055,0,0
2.9060000000000001,0,0
2.9064999999999999,0,0
2.907,0,0
2.9075000000000002,0,0
2.9079999999999999,0,0
2.9085000000000001,0,0
2.9089999999999998,0,0
2.9095,0,0
2.9100000000000001,0,0
2.9104999999999999,0,0
2.911,0,0
2.9115000000000002,0,0
2.9119999999999999,0,0
2.9125000000000001,0,0
2.9129999999999998,0,0
2.9135,0,0
2.9140000000000001,0,0
2.9144999999999999,0,0
2.915,0,0
2.9155000000000002,0,0
2.9159999999999999,0,0
2.9165000000000001,0,0
2.9169999999999998,0,0
2.9175,0,0
2.9180000000000001,0,0
2.9184999999999999,0,0
2.919,0,0
2.9195000000000002,0,0
2.9199999999999999,0,0
2.9205000000000001,0,0
2.9209999999999998,0,0
2.9215,0,0
2.9220000000000002,0,0
2.9224999999999999,0,0
2.923,0,0
2.9235000000000002,0,0
2.9239999999999999,0,0
2.9245000000000001,0,0
2.9249999999999998,0,0
2.9255,0,0
2.9260000000000002,0,0
2.9264999999999999,0,0
2.927,0,0
2.9275000000000002,0,0
2.9279999999999999,0,0
2.9285000000000001,0,0
2.9289999999999998,0,0
2.9295,0,0
2.9300000000000002,0,0
2.9304999999999999,0,0
2.931,0,0
2.9315000000000002,0,0
2.9319999999999999,0,0
2.9325000000000001,0,0
2.9329999999999998,0,0
2.9335,0,0
2.9340000000000002,0,0
2.9344999999999999,0,0
2.9350000000000001,0,0
2.9355000000000002,0,0
2.9359999999999999,0,0
2.9365000000000001,0,0
2.9369999999999998,0,0
2.9375,0,0
2.9380000000000002,0,0
2.9384999999999999,0,0
2.9390000000000001,0,0
2.9394999999999998,0,0
2.9399999999999999,0,0
2.9405000000000001,0,0
2.9409999999999998,0,0
2.9415,0,0
2.9420000000000002,0,0
2.9424999999999999,0,0
2.9430000000000001,0,0
2.9434999999999998,0,0
2.944,0,0
2.9445000000000001,0,0
2.9449999999999998,0,0
2.9455,0,0
2.9460000000000002,0,0
2.9464999999999999,0,0
2.9470000000000001,0,0
2.9474999999999998,0,0
2.948,0,0
2.9485000000000001,0,0
2.9489999999999998,0,0
2.9495,0,0
2.9500000000000002,0,0
2.9504999999999999,0,0
2.9510000000000001,0,0
2.9514999999999998,0,0
2.952,0,0
2.9525000000000001,0,0
2.9529999999999998,0,0
2.9535,0,0
2.9540000000000002,0,0
2.9544999999999999,0,0
2.9550000000000001,0,0
2.9554999999999998,0,0
2.956,0,0
2.9565000000000001,0,0
2.9569999999999999,0,0
2.9575,0,0
2.9580000000000002,0,0
2.9584999999999999,0,0
2.9590000000000001,0,0
2.9594999999999998,0,0
2.96,0,0
2.9605000000000001,0,0
2.9609999999999999,0,0
2.9615,0,0
2.9620000000000002,0,0
2.9624999999999999,0,0
2.9630000000000001,0,0
2.9634999999999998,0,0
2.964,0,0
2.9645000000000001,0,0
2.9649999999999999,0,0
2.9655,0,0
2.9660000000000002,0,0
2.9664999999999999,0,0
2.9670000000000001,0,0
2.9674999999999998,0,0
2.968,0,0
2.9685000000000001,0,0
2.9689999999999999,0,0
2.9695,0,0
2.9700000000000002,0,0
2.9704999999999999,0,0
2.9710000000000001,0,0
2.9714999999999998,0,0
2.972,0,0
2.9725000000000001,0,0
2.9729999999999999,0,0
2.9735,0,0
2.9740000000000002,0,0
2.9744999999999999,0,0
2.9750000000000001,0,0
2.9754999999999998,0,0
2.976,0,0
2.9765000000000001,0,0
2.9769999999999999,0,0
2.9775,0,0
2.9780000000000002,0,0
2.9784999999999999,0,0
2.9790000000000001,0,0
2.9794999999999998,0,0
2.98,0,0
2.9805000000000001,0,0
2.9809999999999999,0,0
2.9815,0,0
2.9820000000000002,0,0
2.9824999999999999,0,0
2.9830000000000001,0,0
2.9834999999999998,0,0
2.984,0,0
2.9845000000000002,0,0
2.9849999999999999,0,0
2.9855,0,0
2.9860000000000002,0,0
2.9864999999999999,0,0
2.9870000000000001,0,0
2.9874999999999998,0,0
2.988,0,0
2.9885000000000002,0,0
2.9889999999999999,0,0
2.9895,0,0
2.9900000000000002,0,0
2.9904999999999999,0,0
2.9910000000000001,0,0
2.9914999999999998,0,0
2.992,0,0
2.9925000000000002,0,0
2.9929999999999999,0,0
2.9935,0,0
2.9940000000000002,0,0
2.9944999999999999,0,0
2.9950000000000001,0,0
2.9954999999999998,0,0
2.996,0,0
2.9965000000000002,0,0
2.9969999999999999,0,0
2.9975000000000001,0,0
2.9980000000000002,0,0
2.9984999999999999,0,0
2.9990000000000001,0,0
2.9994999999999998,0,0
3,0,0
3.0005000000000002,0,0
3.0009999999999999,0,0
3.0015000000000001,0,0
3.0019999999999998,0,0
3.0024999999999999,0,0
3.0030000000000001,0,0
3.0034999999999998,0,0
3.004,0,0
3.0045000000000002,0,0
3.0049999999999999,0,0
3.0055000000000001,0,0
3.0059999999999998,0,0
3.0065,0,0
3.0070000000000001,0,0
3.0074999999999998,0,0
3.008,0,0
3.0085000000000002,0,0
3.0089999999999999,0,0
3.0095000000000001,0,0
3.0099999999999998,0,0
3.0105,0,0
3.0110000000000001,0,0
3.0114999999999998,0,0
3.012,0,0
3.0125000000000002,0,0
3.0129999999999999,0,0
3.0135000000000001,0,0
3.0139999999999998,0,0
3.0145,0,0
3.0150000000000001,0,0
3.0154999999999998,0,0
3.016,0,0
3.0165000000000002,0,0
3.0169999999999999,0,0
3.0175000000000001,0,0
3.0179999999999998,0,0
3.0185,0,0
3.0190000000000001,0,0
3.0194999999999999,0,0
3.02,0,0
3.0205000000000002,0,0
3.0209999999999999,0,0
3.0215000000000001,0,0
3.0219999999999998,0,0
3.0225,0,0
3.0230000000000001,0,0
3.0234999999999999,0,0
3.024,0,0
3.0245000000000002,0,0
3.0249999999999999,0,0
3.0255000000000001,0,0
3.0259999999999998,0,0
3.0265,0,0
3.0270000000000001,0,0
3.0274999999999999,0,0
3.028,0,0
3.0285000000000002,0,0
3.0289999999999999,0,0
3.0295000000000001,0,0
3.0299999999999998,0,0
3.0305,0,0
3.0310000000000001,0,0
3.0314999999999999,0,0
3.032,0,0
3.0325000000000002,0,0
3.0329999999999999,0,0
3.0335000000000001,0,0
3.0339999999999998,0,0
3.0345,0,0
3.0350000000000001,0,0
3.0354999999999999,0,0
3.036,0,0
3.0365000000000002,0,0
3.0369999999999999,0,0
3.0375000000000001,0,0
3.0379999999999998,0,0
3.0385,0,0
3.0390000000000001,0,0
3.0394999999999999,0,0
3.04,0,0
3.0405000000000002,0,0
3.0409999999999999,0,0
3.0415000000000001,0,0
3.0419999999999998,0,0
3.0425,0,0
3.0430000000000001,0,0
3.0434999999999999,0,0
3.044,0,0
3.0445000000000002,0,0
3.0449999999999999,0,0
3.0455000000000001,0,0
3.0459999999999998,0,0
3.0465,0,0
3.0470000000000002,0,0
3.0474999999999999,0,0
3.048,0,0
3.0485000000000002,0,0
3.0489999999999999,0,0
3.0495000000000001,0,0
3.0499999999999998,0,0
3.0505,0,0
3.0510000000000002,0,0
3.0514999999999999,0,0
3.052,0,0
3.0525000000000002,0,0
3.0529999999999999,0,0
3.0535000000000001,0,0
3.0539999999999998,0,0
3.0545,0,0
3.0550000000000002,0,0
3.0554999999999999,0,0
3.056,0,0
3.0565000000000002,0,0
3.0569999999999999,0,0
3.0575000000000001,0,0
3.0579999999999998,0,0
3.0585,0,0
3.0590000000000002,0,0
3.0594999999999999,0,0
3.0600000000000001,0,0
3.0605000000000002,0,0
3.0609999999999999,0,0
3.0615000000000001,0,0
3.0619999999999998,0,0
3.0625,0,0
3.0630000000000002,0,0
3.0634999999999999,0,0
3.0640000000000001,0,0
3.0644999999999998,0,0
3.0649999999999999,0,0
3.0655000000000001,0,0
3.0659999999999998,0,0
3.0665,0,0
3.0670000000000002,0,0
3.0674999999999999,0,0
3.0680000000000001,0,0
3.0684999999999998,0,0
3.069,0,0
3.0695000000000001,0,0
3.0699999999999998,0,0
3.0705,0,0
3.0710000000000002,0,0
3.0714999999999999,0,0
3.0720000000000001,0,0
3.0724999999999998,0,0
3.073,0,0
3.0735000000000001,0,0
3.0739999999999998,0,0
3.0745,0,0
3.0750000000000002,0,0
3.0754999999999999,0,0
3.0760000000000001,0,0
3.0764999999999998,0,0
3.077,0,0
3.0775000000000001,0,0
3.0779999999999998,0,0
3.0785,0,0
3.0790000000000002,0,0
3.0794999999999999,0,0
3.0800000000000001,0,0
3.0804999999999998,0,0
3.081,0,0
3.0815000000000001,0,0
3.0819999999999999,0,0
3.0825,0,0
3.0830000000000002,0,0
3.0834999999999999,0,0
3.0840000000000001,0,0
3.0844999999999998,0,0
3.085,0,0
3.0855000000000001,0,0
3.0859999999999999,0,0
3.0865,0,0
3.0870000000000002,0,0
3.0874999999999999,0,0
3.0880000000000001,0,0
3.0884999999999998,0,0
3.089,0,0
3.0895000000000001,0,0
3.0899999999999999,0,0
3.0905,0,0
3.0910000000000002,0,0
3.0914999999999999,0,0
3.0920000000000001,0,0
3.0924999999999998,0,0
3.093,0,0
3.0935000000000001,0,0
3.0939999999999999,0,0
3.0945,0,0
3.0950000000000002,0,0
3.0954999999999999,0,0
3.0960000000000001,0,0
3.0964999999999998,0,0
3.097,0,0
3.0975000000000001,0,0
3.0979999999999999,0,0
3.0985,0,0
3.0990000000000002,0,0
3.0994999999999999,0,0
3.1000000000000001,0,0
3.1004999999999998,0,0
3.101,0,0
3.1015000000000001,0,0
3.1019999999999999,0,0
3.1025,0,0
3.1030000000000002,0,0
3.1034999999999999,0,0
3.1040000000000001,0,0
3.1044999999999998,0,0
3.105,0,0
3.1055000000000001,0,0
3.1059999999999999,0,0
3.1065,0,0
3.1070000000000002,0,0
3.1074999999999999,0,0
3.1080000000000001,0,0
3.1084999999999998,0,0
3.109,0,0
3.1095000000000002,0,0
3.1099999999999999,0,0
3.1105,0,0
3.1110000000000002,0,0
3.1114999999999999,0,0
3.1120000000000001,0,0
3.1124999999999998,0,0
3.113,0,0
3.1135000000000002,0,0
3.1139999999999999,0,0
3.1145,0,0
3.1150000000000002,0,0
3.1154999999999999,0,0
3.1160000000000001,0,0
3.1164999999999998,0,0
3.117,0,0
3.1175000000000002,0,0
3.1179999999999999,0,0
3.1185,0,0
3.1190000000000002,0,0
3.1194999999999999,0,0
3.1200000000000001,0,0
3.1204999999999998,0,0
3.121,0,0
3.1215000000000002,0,0
3.1219999999999999,0,0
3.1225000000000001,0,0
3.1230000000000002,0,0
3.1234999999999999,0,0
3.1240000000000001,0,0
3.1244999999999998,0,0
3.125,0,0
3.1255000000000002,0,0
3.1259999999999999,0,0
3.1265000000000001,0,0
3.1269999999999998,0,0
3.1274999999999999,0,0
3.1280000000000001,0,0
3.1284999999999998,0,0
3.129,0,0
3.1295000000000002,0,0
3.1299999999999999,0,0
3.1305000000000001,0,0
3.1309999999999998,0,0
3.1315,0,0
3.1320000000000001,0,0
3.1324999999999998,0,0
3.133,0,0
3.1335000000000002,0,0
3.1339999999999999,0,0
3.1345000000000001,0,0
3.1349999999999998,0,0
3.1355,0,0
3.1360000000000001,0,0
3.1364999999999998,0,0
3.137,0,0
3.1375000000000002,0,0
3.1379999999999999,0,0
3.1385000000000001,0,0
3.1389999999999998,0,0
3.1395,0,0
3.1400000000000001,0,0
3.1404999999999998,0,0
3.141,0,0
3.1415000000000002,0,0
3.1419999999999999,0,0
3.1425000000000001,0,0
3.1429999999999998,0,0
3.1435,0,0
3.1440000000000001,0,0
3.1444999999999999,0,0
3.145,0,0
3.1455000000000002,0,0
3.1459999999999999,0,0
3.1465000000000001,0,0
3.1469999999999998,0,0
3.1475,0,0
3.1480000000000001,0,0
3.1484999999999999,0,0
3.149,0,0
3.1495000000000002,0,0
3.1499999999999999,0,0
3.1505000000000001,0,0
3.1509999999999998,0,0
3.1515,0,0
3.1520000000000001,0,0
3.1524999999999999,0,0
3.153,0,0
3.1535000000000002,0,0
3.1539999999999999,0,0
3.1545000000000001,0,0
3.1549999999999998,0,0
3.1555,0,0
3.1560000000000001,0,0
3.1564999999999999,0,0
3.157,0,0
3.1575000000000002,0,0
3.1579999999999999,0,0
3.1585000000000001,0,0
3.1589999999999998,0,0
3.1595,0,0
3.1600000000000001,0,0
3.1604999999999999,0,0
3.161,0,0
3.1615000000000002,0,0
3.1619999999999999,0,0
3.1625000000000001,0,0
3.1629999999999998,0,0
3.1635,0,0
3.1640000000000001,0,0
3.1644999999999999,0,0
3.165,0,0
3.1655000000000002,0,0
3.1659999999999999,0,0
3.1665000000000001,0,0
3.1669999999999998,0,0
3.1675,0,0
3.1680000000000001,0,0
3.1684999999999999,0,0
3.169,0,0
3.1695000000000002,0,0
3.1699999999999999,0,0
3.1705000000000001,0,0
3.1709999999999998,0,0
3.1715,0,0
3.1720000000000002,0,0
3.1724999999999999,0,0
3.173,0,0
3.1735000000000002,0,0
3.1739999999999999,0,0
3.1745000000000001,0,0
3.1749999999999998,0,0
3.1755,0,0
3.1760000000000002,0,0
3.1764999999999999,0,0
3.177,0,0
3.1775000000000002,0,0
3.1779999999999999,0,0
3.1785000000000001,0,0
3.1789999999999998,0,0
3.1795,0,0
3.1800000000000002,0,0
3.1804999999999999,0,0
3.181,0,0
3.1815000000000002,0,0
3.1819999999999999,0,0
3.1825000000000001,0,0
3.1829999999999998,0,0
3.1835,0,0
3.1840000000000002,0,0
3.1844999999999999,0,0
3.1850000000000001,0,0
3.1855000000000002,0,0
3.1859999999999999,0,0
3.1865000000000001,0,0
3.1869999999999998,0,0
3.1875,0,0
3.1880000000000002,0,0
3.1884999999999999,0,0
3.1890000000000001,0,0
3.1894999999999998,0,0
3.1899999999999999,0,0
3.1905000000000001,0,0
3.1909999999999998,0,0
3.1915,0,0
3.1920000000000002,0,0
3.1924999999999999,0,0
3.1930000000000001,0,0
3.1934999999999998,0,0
3.194,0,0
3.1945000000000001,0,0
3.1949999999999998,0,0
3.1955,0,0
3.1960000000000002,0,0
3.1964999999999999,0,0
3.1970000000000001,0,0
3.1974999999999998,0,0
3.198,0,0
3.1985000000000001,0,0
3.1989999999999998,0,0
3.1995,0,0
3.2000000000000002,0,0
3.2004999999999999,0,0
3.2010000000000001,0,0
3.2014999999999998,0,0
3.202,0,0
3.2025000000000001,0,0
3.2029999999999998,0,0
3.2035,0,0
3.2040000000000002,0,0
3.2044999999999999,0,0
3.2050000000000001,0,0
3.2054999999999998,0,0
3.206,0,0
3.2065000000000001,0,0
3.2069999999999999,0,0
3.2075,0,0
3.2080000000000002,0,0
3.2084999999999999,0,0
3.2090000000000001,0,0
3.2094999999999998,0,0
3.21,0,0
3.2105000000000001,0,0
3.2109999999999999,0,0
3.2115,0,0
3.2120000000000002,0,0
3.2124999999999999,0,0
3.2130000000000001,0,0
3.2134999999999998,0,0
3.214,0,0
3.2145000000000001,0,0
3.2149999999999999,0,0
3.2155,0,0
3.2160000000000002,0,0
3.2164999999999999,0,0
3.2170000000000001,0,0
3.2174999999999998,0,0
3.218,0,0
3.2185000000000001,0,0
3.2189999999999999,0,0
3.2195,0,0
3.2200000000000002,0,0
3.2204999999999999,0,0
3.2210000000000001,0,0
3.2214999999999998,0,0
3.222,0,0
3.2225000000000001,0,0
3.2229999999999999,0,0
3.2235,0,0
3.2240000000000002,0,0
3.2244999999999999,0,0
3.2250000000000001,0,0
3.2254999999999998,0,0
3.226,0,0
3.2265000000000001,0,0
3.2269999999999999,0,0
3.2275,0,0
3.2280000000000002,0,0
3.2284999999999999,0,0
3.2290000000000001,0,0
3.2294999999999998,0,0
3.23,0,0
3.2305000000000001,0,0
3.2309999999999999,0,0
3.2315,0,0
3.2320000000000002,0,0
3.2324999999999999,0,0
3.2330000000000001,0,0
3.2334999999999998,0,0
3.234,0,0
3.2345000000000002,0,0
3.2349999999999999,0,0
3.2355,0,0
3.2360000000000002,0,0
3.2364999999999999,0,0
3.2370000000000001,0,0
3.2374999999999998,0,0
3.238,0,0
3.2385000000000002,0,0
3.2389999999999999,0,0
3.2395,0,0
3.2400000000000002,0,0
3.2404999999999999,0,0
3.2410000000000001,0,0
3.2414999999999998,0,0
3.242,0,0
3.2425000000000002,0,0
3.2429999999999999,0,0
3.2435,0,0
3.2440000000000002,0,0
3.2444999999999999,0,0
3.2450000000000001,0,0
3.2454999999999998,0,0
3.246,0,0
3.2465000000000002,0,0
3.2469999999999999,0,0
3.2475000000000001,0,0
3.2480000000000002,0,0
3.2484999999999999,0,0
3.2490000000000001,0,0
3.2494999999999998,0,0
3.25,0,0
3.2505000000000002,0,0
3.2509999999999999,0,0
3.2515000000000001,0,0
3.2519999999999998,0,0
3.2524999999999999,0,0
3.2530000000000001,0,0
3.2534999999999998,0,0
3.254,0,0
3.2545000000000002,0,0
3.2549999999999999,0,0
3.2555000000000001,0,0
3.2559999999999998,0,0
3.2565,0,0
3.2570000000000001,0,0
3.2574999999999998,0,0
3.258,0,0
3.2585000000000002,0,0
3.2589999999999999,0,0
3.2595000000000001,0,0
3.2599999999999998,0,0
3.2605,0,0
3.2610000000000001,0,0
3.2614999999999998,0,0
3.262,0,0
3.2625000000000002,0,0
3.2629999999999999,0,0
3.2635000000000001,0,0
3.2639999999999998,0,0
3.2645,0,0
3.2650000000000001,0,0
3.2654999999999998,0,0
3.266,0,0
3.2665000000000002,0,0
3.2669999999999999,0,0
3.2675000000000001,0,0
3.2679999999999998,0,0
3.2685,0,0
3.2690000000000001,0,0
3.2694999999999999,0,0
3.27,0,0
3.2705000000000002,0,0
3.2709999999999999,0,0
3.2715000000000001,0,0
3.2719999999999998,0,0
3.2725,0,0
3.2730000000000001,0,0
3.2734999999999999,0,0
3.274,0,0
3.2745000000000002,0,0
3.2749999999999999,0,0
3.2755000000000001,0,0
3.2759999999999998,0,0
3.2765,0,0
3.2770000000000001,0,0
3.2774999999999999,0,0
3.278,0,0
3.2785000000000002,0,0
3.2789999999999999,0,0
3.2795000000000001,0,0
3.2799999999999998,0,0
3.2805,0,0
3.2810000000000001,0,0
3.2814999999999999,0,0
3.282,0,0
3.2825000000000002,0,0
3.2829999999999999,0,0
3.2835000000000001,0,0
3.2839999999999998,0,0
3.2845,0,0
3.2850000000000001,0,0
3.2854999999999999,0,0
3.286,0,0
3.2865000000000002,0,0
3.2869999999999999,0,0
3.2875000000000001,0,0
3.2879999999999998,0,0
3.2885,0,0
3.2890000000000001,0,0
3.2894999999999999,0,0
3.29,0,0
3.2905000000000002,0,0
3.2909999999999999,0,0
3.2915000000000001,0,0
3.2919999999999998,0,0
3.2925,0,0
3.2930000000000001,0,0
3.2934999999999999,0,0
3.294,0,0
3.2945000000000002,0,0
3.2949999999999999,0,0
3.2955000000000001,0,0
3.2959999999999998,0,0
3.2965,0,0
3.2970000000000002,0,0
3.2974999999999999,0,0
3.298,0,0
3.2985000000000002,0,0
3.2989999999999999,0,0
3.2995000000000001,0,0
3.2999999999999998,0,0
3.3005,0,0
3.3010000000000002,0,0
3.3014999999999999,0,0
3.302,0,0
3.3025000000000002,0,0
3.3029999999999999,0,0
3.3035000000000001,0,0
3.3039999999999998,0,0
3.3045,0,0
3.3050000000000002,0,0
3.3054999999999999,0,0
3.306,0,0
3.3065000000000002,0,0
3.3069999999999999,0,0
3.3075000000000001,0,0
3.3079999999999998,0,0
3.3085,0,0
3.3090000000000002,0,0
3.3094999999999999,0,0
3.3100000000000001,0,0
3.3105000000000002,0,0
3.3109999999999999,0,0
3.3115000000000001,0,0
3.3119999999999998,0,0
3.3125,0,0
3.3130000000000002,0,0
3.3134999999999999,0,0
3.3140000000000001,0,0
3.3144999999999998,0,0
3.3149999999999999,0,0
3.3155000000000001,0,0
3.3159999999999998,0,0
3.3165,0,0
3.3170000000000002,0,0
3.3174999999999999,0,0
3.3180000000000001,0,0
3.3184999999999998,0,0
3.319,0,0
3.3195000000000001,0,0
3.3199999999999998,0,0
3.3205,0,0
3.3210000000000002,0,0
3.3214999999999999,0,0
3.3220000000000001,0,0
3.3224999999999998,0,0
3.323,0,0
3.3235000000000001,0,0
3.3239999999999998,0,0
3.3245,0,0
3.3250000000000002,0,0
3.3254999999999999,0,0
3.3260000000000001,0,0
3.3264999999999998,0,0
3.327,0,0
3.3275000000000001,0,0
3.3279999999999998,0,0
3.3285,0,0
3.3290000000000002,0,0
3.3294999999999999,0,0
3.3300000000000001,0,0
3.3304999999999998,0,0
3.331,0,0
3.3315000000000001,0,0
3.3319999999999999,0,0
3.3325,0,0
3.3330000000000002,0,0
3.3334999999999999,0,0
3.3340000000000001,0,0
3.3344999999999998,0,0
3.335,0,0
3.3355000000000001,0,0
3.3359999999999999,0,0
3.3365,0,0
3.3370000000000002,0,0
3.3374999999999999,0,0
3.3380000000000001,0,0
3.3384999999999998,0,0
3.339,0,0
3.3395000000000001,0,0
3.3399999999999999,0,0
3.3405,0,0
3.3410000000000002,0,0
3.3414999999999999,0,0
3.3420000000000001,0,0
3.3424999999999998,0,0
3.343,0,0
3.3435000000000001,0,0
3.3439999999999999,0,0
3.3445,0,0
3.3450000000000002,0,0
3.3454999999999999,0,0
3.3460000000000001,0,0
3.3464999999999998,0,0
3.347,0,0
3.3475000000000001,0,0
3.3479999999999999,0,0
3.3485,0,0
3.3490000000000002,0,0
3.3494999999999999,0,0
3.3500000000000001,0,0
3.3504999999999998,0,0
3.351,0,0
3.3515000000000001,0,0
3.3519999999999999,0,0
3.3525,0,0
3.3530000000000002,0,0
3.3534999999999999,0,0
3.3540000000000001,0,0
3.3544999999999998,0,0
3.355,0,0
3.3555000000000001,0,0
3.3559999999999999,0,0
3.3565,0,0
3.3570000000000002,0,0
3.3574999999999999,0,0
3.3580000000000001,0,0
3.3584999999999998,0,0
3.359,0,0
3.3595000000000002,0,0
3.3599999999999999,0,0
3.3605,0,0
3.3610000000000002,0,0
3.3614999999999999,0,0
3.3620000000000001,0,0
3.3624999999999998,0,0
3.363,0,0
3.3635000000000002,0,0
3.3639999999999999,0,0
3.3645,0,0
3.3650000000000002,0,0
3.3654999999999999,0,0
3.3660000000000001,0,0
3.3664999999999998,0,0
3.367,0,0
3.3675000000000002,0,0
3.3679999999999999,0,0
3.3685,0,0
3.3690000000000002,0,0
3.3694999999999999,0,0
3.3700000000000001,0,0
3.3704999999999998,0,0
3.371,0,0
3.3715000000000002,0,0
3.3719999999999999,0,0
3.3725000000000001,0,0
3.3730000000000002,0,0
3.3734999999999999,0,0
3.3740000000000001,0,0
3.3744999999999998,0,0
3.375,0,0
3.3755000000000002,0,0
3.3759999999999999,0,0
3.3765000000000001,0,0
3.3769999999999998,0,0
3.3774999999999999,0,0
3.3780000000000001,0,0
3.3784999999999998,0,0
3.379,0,0
3.3795000000000002,0,0
3.3799999999999999,0,0
3.3805000000000001,0,0
3.3809999999999998,0,0
3.3815,0,0
3.3820000000000001,0,0
3.3824999999999998,0,0
3.383,0,0
3.3835000000000002,0,0
3.3839999999999999,0,0
3.3845000000000001,0,0
3.3849999999999998,0,0
3.3855,0,0
3.3860000000000001,0,0
3.3864999999999998,0,0
3.387,0,0
3.3875000000000002,0,0
3.3879999999999999,0,0
3.3885000000000001,0,0
3.3889999999999998,0,0
3.3895,0,0
3.3900000000000001,0,0
3.3904999999999998,0,0
3.391,0,0
3.3915000000000002,0,0
3.3919999999999999,0,0
3.3925000000000001,0,0
3.3929999999999998,0,0
3.3935,0,0
3.3940000000000001,0,0
3.3944999999999999,0,0
3.395,0,0
3.3955000000000002,0,0
3.3959999999999999,0,0
3.3965000000000001,0,0
3.3969999999999998,0,0
3.3975,0,0
3.3980000000000001,0,0
3.3984999999999999,0,0
3.399,0,0
3.3995000000000002,0,0
3.3999999999999999,0,0
3.4005000000000001,0,0
3.4009999999999998,0,0
3.4015,0,0
3.4020000000000001,0,0
3.4024999999999999,0,0
3.403,0,0
3.4035000000000002,0,0
3.4039999999999999,0,0
3.4045000000000001,0,0
3.4049999999999998,0,0
3.4055,0,0
3.4060000000000001,0,0
3.4064999999999999,0,0
3.407,0,0
3.4075000000000002,0,0
3.4079999999999999,0,0
3.4085000000000001,0,0
3.4089999999999998,0,0
3.4095,0,0
3.4100000000000001,0,0
3.4104999999999999,0,0
3.411,0,0
3.4115000000000002,0,0
3.4119999999999999,0,0
3.4125000000000001,0,0
3.4129999999999998,0,0
3.4135,0,0
3.4140000000000001,0,0
3.4144999999999999,0,0
3.415,0,0
3.4155000000000002,0,0
3.4159999999999999,0,0
3.4165000000000001,0,0
3.4169999999999998,0,0
3.4175,0,0
3.4180000000000001,0,0
3.4184999999999999,0,0
3.419,0,0
3.4195000000000002,0,0
3.4199999999999999,0,0
3.4205000000000001,0,0
3.4209999999999998,0,0
3.4215,0,0
3.4220000000000002,0,0
3.4224999999999999,0,0
3.423,0,0
3.4235000000000002,0,0
3.4239999999999999,0,0
3.4245000000000001,0,0
3.4249999999999998,0,0
3.4255,0,0
3.4260000000000002,0,0
3.4264999999999999,0,0
3.427,0,0
3.4275000000000002,0,0
3.4279999999999999,0,0
3.4285000000000001,0,0
3.4289999999999998,0,0
3.4295,0,0
3.4300000000000002,0,0
3.4304999999999999,0,0
3.431,0,0
3.4315000000000002,0,0
3.4319999999999999,0,0
3.4325000000000001,0,0
3.4329999999999998,0,0
3.4335,0,0
3.4340000000000002,0,0
3.4344999999999999,0,0
3.4350000000000001,0,0
3.4355000000000002,0,0
3.4359999999999999,0,0
3.4365000000000001,0,0
3.4369999999999998,0,0
3.4375,0,0
3.4380000000000002,0,0
3.4384999999999999,0,0
3.4390000000000001,0,0
3.4394999999999998,0,0
3.4399999999999999,0,0
3.4405000000000001,0,0
3.4409999999999998,0,0
3.4415,0,0
3.4420000000000002,0,0
3.4424999999999999,0,0
3.4430000000000001,0,0
3.4434999999999998,0,0
3.444,0,0
3.4445000000000001,0,0
3.4449999999999998,0,0
3.4455,0,0
3.4460000000000002,0,0
3.4464999999999999,0,0
3.4470000000000001,0,0
3.4474999999999998,0,0
3.448,0,0
3.4485000000000001,0,0
3.4489999999999998,0,0
3.4495,0,0
3.4500000000000002,0,0
3.4504999999999999,0,0
3.4510000000000001,0,0
3.4514999999999998,0,0
3.452,0,0
3.4525000000000001,0,0
3.4529999999999998,0,0
3.4535,0,0
3.4540000000000002,0,0
3.4544999999999999,0,0
3.4550000000000001,0,0
3.4554999999999998,0,0
3.456,0,0
3.4565000000000001,0,0
3.4569999999999999,0,0
3.4575,0,0
3.4580000000000002,0,0
3.4584999999999999,0,0
3.4590000000000001,0,0
3.4594999999999998,0,0
3.46,0,0
3.4605000000000001,0,0
3.4609999999999999,0,0
3.4615,0,0
3.4620000000000002,0,0
3.4624999999999999,0,0
3.4630000000000001,0,0
3.4634999999999998,0,0
3.464,0,0
3.4645000000000001,0,0
3.4649999999999999,0,0
3.4655,0,0
3.4660000000000002,0,0
3.4664999999999999,0,0
3.4670000000000001,0,0
3.4674999999999998,0,0
3.468,0,0
3.4685000000000001,0,0
3.4689999999999999,0,0
3.4695,0,0
3.4700000000000002,0,0
3.4704999999999999,0,0
3.4710000000000001,0,0
3.4714999999999998,0,0
3.472,0,0
3.4725000000000001,0,0
3.4729999999999999,0,0
3.4735,0,0
3.4740000000000002,0,0
3.4744999999999999,0,0
3.4750000000000001,0,0
3.4754999999999998,0,0
3.476,0,0
3.4765000000000001,0,0
3.4769999999999999,0,0
3.4775,0,0
3.4780000000000002,0,0
3.4784999999999999,0,0
3.4790000000000001,0,0
3.4794999999999998,0,0
3.48,0,0
3.4805000000000001,0,0
3.4809999999999999,0,0
3.4815,0,0
3.4820000000000002,0,0
3.4824999999999999,0,0
3.4830000000000001,0,0
3.4834999999999998,0,0
3.484,0,0
3.4845000000000002,0,0
3.4849999999999999,0,0
3.4855,0,0
3.4860000000000002,0,0
3.4864999999999999,0,0
3.4870000000000001,0,0
3.4874999999999998,0,0
3.488,0,0
3.4885000000000002,0,0
3.4889999999999999,0,0
3.4895,0,0
3.4900000000000002,0,0
3.4904999999999999,0,0
3.4910000000000001,0,0
3.4914999999999998,0,0
3.492,0,0
3.4925000000000002,0,0
3.4929999999999999,0,0
3.4935,0,0
3.4940000000000002,0,0
3.4944999999999999,0,0
3.4950000000000001,0,0
3.4954999999999998,0,0
3.496,0,0
3.4965000000000002,0,0
3.4969999999999999,0,0
3.4975000000000001,0,0
3.4980000000000002,0,0
3.4984999999999999,0,0
3.4990000000000001,0,0
3.4994999999999998,0,0
3.5,0,0
3.5005000000000002,0,0
3.5009999999999999,0,0
3.5015000000000001,0,0
3.5019999999999998,0,0
3.5024999999999999,0,0
3.5030000000000001,0,0
3.5034999999999998,0,0
3.504,0,0
3.5045000000000002,0,0
3.5049999999999999,0,0
3.5055000000000001,0,0
3.5059999999999998,0,0
3.5065,0,0
3.5070000000000001,0,0
3.5074999999999998,0,0
3.508,0,0
3.5085000000000002,0,0
3.5089999999999999,0,0
3.5095000000000001,0,0
3.5099999999999998,0,0
3.5105,0,0
3.5110000000000001,0,0
3.5114999999999998,0,0
3.512,0,0
3.5125000000000002,0,0
3.5129999999999999,0,0
3.5135000000000001,0,0
3.5139999999999998,0,0
3.5145,0,0
3.5150000000000001,0,0
3.5154999999999998,0,0
3.516,0,0
3.5165000000000002,0,0
3.5169999999999999,0,0
3.5175000000000001,0,0
3.5179999999999998,0,0
3.5185,0,0
3.5190000000000001,0,0
3.5194999999999999,0,0
3.52,0,0
3.5205000000000002,0,0
3.5209999999999999,0,0
3.5215000000000001,0,0
3.5219999999999998,0,0
3.5225,0,0
3.5230000000000001,0,0
3.5234999999999999,0,0
3.524,0,0
3.5245000000000002,0,0
3.5249999999999999,0,0
3.5255000000000001,0,0
3.5259999999999998,0,0
3.5265,0,0
3.5270000000000001,0,0
3.5274999999999999,0,0
3.528,0,0
3.5285000000000002,0,0
3.5289999999999999,0,0
3.5295000000000001,0,0
3.5299999999999998,0,0
3.5305,0,0
3.5310000000000001,0,0
3.5314999999999999,0,0
3.532,0,0
3.5325000000000002,0,0
3.5329999999999999,0,0
3.5335000000000001,0,0
3.5339999999999998,0,0
3.5345,0,0
3.5350000000000001,0,0
3.5354999999999999,0,0
3.536,0,0
3.5365000000000002,0,0
3.5369999999999999,0,0
3.5375000000000001,0,0
3.5379999999999998,0,0
3.5385,0,0
3.5390000000000001,0,0
3.5394999999999999,0,0
3.54,0,0
3.5405000000000002,0,0
3.5409999999999999,0,0
3.5415000000000001,0,0
3.5419999999999998,0,0
3.5425,0,0
3.5430000000000001,0,0
3.5434999999999999,0,0
3.544,0,0
3.5445000000000002,0,0
3.5449999999999999,0,0
3.5455000000000001,0,0
3.5459999999999998,0,0
3.5465,0,0
3.5470000000000002,0,0
3.5474999999999999,0,0
3.548,0,0
3.5485000000000002,0,0
3.5489999999999999,0,0
3.5495000000000001,0,0
3.5499999999999998,0,0
3.5505,0,0
3.5510000000000002,0,0
3.5514999999999999,0,0
3.552,0,0
3.5525000000000002,0,0
3.5529999999999999,0,0
3.5535000000000001,0,0
3.5539999999999998,0,0
3.5545,0,0
3.5550000000000002,0,0
3.5554999999999999,0,0
3.556,0,0
3.5565000000000002,0,0
3.5569999999999999,0,0
3.5575000000000001,0,0
3.5579999999999998,0,0
3.5585,0,0
3.5590000000000002,0,0
3.5594999999999999,0,0
3.5600000000000001,0,0
3.5605000000000002,0,0
3.5609999999999999,0,0
3.5615000000000001,0,0
3.5619999999999998,0,0
3.5625,0,0
3.5630000000000002,0,0
3.5634999999999999,0,0
3.5640000000000001,0,0
3.5644999999999998,0,0
3.5649999999999999,0,0
3.5655000000000001,0,0
3.5659999999999998,0,0
3.5665,0,0
3.5670000000000002,0,0
3.5674999999999999,0,0
3.5680000000000001,0,0
3.5684999999999998,0,0
3.569,0,0
3.5695000000000001,0,0
3.5699999999999998,0,0
3.5705,0,0
3.5710000000000002,0,0
3.5714999999999999,0,0
3.5720000000000001,0,0
3.5724999999999998,0,0
3.573,0,0
3.5735000000000001,0,0
3.5739999999999998,0,0
3.5745,0,0
3.5750000000000002,0,0
3.5754999999999999,0,0
3.5760000000000001,0,0
3.5764999999999998,0,0
3.577,0,0
3.5775000000000001,0,0
3.5779999999999998,0,0
3.5785,0,0
3.5790000000000002,0,0
3.5794999999999999,0,0
3.5800000000000001,0,0
3.5804999999999998,0,0
3.581,0,0
3.5815000000000001,0,0
3.5819999999999999,0,0
3.5825,0,0
3.5830000000000002,0,0
3.5834999999999999,0,0
3.5840000000000001,0,0
3.5844999999999998,0,0
3.585,0,0
3.5855000000000001,0,0
3.5859999999999999,0,0
3.5865,0,0
3.5870000000000002,0,0
3.5874999999999999,0,0
3.5880000000000001,0,0
3.5884999999999998,0,0
3.589,0,0
3.5895000000000001,0,0
3.5899999999999999,0,0
3.5905,0,0
3.5910000000000002,0,0
3.5914999999999999,0,0
3.5920000000000001,0,0
3.5924999999999998,0,0
3.593,0,0
3.5935000000000001,0,0
3.5939999999999999,0,0
3.5945,0,0
3.5950000000000002,0,0
3.5954999999999999,0,0
3.5960000000000001,0,0
3.5964999999999998,0,0
3.597,0,0
3.5975000000000001,0,0
3.5979999999999999,0,0
3.5985,0,0
3.5990000000000002,0,0
3.5994999999999999,0,0
3.6000000000000001,0,0
3.6004999999999998,0,0
3.601,0,0
3.6015000000000001,0,0
3.6019999999999999,0,0
3.6025,0,0
3.6030000000000002,0,0
3.6034999999999999,0,0
3.6040000000000001,0,0
3.6044999999999998,0,0
3.605,0,0
3.6055000000000001,0,0
3.6059999999999999,0,0
3.6065,0,0
3.6070000000000002,0,0
3.6074999999999999,0,0
3.6080000000000001,0,0
3.6084999999999998,0,0
3.609,0,0
3.6095000000000002,0,0
3.6099999999999999,0,0
3.6105,0,0
3.6110000000000002,0,0
3.6114999999999999,0,0
3.6120000000000001,0,0
3.6124999999999998,0,0
3.613,0,0
3.6135000000000002,0,0
3.6139999999999999,0,0
3.6145,0,0
3.6150000000000002,0,0
3.6154999999999999,0,0
3.6160000000000001,0,0
3.6164999999999998,0,0
3.617,0,0
3.6175000000000002,0,0
3.6179999999999999,0,0
3.6185,0,0
3.6190000000000002,0,0
3.6194999999999999,0,0
3.6200000000000001,0,0
3.6204999999999998,0,0
3.621,0,0
3.6215000000000002,0,0
3.6219999999999999,0,0
3.6225000000000001,0,0
3.6230000000000002,0,0
3.6234999999999999,0,0
3.6240000000000001,0,0
3.6244999999999998,0,0
3.625,0,0
3.6255000000000002,0,0
3.6259999999999999,0,0
3.6265000000000001,0,0
3.6269999999999998,0,0
3.6274999999999999,0,0
3.6280000000000001,0,0
3.6284999999999998,0,0
3.629,0,0
3.6295000000000002,0,0
3.6299999999999999,0,0
3.6305000000000001,0,0
3.6309999999999998,0,0
3.6315,0,0
3.6320000000000001,0,0
3.6324999999999998,0,0
3.633,0,0
3.6335000000000002,0,0
3.6339999999999999,0,0
3.6345000000000001,0,0
3.6349999999999998,0,0
3.6355,0,0
3.6360000000000001,0,0
3.6364999999999998,0,0
3.637,0,0
3.6375000000000002,0,0
3.6379999999999999,0,0
3.6385000000000001,0,0
3.6389999999999998,0,0
3.6395,0,0
3.6400000000000001,0,0
3.6404999999999998,0,0
3.641,0,0
3.6415000000000002,0,0
3.6419999999999999,0,0
3.6425000000000001,0,0
3.6429999999999998,0,0
3.6435,0,0
3.6440000000000001,0,0
3.6444999999999999,0,0
3.645,0,0
3.6455000000000002,0,0
3.6459999999999999,0,0
3.6465000000000001,0,0
3.6469999999999998,0,0
3.6475,0,0
3.6480000000000001,0,0
3.6484999999999999,0,0
3.649,0,0
3.6495000000000002,0,0
3.6499999999999999,0,0
3.6505000000000001,0,0
3.6509999999999998,0,0
3.6515,0,0
3.6520000000000001,0,0
3.6524999999999999,0,0
3.653,0,0
3.6535000000000002,0,0
3.6539999999999999,0,0
3.6545000000000001,0,0
3.6549999999999998,0,0
3.6555,0,0
3.6560000000000001,0,0
3.6564999999999999,0,0
3.657,0,0
3.6575000000000002,0,0
3.6579999999999999,0,0
3.6585000000000001,0,0
3.6589999999999998,0,0
3.6595,0,0
3.6600000000000001,0,0
3.6604999999999999,0,0
3.661,0,0
3.6615000000000002,0,0
3.6619999999999999,0,0
3.6625000000000001,0,0
3.6629999999999998,0,0
3.6635,0,0
3.6640000000000001,0,0
3.6644999999999999,0,0
3.665,0,0
3.6655000000000002,0,0
3.6659999999999999,0,0
3.6665000000000001,0,0
3.6669999999999998,0,0
3.6675,0,0
3.6680000000000001,0,0
3.6684999999999999,0,0
3.669,0,0
3.6695000000000002,0,0
3.6699999999999999,0,0
3.6705000000000001,0,0
3.6709999999999998,0,0
3.6715,0,0
3.6720000000000002,0,0
3.6724999999999999,0,0
3.673,0,0
3.6735000000000002,0,0
3.6739999999999999,0,0
3.6745000000000001,0,0
3.6749999999999998,0,0
3.6755,0,0
3.6760000000000002,0,0
3.6764999999999999,0,0
3.677,0,0
3.6775000000000002,0,0
3.6779999999999999,0,0
3.6785000000000001,0,0
3.6789999999999998,0,0
3.6795,0,0
3.6800000000000002,0,0
3.6804999999999999,0,0
3.681,0,0
3.6815000000000002,0,0
3.6819999999999999,0,0
3.6825000000000001,0,0
3.6829999999999998,0,0
3.6835,0,0
3.6840000000000002,0,0
3.6844999999999999,0,0
3.6850000000000001,0,0
3.6855000000000002,0,0
3.6859999999999999,0,0
3.6865000000000001,0,0
3.6869999999999998,0,0
3.6875,0,0
3.6880000000000002,0,0
3.6884999999999999,0,0
3.6890000000000001,0,0
3.6894999999999998,0,0
3.6899999999999999,0,0
3.6905000000000001,0,0
3.6909999999999998,0,0
3.6915,0,0
3.6920000000000002,0,0
3.6924999999999999,0,0
3.6930000000000001,0,0
3.6934999999999998,0,0
3.694,0,0
3.6945000000000001,0,0
3.6949999999999998,0,0
3.6955,0,0
3.6960000000000002,0,0
3.6964999999999999,0,0
3.6970000000000001,0,0
3.6974999999999998,0,0
3.698,0,0
3.6985000000000001,0,0
3.6989999999999998,0,0
3.6995,0,0
3.7000000000000002,0,0
3.7004999999999999,0,0
3.7010000000000001,0,0
3.7014999999999998,0,0
3.702,0,0
3.7025000000000001,0,0
3.7029999999999998,0,0
3.7035,0,0
3.7040000000000002,0,0
3.7044999999999999,0,0
3.7050000000000001,0,0
3.7054999999999998,0,0
3.706,0,0
3.7065000000000001,0,0
3.7069999999999999,0,0
3.7075,0,0
3.7080000000000002,0,0
3.7084999999999999,0,0
3.7090000000000001,0,0
3.7094999999999998,0,0
3.71,0,0
3.7105000000000001,0,0
3.7109999999999999,0,0
3.7115,0,0
3.7120000000000002,0,0
3.7124999999999999,0,0
3.7130000000000001,0,0
3.7134999999999998,0,0
3.714,0,0
3.7145000000000001,0,0
3.7149999999999999,0,0
3.7155,0,0
3.7160000000000002,0,0
3.7164999999999999,0,0
3.7170000000000001,0,0
3.7174999999999998,0,0
3.718,0,0
3.7185000000000001,0,0
3.7189999999999999,0,0
3.7195,0,0
3.7200000000000002,0,0
3.7204999999999999,0,0
3.7210000000000001,0,0
3.7214999999999998,0,0
3.722,0,0
3.7225000000000001,0,0
3.7229999999999999,0,0
3.7235,0,0
3.7240000000000002,0,0
3.7244999999999999,0,0
3.7250000000000001,0,0
3.7254999999999998,0,0
3.726,0,0
3.7265000000000001,0,0
3.7269999999999999,0,0
3.7275,0,0
3.7280000000000002,0,0
3.7284999999999999,0,0
3.7290000000000001,0,0
3.7294999999999998,0,0
3.73,0,0
3.7305000000000001,0,0
3.7309999999999999,0,0
3.7315,0,0
3.7320000000000002,0,0
3.7324999999999999,0,0
3.7330000000000001,0,0
3.7334999999999998,0,0
3.734,0,0
3.7345000000000002,0,0
3.7349999999999999,0,0
3.7355,0,0
3.7360000000000002,0,0
3.7364999999999999,0,0
3.7370000000000001,0,0
3.7374999999999998,0,0
3.738,0,0
3.7385000000000002,0,0
3.7389999999999999,0,0
3.7395,0,0
3.7400000000000002,0,0
3.7404999999999999,0,0
3.7410000000000001,0,0
3.7414999999999998,0,0
3.742,0,0
3.7425000000000002,0,0
3.7429999999999999,0,0
3.7435,0,0
3.7440000000000002,0,0
3.7444999999999999,0,0
3.7450000000000001,0,0
3.7454999999999998,0,0
3.746,0,0
3.7465000000000002,0,0
3.7469999999999999,0,0
3.7475000000000001,0,0
3.7480000000000002,0,0
3.7484999999999999,0,0
3.7490000000000001,0,0
3.7494999999999998,0,0
3.75,0,0
3.7505000000000002,0,0
3.7509999999999999,0,0
3.7515000000000001,0,0
3.7519999999999998,0,0
3.7524999999999999,0,0
3.7530000000000001,0,0
3.7534999999999998,0,0
3.754,0,0
3.7545000000000002,0,0
3.7549999999999999,0,0
3.7555000000000001,0,0
3.7559999999999998,0,0
3.7565,0,0
3.7570000000000001,0,0
3.7574999999999998,0,0
3.758,0,0
3.7585000000000002,0,0
3.7589999999999999,0,0
3.7595000000000001,0,0
3.7599999999999998,0,0
3.7605,0,0
3.7610000000000001,0,0
3.7614999999999998,0,0
3.762,0,0
3.7625000000000002,0,0
3.7629999999999999,0,0
3.7635000000000001,0,0
3.7639999999999998,0,0
3.7645,0,0
3.7650000000000001,0,0
3.7654999999999998,0,0
3.766,0,0
3.7665000000000002,0,0
3.7669999999999999,0,0
3.7675000000000001,0,0
3.7679999999999998,0,0
3.7685,0,0
3.7690000000000001,0,0
3.7694999999999999,0,0
3.77,0,0
3.7705000000000002,0,0
3.7709999999999999,0,0
3.7715000000000001,0,0
3.7719999999999998,0,0
3.7725,0,0
3.7730000000000001,0,0
3.7734999999999999,0,0
3.774,0,0
3.7745000000000002,0,0
3.7749999999999999,0,0
3.7755000000000001,0,0
3.7759999999999998,0,0
3.7765,0,0
3.7770000000000001,0,0
3.7774999999999999,0,0
3.778,0,0
3.7785000000000002,0,0
3.7789999999999999,0,0
3.7795000000000001,0,0
3.7799999999999998,0,0
3.7805,0,0
3.7810000000000001,0,0
3.7814999999999999,0,0
3.782,0,0
3.7825000000000002,0,0
3.7829999999999999,0,0
3.7835000000000001,0,0
3.7839999999999998,0,0
3.7845,0,0
3.7850000000000001,0,0
3.7854999999999999,0,0
3.786,0,0
3.7865000000000002,0,0
3.7869999999999999,0,0
3.7875000000000001,0,0
3.7879999999999998,0,0
3.7885,0,0
3.7890000000000001,0,0
3.7894999999999999,0,0
3.79,0,0
3.7905000000000002,0,0
3.7909999999999999,0,0
3.7915000000000001,0,0
3.7919999999999998,0,0
3.7925,0,0
3.7930000000000001,0,0
3.7934999999999999,0,0
3.794,0,0
3.7945000000000002,0,0
3.7949999999999999,0,0
3.7955000000000001,0,0
3.7959999999999998,0,0
3.7965,0,0
3.7970000000000002,0,0
3.7974999999999999,0,0
3.798,0,0
3.7985000000000002,0,0
3.7989999999999999,0,0
3.7995000000000001,0,0
3.7999999999999998,0,0
3.8005,0,0
3.8010000000000002,0,0
3.8014999999999999,0,0
3.802,0,0
3.8025000000000002,0,0
3.8029999999999999,0,0
3.8035000000000001,0,0
3.8039999999999998,0,0
3.8045,0,0
3.8050000000000002,0,0
3.8054999999999999,0,0
3.806,0,0
3.8065000000000002,0,0
3.8069999999999999,0,0
3.8075000000000001,0,0
3.8079999999999998,0,0
3.8085,0,0
3.8090000000000002,0,0
3.8094999999999999,0,0
3.8100000000000001,0,0
3.8105000000000002,0,0
3.8109999999999999,0,0
3.8115000000000001,0,0
3.8119999999999998,0,0
3.8125,0,0
3.8130000000000002,0,0
3.8134999999999999,0,0
3.8140000000000001,0,0
3.8144999999999998,0,0
3.8149999999999999,0,0
3.8155000000000001,0,0
3.8159999999999998,0,0
3.8165,0,0
3.8170000000000002,0,0
3.8174999999999999,0,0
3.8180000000000001,0,0
3.8184999999999998,0,0
3.819,0,0
3.8195000000000001,0,0
3.8199999999999998,0,0
3.8205,0,0
3.8210000000000002,0,0
3.8214999999999999,0,0
3.8220000000000001,0,0
3.8224999999999998,0,0
3.823,0,0
3.8235000000000001,0,0
3.8239999999999998,0,0
3.8245,0,0
3.8250000000000002,0,0
3.8254999999999999,0,0
3.8260000000000001,0,0
3.8264999999999998,0,0
3.827,0,0
3.8275000000000001,0,0
3.8279999999999998,0,0
3.8285,0,0
3.8290000000000002,0,0
3.8294999999999999,0,0
3.8300000000000001,0,0
3.8304999999999998,0,0
3.831,0,0
3.8315000000000001,0,0
3.8319999999999999,0,0
3.8325,0,0
3.8330000000000002,0,0
3.8334999999999999,0,0
3.8340000000000001,0,0
3.8344999999999998,0,0
3.835,0,0
3.8355000000000001,0,0
3.8359999999999999,0,0
3.8365,0,0
3.8370000000000002,0,0
3.8374999999999999,0,0
3.8380000000000001,0,0
3.8384999999999998,0,0
3.839,0,0
3.8395000000000001,0,0
3.8399999999999999,0,0
3.8405,0,0
3.8410000000000002,0,0
3.8414999999999999,0,0
3.8420000000000001,0,0
3.8424999999999998,0,0
3.843,0,0
3.8435000000000001,0,0
3.8439999999999999,0,0
3.8445,0,0
3.8450000000000002,0,0
3.8454999999999999,0,0
3.8460000000000001,0,0
3.8464999999999998,0,0
3.847,0,0
3.8475000000000001,0,0
3.8479999999999999,0,0
3.8485,0,0
3.8490000000000002,0,0
3.8494999999999999,0,0
3.8500000000000001,0,0
3.8504999999999998,0,0
3.851,0,0
3.8515000000000001,0,0
3.8519999999999999,0,0
3.8525,0,0
3.8530000000000002,0,0
3.8534999999999999,0,0
3.8540000000000001,0,0
3.8544999999999998,0,0
3.855,0,0
3.8555000000000001,0,0
3.8559999999999999,0,0
3.8565,0,0
3.8570000000000002,0,0
3.8574999999999999,0,0
3.8580000000000001,0,0
3.8584999999999998,0,0
3.859,0,0
3.8595000000000002,0,0
3.8599999999999999,0,0
3.8605,0,0
3.8610000000000002,0,0
3.8614999999999999,0,0
3.8620000000000001,0,0
3.8624999999999998,0,0
3.863,0,0
3.8635000000000002,0,0
3.8639999999999999,0,0
3.8645,0,0
3.8650000000000002,0,0
3.8654999999999999,0,0
3.8660000000000001,0,0
3.8664999999999998,0,0
3.867,0,0
3.8675000000000002,0,0
3.8679999999999999,0,0
3.8685,0,0
3.8690000000000002,0,0
3.8694999999999999,0,0
3.8700000000000001,0,0
3.8704999999999998,0,0
3.871,0,0
3.8715000000000002,0,0
3.8719999999999999,0,0
3.8725000000000001,0,0
3.8730000000000002,0,0
3.8734999999999999,0,0
3.8740000000000001,0,0
3.8744999999999998,0,0
3.875,0,0
3.8755000000000002,0,0
3.8759999999999999,0,0
3.8765000000000001,0,0
3.8769999999999998,0,0
3.8774999999999999,0,0
3.8780000000000001,0,0
3.8784999999999998,0,0
3.879,0,0
3.8795000000000002,0,0
3.8799999999999999,0,0
3.8805000000000001,0,0
3.8809999999999998,0,0
3.8815,0,0
3.8820000000000001,0,0
3.8824999999999998,0,0
3.883,0,0
3.8835000000000002,0,0
3.8839999999999999,0,0
3.8845000000000001,0,0
3.8849999999999998,0,0
3.8855,0,0
3.8860000000000001,0,0
3.8864999999999998,0,0
3.887,0,0
3.8875000000000002,0,0
3.8879999999999999,0,0
3.8885000000000001,0,0
3.8889999999999998,0,0
3.8895,0,0
3.8900000000000001,0,0
3.8904999999999998,0,0
3.891,0,0
3.8915000000000002,0,0
3.8919999999999999,0,0
3.8925000000000001,0,0
3.8929999999999998,0,0
3.8935,0,0
3.8940000000000001,0,0
3.8944999999999999,0,0
3.895,0,0
3.8955000000000002,0,0
3.8959999999999999,0,0
3.8965000000000001,0,0
3.8969999999999998,0,0
3.8975,0,0
3.8980000000000001,0,0
3.8984999999999999,0,0
3.899,0,0
3.8995000000000002,0,0
3.8999999999999999,0,0
3.9005000000000001,0,0
3.9009999999999998,0,0
3.9015,0,0
3.9020000000000001,0,0
3.9024999999999999,0,0
3.903,0,0
3.9035000000000002,0,0
3.9039999999999999,0,0
3.9045000000000001,0,0
3.9049999999999998,0,0
3.9055,0,0
3.9060000000000001,0,0
3.9064999999999999,0,0
3.907,0,0
3.9075000000000002,0,0
3.9079999999999999,0,0
3.9085000000000001,0,0
3.9089999999999998,0,0
3.9095,0,0
3.9100000000000001,0,0
3.9104999999999999,0,0
3.911,0,0
3.9115000000000002,0,0
3.9119999999999999,0,0
3.9125000000000001,0,0
3.9129999999999998,0,0
3.9135,0,0
3.9140000000000001,0,0
3.9144999999999999,0,0
3.915,0,0
3.9155000000000002,0,0
3.9159999999999999,0,0
3.9165000000000001,0,0
3.9169999999999998,0,0
3.9175,0,0
3.9180000000000001,0,0
3.9184999999999999,0,0
3.919,0,0
3.9195000000000002,0,0
3.9199999999999999,0,0
3.9205000000000001,0,0
3.9209999999999998,0,0
3.9215,0,0
3.9220000000000002,0,0
3.9224999999999999,0,0
3.923,0,0
3.9235000000000002,0,0
3.9239999999999999,0,0
3.9245000000000001,0,0
3.9249999999999998,0,0
3.9255,0,0
3.9260000000000002,0,0
3.9264999999999999,0,0
3.927,0,0
3.9275000000000002,0,0
3.9279999999999999,0,0
3.9285000000000001,0,0
3.9289999999999998,0,0
3.9295,0,0
3.9300000000000002,0,0
3.9304999999999999,0,0
3.931,0,0
3.9315000000000002,0,0
3.9319999999999999,0,0
3.9325000000000001,0,0
3.9329999999999998,0,0
3.9335,0,0
3.9340000000000002,0,0
3.9344999999999999,0,0
3.9350000000000001,0,0
3.9355000000000002,0,0
3.9359999999999999,0,0
3.9365000000000001,0,0
3.9369999999999998,0,0
3.9375,0,0
3.9380000000000002,0,0
3.9384999999999999,0,0
3.9390000000000001,0,0
3.9394999999999998,0,0
3.9399999999999999,0,0
3.9405000000000001,0,0
3.9409999999999998,0,0
3.9415,0,0
3.9420000000000002,0,0
3.9424999999999999,0,0
3.9430000000000001,0,0
3.9434999999999998,0,0
3.944,0,0
3.9445000000000001,0,0
3.9449999999999998,0,0
3.9455,0,0
3.9460000000000002,0,0
3.9464999999999999,0,0
3.9470000000000001,0,0
3.9474999999999998,0,0
3.948,0,0
3.9485000000000001,0,0
3.9489999999999998,0,0
3.9495,0,0
3.9500000000000002,0,0
3.9504999999999999,0,0
3.9510000000000001,0,0
3.9514999999999998,0,0
3.952,0,0
3.9525000000000001,0,0
3.9529999999999998,0,0
3.9535,0,0
3.9540000000000002,0,0
3.9544999999999999,0,0
3.9550000000000001,0,0
3.9554999999999998,0,0
3.956,0,0
3.9565000000000001,0,0
3.9569999999999999,0,0
3.9575,0,0
3.9580000000000002,0,0
3.9584999999999999,0,0
3.9590000000000001,0,0
3.9594999999999998,0,0
3.96,0,0
3.9605000000000001,0,0
3.9609999999999999,0,0
3.9615,0,0
3.9620000000000002,0,0
3.9624999999999999,0,0
3.9630000000000001,0,0
3.9634999999999998,0,0
3.964,0,0
3.9645000000000001,0,0
3.9649999999999999,0,0
3.9655,0,0
3.9660000000000002,0,0
3.9664999999999999,0,0
3.9670000000000001,0,0
3.9674999999999998,0,0
3.968,0,0
3.9685000000000001,0,0
3.9689999999999999,0,0
3.9695,0,0
3.9700000000000002,0,0
3.9704999999999999,0,0
3.9710000000000001,0,0
3.9714999999999998,0,0
3.972,0,0
3.9725000000000001,0,0
3.9729999999999999,0,0
3.9735,0,0
3.9740000000000002,0,0
3.9744999999999999,0,0
3.9750000000000001,0,0
3.9754999999999998,0,0
3.976,0,0
3.9765000000000001,0,0
3.9769999999999999,0,0
3.9775,0,0
3.9780000000000002,0,0
3.9784999999999999,0,0
3.9790000000000001,0,0
3.9794999999999998,0,0
3.98,0,0
3.9805000000000001,0,0
3.9809999999999999,0,0
3.9815,0,0
3.9820000000000002,0,0
3.9824999999999999,0,0
3.9830000000000001,0,0
3.9834999999999998,0,0
3.984,0,0
3.9845000000000002,0,0
3.9849999999999999,0,0
3.9855,0,0
3.9860000000000002,0,0
3.9864999999999999,0,0
3.9870000000000001,0,0
3.9874999999999998,0,0
3.988,0,0
3.9885000000000002,0,0
3.9889999999999999,0,0
3.9895,0,0
3.9900000000000002,0,0
3.9904999999999999,0,0
3.9910000000000001,0,0
3.9914999999999998,0,0
3.992,0,0
3.9925000000000002,0,0
3.9929999999999999,0,0
3.9935,0,0
3.9940000000000002,0,0
3.9944999999999999,0,0
3.9950000000000001,0,0
3.9954999999999998,0,0
3.996,0,0
3.9965000000000002,0,0
3.9969999999999999,0,0
3.9975000000000001,0,0
3.9980000000000002,0,0
3.9984999999999999,0,0
3.9990000000000001,0,0
3.9994999999999998,0,0
4,0,0
4.0004999999999997,0,0
4.0010000000000003,0,0
4.0015000000000001,0,0
4.0019999999999998,0,0
4.0025000000000004,0,0
4.0030000000000001,0,0
4.0034999999999998,0,0
4.0039999999999996,0,0
4.0045000000000002,0,0
4.0049999999999999,0,0
4.0054999999999996,0,0
4.0060000000000002,0,0
4.0065,0,0
4.0069999999999997,0,0
4.0075000000000003,0,0
4.008,0,0
4.0084999999999997,0,0
4.0090000000000003,0,0
4.0095000000000001,0,0
4.0099999999999998,0,0
4.0105000000000004,0,0
4.0110000000000001,0,0
4.0114999999999998,0,0
4.0119999999999996,0,0
4.0125000000000002,0,0
4.0129999999999999,0,0
4.0134999999999996,0,0
4.0140000000000002,0,0
4.0145,0,0
4.0149999999999997,0,0
4.0155000000000003,0,0
4.016,0,0
4.0164999999999997,0,0
4.0170000000000003,0,0
4.0175000000000001,0,0
4.0179999999999998,0,0
4.0185000000000004,0,0
4.0190000000000001,0,0
4.0194999999999999,0,0
4.0199999999999996,0,0
4.0205000000000002,0,0
4.0209999999999999,0,0
4.0214999999999996,0,0
4.0220000000000002,0,0
4.0225,0,0
4.0229999999999997,0,0
4.0235000000000003,0,0
4.024,0,0
4.0244999999999997,0,0
4.0250000000000004,0,0
4.0255000000000001,0,0
4.0259999999999998,0,0
4.0265000000000004,0,0
4.0270000000000001,0,0
4.0274999999999999,0,0
4.0279999999999996,0,0
4.0285000000000002,0,0
4.0289999999999999,0,0
4.0294999999999996,0,0
4.0300000000000002,0,0
4.0305,0,0
4.0309999999999997,0,0
4.0315000000000003,0,0
4.032,0,0
4.0324999999999998,0,0
4.0330000000000004,0,0
4.0335000000000001,0,0
4.0339999999999998,0,0
4.0345000000000004,0,0
4.0350000000000001,0,0
4.0354999999999999,0,0
4.0359999999999996,0,0
4.0365000000000002,0,0
4.0369999999999999,0,0
4.0374999999999996,0,0
4.0380000000000003,0,0
4.0385,0,0
4.0389999999999997,0,0
4.0395000000000003,0,0
4.04,0,0
4.0404999999999998,0,0
4.0410000000000004,0,0
4.0415000000000001,0,0
4.0419999999999998,0,0
4.0425000000000004,0,0
4.0430000000000001,0,0
4.0434999999999999,0,0
4.0439999999999996,0,0
4.0445000000000002,0,0
4.0449999999999999,0,0
4.0454999999999997,0,0
4.0460000000000003,0,0
4.0465,0,0
4.0469999999999997,0,0
4.0475000000000003,0,0
4.048,0,0
4.0484999999999998,0,0
4.0490000000000004,0,0
4.0495000000000001,0,0
4.0499999999999998,0,0
4.0505000000000004,0,0
4.0510000000000002,0,0
4.0514999999999999,0,0
4.0519999999999996,0,0
4.0525000000000002,0,0
4.0529999999999999,0,0
4.0534999999999997,0,0
4.0540000000000003,0,0
4.0545,0,0
4.0549999999999997,0,0
4.0555000000000003,0,0
4.056,0,0
4.0564999999999998,0,0
4.0570000000000004,0,0
4.0575000000000001,0,0
4.0579999999999998,0,0
4.0585000000000004,0,0
4.0590000000000002,0,0
4.0594999999999999,0,0
4.0599999999999996,0,0
4.0605000000000002,0,0
4.0609999999999999,0,0
4.0614999999999997,0,0
4.0620000000000003,0,0
4.0625,0,0
4.0629999999999997,0,0
4.0635000000000003,0,0
4.0640000000000001,0,0
4.0644999999999998,0,0
4.0650000000000004,0,0
4.0655000000000001,0,0
4.0659999999999998,0,0
4.0664999999999996,0,0
4.0670000000000002,0,0
4.0674999999999999,0,0
4.0679999999999996,0,0
4.0685000000000002,0,0
4.069,0,0
4.0694999999999997,0,0
4.0700000000000003,0,0
4.0705,0,0
4.0709999999999997,0,0
4.0715000000000003,0,0
4.0720000000000001,0,0
4.0724999999999998,0,0
4.0730000000000004,0,0
4.0735000000000001,0,0
4.0739999999999998,0,0
4.0744999999999996,0,0
4.0750000000000002,0,0
4.0754999999999999,0,0
4.0759999999999996,0,0
4.0765000000000002,0,0
4.077,0,0
4.0774999999999997,0,0
4.0780000000000003,0,0
4.0785,0,0
4.0789999999999997,0,0
4.0795000000000003,0,0
4.0800000000000001,0,0
4.0804999999999998,0,0
4.0810000000000004,0,0
4.0815000000000001,0,0
4.0819999999999999,0,0
4.0824999999999996,0,0
4.0830000000000002,0,0
4.0834999999999999,0,0
4.0839999999999996,0,0
4.0845000000000002,0,0
4.085,0,0
4.0854999999999997,0,0
4.0860000000000003,0,0
4.0865,0,0
4.0869999999999997,0,0
4.0875000000000004,0,0
4.0880000000000001,0,0
4.0884999999999998,0,0
4.0890000000000004,0,0
4.0895000000000001,0,0
4.0899999999999999,0,0
4.0904999999999996,0,0
4.0910000000000002,0,0
4.0914999999999999,0,0
4.0919999999999996,0,0
4.0925000000000002,0,0
4.093,0,0
4.0934999999999997,0,0
4.0940000000000003,0,0
4.0945,0,0
4.0949999999999998,0,0
4.0955000000000004,0,0
4.0960000000000001,0,0
4.0964999999999998,0,0
4.0970000000000004,0,0
4.0975000000000001,0,0
4.0979999999999999,0,0
4.0984999999999996,0,0
4.0990000000000002,0,0
4.0994999999999999,0,0
4.0999999999999996,0,0
4.1005000000000003,0,0
4.101,0,0
4.1014999999999997,0,0
4.1020000000000003,0,0
4.1025,0,0
4.1029999999999998,0,0
4.1035000000000004,0,0
4.1040000000000001,0,0
4.1044999999999998,0,0
4.1050000000000004,0,0
4.1055000000000001,0,0
4.1059999999999999,0,0
4.1064999999999996,0,0
4.1070000000000002,0,0
4.1074999999999999,0,0
4.1079999999999997,0,0
4.1085000000000003,0,0
4.109,0,0
4.1094999999999997,0,0
4.1100000000000003,0,0
4.1105,0,0
4.1109999999999998,0,0
4.1115000000000004,0,0
4.1120000000000001,0,0
4.1124999999999998,0,0
4.1130000000000004,0,0
4.1135000000000002,0,0
4.1139999999999999,0,0
4.1144999999999996,0,0
4.1150000000000002,0,0
4.1154999999999999,0,0
4.1159999999999997,0,0
4.1165000000000003,0,0
4.117,0,0
4.1174999999999997,0,0
4.1180000000000003,0,0
4.1185,0,0
4.1189999999999998,0,0
4.1195000000000004,0,0
4.1200000000000001,0,0
4.1204999999999998,0,0
4.1210000000000004,0,0
4.1215000000000002,0,0
4.1219999999999999,0,0
4.1224999999999996,0,0
4.1230000000000002,0,0
4.1234999999999999,0,0
4.1239999999999997,0,0
4.1245000000000003,0,0
4.125,0,0
4.1254999999999997,0,1.1102230246251566e-17
4.1260000000000003,0,2.2204460492503132e-17
4.1265000000000001,0,4.4408920985006264e-17
4.1269999999999998,0,8.8817841970012528e-17
4.1275000000000004,0,1.6653345369377348e-16
4.1280000000000001,0,2.8865798640254071e-16
4.1284999999999998,0,4.6629367034256577e-16
4.1289999999999996,0,7.3274719625260328e-16
4.1295000000000002,0,1.1324274851176596e-15
4.1299999999999999,0,1.7319479184152442e-15
4.1304999999999996,0,2.6090241078691179e-15
4.1310000000000002,0,3.8746783559417962e-15
4.1315,0,5.6954441163270527e-15
4.1319999999999997,0,8.2822637637036672e-15
4.1325000000000003,0,1.1923795284474182e-14
4.133,0,1.7030821197749902e-14
4.1334999999999997,0,2.4125146325104653e-14
4.1340000000000003,0,3.3906211172052278e-14
4.1345000000000001,0,4.7328807539770425e-14
4.1349999999999998,0,6.563638521583926e-14
4.1355000000000004,0,9.0449869816211508e-14
4.1360000000000001,0,1.2387868508767496e-13
4.1364999999999998,0,1.6868728636154629e-13
4.1369999999999996,0,2.2841728508637972e-13
4.1375000000000002,0,3.0762059566313839e-13
4.1379999999999999,0,4.1212588897110435e-13
4.1384999999999996,0,5.4933835258452746e-13
4.1390000000000002,0,7.2866157552198272e-13
4.1395,0,9.619305352259743e-13
4.1399999999999997,0,1.2640333224567257e-12
4.1405000000000003,0,1.6535772751069544e-12
4.141,0,2.1537549521610798e-12
4.1414999999999997,0,2.7933433344173864e-12
4.1420000000000003,0,3.6079250698151099e-12
4.1425000000000001,0,4.641320661136206e-12
4.1429999999999998,0,5.9473093116935159e-12
4.1435000000000004,0,7.5916828379263282e-12
4.1440000000000001,0,9.6545882399823316e-12
4.1444999999999999,0,1.2233392077121153e-11
4.1449999999999996,0,1.5445988932327737e-11
4.1455000000000002,0,1.9434598375056565e-11
4.1459999999999999,0,2.4370339080093117e-11
4.1464999999999996,0,3.0458391364618363e-11
4.1470000000000002,0,3.7944092312613975e-11
4.1475,0,4.7119896873226706e-11
4.1479999999999997,0,5.8333471386617925e-11
4.1485000000000003,0,7.199686402614702e-11
4.149,0,8.8597162939407786e-11
4.1494999999999997,0,1.0870858657696658e-10
4.1500000000000004,0,1.3300626156009797e-10
4.1505000000000001,0,1.6228192123435293e-10
4.1509999999999998,0,1.9746169144241322e-10
4.1515000000000004,0,2.3962620776529775e-10
4.1520000000000001,0,2.9003331958321609e-10
4.1524999999999999,0,3.5014369181851634e-10
4.1529999999999996,0,4.2164953750756239e-10
4.1535000000000002,0,5.0650685867736913e-10
4.1539999999999999,0,6.0697143977606063e-10
4.1544999999999996,0,7.2563913766643393e-10
4.1550000000000002,0,8.6549071243169349e-10
4.1555,0,1.0299416763892566e-09
4.1559999999999997,0,1.2228976054018404e-09
4.1565000000000003,0,1.4488154009839604e-09
4.157,0,1.7127710472131241e-09
4.1574999999999998,0,2.0205342177170849e-09
4.1580000000000004,0,2.3786506875289603e-09
4.1585000000000001,0,2.7945327274458977e-09
4.1589999999999998,0,3.2765583912741648e-09
4.1595000000000004,0,3.8341802843788738e-09
4.1600000000000001,0,4.4780445573877616e-09
4.1604999999999999,0,5.2201207467739156e-09
4.1609999999999996,0,6.0738434393137199e-09
4.1615000000000002,0,7.0542663599404424e-09
4.1619999999999999,0,8.1782299377053385e-09
4.1624999999999996,0,9.464543027082329e-09
4.1630000000000003,0,1.0934179850430325e-08
4.1635,0,1.2610493083098363e-08
4.1639999999999997,0,1.4519444024863049e-08
4.1645000000000003,0,1.6689850912410263e-08
4.165,0,1.9153656405368479e-08
4.1654999999999998,0,2.1946215411627889e-08
4.1660000000000004,0,2.5106604195634929e-08
4.1665000000000001,0,2.8677952124134265e-08
4.1669999999999998,0,3.2707797126274582e-08
4.1675000000000004,0,3.7248465989403459e-08
4.1680000000000001,0,4.2357480845023329e-08
4.1684999999999999,0,4.8097993088358493e-08
4.1689999999999996,0,5.453924585285819e-08
4.1695000000000002,0,6.1757066527334817e-08
4.1699999999999999,0,6.9834390403755725e-08
4.1704999999999997,0,7.8861816965591913e-08
4.1710000000000003,0,8.8938199915844507e-08
4.1715,0,1.001712724990611e-07
4.1719999999999997,0,1.1267830917205401e-07
4.1725000000000003,0,1.2658682514432583e-07
4.173,0,1.4203531495393662e-07
4.1734999999999998,0,1.5917403142218234e-07
4.1740000000000004,0,1.7816580619722799e-07
4.1745000000000001,0,1.9918691313014492e-07
4.1749999999999998,0,2.224279757379044e-07
4.1755000000000004,0,2.4809491980803957e-07
4.1760000000000002,0,2.7640997229960718e-07
4.1764999999999999,0,3.0761270768397965e-07
4.1769999999999996,0,3.4196114253592922e-07
4.1775000000000002,0,3.7973287944081944e-07
4.1779999999999999,0,4.2122630110608129e-07
4.1784999999999997,0,4.6676181534310859e-07
4.1790000000000003,0,5.1668315166342187e-07
4.1795,0,5.7135871005531409e-07
4.1799999999999997,0,6.3118296254049968e-07
4.1805000000000003,0,6.9657790759958258e-07
4.181,0,7.6799457809917371e-07
4.1814999999999998,0,8.4591460260963201e-07
4.1820000000000004,0,9.3085182005792073e-07
4.1825000000000001,0,1.0233539477599863e-06
4.1829999999999998,0,1.1240043023885703e-06
4.1835000000000004,0,1.2334235734656752e-06
4.1840000000000002,0,1.3522716487024411e-06
4.1844999999999999,0,1.4812494904536955e-06
4.1849999999999996,0,1.6211010622990686e-06
4.1855000000000002,0,1.7726153044739234e-06
4.1859999999999999,0,1.9366281570509793e-06
4.1864999999999997,0,2.1140246289519384e-06
4.1870000000000003,0,2.3057409113902417e-06
4.1875,0,2.5127665335911154e-06
4.1879999999999997,0,2.7361465585906687e-06
4.1885000000000003,0,2.9769838168380859e-06
4.1890000000000001,0,3.2364411750140929e-06
4.1894999999999998,0,3.5157438370125858e-06
4.1900000000000004,0,3.8161816743431663e-06
4.1905000000000001,0,4.1391115824462862e-06
4.1909999999999998,0,4.4859598595348158e-06
4.1914999999999996,0,4.8582246042427887e-06
4.1920000000000002,0,5.2574781280845249e-06
4.1924999999999999,0,5.6853693786163007e-06
4.1929999999999996,0,6.1436263689040873e-06
4.1935000000000002,0,6.6340586087010319e-06
4.194,0,7.158559532494113e-06
4.1944999999999997,0,7.7191089195127745e-06
4.1950000000000003,0,8.3177753003482728e-06
4.1955,0,8.9567183449767999e-06
4.1959999999999997,0,9.6381912263687749e-06
4.1965000000000003,0,1.0364542954099942e-05
4.1970000000000001,0,1.1138220672002319e-05
4.1974999999999998,0,1.1961771913693297e-05
4.1980000000000004,0,1.2837846809887754e-05
4.1985000000000001,0,1.3769200240976164e-05
4.1989999999999998,0,1.4758693928473843e-05
4.1994999999999996,0,1.5809298458813183e-05
4.2000000000000002,0,1.6924095232562219e-05
4.2004999999999999,0,1.8106278332596926e-05
4.2009999999999996,0,1.9359156304143977e-05
4.2015000000000002,0,2.0686153839921672e-05
4.202,0,2.2090813363473406e-05
4.2024999999999997,0,2.3576796503699259e-05
4.2030000000000003,0,2.5147885453680187e-05
4.2035,0,2.680798420687802e-05
4.2039999999999997,0,2.8561119663872425e-05
4.2045000000000003,0,3.0411442602673588e-05
4.2050000000000001,0,3.2363228506016031e-05
4.2054999999999998,0,3.4420878238849983e-05
4.2060000000000004,0,3.6588918569557816e-05
4.2065000000000001,0,3.8872002528433927e-05
4.2069999999999999,0,4.1274909597088796e-05
4.2074999999999996,0,4.3802545722859688e-05
4.2080000000000002,0,4.6459943152010738e-05
4.2084999999999999,0,4.9252260076293464e-05
4.2089999999999996,0,5.21847800871722e-05
4.2095000000000002,0,5.5262911432529818e-05
4.21,0,5.8492186070890909e-05
4.2104999999999997,0,6.1878258518310863e-05
4.2110000000000003,0,6.5426904483667508e-05
4.2115,0,6.9144019288092107e-05
4.2119999999999997,0,7.3035616064842662e-05
4.2125000000000004,0,7.7107823736066722e-05
4.2130000000000001,0,8.1366884763467426e-05
4.2134999999999998,0,8.5819152670041363e-05
4.2140000000000004,0,9.0471089330546034e-05
4.2145000000000001,0,9.5329262028853728e-05
4.2149999999999999,0,0.00010040034028048206
4.2154999999999996,0,0.00010569109241926888
4.2160000000000002,0,0.00011120838194742522
4.2164999999999999,0,0.00011695916364881098
4.2169999999999996,0,0.00012295047946536686
4.2175000000000002,0,0.00012918945413766813
4.218,0,0.00013568329061022232
4.2184999999999997,0,0.00014243926520356441
4.2190000000000003,0,0.00014946472255463749
4.2195,0,0.00015676707032832304
4.2199999999999998,0,0.0001643537737028078
4.2205000000000004,0,0.00017223234963226197
4.2210000000000001,0,0.00018041036089067042
4.2214999999999998,0,0.00018889540990124631
4.2220000000000004,0,0.00019769513235596837
4.2225000000000001,0,0.00020681719063077032
4.2229999999999999,0,0.00021626926700190062
4.2234999999999996,0,0.00022605905666960301
4.2240000000000002,0,0.00023619426059576787
4.2244999999999999,0,0.00024668257816248265
4.2249999999999996,0,0.00025753169966016289
4.2255000000000003,0,0.00026874929861785412
4.226,0,0.00028034302399533307
4.2264999999999997,0,0.00029232049226585177
4.2270000000000003,0,0.00030468927942988165
4.2275,0,0.00031745691301270361
4.2279999999999998,0,0.00033063086411156962
4.2285000000000004,0,0.00034421853957050663
4.2290000000000001,0,0.0003582272743716475
4.2294999999999998,0,0.00037266432434132082
4.2300000000000004,0,0.00038753685927566116
4.2305000000000001,0,0.00040285195659413021
4.2309999999999999,0,0.00041861659563056095
4.2314999999999996,0,0.00043483765266851828
4.2320000000000002,0,0.0004515218968229484
4.2324999999999999,0,0.00046867598686133326
4.2329999999999997,0,0.00048630646904681554
4.2335000000000003,0,0.000504419776072329
4.234,0,0.00052302222713924702
4.2344999999999997,0,0.00054212002921711906
4.2350000000000003,0,0.0005617192795023707
4.2355,0,0.00058182596907502271
4.2359999999999998,0,0.00060244598773253613
4.2365000000000004,0,0.00062358512996038009
4.2370000000000001,0,0.0006452491019795281
4.2374999999999998,0,0.00066744352979242194
4.2380000000000004,0,0.00069017396813154659
4.2385000000000002,0,0.00071344591019811832
4.2389999999999999,0,0.00073726479806393022
4.2394999999999996,0,0.00076163603359604706
4.2400000000000002,0,0.00078656498975330222
4.2404999999999999,0,0.00081205702209389272
4.2409999999999997,0,0.00083811748032707194
4.2415000000000003,0,0.0008647517197361565
4.242,0,0.00089196511229816533
4.2424999999999997,0,0.00091976305732437429
4.2430000000000003,0,0.00094815099144754942
4.2435,0,0.00097713439778529532
4.2439999999999998,0,0.0010067188141142601
4.2445000000000004,0,0.0010369098398969379
4.2450000000000001,0,0.001067713142011939
4.2454999999999998,0,0.0010991344590484896
4.2460000000000004,0,0.0011311796040381129
4.2465000000000002,0,0.0011638544655084959
4.2469999999999999,0,0.0011971650067591709
4.2474999999999996,0,0.0012311172632726187
4.2480000000000002,0,0.00126571733818992
4.2484999999999999,0,0.0013009713957958912
4.2489999999999997,0,0.0013368856529746508
4.2495000000000003,0,0.0013734663686124859
4.25,0,0.0014107198309416757
4.2504999999999997,0,0.0014486523428343112
4.2510000000000003,0,0.0014872702050712449
4.2515000000000001,0,0.0015265796976266844
4.2519999999999998,0,0.0015665870590234054
4.2525000000000004,0,0.0016072984638280997
4.2530000000000001,0,0.0016487199983692524
4.2534999999999998,0,0.0016908576347731351
4.2539999999999996,0,0.0017337172034246561
4.2545000000000002,0,0.0017773043639706331
4.2549999999999999,0,0.0018216245749931969
4.2554999999999996,0,0.0018666830624889496
4.2560000000000002,0,0.0019124847872978412
4.2565,0,0.0019590344116317991
4.2569999999999997,0,0.0020063362648586104
4.2575000000000003,0,0.0020543943087010684
4.258,0,0.0021032121020144847
4.2584999999999997,0,0.0021527927653077318
4.2590000000000003,0,0.0022031389451744434
4.2595000000000001,0,0.002254252778800636
4.2599999999999998,0,0.0023061358587145196
4.2605000000000004,0,0.0023587891979422793
4.2610000000000001,0,0.0024122131957307834
4.2614999999999998,0,0.0024664076039949802
4.2619999999999996,0,0.0025213714946429209
4.2625000000000002,0,0.0025771032279266692
4.2629999999999999,0,0.0026336004219613242
4.2634999999999996,0,0.0026908599235480946
4.2640000000000002,0,0.0027488777804305252
4.2645,0,0.002807649215105379
4.2649999999999997,0,0.0028671686003016949
4.2655000000000003,0,0.0029274294362336972
4.266,0,0.0029884243297242487
4.2664999999999997,0,0.0030501449752867614
4.2670000000000003,0,0.0031125821382446796
4.2675000000000001,0,0.0031757256399582044
4.2679999999999998,0,0.0032395643452187485
4.2685000000000004,0,0.0033040861518621734
4.2690000000000001,0,0.0033692779826428711
4.2694999999999999,0,0.0034351257794009381
4.2699999999999996,0,0.0035016144995461016
4.2705000000000002,0,0.0035687281148723883
4.2709999999999999,0,0.0036364496127095471
4.2714999999999996,0,0.0037047609994074969
4.2720000000000002,0,0.0037736433061425489
4.2725,0,0.0038430765970256741
4.2729999999999997,0,0.0039130399794853003
4.2735000000000003,0,0.0039835116168894236
4.274,0,0.0040544687433651475
4.2744999999999997,0,0.0041258876807665377
4.2750000000000004,0,0.0041977438577353032
4.2755000000000001,0,0.0042700118307931302
4.2759999999999998,0,0.0043426653073985414
4.2765000000000004,0,0.0044156771708960593
4.2770000000000001,0,0.0044890195072807889
4.2774999999999999,0,0.0045626636336970061
4.2779999999999996,0,0.0046365801285854881
4.2785000000000002,0,0.0047107388633908509
4.2789999999999999,0,0.0047851090357369785
4.2794999999999996,0,0.004859659203975986
4.2800000000000002,0,0.004934357323013905
4.2805,0,0.0050091707813144978
4.2809999999999997,0,0.0050840664389809279
4.2815000000000003,0,0.0051590106668139898
4.282,0,0.0052339693862452517
4.2824999999999998,0,0.0053089081100425317
4.2830000000000004,0,0.0053837919836853152
4.2835000000000001,0,0.0054585858273085265
4.2839999999999998,0,0.0055332541781128895
4.2845000000000004,0,0.005607761333141714
4.2850000000000001,0,0.00568207139232485
4.2854999999999999,0,0.0057561483016922207
4.2859999999999996,0,0.00582995589666091
4.2865000000000002,0,0.0059034579453020484
4.2869999999999999,0,0.0059766181914957302
4.2874999999999996,1,0.0060494003978846193
4.2880000000000003,1,0.0061217683885398614
4.2885,0,-0.0038710398411886393
4.2889999999999997,0,-0.013813573062713103
4.2895000000000003,0,-0.01273872899682571
4.29,0,-0.011714639124081171
4.2904999999999998,0,-0.010738828852726746
4.2910000000000004,0,-0.0098089487759319364
4.2915000000000001,0,-0.0089227683587215553
4.2919999999999998,0,-0.0080781699395086615
4.2925000000000004,0,-0.0072731430305976287
4.2930000000000001,0,-0.0065057789028088679
4.2934999999999999,0,-0.0057742654401183426
4.2939999999999996,0,-0.0050768822509093311
4.2945000000000002,0,-0.0044119960231022827
4.2949999999999999,0,-0.0037780561110636992
4.2954999999999997,0,-0.0031735903427986267
4.2960000000000003,0,-0.0025972010365047813
4.2965,0,-0.0020475612161089838
4.2969999999999997,0,-0.0015234110159249026
4.2975000000000003,0,-0.001023554265061477
4.298,0,-0.00054685524267704681
4.2984999999999998,0,-9.2235595618284091e-05
4.2990000000000004,0,0.00034132858959761147
4.2995000000000001,0,0.00075480956809916846
4.2999999999999998,0,0.0011491305785366168
4.3005000000000004,0,0.0015251683524201477
4.3010000000000002,0,0.0018968804974795138
4.3014999999999999,0,0.0022706743823724396
4.3019999999999996,0,0.0026441816085385874
4.3025000000000002,0,0.003015351213013362
4.3029999999999999,0,0.0033824154032858879
4.3034999999999997,0,0.0037438588961073659
4.3040000000000003,0,0.0040983914605236208
4.3045,0,0.0044449233138509122
4.3049999999999997,0,0.0047825430612949416
4.3055000000000003,0,0.0051104979063713585
4.306,0,0.0054281758910190384
4.3064999999999998,0,0.0057350899519739151
4.3070000000000004,1,0.0060308636041607744
4.3075000000000001,1,0.0063152180830417515
4.3079999999999998,0,-0.003657507645617941
4.3085000000000004,0,-0.013580178887778859
4.3090000000000002,0,-0.012309485901933393
4.3094999999999999,0,-0.011101636844955165
4.3099999999999996,0,-0.0099540196369293128
4.3105000000000002,0,-0.0088641059970100636
4.3109999999999999,0,-0.0078294510980575719
4.3114999999999997,0,-0.0068476929132125332
4.3120000000000003,0,-0.0059165512998313966
4.3125,0,-0.005033826860820878
4.3129999999999997,0,-0.0041973996186539849
4.3135000000000003,0,-0.0034052275331508675
4.3140000000000001,0,-0.0026553448903894107
4.3144999999999998,0,-0.0019458605868228119
4.3150000000000004,0,-0.001274956329768695
4.3155000000000001,0,-0.00064088477285281222
4.3159999999999998,0,-4.1967602703640861e-05
4.3164999999999996,0,0.00052340640883706828
4.3170000000000002,0,0.0010567833745208643
4.3174999999999999,0,0.0015596462726490735
4.3179999999999996,0,0.0020334169297295812
4.3185000000000002,0,0.002479457996643042
4.319,0,0.0028990749112463242
4.3194999999999997,0,0.0032935178413321274
4.3200000000000003,0,0.0036639836027453575
4.3205,0,0.0040116175482371782
4.3209999999999997,0,0.0043375154233313059
4.3215000000000003,0,0.0046427251860910899
4.3220000000000001,0,0.0049282487882200358
4.3224999999999998,0,0.005195043915409525
4.3230000000000004,0,0.005444025685274567
4.3235000000000001,0,0.0056760683015921855
4.3239999999999998,0,0.0058920066638909144
4.3244999999999996,1,0.0060926379317302829
4.3250000000000002,1,0.0062787230432658214
4.3254999999999999,0,-0.0037040504422687246
4.3259999999999996,0,-0.0136373614445919
4.3265000000000002,0,-0.01247831518818766
4.327,0,-0.011381723502145179
4.3274999999999997,0,-0.010344454443137774
4.3280000000000003,0,-0.0093635306822859588
4.3285,0,-0.0084361219748982259
4.3289999999999997,0,-0.0075595379894656031
4.3295000000000003,0,-0.0067312214792756841
4.3300000000000001,0,-0.0059487417807424616
4.3304999999999998,0,-0.0052097886232565617
4.3310000000000004,0,-0.0045121662360360524
4.3315000000000001,0,-0.0038537877381072281
4.3319999999999999,0,-0.0032326697981677754
4.3324999999999996,0,-0.0026469275516803671
4.3330000000000002,0,-0.0020947697631169991
4.3334999999999999,0,-0.0015744942218211655
4.3339999999999996,0,-0.0010844833604784277
4.3345000000000002,0,-0.0006232000856890241
4.335,0,-0.000189183810614435
4.3354999999999997,0,0.00021895331987061838
4.3360000000000003,0,0.00060253002064905028
4.3365,0,0.00096279928316528318
4.3369999999999997,0,0.0013009516258692955
4.3375000000000004,0,0.0016181181862250371
4.3380000000000001,0,0.0019153736618403693
4.3384999999999998,0,0.0021937391079251633
4.3390000000000004,0,0.002454184597949416
4.3395000000000001,0,0.0026976317540534089
4.3399999999999999,0,0.0029249561534560376
4.3404999999999996,0,0.0031369896168162879
4.3410000000000002,0,0.0033345223842235704
4.3414999999999999,0,0.0035183051842271997
4.3419999999999996,0,0.0036890512010604669
4.3425000000000002,0,0.0038474379449737082
4.343,0,0.0039941090303579731
4.3434999999999997,0,0.0041296758661209963
4.3440000000000003,0,0.0042547192625662644
4.3445,0,0.004369790958824604
4.3449999999999998,0,0.0044754150746964868
4.3455000000000004,0,0.0045720894905798334
4.3460000000000001,0,0.004660287158983545
4.3464999999999998,0,0.004740457350961058
4.3470000000000004,0,0.004813026840638379
4.3475000000000001,0,0.0048784010308611236
4.3479999999999999,0,0.0049369650228389909
4.3484999999999996,0,0.0049890846325300721
4.3490000000000002,0,0.0050351073563748797
4.3494999999999999,0,0.005075363288865287
4.3499999999999996,0,0.0051101659943148751
4.3505000000000003,0,0.0051398133350822771
4.351,0,0.0051645882583916669
4.3514999999999997,0,0.0051847595437907847
4.3520000000000003,0,0.0052005825131888894
4.3525,0,0.0052122997053225765
4.3529999999999998,0,0.00522014151640845
4.3535000000000004,0,0.0052243268086565207
4.3540000000000001,0,0.0052250634882366033
4.3544999999999998,0,0.0052225490542133542
4.3550000000000004,0,0.0052169711198911005
4.3555000000000001,0,0.0052085079079404852
4.3559999999999999,0,0.0051973287206107943
4.3564999999999996,0,0.0051835943862697633
4.3570000000000002,0,0.0051674576834506158
4.3574999999999999,0,0.0051490637435294808
4.3579999999999997,0,0.0051285504331004426
4.3585000000000003,0,0.0051060487170638382
4.359,0,0.0050816830033932779
4.3594999999999997,0,0.0050555714704995647
4.3600000000000003,0,0.0050278263780641928
4.3605,0,0.0049985543621724358
4.3609999999999998,0,0.0049678567155354127
4.3615000000000004,0,0.0049358296535503051
4.3620000000000001,0,0.0049025645669128594
4.3624999999999998,0,0.0048681482614586265
4.3630000000000004,0,0.004832663185878083
4.3635000000000002,0,0.0047961876479171717
4.3639999999999999,0,0.004758796019645295
4.3644999999999996,0,0.0047205589323433775
4.3650000000000002,0,0.0046815434615376074
4.3654999999999999,0,0.0046418133026777776
4.3659999999999997,0,0.0046014289379343824
4.3665000000000003,0,0.0045604477945652257
4.367,0,0.0045189243952794781
4.3674999999999997,0,0.0044769105010056152
4.3680000000000003,0,0.0044344552464496197
4.3685,0,0.0043916052688100617
4.3689999999999998,0,0.0043484048299987973
4.3695000000000004,0,0.0043048959326976279
4.3700000000000001,0,0.0042611184305656798
4.3704999999999998,0,0.0042171101328953185
4.3710000000000004,0,0.0041729069040003734
4.3715000000000002,0,0.0041285427576054131
4.3719999999999999,0,0.0040840499464915745
4.3724999999999996,0,0.004039459047641092
4.3730000000000002,0,0.0039947990431112414
4.3734999999999999,0,0.0039500973968557562
4.3739999999999997,0,0.0039053801277010524
4.3745000000000003,0,0.0038606718786745597
4.375,0,0.0038159959828715563
4.3754999999999997,0,0.0037713745260377963
4.3760000000000003,0,0.0037268284060364421
4.3765000000000001,0,0.0036823773893590039
4.3769999999999998,0,0.0036380401648312467
4.3775000000000004,0,0.0035938343946585348
4.3780000000000001,0,0.0035497767629463993
4.3784999999999998,0,0.0035058830218260726
4.3789999999999996,0,0.0034621680353076334
4.3795000000000002,0,0.0034186458209772507
4.3799999999999999,0,0.0033753295896487901
4.3804999999999996,0,0.003332231783074846
4.3810000000000002,0,0.0032893641098163061
4.3815,0,0.0032467375793651331
4.3819999999999997,0,0.0032043625346089288
4.3825000000000003,0,0.0031622486827230902
4.383,0,0.0031204051245700692
4.3834999999999997,0,0.0030788403826825794
4.3840000000000003,0,0.0030375624279026293
4.3845000000000001,0,0.0029965787047450563
4.3849999999999998,0,0.0029558961555507745
4.3855000000000004,0,0.0029155212434909816
4.3860000000000001,0,0.0028754599744808427
4.3864999999999998,0,0.0028357179180584003
4.3869999999999996,0,0.0027963002272805904
4.3875000000000002,0,0.002757211657686609
4.3879999999999999,0,0.0027184565853756505
4.3884999999999996,0,0.0026800390242438855
4.3890000000000002,0,0.0026419626424226349
4.3895,0,0.0026042307779586714
4.3899999999999997,0,0.0025668464537737857
4.3905000000000003,0,0.0025298123919408667
4.391,0,0.0024931310273095474
4.3914999999999997,0,0.0024568045205146881
4.3920000000000003,0,0.0024208347703982059
4.3925000000000001,0,0.0023852234258731841
4.3929999999999998,0,0.0023499718972581295
4.3935000000000004,0,0.0023150813671074743
4.3940000000000001,0,0.0022805528005630181
4.3944999999999999,0,0.0022463869552501901
4.3949999999999996,0,0.0022125843907409128
4.3955000000000002,0,0.0021791454776046272
4.3959999999999999,0,0.0021460704060671464
4.3964999999999996,0,0.0021133591942967822
4.3970000000000002,0,0.0020810116963350888
4.3975,0,0.0020490276096899796
4.3979999999999997,0,0.0020174064826069095
4.3985000000000003,0,0.0019861477210335711
4.399,0,0.0019552505952927235
4.3994999999999997,0,0.0019247142464768219
4.4000000000000004,0,0.0018945376925776248
4.4005000000000001,0,0.0018647198343630157
4.4009999999999998,0,0.0018352594610128725
4.4015000000000004,0,0.0018061552555251881
4.4020000000000001,0,0.0017774057999029313
4.4024999999999999,0,0.0017490095801315885
4.4029999999999996,0,0.001720964990957008
4.4035000000000002,0,0.0016932703404726524
4.4039999999999999,0,0.0016659238545245537
4.4044999999999996,0,0.0016389236809422835
4.4050000000000002,0,0.001612267893603614
4.4055,0,0.0015859544963401472
4.4059999999999997,0,0.001559981426690915
4.4065000000000003,0,0.0015343465595104022
4.407,0,0.0015090477104375388
4.4074999999999998,0,0.0014840826392311878
4.4080000000000004,0,0.0014594490529782566
4.4085000000000001,0,0.0014351446091792508
4.4089999999999998,0,0.0014111669187170551
4.4095000000000004,0,0.0013875135487130819
4.4100000000000001,0,0.0013641820252758507
4.4104999999999999,0,0.0013411698361462498
4.4109999999999996,0,0.001318474433243666
4.4115000000000002,0,0.001296093235116913
4.4119999999999999,0,0.0012740236293036888
4.4124999999999996,0,0.0012522629746022473
4.4130000000000003,0,0.0012308086032588594
4.4135,0,0.001209657823073762
4.4139999999999997,0,0.0011888079194294133
4.4145000000000003,0,0.0011682561572435967
4.415,0,0.0011479997828500398
4.4154999999999998,0,0.0011280360258098976
4.4160000000000004,0,0.0011083621006557575
4.4165000000000001,0,0.001088975208571441
4.4169999999999998,0,0.0010698725390094089
4.4175000000000004,0,0.0010510512712484043
4.4180000000000001,0,0.0010325085758928986
4.4184999999999999,0,0.0010142416163171132
4.4189999999999996,0,0.00099624755005489618
4.4195000000000002,0,0.00097852353013774254
4.4199999999999999,0,0.00096106670638256291
4.4204999999999997,0,0.00094387422663112504
4.4210000000000003,0,0.00092694323794219042
4.4215,0,0.0009102708877389065
4.4219999999999997,0,0.00089385432491200238
4.4225000000000003,0,0.00087769070088085095
4.423,0,0.00086177717061348687
4.4234999999999998,0,0.00084611089360703273
4.4240000000000004,0,0.00083068903482970131
4.4245000000000001,0,0.00081550876562574981
4.4249999999999998,0,0.00080056726458435092
4.4255000000000004,0,0.00078586171837383698
4.4260000000000002,0,0.00077138932254197103
4.4264999999999999,0,0.00075714728228384323
4.4269999999999996,0,0.00074313281317778257
4.4275000000000002,0,0.00072934314189084806
4.4279999999999999,0,0.00071577550685437692
4.4284999999999997,0,0.0007024271589108344
4.4290000000000003,0,0.00068929536193250711
4.4295,0,0.00067637739341336323
4.4299999999999997,0,0.0006636705450342006
4.4305000000000003,0,0.00065117212320280342
4.431,0,0.00063887944956887428
4.4314999999999998,0,0.00062678986151507574
4.4320000000000004,0,0.00061490071262499941
4.4325000000000001,0,0.00060320937312824396
4.4329999999999998,0,0.00059171323032373155
4.4335000000000004,0,0.00058040968898160901
4.4340000000000002,0,0.00056929617172445384
4.4344999999999999,0,0.00055837011938869585
4.4349999999999996,0,0.00054762899136630012
4.4355000000000002,0,0.00053707026592775264
4.4359999999999999,0,0.00052669144052642776
4.4364999999999997,0,0.00051649003208554807
4.4370000000000003,0,0.00050646357726766842
4.4375,0,0.00049660963272745167
4.4379999999999997,0,0.00048692577534815707
4.4385000000000003,0,0.00047740960246247523
4.4390000000000001,0,0.0004680587320578522
4.4394999999999998,0,0.00045887080296724836
4.4400000000000004,0,0.00044984347504533061
4.4405000000000001,0,0.00044097442933067611
4.4409999999999998,0,0.00043226136819456417
4.4414999999999996,0,0.00042370201547657914
4.4420000000000002,0,0.00041529411660755632
4.4424999999999999,0,0.00040703543871988267
4.4429999999999996,0,0.0003989237707463955
4.4435000000000002,0,0.00039095692350723523
4.444,0,0.00038313272978567347
4.4444999999999997,0,0.00037544904439299474
4.4450000000000003,0,0.00036790374422285277
4.4455,0,0.0003604947282957238
4.4459999999999997,0,0.00035321991779295735
4.4465000000000003,0,0.00034607725608178932
4.4470000000000001,0,0.0003390647087307963
4.4474999999999998,0,0.00033218026351670147
4.4480000000000004,0,0.00032542193042225389
4.4485000000000001,0,0.00031878774162600319
4.4489999999999998,0,0.00031227575148393691
4.4494999999999996,0,0.00030588403650336768
4.4500000000000002,0,0.00029961069530916041
4.4504999999999999,0,0.00029345384860297586
4.4509999999999996,0,0.00028741163911533141
4.4515000000000002,0,0.00028148223155097794
4.452,0,0.00027566381252783765
4.4524999999999997,0,0.00026995459050950245
4.4530000000000003,0,0.00026435279573197026
4.4535,0,0.00025885668012447515
4.4539999999999997,0,0.00025346451722459975
4.4545000000000003,0,0.00024817460208829132
4.4550000000000001,0,0.00024298525119458291
4.4554999999999998,0,0.00023789480234530646
4.4560000000000004,0,0.00023290161456025472
4.4565000000000001,0,0.00022800406796776861
4.4569999999999999,0,0.00022320056369088404
4.4574999999999996,0,0.00021848952372927055
4.4580000000000002,0,0.00021386939083748447
4.4584999999999999,0,0.00020933862839893623
4.4589999999999996,0,0.00020489572029691594
4.4595000000000002,0,0.00020053917078145523
4.46,0,0.00019626750433333618
4.4604999999999997,0,0.00019207926552492483
4.4610000000000003,0,0.00018797301887776285
4.4615,0,0.00018394734871776119
4.4619999999999997,0,0.00018000085902732942
4.4625000000000004,0,0.00017613217329539576
4.4630000000000001,0,0.00017233993436456264
4.4634999999999998,0,0.00016862280427628606
4.4640000000000004,0,0.00016497946411409004
4.4645000000000001,0,0.00016140861384447147
4.4649999999999999,0,0.00015790897215616216
4.4654999999999996,0,0.00015447927629764769
4.4660000000000002,0,0.00015111828191293196
4.4664999999999999,0,0.00014782476287608092
4.4669999999999996,0,0.00014459751112404494
4.4675000000000002,0,0.00014143533648856011
4.468,0,0.00013833706652665033
4.4684999999999997,0,0.00013530154635011949
4.4690000000000003,0,0.00013232763845415495
4.4695,0,0.00012941422254502121
4.4699999999999998,0,0.00012656019536703145
4.4705000000000004,0,0.00012376447052887541
4.4710000000000001,0,0.00012102597832921446
4.4714999999999998,0,0.00011834366558198806
4.4720000000000004,0,0.00011571649544117601
4.4725000000000001,0,0.00011314344722538339
4.4729999999999999,0,0.00011062351624203659
4.4734999999999996,0,0.00010815571361144638
4.4740000000000002,0,0.00010573906609080419
4.4744999999999999,0,0.00010337261589815627
4.4749999999999996,0,0.00010105542053646665
4.4755000000000003,0,9.8786552617746715e-05
4.476,0,9.6565099687406788e-05
4.4764999999999997,0,9.4390164048785416e-05
4.4770000000000003,0,9.2260862588011694e-05
4.4775,0,9.0176326599311626e-05
4.4779999999999998,0,8.8135701610692066e-05
4.4785000000000004,0,8.613814721005752e-05
4.4790000000000001,0,8.4182836871748984e-05
4.4794999999999998,0,8.2268957784137339e-05
4.4800000000000004,0,8.0395710677183543e-05
4.4805000000000001,0,7.8562309651242226e-05
4.4809999999999999,0,7.6767982006176183e-05
4.4814999999999996,0,7.5011968071481136e-05
4.4820000000000002,0,7.3293521037220982e-05
4.4824999999999999,0,7.1611906785606919e-05
4.4829999999999997,0,6.9966403723653589e-05
4.4835000000000003,0,6.8356302616690015e-05
4.484,0,6.6780906422780889e-05
4.4844999999999997,0,6.5239530128358153e-05
4.4850000000000003,0,6.3731500584440765e-05
4.4855,0,6.2256156344342456e-05
4.4859999999999998,0,6.0812847502178523e-05
4.4865000000000004,0,5.9400935532794022e-05
4.4870000000000001,0,5.8019793132380039e-05
4.4874999999999998,0,5.6668804060555632e-05
4.4880000000000004,0,5.5347362983682036e-05
4.4885000000000002,0,5.4054875319153871e-05
4.4889999999999999,0,5.2790757081111474e-05
4.4894999999999996,0,5.1554434727152376e-05
4.4900000000000002,0,5.0345345006719279e-05
4.4904999999999999,0,4.9162934810287326e-05
4.4909999999999997,0,4.8006661020350003e-05
4.4915000000000003,0,4.6875990363104413e-05
4.492,0,4.5770399262223818e-05
4.4924999999999997,0,4.4689373693262978e-05
4.4930000000000003,0,4.3632409039873199e-05
4.4935,0,4.2599009951171943e-05
4.4939999999999998,0,4.1588690200555775e-05
4.4945000000000004,0,4.0600972545845605e-05
4.4950000000000001,0,3.9635388591008346e-05
4.4954999999999998,0,3.8691478648966714e-05
4.4960000000000004,0,3.7768791606107577e-05
4.4965000000000002,0,3.6866884788000484e-05
4.4969999999999999,0,3.5985323826781547e-05
4.4974999999999996,0,3.5123682529525359e-05
4.4980000000000002,0,3.4281542748582086e-05
4.4984999999999999,0,3.3458494252913693e-05
4.4989999999999997,0,3.265413460113997e-05
4.4995000000000003,0,3.186806901579464e-05
4.5,0,3.1099910259235752e-05
4.5004999999999997,0,3.0349278510832801e-05
4.5010000000000003,0,2.9615801245574948e-05
4.5015000000000001,0,2.8899113114289056e-05
4.5019999999999998,0,2.8198855825134485e-05
4.5025000000000004,0,2.7514678026496765e-05
4.5030000000000001,0,2.6846235191479993e-05
4.5034999999999998,0,2.6193189503731505e-05
4.5039999999999996,0,2.5555209744587694e-05
4.5045000000000002,0,2.4931971181740841e-05
4.5049999999999999,0,2.4323155459460288e-05
4.5054999999999996,0,2.3728450489846063e-05
4.5060000000000002,0,2.314755034583671e-05
4.5065,0,2.2580155155516036e-05
4.5069999999999997,0,2.2025970997696653e-05
4.5075000000000003,0,2.1484709798935685e-05
4.508,0,2.0956089232015972e-05
4.5084999999999997,0,2.0439832615770646e-05
4.5090000000000003,0,1.9935668816228878e-05
4.5095000000000001,0,1.944333214902727e-05
4.5099999999999998,0,1.8962562283353358e-05
4.5105000000000004,0,1.8493104147143669e-05
4.5110000000000001,0,1.8034707833580744e-05
4.5114999999999998,0,1.7587128508844695e-05
4.5119999999999996,0,1.715012632146351e-05
4.5125000000000002,0,1.6723466312584811e-05
4.5129999999999999,0,1.6306918327757546e-05
4.5134999999999996,0,1.5900256930045931e-05
4.5140000000000002,0,1.5503261314220307e-05
4.5145,0,1.5115715222369097e-05
4.5149999999999997,0,1.4737406860698687e-05
4.5155000000000003,0,1.4368128817521253e-05
4.516,0,1.4007677982641464e-05
4.5164999999999997,0,1.3655855467842315e-05
4.5170000000000003,0,1.331246652842566e-05
4.5175000000000001,0,1.2977320486262655e-05
4.5179999999999998,0,1.2650230653843409e-05
4.5185000000000004,0,1.2331014259603368e-05
4.5190000000000001,0,1.2019492374271134e-05
4.5194999999999999,0,1.1715489838315386e-05
4.5199999999999996,0,1.1418835190890596e-05
4.5205000000000002,0,1.1129360599559935e-05
4.5209999999999999,0,1.0846901791239372e-05
4.5214999999999996,0,1.0571297984229843e-05
4.5220000000000002,0,1.0302391821526146e-05
4.5225,0,1.0040029304825282e-05
4.5229999999999997,0,9.7840597299225781e-06
4.5235000000000003,0,9.5343356230959134e-06
4.524,0,9.2907126784558251e-06
4.5244999999999997,0,9.0530496963947549e-06
4.5250000000000004,0,8.8212085230909849e-06
4.5255000000000001,0,8.5950539908008487e-06
4.5259999999999998,0,8.3744538595165178e-06
4.5265000000000004,0,8.1592787592121848e-06
4.5270000000000001,0,7.9494021333892384e-06
4.5274999999999999,0,7.7447001833763622e-06
4.5279999999999996,0,7.5450518136288555e-06
4.5285000000000002,0,7.3503385781048539e-06
4.5289999999999999,0,7.1604446272632852e-06
4.5294999999999996,0,6.9752566563052735e-06
4.5300000000000002,0,6.7946638540261613e-06
4.5305,0,6.6185578527666601e-06
4.5309999999999997,0,6.4468326791966568e-06
4.5315000000000003,0,6.2793847058872919e-06
4.532,0,6.1161126037379002e-06
4.5324999999999998,0,5.9569172953133355e-06
4.5330000000000004,0,5.8017019091249898e-06
4.5335000000000001,0,5.6503717343447944e-06
4.5339999999999998,0,5.5028341767293652e-06
4.5345000000000004,0,5.358998715188079e-06
4.5350000000000001,0,5.2187768591172022e-06
4.5354999999999999,0,5.0820821063668475e-06
4.5359999999999996,0,4.9488299023847658e-06
4.5365000000000002,0,4.8189375996599008e-06
4.5369999999999999,0,4.6923244181540366e-06
4.5374999999999996,0,4.5689114064439982e-06
4.5380000000000003,0,4.4486214034300529e-06
4.5385,0,4.3313790010213182e-06
4.5389999999999997,0,4.2171105071986402e-06
4.5395000000000003,0,4.1057439100433687e-06
4.54,0,3.9972088422768334e-06
4.5404999999999998,0,3.8914365465436697e-06
4.5410000000000004,0,3.7883598412613574e-06
4.5415000000000001,0,3.6879130872691236e-06
4.5419999999999998,0,3.5900321549542367e-06
4.5425000000000004,0,3.4946543920333362e-06
4.5430000000000001,0,3.4017185920665049e-06
4.5434999999999999,0,3.311164963415436e-06
4.5439999999999996,0,3.2229350989010365e-06
4.5445000000000002,0,3.1369719460716538e-06
4.5449999999999999,0,3.0532197779598034e-06
4.5454999999999997,0,2.9716241644051067e-06
4.5460000000000003,0,2.8921319440100569e-06
4.5465,0,2.8146911965620802e-06
4.5469999999999997,0,2.7392512162216497e-06
4.5475000000000003,0,2.6657624847326033e-06
4.548,0,2.594176645842605e-06
4.5484999999999998,0,2.5244464795792787e-06
4.5490000000000004,0,2.4565258775477439e-06
4.5495000000000001,0,2.3903698183946886e-06
4.5499999999999998,0,2.3259343438497559e-06
4.5505000000000004,0,2.2631765353331447e-06
4.5510000000000002,0,2.2020544909295834e-06
4.5514999999999999,0,2.1425273028841118e-06
4.5519999999999996,0,2.0845550355530485e-06
4.5525000000000002,0,2.0280987036769282e-06
4.5529999999999999,0,1.9731202513417758e-06
4.5534999999999997,0,1.9195825311069113e-06
4.5540000000000003,0,1.8674492836989742e-06
4.5545,0,1.8166851181611321e-06
4.5549999999999997,0,1.7672554922798511e-06
4.5555000000000003,0,1.7191266935445703e-06
4.556,0,1.6722658204182394e-06
4.5564999999999998,0,1.6266407639298209e-06
4.5570000000000004,0,1.5822201898219035e-06
4.5575000000000001,0,1.5389735209869747e-06
4.5579999999999998,0,1.4968709201923502e-06
4.5585000000000004,0,1.4558832733380101e-06
4.5590000000000002,0,1.4159821728809695e-06
4.5594999999999999,0,1.3771399016704322e-06
4.5599999999999996,0,1.3393294172936442e-06
4.5605000000000002,0,1.3025243363995465e-06
4.5609999999999999,0,1.2666989197551715e-06
4.5614999999999997,0,1.2318280572243268e-06
4.5620000000000003,0,1.197887253467922e-06
4.5625,0,1.1648526135665803e-06
4.5629999999999997,0,1.1327008292871809e-06
4.5635000000000003,0,1.1014091652938872e-06
4.5640000000000001,0,1.0709554460253123e-06
4.5644999999999998,0,1.0413180425716817e-06
4.5650000000000004,0,1.0124758599627802e-06
4.5655000000000001,0,9.8440832474455675e-07
4.5659999999999998,0,9.5709537272226082e-07
4.5664999999999996,0,9.3051743706995536e-07
4.5670000000000002,0,9.0465543667317405e-07
4.5674999999999999,0,8.7949076469362455e-07
4.5679999999999996,0,8.5500527737814023e-07
4.5685000000000002,0,8.3118128320069933e-07
4.569,0,8.0800153211546539e-07
4.5694999999999997,0,7.854492051317941e-07
4.5700000000000003,0,7.6350790420010026e-07
4.5705,0,7.4216164205331834e-07
4.5709999999999997,0,7.2139483261457469e-07
4.5715000000000003,0,7.0119228127163426e-07
4.5720000000000001,0,6.815391756176403e-07
4.5724999999999998,0,6.6242107641389938e-07
4.5730000000000004,0,6.4382390853046094e-07
4.5735000000000001,0,6.2573395228637805e-07
4.5739999999999998,0,6.0813783478996799e-07
4.5744999999999996,0,5.9102252183418356e-07
4.5750000000000002,0,5.743753095366344e-07
4.5754999999999999,0,5.581838165791275e-07
4.5759999999999996,0,5.4243597610303949e-07
4.5765000000000002,0,5.2712002845956007e-07
4.577,0,5.1222451349364204e-07
4.5774999999999997,0,4.9773826343857408e-07
4.5780000000000003,0,4.836503957772464e-07
4.5785,0,4.6995030617003053e-07
4.5789999999999997,0,4.5662766192666735e-07
4.5795000000000003,0,4.4367239514508939e-07
4.5800000000000001,0,4.3107469633874017e-07
4.5804999999999998,0,4.1882500814161003e-07
4.5810000000000004,0,4.0691401901327142e-07
4.5815000000000001,0,3.9533265725477664e-07
4.5819999999999999,0,3.8407208525770286e-07
4.5824999999999996,0,3.731236935200499e-07
4.5830000000000002,0,3.6247909511732957e-07
4.5834999999999999,0,3.521301201958593e-07
4.5839999999999996,0,3.4206881062148752e-07
4.5845000000000002,0,3.3228741471713617e-07
4.585,0,3.2277838215577501e-07
4.5854999999999997,0,3.1353435893111125e-07
4.5860000000000003,0,3.0454818257252824e-07
4.5865,0,2.958128771823887e-07
4.5869999999999997,0,2.873216490062447e-07
4.5875000000000004,0,2.7906788172549215e-07
4.5880000000000001,0,2.7104513199427417e-07
4.5884999999999998,0,2.6324712532055372e-07
4.5890000000000004,0,2.5566775164742593e-07
4.5895000000000001,0,2.4830106123419069e-07
4.5899999999999999,0,2.4114126065954979e-07
4.5904999999999996,0,2.3418270893582617e-07
4.5910000000000002,0,2.274199135898769e-07
4.5914999999999999,0,2.2084752692164146e-07
4.5919999999999996,0,2.1446034237371236e-07
4.5925000000000002,0,2.0825329097862166e-07
4.593,0,2.0222143786163828e-07
4.5934999999999997,0,1.9635997872136102e-07
4.5940000000000003,0,1.9066423662117415e-07
4.5945,0,1.8512965880290721e-07
4.5949999999999998,0,1.7975181345608605e-07
4.5955000000000004,0,1.7452638655379716e-07
4.5960000000000001,0,1.6944917897721011e-07
4.5964999999999998,0,1.6451610346246426e-07
4.5970000000000004,0,1.5972318186951995e-07
4.5975000000000001,0,1.5506654220676098e-07
4.5979999999999999,0,1.5054241611078823e-07
4.5984999999999996,0,1.4614713595983985e-07
4.5990000000000002,0,1.4187713250901624e-07
4.5994999999999999,0,1.3772893215913128e-07
4.5999999999999996,0,1.3369915463634641e-07
4.6005000000000003,0,1.2978451049416862e-07
4.601,0,1.2598179871536885e-07
4.6014999999999997,0,1.2228790463586492e-07
4.6020000000000003,0,1.1869979746892411e-07
4.6025,0,1.1521452818463729e-07
4.6029999999999998,0,1.1182922753372182e-07
4.6035000000000004,0,1.0854110380487114e-07
4.6040000000000001,0,1.0534744083745551e-07
4.6044999999999998,0,1.0224559604532502e-07
4.6050000000000004,0,9.9232998596043842e-08
4.6055000000000001,0,9.6307147445795499e-08
4.6059999999999999,0,9.3465609518617041e-08
4.6064999999999996,0,9.070601790783783e-08
4.6070000000000002,0,8.8026070144131549e-08
4.6074999999999999,0,8.5423526607897321e-08
4.6079999999999997,0,8.2896208741800595e-08
4.6085000000000003,0,8.0441997496460968e-08
4.609,0,7.8058831776139923e-08
4.6094999999999997,0,7.5744706862224126e-08
4.6100000000000003,0,7.349767300324217e-08
4.6105,0,7.1315833760632335e-08
4.6109999999999998,0,6.9197344954030624e-08
4.6115000000000004,0,6.7140412962629628e-08
4.6120000000000001,0,6.5143293492830881e-08
4.6124999999999998,0,6.3204290301488442e-08
4.6130000000000004,0,6.1321753819232322e-08
4.6135000000000002,0,5.9494080018041017e-08
4.6139999999999999,0,5.7719709134484989e-08
4.6144999999999996,0,5.5997124492890293e-08
4.6150000000000002,0,5.43248513729111e-08
4.6154999999999999,0,5.2701455810488795e-08
4.6159999999999997,0,5.1125543687469133e-08
4.6165000000000003,0,4.9595759499254655e-08
4.617,0,4.811078535560398e-08
4.6174999999999997,0,4.6669340014737773e-08
4.6180000000000003,0,4.5270177839729089e-08
4.6185,0,4.3912087877018279e-08
4.6189999999999998,0,4.2593892923825652e-08
4.6195000000000004,0,4.1314448551155179e-08
4.6200000000000001,0,4.0072642326638433e-08
4.6204999999999998,0,3.8867392893049414e-08
4.6210000000000004,0,3.7697649091228415e-08
4.6215000000000002,0,3.6562389238437023e-08
4.6219999999999999,0,3.5460620206873014e-08
4.6224999999999996,0,3.4391376768638791e-08
4.6230000000000002,0,3.3353720763074081e-08
4.6234999999999999,0,3.2346740375110984e-08
4.6239999999999997,0,3.1369549402526786e-08
4.6245000000000003,0,3.0421286623116826e-08
4.625,0,2.9501114984231692e-08
4.6254999999999997,0,2.8608221125381306e-08
4.6260000000000003,0,2.774181460107883e-08
4.6265000000000001,0,2.6901127270217984e-08
4.6269999999999998,0,2.6085412718757084e-08
4.6275000000000004,0,2.5293945593585222e-08
4.6280000000000001,0,2.4526021114024132e-08
4.6284999999999998,0,2.378095448341e-08
4.6289999999999996,0,2.3058080289573012e-08
4.6295000000000002,0,2.2356752005237013e-08
4.6299999999999999,0,2.1676341499521357e-08
4.6304999999999996,0,2.1016238471727178e-08
4.6310000000000002,0,2.0375849985043716e-08
4.6315,0,1.9754599989152412e-08
4.6319999999999997,0,1.9151928887239932e-08
4.6325000000000003,0,1.8567292969784433e-08
4.633,0,1.8000164114795326e-08
4.6334999999999997,0,1.745002926600847e-08
4.6340000000000003,0,1.6916390022103655e-08
4.6345000000000001,0,1.6398762270330992e-08
4.6349999999999998,0,1.5896675753523937e-08
4.6355000000000004,0,1.5409673714827931e-08
4.6360000000000001,0,1.4937312453611184e-08
4.6364999999999998,0,1.4479161036806687e-08
4.6369999999999996,0,1.4034800921436386e-08
4.6375000000000002,0,1.3603825610442045e-08
4.6379999999999999,0,1.3185840264107184e-08
4.6384999999999996,0,1.2780461455808024e-08
4.6390000000000002,0,1.2387316794537639e-08
4.6395,0,1.2006044625145762e-08
4.6399999999999997,0,1.1636293772987471e-08
4.6405000000000003,0,1.1277723166447373e-08
4.641,0,1.0930001614894991e-08
4.6414999999999997,0,1.0592807508924552e-08
4.6420000000000003,0,1.0265828576105918e-08
4.6425000000000001,0,9.948761570122144e-09
4.6429999999999998,0,9.6413120487248708e-09
4.6435000000000004,0,9.3431941294852553e-09
4.6440000000000001,0,9.05413020113599e-09
4.6444999999999999,0,8.7738507792423096e-09
4.6449999999999996,0,8.5020941731350771e-09
4.6455000000000002,0,8.2386063637862599e-09
4.6459999999999999,0,7.9831406818442471e-09
4.6464999999999996,0,7.7354576744070862e-09
4.6470000000000002,0,7.4953248940801128e-09
4.6475,0,7.2625166436246502e-09
4.6479999999999997,0,7.0368138649357094e-09
4.6485000000000003,0,6.8180038947929235e-09
4.649,0,6.605880276122633e-09
4.6494999999999997,0,6.4002426358733547e-09
4.6500000000000004,0,6.2008964629711727e-09
4.6505000000000001,0,6.0076529195818294e-09
4.6509999999999998,0,5.8203287744973409e-09
4.6515000000000004,0,5.6387461366824709e-09
4.6520000000000001,0,5.46273235535466e-09
4.6524999999999999,0,5.2921198756550328e-09
4.6529999999999996,0,5.1267460721149403e-09
4.6535000000000002,0,4.9664531043269736e-09
4.6539999999999999,0,4.8110877837181928e-09
4.6544999999999996,0,4.6605014403233726e-09
4.6550000000000002,0,4.5145498117626918e-09
4.6555,0,4.373092921117205e-09
4.6559999999999997,0,4.2359948881909304e-09
4.6565000000000003,0,4.1031238406930015e-09
4.657,0,3.9743518809309816e-09
4.6574999999999998,0,3.8495548415617975e-09
4.6580000000000004,0,3.728612274489507e-09
4.6585000000000001,0,3.6114072954340772e-09
4.6589999999999998,0,3.4978264840113129e-09
4.6595000000000004,0,3.3877597949150129e-09
4.6600000000000001,0,3.28110049130359e-09
4.6604999999999999,0,3.1777449560621562e-09
4.6609999999999996,0,3.0775926918025222e-09
4.6615000000000002,0,2.9805461765342046e-09
4.6619999999999999,0,2.8865108414599661e-09
4.6624999999999996,0,2.7953949044423608e-09
4.6630000000000003,0,2.7071093255948144e-09
4.6635,0,2.6215677517704707e-09
4.6639999999999997,0,2.5386863722332009e-09
4.6645000000000003,0,2.4583839075553725e-09
4.665,0,2.3805815319022371e-09
4.6654999999999998,0,2.3052027620096284e-09
4.6660000000000004,0,2.2321734016728103e-09
4.6665000000000001,0,2.1614214862353265e-09
4.6669999999999998,0,2.0928772492823098e-09
4.6675000000000004,0,2.0264729672092586e-09
4.6680000000000001,0,1.9621429592220354e-09
4.6684999999999999,0,1.8998235762346383e-09
4.6689999999999996,0,1.8394530232335172e-09
4.6695000000000002,0,1.7809714147887235e-09
4.6699999999999999,0,1.7243206307249181e-09
4.6704999999999997,0,1.669444305019141e-09
4.6710000000000003,0,1.6162878369030409e-09
4.6715,0,1.5647981910227315e-09
4.6719999999999997,0,1.5149240084610938e-09
4.6725000000000003,0,1.4666154291020917e-09
4.673,0,1.4198241360396935e-09
4.6734999999999998,0,1.3745032778622602e-09
4.6740000000000004,0,1.3306073909369332e-09
4.6745000000000001,0,1.2880924105118652e-09
4.6749999999999998,0,1.2469156152050687e-09
4.6755000000000004,0,1.2070355714932646e-09
4.6760000000000002,0,1.1684121115074219e-09
4.6764999999999999,0,1.1310062775216068e-09
4.6769999999999996,0,1.0947803330552119e-09
4.6775000000000002,0,1.0596976518506552e-09
4.6779999999999999,0,1.0257227289756088e-09
4.6784999999999997,0,9.9282115861853981e-10
4.6790000000000003,0,9.6095957857755825e-10
4.6795,0,9.3010562585149616e-10
4.6799999999999997,0,9.0022794774213821e-10
4.6805000000000003,0,8.7129616854753069e-10
4.681,0,8.4328078964190918e-10
4.6814999999999998,0,8.1615325608908051e-10
4.6820000000000004,0,7.8988587892681039e-10
4.6825000000000001,0,7.6445180186013319e-10
4.6829999999999998,0,7.3982502346581218e-10
4.6835000000000004,0,7.1598030837449753e-10
4.6840000000000002,0,6.928932094751872e-10
4.6844999999999999,0,6.7054001240407501e-10
4.6849999999999996,0,6.4889776885124206e-10
4.6855000000000002,0,6.2794421884504461e-10
4.6859999999999999,0,6.076577907521141e-10
4.6864999999999997,0,5.8801755686843647e-10
4.6870000000000003,0,5.6900324452158198e-10
4.6875,0,5.5059522496847539e-10
4.6879999999999997,0,5.3277445788424418e-10
4.6885000000000003,0,5.1552249136221915e-10
4.6890000000000001,0,4.9882145081170395e-10
4.6894999999999998,0,4.82654005651284e-10
4.6900000000000004,0,4.6700336930882717e-10
4.6905000000000001,0,4.5185325481256198e-10
4.6909999999999998,0,4.3718790809776921e-10
4.6914999999999996,0,4.229920524956299e-10
4.6920000000000002,0,4.0925088873322577e-10
4.6924999999999999,0,3.9595005052461829e-10
4.6929999999999996,0,3.8307563787753908e-10
4.6935000000000002,0,3.7061419488892965e-10
4.694,0,3.5855266533602046e-10
4.6944999999999997,0,3.4687840377856104e-10
4.6950000000000003,0,3.3557915335435948e-10
4.6955,0,3.2464303467705236e-10
4.6959999999999997,0,3.1405856804056499e-10
4.6965000000000003,0,3.0381461790796036e-10
4.6970000000000001,0,2.9390037070697874e-10
4.6974999999999998,0,2.8430537923895829e-10
4.6980000000000004,0,2.7501949606545394e-10
4.6985000000000001,0,2.6603292901938859e-10
4.6989999999999998,0,2.573361412849806e-10
4.6994999999999996,0,2.4891992911335591e-10
4.7000000000000002,0,2.4077538851585699e-10
4.7004999999999999,0,2.3289385975289177e-10
4.7009999999999996,0,2.2526697174285459e-10
4.7015000000000002,0,2.1788661985766566e-10
4.702,0,2.1074494371831065e-10
4.7024999999999997,0,2.0383431609261038e-10
4.7030000000000003,0,1.9714739840637207e-10
4.7035,0,1.9067702972108691e-10
4.7039999999999997,0,1.844163044495417e-10
4.7045000000000003,0,1.7835851684466774e-10
4.7050000000000001,0,1.724971832040012e-10
4.7054999999999998,0,1.668260196652227e-10
4.7060000000000004,0,1.6133895330838756e-10
4.7065000000000001,0,1.5603006664477447e-10
4.7069999999999999,0,1.5089366423026718e-10
4.7074999999999996,0,1.4592422825643326e-10
4.7080000000000002,0,1.4111639634606377e-10
4.7084999999999999,0,1.3646499485986395e-10
4.7089999999999996,0,1.3196500558976255e-10
4.7095000000000002,0,1.2761155465668139e-10
4.71,0,1.2339993471499611e-10
4.7104999999999997,0,1.1932558274807548e-10
4.7110000000000003,0,1.1538409117051174e-10
4.7115,0,1.1157119672589033e-10
4.7119999999999997,0,1.0788272497563866e-10
4.7125000000000004,0,1.0431471242355883e-10
4.7130000000000001,0,1.008632399823739e-10
4.7134999999999998,0,9.7524588404951376e-11
4.7140000000000004,0,9.4295105057540246e-11
4.7145000000000001,0,9.1171248328691942e-11
4.7149999999999999,0,8.8149643140411629e-11
4.7154999999999996,0,8.5226947721395161e-11
4.7160000000000002,0,8.2399997936022368e-11
4.7164999999999999,0,7.9665674057594058e-11
4.7169999999999996,0,7.7021000688404229e-11
4.7175000000000002,0,7.4463069044128355e-11
4.718,0,7.1989059158283913e-11
4.7184999999999997,0,6.9596262086690788e-11
4.7190000000000003,0,6.7282068805241124e-11
4.7195,0,6.5043892494287553e-11
4.7199999999999998,0,6.2879290663175885e-11
4.7205000000000004,0,6.0785876332403177e-11
4.7210000000000001,0,5.8761340238078216e-11
4.7214999999999998,0,5.6803428627461015e-11
4.7220000000000004,0,5.4909998770114042e-11
4.7225000000000001,0,5.3078930140060265e-11
4.7229999999999999,0,5.1308213233625109e-11
4.7234999999999996,0,4.9595882956054993e-11
4.7240000000000002,0,4.794002972374756e-11
4.7244999999999999,0,4.6338821668712171e-11
4.7249999999999996,0,4.479046022964894e-11
4.7255000000000003,0,4.3293224560869704e-11
4.726,0,4.184548263452825e-11
4.7264999999999997,0,4.0445591320548147e-11
4.7270000000000003,0,3.9091974102234418e-11
4.7275,0,3.7783154382964315e-11
4.7279999999999998,0,3.651765556611508e-11
4.7285000000000004,0,3.5294056566215201e-11
4.7290000000000001,0,3.4110980706714147e-11
4.7294999999999998,0,3.2967106822212598e-11
4.7300000000000004,0,3.1861158156232249e-11
4.7305000000000001,0,3.0791891258985517e-11
4.7309999999999999,0,2.9758107089605802e-11
4.7314999999999996,0,2.8758628811687005e-11
4.7320000000000002,0,2.7792357304434744e-11
4.7324999999999999,0,2.6858182344824399e-11
4.7329999999999997,0,2.5955049220982572e-11
4.7335000000000003,0,2.5081936527726612e-11
4.734,0,2.4237856166564599e-11
4.7344999999999997,0,2.3421875550155846e-11
4.7350000000000003,0,2.2633050988929426e-11
4.7355,0,2.1870516508926131e-11
4.7359999999999998,0,2.1133372829496011e-11
4.7365000000000004,0,2.0420809487831092e-11
4.7370000000000001,0,1.9732004918893154e-11
4.7374999999999998,0,1.9066170864334707e-11
4.7380000000000004,0,1.8422552372499013e-11
4.7385000000000002,0,1.7800438900650307e-11
4.7389999999999999,0,1.7199086599362091e-11
4.7394999999999996,0,1.6617840437049837e-11
4.7400000000000002,0,1.605600097320803e-11
4.7404999999999999,0,1.5512946482942881e-11
4.7409999999999997,0,1.4988066343590845e-11
4.7415000000000003,0,1.4480761034718626e-11
4.742,0,1.3990442138123171e-11
4.7424999999999997,0,1.3516532337831678e-11
4.7430000000000003,0,1.3058498726792322e-11
4.7435,0,1.2615819500183533e-11
4.7439999999999998,0,1.2187983955413984e-11
4.7445000000000004,0,1.1774503594352837e-11
4.7450000000000001,0,1.1374889918869257e-11
4.7454999999999998,0,1.0988698839753396e-11
4.7460000000000004,0,1.0615475165565158e-11
4.7465000000000002,0,1.0254785909324937e-11
4.7469999999999999,0,9.9062313907438686e-12
4.7474999999999996,0,9.5693897250725961e-12
4.7480000000000002,0,9.2438834364827471e-12
4.7484999999999999,0,8.9293350491459481e-12
4.7489999999999997,0,8.6253559850035802e-12
4.7495000000000003,0,8.3316242793785029e-12
4.75,0,8.0477846609028347e-12
4.7504999999999997,0,7.7735151648994367e-12
4.7510000000000003,0,7.508482724460918e-12
4.7515000000000001,0,7.2523986816008804e-12
4.7519999999999998,0,7.0049521738724252e-12
4.7525000000000004,0,6.7658545432891516e-12
4.7530000000000001,0,6.5348393363251487e-12
4.7534999999999998,0,6.3116178949940149e-12
4.7539999999999996,0,6.0959459702303322e-12
4.7545000000000002,0,5.8875571085081903e-12
4.7549999999999999,0,5.6862181629924182e-12
4.7554999999999996,0,5.4916959868478446e-12
4.7560000000000002,0,5.3037685354695439e-12
4.7565,0,5.1221804575618535e-12
4.7569999999999997,0,4.9467541174408326e-12
4.7575000000000003,0,4.7772785727318025e-12
4.758,0,4.613531778829838e-12
4.7584999999999997,0,4.4553361000509993e-12
4.7590000000000003,0,4.3025250029415926e-12
4.7595000000000001,0,4.1548875451269397e-12
4.7599999999999998,0,4.0122682953835923e-12
4.7605000000000004,0,3.8744896180276104e-12
4.7610000000000001,0,3.7413738773750541e-12
4.7614999999999998,0,3.6128100511234606e-12
4.7619999999999996,0,3.4885982991283981e-12
4.7625000000000002,0,3.3686164968571574e-12
4.7629999999999999,0,3.252709213086291e-12
4.7634999999999996,0,3.140743221052844e-12
4.7640000000000002,0,3.0326074984543538e-12
4.7645,0,2.928146614067373e-12
4.7649999999999997,0,2.827260647819685e-12
4.7655000000000003,0,2.7298052707180888e-12
4.766,0,2.6356694604601216e-12
4.7664999999999997,0,2.5447310925130752e-12
4.7670000000000003,0,2.4569013490349788e-12
4.7675000000000001,0,2.3720803099536169e-12
4.7679999999999998,0,2.2901569529665268e-12
4.7685000000000004,0,2.2110202557712453e-12
4.7690000000000001,0,2.1345925027560498e-12
4.7694999999999999,0,2.0607848760789695e-12
4.7699999999999996,0,1.9894863534375418e-12
4.7705000000000002,0,1.9206414236805356e-12
4.7709999999999999,0,1.8541501667357353e-12
4.7714999999999996,0,1.78992376476117e-12
4.7720000000000002,0,1.7279067066056087e-12
4.7725,0,1.6680101744270815e-12
4.7729999999999997,0,1.6101786570743571e-12
4.7735000000000003,0,1.5543233367054654e-12
4.774,0,1.5003775999389291e-12
4.7744999999999997,0,1.4482859356235167e-12
4.7750000000000004,0,1.3979817303777508e-12
4.7755000000000001,0,1.3493983708201539e-12
4.7759999999999998,0,1.3024914480297411e-12
4.7765000000000004,0,1.2571832463947886e-12
4.7770000000000001,0,1.2134404592245574e-12
4.7774999999999999,0,1.1712075753678163e-12
4.7779999999999996,0,1.1304179814430881e-12
4.7785000000000002,0,1.0910383707596339e-12
4.7789999999999999,0,1.0530132321662223e-12
4.7794999999999996,0,1.0162981567418683e-12
4.7800000000000002,0,9.8084873556558713e-13
4.7805,0,9.4662055971639343e-13
4.7809999999999997,0,9.1355811804305635e-13
4.7815000000000003,0,8.8165030831532929e-13
4.782,0,8.508416193819812e-13
4.7824999999999998,0,8.2110984678251949e-13
4.7830000000000004,0,7.92399479365713e-13
4.7835000000000001,0,7.6467721044082286e-13
4.7839999999999998,0,7.3792083554735659e-13
4.7845000000000004,0,7.1207484353408292e-13
4.7850000000000001,0,6.8712813217075567e-13
4.7854999999999999,0,6.6304739476663597e-13
4.7859999999999996,0,6.3978822240073894e-13
4.7865000000000002,0,6.1733951284281829e-13
4.7869999999999999,0,5.9567906163238145e-13
4.7874999999999996,0,5.7476245984844354e-13
4.7880000000000003,0,5.5456750303051198e-13
4.7885,0,5.3507198671809419e-13
4.7889999999999997,0,5.1625370645069779e-13
4.7895000000000003,0,4.9809045776783019e-13
4.79,0,4.8056003620899901e-13
4.7904999999999998,0,4.6362913508346537e-13
4.7910000000000004,0,4.4728665216098309e-13
4.7915000000000001,0,4.3151038298105957e-13
4.7919999999999998,0,4.1628922531344869e-13
4.7925000000000004,0,4.015898724674116e-13
4.7930000000000001,0,3.8740122221270213e-13
4.7934999999999999,0,3.7372327454932017e-13
4.7939999999999996,0,3.6050051832603457e-13
4.7945000000000002,0,3.4774405577309151e-13
4.7949999999999999,0,3.3543168242999857e-13
4.7954999999999997,0,3.235411938362631e-13
4.7960000000000003,0,3.1206148776163902e-13
4.7965,0,3.0099256420612618e-13
4.7969999999999997,0,2.9031221870923219e-13
4.7975000000000003,0,2.7999824681046448e-13
4.798,0,2.7005064850982309e-13
4.7984999999999998,0,2.6044721934681548e-13
4.7990000000000004,0,2.5117685709119543e-13
4.7995000000000001,0,2.4223956174296292e-13
4.7999999999999998,0,2.3361312884162542e-13
4.8005000000000004,0,2.2528645615693677e-13
4.8010000000000002,0,2.1724844145865063e-13
4.8014999999999999,0,2.094879825165208e-13
4.8019999999999996,0,2.0199397710030099e-13
4.8025000000000002,0,1.9475532297974497e-13
4.8029999999999999,0,1.8778312238509899e-13
4.8034999999999997,0,1.8105517085587052e-13
4.8040000000000003,0,1.7456036616181336e-13
4.8045,0,1.6829870830292749e-13
4.8049999999999997,0,1.6224799281872039e-13
4.8055000000000003,0,1.5641932193943832e-13
4.806,0,1.5079049120458877e-13
4.8064999999999998,0,1.4536150061417174e-13
4.8070000000000004,0,1.40121247937941e-13
4.8075000000000001,0,1.3505863094565029e-13
4.8079999999999998,0,1.3018475186754585e-13
4.8085000000000004,0,1.2548850847338144e-13
4.8090000000000002,0,1.2094769630266456e-13
4.8094999999999999,0,1.165623153553952e-13
4.8099999999999996,0,1.1233236563157333e-13
4.8105000000000002,0,1.0824674490095276e-13
4.8109999999999999,0,1.0431655539377971e-13
4.8114999999999997,0,1.0053069487980792e-13
4.8120000000000003,0,9.6878061128791162e-14
4.8125,0,9.3347551910483157e-14
4.8129999999999997,0,8.9939167224883934e-14
4.8135000000000003,0,8.6652907071993468e-14
4.8140000000000001,0,8.3488771451811772e-14
4.8144999999999998,0,8.0424555903846337e-14
4.8150000000000004,0,7.7471362658343418e-14
4.8155000000000001,0,7.4629191715303028e-14
4.8159999999999998,0,7.1886940844478886e-14
4.8164999999999996,0,6.9233507815624764e-14
4.8170000000000002,0,6.6679994858986904e-14
4.8174999999999999,0,6.4215299744319052e-14
4.8179999999999996,0,6.1850524701867473e-14
4.8185000000000002,0,5.9563465271139648e-14
4.819,0,5.7354121452135589e-14
4.8194999999999997,0,5.5222493244855284e-14
4.8200000000000003,0,5.3168580649298744e-14
4.8205,0,5.1181281435219717e-14
4.8209999999999997,0,4.9271697832864449e-14
4.8215000000000003,0,4.743982984223294e-14
4.8220000000000001,0,4.566347300283269e-14
4.8224999999999998,0,4.3953729544909945e-14
4.8230000000000004,0,4.2299497238218464e-14
4.8235000000000001,0,4.0711878313004489e-14
4.8239999999999998,0,3.9179770539021772e-14
4.8244999999999996,0,3.7692071686024065e-14
4.8250000000000002,0,3.6270986214503863e-14
4.8254999999999999,0,3.4894309663968671e-14
4.8259999999999996,0,3.3562042034418483e-14
4.8265000000000002,0,3.2285285556099553e-14
4.827,0,3.1052937998765627e-14
4.8274999999999997,0,2.9864999362416711e-14
4.8280000000000003,0,2.8721469647052798e-14
4.8285,0,2.7611246622427642e-14
4.8289999999999997,0,2.6545432518787492e-14
4.8295000000000003,0,2.5512925105886099e-14
4.8300000000000001,0,2.4524826613969709e-14
4.8304999999999998,0,2.3570034812792075e-14
4.8310000000000004,0,2.2659651932599444e-14
4.8315000000000001,0,2.178257574314557e-14
4.8319999999999999,0,2.0927704014184201e-14
4.8324999999999996,0,2.0117241206207835e-14
4.8330000000000002,0,1.9328982858723975e-14
4.8334999999999999,0,1.8562928971732616e-14
4.8339999999999996,0,1.7830181775480013e-14
4.8345000000000002,0,1.7130741269966167e-14
4.835,0,1.6442402994698568e-14
4.8354999999999997,0,1.5787371410169725e-14
4.8360000000000003,0,1.5165646516379638e-14
4.8365,0,1.4555023852835802e-14
4.8369999999999997,0,1.3966605649784469e-14
4.8375000000000004,0,1.3389289676979387e-14
4.8380000000000001,0,1.2856382625159312e-14
4.8384999999999998,0,1.2334577803585489e-14
4.8390000000000004,0,1.1834977442504168e-14
4.8395000000000001,0,1.13464793116691e-14
4.8399999999999999,0,1.0891287871572785e-14
4.8404999999999996,0,1.0436096431476471e-14
4.8410000000000002,0,1.000310945187266e-14
4.8414999999999999,0,9.5812247025151006e-15
4.8419999999999996,0,9.1815444136500449e-15
4.8425000000000002,0,8.7929663550312401e-15
4.843,0,8.4154905266586863e-15
4.8434999999999997,0,8.0602191587786359e-15
4.8440000000000003,0,7.716050021144838e-15
4.8445,0,7.3940853440035419e-15
4.8449999999999998,0,7.0721206668622475e-15
4.8455000000000004,0,6.7612582199672032e-15
4.8460000000000001,0,6.4614980033184114e-15
4.8464999999999998,0,6.1728400169158705e-15
4.8470000000000004,0,5.9063864910058331e-15
4.8475000000000001,0,5.6510351953420466e-15
4.8479999999999999,0,5.4067861299245127e-15
4.8484999999999996,0,5.1736392947532296e-15
4.8490000000000002,0,4.9404924595819466e-15
4.8494999999999999,0,4.7073456244106636e-15
4.8499999999999996,0,4.496403249731884e-15
4.8505000000000003,0,4.2854608750531044e-15
4.851,0,4.0856207306205758e-15
4.8514999999999997,0,3.8857805861880479e-15
4.8520000000000003,0,3.7081449022480227e-15
4.8525,0,3.5416114485542492e-15
4.8529999999999998,0,3.3750779948604757e-15
4.8535000000000004,0,3.219646771412954e-15
4.8540000000000001,0,3.0642155479654322e-15
4.8544999999999998,0,2.9198865547641618e-15
4.8550000000000004,0,2.7755575615628914e-15
4.8555000000000001,0,2.6312285683616209e-15
4.8559999999999999,0,2.4980018054066022e-15
4.8564999999999996,0,2.3758772726978348e-15
4.8570000000000002,0,2.2537527399890679e-15
4.8574999999999999,0,2.1316282072803005e-15
4.8579999999999997,0,2.0206059048177848e-15
4.8585000000000003,0,1.9095836023552692e-15
4.859,0,1.7985612998927535e-15
4.8594999999999997,0,1.6986412276764896e-15
4.8600000000000003,0,1.609823385706477e-15
4.8605,0,1.5210055437364644e-15
4.8609999999999998,0,1.432187701766452e-15
4.8615000000000004,0,1.3544720900426909e-15
4.8620000000000001,0,1.27675647831893e-15
4.8624999999999998,0,1.2101430968414207e-15
4.8630000000000004,0,1.1435297153639113e-15
4.8635000000000002,0,1.0769163338864018e-15
4.8639999999999999,0,1.0103029524088924e-15
4.8644999999999996,0,9.5479180117763459e-16
4.8650000000000002,0,8.9928064994637676e-16
4.8654999999999999,0,8.4376949871511893e-16
4.8659999999999997,0,7.9936057773011273e-16
4.8665000000000003,0,7.5495165674510643e-16
4.867,0,7.1054273576010023e-16
4.8674999999999997,0,6.6613381477509392e-16
4.8680000000000003,0,6.2172489379008762e-16
4.8685,0,5.7731597280508142e-16
4.8689999999999998,0,5.3290705182007512e-16
4.8695000000000004,0,4.9960036108132044e-16
4.8700000000000001,0,4.6629367034256577e-16
4.8704999999999998,0,4.3298697960381104e-16
4.8710000000000004,0,3.9968028886505636e-16
4.8715000000000002,0,3.6637359812630164e-16
4.8719999999999999,0,3.3306690738754696e-16
4.8724999999999996,0,2.9976021664879229e-16
4.8730000000000002,0,2.6645352591003756e-16
4.8734999999999999,0,2.3314683517128288e-16
4.8739999999999997,0,2.1094237467877973e-16
4.8745000000000003,0,1.9984014443252818e-16
4.875,0,1.8873791418627661e-16
4.8754999999999997,0,1.7763568394002506e-16
4.8760000000000003,0,1.6653345369377348e-16
4.8765000000000001,0,1.5543122344752191e-16
4.8769999999999998,0,1.4432899320127036e-16
4.8775000000000004,0,1.3322676295501878e-16
4.8780000000000001,0,1.2212453270876723e-16
4.8784999999999998,0,1.1102230246251565e-16
4.8789999999999996,0,9.9920072216264091e-17
4.8795000000000002,0,8.8817841970012528e-17
4.8799999999999999,0,7.7715611723760953e-17
4.8804999999999996,0,6.661338147750939e-17
4.8810000000000002,0,5.5511151231257827e-17
4.8815,0,4.4408920985006264e-17
4.8819999999999997,0,3.3306690738754695e-17
4.8825000000000003,0,2.2204460492503132e-17
4.883,0,1.1102230246251566e-17
4.8834999999999997,0,0
4.8840000000000003,0,0
4.8845000000000001,0,0
4.8849999999999998,0,0
4.8855000000000004,0,0
4.8860000000000001,0,0
4.8864999999999998,0,0
4.8869999999999996,0,0
4.8875000000000002,0,0
4.8879999999999999,0,0
4.8884999999999996,0,0
4.8890000000000002,0,0
4.8895,0,0
4.8899999999999997,0,0
4.8905000000000003,0,0
4.891,0,0
4.8914999999999997,0,0
4.8920000000000003,0,0
4.8925000000000001,0,0
4.8929999999999998,0,0
4.8935000000000004,0,0
4.8940000000000001,0,0
4.8944999999999999,0,0
4.8949999999999996,0,0
4.8955000000000002,0,0
4.8959999999999999,0,0
4.8964999999999996,0,0
4.8970000000000002,0,0
4.8975,0,0
4.8979999999999997,0,0
4.8985000000000003,0,0
4.899,0,0
4.8994999999999997,0,0
4.9000000000000004,0,0
4.9005000000000001,0,0
4.9009999999999998,0,0
4.9015000000000004,0,0
4.9020000000000001,0,0
4.9024999999999999,0,0
4.9029999999999996,0,0
4.9035000000000002,0,0
4.9039999999999999,0,0
4.9044999999999996,0,0
4.9050000000000002,0,0
4.9055,0,0
4.9059999999999997,0,0
4.9065000000000003,0,0
4.907,0,0
4.9074999999999998,0,0
4.9080000000000004,0,0
4.9085000000000001,0,0
4.9089999999999998,0,0
4.9095000000000004,0,0
4.9100000000000001,0,0
4.9104999999999999,0,0
4.9109999999999996,0,0
4.9115000000000002,0,0
4.9119999999999999,0,0
4.9124999999999996,0,0
4.9130000000000003,0,0
4.9135,0,0
4.9139999999999997,0,0
4.9145000000000003,0,0
4.915,0,0
4.9154999999999998,0,0
4.9160000000000004,0,0
4.9165000000000001,0,0
4.9169999999999998,0,0
4.9175000000000004,0,0
4.9180000000000001,0,0
4.9184999999999999,0,0
4.9189999999999996,0,0
4.9195000000000002,0,0
4.9199999999999999,0,0
4.9204999999999997,0,0
4.9210000000000003,0,0
4.9215,0,0
4.9219999999999997,0,0
4.9225000000000003,0,0
4.923,0,0
4.9234999999999998,0,0
4.9240000000000004,0,0
4.9245000000000001,0,0
4.9249999999999998,0,0
4.9255000000000004,0,0
4.9260000000000002,0,0
4.9264999999999999,0,0
4.9269999999999996,0,0
4.9275000000000002,0,0
4.9279999999999999,0,0
4.9284999999999997,0,0
4.9290000000000003,0,0
4.9295,0,0
4.9299999999999997,0,0
4.9305000000000003,0,0
4.931,0,0
4.9314999999999998,0,0
4.9320000000000004,0,0
4.9325000000000001,0,0
4.9329999999999998,0,0
4.9335000000000004,0,0
4.9340000000000002,0,0
4.9344999999999999,0,0
4.9349999999999996,0,0
4.9355000000000002,0,0
4.9359999999999999,0,0
4.9364999999999997,0,0
4.9370000000000003,0,0
4.9375,0,0
4.9379999999999997,0,0
4.9385000000000003,0,0
4.9390000000000001,0,0
4.9394999999999998,0,0
4.9400000000000004,0,0
4.9405000000000001,0,0
4.9409999999999998,0,0
4.9414999999999996,0,0
4.9420000000000002,0,0
4.9424999999999999,0,0
4.9429999999999996,0,0
4.9435000000000002,0,0
4.944,0,0
4.9444999999999997,0,0
4.9450000000000003,0,0
4.9455,0,0
4.9459999999999997,0,0
4.9465000000000003,0,0
4.9470000000000001,0,0
4.9474999999999998,0,0
4.9480000000000004,0,0
4.9485000000000001,0,0
4.9489999999999998,0,0
4.9494999999999996,0,0
4.9500000000000002,0,0
4.9504999999999999,0,0
4.9509999999999996,0,0
4.9515000000000002,0,0
4.952,0,0
4.9524999999999997,0,0
4.9530000000000003,0,0
4.9535,0,0
4.9539999999999997,0,0
4.9545000000000003,0,0
4.9550000000000001,0,0
4.9554999999999998,0,0
4.9560000000000004,0,0
4.9565000000000001,0,0
4.9569999999999999,0,0
4.9574999999999996,0,0
4.9580000000000002,0,0
4.9584999999999999,0,0
4.9589999999999996,0,0
4.9595000000000002,0,0
4.96,0,0
4.9604999999999997,0,0
4.9610000000000003,0,0
4.9615,0,0
4.9619999999999997,0,0
4.9625000000000004,0,0
4.9630000000000001,0,0
4.9634999999999998,0,0
4.9640000000000004,0,0
4.9645000000000001,0,0
4.9649999999999999,0,0
4.9654999999999996,0,0
4.9660000000000002,0,0
4.9664999999999999,0,0
4.9669999999999996,0,0
4.9675000000000002,0,0
4.968,0,0
4.9684999999999997,0,0
4.9690000000000003,0,0
4.9695,0,0
4.9699999999999998,0,0
4.9705000000000004,0,0
4.9710000000000001,0,0
4.9714999999999998,0,0
4.9720000000000004,0,0
4.9725000000000001,0,0
4.9729999999999999,0,0
4.9734999999999996,0,0
4.9740000000000002,0,0
4.9744999999999999,0,0
4.9749999999999996,0,0
4.9755000000000003,0,0
4.976,0,0
4.9764999999999997,0,0
4.9770000000000003,0,0
4.9775,0,0
4.9779999999999998,0,0
4.9785000000000004,0,0
4.9790000000000001,0,0
4.9794999999999998,0,0
4.9800000000000004,0,0
4.9805000000000001,0,0
4.9809999999999999,0,0
4.9814999999999996,0,0
4.9820000000000002,0,0
4.9824999999999999,0,0
4.9829999999999997,0,0
4.9835000000000003,0,0
4.984,0,0
4.9844999999999997,0,0
4.9850000000000003,0,0
4.9855,0,0
4.9859999999999998,0,0
4.9865000000000004,0,0
4.9870000000000001,0,0
4.9874999999999998,0,0
4.9880000000000004,0,0
4.9885000000000002,0,0
4.9889999999999999,0,0
4.9894999999999996,0,0
4.9900000000000002,0,0
4.9904999999999999,0,0
4.9909999999999997,0,0
4.9915000000000003,0,0
4.992,0,0
4.9924999999999997,0,0
4.9930000000000003,0,0
4.9935,0,0
4.9939999999999998,0,0
4.9945000000000004,0,0
4.9950000000000001,0,0
4.9954999999999998,0,0
4.9960000000000004,0,0
4.9965000000000002,0,0
4.9969999999999999,0,0
4.9974999999999996,0,0
4.9980000000000002,0,0
4.9984999999999999,0,0
4.9989999999999997,0,0
4.9995000000000003,0,0
5,0,0
5.0004999999999997,0,0
5.0010000000000003,0,0
5.0015000000000001,0,0
5.0019999999999998,0,0
5.0025000000000004,0,0
5.0030000000000001,0,0
5.0034999999999998,0,0
5.0039999999999996,0,0
5.0045000000000002,0,0
5.0049999999999999,0,0
5.0054999999999996,0,0
5.0060000000000002,0,0
5.0065,0,0
5.0069999999999997,0,0
5.0075000000000003,0,0
5.008,0,0
5.0084999999999997,0,0
5.0090000000000003,0,0
5.0095000000000001,0,0
5.0099999999999998,0,0
5.0105000000000004,0,0
5.0110000000000001,0,0
5.0114999999999998,0,0
5.0119999999999996,0,0
5.0125000000000002,0,0
5.0129999999999999,0,0
5.0134999999999996,0,0
5.0140000000000002,0,0
5.0145,0,0
5.0149999999999997,0,0
5.0155000000000003,0,0
5.016,0,0
5.0164999999999997,0,0
5.0170000000000003,0,0
5.0175000000000001,0,0
5.0179999999999998,0,0
5.0185000000000004,0,0
5.0190000000000001,0,0
5.0194999999999999,0,0
5.0199999999999996,0,0
5.0205000000000002,0,0
5.0209999999999999,0,0
5.0214999999999996,0,0
5.0220000000000002,0,0
5.0225,0,0
5.0229999999999997,0,0
5.0235000000000003,0,0
5.024,0,0
5.0244999999999997,0,0
5.0250000000000004,0,0
5.0255000000000001,0,0
5.0259999999999998,0,0
5.0265000000000004,0,0
5.0270000000000001,0,0
5.0274999999999999,0,0
5.0279999999999996,0,0
5.0285000000000002,0,0
5.0289999999999999,0,0
5.0294999999999996,0,0
5.0300000000000002,0,0
5.0305,0,0
5.0309999999999997,0,0
5.0315000000000003,0,0
5.032,0,0
5.0324999999999998,0,0
5.0330000000000004,0,0
5.0335000000000001,0,0
5.0339999999999998,0,0
5.0345000000000004,0,0
5.0350000000000001,0,0
5.0354999999999999,0,0
5.0359999999999996,0,0
5.0365000000000002,0,0
5.0369999999999999,0,0
5.0374999999999996,0,0
5.0380000000000003,0,0
5.0385,0,0
5.0389999999999997,0,0
5.0395000000000003,0,0
5.04,0,0
5.0404999999999998,0,0
5.0410000000000004,0,0
5.0415000000000001,0,0
5.0419999999999998,0,0
5.0425000000000004,0,0
5.0430000000000001,0,0
5.0434999999999999,0,0
5.0439999999999996,0,0
5.0445000000000002,0,0
5.0449999999999999,0,0
5.0454999999999997,0,0
5.0460000000000003,0,0
5.0465,0,0
5.0469999999999997,0,0
5.0475000000000003,0,0
5.048,0,0
5.0484999999999998,0,0
5.0490000000000004,0,0
5.0495000000000001,0,0
5.0499999999999998,0,0
5.0505000000000004,0,0
5.0510000000000002,0,0
5.0514999999999999,0,0
5.0519999999999996,0,0
5.0525000000000002,0,0
5.0529999999999999,0,0
5.0534999999999997,0,0
5.0540000000000003,0,0
5.0545,0,0
5.0549999999999997,0,0
5.0555000000000003,0,0
5.056,0,0
5.0564999999999998,0,0
5.0570000000000004,0,0
5.0575000000000001,0,0
5.0579999999999998,0,0
5.0585000000000004,0,0
5.0590000000000002,0,0
5.0594999999999999,0,0
5.0599999999999996,0,0
5.0605000000000002,0,0
5.0609999999999999,0,0
5.0614999999999997,0,0
5.0620000000000003,0,0
5.0625,0,0
5.0629999999999997,0,0
5.0635000000000003,0,0
5.0640000000000001,0,0
5.0644999999999998,0,0
5.0650000000000004,0,0
5.0655000000000001,0,0
5.0659999999999998,0,0
5.0664999999999996,0,0
5.0670000000000002,0,0
5.0674999999999999,0,0
5.0679999999999996,0,0
5.0685000000000002,0,0
5.069,0,0
5.0694999999999997,0,0
5.0700000000000003,0,0
5.0705,0,0
5.0709999999999997,0,0
5.0715000000000003,0,0
5.0720000000000001,0,0
5.0724999999999998,0,0
5.0730000000000004,0,0
5.0735000000000001,0,0
5.0739999999999998,0,0
5.0744999999999996,0,0
5.0750000000000002,0,0
5.0754999999999999,0,0
5.0759999999999996,0,0
5.0765000000000002,0,0
5.077,0,0
5.0774999999999997,0,0
5.0780000000000003,0,0
5.0785,0,0
5.0789999999999997,0,0
5.0795000000000003,0,0
5.0800000000000001,0,0
5.0804999999999998,0,0
5.0810000000000004,0,0
5.0815000000000001,0,0
5.0819999999999999,0,0
5.0824999999999996,0,0
5.0830000000000002,0,0
5.0834999999999999,0,0
5.0839999999999996,0,0
5.0845000000000002,0,0
5.085,0,0
5.0854999999999997,0,0
5.0860000000000003,0,0
5.0865,0,0
5.0869999999999997,0,0
5.0875000000000004,0,0
5.0880000000000001,0,0
5.0884999999999998,0,0
5.0890000000000004,0,0
5.0895000000000001,0,0
5.0899999999999999,0,0
5.0904999999999996,0,0
5.0910000000000002,0,0
5.0914999999999999,0,0
5.0919999999999996,0,0
5.0925000000000002,0,0
5.093,0,0
5.0934999999999997,0,0
5.0940000000000003,0,0
5.0945,0,0
5.0949999999999998,0,0
5.0955000000000004,0,0
5.0960000000000001,0,0
5.0964999999999998,0,0
5.0970000000000004,0,0
5.0975000000000001,0,0
5.0979999999999999,0,0
5.0984999999999996,0,0
5.0990000000000002,0,0
5.0994999999999999,0,0
5.0999999999999996,0,0
5.1005000000000003,0,0
5.101,0,0
5.1014999999999997,0,0
5.1020000000000003,0,0
5.1025,0,0
5.1029999999999998,0,0
5.1035000000000004,0,0
5.1040000000000001,0,0
5.1044999999999998,0,0
5.1050000000000004,0,0
5.1055000000000001,0,0
5.1059999999999999,0,0
5.1064999999999996,0,0
5.1070000000000002,0,0
5.1074999999999999,0,0
5.1079999999999997,0,0
5.1085000000000003,0,0
5.109,0,0
5.1094999999999997,0,0
5.1100000000000003,0,0
5.1105,0,0
5.1109999999999998,0,0
5.1115000000000004,0,0
5.1120000000000001,0,0
5.1124999999999998,0,0
5.1130000000000004,0,0
5.1135000000000002,0,0
5.1139999999999999,0,0
5.1144999999999996,0,0
5.1150000000000002,0,0
5.1154999999999999,0,0
5.1159999999999997,0,0
5.1165000000000003,0,0
5.117,0,0
5.1174999999999997,0,0
5.1180000000000003,0,0
5.1185,0,0
5.1189999999999998,0,0
5.1195000000000004,0,0
5.1200000000000001,0,0
5.1204999999999998,0,0
5.1210000000000004,0,0
5.1215000000000002,0,0
5.1219999999999999,0,0
5.1224999999999996,0,0
5.1230000000000002,0,0
5.1234999999999999,0,0
5.1239999999999997,0,0
5.1245000000000003,0,0
5.125,0,0
5.1254999999999997,0,0
5.1260000000000003,0,0
5.1265000000000001,0,0
5.1269999999999998,0,0
5.1275000000000004,0,0
5.1280000000000001,0,0
5.1284999999999998,0,0
5.1289999999999996,0,0
5.1295000000000002,0,0
5.1299999999999999,0,0
5.1304999999999996,0,0
5.1310000000000002,0,0
5.1315,0,0
5.1319999999999997,0,0
5.1325000000000003,0,0
5.133,0,0
5.1334999999999997,0,0
5.1340000000000003,0,0
5.1345000000000001,0,0
5.1349999999999998,0,0
5.1355000000000004,0,0
5.1360000000000001,0,0
5.1364999999999998,0,0
5.1369999999999996,0,0
5.1375000000000002,0,0
5.1379999999999999,0,0
5.1384999999999996,0,0
5.1390000000000002,0,0
5.1395,0,0
5.1399999999999997,0,0
5.1405000000000003,0,0
5.141,0,0
5.1414999999999997,0,0
5.1420000000000003,0,0
5.1425000000000001,0,0
5.1429999999999998,0,0
5.1435000000000004,0,0
5.1440000000000001,0,0
5.1444999999999999,0,0
5.1449999999999996,0,0
5.1455000000000002,0,0
5.1459999999999999,0,0
5.1464999999999996,0,0
5.1470000000000002,0,0
5.1475,0,0
5.1479999999999997,0,0
5.1485000000000003,0,0
5.149,0,0
5.1494999999999997,0,0
5.1500000000000004,0,0
5.1505000000000001,0,0
5.1509999999999998,0,0
5.1515000000000004,0,0
5.1520000000000001,0,0
5.1524999999999999,0,0
5.1529999999999996,0,0
5.1535000000000002,0,0
5.1539999999999999,0,0
5.1544999999999996,0,0
5.1550000000000002,0,0
5.1555,0,0
5.1559999999999997,0,0
5.1565000000000003,0,0
5.157,0,0
5.1574999999999998,0,0
5.1580000000000004,0,0
5.1585000000000001,0,0
5.1589999999999998,0,0
5.1595000000000004,0,0
5.1600000000000001,0,0
5.1604999999999999,0,0
5.1609999999999996,0,0
5.1615000000000002,0,0
5.1619999999999999,0,0
5.1624999999999996,0,0
5.1630000000000003,0,0
5.1635,0,0
5.1639999999999997,0,0
5.1645000000000003,0,0
5.165,0,0
5.1654999999999998,0,0
5.1660000000000004,0,0
5.1665000000000001,0,0
5.1669999999999998,0,0
5.1675000000000004,0,0
5.1680000000000001,0,0
5.1684999999999999,0,0
5.1689999999999996,0,0
5.1695000000000002,0,0
5.1699999999999999,0,0
5.1704999999999997,0,0
5.1710000000000003,0,0
5.1715,0,0
5.1719999999999997,0,0
5.1725000000000003,0,0
5.173,0,0
5.1734999999999998,0,0
5.1740000000000004,0,0
5.1745000000000001,0,0
5.1749999999999998,0,0
5.1755000000000004,0,0
5.1760000000000002,0,0
5.1764999999999999,0,0
5.1769999999999996,0,0
5.1775000000000002,0,0
5.1779999999999999,0,0
5.1784999999999997,0,0
5.1790000000000003,0,0
5.1795,0,0
5.1799999999999997,0,0
5.1805000000000003,0,0
5.181,0,0
5.1814999999999998,0,0
5.1820000000000004,0,0
5.1825000000000001,0,0
5.1829999999999998,0,0
5.1835000000000004,0,0
5.1840000000000002,0,0
5.1844999999999999,0,0
5.1849999999999996,0,0
5.1855000000000002,0,0
5.1859999999999999,0,0
5.1864999999999997,0,0
5.1870000000000003,0,0
5.1875,0,0
5.1879999999999997,0,0
5.1885000000000003,0,0
5.1890000000000001,0,0
5.1894999999999998,0,0
5.1900000000000004,0,0
5.1905000000000001,0,0
5.1909999999999998,0,0
5.1914999999999996,0,0
5.1920000000000002,0,0
5.1924999999999999,0,0
5.1929999999999996,0,0
5.1935000000000002,0,0
5.194,0,0
5.1944999999999997,0,0
5.1950000000000003,0,0
5.1955,0,0
5.1959999999999997,0,0
5.1965000000000003,0,0
5.1970000000000001,0,0
5.1974999999999998,0,0
5.1980000000000004,0,0
5.1985000000000001,0,0
5.1989999999999998,0,0
5.1994999999999996,0,0
5.2000000000000002,0,0
5.2004999999999999,0,0
5.2009999999999996,0,0
5.2015000000000002,0,0
5.202,0,0
5.2024999999999997,0,0
5.2030000000000003,0,0
5.2035,0,0
5.2039999999999997,0,0
5.2045000000000003,0,0
5.2050000000000001,0,0
5.2054999999999998,0,0
5.2060000000000004,0,0
5.2065000000000001,0,0
5.2069999999999999,0,0
5.2074999999999996,0,0
5.2080000000000002,0,0
5.2084999999999999,0,0
5.2089999999999996,0,0
5.2095000000000002,0,0
5.21,0,0
5.2104999999999997,0,0
5.2110000000000003,0,0
5.2115,0,0
5.2119999999999997,0,0
5.2125000000000004,0,0
5.2130000000000001,0,0
5.2134999999999998,0,0
5.2140000000000004,0,0
5.2145000000000001,0,0
5.2149999999999999,0,0
5.2154999999999996,0,0
5.2160000000000002,0,0
5.2164999999999999,0,0
5.2169999999999996,0,0
5.2175000000000002,0,0
5.218,0,0
5.2184999999999997,0,0
5.2190000000000003,0,0
5.2195,0,0
5.2199999999999998,0,0
5.2205000000000004,0,0
5.2210000000000001,0,0
5.2214999999999998,0,0
5.2220000000000004,0,0
5.2225000000000001,0,0
5.2229999999999999,0,0
5.2234999999999996,0,0
5.2240000000000002,0,0
5.2244999999999999,0,0
5.2249999999999996,0,0
5.2255000000000003,0,0
5.226,0,0
5.2264999999999997,0,0
5.2270000000000003,0,0
5.2275,0,0
5.2279999999999998,0,0
5.2285000000000004,0,0
5.2290000000000001,0,0
5.2294999999999998,0,0
5.2300000000000004,0,0
5.2305000000000001,0,0
5.2309999999999999,0,0
5.2314999999999996,0,0
5.2320000000000002,0,0
5.2324999999999999,0,0
5.2329999999999997,0,0
5.2335000000000003,0,0
5.234,0,0
5.2344999999999997,0,0
5.2350000000000003,0,0
5.2355,0,0
5.2359999999999998,0,0
5.2365000000000004,0,0
5.2370000000000001,0,0
5.2374999999999998,0,0
5.2380000000000004,0,0
5.2385000000000002,0,0
5.2389999999999999,0,0
5.2394999999999996,0,0
5.2400000000000002,0,0
5.2404999999999999,0,0
5.2409999999999997,0,0
5.2415000000000003,0,0
5.242,0,0
5.2424999999999997,0,0
5.2430000000000003,0,0
5.2435,0,0
5.2439999999999998,0,0
5.2445000000000004,0,0
5.2450000000000001,0,0
5.2454999999999998,0,0
5.2460000000000004,0,0
5.2465000000000002,0,0
5.2469999999999999,0,0
5.2474999999999996,0,0
5.2480000000000002,0,0
5.2484999999999999,0,0
5.2489999999999997,0,0
5.2495000000000003,0,0
5.25,0,0
5.2504999999999997,0,0
5.2510000000000003,0,0
5.2515000000000001,0,0
5.2519999999999998,0,0
5.2525000000000004,0,0
5.2530000000000001,0,0
5.2534999999999998,0,0
5.2539999999999996,0,0
5.2545000000000002,0,0
5.2549999999999999,0,0
5.2554999999999996,0,0
5.2560000000000002,0,0
5.2565,0,0
5.2569999999999997,0,0
5.2575000000000003,0,0
5.258,0,0
5.2584999999999997,0,0
5.2590000000000003,0,0
5.2595000000000001,0,0
5.2599999999999998,0,0
5.2605000000000004,0,0
5.2610000000000001,0,0
5.2614999999999998,0,0
5.2619999999999996,0,0
5.2625000000000002,0,0
5.2629999999999999,0,0
5.2634999999999996,0,0
5.2640000000000002,0,0
5.2645,0,0
5.2649999999999997,0,0
5.2655000000000003,0,0
5.266,0,0
5.2664999999999997,0,0
5.2670000000000003,0,0
5.2675000000000001,0,0
5.2679999999999998,0,0
5.2685000000000004,0,0
5.2690000000000001,0,0
5.2694999999999999,0,0
5.2699999999999996,0,0
5.2705000000000002,0,0
5.2709999999999999,0,0
5.2714999999999996,0,0
5.2720000000000002,0,0
5.2725,0,0
5.2729999999999997,0,0
5.2735000000000003,0,0
5.274,0,0
5.2744999999999997,0,0
5.2750000000000004,0,0
5.2755000000000001,0,0
5.2759999999999998,0,0
5.2765000000000004,0,0
5.2770000000000001,0,0
5.2774999999999999,0,0
5.2779999999999996,0,0
5.2785000000000002,0,0
5.2789999999999999,0,0
5.2794999999999996,0,0
5.2800000000000002,0,0
5.2805,0,0
5.2809999999999997,0,0
5.2815000000000003,0,0
5.282,0,0
5.2824999999999998,0,0
5.2830000000000004,0,0
5.2835000000000001,0,0
5.2839999999999998,0,0
5.2845000000000004,0,0
5.2850000000000001,0,0
5.2854999999999999,0,0
5.2859999999999996,0,0
5.2865000000000002,0,0
5.2869999999999999,0,0
5.2874999999999996,0,0
5.2880000000000003,0,0
5.2885,0,0
5.2889999999999997,0,0
5.2895000000000003,0,0
5.29,0,0
5.2904999999999998,0,0
5.2910000000000004,0,0
5.2915000000000001,0,0
5.2919999999999998,0,0
5.2925000000000004,0,0
5.2930000000000001,0,0
5.2934999999999999,0,0
5.2939999999999996,0,0
5.2945000000000002,0,0
5.2949999999999999,0,0
5.2954999999999997,0,0
5.2960000000000003,0,0
5.2965,0,0
5.2969999999999997,0,0
5.2975000000000003,0,0
5.298,0,0
5.2984999999999998,0,0
5.2990000000000004,0,0
5.2995000000000001,0,0
5.2999999999999998,0,0
5.3005000000000004,0,0
5.3010000000000002,0,0
5.3014999999999999,0,0
5.3019999999999996,0,0
5.3025000000000002,0,0
5.3029999999999999,0,0
5.3034999999999997,0,0
5.3040000000000003,0,0
5.3045,0,0
5.3049999999999997,0,0
5.3055000000000003,0,0
5.306,0,0
5.3064999999999998,0,0
5.3070000000000004,0,0
5.3075000000000001,0,0
5.3079999999999998,0,0
5.3085000000000004,0,0
5.3090000000000002,0,0
5.3094999999999999,0,0
5.3099999999999996,0,0
5.3105000000000002,0,0
5.3109999999999999,0,0
5.3114999999999997,0,0
5.3120000000000003,0,0
5.3125,0,0
5.3129999999999997,0,0
5.3135000000000003,0,0
5.3140000000000001,0,0
5.3144999999999998,0,0
5.3150000000000004,0,0
5.3155000000000001,0,0
5.3159999999999998,0,0
5.3164999999999996,0,0
5.3170000000000002,0,0
5.3174999999999999,0,0
5.3179999999999996,0,0
5.3185000000000002,0,0
5.319,0,0
5.3194999999999997,0,0
5.3200000000000003,0,0
5.3205,0,0
5.3209999999999997,0,0
5.3215000000000003,0,0
5.3220000000000001,0,0
5.3224999999999998,0,0
5.3230000000000004,0,0
5.3235000000000001,0,0
5.3239999999999998,0,0
5.3244999999999996,0,0
5.3250000000000002,0,0
5.3254999999999999,0,0
5.3259999999999996,0,0
5.3265000000000002,0,0
5.327,0,0
5.3274999999999997,0,0
5.3280000000000003,0,0
5.3285,0,0
5.3289999999999997,0,0
5.3295000000000003,0,0
5.3300000000000001,0,0
5.3304999999999998,0,0
5.3310000000000004,0,0
5.3315000000000001,0,0
5.3319999999999999,0,0
5.3324999999999996,0,0
5.3330000000000002,0,0
5.3334999999999999,0,0
5.3339999999999996,0,0
5.3345000000000002,0,0
5.335,0,0
5.3354999999999997,0,0
5.3360000000000003,0,0
5.3365,0,0
5.3369999999999997,0,0
5.3375000000000004,0,0
5.3380000000000001,0,0
5.3384999999999998,0,0
5.3390000000000004,0,0
5.3395000000000001,0,0
5.3399999999999999,0,0
5.3404999999999996,0,0
5.3410000000000002,0,0
5.3414999999999999,0,0
5.3419999999999996,0,0
5.3425000000000002,0,0
5.343,0,0
5.3434999999999997,0,0
5.3440000000000003,0,0
5.3445,0,0
5.3449999999999998,0,0
5.3455000000000004,0,0
5.3460000000000001,0,0
5.3464999999999998,0,0
5.3470000000000004,0,0
5.3475000000000001,0,0
5.3479999999999999,0,0
5.3484999999999996,0,0
5.3490000000000002,0,0
5.3494999999999999,0,0
5.3499999999999996,0,0
5.3505000000000003,0,0
5.351,0,0
5.3514999999999997,0,0
5.3520000000000003,0,0
5.3525,0,0
5.3529999999999998,0,0
5.3535000000000004,0,0
5.3540000000000001,0,0
5.3544999999999998,0,0
5.3550000000000004,0,0
5.3555000000000001,0,0
5.3559999999999999,0,0
5.3564999999999996,0,0
5.3570000000000002,0,0
5.3574999999999999,0,0
5.3579999999999997,0,0
5.3585000000000003,0,0
5.359,0,0
5.3594999999999997,0,0
5.3600000000000003,0,0
5.3605,0,0
5.3609999999999998,0,0
5.3615000000000004,0,0
5.3620000000000001,0,0
5.3624999999999998,0,0
5.3630000000000004,0,0
5.3635000000000002,0,0
5.3639999999999999,0,0
5.3644999999999996,0,0
5.3650000000000002,0,0
5.3654999999999999,0,0
5.3659999999999997,0,0
5.3665000000000003,0,0
5.367,0,0
5.3674999999999997,0,0
5.3680000000000003,0,0
5.3685,0,0
5.3689999999999998,0,0
5.3695000000000004,0,0
5.3700000000000001,0,0
5.3704999999999998,0,0
5.3710000000000004,0,0
5.3715000000000002,0,0
5.3719999999999999,0,0
5.3724999999999996,0,0
5.3730000000000002,0,0
5.3734999999999999,0,0
5.3739999999999997,0,0
5.3745000000000003,0,0
5.375,0,0
5.3754999999999997,0,0
5.3760000000000003,0,0
5.3765000000000001,0,0
5.3769999999999998,0,0
5.3775000000000004,0,0
5.3780000000000001,0,0
5.3784999999999998,0,0
5.3789999999999996,0,0
5.3795000000000002,0,0
5.3799999999999999,0,0
5.3804999999999996,0,0
5.3810000000000002,0,0
5.3815,0,0
5.3819999999999997,0,0
5.3825000000000003,0,0
5.383,0,0
5.3834999999999997,0,0
5.3840000000000003,0,0
5.3845000000000001,0,0
5.3849999999999998,0,0
5.3855000000000004,0,0
5.3860000000000001,0,0
5.3864999999999998,0,0
5.3869999999999996,0,0
5.3875000000000002,0,0
5.3879999999999999,0,0
5.3884999999999996,0,0
5.3890000000000002,0,0
5.3895,0,0
5.3899999999999997,0,0
5.3905000000000003,0,0
5.391,0,0
5.3914999999999997,0,0
5.3920000000000003,0,0
5.3925000000000001,0,0
5.3929999999999998,0,0
5.3935000000000004,0,0
5.3940000000000001,0,0
5.3944999999999999,0,0
5.3949999999999996,0,0
5.3955000000000002,0,0
5.3959999999999999,0,0
5.3964999999999996,0,0
5.3970000000000002,0,0
5.3975,0,0
5.3979999999999997,0,0
5.3985000000000003,0,0
5.399,0,0
5.3994999999999997,0,0
5.4000000000000004,0,0
5.4005000000000001,0,0
5.4009999999999998,0,0
5.4015000000000004,0,0
5.4020000000000001,0,0
5.4024999999999999,0,0
5.4029999999999996,0,0
5.4035000000000002,0,0
5.4039999999999999,0,0
5.4044999999999996,0,0
5.4050000000000002,0,0
5.4055,0,0
5.4059999999999997,0,0
5.4065000000000003,0,0
5.407,0,0
5.4074999999999998,0,0
5.4080000000000004,0,0
5.4085000000000001,0,0
5.4089999999999998,0,0
5.4095000000000004,0,0
5.4100000000000001,0,0
5.4104999999999999,0,0
5.4109999999999996,0,0
5.4115000000000002,0,0
5.4119999999999999,0,0
5.4124999999999996,0,0
5.4130000000000003,0,0
5.4135,0,0
5.4139999999999997,0,0
5.4145000000000003,0,0
5.415,0,0
5.4154999999999998,0,0
5.4160000000000004,0,0
5.4165000000000001,0,0
5.4169999999999998,0,0
5.4175000000000004,0,0
5.4180000000000001,0,0
5.4184999999999999,0,0
5.4189999999999996,0,0
5.4195000000000002,0,0
5.4199999999999999,0,0
5.4204999999999997,0,0
5.4210000000000003,0,0
5.4215,0,0
5.4219999999999997,0,0
5.4225000000000003,0,0
5.423,0,0
5.4234999999999998,0,0
5.4240000000000004,0,0
5.4245000000000001,0,0
5.4249999999999998,0,0
5.4255000000000004,0,0
5.4260000000000002,0,0
5.4264999999999999,0,0
5.4269999999999996,0,0
5.4275000000000002,0,0
5.4279999999999999,0,0
5.4284999999999997,0,0
5.4290000000000003,0,0
5.4295,0,0
5.4299999999999997,0,0
5.4305000000000003,0,0
5.431,0,0
5.4314999999999998,0,0
5.4320000000000004,0,0
5.4325000000000001,0,0
5.4329999999999998,0,0
5.4335000000000004,0,0
5.4340000000000002,0,0
5.4344999999999999,0,0
5.4349999999999996,0,0
5.4355000000000002,0,0
5.4359999999999999,0,0
5.4364999999999997,0,0
5.4370000000000003,0,0
5.4375,0,0
5.4379999999999997,0,0
5.4385000000000003,0,0
5.4390000000000001,0,0
5.4394999999999998,0,0
5.4400000000000004,0,0
5.4405000000000001,0,0
5.4409999999999998,0,0
5.4414999999999996,0,0
5.4420000000000002,0,0
5.4424999999999999,0,0
5.4429999999999996,0,0
5.4435000000000002,0,0
5.444,0,0
5.4444999999999997,0,0
5.4450000000000003,0,0
5.4455,0,0
5.4459999999999997,0,0
5.4465000000000003,0,0
5.4470000000000001,0,0
5.4474999999999998,0,0
5.4480000000000004,0,0
5.4485000000000001,0,0
5.4489999999999998,0,0
5.4494999999999996,0,0
5.4500000000000002,0,0
5.4504999999999999,0,0
5.4509999999999996,0,0
5.4515000000000002,0,0
5.452,0,0
5.4524999999999997,0,0
5.4530000000000003,0,0
5.4535,0,0
5.4539999999999997,0,0
5.4545000000000003,0,0
5.4550000000000001,0,0
5.4554999999999998,0,0
5.4560000000000004,0,0
5.4565000000000001,0,0
5.4569999999999999,0,0
5.4574999999999996,0,0
5.4580000000000002,0,0
5.4584999999999999,0,0
5.4589999999999996,0,0
5.4595000000000002,0,0
5.46,0,0
5.4604999999999997,0,0
5.4610000000000003,0,0
5.4615,0,0
5.4619999999999997,0,0
5.4625000000000004,0,0
5.4630000000000001,0,0
5.4634999999999998,0,0
5.4640000000000004,0,0
5.4645000000000001,0,0
5.4649999999999999,0,0
5.4654999999999996,0,0
5.4660000000000002,0,0
5.4664999999999999,0,0
5.4669999999999996,0,0
5.4675000000000002,0,0
5.468,0,0
5.4684999999999997,0,0
5.4690000000000003,0,0
5.4695,0,0
5.4699999999999998,0,0
5.4705000000000004,0,0
5.4710000000000001,0,0
5.4714999999999998,0,0
5.4720000000000004,0,0
5.4725000000000001,0,0
5.4729999999999999,0,0
5.4734999999999996,0,0
5.4740000000000002,0,0
5.4744999999999999,0,0
5.4749999999999996,0,0
5.4755000000000003,0,0
5.476,0,0
5.4764999999999997,0,0
5.4770000000000003,0,0
5.4775,0,0
5.4779999999999998,0,0
5.4785000000000004,0,0
5.4790000000000001,0,0
5.4794999999999998,0,0
5.4800000000000004,0,0
5.4805000000000001,0,0
5.4809999999999999,0,0
5.4814999999999996,0,0
5.4820000000000002,0,0
5.4824999999999999,0,0
5.4829999999999997,0,0
5.4835000000000003,0,0
5.484,0,0
5.4844999999999997,0,0
5.4850000000000003,0,0
5.4855,0,0
5.4859999999999998,0,0
5.4865000000000004,0,0
5.4870000000000001,0,0
5.4874999999999998,0,0
5.4880000000000004,0,0
5.4885000000000002,0,0
5.4889999999999999,0,0
5.4894999999999996,0,0
5.4900000000000002,0,0
5.4904999999999999,0,0
5.4909999999999997,0,0
5.4915000000000003,0,0
5.492,0,0
5.4924999999999997,0,0
5.4930000000000003,0,0
5.4935,0,0
5.4939999999999998,0,0
5.4945000000000004,0,0
5.4950000000000001,0,0
5.4954999999999998,0,0
5.4960000000000004,0,0
5.4965000000000002,0,0
5.4969999999999999,0,0
5.4974999999999996,0,0
5.4980000000000002,0,0
5.4984999999999999,0,0
5.4989999999999997,0,0
5.4995000000000003,0,0
5.5,0,0
5.5004999999999997,0,0
5.5010000000000003,0,0
5.5015000000000001,0,0
5.5019999999999998,0,0
5.5025000000000004,0,0
5.5030000000000001,0,0
5.5034999999999998,0,0
5.5039999999999996,0,0
5.5045000000000002,0,0
5.5049999999999999,0,0
5.5054999999999996,0,0
5.5060000000000002,0,0
5.5065,0,0
5.5069999999999997,0,0
5.5075000000000003,0,0
5.508,0,0
5.5084999999999997,0,0
5.5090000000000003,0,0
5.5095000000000001,0,0
5.5099999999999998,0,0
5.5105000000000004,0,0
5.5110000000000001,0,0
5.5114999999999998,0,0
5.5119999999999996,0,0
5.5125000000000002,0,0
5.5129999999999999,0,0
5.5134999999999996,0,0
5.5140000000000002,0,0
5.5145,0,0
5.5149999999999997,0,0
5.5155000000000003,0,0
5.516,0,0
5.5164999999999997,0,0
5.5170000000000003,0,0
5.5175000000000001,0,0
5.5179999999999998,0,0
5.5185000000000004,0,0
5.5190000000000001,0,0
5.5194999999999999,0,0
5.5199999999999996,0,0
5.5205000000000002,0,0
5.5209999999999999,0,0
5.5214999999999996,0,0
5.5220000000000002,0,0
5.5225,0,0
5.5229999999999997,0,0
5.5235000000000003,0,0
5.524,0,0
5.5244999999999997,0,0
5.5250000000000004,0,0
5.5255000000000001,0,0
5.5259999999999998,0,0
5.5265000000000004,0,0
5.5270000000000001,0,0
5.5274999999999999,0,0
5.5279999999999996,0,0
5.5285000000000002,0,0
5.5289999999999999,0,0
5.5294999999999996,0,0
5.5300000000000002,0,0
5.5305,0,0
5.5309999999999997,0,0
5.5315000000000003,0,0
5.532,0,0
5.5324999999999998,0,0
5.5330000000000004,0,0
5.5335000000000001,0,0
5.5339999999999998,0,0
5.5345000000000004,0,0
5.5350000000000001,0,0
5.5354999999999999,0,0
5.5359999999999996,0,0
5.5365000000000002,0,0
5.5369999999999999,0,0
5.5374999999999996,0,0
5.5380000000000003,0,0
5.5385,0,0
5.5389999999999997,0,0
5.5395000000000003,0,0
5.54,0,0
5.5404999999999998,0,0
5.5410000000000004,0,0
5.5415000000000001,0,0
5.5419999999999998,0,0
5.5425000000000004,0,0
5.5430000000000001,0,0
5.5434999999999999,0,0
5.5439999999999996,0,0
5.5445000000000002,0,0
5.5449999999999999,0,0
5.5454999999999997,0,0
5.5460000000000003,0,0
5.5465,0,0
5.5469999999999997,0,0
5.5475000000000003,0,0
5.548,0,0
5.5484999999999998,0,0
5.5490000000000004,0,0
5.5495000000000001,0,0
5.5499999999999998,0,0
5.5505000000000004,0,0
5.5510000000000002,0,0
5.5514999999999999,0,0
5.5519999999999996,0,0
5.5525000000000002,0,0
5.5529999999999999,0,0
5.5534999999999997,0,0
5.5540000000000003,0,0
5.5545,0,0
5.5549999999999997,0,0
5.5555000000000003,0,0
5.556,0,0
5.5564999999999998,0,0
5.5570000000000004,0,0
5.5575000000000001,0,0
5.5579999999999998,0,0
5.5585000000000004,0,0
5.5590000000000002,0,0
5.5594999999999999,0,0
5.5599999999999996,0,0
5.5605000000000002,0,0
5.5609999999999999,0,0
5.5614999999999997,0,0
5.5620000000000003,0,0
5.5625,0,0
5.5629999999999997,0,0
5.5635000000000003,0,0
5.5640000000000001,0,0
5.5644999999999998,0,0
5.5650000000000004,0,0
5.5655000000000001,0,0
5.5659999999999998,0,0
5.5664999999999996,0,0
5.5670000000000002,0,0
5.5674999999999999,0,0
5.5679999999999996,0,0
5.5685000000000002,0,0
5.569,0,0
5.5694999999999997,0,0
5.5700000000000003,0,0
5.5705,0,0
5.5709999999999997,0,0
5.5715000000000003,0,0
5.5720000000000001,0,0
5.5724999999999998,0,0
5.5730000000000004,0,0
5.5735000000000001,0,0
5.5739999999999998,0,0
5.5744999999999996,0,0
5.5750000000000002,0,0
5.5754999999999999,0,0
5.5759999999999996,0,0
5.5765000000000002,0,0
5.577,0,0
5.5774999999999997,0,0
5.5780000000000003,0,0
5.5785,0,0
5.5789999999999997,0,0
5.5795000000000003,0,0
5.5800000000000001,0,0
5.5804999999999998,0,0
5.5810000000000004,0,0
5.5815000000000001,0,0
5.5819999999999999,0,0
5.5824999999999996,0,0
5.5830000000000002,0,0
5.5834999999999999,0,0
5.5839999999999996,0,0
5.5845000000000002,0,0
5.585,0,0
5.5854999999999997,0,0
5.5860000000000003,0,0
5.5865,0,0
5.5869999999999997,0,0
5.5875000000000004,0,0
5.5880000000000001,0,0
5.5884999999999998,0,0
5.5890000000000004,0,0
5.5895000000000001,0,0
5.5899999999999999,0,0
5.5904999999999996,0,0
5.5910000000000002,0,0
5.5914999999999999,0,0
5.5919999999999996,0,0
5.5925000000000002,0,0
5.593,0,0
5.5934999999999997,0,0
5.5940000000000003,0,0
5.5945,0,0
5.5949999999999998,0,0
5.5955000000000004,0,0
5.5960000000000001,0,0
5.5964999999999998,0,0
5.5970000000000004,0,0
5.5975000000000001,0,0
5.5979999999999999,0,0
5.5984999999999996,0,0
5.5990000000000002,0,0
5.5994999999999999,0,0
5.5999999999999996,0,0
5.6005000000000003,0,0
5.601,0,0
5.6014999999999997,0,0
5.6020000000000003,0,0
5.6025,0,0
5.6029999999999998,0,0
5.6035000000000004,0,0
5.6040000000000001,0,0
5.6044999999999998,0,0
5.6050000000000004,0,0
5.6055000000000001,0,0
5.6059999999999999,0,0
5.6064999999999996,0,0
5.6070000000000002,0,0
5.6074999999999999,0,0
5.6079999999999997,0,0
5.6085000000000003,0,0
5.609,0,0
5.6094999999999997,0,0
5.6100000000000003,0,0
5.6105,0,0
5.6109999999999998,0,0
5.6115000000000004,0,0
5.6120000000000001,0,0
5.6124999999999998,0,0
5.6130000000000004,0,0
5.6135000000000002,0,0
5.6139999999999999,0,0
5.6144999999999996,0,0
5.6150000000000002,0,0
5.6154999999999999,0,0
5.6159999999999997,0,0
5.6165000000000003,0,0
5.617,0,0
5.6174999999999997,0,0
5.6180000000000003,0,0
5.6185,0,0
5.6189999999999998,0,0
5.6195000000000004,0,0
5.6200000000000001,0,0
5.6204999999999998,0,0
5.6210000000000004,0,0
5.6215000000000002,0,0
5.6219999999999999,0,0
5.6224999999999996,0,0
5.6230000000000002,0,0
5.6234999999999999,0,0
5.6239999999999997,0,0
5.6245000000000003,0,0
5.625,0,0
5.6254999999999997,0,0
5.6260000000000003,0,0
5.6265000000000001,0,0
5.6269999999999998,0,0
5.6275000000000004,0,0
5.6280000000000001,0,0
5.6284999999999998,0,0
5.6289999999999996,0,0
5.6295000000000002,0,0
5.6299999999999999,0,0
5.6304999999999996,0,0
5.6310000000000002,0,0
5.6315,0,0
5.6319999999999997,0,0
5.6325000000000003,0,0
5.633,0,0
5.6334999999999997,0,0
5.6340000000000003,0,0
5.6345000000000001,0,0
5.6349999999999998,0,0
5.6355000000000004,0,0
5.6360000000000001,0,0
5.6364999999999998,0,0
5.6369999999999996,0,0
5.6375000000000002,0,0
5.6379999999999999,0,0
5.6384999999999996,0,0
5.6390000000000002,0,0
5.6395,0,0
5.6399999999999997,0,0
5.6405000000000003,0,0
5.641,0,0
5.6414999999999997,0,0
5.6420000000000003,0,0
5.6425000000000001,0,0
5.6429999999999998,0,0
5.6435000000000004,0,0
5.6440000000000001,0,0
5.6444999999999999,0,0
5.6449999999999996,0,0
5.6455000000000002,0,0
5.6459999999999999,0,0
5.6464999999999996,0,0
5.6470000000000002,0,0
5.6475,0,0
5.6479999999999997,0,0
5.6485000000000003,0,0
5.649,0,0
5.6494999999999997,0,0
5.6500000000000004,0,0
5.6505000000000001,0,0
5.6509999999999998,0,0
5.6515000000000004,0,0
5.6520000000000001,0,0
5.6524999999999999,0,0
5.6529999999999996,0,0
5.6535000000000002,0,0
5.6539999999999999,0,0
5.6544999999999996,0,0
5.6550000000000002,0,0
5.6555,0,0
5.6559999999999997,0,0
5.6565000000000003,0,0
5.657,0,0
5.6574999999999998,0,0
5.6580000000000004,0,0
5.6585000000000001,0,0
5.6589999999999998,0,0
5.6595000000000004,0,0
5.6600000000000001,0,0
5.6604999999999999,0,0
5.6609999999999996,0,0
5.6615000000000002,0,0
5.6619999999999999,0,0
5.6624999999999996,0,0
5.6630000000000003,0,0
5.6635,0,0
5.6639999999999997,0,0
5.6645000000000003,0,0
5.665,0,0
5.6654999999999998,0,0
5.6660000000000004,0,0
5.6665000000000001,0,0
5.6669999999999998,0,0
5.6675000000000004,0,0
5.6680000000000001,0,0
5.6684999999999999,0,0
5.6689999999999996,0,0
5.6695000000000002,0,0
5.6699999999999999,0,0
5.6704999999999997,0,0
5.6710000000000003,0,0
5.6715,0,0
5.6719999999999997,0,0
5.6725000000000003,0,0
5.673,0,0
5.6734999999999998,0,0
5.6740000000000004,0,0
5.6745000000000001,0,0
5.6749999999999998,0,0
5.6755000000000004,0,0
5.6760000000000002,0,0
5.6764999999999999,0,0
5.6769999999999996,0,0
5.6775000000000002,0,0
5.6779999999999999,0,0
5.6784999999999997,0,0
5.6790000000000003,0,0
5.6795,0,0
5.6799999999999997,0,0
5.6805000000000003,0,0
5.681,0,0
5.6814999999999998,0,0
5.6820000000000004,0,0
5.6825000000000001,0,0
5.6829999999999998,0,0
5.6835000000000004,0,0
5.6840000000000002,0,0
5.6844999999999999,0,0
5.6849999999999996,0,0
5.6855000000000002,0,0
5.6859999999999999,0,0
5.6864999999999997,0,0
5.6870000000000003,0,0
5.6875,0,0
5.6879999999999997,0,0
5.6885000000000003,0,0
5.6890000000000001,0,0
5.6894999999999998,0,0
5.6900000000000004,0,0
5.6905000000000001,0,0
5.6909999999999998,0,0
5.6914999999999996,0,0
5.6920000000000002,0,0
5.6924999999999999,0,0
5.6929999999999996,0,0
5.6935000000000002,0,0
5.694,0,0
5.6944999999999997,0,0
5.6950000000000003,0,0
5.6955,0,0
5.6959999999999997,0,0
5.6965000000000003,0,0
5.6970000000000001,0,0
5.6974999999999998,0,0
5.6980000000000004,0,0
5.6985000000000001,0,0
5.6989999999999998,0,0
5.6994999999999996,0,0
5.7000000000000002,0,0
5.7004999999999999,0,0
5.7009999999999996,0,0
5.7015000000000002,0,0
5.702,0,0
5.7024999999999997,0,0
5.7030000000000003,0,0
5.7035,0,0
5.7039999999999997,0,0
5.7045000000000003,0,0
5.7050000000000001,0,0
5.7054999999999998,0,0
5.7060000000000004,0,0
5.7065000000000001,0,0
5.7069999999999999,0,0
5.7074999999999996,0,0
5.7080000000000002,0,0
5.7084999999999999,0,0
5.7089999999999996,0,0
5.7095000000000002,0,0
5.71,0,0
5.7104999999999997,0,0
5.7110000000000003,0,0
5.7115,0,0
5.7119999999999997,0,0
5.7125000000000004,0,0
5.7130000000000001,0,0
5.7134999999999998,0,0
5.7140000000000004,0,0
5.7145000000000001,0,0
5.7149999999999999,0,0
5.7154999999999996,0,0
5.7160000000000002,0,0
5.7164999999999999,0,0
5.7169999999999996,0,0
5.7175000000000002,0,0
5.718,0,0
5.7184999999999997,0,0
5.7190000000000003,0,0
5.7195,0,0
5.7199999999999998,0,0
5.7205000000000004,0,0
5.7210000000000001,0,0
5.7214999999999998,0,0
5.7220000000000004,0,0
5.7225000000000001,0,0
5.7229999999999999,0,0
5.7234999999999996,0,0
5.7240000000000002,0,0
5.7244999999999999,0,0
5.7249999999999996,0,0
5.7255000000000003,0,0
5.726,0,0
5.7264999999999997,0,0
5.7270000000000003,0,0
5.7275,0,0
5.7279999999999998,0,0
5.7285000000000004,0,0
5.7290000000000001,0,0
5.7294999999999998,0,0
5.7300000000000004,0,0
5.7305000000000001,0,0
5.7309999999999999,0,0
5.7314999999999996,0,0
5.7320000000000002,0,0
5.7324999999999999,0,0
5.7329999999999997,0,0
5.7335000000000003,0,0
5.734,0,0
5.7344999999999997,0,0
5.7350000000000003,0,0
5.7355,0,0
5.7359999999999998,0,0
5.7365000000000004,0,0
5.7370000000000001,0,0
5.7374999999999998,0,0
5.7380000000000004,0,0
5.7385000000000002,0,0
5.7389999999999999,0,0
5.7394999999999996,0,0
5.7400000000000002,0,0
5.7404999999999999,0,0
5.7409999999999997,0,0
5.7415000000000003,0,0
5.742,0,0
5.7424999999999997,0,0
5.7430000000000003,0,0
5.7435,0,0
5.7439999999999998,0,0
5.7445000000000004,0,0
5.7450000000000001,0,0
5.7454999999999998,0,0
5.7460000000000004,0,0
5.7465000000000002,0,0
5.7469999999999999,0,0
5.7474999999999996,0,0
5.7480000000000002,0,0
5.7484999999999999,0,0
5.7489999999999997,0,0
5.7495000000000003,0,0
5.75,0,0
5.7504999999999997,0,0
5.7510000000000003,0,0
5.7515000000000001,0,0
5.7519999999999998,0,0
5.7525000000000004,0,0
5.7530000000000001,0,0
5.7534999999999998,0,0
5.7539999999999996,0,0
5.7545000000000002,0,0
5.7549999999999999,0,0
5.7554999999999996,0,0
5.7560000000000002,0,0
5.7565,0,0
5.7569999999999997,0,0
5.7575000000000003,0,0
5.758,0,0
5.7584999999999997,0,0
5.7590000000000003,0,0
5.7595000000000001,0,0
5.7599999999999998,0,0
5.7605000000000004,0,0
5.7610000000000001,0,0
5.7614999999999998,0,0
5.7619999999999996,0,0
5.7625000000000002,0,0
5.7629999999999999,0,0
5.7634999999999996,0,0
5.7640000000000002,0,0
5.7645,0,0
5.7649999999999997,0,0
5.7655000000000003,0,0
5.766,0,0
5.7664999999999997,0,0
5.7670000000000003,0,0
5.7675000000000001,0,0
5.7679999999999998,0,0
5.7685000000000004,0,0
5.7690000000000001,0,0
5.7694999999999999,0,0
5.7699999999999996,0,0
5.7705000000000002,0,0
5.7709999999999999,0,0
5.7714999999999996,0,0
5.7720000000000002,0,0
5.7725,0,0
5.7729999999999997,0,0
5.7735000000000003,0,0
5.774,0,0
5.7744999999999997,0,0
5.7750000000000004,0,0
5.7755000000000001,0,0
5.7759999999999998,0,0
5.7765000000000004,0,0
5.7770000000000001,0,0
5.7774999999999999,0,0
5.7779999999999996,0,0
5.7785000000000002,0,0
5.7789999999999999,0,0
5.7794999999999996,0,0
5.7800000000000002,0,0
5.7805,0,0
5.7809999999999997,0,0
5.7815000000000003,0,0
5.782,0,0
5.7824999999999998,0,0
5.7830000000000004,0,0
5.7835000000000001,0,0
5.7839999999999998,0,0
5.7845000000000004,0,0
5.7850000000000001,0,0
5.7854999999999999,0,0
5.7859999999999996,0,0
5.7865000000000002,0,0
5.7869999999999999,0,0
5.7874999999999996,0,0
5.7880000000000003,0,0
5.7885,0,0
5.7889999999999997,0,0
5.7895000000000003,0,0
5.79,0,0
5.7904999999999998,0,0
5.7910000000000004,0,0
5.7915000000000001,0,0
5.7919999999999998,0,0
5.7925000000000004,0,0
5.7930000000000001,0,0
5.7934999999999999,0,0
5.7939999999999996,0,0
5.7945000000000002,0,0
5.7949999999999999,0,0
5.7954999999999997,0,0
5.7960000000000003,0,0
5.7965,0,0
5.7969999999999997,0,0
5.7975000000000003,0,0
5.798,0,0
5.7984999999999998,0,0
5.7990000000000004,0,0
5.7995000000000001,0,0
5.7999999999999998,0,0
5.8005000000000004,0,0
5.8010000000000002,0,0
5.8014999999999999,0,0
5.8019999999999996,0,0
5.8025000000000002,0,0
5.8029999999999999,0,0
5.8034999999999997,0,0
5.8040000000000003,0,0
5.8045,0,0
5.8049999999999997,0,0
5.8055000000000003,0,0
5.806,0,0
5.8064999999999998,0,0
5.8070000000000004,0,0
5.8075000000000001,0,0
5.8079999999999998,0,0
5.8085000000000004,0,0
5.8090000000000002,0,0
5.8094999999999999,0,0
5.8099999999999996,0,0
5.8105000000000002,0,0
5.8109999999999999,0,0
5.8114999999999997,0,0
5.8120000000000003,0,0
5.8125,0,0
5.8129999999999997,0,0
5.8135000000000003,0,0
5.8140000000000001,0,0
5.8144999999999998,0,0
5.8150000000000004,0,0
5.8155000000000001,0,0
5.8159999999999998,0,0
5.8164999999999996,0,0
5.8170000000000002,0,0
5.8174999999999999,0,0
5.8179999999999996,0,0
5.8185000000000002,0,0
5.819,0,0
5.8194999999999997,0,0
5.8200000000000003,0,0
5.8205,0,0
5.8209999999999997,0,0
5.8215000000000003,0,0
5.8220000000000001,0,0
5.8224999999999998,0,0
5.8230000000000004,0,0
5.8235000000000001,0,0
5.8239999999999998,0,0
5.8244999999999996,0,0
5.8250000000000002,0,0
5.8254999999999999,0,0
5.8259999999999996,0,0
5.8265000000000002,0,0
5.827,0,0
5.8274999999999997,0,0
5.8280000000000003,0,0
5.8285,0,0
5.8289999999999997,0,0
5.8295000000000003,0,0
5.8300000000000001,0,0
5.8304999999999998,0,0
5.8310000000000004,0,0
5.8315000000000001,0,0
5.8319999999999999,0,0
5.8324999999999996,0,0
5.8330000000000002,0,0
5.8334999999999999,0,0
5.8339999999999996,0,0
5.8345000000000002,0,0
5.835,0,0
5.8354999999999997,0,0
5.8360000000000003,0,0
5.8365,0,0
5.8369999999999997,0,0
5.8375000000000004,0,0
5.8380000000000001,0,0
5.8384999999999998,0,0
5.8390000000000004,0,0
5.8395000000000001,0,0
5.8399999999999999,0,0
5.8404999999999996,0,0
5.8410000000000002,0,0
5.8414999999999999,0,0
5.8419999999999996,0,0
5.8425000000000002,0,0
5.843,0,0
5.8434999999999997,0,0
5.8440000000000003,0,0
5.8445,0,0
5.8449999999999998,0,0
5.8455000000000004,0,0
5.8460000000000001,0,0
5.8464999999999998,0,0
5.8470000000000004,0,0
5.8475000000000001,0,0
5.8479999999999999,0,0
5.8484999999999996,0,0
5.8490000000000002,0,0
5.8494999999999999,0,0
5.8499999999999996,0,0
5.8505000000000003,0,0
5.851,0,0
5.8514999999999997,0,0
5.8520000000000003,0,0
5.8525,0,0
5.8529999999999998,0,0
5.8535000000000004,0,0
5.8540000000000001,0,0
5.8544999999999998,0,0
5.8550000000000004,0,0
5.8555000000000001,0,0
5.8559999999999999,0,0
5.8564999999999996,0,0
5.8570000000000002,0,0
5.8574999999999999,0,0
5.8579999999999997,0,0
5.8585000000000003,0,0
5.859,0,0
5.8594999999999997,0,0
5.8600000000000003,0,0
5.8605,0,0
5.8609999999999998,0,0
5.8615000000000004,0,0
5.8620000000000001,0,0
5.8624999999999998,0,0
5.8630000000000004,0,0
5.8635000000000002,0,0
5.8639999999999999,0,0
5.8644999999999996,0,0
5.8650000000000002,0,0
5.8654999999999999,0,0
5.8659999999999997,0,0
5.8665000000000003,0,0
5.867,0,0
5.8674999999999997,0,0
5.8680000000000003,0,0
5.8685,0,0
5.8689999999999998,0,0
5.8695000000000004,0,0
5.8700000000000001,0,0
5.8704999999999998,0,0
5.8710000000000004,0,0
5.8715000000000002,0,0
5.8719999999999999,0,0
5.8724999999999996,0,0
5.8730000000000002,0,0
5.8734999999999999,0,0
5.8739999999999997,0,0
5.8745000000000003,0,0
5.875,0,0
5.8754999999999997,0,0
5.8760000000000003,0,0
5.8765000000000001,0,0
5.8769999999999998,0,0
5.8775000000000004,0,0
5.8780000000000001,0,0
5.8784999999999998,0,0
5.8789999999999996,0,0
5.8795000000000002,0,0
5.8799999999999999,0,0
5.8804999999999996,0,0
5.8810000000000002,0,0
5.8815,0,0
5.8819999999999997,0,0
5.8825000000000003,0,0
5.883,0,0
5.8834999999999997,0,0
5.8840000000000003,0,0
5.8845000000000001,0,0
5.8849999999999998,0,0
5.8855000000000004,0,0
5.8860000000000001,0,0
5.8864999999999998,0,0
5.8869999999999996,0,0
5.8875000000000002,0,0
5.8879999999999999,0,0
5.8884999999999996,0,0
5.8890000000000002,0,0
5.8895,0,0
5.8899999999999997,0,0
5.8905000000000003,0,0
5.891,0,0
5.8914999999999997,0,0
5.8920000000000003,0,0
5.8925000000000001,0,0
5.8929999999999998,0,0
5.8935000000000004,0,0
5.8940000000000001,0,0
5.8944999999999999,0,0
5.8949999999999996,0,0
5.8955000000000002,0,0
5.8959999999999999,0,0
5.8964999999999996,0,0
5.8970000000000002,0,0
5.8975,0,0
5.8979999999999997,0,0
5.8985000000000003,0,0
5.899,0,0
5.8994999999999997,0,0
5.9000000000000004,0,0
5.9005000000000001,0,0
5.9009999999999998,0,0
5.9015000000000004,0,0
5.9020000000000001,0,0
5.9024999999999999,0,0
5.9029999999999996,0,0
5.9035000000000002,0,0
5.9039999999999999,0,0
5.9044999999999996,0,0
5.9050000000000002,0,0
5.9055,0,0
5.9059999999999997,0,0
5.9065000000000003,0,0
5.907,0,0
5.9074999999999998,0,0
5.9080000000000004,0,0
5.9085000000000001,0,0
5.9089999999999998,0,0
5.9095000000000004,0,0
5.9100000000000001,0,0
5.9104999999999999,0,0
5.9109999999999996,0,0
5.9115000000000002,0,0
5.9119999999999999,0,0
5.9124999999999996,0,0
5.9130000000000003,0,0
5.9135,0,0
5.9139999999999997,0,0
5.9145000000000003,0,0
5.915,0,0
5.9154999999999998,0,0
5.9160000000000004,0,0
5.9165000000000001,0,0
5.9169999999999998,0,0
5.9175000000000004,0,0
5.9180000000000001,0,0
5.9184999999999999,0,0
5.9189999999999996,0,0
5.9195000000000002,0,0
5.9199999999999999,0,0
5.9204999999999997,0,0
5.9210000000000003,0,0
5.9215,0,0
5.9219999999999997,0,0
5.9225000000000003,0,0
5.923,0,0
5.9234999999999998,0,0
5.9240000000000004,0,0
5.9245000000000001,0,0
5.9249999999999998,0,0
5.9255000000000004,0,0
5.9260000000000002,0,0
5.9264999999999999,0,0
5.9269999999999996,0,0
5.9275000000000002,0,0
5.9279999999999999,0,0
5.9284999999999997,0,0
5.9290000000000003,0,0
5.9295,0,0
5.9299999999999997,0,0
5.9305000000000003,0,0
5.931,0,0
5.9314999999999998,0,0
5.9320000000000004,0,0
5.9325000000000001,0,0
5.9329999999999998,0,0
5.9335000000000004,0,0
5.9340000000000002,0,0
5.9344999999999999,0,0
5.9349999999999996,0,0
5.9355000000000002,0,0
5.9359999999999999,0,0
5.9364999999999997,0,0
5.9370000000000003,0,0
5.9375,0,0
5.9379999999999997,0,0
5.9385000000000003,0,0
5.9390000000000001,0,0
5.9394999999999998,0,0
5.9400000000000004,0,0
5.9405000000000001,0,0
5.9409999999999998,0,0
5.9414999999999996,0,0
5.9420000000000002,0,0
5.9424999999999999,0,0
5.9429999999999996,0,0
5.9435000000000002,0,0
5.944,0,0
5.9444999999999997,0,0
5.9450000000000003,0,0
5.9455,0,0
5.9459999999999997,0,0
5.9465000000000003,0,0
5.9470000000000001,0,0
5.9474999999999998,0,0
5.9480000000000004,0,0
5.9485000000000001,0,0
5.9489999999999998,0,0
5.9494999999999996,0,0
5.9500000000000002,0,0
5.9504999999999999,0,0
5.9509999999999996,0,0
5.9515000000000002,0,0
5.952,0,0
5.9524999999999997,0,0
5.9530000000000003,0,0
5.9535,0,0
5.9539999999999997,0,0
5.9545000000000003,0,0
5.9550000000000001,0,0
5.9554999999999998,0,0
5.9560000000000004,0,0
5.9565000000000001,0,0
5.9569999999999999,0,0
5.9574999999999996,0,0
5.9580000000000002,0,0
5.9584999999999999,0,0
5.9589999999999996,0,0
5.9595000000000002,0,0
5.96,0,0
5.9604999999999997,0,0
5.9610000000000003,0,0
5.9615,0,0
5.9619999999999997,0,0
5.9625000000000004,0,0
5.9630000000000001,0,0
5.9634999999999998,0,0
5.9640000000000004,0,0
5.9645000000000001,0,0
5.9649999999999999,0,0
5.9654999999999996,0,0
5.9660000000000002,0,0
5.9664999999999999,0,0
5.9669999999999996,0,0
5.9675000000000002,0,0
5.968,0,0
5.9684999999999997,0,0
5.9690000000000003,0,0
5.9695,0,0
5.9699999999999998,0,0
5.9705000000000004,0,0
5.9710000000000001,0,0
5.9714999999999998,0,0
5.9720000000000004,0,0
5.9725000000000001,0,0
5.9729999999999999,0,0
5.9734999999999996,0,0
5.9740000000000002,0,0
5.9744999999999999,0,0
5.9749999999999996,0,0
5.9755000000000003,0,0
5.976,0,0
5.9764999999999997,0,0
5.9770000000000003,0,0
5.9775,0,0
5.9779999999999998,0,0
5.9785000000000004,0,0
5.9790000000000001,0,0
5.9794999999999998,0,0
5.9800000000000004,0,0
5.9805000000000001,0,0
5.9809999999999999,0,0
5.9814999999999996,0,0
5.9820000000000002,0,0
5.9824999999999999,0,0
5.9829999999999997,0,0
5.9835000000000003,0,0
5.984,0,0
5.9844999999999997,0,0
5.9850000000000003,0,0
5.9855,0,0
5.9859999999999998,0,0
5.9865000000000004,0,0
5.9870000000000001,0,0
5.9874999999999998,0,0
5.9880000000000004,0,0
5.9885000000000002,0,0
5.9889999999999999,0,0
5.9894999999999996,0,0
5.9900000000000002,0,0
5.9904999999999999,0,0
5.9909999999999997,0,0
5.9915000000000003,0,0
5.992,0,0
5.9924999999999997,0,0
5.9930000000000003,0,0
5.9935,0,0
5.9939999999999998,0,0
5.9945000000000004,0,0
5.9950000000000001,0,0
5.9954999999999998,0,0
5.9960000000000004,0,0
5.9965000000000002,0,0
5.9969999999999999,0,0
5.9974999999999996,0,0
5.9980000000000002,0,0
5.9984999999999999,0,0
5.9989999999999997,0,0
5.9995000000000003,0,0
6,0,0
6.0004999999999997,0,0
6.0010000000000003,0,0
6.0015000000000001,0,0
6.0019999999999998,0,0
6.0025000000000004,0,0
6.0030000000000001,0,0
6.0034999999999998,0,0
6.0039999999999996,0,0
6.0045000000000002,0,0
6.0049999999999999,0,0
6.0054999999999996,0,0
6.0060000000000002,0,0
6.0065,0,0
6.0069999999999997,0,0
6.0075000000000003,0,0
6.008,0,0
6.0084999999999997,0,0
6.0090000000000003,0,0
6.0095000000000001,0,0
6.0099999999999998,0,0
6.0105000000000004,0,0
6.0110000000000001,0,0
6.0114999999999998,0,0
6.0119999999999996,0,0
6.0125000000000002,0,0
6.0129999999999999,0,0
6.0134999999999996,0,0
6.0140000000000002,0,0
6.0145,0,0
6.0149999999999997,0,0
6.0155000000000003,0,0
6.016,0,0
6.0164999999999997,0,0
6.0170000000000003,0,0
6.0175000000000001,0,0
6.0179999999999998,0,0
6.0185000000000004,0,0
6.0190000000000001,0,0
6.0194999999999999,0,0
6.0199999999999996,0,0
6.0205000000000002,0,0
6.0209999999999999,0,0
6.0214999999999996,0,0
6.0220000000000002,0,0
6.0225,0,0
6.0229999999999997,0,0
6.0235000000000003,0,0
6.024,0,0
6.0244999999999997,0,0
6.0250000000000004,0,0
6.0255000000000001,0,0
6.0259999999999998,0,0
6.0265000000000004,0,0
6.0270000000000001,0,0
6.0274999999999999,0,0
6.0279999999999996,0,0
6.0285000000000002,0,0
6.0289999999999999,0,0
6.0294999999999996,0,0
6.0300000000000002,0,0
6.0305,0,0
6.0309999999999997,0,0
6.0315000000000003,0,0
6.032,0,0
6.0324999999999998,0,0
6.0330000000000004,0,0
6.0335000000000001,0,0
6.0339999999999998,0,0
6.0345000000000004,0,0
6.0350000000000001,0,0
6.0354999999999999,0,0
6.0359999999999996,0,0
6.0365000000000002,0,0
6.0369999999999999,0,0
6.0374999999999996,0,0
6.0380000000000003,0,0
6.0385,0,0
6.0389999999999997,0,0
6.0395000000000003,0,0
6.04,0,0
6.0404999999999998,0,0
6.0410000000000004,0,0
6.0415000000000001,0,0
6.0419999999999998,0,0
6.0425000000000004,0,0
6.0430000000000001,0,0
6.0434999999999999,0,0
6.0439999999999996,0,0
6.0445000000000002,0,0
6.0449999999999999,0,0
6.0454999999999997,0,0
6.0460000000000003,0,0
6.0465,0,0
6.0469999999999997,0,0
6.0475000000000003,0,0
6.048,0,0
6.0484999999999998,0,0
6.0490000000000004,0,0
6.0495000000000001,0,0
6.0499999999999998,0,0
6.0505000000000004,0,0
6.0510000000000002,0,0
6.0514999999999999,0,0
6.0519999999999996,0,0
6.0525000000000002,0,0
6.0529999999999999,0,0
6.0534999999999997,0,0
6.0540000000000003,0,0
6.0545,0,0
6.0549999999999997,0,0
6.0555000000000003,0,0
6.056,0,0
6.0564999999999998,0,0
6.0570000000000004,0,0
6.0575000000000001,0,0
6.0579999999999998,0,0
6.0585000000000004,0,0
6.0590000000000002,0,0
6.0594999999999999,0,0
6.0599999999999996,0,0
6.0605000000000002,0,0
6.0609999999999999,0,0
6.0614999999999997,0,0
6.0620000000000003,0,0
6.0625,0,0
6.0629999999999997,0,0
6.0635000000000003,0,0
6.0640000000000001,0,0
6.0644999999999998,0,0
6.0650000000000004,0,0
6.0655000000000001,0,0
6.0659999999999998,0,0
6.0664999999999996,0,0
6.0670000000000002,0,0
6.0674999999999999,0,0
6.0679999999999996,0,0
6.0685000000000002,0,0
6.069,0,0
6.0694999999999997,0,0
6.0700000000000003,0,0
6.0705,0,0
6.0709999999999997,0,0
6.0715000000000003,0,0
6.0720000000000001,0,0
6.0724999999999998,0,0
6.0730000000000004,0,0
6.0735000000000001,0,0
6.0739999999999998,0,0
6.0744999999999996,0,0
6.0750000000000002,0,0
6.0754999999999999,0,0
6.0759999999999996,0,0
6.0765000000000002,0,0
6.077,0,0
6.0774999999999997,0,0
6.0780000000000003,0,0
6.0785,0,0
6.0789999999999997,0,0
6.0795000000000003,0,0
6.0800000000000001,0,0
6.0804999999999998,0,0
6.0810000000000004,0,0
6.0815000000000001,0,0
6.0819999999999999,0,0
6.0824999999999996,0,0
6.0830000000000002,0,0
6.0834999999999999,0,0
6.0839999999999996,0,0
6.0845000000000002,0,0
6.085,0,0
6.0854999999999997,0,0
6.0860000000000003,0,0
6.0865,0,0
6.0869999999999997,0,0
6.0875000000000004,0,0
6.0880000000000001,0,0
6.0884999999999998,0,0
6.0890000000000004,0,0
6.0895000000000001,0,0
6.0899999999999999,0,0
6.0904999999999996,0,0
6.0910000000000002,0,0
6.0914999999999999,0,0
6.0919999999999996,0,0
6.0925000000000002,0,0
6.093,0,0
6.0934999999999997,0,0
6.0940000000000003,0,0
6.0945,0,0
6.0949999999999998,0,0
6.0955000000000004,0,0
6.0960000000000001,0,0
6.0964999999999998,0,0
6.0970000000000004,0,0
6.0975000000000001,0,0
6.0979999999999999,0,0
6.0984999999999996,0,0
6.0990000000000002,0,0
6.0994999999999999,0,0
6.0999999999999996,0,0
6.1005000000000003,0,0
6.101,0,0
6.1014999999999997,0,0
6.1020000000000003,0,0
6.1025,0,0
6.1029999999999998,0,0
6.1035000000000004,0,0
6.1040000000000001,0,0
6.1044999999999998,0,0
6.1050000000000004,0,0
6.1055000000000001,0,0
6.1059999999999999,0,0
6.1064999999999996,0,0
6.1070000000000002,0,0
6.1074999999999999,0,0
6.1079999999999997,0,0
6.1085000000000003,0,0
6.109,0,0
6.1094999999999997,0,0
6.1100000000000003,0,0
6.1105,0,0
6.1109999999999998,0,0
6.1115000000000004,0,0
6.1120000000000001,0,0
6.1124999999999998,0,0
6.1130000000000004,0,0
6.1135000000000002,0,0
6.1139999999999999,0,0
6.1144999999999996,0,0
6.1150000000000002,0,0
6.1154999999999999,0,0
6.1159999999999997,0,0
6.1165000000000003,0,0
6.117,0,0
6.1174999999999997,0,0
6.1180000000000003,0,0
6.1185,0,0
6.1189999999999998,0,0
6.1195000000000004,0,0
6.1200000000000001,0,0
6.1204999999999998,0,0
6.1210000000000004,0,0
6.1215000000000002,0,0
6.1219999999999999,0,0
6.1224999999999996,0,0
6.1230000000000002,0,0
6.1234999999999999,0,0
6.1239999999999997,0,0
6.1245000000000003,0,0
6.125,0,0
6.1254999999999997,0,1.1102230246251566e-17
6.1260000000000003,0,2.2204460492503132e-17
6.1265000000000001,0,4.4408920985006264e-17
6.1269999999999998,0,8.8817841970012528e-17
6.1275000000000004,0,1.6653345369377348e-16
6.1280000000000001,0,2.8865798640254071e-16
6.1284999999999998,0,4.6629367034256577e-16
6.1289999999999996,0,7.3274719625260328e-16
6.1295000000000002,0,1.1324274851176596e-15
6.1299999999999999,0,1.7319479184152442e-15
6.1304999999999996,0,2.6090241078691179e-15
6.1310000000000002,0,3.8746783559417962e-15
6.1315,0,5.6954441163270527e-15
6.1319999999999997,0,8.2822637637036672e-15
6.1325000000000003,0,1.1923795284474182e-14
6.133,0,1.7030821197749902e-14
6.1334999999999997,0,2.4125146325104653e-14
6.1340000000000003,0,3.3906211172052278e-14
6.1345000000000001,0,4.7328807539770425e-14
6.1349999999999998,0,6.563638521583926e-14
6.1355000000000004,0,9.0449869816211508e-14
6.1360000000000001,0,1.2387868508767496e-13
6.1364999999999998,0,1.6868728636154629e-13
6.1369999999999996,0,2.2841728508637972e-13
6.1375000000000002,0,3.0762059566313839e-13
6.1379999999999999,0,4.1212588897110435e-13
6.1384999999999996,0,5.4933835258452746e-13
6.1390000000000002,0,7.2866157552198272e-13
6.1395,0,9.619305352259743e-13
6.1399999999999997,0,1.2640333224567257e-12
6.1405000000000003,0,1.6535772751069544e-12
6.141,0,2.1537549521610798e-12
6.1414999999999997,0,2.7933433344173864e-12
6.1420000000000003,0,3.6079250698151099e-12
6.1425000000000001,0,4.641320661136206e-12
6.1429999999999998,0,5.9473093116935159e-12
6.1435000000000004,0,7.5916828379263282e-12
6.1440000000000001,0,9.6545882399823316e-12
6.1444999999999999,0,1.2233392077121153e-11
6.1449999999999996,0,1.5445988932327737e-11
6.1455000000000002,0,1.9434598375056565e-11
6.1459999999999999,0,2.4370339080093117e-11
6.1464999999999996,0,3.0458391364618363e-11
6.1470000000000002,0,3.7944092312613975e-11
6.1475,0,4.7119896873226706e-11
6.1479999999999997,0,5.8333471386617925e-11
6.1485000000000003,0,7.199686402614702e-11
6.149,0,8.8597162939407786e-11
6.1494999999999997,0,1.0870858657696658e-10
6.1500000000000004,0,1.3300626156009797e-10
6.1505000000000001,0,1.6228192123435293e-10
6.1509999999999998,0,1.9746169144241322e-10
6.1515000000000004,0,2.3962620776529775e-10
6.1520000000000001,0,2.9003331958321609e-10
6.1524999999999999,0,3.5014369181851634e-10
6.1529999999999996,0,4.2164953750756239e-10
6.1535000000000002,0,5.0650685867736913e-10
6.1539999999999999,0,6.0697143977606063e-10
6.1544999999999996,0,7.2563913766643393e-10
6.1550000000000002,0,8.6549071243169349e-10
6.1555,0,1.0299416763892566e-09
6.1559999999999997,0,1.2228976054018404e-09
6.1565000000000003,0,1.4488154009839604e-09
6.157,0,1.7127710472131241e-09
6.1574999999999998,0,2.0205342177170849e-09
6.1580000000000004,0,2.3786506875289603e-09
6.1585000000000001,0,2.7945327274458977e-09
6.1589999999999998,0,3.2765583912741648e-09
6.1595000000000004,0,3.8341802843788738e-09
6.1600000000000001,0,4.4780445573877616e-09
6.1604999999999999,0,5.2201207467739156e-09
6.1609999999999996,0,6.0738434393137199e-09
6.1615000000000002,0,7.0542663599404424e-09
6.1619999999999999,0,8.1782299377053385e-09
6.1624999999999996,0,9.464543027082329e-09
6.1630000000000003,0,1.0934179850430325e-08
6.1635,0,1.2610493083098363e-08
6.1639999999999997,0,1.4519444024863049e-08
6.1645000000000003,0,1.6689850912410263e-08
6.165,0,1.9153656405368479e-08
6.1654999999999998,0,2.1946215411627889e-08
6.1660000000000004,0,2.5106604195634929e-08
6.1665000000000001,0,2.8677952124134265e-08
6.1669999999999998,0,3.2707797126274582e-08
6.1675000000000004,0,3.7248465989403459e-08
6.1680000000000001,0,4.2357480845023329e-08
6.1684999999999999,0,4.8097993088358493e-08
6.1689999999999996,0,5.453924585285819e-08
6.1695000000000002,0,6.1757066527334817e-08
6.1699999999999999,0,6.9834390403755725e-08
6.1704999999999997,0,7.8861816965591913e-08
6.1710000000000003,0,8.8938199915844507e-08
6.1715,0,1.001712724990611e-07
6.1719999999999997,0,1.1267830917205401e-07
6.1725000000000003,0,1.2658682514432583e-07
6.173,0,1.4203531495393662e-07
6.1734999999999998,0,1.5917403142218234e-07
6.1740000000000004,0,1.7816580619722799e-07
6.1745000000000001,0,1.9918691313014492e-07
6.1749999999999998,0,2.224279757379044e-07
6.1755000000000004,0,2.4809491980803957e-07
6.1760000000000002,0,2.7640997229960718e-07
6.1764999999999999,0,3.0761270768397965e-07
6.1769999999999996,0,3.4196114253592922e-07
6.1775000000000002,0,3.7973287944081944e-07
6.1779999999999999,0,4.2122630110608129e-07
6.1784999999999997,0,4.6676181534310859e-07
6.1790000000000003,0,5.1668315166342187e-07
6.1795,0,5.7135871005531409e-07
6.1799999999999997,0,6.3118296254049968e-07
6.1805000000000003,0,6.9657790759958258e-07
6.181,0,7.6799457809917371e-07
6.1814999999999998,0,8.4591460260963201e-07
6.1820000000000004,0,9.3085182005792073e-07
6.1825000000000001,0,1.0233539477599863e-06
6.1829999999999998,0,1.1240043023885703e-06
6.1835000000000004,0,1.2334235734656752e-06
6.1840000000000002,0,1.3522716487024411e-06
6.1844999999999999,0,1.4812494904536955e-06
6.1849999999999996,0,1.6211010622990686e-06
6.1855000000000002,0,1.7726153044739234e-06
6.1859999999999999,0,1.9366281570509793e-06
6.1864999999999997,0,2.1140246289519384e-06
6.1870000000000003,0,2.3057409113902417e-06
6.1875,0,2.5127665335911154e-06
6.1879999999999997,0,2.7361465585906687e-06
6.1885000000000003,0,2.9769838168380859e-06
6.1890000000000001,0,3.2364411750140929e-06
6.1894999999999998,0,3.5157438370125858e-06
6.1900000000000004,0,3.8161816743431663e-06
6.1905000000000001,0,4.1391115824462862e-06
6.1909999999999998,0,4.4859598595348158e-06
6.1914999999999996,0,4.8582246042427887e-06
6.1920000000000002,0,5.2574781280845249e-06
6.1924999999999999,0,5.6853693786163007e-06
6.1929999999999996,0,6.1436263689040873e-06
6.1935000000000002,0,6.6340586087010319e-06
6.194,0,7.158559532494113e-06
6.1944999999999997,0,7.7191089195127745e-06
6.1950000000000003,0,8.3177753003482728e-06
6.1955,0,8.9567183449767999e-06
6.1959999999999997,0,9.6381912263687749e-06
6.1965000000000003,0,1.0364542954099942e-05
6.1970000000000001,0,1.1138220672002319e-05
6.1974999999999998,0,1.1961771913693297e-05
6.1980000000000004,0,1.2837846809887754e-05
6.1985000000000001,0,1.3769200240976164e-05
6.1989999999999998,0,1.4758693928473843e-05
6.1994999999999996,0,1.5809298458813183e-05
6.2000000000000002,0,1.6924095232562219e-05
6.2004999999999999,0,1.8106278332596926e-05
6.2009999999999996,0,1.9359156304143977e-05
6.2015000000000002,0,2.0686153839921672e-05
6.202,0,2.2090813363473406e-05
6.2024999999999997,0,2.3576796503699259e-05
6.2030000000000003,0,2.5147885453680187e-05
6.2035,0,2.680798420687802e-05
6.2039999999999997,0,2.8561119663872425e-05
6.2045000000000003,0,3.0411442602673588e-05
6.2050000000000001,0,3.2363228506016031e-05
6.2054999999999998,0,3.4420878238849983e-05
6.2060000000000004,0,3.6588918569557816e-05
6.2065000000000001,0,3.8872002528433927e-05
6.2069999999999999,0,4.1274909597088796e-05
6.2074999999999996,0,4.3802545722859688e-05
6.2080000000000002,0,4.6459943152010738e-05
6.2084999999999999,0,4.9252260076293464e-05
6.2089999999999996,0,5.21847800871722e-05
6.2095000000000002,0,5.5262911432529818e-05
6.21,0,5.8492186070890909e-05
6.2104999999999997,0,6.1878258518310863e-05
6.2110000000000003,0,6.5426904483667508e-05
6.2115,0,6.9144019288092107e-05
6.2119999999999997,0,7.3035616064842662e-05
6.2125000000000004,0,7.7107823736066722e-05
6.2130000000000001,0,8.1366884763467426e-05
6.2134999999999998,0,8.5819152670041363e-05
6.2140000000000004,0,9.0471089330546034e-05
6.2145000000000001,0,9.5329262028853728e-05
6.2149999999999999,0,0.00010040034028048206
6.2154999999999996,0,0.00010569109241926888
6.2160000000000002,0,0.00011120838194742522
6.2164999999999999,0,0.00011695916364881098
6.2169999999999996,0,0.00012295047946536686
6.2175000000000002,0,0.00012918945413766813
6.218,0,0.00013568329061022232
6.2184999999999997,0,0.00014243926520356441
6.2190000000000003,0,0.00014946472255463749
6.2195,0,0.00015676707032832304
6.2199999999999998,0,0.0001643537737028078
6.2205000000000004,0,0.00017223234963226197
6.2210000000000001,0,0.00018041036089067042
6.2214999999999998,0,0.00018889540990124631
6.2220000000000004,0,0.00019769513235596837
6.2225000000000001,0,0.00020681719063077032
6.2229999999999999,0,0.00021626926700190062
6.2234999999999996,0,0.00022605905666960301
6.2240000000000002,0,0.00023619426059576787
6.2244999999999999,0,0.00024668257816248265
6.2249999999999996,0,0.00025753169966016289
6.2255000000000003,0,0.00026874929861785412
6.226,0,0.00028034302399533307
6.2264999999999997,0,0.00029232049226585177
6.2270000000000003,0,0.00030468927942988165
6.2275,0,0.00031745691301270361
6.2279999999999998,0,0.00033063086411156962
6.2285000000000004,0,0.00034421853957050663
6.2290000000000001,0,0.0003582272743716475
6.2294999999999998,0,0.00037266432434132082
6.2300000000000004,0,0.00038753685927566116
6.2305000000000001,0,0.00040285195659413021
6.2309999999999999,0,0.00041861659563056095
6.2314999999999996,0,0.00043483765266851828
6.2320000000000002,0,0.0004515218968229484
6.2324999999999999,0,0.00046867598686133326
6.2329999999999997,0,0.00048630646904681554
6.2335000000000003,0,0.000504419776072329
6.234,0,0.00052302222713924702
6.2344999999999997,0,0.00054212002921711906
6.2350000000000003,0,0.0005617192795023707
6.2355,0,0.00058182596907502271
6.2359999999999998,0,0.00060244598773253613
6.2365000000000004,0,0.00062358512996038009
6.2370000000000001,0,0.0006452491019795281
6.2374999999999998,0,0.00066744352979242194
6.2380000000000004,0,0.00069017396813154659
6.2385000000000002,0,0.00071344591019811832
6.2389999999999999,0,0.00073726479806393022
6.2394999999999996,0,0.00076163603359604706
6.2400000000000002,0,0.00078656498975330222
6.2404999999999999,0,0.00081205702209389272
6.2409999999999997,0,0.00083811748032707194
6.2415000000000003,0,0.0008647517197361565
6.242,0,0.00089196511229816533
6.2424999999999997,0,0.00091976305732437429
6.2430000000000003,0,0.00094815099144754942
6.2435,0,0.00097713439778529532
6.2439999999999998,0,0.0010067188141142601
6.2445000000000004,0,0.0010369098398969379
6.2450000000000001,0,0.001067713142011939
6.2454999999999998,0,0.0010991344590484896
6.2460000000000004,0,0.0011311796040381129
6.2465000000000002,0,0.0011638544655084959
6.2469999999999999,0,0.0011971650067591709
6.2474999999999996,0,0.0012311172632726187
6.2480000000000002,0,0.00126571733818992
6.2484999999999999,0,0.0013009713957958912
6.2489999999999997,0,0.0013368856529746508
6.2495000000000003,0,0.0013734663686124859
6.25,0,0.0014107198309416757
6.2504999999999997,0,0.0014486523428343112
6.2510000000000003,0,0.0014872702050712449
6.2515000000000001,0,0.0015265796976266844
6.2519999999999998,0,0.0015665870590234054
6.2525000000000004,0,0.0016072984638280997
6.2530000000000001,0,0.0016487199983692524
6.2534999999999998,0,0.0016908576347731351
6.2539999999999996,0,0.0017337172034246561
6.2545000000000002,0,0.0017773043639706331
6.2549999999999999,0,0.0018216245749931969
6.2554999999999996,0,0.0018666830624889496
6.2560000000000002,0,0.0019124847872978412
6.2565,0,0.0019590344116317991
6.2569999999999997,0,0.0020063362648586104
6.2575000000000003,0,0.0020543943087010684
6.258,0,0.0021032121020144847
6.2584999999999997,0,0.0021527927653077318
6.2590000000000003,0,0.0022031389451744434
6.2595000000000001,0,0.002254252778800636
6.2599999999999998,0,0.0023061358587145196
6.2605000000000004,0,0.0023587891979422793
6.2610000000000001,0,0.0024122131957307834
6.2614999999999998,0,0.0024664076039949802
6.2619999999999996,0,0.0025213714946429209
6.2625000000000002,0,0.0025771032279266692
6.2629999999999999,0,0.0026336004219613242
6.2634999999999996,0,0.0026908599235480946
6.2640000000000002,0,0.0027488777804305252
6.2645,0,0.002807649215105379
6.2649999999999997,0,0.0028671686003016949
6.2655000000000003,0,0.0029274294362336972
6.266,0,0.0029884243297242487
6.2664999999999997,0,0.0030501449752867614
6.2670000000000003,0,0.0031125821382446796
6.2675000000000001,0,0.0031757256399582044
6.2679999999999998,0,0.0032395643452187485
6.2685000000000004,0,0.0033040861518621734
6.2690000000000001,0,0.0033692779826428711
6.2694999999999999,0,0.0034351257794009381
6.2699999999999996,0,0.0035016144995461016
6.2705000000000002,0,0.0035687281148723883
6.2709999999999999,0,0.0036364496127095471
6.2714999999999996,0,0.0037047609994074969
6.2720000000000002,0,0.0037736433061425489
6.2725,0,0.0038430765970256741
6.2729999999999997,0,0.0039130399794853003
6.2735000000000003,0,0.0039835116168894236
6.274,0,0.0040544687433651475
6.2744999999999997,0,0.0041258876807665377
6.2750000000000004,0,0.0041977438577353032
6.2755000000000001,0,0.0042700118307931302
6.2759999999999998,0,0.0043426653073985414
6.2765000000000004,0,0.0044156771708960593
6.2770000000000001,0,0.0044890195072807889
6.2774999999999999,0,0.0045626636336970061
6.2779999999999996,0,0.0046365801285854881
6.2785000000000002,0,0.0047107388633908509
6.2789999999999999,0,0.0047851090357369785
6.2794999999999996,0,0.004859659203975986
6.2800000000000002,0,0.004934357323013905
6.2805,0,0.0050091707813144978
6.2809999999999997,0,0.0050840664389809279
6.2815000000000003,0,0.0051590106668139898
6.282,0,0.0052339693862452517
6.2824999999999998,0,0.0053089081100425317
6.2830000000000004,0,0.0053837919836853152
6.2835000000000001,0,0.0054585858273085265
6.2839999999999998,0,0.0055332541781128895
6.2845000000000004,0,0.005607761333141714
6.2850000000000001,0,0.00568207139232485
6.2854999999999999,0,0.0057561483016922207
6.2859999999999996,0,0.00582995589666091
6.2865000000000002,0,0.0059034579453020484
6.2869999999999999,0,0.0059766181914957302
6.2874999999999996,1,0.0060494003978846193
6.2880000000000003,1,0.0061217683885398614
6.2885,0,-0.0038710398411886393
6.2889999999999997,0,-0.013813573062713103
6.2895000000000003,0,-0.01273872899682571
6.29,0,-0.011714639124081171
6.2904999999999998,0,-0.010738828852726746
6.2910000000000004,0,-0.0098089487759319364
6.2915000000000001,0,-0.0089227683587215553
6.2919999999999998,0,-0.0080781699395086615
6.2925000000000004,0,-0.0072731430305976287
6.2930000000000001,0,-0.0065057789028088679
6.2934999999999999,0,-0.0057742654401183426
6.2939999999999996,0,-0.0050768822509093311
6.2945000000000002,0,-0.0044119960231022827
6.2949999999999999,0,-0.0037780561110636992
6.2954999999999997,0,-0.0031735903427986267
6.2960000000000003,0,-0.0025972010365047813
6.2965,0,-0.0020475612161089838
6.2969999999999997,0,-0.0015234110159249026
6.2975000000000003,0,-0.001023554265061477
6.298,0,-0.00054685524267704681
6.2984999999999998,0,-9.2235595618284091e-05
6.2990000000000004,0,0.00034132858959761147
6.2995000000000001,0,0.00075480956809916846
6.2999999999999998,0,0.0011491305785366168
6.3005000000000004,0,0.0015251683524201477
6.3010000000000002,0,0.0018968804974795138
6.3014999999999999,0,0.0022706743823724396
6.3019999999999996,0,0.0026441816085385874
6.3025000000000002,0,0.003015351213013362
6.3029999999999999,0,0.0033824154032858879
6.3034999999999997,0,0.0037438588961073659
6.3040000000000003,0,0.0040983914605236208
6.3045,0,0.0044449233138509122
6.3049999999999997,0,0.0047825430612949416
6.3055000000000003,0,0.0051104979063713585
6.306,0,0.0054281758910190384
6.3064999999999998,0,0.0057350899519739151
6.3070000000000004,1,0.0060308636041607744
6.3075000000000001,1,0.0063152180830417515
6.3079999999999998,0,-0.003657507645617941
6.3085000000000004,0,-0.013580178887778859
6.3090000000000002,0,-0.012309485901933393
6.3094999999999999,0,-0.011101636844955165
6.3099999999999996,0,-0.0099540196369293128
6.3105000000000002,0,-0.0088641059970100636
6.3109999999999999,0,-0.0078294510980575719
6.3114999999999997,0,-0.0068476929132125332
6.3120000000000003,0,-0.0059165512998313966
6.3125,0,-0.005033826860820878
6.3129999999999997,0,-0.0041973996186539849
6.3135000000000003,0,-0.0034052275331508675
6.3140000000000001,0,-0.0026553448903894107
6.3144999999999998,0,-0.0019458605868228119
6.3150000000000004,0,-0.001274956329768695
6.3155000000000001,0,-0.00064088477285281222
6.3159999999999998,0,-4.1967602703640861e-05
6.3164999999999996,0,0.00052340640883706828
6.3170000000000002,0,0.0010567833745208643
6.3174999999999999,0,0.0015596462726490735
6.3179999999999996,0,0.0020334169297295812
6.3185000000000002,0,0.002479457996643042
6.319,0,0.0028990749112463242
6.3194999999999997,0,0.0032935178413321274
6.3200000000000003,0,0.0036639836027453575
6.3205,0,0.0040116175482371782
6.3209999999999997,0,0.0043375154233313059
6.3215000000000003,0,0.0046427251860910899
6.3220000000000001,0,0.0049282487882200358
6.3224999999999998,0,0.005195043915409525
6.3230000000000004,0,0.005444025685274567
6.3235000000000001,0,0.0056760683015921855
6.3239999999999998,0,0.0058920066638909144
6.3244999999999996,1,0.0060926379317302829
6.3250000000000002,1,0.0062787230432658214
6.3254999999999999,0,-0.0037040504422687246
6.3259999999999996,0,-0.0136373614445919
6.3265000000000002,0,-0.01247831518818766
6.327,0,-0.011381723502145179
6.3274999999999997,0,-0.010344454443137774
6.3280000000000003,0,-0.0093635306822859588
6.3285,0,-0.0084361219748982259
6.3289999999999997,0,-0.0075595379894656031
6.3295000000000003,0,-0.0067312214792756841
6.3300000000000001,0,-0.0059487417807424616
6.3304999999999998,0,-0.0052097886232565617
6.3310000000000004,0,-0.0045121662360360524
6.3315000000000001,0,-0.0038537877381072281
6.3319999999999999,0,-0.0032326697981677754
6.3324999999999996,0,-0.0026469275516803671
6.3330000000000002,0,-0.0020947697631169991
6.3334999999999999,0,-0.0015744942218211655
6.3339999999999996,0,-0.0010844833604784277
6.3345000000000002,0,-0.0006232000856890241
6.335,0,-0.000189183810614435
6.3354999999999997,0,0.00021895331987061838
6.3360000000000003,0,0.00060253002064905028
6.3365,0,0.00096279928316528318
6.3369999999999997,0,0.0013009516258692955
6.3375000000000004,0,0.0016181181862250371
6.3380000000000001,0,0.0019153736618403693
6.3384999999999998,0,0.0021937391079251633
6.3390000000000004,0,0.002454184597949416
6.3395000000000001,0,0.0026976317540534089
6.3399999999999999,0,0.0029249561534560376
6.3404999999999996,0,0.0031369896168162879
6.3410000000000002,0,0.0033345223842235704
6.3414999999999999,0,0.0035183051842271997
6.3419999999999996,0,0.0036890512010604669
6.3425000000000002,0,0.0038474379449737082
6.343,0,0.0039941090303579731
6.3434999999999997,0,0.0041296758661209963
6.3440000000000003,0,0.0042547192625662644
6.3445,0,0.004369790958824604
6.3449999999999998,0,0.0044754150746964868
6.3455000000000004,0,0.0045720894905798334
6.3460000000000001,0,0.004660287158983545
6.3464999999999998,0,0.004740457350961058
6.3470000000000004,0,0.004813026840638379
6.3475000000000001,0,0.0048784010308611236
6.3479999999999999,0,0.0049369650228389909
6.3484999999999996,0,0.0049890846325300721
6.3490000000000002,0,0.0050351073563748797
6.3494999999999999,0,0.005075363288865287
6.3499999999999996,0,0.0051101659943148751
6.3505000000000003,0,0.0051398133350822771
6.351,0,0.0051645882583916669
6.3514999999999997,0,0.0051847595437907847
6.3520000000000003,0,0.0052005825131888894
6.3525,0,0.0052122997053225765
6.3529999999999998,0,0.00522014151640845
6.3535000000000004,0,0.0052243268086565207
6.3540000000000001,0,0.0052250634882366033
6.3544999999999998,0,0.0052225490542133542
6.3550000000000004,0,0.0052169711198911005
6.3555000000000001,0,0.0052085079079404852
6.3559999999999999,0,0.0051973287206107943
6.3564999999999996,0,0.0051835943862697633
6.3570000000000002,0,0.0051674576834506158
6.3574999999999999,0,0.0051490637435294808
6.3579999999999997,0,0.0051285504331004426
6.3585000000000003,0,0.0051060487170638382
6.359,0,0.0050816830033932779
6.3594999999999997,0,0.0050555714704995647
6.3600000000000003,0,0.0050278263780641928
6.3605,0,0.0049985543621724358
6.3609999999999998,0,0.0049678567155354127
6.3615000000000004,0,0.0049358296535503051
6.3620000000000001,0,0.0049025645669128594
6.3624999999999998,0,0.0048681482614586265
6.3630000000000004,0,0.004832663185878083
6.3635000000000002,0,0.0047961876479171717
6.3639999999999999,0,0.004758796019645295
6.3644999999999996,0,0.0047205589323433775
6.3650000000000002,0,0.0046815434615376074
6.3654999999999999,0,0.0046418133026777776
6.3659999999999997,0,0.0046014289379343824
6.3665000000000003,0,0.0045604477945652257
6.367,0,0.0045189243952794781
6.3674999999999997,0,0.0044769105010056152
6.3680000000000003,0,0.0044344552464496197
6.3685,0,0.0043916052688100617
6.3689999999999998,0,0.0043484048299987973
6.3695000000000004,0,0.0043048959326976279
6.3700000000000001,0,0.0042611184305656798
6.3704999999999998,0,0.0042171101328953185
6.3710000000000004,0,0.0041729069040003734
6.3715000000000002,0,0.0041285427576054131
6.3719999999999999,0,0.0040840499464915745
6.3724999999999996,0,0.004039459047641092
6.3730000000000002,0,0.0039947990431112414
6.3734999999999999,0,0.0039500973968557562
6.3739999999999997,0,0.0039053801277010524
6.3745000000000003,0,0.0038606718786745597
6.375,0,0.0038159959828715563
6.3754999999999997,0,0.0037713745260377963
6.3760000000000003,0,0.0037268284060364421
6.3765000000000001,0,0.0036823773893590039
6.3769999999999998,0,0.0036380401648312467
6.3775000000000004,0,0.0035938343946585348
6.3780000000000001,0,0.0035497767629463993
6.3784999999999998,0,0.0035058830218260726
6.3789999999999996,0,0.0034621680353076334
6.3795000000000002,0,0.0034186458209772507
6.3799999999999999,0,0.0033753295896487901
6.3804999999999996,0,0.003332231783074846
6.3810000000000002,0,0.0032893641098163061
6.3815,0,0.0032467375793651331
6.3819999999999997,0,0.0032043625346089288
6.3825000000000003,0,0.0031622486827230902
6.383,0,0.0031204051245700692
6.3834999999999997,0,0.0030788403826825794
6.3840000000000003,0,0.0030375624279026293
6.3845000000000001,0,0.0029965787047450563
6.3849999999999998,0,0.0029558961555507745
6.3855000000000004,0,0.0029155212434909816
6.3860000000000001,0,0.0028754599744808427
6.3864999999999998,0,0.0028357179180584003
6.3869999999999996,0,0.0027963002272805904
6.3875000000000002,0,0.002757211657686609
6.3879999999999999,0,0.0027184565853756505
6.3884999999999996,0,0.0026800390242438855
6.3890000000000002,0,0.0026419626424226349
6.3895,0,0.0026042307779586714
6.3899999999999997,0,0.0025668464537737857
6.3905000000000003,0,0.0025298123919408667
6.391,0,0.0024931310273095474
6.3914999999999997,0,0.0024568045205146881
6.3920000000000003,0,0.0024208347703982059
6.3925000000000001,0,0.0023852234258731841
6.3929999999999998,0,0.0023499718972581295
6.3935000000000004,0,0.0023150813671074743
6.3940000000000001,0,0.0022805528005630181
6.3944999999999999,0,0.0022463869552501901
6.3949999999999996,0,0.0022125843907409128
6.3955000000000002,0,0.0021791454776046272
6.3959999999999999,0,0.0021460704060671464
6.3964999999999996,0,0.0021133591942967822
6.3970000000000002,0,0.0020810116963350888
6.3975,0,0.0020490276096899796
6.3979999999999997,0,0.0020174064826069095
6.3985000000000003,0,0.0019861477210335711
6.399,0,0.0019552505952927235
6.3994999999999997,0,0.0019247142464768219
6.4000000000000004,0,0.0018945376925776248
6.4005000000000001,0,0.0018647198343630157
6.4009999999999998,0,0.0018352594610128725
6.4015000000000004,0,0.0018061552555251881
6.4020000000000001,0,0.0017774057999029313
6.4024999999999999,0,0.0017490095801315885
6.4029999999999996,0,0.001720964990957008
6.4035000000000002,0,0.0016932703404726524
6.4039999999999999,0,0.0016659238545245537
6.4044999999999996,0,0.0016389236809422835
6.4050000000000002,0,0.001612267893603614
6.4055,0,0.0015859544963401472
6.4059999999999997,0,0.001559981426690915
6.4065000000000003,0,0.0015343465595104022
6.407,0,0.0015090477104375388
6.4074999999999998,0,0.0014840826392311878
6.4080000000000004,0,0.0014594490529782566
6.4085000000000001,0,0.0014351446091792508
6.4089999999999998,0,0.0014111669187170551
6.4095000000000004,0,0.0013875135487130819
6.4100000000000001,0,0.0013641820252758507
6.4104999999999999,0,0.0013411698361462498
6.4109999999999996,0,0.001318474433243666
6.4115000000000002,0,0.001296093235116913
6.4119999999999999,0,0.0012740236293036888
6.4124999999999996,0,0.0012522629746022473
6.4130000000000003,0,0.0012308086032588594
6.4135,0,0.001209657823073762
6.4139999999999997,0,0.0011888079194294133
6.4145000000000003,0,0.0011682561572435967
6.415,0,0.0011479997828500398
6.4154999999999998,0,0.0011280360258098976
6.4160000000000004,0,0.0011083621006557575
6.4165000000000001,0,0.001088975208571441
6.4169999999999998,0,0.0010698725390094089
6.4175000000000004,0,0.0010510512712484043
6.4180000000000001,0,0.0010325085758928986
6.4184999999999999,0,0.0010142416163171132
6.4189999999999996,0,0.00099624755005489618
6.4195000000000002,0,0.00097852353013774254
6.4199999999999999,0,0.00096106670638256291
6.4204999999999997,0,0.00094387422663112504
6.4210000000000003,0,0.00092694323794219042
6.4215,0,0.0009102708877389065
6.4219999999999997,0,0.00089385432491200238
6.4225000000000003,0,0.00087769070088085095
6.423,0,0.00086177717061348687
6.4234999999999998,0,0.00084611089360703273
6.4240000000000004,0,0.00083068903482970131
6.4245000000000001,0,0.00081550876562574981
6.4249999999999998,0,0.00080056726458435092
6.4255000000000004,0,0.00078586171837383698
6.4260000000000002,0,0.00077138932254197103
6.4264999999999999,0,0.00075714728228384323
6.4269999999999996,0,0.00074313281317778257
6.4275000000000002,0,0.00072934314189084806
6.4279999999999999,0,0.00071577550685437692
6.4284999999999997,0,0.0007024271589108344
6.4290000000000003,0,0.00068929536193250711
6.4295,0,0.00067637739341336323
6.4299999999999997,0,0.0006636705450342006
6.4305000000000003,0,0.00065117212320280342
6.431,0,0.00063887944956887428
6.4314999999999998,0,0.00062678986151507574
6.4320000000000004,0,0.00061490071262499941
6.4325000000000001,0,0.00060320937312824396
6.4329999999999998,0,0.00059171323032373155
6.4335000000000004,0,0.00058040968898160901
6.4340000000000002,0,0.00056929617172445384
6.4344999999999999,0,0.00055837011938869585
6.4349999999999996,0,0.00054762899136630012
6.4355000000000002,0,0.00053707026592775264
6.4359999999999999,0,0.00052669144052642776
6.4364999999999997,0,0.00051649003208554807
6.4370000000000003,0,0.00050646357726766842
6.4375,0,0.00049660963272745167
6.4379999999999997,0,0.00048692577534815707
6.4385000000000003,0,0.00047740960246247523
6.4390000000000001,0,0.0004680587320578522
6.4394999999999998,0,0.00045887080296724836
6.4400000000000004,0,0.00044984347504533061
6.4405000000000001,0,0.00044097442933067611
6.4409999999999998,0,0.00043226136819456417
6.4414999999999996,0,0.00042370201547657914
6.4420000000000002,0,0.00041529411660755632
6.4424999999999999,0,0.00040703543871988267
6.4429999999999996,0,0.0003989237707463955
6.4435000000000002,0,0.00039095692350723523
6.444,0,0.00038313272978567347
6.4444999999999997,0,0.00037544904439299474
6.4450000000000003,0,0.00036790374422285277
6.4455,0,0.0003604947282957238
6.4459999999999997,0,0.00035321991779295735
6.4465000000000003,0,0.00034607725608178932
6.4470000000000001,0,0.0003390647087307963
6.4474999999999998,0,0.00033218026351670147
6.4480000000000004,0,0.00032542193042225389
6.4485000000000001,0,0.00031878774162600319
6.4489999999999998,0,0.00031227575148393691
6.4494999999999996,0,0.00030588403650336768
6.4500000000000002,0,0.00029961069530916041
6.4504999999999999,0,0.00029345384860297586
6.4509999999999996,0,0.00028741163911533141
6.4515000000000002,0,0.00028148223155097794
6.452,0,0.00027566381252783765
6.4524999999999997,0,0.00026995459050950245
6.4530000000000003,0,0.00026435279573197026
6.4535,0,0.00025885668012447515
6.4539999999999997,0,0.00025346451722459975
6.4545000000000003,0,0.00024817460208829132
6.4550000000000001,0,0.00024298525119458291
6.4554999999999998,0,0.00023789480234530646
6.4560000000000004,0,0.00023290161456025472
6.4565000000000001,0,0.00022800406796776861
6.4569999999999999,0,0.00022320056369088404
6.4574999999999996,0,0.00021848952372927055
6.4580000000000002,0,0.00021386939083748447
6.4584999999999999,0,0.00020933862839893623
6.4589999999999996,0,0.00020489572029691594
6.4595000000000002,0,0.00020053917078145523
6.46,0,0.00019626750433333618
6.4604999999999997,0,0.00019207926552492483
6.4610000000000003,0,0.00018797301887776285
6.4615,0,0.00018394734871776119
6.4619999999999997,0,0.00018000085902732942
6.4625000000000004,0,0.00017613217329539576
6.4630000000000001,0,0.00017233993436456264
6.4634999999999998,0,0.00016862280427628606
6.4640000000000004,0,0.00016497946411409004
6.4645000000000001,0,0.00016140861384447147
6.4649999999999999,0,0.00015790897215616216
6.4654999999999996,0,0.00015447927629764769
6.4660000000000002,0,0.00015111828191293196
6.4664999999999999,0,0.00014782476287608092
6.4669999999999996,0,0.00014459751112404494
6.4675000000000002,0,0.00014143533648856011
6.468,0,0.00013833706652665033
6.4684999999999997,0,0.00013530154635011949
6.4690000000000003,0,0.00013232763845415495
6.4695,0,0.00012941422254502121
6.4699999999999998,0,0.00012656019536703145
6.4705000000000004,0,0.00012376447052887541
6.4710000000000001,0,0.00012102597832921446
6.4714999999999998,0,0.00011834366558198806
6.4720000000000004,0,0.00011571649544117601
6.4725000000000001,0,0.00011314344722538339
6.4729999999999999,0,0.00011062351624203659
6.4734999999999996,0,0.00010815571361144638
6.4740000000000002,0,0.00010573906609080419
6.4744999999999999,0,0.00010337261589815627
6.4749999999999996,0,0.00010105542053646665
6.4755000000000003,0,9.8786552617746715e-05
6.476,0,9.6565099687406788e-05
6.4764999999999997,0,9.4390164048785416e-05
6.4770000000000003,0,9.2260862588011694e-05
6.4775,0,9.0176326599311626e-05
6.4779999999999998,0,8.8135701610692066e-05
6.4785000000000004,0,8.613814721005752e-05
6.4790000000000001,0,8.4182836871748984e-05
6.4794999999999998,0,8.2268957784137339e-05
6.4800000000000004,0,8.0395710677183543e-05
6.4805000000000001,0,7.8562309651242226e-05
6.4809999999999999,0,7.6767982006176183e-05
6.4814999999999996,0,7.5011968071481136e-05
6.4820000000000002,0,7.3293521037220982e-05
6.4824999999999999,0,7.1611906785606919e-05
6.4829999999999997,0,6.9966403723653589e-05
6.4835000000000003,0,6.8356302616690015e-05
6.484,0,6.6780906422780889e-05
6.4844999999999997,0,6.5239530128358153e-05
6.4850000000000003,0,6.3731500584440765e-05
6.4855,0,6.2256156344342456e-05
6.4859999999999998,0,6.0812847502178523e-05
6.4865000000000004,0,5.9400935532794022e-05
6.4870000000000001,0,5.8019793132380039e-05
6.4874999999999998,0,5.6668804060555632e-05
6.4880000000000004,0,5.5347362983682036e-05
6.4885000000000002,0,5.4054875319153871e-05
6.4889999999999999,0,5.2790757081111474e-05
6.4894999999999996,0,5.1554434727152376e-05
6.4900000000000002,0,5.0345345006719279e-05
6.4904999999999999,0,4.9162934810287326e-05
6.4909999999999997,0,4.8006661020350003e-05
6.4915000000000003,0,4.6875990363104413e-05
6.492,0,4.5770399262223818e-05
6.4924999999999997,0,4.4689373693262978e-05
6.4930000000000003,0,4.3632409039873199e-05
6.4935,0,4.2599009951171943e-05
6.4939999999999998,0,4.1588690200555775e-05
6.4945000000000004,0,4.0600972545845605e-05
6.4950000000000001,0,3.9635388591008346e-05
6.4954999999999998,0,3.8691478648966714e-05
6.4960000000000004,0,3.7768791606107577e-05
6.4965000000000002,0,3.6866884788000484e-05
6.4969999999999999,0,3.5985323826781547e-05
6.4974999999999996,0,3.5123682529525359e-05
6.4980000000000002,0,3.4281542748582086e-05
6.4984999999999999,0,3.3458494252913693e-05
6.4989999999999997,0,3.265413460113997e-05
6.4995000000000003,0,3.186806901579464e-05
6.5,0,3.1099910259235752e-05
6.5004999999999997,0,3.0349278510832801e-05
6.5010000000000003,0,2.9615801245574948e-05
6.5015000000000001,0,2.8899113114289056e-05
6.5019999999999998,0,2.8198855825134485e-05
6.5025000000000004,0,2.7514678026496765e-05
6.5030000000000001,0,2.6846235191479993e-05
6.5034999999999998,0,2.6193189503731505e-05
6.5039999999999996,0,2.5555209744587694e-05
6.5045000000000002,0,2.4931971181740841e-05
6.5049999999999999,0,2.4323155459460288e-05
6.5054999999999996,0,2.3728450489846063e-05
6.5060000000000002,0,2.314755034583671e-05
6.5065,0,2.2580155155516036e-05
6.5069999999999997,0,2.2025970997696653e-05
6.5075000000000003,0,2.1484709798935685e-05
6.508,0,2.0956089232015972e-05
6.5084999999999997,0,2.0439832615770646e-05
6.5090000000000003,0,1.9935668816228878e-05
6.5095000000000001,0,1.944333214902727e-05
6.5099999999999998,0,1.8962562283353358e-05
6.5105000000000004,0,1.8493104147143669e-05
6.5110000000000001,0,1.8034707833580744e-05
6.5114999999999998,0,1.7587128508844695e-05
6.5119999999999996,0,1.715012632146351e-05
6.5125000000000002,0,1.6723466312584811e-05
6.5129999999999999,0,1.6306918327757546e-05
6.5134999999999996,0,1.5900256930045931e-05
6.5140000000000002,0,1.5503261314220307e-05
6.5145,0,1.5115715222369097e-05
6.5149999999999997,0,1.4737406860698687e-05
6.5155000000000003,0,1.4368128817521253e-05
6.516,0,1.4007677982641464e-05
6.5164999999999997,0,1.3655855467842315e-05
6.5170000000000003,0,1.331246652842566e-05
6.5175000000000001,0,1.2977320486262655e-05
6.5179999999999998,0,1.2650230653843409e-05
6.5185000000000004,0,1.2331014259603368e-05
6.5190000000000001,0,1.2019492374271134e-05
6.5194999999999999,0,1.1715489838315386e-05
6.5199999999999996,0,1.1418835190890596e-05
6.5205000000000002,0,1.1129360599559935e-05
6.5209999999999999,0,1.0846901791239372e-05
6.5214999999999996,0,1.0571297984229843e-05
6.5220000000000002,0,1.0302391821526146e-05
6.5225,0,1.0040029304825282e-05
6.5229999999999997,0,9.7840597299225781e-06
6.5235000000000003,0,9.5343356230959134e-06
6.524,0,9.2907126784558251e-06
6.5244999999999997,0,9.0530496963947549e-06
6.5250000000000004,0,8.8212085230909849e-06
6.5255000000000001,0,8.5950539908008487e-06
6.5259999999999998,0,8.3744538595165178e-06
6.5265000000000004,0,8.1592787592121848e-06
6.5270000000000001,0,7.9494021333892384e-06
6.5274999999999999,0,7.7447001833763622e-06
6.5279999999999996,0,7.5450518136288555e-06
6.5285000000000002,0,7.3503385781048539e-06
6.5289999999999999,0,7.1604446272632852e-06
6.5294999999999996,0,6.9752566563052735e-06
6.5300000000000002,0,6.7946638540261613e-06
6.5305,0,6.6185578527666601e-06
6.5309999999999997,0,6.4468326791966568e-06
6.5315000000000003,0,6.2793847058872919e-06
6.532,0,6.1161126037379002e-06
6.5324999999999998,0,5.9569172953133355e-06
6.5330000000000004,0,5.8017019091249898e-06
6.5335000000000001,0,5.6503717343447944e-06
6.5339999999999998,0,5.5028341767293652e-06
6.5345000000000004,0,5.358998715188079e-06
6.5350000000000001,0,5.2187768591172022e-06
6.5354999999999999,0,5.0820821063668475e-06
6.5359999999999996,0,4.9488299023847658e-06
6.5365000000000002,0,4.8189375996599008e-06
6.5369999999999999,0,4.6923244181540366e-06
6.5374999999999996,0,4.5689114064439982e-06
6.5380000000000003,0,4.4486214034300529e-06
6.5385,0,4.3313790010213182e-06
6.5389999999999997,0,4.2171105071986402e-06
6.5395000000000003,0,4.1057439100433687e-06
6.54,0,3.9972088422768334e-06
6.5404999999999998,0,3.8914365465436697e-06
6.5410000000000004,0,3.7883598412613574e-06
6.5415000000000001,0,3.6879130872691236e-06
6.5419999999999998,0,3.5900321549542367e-06
6.5425000000000004,0,3.4946543920333362e-06
6.5430000000000001,0,3.4017185920665049e-06
6.5434999999999999,0,3.311164963415436e-06
6.5439999999999996,0,3.2229350989010365e-06
6.5445000000000002,0,3.1369719460716538e-06
6.5449999999999999,0,3.0532197779598034e-06
6.5454999999999997,0,2.9716241644051067e-06
6.5460000000000003,0,2.8921319440100569e-06
6.5465,0,2.8146911965620802e-06
6.5469999999999997,0,2.7392512162216497e-06
6.5475000000000003,0,2.6657624847326033e-06
6.548,0,2.594176645842605e-06
6.5484999999999998,0,2.5244464795792787e-06
6.5490000000000004,0,2.4565258775477439e-06
6.5495000000000001,0,2.3903698183946886e-06
6.5499999999999998,0,2.3259343438497559e-06
6.5505000000000004,0,2.2631765353331447e-06
6.5510000000000002,0,2.2020544909295834e-06
6.5514999999999999,0,2.1425273028841118e-06
6.5519999999999996,0,2.0845550355530485e-06
6.5525000000000002,0,2.0280987036769282e-06
6.5529999999999999,0,1.9731202513417758e-06
6.5534999999999997,0,1.9195825311069113e-06
6.5540000000000003,0,1.8674492836989742e-06
6.5545,0,1.8166851181611321e-06
6.5549999999999997,0,1.7672554922798511e-06
6.5555000000000003,0,1.7191266935445703e-06
6.556,0,1.6722658204182394e-06
6.5564999999999998,0,1.6266407639298209e-06
6.5570000000000004,0,1.5822201898219035e-06
6.5575000000000001,0,1.5389735209869747e-06
6.5579999999999998,0,1.4968709201923502e-06
6.5585000000000004,0,1.4558832733380101e-06
6.5590000000000002,0,1.4159821728809695e-06
6.5594999999999999,0,1.3771399016704322e-06
6.5599999999999996,0,1.3393294172936442e-06
6.5605000000000002,0,1.3025243363995465e-06
6.5609999999999999,0,1.2666989197551715e-06
6.5614999999999997,0,1.2318280572243268e-06
6.5620000000000003,0,1.197887253467922e-06
6.5625,0,1.1648526135665803e-06
6.5629999999999997,0,1.1327008292871809e-06
6.5635000000000003,0,1.1014091652938872e-06
6.5640000000000001,0,1.0709554460253123e-06
6.5644999999999998,0,1.0413180425716817e-06
6.5650000000000004,0,1.0124758599627802e-06
6.5655000000000001,0,9.8440832474455675e-07
6.5659999999999998,0,9.5709537272226082e-07
6.5664999999999996,0,9.3051743706995536e-07
6.5670000000000002,0,9.0465543667317405e-07
6.5674999999999999,0,8.7949076469362455e-07
6.5679999999999996,0,8.5500527737814023e-07
6.5685000000000002,0,8.3118128320069933e-07
6.569,0,8.0800153211546539e-07
6.5694999999999997,0,7.854492051317941e-07
6.5700000000000003,0,7.6350790420010026e-07
6.5705,0,7.4216164205331834e-07
6.5709999999999997,0,7.2139483261457469e-07
6.5715000000000003,0,7.0119228127163426e-07
6.5720000000000001,0,6.815391756176403e-07
6.5724999999999998,0,6.6242107641389938e-07
6.5730000000000004,0,6.4382390853046094e-07
6.5735000000000001,0,6.2573395228637805e-07
6.5739999999999998,0,6.0813783478996799e-07
6.5744999999999996,0,5.9102252183418356e-07
6.5750000000000002,0,5.743753095366344e-07
6.5754999999999999,0,5.581838165791275e-07
6.5759999999999996,0,5.4243597610303949e-07
6.5765000000000002,0,5.2712002845956007e-07
6.577,0,5.1222451349364204e-07
6.5774999999999997,0,4.9773826343857408e-07
6.5780000000000003,0,4.836503957772464e-07
6.5785,0,4.6995030617003053e-07
6.5789999999999997,0,4.5662766192666735e-07
6.5795000000000003,0,4.4367239514508939e-07
6.5800000000000001,0,4.3107469633874017e-07
6.5804999999999998,0,4.1882500814161003e-07
6.5810000000000004,0,4.0691401901327142e-07
6.5815000000000001,0,3.9533265725477664e-07
6.5819999999999999,0,3.8407208525770286e-07
6.5824999999999996,0,3.731236935200499e-07
6.5830000000000002,0,3.6247909511732957e-07
6.5834999999999999,0,3.521301201958593e-07
6.5839999999999996,0,3.4206881062148752e-07
6.5845000000000002,0,3.3228741471713617e-07
6.585,0,3.2277838215577501e-07
6.5854999999999997,0,3.1353435893111125e-07
6.5860000000000003,0,3.0454818257252824e-07
6.5865,0,2.958128771823887e-07
6.5869999999999997,0,2.873216490062447e-07
6.5875000000000004,0,2.7906788172549215e-07
6.5880000000000001,0,2.7104513199427417e-07
6.5884999999999998,0,2.6324712532055372e-07
6.5890000000000004,0,2.5566775164742593e-07
6.5895000000000001,0,2.4830106123419069e-07
6.5899999999999999,0,2.4114126065954979e-07
6.5904999999999996,0,2.3418270893582617e-07
6.5910000000000002,0,2.274199135898769e-07
6.5914999999999999,0,2.2084752692164146e-07
6.5919999999999996,0,2.1446034237371236e-07
6.5925000000000002,0,2.0825329097862166e-07
6.593,0,2.0222143786163828e-07
6.5934999999999997,0,1.9635997872136102e-07
6.5940000000000003,0,1.9066423662117415e-07
6.5945,0,1.8512965880290721e-07
6.5949999999999998,0,1.7975181345608605e-07
6.5955000000000004,0,1.7452638655379716e-07
6.5960000000000001,0,1.6944917897721011e-07
6.5964999999999998,0,1.6451610346246426e-07
6.5970000000000004,0,1.5972318186951995e-07
6.5975000000000001,0,1.5506654220676098e-07
6.5979999999999999,0,1.5054241611078823e-07
6.5984999999999996,0,1.4614713595983985e-07
6.5990000000000002,0,1.4187713250901624e-07
6.5994999999999999,0,1.3772893215913128e-07
6.5999999999999996,0,1.3369915463634641e-07
6.6005000000000003,0,1.2978451049416862e-07
6.601,0,1.2598179871536885e-07
6.6014999999999997,0,1.2228790463586492e-07
6.6020000000000003,0,1.1869979746892411e-07
6.6025,0,1.1521452818463729e-07
6.6029999999999998,0,1.1182922753372182e-07
6.6035000000000004,0,1.0854110380487114e-07
6.6040000000000001,0,1.0534744083745551e-07
6.6044999999999998,0,1.0224559604532502e-07
6.6050000000000004,0,9.9232998596043842e-08
6.6055000000000001,0,9.6307147445795499e-08
6.6059999999999999,0,9.3465609518617041e-08
6.6064999999999996,0,9.070601790783783e-08
6.6070000000000002,0,8.8026070144131549e-08
6.6074999999999999,0,8.5423526607897321e-08
6.6079999999999997,0,8.2896208741800595e-08
6.6085000000000003,0,8.0441997496460968e-08
6.609,0,7.8058831776139923e-08
6.6094999999999997,0,7.5744706862224126e-08
6.6100000000000003,0,7.349767300324217e-08
6.6105,0,7.1315833760632335e-08
6.6109999999999998,0,6.9197344954030624e-08
6.6115000000000004,0,6.7140412962629628e-08
6.6120000000000001,0,6.5143293492830881e-08
6.6124999999999998,0,6.3204290301488442e-08
6.6130000000000004,0,6.1321753819232322e-08
6.6135000000000002,0,5.9494080018041017e-08
6.6139999999999999,0,5.7719709134484989e-08
6.6144999999999996,0,5.5997124492890293e-08
6.6150000000000002,0,5.43248513729111e-08
6.6154999999999999,0,5.2701455810488795e-08
6.6159999999999997,0,5.1125543687469133e-08
6.6165000000000003,0,4.9595759499254655e-08
6.617,0,4.811078535560398e-08
6.6174999999999997,0,4.6669340014737773e-08
6.6180000000000003,0,4.5270177839729089e-08
6.6185,0,4.3912087877018279e-08
6.6189999999999998,0,4.2593892923825652e-08
6.6195000000000004,0,4.1314448551155179e-08
6.6200000000000001,0,4.0072642326638433e-08
6.6204999999999998,0,3.8867392893049414e-08
6.6210000000000004,0,3.7697649091228415e-08
6.6215000000000002,0,3.6562389238437023e-08
6.6219999999999999,0,3.5460620206873014e-08
6.6224999999999996,0,3.4391376768638791e-08
6.6230000000000002,0,3.3353720763074081e-08
6.6234999999999999,0,3.2346740375110984e-08
6.6239999999999997,0,3.1369549402526786e-08
6.6245000000000003,0,3.0421286623116826e-08
6.625,0,2.9501114984231692e-08
6.6254999999999997,0,2.8608221125381306e-08
6.6260000000000003,0,2.774181460107883e-08
6.6265000000000001,0,2.6901127270217984e-08
6.6269999999999998,0,2.6085412718757084e-08
6.6275000000000004,0,2.5293945593585222e-08
6.6280000000000001,0,2.4526021114024132e-08
6.6284999999999998,0,2.378095448341e-08
6.6289999999999996,0,2.3058080289573012e-08
6.6295000000000002,0,2.2356752005237013e-08
6.6299999999999999,0,2.1676341499521357e-08
6.6304999999999996,0,2.1016238471727178e-08
6.6310000000000002,0,2.0375849985043716e-08
6.6315,0,1.9754599989152412e-08
6.6319999999999997,0,1.9151928887239932e-08
6.6325000000000003,0,1.8567292969784433e-08
6.633,0,1.8000164114795326e-08
6.6334999999999997,0,1.745002926600847e-08
6.6340000000000003,0,1.6916390022103655e-08
6.6345000000000001,0,1.6398762270330992e-08
6.6349999999999998,0,1.5896675753523937e-08
6.6355000000000004,0,1.5409673714827931e-08
6.6360000000000001,0,1.4937312453611184e-08
6.6364999999999998,0,1.4479161036806687e-08
6.6369999999999996,0,1.4034800921436386e-08
6.6375000000000002,0,1.3603825610442045e-08
6.6379999999999999,0,1.3185840264107184e-08
6.6384999999999996,0,1.2780461455808024e-08
6.6390000000000002,0,1.2387316794537639e-08
6.6395,0,1.2006044625145762e-08
6.6399999999999997,0,1.1636293772987471e-08
6.6405000000000003,0,1.1277723166447373e-08
6.641,0,1.0930001614894991e-08
6.6414999999999997,0,1.0592807508924552e-08
6.6420000000000003,0,1.0265828576105918e-08
6.6425000000000001,0,9.948761570122144e-09
6.6429999999999998,0,9.6413120487248708e-09
6.6435000000000004,0,9.3431941294852553e-09
6.6440000000000001,0,9.05413020113599e-09
6.6444999999999999,0,8.7738507792423096e-09
6.6449999999999996,0,8.5020941731350771e-09
6.6455000000000002,0,8.2386063637862599e-09
6.6459999999999999,0,7.9831406818442471e-09
6.6464999999999996,0,7.7354576744070862e-09
6.6470000000000002,0,7.4953248940801128e-09
6.6475,0,7.2625166436246502e-09
6.6479999999999997,0,7.0368138649357094e-09
6.6485000000000003,0,6.8180038947929235e-09
6.649,0,6.605880276122633e-09
6.6494999999999997,0,6.4002426358733547e-09
6.6500000000000004,0,6.2008964629711727e-09
6.6505000000000001,0,6.0076529195818294e-09
6.6509999999999998,0,5.8203287744973409e-09
6.6515000000000004,0,5.6387461366824709e-09
6.6520000000000001,0,5.46273235535466e-09
6.6524999999999999,0,5.2921198756550328e-09
6.6529999999999996,0,5.1267460721149403e-09
6.6535000000000002,0,4.9664531043269736e-09
6.6539999999999999,0,4.8110877837181928e-09
6.6544999999999996,0,4.6605014403233726e-09
6.6550000000000002,0,4.5145498117626918e-09
6.6555,0,4.373092921117205e-09
6.6559999999999997,0,4.2359948881909304e-09
6.6565000000000003,0,4.1031238406930015e-09
6.657,0,3.9743518809309816e-09
6.6574999999999998,0,3.8495548415617975e-09
6.6580000000000004,0,3.728612274489507e-09
6.6585000000000001,0,3.6114072954340772e-09
6.6589999999999998,0,3.4978264840113129e-09
6.6595000000000004,0,3.3877597949150129e-09
6.6600000000000001,0,3.28110049130359e-09
6.6604999999999999,0,3.1777449560621562e-09
6.6609999999999996,0,3.0775926918025222e-09
6.6615000000000002,0,2.9805461765342046e-09
6.6619999999999999,0,2.8865108414599661e-09
6.6624999999999996,0,2.7953949044423608e-09
6.6630000000000003,0,2.7071093255948144e-09
6.6635,0,2.6215677517704707e-09
6.6639999999999997,0,2.5386863722332009e-09
6.6645000000000003,0,2.4583839075553725e-09
6.665,0,2.3805815319022371e-09
6.6654999999999998,0,2.3052027620096284e-09
6.6660000000000004,0,2.2321734016728103e-09
6.6665000000000001,0,2.1614214862353265e-09
6.6669999999999998,0,2.0928772492823098e-09
6.6675000000000004,0,2.0264729672092586e-09
6.6680000000000001,0,1.9621429592220354e-09
6.6684999999999999,0,1.8998235762346383e-09
6.6689999999999996,0,1.8394530232335172e-09
6.6695000000000002,0,1.7809714147887235e-09
6.6699999999999999,0,1.7243206307249181e-09
6.6704999999999997,0,1.669444305019141e-09
6.6710000000000003,0,1.6162878369030409e-09
6.6715,0,1.5647981910227315e-09
6.6719999999999997,0,1.5149240084610938e-09
6.6725000000000003,0,1.4666154291020917e-09
6.673,0,1.4198241360396935e-09
6.6734999999999998,0,1.3745032778622602e-09
6.6740000000000004,0,1.3306073909369332e-09
6.6745000000000001,0,1.2880924105118652e-09
6.6749999999999998,0,1.2469156152050687e-09
6.6755000000000004,0,1.2070355714932646e-09
6.6760000000000002,0,1.1684121115074219e-09
6.6764999999999999,0,1.1310062775216068e-09
6.6769999999999996,0,1.0947803330552119e-09
6.6775000000000002,0,1.0596976518506552e-09
6.6779999999999999,0,1.0257227289756088e-09
6.6784999999999997,0,9.9282115861853981e-10
6.6790000000000003,0,9.6095957857755825e-10
6.6795,0,9.3010562585149616e-10
6.6799999999999997,0,9.0022794774213821e-10
6.6805000000000003,0,8.7129616854753069e-10
6.681,0,8.4328078964190918e-10
6.6814999999999998,0,8.1615325608908051e-10
6.6820000000000004,0,7.8988587892681039e-10
6.6825000000000001,0,7.6445180186013319e-10
6.6829999999999998,0,7.3982502346581218e-10
6.6835000000000004,0,7.1598030837449753e-10
6.6840000000000002,0,6.928932094751872e-10
6.6844999999999999,0,6.7054001240407501e-10
6.6849999999999996,0,6.4889776885124206e-10
6.6855000000000002,0,6.2794421884504461e-10
6.6859999999999999,0,6.076577907521141e-10
6.6864999999999997,0,5.8801755686843647e-10
6.6870000000000003,0,5.6900324452158198e-10
6.6875,0,5.5059522496847539e-10
6.6879999999999997,0,5.3277445788424418e-10
6.6885000000000003,0,5.1552249136221915e-10
6.6890000000000001,0,4.9882145081170395e-10
6.6894999999999998,0,4.82654005651284e-10
6.6900000000000004,0,4.6700336930882717e-10
6.6905000000000001,0,4.5185325481256198e-10
6.6909999999999998,0,4.3718790809776921e-10
6.6914999999999996,0,4.229920524956299e-10
6.6920000000000002,0,4.0925088873322577e-10
6.6924999999999999,0,3.9595005052461829e-10
6.6929999999999996,0,3.8307563787753908e-10
6.6935000000000002,0,3.7061419488892965e-10
6.694,0,3.5855266533602046e-10
6.6944999999999997,0,3.4687840377856104e-10
6.6950000000000003,0,3.3557915335435948e-10
6.6955,0,3.2464303467705236e-10
6.6959999999999997,0,3.1405856804056499e-10
6.6965000000000003,0,3.0381461790796036e-10
6.6970000000000001,0,2.9390037070697874e-10
6.6974999999999998,0,2.8430537923895829e-10
6.6980000000000004,0,2.7501949606545394e-10
6.6985000000000001,0,2.6603292901938859e-10
6.6989999999999998,0,2.573361412849806e-10
6.6994999999999996,0,2.4891992911335591e-10
6.7000000000000002,0,2.4077538851585699e-10
6.7004999999999999,0,2.3289385975289177e-10
6.7009999999999996,0,2.2526697174285459e-10
6.7015000000000002,0,2.1788661985766566e-10
6.702,0,2.1074494371831065e-10
6.7024999999999997,0,2.0383431609261038e-10
6.7030000000000003,0,1.9714739840637207e-10
6.7035,0,1.9067702972108691e-10
6.7039999999999997,0,1.844163044495417e-10
6.7045000000000003,0,1.7835851684466774e-10
6.7050000000000001,0,1.724971832040012e-10
6.7054999999999998,0,1.668260196652227e-10
6.7060000000000004,0,1.6133895330838756e-10
6.7065000000000001,0,1.5603006664477447e-10
6.7069999999999999,0,1.5089366423026718e-10
6.7074999999999996,0,1.4592422825643326e-10
6.7080000000000002,0,1.4111639634606377e-10
6.7084999999999999,0,1.3646499485986395e-10
6.7089999999999996,0,1.3196500558976255e-10
6.7095000000000002,0,1.2761155465668139e-10
6.71,0,1.2339993471499611e-10
6.7104999999999997,0,1.1932558274807548e-10
6.7110000000000003,0,1.1538409117051174e-10
6.7115,0,1.1157119672589033e-10
6.7119999999999997,0,1.0788272497563866e-10
6.7125000000000004,0,1.0431471242355883e-10
6.7130000000000001,0,1.008632399823739e-10
6.7134999999999998,0,9.7524588404951376e-11
6.7140000000000004,0,9.4295105057540246e-11
6.7145000000000001,0,9.1171248328691942e-11
6.7149999999999999,0,8.8149643140411629e-11
6.7154999999999996,0,8.5226947721395161e-11
6.7160000000000002,0,8.2399997936022368e-11
6.7164999999999999,0,7.9665674057594058e-11
6.7169999999999996,0,7.7021000688404229e-11
6.7175000000000002,0,7.4463069044128355e-11
6.718,0,7.1989059158283913e-11
6.7184999999999997,0,6.9596262086690788e-11
6.7190000000000003,0,6.7282068805241124e-11
6.7195,0,6.5043892494287553e-11
6.7199999999999998,0,6.2879290663175885e-11
6.7205000000000004,0,6.0785876332403177e-11
6.7210000000000001,0,5.8761340238078216e-11
6.7214999999999998,0,5.6803428627461015e-11
6.7220000000000004,0,5.4909998770114042e-11
6.7225000000000001,0,5.3078930140060265e-11
6.7229999999999999,0,5.1308213233625109e-11
6.7234999999999996,0,4.9595882956054993e-11
6.7240000000000002,0,4.794002972374756e-11
6.7244999999999999,0,4.6338821668712171e-11
6.7249999999999996,0,4.479046022964894e-11
6.7255000000000003,0,4.3293224560869704e-11
6.726,0,4.184548263452825e-11
6.7264999999999997,0,4.0445591320548147e-11
6.7270000000000003,0,3.9091974102234418e-11
6.7275,0,3.7783154382964315e-11
6.7279999999999998,0,3.651765556611508e-11
6.7285000000000004,0,3.5294056566215201e-11
6.7290000000000001,0,3.4110980706714147e-11
6.7294999999999998,0,3.2967106822212598e-11
6.7300000000000004,0,3.1861158156232249e-11
6.7305000000000001,0,3.0791891258985517e-11
6.7309999999999999,0,2.9758107089605802e-11
6.7314999999999996,0,2.8758628811687005e-11
6.7320000000000002,0,2.7792357304434744e-11
6.7324999999999999,0,2.6858182344824399e-11
6.7329999999999997,0,2.5955049220982572e-11
6.7335000000000003,0,2.5081936527726612e-11
6.734,0,2.4237856166564599e-11
6.7344999999999997,0,2.3421875550155846e-11
6.7350000000000003,0,2.2633050988929426e-11
6.7355,0,2.1870516508926131e-11
6.7359999999999998,0,2.1133372829496011e-11
6.7365000000000004,0,2.0420809487831092e-11
6.7370000000000001,0,1.9732004918893154e-11
6.7374999999999998,0,1.9066170864334707e-11
6.7380000000000004,0,1.8422552372499013e-11
6.7385000000000002,0,1.7800438900650307e-11
6.7389999999999999,0,1.7199086599362091e-11
6.7394999999999996,0,1.6617840437049837e-11
6.7400000000000002,0,1.605600097320803e-11
6.7404999999999999,0,1.5512946482942881e-11
6.7409999999999997,0,1.4988066343590845e-11
6.7415000000000003,0,1.4480761034718626e-11
6.742,0,1.3990442138123171e-11
6.7424999999999997,0,1.3516532337831678e-11
6.7430000000000003,0,1.3058498726792322e-11
6.7435,0,1.2615819500183533e-11
6.7439999999999998,0,1.2187983955413984e-11
6.7445000000000004,0,1.1774503594352837e-11
6.7450000000000001,0,1.1374889918869257e-11
6.7454999999999998,0,1.0988698839753396e-11
6.7460000000000004,0,1.0615475165565158e-11
6.7465000000000002,0,1.0254785909324937e-11
6.7469999999999999,0,9.9062313907438686e-12
6.7474999999999996,0,9.5693897250725961e-12
6.7480000000000002,0,9.2438834364827471e-12
6.7484999999999999,0,8.9293350491459481e-12
6.7489999999999997,0,8.6253559850035802e-12
6.7495000000000003,0,8.3316242793785029e-12
6.75,0,8.0477846609028347e-12
6.7504999999999997,0,7.7735151648994367e-12
6.7510000000000003,0,7.508482724460918e-12
6.7515000000000001,0,7.2523986816008804e-12
6.7519999999999998,0,7.0049521738724252e-12
6.7525000000000004,0,6.7658545432891516e-12
6.7530000000000001,0,6.5348393363251487e-12
6.7534999999999998,0,6.3116178949940149e-12
6.7539999999999996,0,6.0959459702303322e-12
6.7545000000000002,0,5.8875571085081903e-12
6.7549999999999999,0,5.6862181629924182e-12
6.7554999999999996,0,5.4916959868478446e-12
6.7560000000000002,0,5.3037685354695439e-12
6.7565,0,5.1221804575618535e-12
6.7569999999999997,0,4.9467541174408326e-12
6.7575000000000003,0,4.7772785727318025e-12
6.758,0,4.613531778829838e-12
6.7584999999999997,0,4.4553361000509993e-12
6.7590000000000003,0,4.3025250029415926e-12
6.7595000000000001,0,4.1548875451269397e-12
6.7599999999999998,0,4.0122682953835923e-12
6.7605000000000004,0,3.8744896180276104e-12
6.7610000000000001,0,3.7413738773750541e-12
6.7614999999999998,0,3.6128100511234606e-12
6.7619999999999996,0,3.4885982991283981e-12
6.7625000000000002,0,3.3686164968571574e-12
6.7629999999999999,0,3.252709213086291e-12
6.7634999999999996,0,3.140743221052844e-12
6.7640000000000002,0,3.0326074984543538e-12
6.7645,0,2.928146614067373e-12
6.7649999999999997,0,2.827260647819685e-12
6.7655000000000003,0,2.7298052707180888e-12
6.766,0,2.6356694604601216e-12
6.7664999999999997,0,2.5447310925130752e-12
6.7670000000000003,0,2.4569013490349788e-12
6.7675000000000001,0,2.3720803099536169e-12
6.7679999999999998,0,2.2901569529665268e-12
6.7685000000000004,0,2.2110202557712453e-12
6.7690000000000001,0,2.1345925027560498e-12
6.7694999999999999,0,2.0607848760789695e-12
6.7699999999999996,0,1.9894863534375418e-12
6.7705000000000002,0,1.9206414236805356e-12
6.7709999999999999,0,1.8541501667357353e-12
6.7714999999999996,0,1.78992376476117e-12
6.7720000000000002,0,1.7279067066056087e-12
6.7725,0,1.6680101744270815e-12
6.7729999999999997,0,1.6101786570743571e-12
6.7735000000000003,0,1.5543233367054654e-12
6.774,0,1.5003775999389291e-12
6.7744999999999997,0,1.4482859356235167e-12
6.7750000000000004,0,1.3979817303777508e-12
6.7755000000000001,0,1.3493983708201539e-12
6.7759999999999998,0,1.3024914480297411e-12
6.7765000000000004,0,1.2571832463947886e-12
6.7770000000000001,0,1.2134404592245574e-12
6.7774999999999999,0,1.1712075753678163e-12
6.7779999999999996,0,1.1304179814430881e-12
6.7785000000000002,0,1.0910383707596339e-12
6.7789999999999999,0,1.0530132321662223e-12
6.7794999999999996,0,1.0162981567418683e-12
6.7800000000000002,0,9.8084873556558713e-13
6.7805,0,9.4662055971639343e-13
6.7809999999999997,0,9.1355811804305635e-13
6.7815000000000003,0,8.8165030831532929e-13
6.782,0,8.508416193819812e-13
6.7824999999999998,0,8.2110984678251949e-13
6.7830000000000004,0,7.92399479365713e-13
6.7835000000000001,0,7.6467721044082286e-13
6.7839999999999998,0,7.3792083554735659e-13
6.7845000000000004,0,7.1207484353408292e-13
6.7850000000000001,0,6.8712813217075567e-13
6.7854999999999999,0,6.6304739476663597e-13
6.7859999999999996,0,6.3978822240073894e-13
6.7865000000000002,0,6.1733951284281829e-13
6.7869999999999999,0,5.9567906163238145e-13
6.7874999999999996,0,5.7476245984844354e-13
6.7880000000000003,0,5.5456750303051198e-13
6.7885,0,5.3507198671809419e-13
6.7889999999999997,0,5.1625370645069779e-13
6.7895000000000003,0,4.9809045776783019e-13
6.79,0,4.8056003620899901e-13
6.7904999999999998,0,4.6362913508346537e-13
6.7910000000000004,0,4.4728665216098309e-13
6.7915000000000001,0,4.3151038298105957e-13
6.7919999999999998,0,4.1628922531344869e-13
6.7925000000000004,0,4.015898724674116e-13
6.7930000000000001,0,3.8740122221270213e-13
6.7934999999999999,0,3.7372327454932017e-13
6.7939999999999996,0,3.6050051832603457e-13
6.7945000000000002,0,3.4774405577309151e-13
6.7949999999999999,0,3.3543168242999857e-13
6.7954999999999997,0,3.235411938362631e-13
6.7960000000000003,0,3.1206148776163902e-13
6.7965,0,3.0099256420612618e-13
6.7969999999999997,0,2.9031221870923219e-13
6.7975000000000003,0,2.7999824681046448e-13
6.798,0,2.7005064850982309e-13
6.7984999999999998,0,2.6044721934681548e-13
6.7990000000000004,0,2.5117685709119543e-13
6.7995000000000001,0,2.4223956174296292e-13
6.7999999999999998,0,2.3361312884162542e-13
6.8005000000000004,0,2.2528645615693677e-13
6.8010000000000002,0,2.1724844145865063e-13
6.8014999999999999,0,2.094879825165208e-13
6.8019999999999996,0,2.0199397710030099e-13
6.8025000000000002,0,1.9475532297974497e-13
6.8029999999999999,0,1.8778312238509899e-13
6.8034999999999997,0,1.8105517085587052e-13
6.8040000000000003,0,1.7456036616181336e-13
6.8045,0,1.6829870830292749e-13
6.8049999999999997,0,1.6224799281872039e-13
6.8055000000000003,0,1.5641932193943832e-13
6.806,0,1.5079049120458877e-13
6.8064999999999998,0,1.4536150061417174e-13
6.8070000000000004,0,1.40121247937941e-13
6.8075000000000001,0,1.3505863094565029e-13
6.8079999999999998,0,1.3018475186754585e-13
6.8085000000000004,0,1.2548850847338144e-13
6.8090000000000002,0,1.2094769630266456e-13
6.8094999999999999,0,1.165623153553952e-13
6.8099999999999996,0,1.1233236563157333e-13
6.8105000000000002,0,1.0824674490095276e-13
6.8109999999999999,0,1.0431655539377971e-13
6.8114999999999997,0,1.0053069487980792e-13
6.8120000000000003,0,9.6878061128791162e-14
6.8125,0,9.3347551910483157e-14
6.8129999999999997,0,8.9939167224883934e-14
6.8135000000000003,0,8.6652907071993468e-14
6.8140000000000001,0,8.3488771451811772e-14
6.8144999999999998,0,8.0424555903846337e-14
6.8150000000000004,0,7.7471362658343418e-14
6.8155000000000001,0,7.4629191715303028e-14
6.8159999999999998,0,7.1886940844478886e-14
6.8164999999999996,0,6.9233507815624764e-14
6.8170000000000002,0,6.6679994858986904e-14
6.8174999999999999,0,6.4215299744319052e-14
6.8179999999999996,0,6.1850524701867473e-14
6.8185000000000002,0,5.9563465271139648e-14
6.819,0,5.7354121452135589e-14
6.8194999999999997,0,5.5222493244855284e-14
6.8200000000000003,0,5.3168580649298744e-14
6.8205,0,5.1181281435219717e-14
6.8209999999999997,0,4.9271697832864449e-14
6.8215000000000003,0,4.743982984223294e-14
6.8220000000000001,0,4.566347300283269e-14
6.8224999999999998,0,4.3953729544909945e-14
6.8230000000000004,0,4.2299497238218464e-14
6.8235000000000001,0,4.0711878313004489e-14
6.8239999999999998,0,3.9179770539021772e-14
6.8244999999999996,0,3.7692071686024065e-14
6.8250000000000002,0,3.6270986214503863e-14
6.8254999999999999,0,3.4894309663968671e-14
6.8259999999999996,0,3.3562042034418483e-14
6.8265000000000002,0,3.2285285556099553e-14
6.827,0,3.1052937998765627e-14
6.8274999999999997,0,2.9864999362416711e-14
6.8280000000000003,0,2.8721469647052798e-14
6.8285,0,2.7611246622427642e-14
6.8289999999999997,0,2.6545432518787492e-14
6.8295000000000003,0,2.5512925105886099e-14
6.8300000000000001,0,2.4524826613969709e-14
6.8304999999999998,0,2.3570034812792075e-14
6.8310000000000004,0,2.2659651932599444e-14
6.8315000000000001,0,2.178257574314557e-14
6.8319999999999999,0,2.0927704014184201e-14
6.8324999999999996,0,2.0117241206207835e-14
6.8330000000000002,0,1.9328982858723975e-14
6.8334999999999999,0,1.8562928971732616e-14
6.8339999999999996,0,1.7830181775480013e-14
6.8345000000000002,0,1.7130741269966167e-14
6.835,0,1.6442402994698568e-14
6.8354999999999997,0,1.5787371410169725e-14
6.8360000000000003,0,1.5165646516379638e-14
6.8365,0,1.4555023852835802e-14
6.8369999999999997,0,1.3966605649784469e-14
6.8375000000000004,0,1.3389289676979387e-14
6.8380000000000001,0,1.2856382625159312e-14
6.8384999999999998,0,1.2334577803585489e-14
6.8390000000000004,0,1.1834977442504168e-14
6.8395000000000001,0,1.13464793116691e-14
6.8399999999999999,0,1.0891287871572785e-14
6.8404999999999996,0,1.0436096431476471e-14
6.8410000000000002,0,1.000310945187266e-14
6.8414999999999999,0,9.5812247025151006e-15
6.8419999999999996,0,9.1815444136500449e-15
6.8425000000000002,0,8.7929663550312401e-15
6.843,0,8.4154905266586863e-15
6.8434999999999997,0,8.0602191587786359e-15
6.8440000000000003,0,7.716050021144838e-15
6.8445,0,7.3940853440035419e-15
6.8449999999999998,0,7.0721206668622475e-15
6.8455000000000004,0,6.7612582199672032e-15
6.8460000000000001,0,6.4614980033184114e-15
6.8464999999999998,0,6.1728400169158705e-15
6.8470000000000004,0,5.9063864910058331e-15
6.8475000000000001,0,5.6510351953420466e-15
6.8479999999999999,0,5.4067861299245127e-15
6.8484999999999996,0,5.1736392947532296e-15
6.8490000000000002,0,4.9404924595819466e-15
6.8494999999999999,0,4.7073456244106636e-15
6.8499999999999996,0,4.496403249731884e-15
6.8505000000000003,0,4.2854608750531044e-15
6.851,0,4.0856207306205758e-15
6.8514999999999997,0,3.8857805861880479e-15
6.8520000000000003,0,3.7081449022480227e-15
6.8525,0,3.5416114485542492e-15
6.8529999999999998,0,3.3750779948604757e-15
6.8535000000000004,0,3.219646771412954e-15
6.8540000000000001,0,3.0642155479654322e-15
6.8544999999999998,0,2.9198865547641618e-15
6.8550000000000004,0,2.7755575615628914e-15
6.8555000000000001,0,2.6312285683616209e-15
6.8559999999999999,0,2.4980018054066022e-15
6.8564999999999996,0,2.3758772726978348e-15
6.8570000000000002,0,2.2537527399890679e-15
6.8574999999999999,0,2.1316282072803005e-15
6.8579999999999997,0,2.0206059048177848e-15
6.8585000000000003,0,1.9095836023552692e-15
6.859,0,1.7985612998927535e-15
6.8594999999999997,0,1.6986412276764896e-15
6.8600000000000003,0,1.609823385706477e-15
6.8605,0,1.5210055437364644e-15
6.8609999999999998,0,1.432187701766452e-15
6.8615000000000004,0,1.3544720900426909e-15
6.8620000000000001,0,1.27675647831893e-15
6.8624999999999998,0,1.2101430968414207e-15
6.8630000000000004,0,1.1435297153639113e-15
6.8635000000000002,0,1.0769163338864018e-15
6.8639999999999999,0,1.0103029524088924e-15
6.8644999999999996,0,9.5479180117763459e-16
6.8650000000000002,0,8.9928064994637676e-16
6.8654999999999999,0,8.4376949871511893e-16
6.8659999999999997,0,7.9936057773011273e-16
6.8665000000000003,0,7.5495165674510643e-16
6.867,0,7.1054273576010023e-16
6.8674999999999997,0,6.6613381477509392e-16
6.8680000000000003,0,6.2172489379008762e-16
6.8685,0,5.7731597280508142e-16
6.8689999999999998,0,5.3290705182007512e-16
6.8695000000000004,0,4.9960036108132044e-16
6.8700000000000001,0,4.6629367034256577e-16
6.8704999999999998,0,4.3298697960381104e-16
6.8710000000000004,0,3.9968028886505636e-16
6.8715000000000002,0,3.6637359812630164e-16
6.8719999999999999,0,3.3306690738754696e-16
6.8724999999999996,0,2.9976021664879229e-16
6.8730000000000002,0,2.6645352591003756e-16
6.8734999999999999,0,2.3314683517128288e-16
6.8739999999999997,0,2.1094237467877973e-16
6.8745000000000003,0,1.9984014443252818e-16
6.875,0,1.8873791418627661e-16
6.8754999999999997,0,1.7763568394002506e-16
6.8760000000000003,0,1.6653345369377348e-16
6.8765000000000001,0,1.5543122344752191e-16
6.8769999999999998,0,1.4432899320127036e-16
6.8775000000000004,0,1.3322676295501878e-16
6.8780000000000001,0,1.2212453270876723e-16
6.8784999999999998,0,1.1102230246251565e-16
6.8789999999999996,0,9.9920072216264091e-17
6.8795000000000002,0,8.8817841970012528e-17
6.8799999999999999,0,7.7715611723760953e-17
6.8804999999999996,0,6.661338147750939e-17
6.8810000000000002,0,5.5511151231257827e-17
6.8815,0,4.4408920985006264e-17
6.8819999999999997,0,3.3306690738754695e-17
6.8825000000000003,0,2.2204460492503132e-17
6.883,0,1.1102230246251566e-17
6.8834999999999997,0,0
6.8840000000000003,0,0
6.8845000000000001,0,0
6.8849999999999998,0,0
6.8855000000000004,0,0
6.8860000000000001,0,0
6.8864999999999998,0,0
6.8869999999999996,0,0
6.8875000000000002,0,0
6.8879999999999999,0,0
6.8884999999999996,0,0
6.8890000000000002,0,0
6.8895,0,0
6.8899999999999997,0,0
6.8905000000000003,0,0
6.891,0,0
6.8914999999999997,0,0
6.8920000000000003,0,0
6.8925000000000001,0,0
6.8929999999999998,0,0
6.8935000000000004,0,0
6.8940000000000001,0,0
6.8944999999999999,0,0
6.8949999999999996,0,0
6.8955000000000002,0,0
6.8959999999999999,0,0
6.8964999999999996,0,0
6.8970000000000002,0,0
6.8975,0,0
6.8979999999999997,0,0
6.8985000000000003,0,0
6.899,0,0
6.8994999999999997,0,0
6.9000000000000004,0,0
6.9005000000000001,0,0
6.9009999999999998,0,0
6.9015000000000004,0,0
6.9020000000000001,0,0
6.9024999999999999,0,0
6.9029999999999996,0,0
6.9035000000000002,0,0
6.9039999999999999,0,0
6.9044999999999996,0,0
6.9050000000000002,0,0
6.9055,0,0
6.9059999999999997,0,0
6.9065000000000003,0,0
6.907,0,0
6.9074999999999998,0,0
6.9080000000000004,0,0
6.9085000000000001,0,0
6.9089999999999998,0,0
6.9095000000000004,0,0
6.9100000000000001,0,0
6.9104999999999999,0,0
6.9109999999999996,0,0
6.9115000000000002,0,0
6.9119999999999999,0,0
6.9124999999999996,0,0
6.9130000000000003,0,0
6.9135,0,0
6.9139999999999997,0,0
6.9145000000000003,0,0
6.915,0,0
6.9154999999999998,0,0
6.9160000000000004,0,0
6.9165000000000001,0,0
6.9169999999999998,0,0
6.9175000000000004,0,0
6.9180000000000001,0,0
6.9184999999999999,0,0
6.9189999999999996,0,0
6.9195000000000002,0,0
6.9199999999999999,0,0
6.9204999999999997,0,0
6.9210000000000003,0,0
6.9215,0,0
6.9219999999999997,0,0
6.9225000000000003,0,0
6.923,0,0
6.9234999999999998,0,0
6.9240000000000004,0,0
6.9245000000000001,0,0
6.9249999999999998,0,0
6.9255000000000004,0,0
6.9260000000000002,0,0
6.9264999999999999,0,0
6.9269999999999996,0,0
6.9275000000000002,0,0
6.9279999999999999,0,0
6.9284999999999997,0,0
6.9290000000000003,0,0
6.9295,0,0
6.9299999999999997,0,0
6.9305000000000003,0,0
6.931,0,0
6.9314999999999998,0,0
6.9320000000000004,0,0
6.9325000000000001,0,0
6.9329999999999998,0,0
6.9335000000000004,0,0
6.9340000000000002,0,0
6.9344999999999999,0,0
6.9349999999999996,0,0
6.9355000000000002,0,0
6.9359999999999999,0,0
6.9364999999999997,0,0
6.9370000000000003,0,0
6.9375,0,0
6.9379999999999997,0,0
6.9385000000000003,0,0
6.9390000000000001,0,0
6.9394999999999998,0,0
6.9400000000000004,0,0
6.9405000000000001,0,0
6.9409999999999998,0,0
6.9414999999999996,0,0
6.9420000000000002,0,0
6.9424999999999999,0,0
6.9429999999999996,0,0
6.9435000000000002,0,0
6.944,0,0
6.9444999999999997,0,0
6.9450000000000003,0,0
6.9455,0,0
6.9459999999999997,0,0
6.9465000000000003,0,0
6.9470000000000001,0,0
6.9474999999999998,0,0
6.9480000000000004,0,0
6.9485000000000001,0,0
6.9489999999999998,0,0
6.9494999999999996,0,0
6.9500000000000002,0,0
6.9504999999999999,0,0
6.9509999999999996,0,0
6.9515000000000002,0,0
6.952,0,0
6.9524999999999997,0,0
6.9530000000000003,0,0
6.9535,0,0
6.9539999999999997,0,0
6.9545000000000003,0,0
6.9550000000000001,0,0
6.9554999999999998,0,0
6.9560000000000004,0,0
6.9565000000000001,0,0
6.9569999999999999,0,0
6.9574999999999996,0,0
6.9580000000000002,0,0
6.9584999999999999,0,0
6.9589999999999996,0,0
6.9595000000000002,0,0
6.96,0,0
6.9604999999999997,0,0
6.9610000000000003,0,0
6.9615,0,0
6.9619999999999997,0,0
6.9625000000000004,0,0
6.9630000000000001,0,0
6.9634999999999998,0,0
6.9640000000000004,0,0
6.9645000000000001,0,0
6.9649999999999999,0,0
6.9654999999999996,0,0
6.9660000000000002,0,0
6.9664999999999999,0,0
6.9669999999999996,0,0
6.9675000000000002,0,0
6.968,0,0
6.9684999999999997,0,0
6.9690000000000003,0,0
6.9695,0,0
6.9699999999999998,0,0
6.9705000000000004,0,0
6.9710000000000001,0,0
6.9714999999999998,0,0
6.9720000000000004,0,0
6.9725000000000001,0,0
6.9729999999999999,0,0
6.9734999999999996,0,0
6.9740000000000002,0,0
6.9744999999999999,0,0
6.9749999999999996,0,0
6.9755000000000003,0,0
6.976,0,0
6.9764999999999997,0,0
6.9770000000000003,0,0
6.9775,0,0
6.9779999999999998,0,0
6.9785000000000004,0,0
6.9790000000000001,0,0
6.9794999999999998,0,0
6.9800000000000004,0,0
6.9805000000000001,0,0
6.9809999999999999,0,0
6.9814999999999996,0,0
6.9820000000000002,0,0
6.9824999999999999,0,0
6.9829999999999997,0,0
6.9835000000000003,0,0
6.984,0,0
6.9844999999999997,0,0
6.9850000000000003,0,0
6.9855,0,0
6.9859999999999998,0,0
6.9865000000000004,0,0
6.9870000000000001,0,0
6.9874999999999998,0,0
6.9880000000000004,0,0
6.9885000000000002,0,0
6.9889999999999999,0,0
6.9894999999999996,0,0
6.9900000000000002,0,0
6.9904999999999999,0,0
6.9909999999999997,0,0
6.9915000000000003,0,0
6.992,0,0
6.9924999999999997,0,0
6.9930000000000003,0,0
6.9935,0,0
6.9939999999999998,0,0
6.9945000000000004,0,0
6.9950000000000001,0,0
6.9954999999999998,0,0
6.9960000000000004,0,0
6.9965000000000002,0,0
6.9969999999999999,0,0
6.9974999999999996,0,0
6.9980000000000002,0,0
6.9984999999999999,0,0
6.9989999999999997,0,0
6.9995000000000003,0,0
7,0,0
7.0004999999999997,0,0
7.0010000000000003,0,0
7.0015000000000001,0,0
7.0019999999999998,0,0
7.0025000000000004,0,0
7.0030000000000001,0,0
7.0034999999999998,0,0
7.0039999999999996,0,0
7.0045000000000002,0,0
7.0049999999999999,0,0
7.0054999999999996,0,0
7.0060000000000002,0,0
7.0065,0,0
7.0069999999999997,0,0
7.0075000000000003,0,0
7.008,0,0
7.0084999999999997,0,0
7.0090000000000003,0,0
7.0095000000000001,0,0
7.0099999999999998,0,0
7.0105000000000004,0,0
7.0110000000000001,0,0
7.0114999999999998,0,0
7.0119999999999996,0,0
7.0125000000000002,0,0
7.0129999999999999,0,0
7.0134999999999996,0,0
7.0140000000000002,0,0
7.0145,0,0
7.0149999999999997,0,0
7.0155000000000003,0,0
7.016,0,0
7.0164999999999997,0,0
7.0170000000000003,0,0
7.0175000000000001,0,0
7.0179999999999998,0,0
7.0185000000000004,0,0
7.0190000000000001,0,0
7.0194999999999999,0,0
7.0199999999999996,0,0
7.0205000000000002,0,0
7.0209999999999999,0,0
7.0214999999999996,0,0
7.0220000000000002,0,0
7.0225,0,0
7.0229999999999997,0,0
7.0235000000000003,0,0
7.024,0,0
7.0244999999999997,0,0
7.0250000000000004,0,0
7.0255000000000001,0,0
7.0259999999999998,0,0
7.0265000000000004,0,0
7.0270000000000001,0,0
7.0274999999999999,0,0
7.0279999999999996,0,0
7.0285000000000002,0,0
7.0289999999999999,0,0
7.0294999999999996,0,0
7.0300000000000002,0,0
7.0305,0,0
7.0309999999999997,0,0
7.0315000000000003,0,0
7.032,0,0
7.0324999999999998,0,0
7.0330000000000004,0,0
7.0335000000000001,0,0
7.0339999999999998,0,0
7.0345000000000004,0,0
7.0350000000000001,0,0
7.0354999999999999,0,0
7.0359999999999996,0,0
7.0365000000000002,0,0
7.0369999999999999,0,0
7.0374999999999996,0,0
7.0380000000000003,0,0
7.0385,0,0
7.0389999999999997,0,0
7.0395000000000003,0,0
7.04,0,0
7.0404999999999998,0,0
7.0410000000000004,0,0
7.0415000000000001,0,0
7.0419999999999998,0,0
7.0425000000000004,0,0
7.0430000000000001,0,0
7.0434999999999999,0,0
7.0439999999999996,0,0
7.0445000000000002,0,0
7.0449999999999999,0,0
7.0454999999999997,0,0
7.0460000000000003,0,0
7.0465,0,0
7.0469999999999997,0,0
7.0475000000000003,0,0
7.048,0,0
7.0484999999999998,0,0
7.0490000000000004,0,0
7.0495000000000001,0,0
7.0499999999999998,0,0
7.0505000000000004,0,0
7.0510000000000002,0,0
7.0514999999999999,0,0
7.0519999999999996,0,0
7.0525000000000002,0,0
7.0529999999999999,0,0
7.0534999999999997,0,0
7.0540000000000003,0,0
7.0545,0,0
7.0549999999999997,0,0
7.0555000000000003,0,0
7.056,0,0
7.0564999999999998,0,0
7.0570000000000004,0,0
7.0575000000000001,0,0
7.0579999999999998,0,0
7.0585000000000004,0,0
7.0590000000000002,0,0
7.0594999999999999,0,0
7.0599999999999996,0,0
7.0605000000000002,0,0
7.0609999999999999,0,0
7.0614999999999997,0,0
7.0620000000000003,0,0
7.0625,0,0
7.0629999999999997,0,0
7.0635000000000003,0,0
7.0640000000000001,0,0
7.0644999999999998,0,0
7.0650000000000004,0,0
7.0655000000000001,0,0
7.0659999999999998,0,0
7.0664999999999996,0,0
7.0670000000000002,0,0
7.0674999999999999,0,0
7.0679999999999996,0,0
7.0685000000000002,0,0
7.069,0,0
7.0694999999999997,0,0
7.0700000000000003,0,0
7.0705,0,0
7.0709999999999997,0,0
7.0715000000000003,0,0
7.0720000000000001,0,0
7.0724999999999998,0,0
7.0730000000000004,0,0
7.0735000000000001,0,0
7.0739999999999998,0,0
7.0744999999999996,0,0
7.0750000000000002,0,0
7.0754999999999999,0,0
7.0759999999999996,0,0
7.0765000000000002,0,0
7.077,0,0
7.0774999999999997,0,0
7.0780000000000003,0,0
7.0785,0,0
7.0789999999999997,0,0
7.0795000000000003,0,0
7.0800000000000001,0,0
7.0804999999999998,0,0
7.0810000000000004,0,0
7.0815000000000001,0,0
7.0819999999999999,0,0
7.0824999999999996,0,0
7.0830000000000002,0,0
7.0834999999999999,0,0
7.0839999999999996,0,0
7.0845000000000002,0,0
7.085,0,0
7.0854999999999997,0,0
7.0860000000000003,0,0
7.0865,0,0
7.0869999999999997,0,0
7.0875000000000004,0,0
7.0880000000000001,0,0
7.0884999999999998,0,0
7.0890000000000004,0,0
7.0895000000000001,0,0
7.0899999999999999,0,0
7.0904999999999996,0,0
7.0910000000000002,0,0
7.0914999999999999,0,0
7.0919999999999996,0,0
7.0925000000000002,0,0
7.093,0,0
7.0934999999999997,0,0
7.0940000000000003,0,0
7.0945,0,0
7.0949999999999998,0,0
7.0955000000000004,0,0
7.0960000000000001,0,0
7.0964999999999998,0,0
7.0970000000000004,0,0
7.0975000000000001,0,0
7.0979999999999999,0,0
7.0984999999999996,0,0
7.0990000000000002,0,0
7.0994999999999999,0,0
7.0999999999999996,0,0
7.1005000000000003,0,0
7.101,0,0
7.1014999999999997,0,0
7.1020000000000003,0,0
7.1025,0,0
7.1029999999999998,0,0
7.1035000000000004,0,0
7.1040000000000001,0,0
7.1044999999999998,0,0
7.1050000000000004,0,0
7.1055000000000001,0,0
7.1059999999999999,0,0
7.1064999999999996,0,0
7.1070000000000002,0,0
7.1074999999999999,0,0
7.1079999999999997,0,0
7.1085000000000003,0,0
7.109,0,0
7.1094999999999997,0,0
7.1100000000000003,0,0
7.1105,0,0
7.1109999999999998,0,0
7.1115000000000004,0,0
7.1120000000000001,0,0
7.1124999999999998,0,0
7.1130000000000004,0,0
7.1135000000000002,0,0
7.1139999999999999,0,0
7.1144999999999996,0,0
7.1150000000000002,0,0
7.1154999999999999,0,0
7.1159999999999997,0,0
7.1165000000000003,0,0
7.117,0,0
7.1174999999999997,0,0
7.1180000000000003,0,0
7.1185,0,0
7.1189999999999998,0,0
7.1195000000000004,0,0
7.1200000000000001,0,0
7.1204999999999998,0,0
7.1210000000000004,0,0
7.1215000000000002,0,0
7.1219999999999999,0,0
7.1224999999999996,0,0
7.1230000000000002,0,0
7.1234999999999999,0,0
7.1239999999999997,0,0
7.1245000000000003,0,0
7.125,0,0
7.1254999999999997,0,0
7.1260000000000003,0,0
7.1265000000000001,0,0
7.1269999999999998,0,0
7.1275000000000004,0,0
7.1280000000000001,0,0
7.1284999999999998,0,0
7.1289999999999996,0,0
7.1295000000000002,0,0
7.1299999999999999,0,0
7.1304999999999996,0,0
7.1310000000000002,0,0
7.1315,0,0
7.1319999999999997,0,0
7.1325000000000003,0,0
7.133,0,0
7.1334999999999997,0,0
7.1340000000000003,0,0
7.1345000000000001,0,0
7.1349999999999998,0,0
7.1355000000000004,0,0
7.1360000000000001,0,0
7.1364999999999998,0,0
7.1369999999999996,0,0
7.1375000000000002,0,0
7.1379999999999999,0,0
7.1384999999999996,0,0
7.1390000000000002,0,0
7.1395,0,0
7.1399999999999997,0,0
7.1405000000000003,0,0
7.141,0,0
7.1414999999999997,0,0
7.1420000000000003,0,0
7.1425000000000001,0,0
7.1429999999999998,0,0
7.1435000000000004,0,0
7.1440000000000001,0,0
7.1444999999999999,0,0
7.1449999999999996,0,0
7.1455000000000002,0,0
7.1459999999999999,0,0
7.1464999999999996,0,0
7.1470000000000002,0,0
7.1475,0,0
7.1479999999999997,0,0
7.1485000000000003,0,0
7.149,0,0
7.1494999999999997,0,0
7.1500000000000004,0,0
7.1505000000000001,0,0
7.1509999999999998,0,0
7.1515000000000004,0,0
7.1520000000000001,0,0
7.1524999999999999,0,0
7.1529999999999996,0,0
7.1535000000000002,0,0
7.1539999999999999,0,0
7.1544999999999996,0,0
7.1550000000000002,0,0
7.1555,0,0
7.1559999999999997,0,0
7.1565000000000003,0,0
7.157,0,0
7.1574999999999998,0,0
7.1580000000000004,0,0
7.1585000000000001,0,0
7.1589999999999998,0,0
7.1595000000000004,0,0
7.1600000000000001,0,0
7.1604999999999999,0,0
7.1609999999999996,0,0
7.1615000000000002,0,0
7.1619999999999999,0,0
7.1624999999999996,0,0
7.1630000000000003,0,0
7.1635,0,0
7.1639999999999997,0,0
7.1645000000000003,0,0
7.165,0,0
7.1654999999999998,0,0
7.1660000000000004,0,0
7.1665000000000001,0,0
7.1669999999999998,0,0
7.1675000000000004,0,0
7.1680000000000001,0,0
7.1684999999999999,0,0
7.1689999999999996,0,0
7.1695000000000002,0,0
7.1699999999999999,0,0
7.1704999999999997,0,0
7.1710000000000003,0,0
7.1715,0,0
7.1719999999999997,0,0
7.1725000000000003,0,0
7.173,0,0
7.1734999999999998,0,0
7.1740000000000004,0,0
7.1745000000000001,0,0
7.1749999999999998,0,0
7.1755000000000004,0,0
7.1760000000000002,0,0
7.1764999999999999,0,0
7.1769999999999996,0,0
7.1775000000000002,0,0
7.1779999999999999,0,0
7.1784999999999997,0,0
7.1790000000000003,0,0
7.1795,0,0
7.1799999999999997,0,0
7.1805000000000003,0,0
7.181,0,0
7.1814999999999998,0,0
7.1820000000000004,0,0
7.1825000000000001,0,0
7.1829999999999998,0,0
7.1835000000000004,0,0
7.1840000000000002,0,0
7.1844999999999999,0,0
7.1849999999999996,0,0
7.1855000000000002,0,0
7.1859999999999999,0,0
7.1864999999999997,0,0
7.1870000000000003,0,0
7.1875,0,0
7.1879999999999997,0,0
7.1885000000000003,0,0
7.1890000000000001,0,0
7.1894999999999998,0,0
7.1900000000000004,0,0
7.1905000000000001,0,0
7.1909999999999998,0,0
7.1914999999999996,0,0
7.1920000000000002,0,0
7.1924999999999999,0,0
7.1929999999999996,0,0
7.1935000000000002,0,0
7.194,0,0
7.1944999999999997,0,0
7.1950000000000003,0,0
7.1955,0,0
7.1959999999999997,0,0
7.1965000000000003,0,0
7.1970000000000001,0,0
7.1974999999999998,0,0
7.1980000000000004,0,0
7.1985000000000001,0,0
7.1989999999999998,0,0
7.1994999999999996,0,0
7.2000000000000002,0,0
7.2004999999999999,0,0
7.2009999999999996,0,0
7.2015000000000002,0,0
7.202,0,0
7.2024999999999997,0,0
7.2030000000000003,0,0
7.2035,0,0
7.2039999999999997,0,0
7.2045000000000003,0,0
7.2050000000000001,0,0
7.2054999999999998,0,0
7.2060000000000004,0,0
7.2065000000000001,0,0
7.2069999999999999,0,0
7.2074999999999996,0,0
7.2080000000000002,0,0
7.2084999999999999,0,0
7.2089999999999996,0,0
7.2095000000000002,0,0
7.21,0,0
7.2104999999999997,0,0
7.2110000000000003,0,0
7.2115,0,0
7.2119999999999997,0,0
7.2125000000000004,0,0
7.2130000000000001,0,0
7.2134999999999998,0,0
7.2140000000000004,0,0
7.2145000000000001,0,0
7.2149999999999999,0,0
7.2154999999999996,0,0
7.2160000000000002,0,0
7.2164999999999999,0,0
7.2169999999999996,0,0
7.2175000000000002,0,0
7.218,0,0
7.2184999999999997,0,0
7.2190000000000003,0,0
7.2195,0,0
7.2199999999999998,0,0
7.2205000000000004,0,0
7.2210000000000001,0,0
7.2214999999999998,0,0
7.2220000000000004,0,0
7.2225000000000001,0,0
7.2229999999999999,0,0
7.2234999999999996,0,0
7.2240000000000002,0,0
7.2244999999999999,0,0
7.2249999999999996,0,0
7.2255000000000003,0,0
7.226,0,0
7.2264999999999997,0,0
7.2270000000000003,0,0
7.2275,0,0
7.2279999999999998,0,0
7.2285000000000004,0,0
7.2290000000000001,0,0
7.2294999999999998,0,0
7.2300000000000004,0,0
7.2305000000000001,0,0
7.2309999999999999,0,0
7.2314999999999996,0,0
7.2320000000000002,0,0
7.2324999999999999,0,0
7.2329999999999997,0,0
7.2335000000000003,0,0
7.234,0,0
7.2344999999999997,0,0
7.2350000000000003,0,0
7.2355,0,0
7.2359999999999998,0,0
7.2365000000000004,0,0
7.2370000000000001,0,0
7.2374999999999998,0,0
7.2380000000000004,0,0
7.2385000000000002,0,0
7.2389999999999999,0,0
7.2394999999999996,0,0
7.2400000000000002,0,0
7.2404999999999999,0,0
7.2409999999999997,0,0
7.2415000000000003,0,0
7.242,0,0
7.2424999999999997,0,0
7.2430000000000003,0,0
7.2435,0,0
7.2439999999999998,0,0
7.2445000000000004,0,0
7.2450000000000001,0,0
7.2454999999999998,0,0
7.2460000000000004,0,0
7.2465000000000002,0,0
7.2469999999999999,0,0
7.2474999999999996,0,0
7.2480000000000002,0,0
7.2484999999999999,0,0
7.2489999999999997,0,0
7.2495000000000003,0,0
7.25,0,0
7.2504999999999997,0,0
7.2510000000000003,0,0
7.2515000000000001,0,0
7.2519999999999998,0,0
7.2525000000000004,0,0
7.2530000000000001,0,0
7.2534999999999998,0,0
7.2539999999999996,0,0
7.2545000000000002,0,0
7.2549999999999999,0,0
7.2554999999999996,0,0
7.2560000000000002,0,0
7.2565,0,0
7.2569999999999997,0,0
7.2575000000000003,0,0
7.258,0,0
7.2584999999999997,0,0
7.2590000000000003,0,0
7.2595000000000001,0,0
7.2599999999999998,0,0
7.2605000000000004,0,0
7.2610000000000001,0,0
7.2614999999999998,0,0
7.2619999999999996,0,0
7.2625000000000002,0,0
7.2629999999999999,0,0
7.2634999999999996,0,0
7.2640000000000002,0,0
7.2645,0,0
7.2649999999999997,0,0
7.2655000000000003,0,0
7.266,0,0
7.2664999999999997,0,0
7.2670000000000003,0,0
7.2675000000000001,0,0
7.2679999999999998,0,0
7.2685000000000004,0,0
7.2690000000000001,0,0
7.2694999999999999,0,0
7.2699999999999996,0,0
7.2705000000000002,0,0
7.2709999999999999,0,0
7.2714999999999996,0,0
7.2720000000000002,0,0
7.2725,0,0
7.2729999999999997,0,0
7.2735000000000003,0,0
7.274,0,0
7.2744999999999997,0,0
7.2750000000000004,0,0
7.2755000000000001,0,0
7.2759999999999998,0,0
7.2765000000000004,0,0
7.2770000000000001,0,0
7.2774999999999999,0,0
7.2779999999999996,0,0
7.2785000000000002,0,0
7.2789999999999999,0,0
7.2794999999999996,0,0
7.2800000000000002,0,0
7.2805,0,0
7.2809999999999997,0,0
7.2815000000000003,0,0
7.282,0,0
7.2824999999999998,0,0
7.2830000000000004,0,0
7.2835000000000001,0,0
7.2839999999999998,0,0
7.2845000000000004,0,0
7.2850000000000001,0,0
7.2854999999999999,0,0
7.2859999999999996,0,0
7.2865000000000002,0,0
7.2869999999999999,0,0
7.2874999999999996,0,0
7.2880000000000003,0,0
7.2885,0,0
7.2889999999999997,0,0
7.2895000000000003,0,0
7.29,0,0
7.2904999999999998,0,0
7.2910000000000004,0,0
7.2915000000000001,0,0
7.2919999999999998,0,0
7.2925000000000004,0,0
7.2930000000000001,0,0
7.2934999999999999,0,0
7.2939999999999996,0,0
7.2945000000000002,0,0
7.2949999999999999,0,0
7.2954999999999997,0,0
7.2960000000000003,0,0
7.2965,0,0
7.2969999999999997,0,0
7.2975000000000003,0,0
7.298,0,0
7.2984999999999998,0,0
7.2990000000000004,0,0
7.2995000000000001,0,0
7.2999999999999998,0,0
7.3005000000000004,0,0
7.3010000000000002,0,0
7.3014999999999999,0,0
7.3019999999999996,0,0
7.3025000000000002,0,0
7.3029999999999999,0,0
7.3034999999999997,0,0
7.3040000000000003,0,0
7.3045,0,0
7.3049999999999997,0,0
7.3055000000000003,0,0
7.306,0,0
7.3064999999999998,0,0
7.3070000000000004,0,0
7.3075000000000001,0,0
7.3079999999999998,0,0
7.3085000000000004,0,0
7.3090000000000002,0,0
7.3094999999999999,0,0
7.3099999999999996,0,0
7.3105000000000002,0,0
7.3109999999999999,0,0
7.3114999999999997,0,0
7.3120000000000003,0,0
7.3125,0,0
7.3129999999999997,0,0
7.3135000000000003,0,0
7.3140000000000001,0,0
7.3144999999999998,0,0
7.3150000000000004,0,0
7.3155000000000001,0,0
7.3159999999999998,0,0
7.3164999999999996,0,0
7.3170000000000002,0,0
7.3174999999999999,0,0
7.3179999999999996,0,0
7.3185000000000002,0,0
7.319,0,0
7.3194999999999997,0,0
7.3200000000000003,0,0
7.3205,0,0
7.3209999999999997,0,0
7.3215000000000003,0,0
7.3220000000000001,0,0
7.3224999999999998,0,0
7.3230000000000004,0,0
7.3235000000000001,0,0
7.3239999999999998,0,0
7.3244999999999996,0,0
7.3250000000000002,0,0
7.3254999999999999,0,0
7.3259999999999996,0,0
7.3265000000000002,0,0
7.327,0,0
7.3274999999999997,0,0
7.3280000000000003,0,0
7.3285,0,0
7.3289999999999997,0,0
7.3295000000000003,0,0
7.3300000000000001,0,0
7.3304999999999998,0,0
7.3310000000000004,0,0
7.3315000000000001,0,0
7.3319999999999999,0,0
7.3324999999999996,0,0
7.3330000000000002,0,0
7.3334999999999999,0,0
7.3339999999999996,0,0
7.3345000000000002,0,0
7.335,0,0
7.3354999999999997,0,0
7.3360000000000003,0,0
7.3365,0,0
7.3369999999999997,0,0
7.3375000000000004,0,0
7.3380000000000001,0,0
7.3384999999999998,0,0
7.3390000000000004,0,0
7.3395000000000001,0,0
7.3399999999999999,0,0
7.3404999999999996,0,0
7.3410000000000002,0,0
7.3414999999999999,0,0
7.3419999999999996,0,0
7.3425000000000002,0,0
7.343,0,0
7.3434999999999997,0,0
7.3440000000000003,0,0
7.3445,0,0
7.3449999999999998,0,0
7.3455000000000004,0,0
7.3460000000000001,0,0
7.3464999999999998,0,0
7.3470000000000004,0,0
7.3475000000000001,0,0
7.3479999999999999,0,0
7.3484999999999996,0,0
7.3490000000000002,0,0
7.3494999999999999,0,0
7.3499999999999996,0,0
7.3505000000000003,0,0
7.351,0,0
7.3514999999999997,0,0
7.3520000000000003,0,0
7.3525,0,0
7.3529999999999998,0,0
7.3535000000000004,0,0
7.3540000000000001,0,0
7.3544999999999998,0,0
7.3550000000000004,0,0
7.3555000000000001,0,0
7.3559999999999999,0,0
7.3564999999999996,0,0
7.3570000000000002,0,0
7.3574999999999999,0,0
7.3579999999999997,0,0
7.3585000000000003,0,0
7.359,0,0
7.3594999999999997,0,0
7.3600000000000003,0,0
7.3605,0,0
7.3609999999999998,0,0
7.3615000000000004,0,0
7.3620000000000001,0,0
7.3624999999999998,0,0
7.3630000000000004,0,0
7.3635000000000002,0,0
7.3639999999999999,0,0
7.3644999999999996,0,0
7.3650000000000002,0,0
7.3654999999999999,0,0
7.3659999999999997,0,0
7.3665000000000003,0,0
7.367,0,0
7.3674999999999997,0,0
7.3680000000000003,0,0
7.3685,0,0
7.3689999999999998,0,0
7.3695000000000004,0,0
7.3700000000000001,0,0
7.3704999999999998,0,0
7.3710000000000004,0,0
7.3715000000000002,0,0
7.3719999999999999,0,0
7.3724999999999996,0,0
7.3730000000000002,0,0
7.3734999999999999,0,0
7.3739999999999997,0,0
7.3745000000000003,0,0
7.375,0,0
7.3754999999999997,0,0
7.3760000000000003,0,0
7.3765000000000001,0,0
7.3769999999999998,0,0
7.3775000000000004,0,0
7.3780000000000001,0,0
7.3784999999999998,0,0
7.3789999999999996,0,0
7.3795000000000002,0,0
7.3799999999999999,0,0
7.3804999999999996,0,0
7.3810000000000002,0,0
7.3815,0,0
7.3819999999999997,0,0
7.3825000000000003,0,0
7.383,0,0
7.3834999999999997,0,0
7.3840000000000003,0,0
7.3845000000000001,0,0
7.3849999999999998,0,0
7.3855000000000004,0,0
7.3860000000000001,0,0
7.3864999999999998,0,0
7.3869999999999996,0,0
7.3875000000000002,0,0
7.3879999999999999,0,0
7.3884999999999996,0,0
7.3890000000000002,0,0
7.3895,0,0
7.3899999999999997,0,0
7.3905000000000003,0,0
7.391,0,0
7.3914999999999997,0,0
7.3920000000000003,0,0
7.3925000000000001,0,0
7.3929999999999998,0,0
7.3935000000000004,0,0
7.3940000000000001,0,0
7.3944999999999999,0,0
7.3949999999999996,0,0
7.3955000000000002,0,0
7.3959999999999999,0,0
7.3964999999999996,0,0
7.3970000000000002,0,0
7.3975,0,0
7.3979999999999997,0,0
7.3985000000000003,0,0
7.399,0,0
7.3994999999999997,0,0
7.4000000000000004,0,0
7.4005000000000001,0,0
7.4009999999999998,0,0
7.4015000000000004,0,0
7.4020000000000001,0,0
7.4024999999999999,0,0
7.4029999999999996,0,0
7.4035000000000002,0,0
7.4039999999999999,0,0
7.4044999999999996,0,0
7.4050000000000002,0,0
7.4055,0,0
7.4059999999999997,0,0
7.4065000000000003,0,0
7.407,0,0
7.4074999999999998,0,0
7.4080000000000004,0,0
7.4085000000000001,0,0
7.4089999999999998,0,0
7.4095000000000004,0,0
7.4100000000000001,0,0
7.4104999999999999,0,0
7.4109999999999996,0,0
7.4115000000000002,0,0
7.4119999999999999,0,0
7.4124999999999996,0,0
7.4130000000000003,0,0
7.4135,0,0
7.4139999999999997,0,0
7.4145000000000003,0,0
7.415,0,0
7.4154999999999998,0,0
7.4160000000000004,0,0
7.4165000000000001,0,0
7.4169999999999998,0,0
7.4175000000000004,0,0
7.4180000000000001,0,0
7.4184999999999999,0,0
7.4189999999999996,0,0
7.4195000000000002,0,0
7.4199999999999999,0,0
7.4204999999999997,0,0
7.4210000000000003,0,0
7.4215,0,0
7.4219999999999997,0,0
7.4225000000000003,0,0
7.423,0,0
7.4234999999999998,0,0
7.4240000000000004,0,0
7.4245000000000001,0,0
7.4249999999999998,0,0
7.4255000000000004,0,0
7.4260000000000002,0,0
7.4264999999999999,0,0
7.4269999999999996,0,0
7.4275000000000002,0,0
7.4279999999999999,0,0
7.4284999999999997,0,0
7.4290000000000003,0,0
7.4295,0,0
7.4299999999999997,0,0
7.4305000000000003,0,0
7.431,0,0
7.4314999999999998,0,0
7.4320000000000004,0,0
7.4325000000000001,0,0
7.4329999999999998,0,0
7.4335000000000004,0,0
7.4340000000000002,0,0
7.4344999999999999,0,0
7.4349999999999996,0,0
7.4355000000000002,0,0
7.4359999999999999,0,0
7.4364999999999997,0,0
7.4370000000000003,0,0
7.4375,0,0
7.4379999999999997,0,0
7.4385000000000003,0,0
7.4390000000000001,0,0
7.4394999999999998,0,0
7.4400000000000004,0,0
7.4405000000000001,0,0
7.4409999999999998,0,0
7.4414999999999996,0,0
7.4420000000000002,0,0
7.4424999999999999,0,0
7.4429999999999996,0,0
7.4435000000000002,0,0
7.444,0,0
7.4444999999999997,0,0
7.4450000000000003,0,0
7.4455,0,0
7.4459999999999997,0,0
7.4465000000000003,0,0
7.4470000000000001,0,0
7.4474999999999998,0,0
7.4480000000000004,0,0
7.4485000000000001,0,0
7.4489999999999998,0,0
7.4494999999999996,0,0
7.4500000000000002,0,0
7.4504999999999999,0,0
7.4509999999999996,0,0
7.4515000000000002,0,0
7.452,0,0
7.4524999999999997,0,0
7.4530000000000003,0,0
7.4535,0,0
7.4539999999999997,0,0
7.4545000000000003,0,0
7.4550000000000001,0,0
7.4554999999999998,0,0
7.4560000000000004,0,0
7.4565000000000001,0,0
7.4569999999999999,0,0
7.4574999999999996,0,0
7.4580000000000002,0,0
7.4584999999999999,0,0
7.4589999999999996,0,0
7.4595000000000002,0,0
7.46,0,0
7.4604999999999997,0,0
7.4610000000000003,0,0
7.4615,0,0
7.4619999999999997,0,0
7.4625000000000004,0,0
7.4630000000000001,0,0
7.4634999999999998,0,0
7.4640000000000004,0,0
7.4645000000000001,0,0
7.4649999999999999,0,0
7.4654999999999996,0,0
7.4660000000000002,0,0
7.4664999999999999,0,0
7.4669999999999996,0,0
7.4675000000000002,0,0
7.468,0,0
7.4684999999999997,0,0
7.4690000000000003,0,0
7.4695,0,0
7.4699999999999998,0,0
7.4705000000000004,0,0
7.4710000000000001,0,0
7.4714999999999998,0,0
7.4720000000000004,0,0
7.4725000000000001,0,0
7.4729999999999999,0,0
7.4734999999999996,0,0
7.4740000000000002,0,0
7.4744999999999999,0,0
7.4749999999999996,0,0
7.4755000000000003,0,0
7.476,0,0
7.4764999999999997,0,0
7.4770000000000003,0,0
7.4775,0,0
7.4779999999999998,0,0
7.4785000000000004,0,0
7.4790000000000001,0,0
7.4794999999999998,0,0
7.4800000000000004,0,0
7.4805000000000001,0,0
7.4809999999999999,0,0
7.4814999999999996,0,0
7.4820000000000002,0,0
7.4824999999999999,0,0
7.4829999999999997,0,0
7.4835000000000003,0,0
7.484,0,0
7.4844999999999997,0,0
7.4850000000000003,0,0
7.4855,0,0
7.4859999999999998,0,0
7.4865000000000004,0,0
7.4870000000000001,0,0
7.4874999999999998,0,0
7.4880000000000004,0,0
7.4885000000000002,0,0
7.4889999999999999,0,0
7.4894999999999996,0,0
7.4900000000000002,0,0
7.4904999999999999,0,0
7.4909999999999997,0,0
7.4915000000000003,0,0
7.492,0,0
7.4924999999999997,0,0
7.4930000000000003,0,0
7.4935,0,0
7.4939999999999998,0,0
7.4945000000000004,0,0
7.4950000000000001,0,0
7.4954999999999998,0,0
7.4960000000000004,0,0
7.4965000000000002,0,0
7.4969999999999999,0,0
7.4974999999999996,0,0
7.4980000000000002,0,0
7.4984999999999999,0,0
7.4989999999999997,0,0
7.4995000000000003,0,0
7.5,0,0
7.5004999999999997,0,0
7.5010000000000003,0,0
7.5015000000000001,0,0
7.5019999999999998,0,0
7.5025000000000004,0,0
7.5030000000000001,0,0
7.5034999999999998,0,0
7.5039999999999996,0,0
7.5045000000000002,0,0
7.5049999999999999,0,0
7.5054999999999996,0,0
7.5060000000000002,0,0
7.5065,0,0
7.5069999999999997,0,0
7.5075000000000003,0,0
7.508,0,0
7.5084999999999997,0,0
7.5090000000000003,0,0
7.5095000000000001,0,0
7.5099999999999998,0,0
7.5105000000000004,0,0
7.5110000000000001,0,0
7.5114999999999998,0,0
7.5119999999999996,0,0
7.5125000000000002,0,0
7.5129999999999999,0,0
7.5134999999999996,0,0
7.5140000000000002,0,0
7.5145,0,0
7.5149999999999997,0,0
7.5155000000000003,0,0
7.516,0,0
7.5164999999999997,0,0
7.5170000000000003,0,0
7.5175000000000001,0,0
7.5179999999999998,0,0
7.5185000000000004,0,0
7.5190000000000001,0,0
7.5194999999999999,0,0
7.5199999999999996,0,0
7.5205000000000002,0,0
7.5209999999999999,0,0
7.5214999999999996,0,0
7.5220000000000002,0,0
7.5225,0,0
7.5229999999999997,0,0
7.5235000000000003,0,0
7.524,0,0
7.5244999999999997,0,0
7.5250000000000004,0,0
7.5255000000000001,0,0
7.5259999999999998,0,0
7.5265000000000004,0,0
7.5270000000000001,0,0
7.5274999999999999,0,0
7.5279999999999996,0,0
7.5285000000000002,0,0
7.5289999999999999,0,0
7.5294999999999996,0,0
7.5300000000000002,0,0
7.5305,0,0
7.5309999999999997,0,0
7.5315000000000003,0,0
7.532,0,0
7.5324999999999998,0,0
7.5330000000000004,0,0
7.5335000000000001,0,0
7.5339999999999998,0,0
7.5345000000000004,0,0
7.5350000000000001,0,0
7.5354999999999999,0,0
7.5359999999999996,0,0
7.5365000000000002,0,0
7.5369999999999999,0,0
7.5374999999999996,0,0
7.5380000000000003,0,0
7.5385,0,0
7.5389999999999997,0,0
7.5395000000000003,0,0
7.54,0,0
7.5404999999999998,0,0
7.5410000000000004,0,0
7.5415000000000001,0,0
7.5419999999999998,0,0
7.5425000000000004,0,0
7.5430000000000001,0,0
7.5434999999999999,0,0
7.5439999999999996,0,0
7.5445000000000002,0,0
7.5449999999999999,0,0
7.5454999999999997,0,0
7.5460000000000003,0,0
7.5465,0,0
7.5469999999999997,0,0
7.5475000000000003,0,0
7.548,0,0
7.5484999999999998,0,0
7.5490000000000004,0,0
7.5495000000000001,0,0
7.5499999999999998,0,0
7.5505000000000004,0,0
7.5510000000000002,0,0
7.5514999999999999,0,0
7.5519999999999996,0,0
7.5525000000000002,0,0
7.5529999999999999,0,0
7.5534999999999997,0,0
7.5540000000000003,0,0
7.5545,0,0
7.5549999999999997,0,0
7.5555000000000003,0,0
7.556,0,0
7.5564999999999998,0,0
7.5570000000000004,0,0
7.5575000000000001,0,0
7.5579999999999998,0,0
7.5585000000000004,0,0
7.5590000000000002,0,0
7.5594999999999999,0,0
7.5599999999999996,0,0
7.5605000000000002,0,0
7.5609999999999999,0,0
7.5614999999999997,0,0
7.5620000000000003,0,0
7.5625,0,0
7.5629999999999997,0,0
7.5635000000000003,0,0
7.5640000000000001,0,0
7.5644999999999998,0,0
7.5650000000000004,0,0
7.5655000000000001,0,0
7.5659999999999998,0,0
7.5664999999999996,0,0
7.5670000000000002,0,0
7.5674999999999999,0,0
7.5679999999999996,0,0
7.5685000000000002,0,0
7.569,0,0
7.5694999999999997,0,0
7.5700000000000003,0,0
7.5705,0,0
7.5709999999999997,0,0
7.5715000000000003,0,0
7.5720000000000001,0,0
7.5724999999999998,0,0
7.5730000000000004,0,0
7.5735000000000001,0,0
7.5739999999999998,0,0
7.5744999999999996,0,0
7.5750000000000002,0,0
7.5754999999999999,0,0
7.5759999999999996,0,0
7.5765000000000002,0,0
7.577,0,0
7.5774999999999997,0,0
7.5780000000000003,0,0
7.5785,0,0
7.5789999999999997,0,0
7.5795000000000003,0,0
7.5800000000000001,0,0
7.5804999999999998,0,0
7.5810000000000004,0,0
7.5815000000000001,0,0
7.5819999999999999,0,0
7.5824999999999996,0,0
7.5830000000000002,0,0
7.5834999999999999,0,0
7.5839999999999996,0,0
7.5845000000000002,0,0
7.585,0,0
7.5854999999999997,0,0
7.5860000000000003,0,0
7.5865,0,0
7.5869999999999997,0,0
7.5875000000000004,0,0
7.5880000000000001,0,0
7.5884999999999998,0,0
7.5890000000000004,0,0
7.5895000000000001,0,0
7.5899999999999999,0,0
7.5904999999999996,0,0
7.5910000000000002,0,0
7.5914999999999999,0,0
7.5919999999999996,0,0
7.5925000000000002,0,0
7.593,0,0
7.5934999999999997,0,0
7.5940000000000003,0,0
7.5945,0,0
7.5949999999999998,0,0
7.5955000000000004,0,0
7.5960000000000001,0,0
7.5964999999999998,0,0
7.5970000000000004,0,0
7.5975000000000001,0,0
7.5979999999999999,0,0
7.5984999999999996,0,0
7.5990000000000002,0,0
7.5994999999999999,0,0
7.5999999999999996,0,0
7.6005000000000003,0,0
7.601,0,0
7.6014999999999997,0,0
7.6020000000000003,0,0
7.6025,0,0
7.6029999999999998,0,0
7.6035000000000004,0,0
7.6040000000000001,0,0
7.6044999999999998,0,0
7.6050000000000004,0,0
7.6055000000000001,0,0
7.6059999999999999,0,0
7.6064999999999996,0,0
7.6070000000000002,0,0
7.6074999999999999,0,0
7.6079999999999997,0,0
7.6085000000000003,0,0
7.609,0,0
7.6094999999999997,0,0
7.6100000000000003,0,0
7.6105,0,0
7.6109999999999998,0,0
7.6115000000000004,0,0
7.6120000000000001,0,0
7.6124999999999998,0,0
7.6130000000000004,0,0
7.6135000000000002,0,0
7.6139999999999999,0,0
7.6144999999999996,0,0
7.6150000000000002,0,0
7.6154999999999999,0,0
7.6159999999999997,0,0
7.6165000000000003,0,0
7.617,0,0
7.6174999999999997,0,0
7.6180000000000003,0,0
7.6185,0,0
7.6189999999999998,0,0
7.6195000000000004,0,0
7.6200000000000001,0,0
7.6204999999999998,0,0
7.6210000000000004,0,0
7.6215000000000002,0,0
7.6219999999999999,0,0
7.6224999999999996,0,0
7.6230000000000002,0,0
7.6234999999999999,0,0
7.6239999999999997,0,0
7.6245000000000003,0,0
7.625,0,0
7.6254999999999997,0,0
7.6260000000000003,0,0
7.6265000000000001,0,0
7.6269999999999998,0,0
7.6275000000000004,0,0
7.6280000000000001,0,0
7.6284999999999998,0,0
7.6289999999999996,0,0
7.6295000000000002,0,0
7.6299999999999999,0,0
7.6304999999999996,0,0
7.6310000000000002,0,0
7.6315,0,0
7.6319999999999997,0,0
7.6325000000000003,0,0
7.633,0,0
7.6334999999999997,0,0
7.6340000000000003,0,0
7.6345000000000001,0,0
7.6349999999999998,0,0
7.6355000000000004,0,0
7.6360000000000001,0,0
7.6364999999999998,0,0
7.6369999999999996,0,0
7.6375000000000002,0,0
7.6379999999999999,0,0
7.6384999999999996,0,0
7.6390000000000002,0,0
7.6395,0,0
7.6399999999999997,0,0
7.6405000000000003,0,0
7.641,0,0
7.6414999999999997,0,0
7.6420000000000003,0,0
7.6425000000000001,0,0
7.6429999999999998,0,0
7.6435000000000004,0,0
7.6440000000000001,0,0
7.6444999999999999,0,0
7.6449999999999996,0,0
7.6455000000000002,0,0
7.6459999999999999,0,0
7.6464999999999996,0,0
7.6470000000000002,0,0
7.6475,0,0
7.6479999999999997,0,0
7.6485000000000003,0,0
7.649,0,0
7.6494999999999997,0,0
7.6500000000000004,0,0
7.6505000000000001,0,0
7.6509999999999998,0,0
7.6515000000000004,0,0
7.6520000000000001,0,0
7.6524999999999999,0,0
7.6529999999999996,0,0
7.6535000000000002,0,0
7.6539999999999999,0,0
7.6544999999999996,0,0
7.6550000000000002,0,0
7.6555,0,0
7.6559999999999997,0,0
7.6565000000000003,0,0
7.657,0,0
7.6574999999999998,0,0
7.6580000000000004,0,0
7.6585000000000001,0,0
7.6589999999999998,0,0
7.6595000000000004,0,0
7.6600000000000001,0,0
7.6604999999999999,0,0
7.6609999999999996,0,0
7.6615000000000002,0,0
7.6619999999999999,0,0
7.6624999999999996,0,0
7.6630000000000003,0,0
7.6635,0,0
7.6639999999999997,0,0
7.6645000000000003,0,0
7.665,0,0
7.6654999999999998,0,0
7.6660000000000004,0,0
7.6665000000000001,0,0
7.6669999999999998,0,0
7.6675000000000004,0,0
7.6680000000000001,0,0
7.6684999999999999,0,0
7.6689999999999996,0,0
7.6695000000000002,0,0
7.6699999999999999,0,0
7.6704999999999997,0,0
7.6710000000000003,0,0
7.6715,0,0
7.6719999999999997,0,0
7.6725000000000003,0,0
7.673,0,0
7.6734999999999998,0,0
7.6740000000000004,0,0
7.6745000000000001,0,0
7.6749999999999998,0,0
7.6755000000000004,0,0
7.6760000000000002,0,0
7.6764999999999999,0,0
7.6769999999999996,0,0
7.6775000000000002,0,0
7.6779999999999999,0,0
7.6784999999999997,0,0
7.6790000000000003,0,0
7.6795,0,0
7.6799999999999997,0,0
7.6805000000000003,0,0
7.681,0,0
7.6814999999999998,0,0
7.6820000000000004,0,0
7.6825000000000001,0,0
7.6829999999999998,0,0
7.6835000000000004,0,0
7.6840000000000002,0,0
7.6844999999999999,0,0
7.6849999999999996,0,0
7.6855000000000002,0,0
7.6859999999999999,0,0
7.6864999999999997,0,0
7.6870000000000003,0,0
7.6875,0,0
7.6879999999999997,0,0
7.6885000000000003,0,0
7.6890000000000001,0,0
7.6894999999999998,0,0
7.6900000000000004,0,0
7.6905000000000001,0,0
7.6909999999999998,0,0
7.6914999999999996,0,0
7.6920000000000002,0,0
7.6924999999999999,0,0
7.6929999999999996,0,0
7.6935000000000002,0,0
7.694,0,0
7.6944999999999997,0,0
7.6950000000000003,0,0
7.6955,0,0
7.6959999999999997,0,0
7.6965000000000003,0,0
7.6970000000000001,0,0
7.6974999999999998,0,0
7.6980000000000004,0,0
7.6985000000000001,0,0
7.6989999999999998,0,0
7.6994999999999996,0,0
7.7000000000000002,0,0
7.7004999999999999,0,0
7.7009999999999996,0,0
7.7015000000000002,0,0
7.702,0,0
7.7024999999999997,0,0
7.7030000000000003,0,0
7.7035,0,0
7.7039999999999997,0,0
7.7045000000000003,0,0
7.7050000000000001,0,0
7.7054999999999998,0,0
7.7060000000000004,0,0
7.7065000000000001,0,0
7.7069999999999999,0,0
7.7074999999999996,0,0
7.7080000000000002,0,0
7.7084999999999999,0,0
7.7089999999999996,0,0
7.7095000000000002,0,0
7.71,0,0
7.7104999999999997,0,0
7.7110000000000003,0,0
7.7115,0,0
7.7119999999999997,0,0
7.7125000000000004,0,0
7.7130000000000001,0,0
7.7134999999999998,0,0
7.7140000000000004,0,0
7.7145000000000001,0,0
7.7149999999999999,0,0
7.7154999999999996,0,0
7.7160000000000002,0,0
7.7164999999999999,0,0
7.7169999999999996,0,0
7.7175000000000002,0,0
7.718,0,0
7.7184999999999997,0,0
7.7190000000000003,0,0
7.7195,0,0
7.7199999999999998,0,0
7.7205000000000004,0,0
7.7210000000000001,0,0
7.7214999999999998,0,0
7.7220000000000004,0,0
7.7225000000000001,0,0
7.7229999999999999,0,0
7.7234999999999996,0,0
7.7240000000000002,0,0
7.7244999999999999,0,0
7.7249999999999996,0,0
7.7255000000000003,0,0
7.726,0,0
7.7264999999999997,0,0
7.7270000000000003,0,0
7.7275,0,0
7.7279999999999998,0,0
7.7285000000000004,0,0
7.7290000000000001,0,0
7.7294999999999998,0,0
7.7300000000000004,0,0
7.7305000000000001,0,0
7.7309999999999999,0,0
7.7314999999999996,0,0
7.7320000000000002,0,0
7.7324999999999999,0,0
7.7329999999999997,0,0
7.7335000000000003,0,0
7.734,0,0
7.7344999999999997,0,0
7.7350000000000003,0,0
7.7355,0,0
7.7359999999999998,0,0
7.7365000000000004,0,0
7.7370000000000001,0,0
7.7374999999999998,0,0
7.7380000000000004,0,0
7.7385000000000002,0,0
7.7389999999999999,0,0
7.7394999999999996,0,0
7.7400000000000002,0,0
7.7404999999999999,0,0
7.7409999999999997,0,0
7.7415000000000003,0,0
7.742,0,0
7.7424999999999997,0,0
7.7430000000000003,0,0
7.7435,0,0
7.7439999999999998,0,0
7.7445000000000004,0,0
7.7450000000000001,0,0
7.7454999999999998,0,0
7.7460000000000004,0,0
7.7465000000000002,0,0
7.7469999999999999,0,0
7.7474999999999996,0,0
7.7480000000000002,0,0
7.7484999999999999,0,0
7.7489999999999997,0,0
7.7495000000000003,0,0
7.75,0,0
7.7504999999999997,0,0
7.7510000000000003,0,0
7.7515000000000001,0,0
7.7519999999999998,0,0
7.7525000000000004,0,0
7.7530000000000001,0,0
7.7534999999999998,0,0
7.7539999999999996,0,0
7.7545000000000002,0,0
7.7549999999999999,0,0
7.7554999999999996,0,0
7.7560000000000002,0,0
7.7565,0,0
7.7569999999999997,0,0
7.7575000000000003,0,0
7.758,0,0
7.7584999999999997,0,0
7.7590000000000003,0,0
7.7595000000000001,0,0
7.7599999999999998,0,0
7.7605000000000004,0,0
7.7610000000000001,0,0
7.7614999999999998,0,0
7.7619999999999996,0,0
7.7625000000000002,0,0
7.7629999999999999,0,0
7.7634999999999996,0,0
7.7640000000000002,0,0
7.7645,0,0
7.7649999999999997,0,0
7.7655000000000003,0,0
7.766,0,0
7.7664999999999997,0,0
7.7670000000000003,0,0
7.7675000000000001,0,0
7.7679999999999998,0,0
7.7685000000000004,0,0
7.7690000000000001,0,0
7.7694999999999999,0,0
7.7699999999999996,0,0
7.7705000000000002,0,0
7.7709999999999999,0,0
7.7714999999999996,0,0
7.7720000000000002,0,0
7.7725,0,0
7.7729999999999997,0,0
7.7735000000000003,0,0
7.774,0,0
7.7744999999999997,0,0
7.7750000000000004,0,0
7.7755000000000001,0,0
7.7759999999999998,0,0
7.7765000000000004,0,0
7.7770000000000001,0,0
7.7774999999999999,0,0
7.7779999999999996,0,0
7.7785000000000002,0,0
7.7789999999999999,0,0
7.7794999999999996,0,0
7.7800000000000002,0,0
7.7805,0,0
7.7809999999999997,0,0
7.7815000000000003,0,0
7.782,0,0
7.7824999999999998,0,0
7.7830000000000004,0,0
7.7835000000000001,0,0
7.7839999999999998,0,0
7.7845000000000004,0,0
7.7850000000000001,0,0
7.7854999999999999,0,0
7.7859999999999996,0,0
7.7865000000000002,0,0
7.7869999999999999,0,0
7.7874999999999996,0,0
7.7880000000000003,0,0
7.7885,0,0
7.7889999999999997,0,0
7.7895000000000003,0,0
7.79,0,0
7.7904999999999998,0,0
7.7910000000000004,0,0
7.7915000000000001,0,0
7.7919999999999998,0,0
7.7925000000000004,0,0
7.7930000000000001,0,0
7.7934999999999999,0,0
7.7939999999999996,0,0
7.7945000000000002,0,0
7.7949999999999999,0,0
7.7954999999999997,0,0
7.7960000000000003,0,0
7.7965,0,0
7.7969999999999997,0,0
7.7975000000000003,0,0
7.798,0,0
7.7984999999999998,0,0
7.7990000000000004,0,0
7.7995000000000001,0,0
7.7999999999999998,0,0
7.8005000000000004,0,0
7.8010000000000002,0,0
7.8014999999999999,0,0
7.8019999999999996,0,0
7.8025000000000002,0,0
7.8029999999999999,0,0
7.8034999999999997,0,0
7.8040000000000003,0,0
7.8045,0,0
7.8049999999999997,0,0
7.8055000000000003,0,0
7.806,0,0
7.8064999999999998,0,0
7.8070000000000004,0,0
7.8075000000000001,0,0
7.8079999999999998,0,0
7.8085000000000004,0,0
7.8090000000000002,0,0
7.8094999999999999,0,0
7.8099999999999996,0,0
7.8105000000000002,0,0
7.8109999999999999,0,0
7.8114999999999997,0,0
7.8120000000000003,0,0
7.8125,0,0
7.8129999999999997,0,0
7.8135000000000003,0,0
7.8140000000000001,0,0
7.8144999999999998,0,0
7.8150000000000004,0,0
7.8155000000000001,0,0
7.8159999999999998,0,0
7.8164999999999996,0,0
7.8170000000000002,0,0
7.8174999999999999,0,0
7.8179999999999996,0,0
7.8185000000000002,0,0
7.819,0,0
7.8194999999999997,0,0
7.8200000000000003,0,0
7.8205,0,0
7.8209999999999997,0,0
7.8215000000000003,0,0
7.8220000000000001,0,0
7.8224999999999998,0,0
7.8230000000000004,0,0
7.8235000000000001,0,0
7.8239999999999998,0,0
7.8244999999999996,0,0
7.8250000000000002,0,0
7.8254999999999999,0,0
7.8259999999999996,0,0
7.8265000000000002,0,0
7.827,0,0
7.8274999999999997,0,0
7.8280000000000003,0,0
7.8285,0,0
7.8289999999999997,0,0
7.8295000000000003,0,0
7.8300000000000001,0,0
7.8304999999999998,0,0
7.8310000000000004,0,0
7.8315000000000001,0,0
7.8319999999999999,0,0
7.8324999999999996,0,0
7.8330000000000002,0,0
7.8334999999999999,0,0
7.8339999999999996,0,0
7.8345000000000002,0,0
7.835,0,0
7.8354999999999997,0,0
7.8360000000000003,0,0
7.8365,0,0
7.8369999999999997,0,0
7.8375000000000004,0,0
7.8380000000000001,0,0
7.8384999999999998,0,0
7.8390000000000004,0,0
7.8395000000000001,0,0
7.8399999999999999,0,0
7.8404999999999996,0,0
7.8410000000000002,0,0
7.8414999999999999,0,0
7.8419999999999996,0,0
7.8425000000000002,0,0
7.843,0,0
7.8434999999999997,0,0
7.8440000000000003,0,0
7.8445,0,0
7.8449999999999998,0,0
7.8455000000000004,0,0
7.8460000000000001,0,0
7.8464999999999998,0,0
7.8470000000000004,0,0
7.8475000000000001,0,0
7.8479999999999999,0,0
7.8484999999999996,0,0
7.8490000000000002,0,0
7.8494999999999999,0,0
7.8499999999999996,0,0
7.8505000000000003,0,0
7.851,0,0
7.8514999999999997,0,0
7.8520000000000003,0,0
7.8525,0,0
7.8529999999999998,0,0
7.8535000000000004,0,0
7.8540000000000001,0,0
7.8544999999999998,0,0
7.8550000000000004,0,0
7.8555000000000001,0,0
7.8559999999999999,0,0
7.8564999999999996,0,0
7.8570000000000002,0,0
7.8574999999999999,0,0
7.8579999999999997,0,0
7.8585000000000003,0,0
7.859,0,0
7.8594999999999997,0,0
7.8600000000000003,0,0
7.8605,0,0
7.8609999999999998,0,0
7.8615000000000004,0,0
7.8620000000000001,0,0
7.8624999999999998,0,0
7.8630000000000004,0,0
7.8635000000000002,0,0
7.8639999999999999,0,0
7.8644999999999996,0,0
7.8650000000000002,0,0
7.8654999999999999,0,0
7.8659999999999997,0,0
7.8665000000000003,0,0
7.867,0,0
7.8674999999999997,0,0
7.8680000000000003,0,0
7.8685,0,0
7.8689999999999998,0,0
7.8695000000000004,0,0
7.8700000000000001,0,0
7.8704999999999998,0,0
7.8710000000000004,0,0
7.8715000000000002,0,0
7.8719999999999999,0,0
7.8724999999999996,0,0
7.8730000000000002,0,0
7.8734999999999999,0,0
7.8739999999999997,0,0
7.8745000000000003,0,0
7.875,0,0
7.8754999999999997,0,0
7.8760000000000003,0,0
7.8765000000000001,0,0
7.8769999999999998,0,0
7.8775000000000004,0,0
7.8780000000000001,0,0
7.8784999999999998,0,0
7.8789999999999996,0,0
7.8795000000000002,0,0
7.8799999999999999,0,0
7.8804999999999996,0,0
7.8810000000000002,0,0
7.8815,0,0
7.8819999999999997,0,0
7.8825000000000003,0,0
7.883,0,0
7.8834999999999997,0,0
7.8840000000000003,0,0
7.8845000000000001,0,0
7.8849999999999998,0,0
7.8855000000000004,0,0
7.8860000000000001,0,0
7.8864999999999998,0,0
7.8869999999999996,0,0
7.8875000000000002,0,0
7.8879999999999999,0,0
7.8884999999999996,0,0
7.8890000000000002,0,0
7.8895,0,0
7.8899999999999997,0,0
7.8905000000000003,0,0
7.891,0,0
7.8914999999999997,0,0
7.8920000000000003,0,0
7.8925000000000001,0,0
7.8929999999999998,0,0
7.8935000000000004,0,0
7.8940000000000001,0,0
7.8944999999999999,0,0
7.8949999999999996,0,0
7.8955000000000002,0,0
7.8959999999999999,0,0
7.8964999999999996,0,0
7.8970000000000002,0,0
7.8975,0,0
7.8979999999999997,0,0
7.8985000000000003,0,0
7.899,0,0
7.8994999999999997,0,0
7.9000000000000004,0,0
7.9005000000000001,0,0
7.9009999999999998,0,0
7.9015000000000004,0,0
7.9020000000000001,0,0
7.9024999999999999,0,0
7.9029999999999996,0,0
7.9035000000000002,0,0
7.9039999999999999,0,0
7.9044999999999996,0,0
7.9050000000000002,0,0
7.9055,0,0
7.9059999999999997,0,0
7.9065000000000003,0,0
7.907,0,0
7.9074999999999998,0,0
7.9080000000000004,0,0
7.9085000000000001,0,0
7.9089999999999998,0,0
7.9095000000000004,0,0
7.9100000000000001,0,0
7.9104999999999999,0,0
7.9109999999999996,0,0
7.9115000000000002,0,0
7.9119999999999999,0,0
7.9124999999999996,0,0
7.9130000000000003,0,0
7.9135,0,0
7.9139999999999997,0,0
7.9145000000000003,0,0
7.915,0,0
7.9154999999999998,0,0
7.9160000000000004,0,0
7.9165000000000001,0,0
7.9169999999999998,0,0
7.9175000000000004,0,0
7.9180000000000001,0,0
7.9184999999999999,0,0
7.9189999999999996,0,0
7.9195000000000002,0,0
7.9199999999999999,0,0
7.9204999999999997,0,0
7.9210000000000003,0,0
7.9215,0,0
7.9219999999999997,0,0
7.9225000000000003,0,0
7.923,0,0
7.9234999999999998,0,0
7.9240000000000004,0,0
7.9245000000000001,0,0
7.9249999999999998,0,0
7.9255000000000004,0,0
7.9260000000000002,0,0
7.9264999999999999,0,0
7.9269999999999996,0,0
7.9275000000000002,0,0
7.9279999999999999,0,0
7.9284999999999997,0,0
7.9290000000000003,0,0
7.9295,0,0
7.9299999999999997,0,0
7.9305000000000003,0,0
7.931,0,0
7.9314999999999998,0,0
7.9320000000000004,0,0
7.9325000000000001,0,0
7.9329999999999998,0,0
7.9335000000000004,0,0
7.9340000000000002,0,0
7.9344999999999999,0,0
7.9349999999999996,0,0
7.9355000000000002,0,0
7.9359999999999999,0,0
7.9364999999999997,0,0
7.9370000000000003,0,0
7.9375,0,0
7.9379999999999997,0,0
7.9385000000000003,0,0
7.9390000000000001,0,0
7.9394999999999998,0,0
7.9400000000000004,0,0
7.9405000000000001,0,0
7.9409999999999998,0,0
7.9414999999999996,0,0
7.9420000000000002,0,0
7.9424999999999999,0,0
7.9429999999999996,0,0
7.9435000000000002,0,0
7.944,0,0
7.9444999999999997,0,0
7.9450000000000003,0,0
7.9455,0,0
7.9459999999999997,0,0
7.9465000000000003,0,0
7.9470000000000001,0,0
7.9474999999999998,0,0
7.9480000000000004,0,0
7.9485000000000001,0,0
7.9489999999999998,0,0
7.9494999999999996,0,0
7.9500000000000002,0,0
7.9504999999999999,0,0
7.9509999999999996,0,0
7.9515000000000002,0,0
7.952,0,0
7.9524999999999997,0,0
7.9530000000000003,0,0
7.9535,0,0
7.9539999999999997,0,0
7.9545000000000003,0,0
7.9550000000000001,0,0
7.9554999999999998,0,0
7.9560000000000004,0,0
7.9565000000000001,0,0
7.9569999999999999,0,0
7.9574999999999996,0,0
7.9580000000000002,0,0
7.9584999999999999,0,0
7.9589999999999996,0,0
7.9595000000000002,0,0
7.96,0,0
7.9604999999999997,0,0
7.9610000000000003,0,0
7.9615,0,0
7.9619999999999997,0,0
7.9625000000000004,0,0
7.9630000000000001,0,0
7.9634999999999998,0,0
7.9640000000000004,0,0
7.9645000000000001,0,0
7.9649999999999999,0,0
7.9654999999999996,0,0
7.9660000000000002,0,0
7.9664999999999999,0,0
7.9669999999999996,0,0
7.9675000000000002,0,0
7.968,0,0
7.9684999999999997,0,0
7.9690000000000003,0,0
7.9695,0,0
7.9699999999999998,0,0
7.9705000000000004,0,0
7.9710000000000001,0,0
7.9714999999999998,0,0
7.9720000000000004,0,0
7.9725000000000001,0,0
7.9729999999999999,0,0
7.9734999999999996,0,0
7.9740000000000002,0,0
7.9744999999999999,0,0
7.9749999999999996,0,0
7.9755000000000003,0,0
7.976,0,0
7.9764999999999997,0,0
7.9770000000000003,0,0
7.9775,0,0
7.9779999999999998,0,0
7.9785000000000004,0,0
7.9790000000000001,0,0
7.9794999999999998,0,0
7.9800000000000004,0,0
7.9805000000000001,0,0
7.9809999999999999,0,0
7.9814999999999996,0,0
7.9820000000000002,0,0
7.9824999999999999,0,0
7.9829999999999997,0,0
7.9835000000000003,0,0
7.984,0,0
7.9844999999999997,0,0
7.9850000000000003,0,0
7.9855,0,0
7.9859999999999998,0,0
7.9865000000000004,0,0
7.9870000000000001,0,0
7.9874999999999998,0,0
7.9880000000000004,0,0
7.9885000000000002,0,0
7.9889999999999999,0,0
7.9894999999999996,0,0
7.9900000000000002,0,0
7.9904999999999999,0,0
7.9909999999999997,0,0
7.9915000000000003,0,0
7.992,0,0
7.9924999999999997,0,0
7.9930000000000003,0,0
7.9935,0,0
7.9939999999999998,0,0
7.9945000000000004,0,0
7.9950000000000001,0,0
7.9954999999999998,0,0
7.9960000000000004,0,0
7.9965000000000002,0,0
7.9969999999999999,0,0
7.9974999999999996,0,0
7.9980000000000002,0,0
7.9984999999999999,0,0
7.9989999999999997,0,0
7.9995000000000003,0,0
8,0,0
8.0005000000000006,0,0
8.0009999999999994,0,0
8.0015000000000001,0,0
8.0020000000000007,0,0
8.0024999999999995,0,0
8.0030000000000001,0,0
8.0035000000000007,0,0
8.0039999999999996,0,0
8.0045000000000002,0,0
8.0050000000000008,0,0
8.0054999999999996,0,0
8.0060000000000002,0,0
8.0065000000000008,0,0
8.0069999999999997,0,0
8.0075000000000003,0,0
8.0079999999999991,0,0
8.0084999999999997,0,0
8.0090000000000003,0,0
8.0094999999999992,0,0
8.0099999999999998,0,0
8.0105000000000004,0,0
8.0109999999999992,0,0
8.0114999999999998,0,0
8.0120000000000005,0,0
8.0124999999999993,0,0
8.0129999999999999,0,0
8.0135000000000005,0,0
8.0139999999999993,0,0
8.0145,0,0
8.0150000000000006,0,0
8.0154999999999994,0,0
8.016,0,0
8.0165000000000006,0,0
8.0169999999999995,0,0
8.0175000000000001,0,0
8.0180000000000007,0,0
8.0184999999999995,0,0
8.0190000000000001,0,0
8.0195000000000007,0,0
8.0199999999999996,0,0
8.0205000000000002,0,0
8.0210000000000008,0,0
8.0214999999999996,0,0
8.0220000000000002,0,0
8.0225000000000009,0,0
8.0229999999999997,0,0
8.0235000000000003,0,0
8.0239999999999991,0,0
8.0244999999999997,0,0
8.0250000000000004,0,0
8.0254999999999992,0,0
8.0259999999999998,0,0
8.0265000000000004,0,0
8.0269999999999992,0,0
8.0274999999999999,0,0
8.0280000000000005,0,0
8.0284999999999993,0,0
8.0289999999999999,0,0
8.0295000000000005,0,0
8.0299999999999994,0,0
8.0305,0,0
8.0310000000000006,0,0
8.0314999999999994,0,0
8.032,0,0
8.0325000000000006,0,0
8.0329999999999995,0,0
8.0335000000000001,0,0
8.0340000000000007,0,0
8.0344999999999995,0,0
8.0350000000000001,0,0
8.0355000000000008,0,0
8.0359999999999996,0,0
8.0365000000000002,0,0
8.0370000000000008,0,0
8.0374999999999996,0,0
8.0380000000000003,0,0
8.0385000000000009,0,0
8.0389999999999997,0,0
8.0395000000000003,0,0
8.0399999999999991,0,0
8.0404999999999998,0,0
8.0410000000000004,0,0
8.0414999999999992,0,0
8.0419999999999998,0,0
8.0425000000000004,0,0
8.0429999999999993,0,0
8.0434999999999999,0,0
8.0440000000000005,0,0
8.0444999999999993,0,0
8.0449999999999999,0,0
8.0455000000000005,0,0
8.0459999999999994,0,0
8.0465,0,0
8.0470000000000006,0,0
8.0474999999999994,0,0
8.048,0,0
8.0485000000000007,0,0
8.0489999999999995,0,0
8.0495000000000001,0,0
8.0500000000000007,0,0
8.0504999999999995,0,0
8.0510000000000002,0,0
8.0515000000000008,0,0
8.0519999999999996,0,0
8.0525000000000002,0,0
8.0530000000000008,0,0
8.0534999999999997,0,0
8.0540000000000003,0,0
8.0545000000000009,0,0
8.0549999999999997,0,0
8.0555000000000003,0,0
8.0559999999999992,0,0
8.0564999999999998,0,0
8.0570000000000004,0,0
8.0574999999999992,0,0
8.0579999999999998,0,0
8.0585000000000004,0,0
8.0589999999999993,0,0
8.0594999999999999,0,0
8.0600000000000005,0,0
8.0604999999999993,0,0
8.0609999999999999,0,0
8.0615000000000006,0,0
8.0619999999999994,0,0
8.0625,0,0
8.0630000000000006,0,0
8.0634999999999994,0,0
8.0640000000000001,0,0
8.0645000000000007,0,0
8.0649999999999995,0,0
8.0655000000000001,0,0
8.0660000000000007,0,0
8.0664999999999996,0,0
8.0670000000000002,0,0
8.0675000000000008,0,0
8.0679999999999996,0,0
8.0685000000000002,0,0
8.0690000000000008,0,0
8.0694999999999997,0,0
8.0700000000000003,0,0
8.0704999999999991,0,0
8.0709999999999997,0,0
8.0715000000000003,0,0
8.0719999999999992,0,0
8.0724999999999998,0,0
8.0730000000000004,0,0
8.0734999999999992,0,0
8.0739999999999998,0,0
8.0745000000000005,0,0
8.0749999999999993,0,0
8.0754999999999999,0,0
8.0760000000000005,0,0
8.0764999999999993,0,0
8.077,0,0
8.0775000000000006,0,0
8.0779999999999994,0,0
8.0785,0,0
8.0790000000000006,0,0
8.0794999999999995,0,0
8.0800000000000001,0,0
8.0805000000000007,0,0
8.0809999999999995,0,0
8.0815000000000001,0,0
8.0820000000000007,0,0
8.0824999999999996,0,0
8.0830000000000002,0,0
8.0835000000000008,0,0
8.0839999999999996,0,0
8.0845000000000002,0,0
8.0850000000000009,0,0
8.0854999999999997,0,0
8.0860000000000003,0,0
8.0864999999999991,0,0
8.0869999999999997,0,0
8.0875000000000004,0,0
8.0879999999999992,0,0
8.0884999999999998,0,0
8.0890000000000004,0,0
8.0894999999999992,0,0
8.0899999999999999,0,0
8.0905000000000005,0,0
8.0909999999999993,0,0
8.0914999999999999,0,0
8.0920000000000005,0,0
8.0924999999999994,0,0
8.093,0,0
8.0935000000000006,0,0
8.0939999999999994,0,0
8.0945,0,0
8.0950000000000006,0,0
8.0954999999999995,0,0
8.0960000000000001,0,0
8.0965000000000007,0,0
8.0969999999999995,0,0
8.0975000000000001,0,0
8.0980000000000008,0,0
8.0984999999999996,0,0
8.0990000000000002,0,0
8.0995000000000008,0,0
8.0999999999999996,0,0
8.1005000000000003,0,0
8.1010000000000009,0,0
8.1014999999999997,0,0
8.1020000000000003,0,0
8.1024999999999991,0,0
8.1029999999999998,0,0
8.1035000000000004,0,0
8.1039999999999992,0,0
8.1044999999999998,0,0
8.1050000000000004,0,0
8.1054999999999993,0,0
8.1059999999999999,0,0
8.1065000000000005,0,0
8.1069999999999993,0,0
8.1074999999999999,0,0
8.1080000000000005,0,0
8.1084999999999994,0,0
8.109,0,0
8.1095000000000006,0,0
8.1099999999999994,0,0
8.1105,0,0
8.1110000000000007,0,0
8.1114999999999995,0,0
8.1120000000000001,0,0
8.1125000000000007,0,0
8.1129999999999995,0,0
8.1135000000000002,0,0
8.1140000000000008,0,0
8.1144999999999996,0,0
8.1150000000000002,0,0
8.1155000000000008,0,0
8.1159999999999997,0,0
8.1165000000000003,0,0
8.1170000000000009,0,0
8.1174999999999997,0,0
8.1180000000000003,0,0
8.1184999999999992,0,0
8.1189999999999998,0,0
8.1195000000000004,0,0
8.1199999999999992,0,0
8.1204999999999998,0,0
8.1210000000000004,0,0
8.1214999999999993,0,0
8.1219999999999999,0,0
8.1225000000000005,0,0
8.1229999999999993,0,0
8.1234999999999999,0,0
8.1240000000000006,0,0
8.1244999999999994,0,0
8.125,0,0
8.1255000000000006,0,1.1102230246251566e-17
8.1259999999999994,0,2.2204460492503132e-17
8.1265000000000001,0,4.4408920985006264e-17
8.1270000000000007,0,8.8817841970012528e-17
8.1274999999999995,0,1.6653345369377348e-16
8.1280000000000001,0,2.8865798640254071e-16
8.1285000000000007,0,4.6629367034256577e-16
8.1289999999999996,0,7.3274719625260328e-16
8.1295000000000002,0,1.1324274851176596e-15
8.1300000000000008,0,1.7319479184152442e-15
8.1304999999999996,0,2.6090241078691179e-15
8.1310000000000002,0,3.8746783559417962e-15
8.1315000000000008,0,5.6954441163270527e-15
8.1319999999999997,0,8.2822637637036672e-15
8.1325000000000003,0,1.1923795284474182e-14
8.1329999999999991,0,1.7030821197749902e-14
8.1334999999999997,0,2.4125146325104653e-14
8.1340000000000003,0,3.3906211172052278e-14
8.1344999999999992,0,4.7328807539770425e-14
8.1349999999999998,0,6.563638521583926e-14
8.1355000000000004,0,9.0449869816211508e-14
8.1359999999999992,0,1.2387868508767496e-13
8.1364999999999998,0,1.6868728636154629e-13
8.1370000000000005,0,2.2841728508637972e-13
8.1374999999999993,0,3.0762059566313839e-13
8.1379999999999999,0,4.1212588897110435e-13
8.1385000000000005,0,5.4933835258452746e-13
8.1389999999999993,0,7.2866157552198272e-13
8.1395,0,9.619305352259743e-13
8.1400000000000006,0,1.2640333224567257e-12
8.1404999999999994,0,1.6535772751069544e-12
8.141,0,2.1537549521610798e-12
8.1415000000000006,0,2.7933433344173864e-12
8.1419999999999995,0,3.6079250698151099e-12
8.1425000000000001,0,4.641320661136206e-12
8.1430000000000007,0,5.9473093116935159e-12
8.1434999999999995,0,7.5916828379263282e-12
8.1440000000000001,0,9.6545882399823316e-12
8.1445000000000007,0,1.2233392077121153e-11
8.1449999999999996,0,1.5445988932327737e-11
8.1455000000000002,0,1.9434598375056565e-11
8.1460000000000008,0,2.4370339080093117e-11
8.1464999999999996,0,3.0458391364618363e-11
8.1470000000000002,0,3.7944092312613975e-11
8.1475000000000009,0,4.7119896873226706e-11
8.1479999999999997,0,5.8333471386617925e-11
8.1485000000000003,0,7.199686402614702e-11
8.1489999999999991,0,8.8597162939407786e-11
8.1494999999999997,0,1.0870858657696658e-10
8.1500000000000004,0,1.3300626156009797e-10
8.1504999999999992,0,1.6228192123435293e-10
8.1509999999999998,0,1.9746169144241322e-10
8.1515000000000004,0,2.3962620776529775e-10
8.1519999999999992,0,2.9003331958321609e-10
8.1524999999999999,0,3.5014369181851634e-10
8.1530000000000005,0,4.2164953750756239e-10
8.1534999999999993,0,5.0650685867736913e-10
8.1539999999999999,0,6.0697143977606063e-10
8.1545000000000005,0,7.2563913766643393e-10
8.1549999999999994,0,8.6549071243169349e-10
8.1555,0,1.0299416763892566e-09
8.1560000000000006,0,1.2228976054018404e-09
8.1564999999999994,0,1.4488154009839604e-09
8.157,0,1.7127710472131241e-09
8.1575000000000006,0,2.0205342177170849e-09
8.1579999999999995,0,2.3786506875289603e-09
8.1585000000000001,0,2.7945327274458977e-09
8.1590000000000007,0,3.2765583912741648e-09
8.1594999999999995,0,3.8341802843788738e-09
8.1600000000000001,0,4.4780445573877616e-09
8.1605000000000008,0,5.2201207467739156e-09
8.1609999999999996,0,6.0738434393137199e-09
8.1615000000000002,0,7.0542663599404424e-09
8.1620000000000008,0,8.1782299377053385e-09
8.1624999999999996,0,9.464543027082329e-09
8.1630000000000003,0,1.0934179850430325e-08
8.1635000000000009,0,1.2610493083098363e-08
8.1639999999999997,0,1.4519444024863049e-08
8.1645000000000003,0,1.6689850912410263e-08
8.1649999999999991,0,1.9153656405368479e-08
8.1654999999999998,0,2.1946215411627889e-08
8.1660000000000004,0,2.5106604195634929e-08
8.1664999999999992,0,2.8677952124134265e-08
8.1669999999999998,0,3.2707797126274582e-08
8.1675000000000004,0,3.7248465989403459e-08
8.1679999999999993,0,4.2357480845023329e-08
8.1684999999999999,0,4.8097993088358493e-08
8.1690000000000005,0,5.453924585285819e-08
8.1694999999999993,0,6.1757066527334817e-08
8.1699999999999999,0,6.9834390403755725e-08
8.1705000000000005,0,7.8861816965591913e-08
8.1709999999999994,0,8.8938199915844507e-08
8.1715,0,1.001712724990611e-07
8.1720000000000006,0,1.1267830917205401e-07
8.1724999999999994,0,1.2658682514432583e-07
8.173,0,1.4203531495393662e-07
8.1735000000000007,0,1.5917403142218234e-07
8.1739999999999995,0,1.7816580619722799e-07
8.1745000000000001,0,1.9918691313014492e-07
8.1750000000000007,0,2.224279757379044e-07
8.1754999999999995,0,2.4809491980803957e-07
8.1760000000000002,0,2.7640997229960718e-07
8.1765000000000008,0,3.0761270768397965e-07
8.1769999999999996,0,3.4196114253592922e-07
8.1775000000000002,0,3.7973287944081944e-07
8.1780000000000008,0,4.2122630110608129e-07
8.1784999999999997,0,4.6676181534310859e-07
8.1790000000000003,0,5.1668315166342187e-07
8.1795000000000009,0,5.7135871005531409e-07
8.1799999999999997,0,6.3118296254049968e-07
8.1805000000000003,0,6.9657790759958258e-07
8.1809999999999992,0,7.6799457809917371e-07
8.1814999999999998,0,8.4591460260963201e-07
8.1820000000000004,0,9.3085182005792073e-07
8.1824999999999992,0,1.0233539477599863e-06
8.1829999999999998,0,1.1240043023885703e-06
8.1835000000000004,0,1.2334235734656752e-06
8.1839999999999993,0,1.3522716487024411e-06
8.1844999999999999,0,1.4812494904536955e-06
8.1850000000000005,0,1.6211010622990686e-06
8.1854999999999993,0,1.7726153044739234e-06
8.1859999999999999,0,1.9366281570509793e-06
8.1865000000000006,0,2.1140246289519384e-06
8.1869999999999994,0,2.3057409113902417e-06
8.1875,0,2.5127665335911154e-06
8.1880000000000006,0,2.7361465585906687e-06
8.1884999999999994,0,2.9769838168380859e-06
8.1890000000000001,0,3.2364411750140929e-06
8.1895000000000007,0,3.5157438370125858e-06
8.1899999999999995,0,3.8161816743431663e-06
8.1905000000000001,0,4.1391115824462862e-06
8.1910000000000007,0,4.4859598595348158e-06
8.1914999999999996,0,4.8582246042427887e-06
8.1920000000000002,0,5.2574781280845249e-06
8.1925000000000008,0,5.6853693786163007e-06
8.1929999999999996,0,6.1436263689040873e-06
8.1935000000000002,0,6.6340586087010319e-06
8.1940000000000008,0,7.158559532494113e-06
8.1944999999999997,0,7.7191089195127745e-06
8.1950000000000003,0,8.3177753003482728e-06
8.1954999999999991,0,8.9567183449767999e-06
8.1959999999999997,0,9.6381912263687749e-06
8.1965000000000003,0,1.0364542954099942e-05
8.1969999999999992,0,1.1138220672002319e-05
8.1974999999999998,0,1.1961771913693297e-05
8.1980000000000004,0,1.2837846809887754e-05
8.1984999999999992,0,1.3769200240976164e-05
8.1989999999999998,0,1.4758693928473843e-05
8.1995000000000005,0,1.5809298458813183e-05
8.1999999999999993,0,1.6924095232562219e-05
8.2004999999999999,0,1.8106278332596926e-05
8.2010000000000005,0,1.9359156304143977e-05
8.2014999999999993,0,2.0686153839921672e-05
8.202,0,2.2090813363473406e-05
8.2025000000000006,0,2.3576796503699259e-05
8.2029999999999994,0,2.5147885453680187e-05
8.2035,0,2.680798420687802e-05
8.2040000000000006,0,2.8561119663872425e-05
8.2044999999999995,0,3.0411442602673588e-05
8.2050000000000001,0,3.2363228506016031e-05
8.2055000000000007,0,3.4420878238849983e-05
8.2059999999999995,0,3.6588918569557816e-05
8.2065000000000001,0,3.8872002528433927e-05
8.2070000000000007,0,4.1274909597088796e-05
8.2074999999999996,0,4.3802545722859688e-05
8.2080000000000002,0,4.6459943152010738e-05
8.2085000000000008,0,4.9252260076293464e-05
8.2089999999999996,0,5.21847800871722e-05
8.2095000000000002,0,5.5262911432529818e-05
8.2100000000000009,0,5.8492186070890909e-05
8.2104999999999997,0,6.1878258518310863e-05
8.2110000000000003,0,6.5426904483667508e-05
8.2114999999999991,0,6.9144019288092107e-05
8.2119999999999997,0,7.3035616064842662e-05
8.2125000000000004,0,7.7107823736066722e-05
8.2129999999999992,0,8.1366884763467426e-05
8.2134999999999998,0,8.5819152670041363e-05
8.2140000000000004,0,9.0471089330546034e-05
8.2144999999999992,0,9.5329262028853728e-05
8.2149999999999999,0,0.00010040034028048206
8.2155000000000005,0,0.00010569109241926888
8.2159999999999993,0,0.00011120838194742522
8.2164999999999999,0,0.00011695916364881098
8.2170000000000005,0,0.00012295047946536686
8.2174999999999994,0,0.00012918945413766813
8.218,0,0.00013568329061022232
8.2185000000000006,0,0.00014243926520356441
8.2189999999999994,0,0.00014946472255463749
8.2195,0,0.00015676707032832304
8.2200000000000006,0,0.0001643537737028078
8.2204999999999995,0,0.00017223234963226197
8.2210000000000001,0,0.00018041036089067042
8.2215000000000007,0,0.00018889540990124631
8.2219999999999995,0,0.00019769513235596837
8.2225000000000001,0,0.00020681719063077032
8.2230000000000008,0,0.00021626926700190062
8.2234999999999996,0,0.00022605905666960301
8.2240000000000002,0,0.00023619426059576787
8.2245000000000008,0,0.00024668257816248265
8.2249999999999996,0,0.00025753169966016289
8.2255000000000003,0,0.00026874929861785412
8.2260000000000009,0,0.00028034302399533307
8.2264999999999997,0,0.00029232049226585177
8.2270000000000003,0,0.00030468927942988165
8.2274999999999991,0,0.00031745691301270361
8.2279999999999998,0,0.00033063086411156962
8.2285000000000004,0,0.00034421853957050663
8.2289999999999992,0,0.0003582272743716475
8.2294999999999998,0,0.00037266432434132082
8.2300000000000004,0,0.00038753685927566116
8.2304999999999993,0,0.00040285195659413021
8.2309999999999999,0,0.00041861659563056095
8.2315000000000005,0,0.00043483765266851828
8.2319999999999993,0,0.0004515218968229484
8.2324999999999999,0,0.00046867598686133326
8.2330000000000005,0,0.00048630646904681554
8.2334999999999994,0,0.000504419776072329
8.234,0,0.00052302222713924702
8.2345000000000006,0,0.00054212002921711906
8.2349999999999994,0,0.0005617192795023707
8.2355,0,0.00058182596907502271
8.2360000000000007,0,0.00060244598773253613
8.2364999999999995,0,0.00062358512996038009
8.2370000000000001,0,0.0006452491019795281
8.2375000000000007,0,0.00066744352979242194
8.2379999999999995,0,0.00069017396813154659
8.2385000000000002,0,0.00071344591019811832
8.2390000000000008,0,0.00073726479806393022
8.2394999999999996,0,0.00076163603359604706
8.2400000000000002,0,0.00078656498975330222
8.2405000000000008,0,0.00081205702209389272
8.2409999999999997,0,0.00083811748032707194
8.2415000000000003,0,0.0008647517197361565
8.2420000000000009,0,0.00089196511229816533
8.2424999999999997,0,0.00091976305732437429
8.2430000000000003,0,0.00094815099144754942
8.2434999999999992,0,0.00097713439778529532
8.2439999999999998,0,0.0010067188141142601
8.2445000000000004,0,0.0010369098398969379
8.2449999999999992,0,0.001067713142011939
8.2454999999999998,0,0.0010991344590484896
8.2460000000000004,0,0.0011311796040381129
8.2464999999999993,0,0.0011638544655084959
8.2469999999999999,0,0.0011971650067591709
8.2475000000000005,0,0.0012311172632726187
8.2479999999999993,0,0.00126571733818992
8.2484999999999999,0,0.0013009713957958912
8.2490000000000006,0,0.0013368856529746508
8.2494999999999994,0,0.0013734663686124859
8.25,0,0.0014107198309416757
8.2505000000000006,0,0.0014486523428343112
8.2509999999999994,0,0.0014872702050712449
8.2515000000000001,0,0.0015265796976266844
8.2520000000000007,0,0.0015665870590234054
8.2524999999999995,0,0.0016072984638280997
8.2530000000000001,0,0.0016487199983692524
8.2535000000000007,0,0.0016908576347731351
8.2539999999999996,0,0.0017337172034246561
8.2545000000000002,0,0.0017773043639706331
8.2550000000000008,0,0.0018216245749931969
8.2554999999999996,0,0.0018666830624889496
8.2560000000000002,0,0.0019124847872978412
8.2565000000000008,0,0.0019590344116317991
8.2569999999999997,0,0.0020063362648586104
8.2575000000000003,0,0.0020543943087010684
8.2579999999999991,0,0.0021032121020144847
8.2584999999999997,0,0.0021527927653077318
8.2590000000000003,0,0.0022031389451744434
8.2594999999999992,0,0.002254252778800636
8.2599999999999998,0,0.0023061358587145196
8.2605000000000004,0,0.0023587891979422793
8.2609999999999992,0,0.0024122131957307834
8.2614999999999998,0,0.0024664076039949802
8.2620000000000005,0,0.0025213714946429209
8.2624999999999993,0,0.0025771032279266692
8.2629999999999999,0,0.0026336004219613242
8.2635000000000005,0,0.0026908599235480946
8.2639999999999993,0,0.0027488777804305252
8.2645,0,0.002807649215105379
8.2650000000000006,0,0.0028671686003016949
8.2654999999999994,0,0.0029274294362336972
8.266,0,0.0029884243297242487
8.2665000000000006,0,0.0030501449752867614
8.2669999999999995,0,0.0031125821382446796
8.2675000000000001,0,0.0031757256399582044
8.2680000000000007,0,0.0032395643452187485
8.2684999999999995,0,0.0033040861518621734
8.2690000000000001,0,0.0033692779826428711
8.2695000000000007,0,0.0034351257794009381
8.2699999999999996,0,0.0035016144995461016
8.2705000000000002,0,0.0035687281148723883
8.2710000000000008,0,0.0036364496127095471
8.2714999999999996,0,0.0037047609994074969
8.2720000000000002,0,0.0037736433061425489
8.2725000000000009,0,0.0038430765970256741
8.2729999999999997,0,0.0039130399794853003
8.2735000000000003,0,0.0039835116168894236
8.2739999999999991,0,0.0040544687433651475
8.2744999999999997,0,0.0041258876807665377
8.2750000000000004,0,0.0041977438577353032
8.2754999999999992,0,0.0042700118307931302
8.2759999999999998,0,0.0043426653073985414
8.2765000000000004,0,0.0044156771708960593
8.2769999999999992,0,0.0044890195072807889
8.2774999999999999,0,0.0045626636336970061
8.2780000000000005,0,0.0046365801285854881
8.2784999999999993,0,0.0047107388633908509
8.2789999999999999,0,0.0047851090357369785
8.2795000000000005,0,0.004859659203975986
8.2799999999999994,0,0.004934357323013905
8.2805,0,0.0050091707813144978
8.2810000000000006,0,0.0050840664389809279
8.2814999999999994,0,0.0051590106668139898
8.282,0,0.0052339693862452517
8.2825000000000006,0,0.0053089081100425317
8.2829999999999995,0,0.0053837919836853152
8.2835000000000001,0,0.0054585858273085265
8.2840000000000007,0,0.0055332541781128895
8.2844999999999995,0,0.005607761333141714
8.2850000000000001,0,0.00568207139232485
8.2855000000000008,0,0.0057561483016922207
8.2859999999999996,0,0.00582995589666091
8.2865000000000002,0,0.0059034579453020484
8.2870000000000008,0,0.0059766181914957302
8.2874999999999996,1,0.0060494003978846193
8.2880000000000003,1,0.0061217683885398614
8.2885000000000009,0,-0.0038710398411886393
8.2889999999999997,0,-0.013813573062713103
8.2895000000000003,0,-0.01273872899682571
8.2899999999999991,0,-0.011714639124081171
8.2904999999999998,0,-0.010738828852726746
8.2910000000000004,0,-0.0098089487759319364
8.2914999999999992,0,-0.0089227683587215553
8.2919999999999998,0,-0.0080781699395086615
8.2925000000000004,0,-0.0072731430305976287
8.2929999999999993,0,-0.0065057789028088679
8.2934999999999999,0,-0.0057742654401183426
8.2940000000000005,0,-0.0050768822509093311
8.2944999999999993,0,-0.0044119960231022827
8.2949999999999999,0,-0.0037780561110636992
8.2955000000000005,0,-0.0031735903427986267
8.2959999999999994,0,-0.0025972010365047813
8.2965,0,-0.0020475612161089838
8.2970000000000006,0,-0.0015234110159249026
8.2974999999999994,0,-0.001023554265061477
8.298,0,-0.00054685524267704681
8.2985000000000007,0,-9.2235595618284091e-05
8.2989999999999995,0,0.00034132858959761147
8.2995000000000001,0,0.00075480956809916846
8.3000000000000007,0,0.0011491305785366168
8.3004999999999995,0,0.0015251683524201477
8.3010000000000002,0,0.0018968804974795138
8.3015000000000008,0,0.0022706743823724396
8.3019999999999996,0,0.0026441816085385874
8.3025000000000002,0,0.003015351213013362
8.3030000000000008,0,0.0033824154032858879
8.3034999999999997,0,0.0037438588961073659
8.3040000000000003,0,0.0040983914605236208
8.3045000000000009,0,0.0044449233138509122
8.3049999999999997,0,0.0047825430612949416
8.3055000000000003,0,0.0051104979063713585
8.3059999999999992,0,0.0054281758910190384
8.3064999999999998,0,0.0057350899519739151
8.3070000000000004,1,0.0060308636041607744
8.3074999999999992,1,0.0063152180830417515
8.3079999999999998,0,-0.003657507645617941
8.3085000000000004,0,-0.013580178887778859
8.3089999999999993,0,-0.012309485901933393
8.3094999999999999,0,-0.011101636844955165
8.3100000000000005,0,-0.0099540196369293128
8.3104999999999993,0,-0.0088641059970100636
8.3109999999999999,0,-0.0078294510980575719
8.3115000000000006,0,-0.0068476929132125332
8.3119999999999994,0,-0.0059165512998313966
8.3125,0,-0.005033826860820878
8.3130000000000006,0,-0.0041973996186539849
8.3134999999999994,0,-0.0034052275331508675
8.3140000000000001,0,-0.0026553448903894107
8.3145000000000007,0,-0.0019458605868228119
8.3149999999999995,0,-0.001274956329768695
8.3155000000000001,0,-0.00064088477285281222
8.3160000000000007,0,-4.1967602703640861e-05
8.3164999999999996,0,0.00052340640883706828
8.3170000000000002,0,0.0010567833745208643
8.3175000000000008,0,0.0015596462726490735
8.3179999999999996,0,0.0020334169297295812
8.3185000000000002,0,0.002479457996643042
8.3190000000000008,0,0.0028990749112463242
8.3194999999999997,0,0.0032935178413321274
8.3200000000000003,0,0.0036639836027453575
8.3204999999999991,0,0.0040116175482371782
8.3209999999999997,0,0.0043375154233313059
8.3215000000000003,0,0.0046427251860910899
8.3219999999999992,0,0.0049282487882200358
8.3224999999999998,0,0.005195043915409525
8.3230000000000004,0,0.005444025685274567
8.3234999999999992,0,0.0056760683015921855
8.3239999999999998,0,0.0058920066638909144
8.3245000000000005,1,0.0060926379317302829
8.3249999999999993,1,0.0062787230432658214
8.3254999999999999,0,-0.0037040504422687246
8.3260000000000005,0,-0.0136373614445919
8.3264999999999993,0,-0.01247831518818766
8.327,0,-0.011381723502145179
8.3275000000000006,0,-0.010344454443137774
8.3279999999999994,0,-0.0093635306822859588
8.3285,0,-0.0084361219748982259
8.3290000000000006,0,-0.0075595379894656031
8.3294999999999995,0,-0.0067312214792756841
8.3300000000000001,0,-0.0059487417807424616
8.3305000000000007,0,-0.0052097886232565617
8.3309999999999995,0,-0.0045121662360360524
8.3315000000000001,0,-0.0038537877381072281
8.3320000000000007,0,-0.0032326697981677754
8.3324999999999996,0,-0.0026469275516803671
8.3330000000000002,0,-0.0020947697631169991
8.3335000000000008,0,-0.0015744942218211655
8.3339999999999996,0,-0.0010844833604784277
8.3345000000000002,0,-0.0006232000856890241
8.3350000000000009,0,-0.000189183810614435
8.3354999999999997,0,0.00021895331987061838
8.3360000000000003,0,0.00060253002064905028
8.3364999999999991,0,0.00096279928316528318
8.3369999999999997,0,0.0013009516258692955
8.3375000000000004,0,0.0016181181862250371
8.3379999999999992,0,0.0019153736618403693
8.3384999999999998,0,0.0021937391079251633
8.3390000000000004,0,0.002454184597949416
8.3394999999999992,0,0.0026976317540534089
8.3399999999999999,0,0.0029249561534560376
8.3405000000000005,0,0.0031369896168162879
8.3409999999999993,0,0.0033345223842235704
8.3414999999999999,0,0.0035183051842271997
8.3420000000000005,0,0.0036890512010604669
8.3424999999999994,0,0.0038474379449737082
8.343,0,0.0039941090303579731
8.3435000000000006,0,0.0041296758661209963
8.3439999999999994,0,0.0042547192625662644
8.3445,0,0.004369790958824604
8.3450000000000006,0,0.0044754150746964868
8.3454999999999995,0,0.0045720894905798334
8.3460000000000001,0,0.004660287158983545
8.3465000000000007,0,0.004740457350961058
8.3469999999999995,0,0.004813026840638379
8.3475000000000001,0,0.0048784010308611236
8.3480000000000008,0,0.0049369650228389909
8.3484999999999996,0,0.0049890846325300721
8.3490000000000002,0,0.0050351073563748797
8.3495000000000008,0,0.005075363288865287
8.3499999999999996,0,0.0051101659943148751
8.3505000000000003,0,0.0051398133350822771
8.3510000000000009,0,0.0051645882583916669
8.3514999999999997,0,0.0051847595437907847
8.3520000000000003,0,0.0052005825131888894
8.3524999999999991,0,0.0052122997053225765
8.3529999999999998,0,0.00522014151640845
8.3535000000000004,0,0.0052243268086565207
8.3539999999999992,0,0.0052250634882366033
8.3544999999999998,0,0.0052225490542133542
8.3550000000000004,0,0.0052169711198911005
8.3554999999999993,0,0.0052085079079404852
8.3559999999999999,0,0.0051973287206107943
8.3565000000000005,0,0.0051835943862697633
8.3569999999999993,0,0.0051674576834506158
8.3574999999999999,0,0.0051490637435294808
8.3580000000000005,0,0.0051285504331004426
8.3584999999999994,0,0.0051060487170638382
8.359,0,0.0050816830033932779
8.3595000000000006,0,0.0050555714704995647
8.3599999999999994,0,0.0050278263780641928
8.3605,0,0.0049985543621724358
8.3610000000000007,0,0.0049678567155354127
8.3614999999999995,0,0.0049358296535503051
8.3620000000000001,0,0.0049025645669128594
8.3625000000000007,0,0.0048681482614586265
8.3629999999999995,0,0.004832663185878083
8.3635000000000002,0,0.0047961876479171717
8.3640000000000008,0,0.004758796019645295
8.3644999999999996,0,0.0047205589323433775
8.3650000000000002,0,0.0046815434615376074
8.3655000000000008,0,0.0046418133026777776
8.3659999999999997,0,0.0046014289379343824
8.3665000000000003,0,0.0045604477945652257
8.3670000000000009,0,0.0045189243952794781
8.3674999999999997,0,0.0044769105010056152
8.3680000000000003,0,0.0044344552464496197
8.3684999999999992,0,0.0043916052688100617
8.3689999999999998,0,0.0043484048299987973
8.3695000000000004,0,0.0043048959326976279
8.3699999999999992,0,0.0042611184305656798
8.3704999999999998,0,0.0042171101328953185
8.3710000000000004,0,0.0041729069040003734
8.3714999999999993,0,0.0041285427576054131
8.3719999999999999,0,0.0040840499464915745
8.3725000000000005,0,0.004039459047641092
8.3729999999999993,0,0.0039947990431112414
8.3734999999999999,0,0.0039500973968557562
8.3740000000000006,0,0.0039053801277010524
8.3744999999999994,0,0.0038606718786745597
8.375,0,0.0038159959828715563
8.3755000000000006,0,0.0037713745260377963
8.3759999999999994,0,0.0037268284060364421
8.3765000000000001,0,0.0036823773893590039
8.3770000000000007,0,0.0036380401648312467
8.3774999999999995,0,0.0035938343946585348
8.3780000000000001,0,0.0035497767629463993
8.3785000000000007,0,0.0035058830218260726
8.3789999999999996,0,0.0034621680353076334
8.3795000000000002,0,0.0034186458209772507
8.3800000000000008,0,0.0033753295896487901
8.3804999999999996,0,0.003332231783074846
8.3810000000000002,0,0.0032893641098163061
8.3815000000000008,0,0.0032467375793651331
8.3819999999999997,0,0.0032043625346089288
8.3825000000000003,0,0.0031622486827230902
8.3829999999999991,0,0.0031204051245700692
8.3834999999999997,0,0.0030788403826825794
8.3840000000000003,0,0.0030375624279026293
8.3844999999999992,0,0.0029965787047450563
8.3849999999999998,0,0.0029558961555507745
8.3855000000000004,0,0.0029155212434909816
8.3859999999999992,0,0.0028754599744808427
8.3864999999999998,0,0.0028357179180584003
8.3870000000000005,0,0.0027963002272805904
8.3874999999999993,0,0.002757211657686609
8.3879999999999999,0,0.0027184565853756505
8.3885000000000005,0,0.0026800390242438855
8.3889999999999993,0,0.0026419626424226349
8.3895,0,0.0026042307779586714
8.3900000000000006,0,0.0025668464537737857
8.3904999999999994,0,0.0025298123919408667
8.391,0,0.0024931310273095474
8.3915000000000006,0,0.0024568045205146881
8.3919999999999995,0,0.0024208347703982059
8.3925000000000001,0,0.0023852234258731841
8.3930000000000007,0,0.0023499718972581295
8.3934999999999995,0,0.0023150813671074743
8.3940000000000001,0,0.0022805528005630181
8.3945000000000007,0,0.0022463869552501901
8.3949999999999996,0,0.0022125843907409128
8.3955000000000002,0,0.0021791454776046272
8.3960000000000008,0,0.0021460704060671464
8.3964999999999996,0,0.0021133591942967822
8.3970000000000002,0,0.0020810116963350888
8.3975000000000009,0,0.0020490276096899796
8.3979999999999997,0,0.0020174064826069095
8.3985000000000003,0,0.0019861477210335711
8.3989999999999991,0,0.0019552505952927235
8.3994999999999997,0,0.0019247142464768219
8.4000000000000004,0,0.0018945376925776248
8.4004999999999992,0,0.0018647198343630157
8.4009999999999998,0,0.0018352594610128725
8.4015000000000004,0,0.0018061552555251881
8.4019999999999992,0,0.0017774057999029313
8.4024999999999999,0,0.0017490095801315885
8.4030000000000005,0,0.001720964990957008
8.4034999999999993,0,0.0016932703404726524
8.4039999999999999,0,0.0016659238545245537
8.4045000000000005,0,0.0016389236809422835
8.4049999999999994,0,0.001612267893603614
8.4055,0,0.0015859544963401472
8.4060000000000006,0,0.001559981426690915
8.4064999999999994,0,0.0015343465595104022
8.407,0,0.0015090477104375388
8.4075000000000006,0,0.0014840826392311878
8.4079999999999995,0,0.0014594490529782566
8.4085000000000001,0,0.0014351446091792508
8.4090000000000007,0,0.0014111669187170551
8.4094999999999995,0,0.0013875135487130819
8.4100000000000001,0,0.0013641820252758507
8.4105000000000008,0,0.0013411698361462498
8.4109999999999996,0,0.001318474433243666
8.4115000000000002,0,0.001296093235116913
8.4120000000000008,0,0.0012740236293036888
8.4124999999999996,0,0.0012522629746022473
8.4130000000000003,0,0.0012308086032588594
8.4135000000000009,0,0.001209657823073762
8.4139999999999997,0,0.0011888079194294133
8.4145000000000003,0,0.0011682561572435967
8.4149999999999991,0,0.0011479997828500398
8.4154999999999998,0,0.0011280360258098976
8.4160000000000004,0,0.0011083621006557575
8.4164999999999992,0,0.001088975208571441
8.4169999999999998,0,0.0010698725390094089
8.4175000000000004,0,0.0010510512712484043
8.4179999999999993,0,0.0010325085758928986
8.4184999999999999,0,0.0010142416163171132
8.4190000000000005,0,0.00099624755005489618
8.4194999999999993,0,0.00097852353013774254
8.4199999999999999,0,0.00096106670638256291
8.4205000000000005,0,0.00094387422663112504
8.4209999999999994,0,0.00092694323794219042
8.4215,0,0.0009102708877389065
8.4220000000000006,0,0.00089385432491200238
8.4224999999999994,0,0.00087769070088085095
8.423,0,0.00086177717061348687
8.4235000000000007,0,0.00084611089360703273
8.4239999999999995,0,0.00083068903482970131
8.4245000000000001,0,0.00081550876562574981
8.4250000000000007,0,0.00080056726458435092
8.4254999999999995,0,0.00078586171837383698
8.4260000000000002,0,0.00077138932254197103
8.4265000000000008,0,0.00075714728228384323
8.4269999999999996,0,0.00074313281317778257
8.4275000000000002,0,0.00072934314189084806
8.4280000000000008,0,0.00071577550685437692
8.4284999999999997,0,0.0007024271589108344
8.4290000000000003,0,0.00068929536193250711
8.4295000000000009,0,0.00067637739341336323
8.4299999999999997,0,0.0006636705450342006
8.4305000000000003,0,0.00065117212320280342
8.4309999999999992,0,0.00063887944956887428
8.4314999999999998,0,0.00062678986151507574
8.4320000000000004,0,0.00061490071262499941
8.4324999999999992,0,0.00060320937312824396
8.4329999999999998,0,0.00059171323032373155
8.4335000000000004,0,0.00058040968898160901
8.4339999999999993,0,0.00056929617172445384
8.4344999999999999,0,0.00055837011938869585
8.4350000000000005,0,0.00054762899136630012
8.4354999999999993,0,0.00053707026592775264
8.4359999999999999,0,0.00052669144052642776
8.4365000000000006,0,0.00051649003208554807
8.4369999999999994,0,0.00050646357726766842
8.4375,0,0.00049660963272745167
8.4380000000000006,0,0.00048692577534815707
8.4384999999999994,0,0.00047740960246247523
8.4390000000000001,0,0.0004680587320578522
8.4395000000000007,0,0.00045887080296724836
8.4399999999999995,0,0.00044984347504533061
8.4405000000000001,0,0.00044097442933067611
8.4410000000000007,0,0.00043226136819456417
8.4414999999999996,0,0.00042370201547657914
8.4420000000000002,0,0.00041529411660755632
8.4425000000000008,0,0.00040703543871988267
8.4429999999999996,0,0.0003989237707463955
8.4435000000000002,0,0.00039095692350723523
8.4440000000000008,0,0.00038313272978567347
8.4444999999999997,0,0.00037544904439299474
8.4450000000000003,0,0.00036790374422285277
8.4454999999999991,0,0.0003604947282957238
8.4459999999999997,0,0.00035321991779295735
8.4465000000000003,0,0.00034607725608178932
8.4469999999999992,0,0.0003390647087307963
8.4474999999999998,0,0.00033218026351670147
8.4480000000000004,0,0.00032542193042225389
8.4484999999999992,0,0.00031878774162600319
8.4489999999999998,0,0.00031227575148393691
8.4495000000000005,0,0.00030588403650336768
8.4499999999999993,0,0.00029961069530916041
8.4504999999999999,0,0.00029345384860297586
8.4510000000000005,0,0.00028741163911533141
8.4514999999999993,0,0.00028148223155097794
8.452,0,0.00027566381252783765
8.4525000000000006,0,0.00026995459050950245
8.4529999999999994,0,0.00026435279573197026
8.4535,0,0.00025885668012447515
8.4540000000000006,0,0.00025346451722459975
8.4544999999999995,0,0.00024817460208829132
8.4550000000000001,0,0.00024298525119458291
8.4555000000000007,0,0.00023789480234530646
8.4559999999999995,0,0.00023290161456025472
8.4565000000000001,0,0.00022800406796776861
8.4570000000000007,0,0.00022320056369088404
8.4574999999999996,0,0.00021848952372927055
8.4580000000000002,0,0.00021386939083748447
8.4585000000000008,0,0.00020933862839893623
8.4589999999999996,0,0.00020489572029691594
8.4595000000000002,0,0.00020053917078145523
8.4600000000000009,0,0.00019626750433333618
8.4604999999999997,0,0.00019207926552492483
8.4610000000000003,0,0.00018797301887776285
8.4614999999999991,0,0.00018394734871776119
8.4619999999999997,0,0.00018000085902732942
8.4625000000000004,0,0.00017613217329539576
8.4629999999999992,0,0.00017233993436456264
8.4634999999999998,0,0.00016862280427628606
8.4640000000000004,0,0.00016497946411409004
8.4644999999999992,0,0.00016140861384447147
8.4649999999999999,0,0.00015790897215616216
8.4655000000000005,0,0.00015447927629764769
8.4659999999999993,0,0.00015111828191293196
8.4664999999999999,0,0.00014782476287608092
8.4670000000000005,0,0.00014459751112404494
8.4674999999999994,0,0.00014143533648856011
8.468,0,0.00013833706652665033
8.4685000000000006,0,0.00013530154635011949
8.4689999999999994,0,0.00013232763845415495
8.4695,0,0.00012941422254502121
8.4700000000000006,0,0.00012656019536703145
8.4704999999999995,0,0.00012376447052887541
8.4710000000000001,0,0.00012102597832921446
8.4715000000000007,0,0.00011834366558198806
8.4719999999999995,0,0.00011571649544117601
8.4725000000000001,0,0.00011314344722538339
8.4730000000000008,0,0.00011062351624203659
8.4734999999999996,0,0.00010815571361144638
8.4740000000000002,0,0.00010573906609080419
8.4745000000000008,0,0.00010337261589815627
8.4749999999999996,0,0.00010105542053646665
8.4755000000000003,0,9.8786552617746715e-05
8.4760000000000009,0,9.6565099687406788e-05
8.4764999999999997,0,9.4390164048785416e-05
8.4770000000000003,0,9.2260862588011694e-05
8.4774999999999991,0,9.0176326599311626e-05
8.4779999999999998,0,8.8135701610692066e-05
8.4785000000000004,0,8.613814721005752e-05
8.4789999999999992,0,8.4182836871748984e-05
8.4794999999999998,0,8.2268957784137339e-05
8.4800000000000004,0,8.0395710677183543e-05
8.4804999999999993,0,7.8562309651242226e-05
8.4809999999999999,0,7.6767982006176183e-05
8.4815000000000005,0,7.5011968071481136e-05
8.4819999999999993,0,7.3293521037220982e-05
8.4824999999999999,0,7.1611906785606919e-05
8.4830000000000005,0,6.9966403723653589e-05
8.4834999999999994,0,6.8356302616690015e-05
8.484,0,6.6780906422780889e-05
8.4845000000000006,0,6.5239530128358153e-05
8.4849999999999994,0,6.3731500584440765e-05
8.4855,0,6.2256156344342456e-05
8.4860000000000007,0,6.0812847502178523e-05
8.4864999999999995,0,5.9400935532794022e-05
8.4870000000000001,0,5.8019793132380039e-05
8.4875000000000007,0,5.6668804060555632e-05
8.4879999999999995,0,5.5347362983682036e-05
8.4885000000000002,0,5.4054875319153871e-05
8.4890000000000008,0,5.2790757081111474e-05
8.4894999999999996,0,5.1554434727152376e-05
8.4900000000000002,0,5.0345345006719279e-05
8.4905000000000008,0,4.9162934810287326e-05
8.4909999999999997,0,4.8006661020350003e-05
8.4915000000000003,0,4.6875990363104413e-05
8.4920000000000009,0,4.5770399262223818e-05
8.4924999999999997,0,4.4689373693262978e-05
8.4930000000000003,0,4.3632409039873199e-05
8.4934999999999992,0,4.2599009951171943e-05
8.4939999999999998,0,4.1588690200555775e-05
8.4945000000000004,0,4.0600972545845605e-05
8.4949999999999992,0,3.9635388591008346e-05
8.4954999999999998,0,3.8691478648966714e-05
8.4960000000000004,0,3.7768791606107577e-05
8.4964999999999993,0,3.6866884788000484e-05
8.4969999999999999,0,3.5985323826781547e-05
8.4975000000000005,0,3.5123682529525359e-05
8.4979999999999993,0,3.4281542748582086e-05
8.4984999999999999,0,3.3458494252913693e-05
8.4990000000000006,0,3.265413460113997e-05
8.4994999999999994,0,3.186806901579464e-05
8.5,0,3.1099910259235752e-05
8.5005000000000006,0,3.0349278510832801e-05
8.5009999999999994,0,2.9615801245574948e-05
8.5015000000000001,0,2.8899113114289056e-05
8.5020000000000007,0,2.8198855825134485e-05
8.5024999999999995,0,2.7514678026496765e-05
8.5030000000000001,0,2.6846235191479993e-05
8.5035000000000007,0,2.6193189503731505e-05
8.5039999999999996,0,2.5555209744587694e-05
8.5045000000000002,0,2.4931971181740841e-05
8.5050000000000008,0,2.4323155459460288e-05
8.5054999999999996,0,2.3728450489846063e-05
8.5060000000000002,0,2.314755034583671e-05
8.5065000000000008,0,2.2580155155516036e-05
8.5069999999999997,0,2.2025970997696653e-05
8.5075000000000003,0,2.1484709798935685e-05
8.5079999999999991,0,2.0956089232015972e-05
8.5084999999999997,0,2.0439832615770646e-05
8.5090000000000003,0,1.9935668816228878e-05
8.5094999999999992,0,1.944333214902727e-05
8.5099999999999998,0,1.8962562283353358e-05
8.5105000000000004,0,1.8493104147143669e-05
8.5109999999999992,0,1.8034707833580744e-05
8.5114999999999998,0,1.7587128508844695e-05
8.5120000000000005,0,1.715012632146351e-05
8.5124999999999993,0,1.6723466312584811e-05
8.5129999999999999,0,1.6306918327757546e-05
8.5135000000000005,0,1.5900256930045931e-05
8.5139999999999993,0,1.5503261314220307e-05
8.5145,0,1.5115715222369097e-05
8.5150000000000006,0,1.4737406860698687e-05
8.5154999999999994,0,1.4368128817521253e-05
8.516,0,1.4007677982641464e-05
8.5165000000000006,0,1.3655855467842315e-05
8.5169999999999995,0,1.331246652842566e-05
8.5175000000000001,0,1.2977320486262655e-05
8.5180000000000007,0,1.2650230653843409e-05
8.5184999999999995,0,1.2331014259603368e-05
8.5190000000000001,0,1.2019492374271134e-05
8.5195000000000007,0,1.1715489838315386e-05
8.5199999999999996,0,1.1418835190890596e-05
8.5205000000000002,0,1.1129360599559935e-05
8.5210000000000008,0,1.0846901791239372e-05
8.5214999999999996,0,1.0571297984229843e-05
8.5220000000000002,0,1.0302391821526146e-05
8.5225000000000009,0,1.0040029304825282e-05
8.5229999999999997,0,9.7840597299225781e-06
8.5235000000000003,0,9.5343356230959134e-06
8.5239999999999991,0,9.2907126784558251e-06
8.5244999999999997,0,9.0530496963947549e-06
8.5250000000000004,0,8.8212085230909849e-06
8.5254999999999992,0,8.5950539908008487e-06
8.5259999999999998,0,8.3744538595165178e-06
8.5265000000000004,0,8.1592787592121848e-06
8.5269999999999992,0,7.9494021333892384e-06
8.5274999999999999,0,7.7447001833763622e-06
8.5280000000000005,0,7.5450518136288555e-06
8.5284999999999993,0,7.3503385781048539e-06
8.5289999999999999,0,7.1604446272632852e-06
8.5295000000000005,0,6.9752566563052735e-06
8.5299999999999994,0,6.7946638540261613e-06
8.5305,0,6.6185578527666601e-06
8.5310000000000006,0,6.4468326791966568e-06
8.5314999999999994,0,6.2793847058872919e-06
8.532,0,6.1161126037379002e-06
8.5325000000000006,0,5.9569172953133355e-06
8.5329999999999995,0,5.8017019091249898e-06
8.5335000000000001,0,5.6503717343447944e-06
8.5340000000000007,0,5.5028341767293652e-06
8.5344999999999995,0,5.358998715188079e-06
8.5350000000000001,0,5.2187768591172022e-06
8.5355000000000008,0,5.0820821063668475e-06
8.5359999999999996,0,4.9488299023847658e-06
8.5365000000000002,0,4.8189375996599008e-06
8.5370000000000008,0,4.6923244181540366e-06
8.5374999999999996,0,4.5689114064439982e-06
8.5380000000000003,0,4.4486214034300529e-06
8.5385000000000009,0,4.3313790010213182e-06
8.5389999999999997,0,4.2171105071986402e-06
8.5395000000000003,0,4.1057439100433687e-06
8.5399999999999991,0,3.9972088422768334e-06
8.5404999999999998,0,3.8914365465436697e-06
8.5410000000000004,0,3.7883598412613574e-06
8.5414999999999992,0,3.6879130872691236e-06
8.5419999999999998,0,3.5900321549542367e-06
8.5425000000000004,0,3.4946543920333362e-06
8.5429999999999993,0,3.4017185920665049e-06
8.5434999999999999,0,3.311164963415436e-06
8.5440000000000005,0,3.2229350989010365e-06
8.5444999999999993,0,3.1369719460716538e-06
8.5449999999999999,0,3.0532197779598034e-06
8.5455000000000005,0,2.9716241644051067e-06
8.5459999999999994,0,2.8921319440100569e-06
8.5465,0,2.8146911965620802e-06
8.5470000000000006,0,2.7392512162216497e-06
8.5474999999999994,0,2.6657624847326033e-06
8.548,0,2.594176645842605e-06
8.5485000000000007,0,2.5244464795792787e-06
8.5489999999999995,0,2.4565258775477439e-06
8.5495000000000001,0,2.3903698183946886e-06
8.5500000000000007,0,2.3259343438497559e-06
8.5504999999999995,0,2.2631765353331447e-06
8.5510000000000002,0,2.2020544909295834e-06
8.5515000000000008,0,2.1425273028841118e-06
8.5519999999999996,0,2.0845550355530485e-06
8.5525000000000002,0,2.0280987036769282e-06
8.5530000000000008,0,1.9731202513417758e-06
8.5534999999999997,0,1.9195825311069113e-06
8.5540000000000003,0,1.8674492836989742e-06
8.5545000000000009,0,1.8166851181611321e-06
8.5549999999999997,0,1.7672554922798511e-06
8.5555000000000003,0,1.7191266935445703e-06
8.5559999999999992,0,1.6722658204182394e-06
8.5564999999999998,0,1.6266407639298209e-06
8.5570000000000004,0,1.5822201898219035e-06
8.5574999999999992,0,1.5389735209869747e-06
8.5579999999999998,0,1.4968709201923502e-06
8.5585000000000004,0,1.4558832733380101e-06
8.5589999999999993,0,1.4159821728809695e-06
8.5594999999999999,0,1.3771399016704322e-06
8.5600000000000005,0,1.3393294172936442e-06
8.5604999999999993,0,1.3025243363995465e-06
8.5609999999999999,0,1.2666989197551715e-06
8.5615000000000006,0,1.2318280572243268e-06
8.5619999999999994,0,1.197887253467922e-06
8.5625,0,1.1648526135665803e-06
8.5630000000000006,0,1.1327008292871809e-06
8.5634999999999994,0,1.1014091652938872e-06
8.5640000000000001,0,1.0709554460253123e-06
8.5645000000000007,0,1.0413180425716817e-06
8.5649999999999995,0,1.0124758599627802e-06
8.5655000000000001,0,9.8440832474455675e-07
8.5660000000000007,0,9.5709537272226082e-07
8.5664999999999996,0,9.3051743706995536e-07
8.5670000000000002,0,9.0465543667317405e-07
8.5675000000000008,0,8.7949076469362455e-07
8.5679999999999996,0,8.5500527737814023e-07
8.5685000000000002,0,8.3118128320069933e-07
8.5690000000000008,0,8.0800153211546539e-07
8.5694999999999997,0,7.854492051317941e-07
8.5700000000000003,0,7.6350790420010026e-07
8.5704999999999991,0,7.4216164205331834e-07
8.5709999999999997,0,7.2139483261457469e-07
8.5715000000000003,0,7.0119228127163426e-07
8.5719999999999992,0,6.815391756176403e-07
8.5724999999999998,0,6.6242107641389938e-07
8.5730000000000004,0,6.4382390853046094e-07
8.5734999999999992,0,6.2573395228637805e-07
8.5739999999999998,0,6.0813783478996799e-07
8.5745000000000005,0,5.9102252183418356e-07
8.5749999999999993,0,5.743753095366344e-07
8.5754999999999999,0,5.581838165791275e-07
8.5760000000000005,0,5.4243597610303949e-07
8.5764999999999993,0,5.2712002845956007e-07
8.577,0,5.1222451349364204e-07
8.5775000000000006,0,4.9773826343857408e-07
8.5779999999999994,0,4.836503957772464e-07
8.5785,0,4.6995030617003053e-07
8.5790000000000006,0,4.5662766192666735e-07
8.5794999999999995,0,4.4367239514508939e-07
8.5800000000000001,0,4.3107469633874017e-07
8.5805000000000007,0,4.1882500814161003e-07
8.5809999999999995,0,4.0691401901327142e-07
8.5815000000000001,0,3.9533265725477664e-07
8.5820000000000007,0,3.8407208525770286e-07
8.5824999999999996,0,3.731236935200499e-07
8.5830000000000002,0,3.6247909511732957e-07
8.5835000000000008,0,3.521301201958593e-07
8.5839999999999996,0,3.4206881062148752e-07
8.5845000000000002,0,3.3228741471713617e-07
8.5850000000000009,0,3.2277838215577501e-07
8.5854999999999997,0,3.1353435893111125e-07
8.5860000000000003,0,3.0454818257252824e-07
8.5864999999999991,0,2.958128771823887e-07
8.5869999999999997,0,2.873216490062447e-07
8.5875000000000004,0,2.7906788172549215e-07
8.5879999999999992,0,2.7104513199427417e-07
8.5884999999999998,0,2.6324712532055372e-07
8.5890000000000004,0,2.5566775164742593e-07
8.5894999999999992,0,2.4830106123419069e-07
8.5899999999999999,0,2.4114126065954979e-07
8.5905000000000005,0,2.3418270893582617e-07
8.5909999999999993,0,2.274199135898769e-07
8.5914999999999999,0,2.2084752692164146e-07
8.5920000000000005,0,2.1446034237371236e-07
8.5924999999999994,0,2.0825329097862166e-07
8.593,0,2.0222143786163828e-07
8.5935000000000006,0,1.9635997872136102e-07
8.5939999999999994,0,1.9066423662117415e-07
8.5945,0,1.8512965880290721e-07
8.5950000000000006,0,1.7975181345608605e-07
8.5954999999999995,0,1.7452638655379716e-07
8.5960000000000001,0,1.6944917897721011e-07
8.5965000000000007,0,1.6451610346246426e-07
8.5969999999999995,0,1.5972318186951995e-07
8.5975000000000001,0,1.5506654220676098e-07
8.5980000000000008,0,1.5054241611078823e-07
8.5984999999999996,0,1.4614713595983985e-07
8.5990000000000002,0,1.4187713250901624e-07
8.5995000000000008,0,1.3772893215913128e-07
8.5999999999999996,0,1.3369915463634641e-07
8.6005000000000003,0,1.2978451049416862e-07
8.6010000000000009,0,1.2598179871536885e-07
8.6014999999999997,0,1.2228790463586492e-07
8.6020000000000003,0,1.1869979746892411e-07
8.6024999999999991,0,1.1521452818463729e-07
8.6029999999999998,0,1.1182922753372182e-07
8.6035000000000004,0,1.0854110380487114e-07
8.6039999999999992,0,1.0534744083745551e-07
8.6044999999999998,0,1.0224559604532502e-07
8.6050000000000004,0,9.9232998596043842e-08
8.6054999999999993,0,9.6307147445795499e-08
8.6059999999999999,0,9.3465609518617041e-08
8.6065000000000005,0,9.070601790783783e-08
8.6069999999999993,0,8.8026070144131549e-08
8.6074999999999999,0,8.5423526607897321e-08
8.6080000000000005,0,8.2896208741800595e-08
8.6084999999999994,0,8.0441997496460968e-08
8.609,0,7.8058831776139923e-08
8.6095000000000006,0,7.5744706862224126e-08
8.6099999999999994,0,7.349767300324217e-08
8.6105,0,7.1315833760632335e-08
8.6110000000000007,0,6.9197344954030624e-08
8.6114999999999995,0,6.7140412962629628e-08
8.6120000000000001,0,6.5143293492830881e-08
8.6125000000000007,0,6.3204290301488442e-08
8.6129999999999995,0,6.1321753819232322e-08
8.6135000000000002,0,5.9494080018041017e-08
8.6140000000000008,0,5.7719709134484989e-08
8.6144999999999996,0,5.5997124492890293e-08
8.6150000000000002,0,5.43248513729111e-08
8.6155000000000008,0,5.2701455810488795e-08
8.6159999999999997,0,5.1125543687469133e-08
8.6165000000000003,0,4.9595759499254655e-08
8.6170000000000009,0,4.811078535560398e-08
8.6174999999999997,0,4.6669340014737773e-08
8.6180000000000003,0,4.5270177839729089e-08
8.6184999999999992,0,4.3912087877018279e-08
8.6189999999999998,0,4.2593892923825652e-08
8.6195000000000004,0,4.1314448551155179e-08
8.6199999999999992,0,4.0072642326638433e-08
8.6204999999999998,0,3.8867392893049414e-08
8.6210000000000004,0,3.7697649091228415e-08
8.6214999999999993,0,3.6562389238437023e-08
8.6219999999999999,0,3.5460620206873014e-08
8.6225000000000005,0,3.4391376768638791e-08
8.6229999999999993,0,3.3353720763074081e-08
8.6234999999999999,0,3.2346740375110984e-08
8.6240000000000006,0,3.1369549402526786e-08
8.6244999999999994,0,3.0421286623116826e-08
8.625,0,2.9501114984231692e-08
8.6255000000000006,0,2.8608221125381306e-08
8.6259999999999994,0,2.774181460107883e-08
8.6265000000000001,0,2.6901127270217984e-08
8.6270000000000007,0,2.6085412718757084e-08
8.6274999999999995,0,2.5293945593585222e-08
8.6280000000000001,0,2.4526021114024132e-08
8.6285000000000007,0,2.378095448341e-08
8.6289999999999996,0,2.3058080289573012e-08
8.6295000000000002,0,2.2356752005237013e-08
8.6300000000000008,0,2.1676341499521357e-08
8.6304999999999996,0,2.1016238471727178e-08
8.6310000000000002,0,2.0375849985043716e-08
8.6315000000000008,0,1.9754599989152412e-08
8.6319999999999997,0,1.9151928887239932e-08
8.6325000000000003,0,1.8567292969784433e-08
8.6329999999999991,0,1.8000164114795326e-08
8.6334999999999997,0,1.745002926600847e-08
8.6340000000000003,0,1.6916390022103655e-08
8.6344999999999992,0,1.6398762270330992e-08
8.6349999999999998,0,1.5896675753523937e-08
8.6355000000000004,0,1.5409673714827931e-08
8.6359999999999992,0,1.4937312453611184e-08
8.6364999999999998,0,1.4479161036806687e-08
8.6370000000000005,0,1.4034800921436386e-08
8.6374999999999993,0,1.3603825610442045e-08
8.6379999999999999,0,1.3185840264107184e-08
8.6385000000000005,0,1.2780461455808024e-08
8.6389999999999993,0,1.2387316794537639e-08
8.6395,0,1.2006044625145762e-08
8.6400000000000006,0,1.1636293772987471e-08
8.6404999999999994,0,1.1277723166447373e-08
8.641,0,1.0930001614894991e-08
8.6415000000000006,0,1.0592807508924552e-08
8.6419999999999995,0,1.0265828576105918e-08
8.6425000000000001,0,9.948761570122144e-09
8.6430000000000007,0,9.6413120487248708e-09
8.6434999999999995,0,9.3431941294852553e-09
8.6440000000000001,0,9.05413020113599e-09
8.6445000000000007,0,8.7738507792423096e-09
8.6449999999999996,0,8.5020941731350771e-09
8.6455000000000002,0,8.2386063637862599e-09
8.6460000000000008,0,7.9831406818442471e-09
8.6464999999999996,0,7.7354576744070862e-09
8.6470000000000002,0,7.4953248940801128e-09
8.6475000000000009,0,7.2625166436246502e-09
8.6479999999999997,0,7.0368138649357094e-09
8.6485000000000003,0,6.8180038947929235e-09
8.6489999999999991,0,6.605880276122633e-09
8.6494999999999997,0,6.4002426358733547e-09
8.6500000000000004,0,6.2008964629711727e-09
8.6504999999999992,0,6.0076529195818294e-09
8.6509999999999998,0,5.8203287744973409e-09
8.6515000000000004,0,5.6387461366824709e-09
8.6519999999999992,0,5.46273235535466e-09
8.6524999999999999,0,5.2921198756550328e-09
8.6530000000000005,0,5.1267460721149403e-09
8.6534999999999993,0,4.9664531043269736e-09
8.6539999999999999,0,4.8110877837181928e-09
8.6545000000000005,0,4.6605014403233726e-09
8.6549999999999994,0,4.5145498117626918e-09
8.6555,0,4.373092921117205e-09
8.6560000000000006,0,4.2359948881909304e-09
8.6564999999999994,0,4.1031238406930015e-09
8.657,0,3.9743518809309816e-09
8.6575000000000006,0,3.8495548415617975e-09
8.6579999999999995,0,3.728612274489507e-09
8.6585000000000001,0,3.6114072954340772e-09
8.6590000000000007,0,3.4978264840113129e-09
8.6594999999999995,0,3.3877597949150129e-09
8.6600000000000001,0,3.28110049130359e-09
8.6605000000000008,0,3.1777449560621562e-09
8.6609999999999996,0,3.0775926918025222e-09
8.6615000000000002,0,2.9805461765342046e-09
8.6620000000000008,0,2.8865108414599661e-09
8.6624999999999996,0,2.7953949044423608e-09
8.6630000000000003,0,2.7071093255948144e-09
8.6635000000000009,0,2.6215677517704707e-09
8.6639999999999997,0,2.5386863722332009e-09
8.6645000000000003,0,2.4583839075553725e-09
8.6649999999999991,0,2.3805815319022371e-09
8.6654999999999998,0,2.3052027620096284e-09
8.6660000000000004,0,2.2321734016728103e-09
8.6664999999999992,0,2.1614214862353265e-09
8.6669999999999998,0,2.0928772492823098e-09
8.6675000000000004,0,2.0264729672092586e-09
8.6679999999999993,0,1.9621429592220354e-09
8.6684999999999999,0,1.8998235762346383e-09
8.6690000000000005,0,1.8394530232335172e-09
8.6694999999999993,0,1.7809714147887235e-09
8.6699999999999999,0,1.7243206307249181e-09
8.6705000000000005,0,1.669444305019141e-09
8.6709999999999994,0,1.6162878369030409e-09
8.6715,0,1.5647981910227315e-09
8.6720000000000006,0,1.5149240084610938e-09
8.6724999999999994,0,1.4666154291020917e-09
8.673,0,1.4198241360396935e-09
8.6735000000000007,0,1.3745032778622602e-09
8.6739999999999995,0,1.3306073909369332e-09
8.6745000000000001,0,1.2880924105118652e-09
8.6750000000000007,0,1.2469156152050687e-09
8.6754999999999995,0,1.2070355714932646e-09
8.6760000000000002,0,1.1684121115074219e-09
8.6765000000000008,0,1.1310062775216068e-09
8.6769999999999996,0,1.0947803330552119e-09
8.6775000000000002,0,1.0596976518506552e-09
8.6780000000000008,0,1.0257227289756088e-09
8.6784999999999997,0,9.9282115861853981e-10
8.6790000000000003,0,9.6095957857755825e-10
8.6795000000000009,0,9.3010562585149616e-10
8.6799999999999997,0,9.0022794774213821e-10
8.6805000000000003,0,8.7129616854753069e-10
8.6809999999999992,0,8.4328078964190918e-10
8.6814999999999998,0,8.1615325608908051e-10
8.6820000000000004,0,7.8988587892681039e-10
8.6824999999999992,0,7.6445180186013319e-10
8.6829999999999998,0,7.3982502346581218e-10
8.6835000000000004,0,7.1598030837449753e-10
8.6839999999999993,0,6.928932094751872e-10
8.6844999999999999,0,6.7054001240407501e-10
8.6850000000000005,0,6.4889776885124206e-10
8.6854999999999993,0,6.2794421884504461e-10
8.6859999999999999,0,6.076577907521141e-10
8.6865000000000006,0,5.8801755686843647e-10
8.6869999999999994,0,5.6900324452158198e-10
8.6875,0,5.5059522496847539e-10
8.6880000000000006,0,5.3277445788424418e-10
8.6884999999999994,0,5.1552249136221915e-10
8.6890000000000001,0,4.9882145081170395e-10
8.6895000000000007,0,4.82654005651284e-10
8.6899999999999995,0,4.6700336930882717e-10
8.6905000000000001,0,4.5185325481256198e-10
8.6910000000000007,0,4.3718790809776921e-10
8.6914999999999996,0,4.229920524956299e-10
8.6920000000000002,0,4.0925088873322577e-10
8.6925000000000008,0,3.9595005052461829e-10
8.6929999999999996,0,3.8307563787753908e-10
8.6935000000000002,0,3.7061419488892965e-10
8.6940000000000008,0,3.5855266533602046e-10
8.6944999999999997,0,3.4687840377856104e-10
8.6950000000000003,0,3.3557915335435948e-10
8.6954999999999991,0,3.2464303467705236e-10
8.6959999999999997,0,3.1405856804056499e-10
8.6965000000000003,0,3.0381461790796036e-10
8.6969999999999992,0,2.9390037070697874e-10
8.6974999999999998,0,2.8430537923895829e-10
8.6980000000000004,0,2.7501949606545394e-10
8.6984999999999992,0,2.6603292901938859e-10
8.6989999999999998,0,2.573361412849806e-10
8.6995000000000005,0,2.4891992911335591e-10
8.6999999999999993,0,2.4077538851585699e-10
8.7004999999999999,0,2.3289385975289177e-10
8.7010000000000005,0,2.2526697174285459e-10
8.7014999999999993,0,2.1788661985766566e-10
8.702,0,2.1074494371831065e-10
8.7025000000000006,0,2.0383431609261038e-10
8.7029999999999994,0,1.9714739840637207e-10
8.7035,0,1.9067702972108691e-10
8.7040000000000006,0,1.844163044495417e-10
8.7044999999999995,0,1.7835851684466774e-10
8.7050000000000001,0,1.724971832040012e-10
8.7055000000000007,0,1.668260196652227e-10
8.7059999999999995,0,1.6133895330838756e-10
8.7065000000000001,0,1.5603006664477447e-10
8.7070000000000007,0,1.5089366423026718e-10
8.7074999999999996,0,1.4592422825643326e-10
8.7080000000000002,0,1.4111639634606377e-10
8.7085000000000008,0,1.3646499485986395e-10
8.7089999999999996,0,1.3196500558976255e-10
8.7095000000000002,0,1.2761155465668139e-10
8.7100000000000009,0,1.2339993471499611e-10
8.7104999999999997,0,1.1932558274807548e-10
8.7110000000000003,0,1.1538409117051174e-10
8.7114999999999991,0,1.1157119672589033e-10
8.7119999999999997,0,1.0788272497563866e-10
8.7125000000000004,0,1.0431471242355883e-10
8.7129999999999992,0,1.008632399823739e-10
8.7134999999999998,0,9.7524588404951376e-11
8.7140000000000004,0,9.4295105057540246e-11
8.7144999999999992,0,9.1171248328691942e-11
8.7149999999999999,0,8.8149643140411629e-11
8.7155000000000005,0,8.5226947721395161e-11
8.7159999999999993,0,8.2399997936022368e-11
8.7164999999999999,0,7.9665674057594058e-11
8.7170000000000005,0,7.7021000688404229e-11
8.7174999999999994,0,7.4463069044128355e-11
8.718,0,7.1989059158283913e-11
8.7185000000000006,0,6.9596262086690788e-11
8.7189999999999994,0,6.7282068805241124e-11
8.7195,0,6.5043892494287553e-11
8.7200000000000006,0,6.2879290663175885e-11
8.7204999999999995,0,6.0785876332403177e-11
8.7210000000000001,0,5.8761340238078216e-11
8.7215000000000007,0,5.6803428627461015e-11
8.7219999999999995,0,5.4909998770114042e-11
8.7225000000000001,0,5.3078930140060265e-11
8.7230000000000008,0,5.1308213233625109e-11
8.7234999999999996,0,4.9595882956054993e-11
8.7240000000000002,0,4.794002972374756e-11
8.7245000000000008,0,4.6338821668712171e-11
8.7249999999999996,0,4.479046022964894e-11
8.7255000000000003,0,4.3293224560869704e-11
8.7260000000000009,0,4.184548263452825e-11
8.7264999999999997,0,4.0445591320548147e-11
8.7270000000000003,0,3.9091974102234418e-11
8.7274999999999991,0,3.7783154382964315e-11
8.7279999999999998,0,3.651765556611508e-11
8.7285000000000004,0,3.5294056566215201e-11
8.7289999999999992,0,3.4110980706714147e-11
8.7294999999999998,0,3.2967106822212598e-11
8.7300000000000004,0,3.1861158156232249e-11
8.7304999999999993,0,3.0791891258985517e-11
8.7309999999999999,0,2.9758107089605802e-11
8.7315000000000005,0,2.8758628811687005e-11
8.7319999999999993,0,2.7792357304434744e-11
8.7324999999999999,0,2.6858182344824399e-11
8.7330000000000005,0,2.5955049220982572e-11
8.7334999999999994,0,2.5081936527726612e-11
8.734,0,2.4237856166564599e-11
8.7345000000000006,0,2.3421875550155846e-11
8.7349999999999994,0,2.2633050988929426e-11
8.7355,0,2.1870516508926131e-11
8.7360000000000007,0,2.1133372829496011e-11
8.7364999999999995,0,2.0420809487831092e-11
8.7370000000000001,0,1.9732004918893154e-11
8.7375000000000007,0,1.9066170864334707e-11
8.7379999999999995,0,1.8422552372499013e-11
8.7385000000000002,0,1.7800438900650307e-11
8.7390000000000008,0,1.7199086599362091e-11
8.7394999999999996,0,1.6617840437049837e-11
8.7400000000000002,0,1.605600097320803e-11
8.7405000000000008,0,1.5512946482942881e-11
8.7409999999999997,0,1.4988066343590845e-11
8.7415000000000003,0,1.4480761034718626e-11
8.7420000000000009,0,1.3990442138123171e-11
8.7424999999999997,0,1.3516532337831678e-11
8.7430000000000003,0,1.3058498726792322e-11
8.7434999999999992,0,1.2615819500183533e-11
8.7439999999999998,0,1.2187983955413984e-11
8.7445000000000004,0,1.1774503594352837e-11
8.7449999999999992,0,1.1374889918869257e-11
8.7454999999999998,0,1.0988698839753396e-11
8.7460000000000004,0,1.0615475165565158e-11
8.7464999999999993,0,1.0254785909324937e-11
8.7469999999999999,0,9.9062313907438686e-12
8.7475000000000005,0,9.5693897250725961e-12
8.7479999999999993,0,9.2438834364827471e-12
8.7484999999999999,0,8.9293350491459481e-12
8.7490000000000006,0,8.6253559850035802e-12
8.7494999999999994,0,8.3316242793785029e-12
8.75,0,8.0477846609028347e-12
8.7505000000000006,0,7.7735151648994367e-12
8.7509999999999994,0,7.508482724460918e-12
8.7515000000000001,0,7.2523986816008804e-12
8.7520000000000007,0,7.0049521738724252e-12
8.7524999999999995,0,6.7658545432891516e-12
8.7530000000000001,0,6.5348393363251487e-12
8.7535000000000007,0,6.3116178949940149e-12
8.7539999999999996,0,6.0959459702303322e-12
8.7545000000000002,0,5.8875571085081903e-12
8.7550000000000008,0,5.6862181629924182e-12
8.7554999999999996,0,5.4916959868478446e-12
8.7560000000000002,0,5.3037685354695439e-12
8.7565000000000008,0,5.1221804575618535e-12
8.7569999999999997,0,4.9467541174408326e-12
8.7575000000000003,0,4.7772785727318025e-12
8.7579999999999991,0,4.613531778829838e-12
8.7584999999999997,0,4.4553361000509993e-12
8.7590000000000003,0,4.3025250029415926e-12
8.7594999999999992,0,4.1548875451269397e-12
8.7599999999999998,0,4.0122682953835923e-12
8.7605000000000004,0,3.8744896180276104e-12
8.7609999999999992,0,3.7413738773750541e-12
8.7614999999999998,0,3.6128100511234606e-12
8.7620000000000005,0,3.4885982991283981e-12
8.7624999999999993,0,3.3686164968571574e-12
8.7629999999999999,0,3.252709213086291e-12
8.7635000000000005,0,3.140743221052844e-12
8.7639999999999993,0,3.0326074984543538e-12
8.7645,0,2.928146614067373e-12
8.7650000000000006,0,2.827260647819685e-12
8.7654999999999994,0,2.7298052707180888e-12
8.766,0,2.6356694604601216e-12
8.7665000000000006,0,2.5447310925130752e-12
8.7669999999999995,0,2.4569013490349788e-12
8.7675000000000001,0,2.3720803099536169e-12
8.7680000000000007,0,2.2901569529665268e-12
8.7684999999999995,0,2.2110202557712453e-12
8.7690000000000001,0,2.1345925027560498e-12
8.7695000000000007,0,2.0607848760789695e-12
8.7699999999999996,0,1.9894863534375418e-12
8.7705000000000002,0,1.9206414236805356e-12
8.7710000000000008,0,1.8541501667357353e-12
8.7714999999999996,0,1.78992376476117e-12
8.7720000000000002,0,1.7279067066056087e-12
8.7725000000000009,0,1.6680101744270815e-12
8.7729999999999997,0,1.6101786570743571e-12
8.7735000000000003,0,1.5543233367054654e-12
8.7739999999999991,0,1.5003775999389291e-12
8.7744999999999997,0,1.4482859356235167e-12
8.7750000000000004,0,1.3979817303777508e-12
8.7754999999999992,0,1.3493983708201539e-12
8.7759999999999998,0,1.3024914480297411e-12
8.7765000000000004,0,1.2571832463947886e-12
8.7769999999999992,0,1.2134404592245574e-12
8.7774999999999999,0,1.1712075753678163e-12
8.7780000000000005,0,1.1304179814430881e-12
8.7784999999999993,0,1.0910383707596339e-12
8.7789999999999999,0,1.0530132321662223e-12
8.7795000000000005,0,1.0162981567418683e-12
8.7799999999999994,0,9.8084873556558713e-13
8.7805,0,9.4662055971639343e-13
8.7810000000000006,0,9.1355811804305635e-13
8.7814999999999994,0,8.8165030831532929e-13
8.782,0,8.508416193819812e-13
8.7825000000000006,0,8.2110984678251949e-13
8.7829999999999995,0,7.92399479365713e-13
8.7835000000000001,0,7.6467721044082286e-13
8.7840000000000007,0,7.3792083554735659e-13
8.7844999999999995,0,7.1207484353408292e-13
8.7850000000000001,0,6.8712813217075567e-13
8.7855000000000008,0,6.6304739476663597e-13
8.7859999999999996,0,6.3978822240073894e-13
8.7865000000000002,0,6.1733951284281829e-13
8.7870000000000008,0,5.9567906163238145e-13
8.7874999999999996,0,5.7476245984844354e-13
8.7880000000000003,0,5.5456750303051198e-13
8.7885000000000009,0,5.3507198671809419e-13
8.7889999999999997,0,5.1625370645069779e-13
8.7895000000000003,0,4.9809045776783019e-13
8.7899999999999991,0,4.8056003620899901e-13
8.7904999999999998,0,4.6362913508346537e-13
8.7910000000000004,0,4.4728665216098309e-13
8.7914999999999992,0,4.3151038298105957e-13
8.7919999999999998,0,4.1628922531344869e-13
8.7925000000000004,0,4.015898724674116e-13
8.7929999999999993,0,3.8740122221270213e-13
8.7934999999999999,0,3.7372327454932017e-13
8.7940000000000005,0,3.6050051832603457e-13
8.7944999999999993,0,3.4774405577309151e-13
8.7949999999999999,0,3.3543168242999857e-13
8.7955000000000005,0,3.235411938362631e-13
8.7959999999999994,0,3.1206148776163902e-13
8.7965,0,3.0099256420612618e-13
8.7970000000000006,0,2.9031221870923219e-13
8.7974999999999994,0,2.7999824681046448e-13
8.798,0,2.7005064850982309e-13
8.7985000000000007,0,2.6044721934681548e-13
8.7989999999999995,0,2.5117685709119543e-13
8.7995000000000001,0,2.4223956174296292e-13
8.8000000000000007,0,2.3361312884162542e-13
8.8004999999999995,0,2.2528645615693677e-13
8.8010000000000002,0,2.1724844145865063e-13
8.8015000000000008,0,2.094879825165208e-13
8.8019999999999996,0,2.0199397710030099e-13
8.8025000000000002,0,1.9475532297974497e-13
8.8030000000000008,0,1.8778312238509899e-13
8.8034999999999997,0,1.8105517085587052e-13
8.8040000000000003,0,1.7456036616181336e-13
8.8045000000000009,0,1.6829870830292749e-13
8.8049999999999997,0,1.6224799281872039e-13
8.8055000000000003,0,1.5641932193943832e-13
8.8059999999999992,0,1.5079049120458877e-13
8.8064999999999998,0,1.4536150061417174e-13
8.8070000000000004,0,1.40121247937941e-13
8.8074999999999992,0,1.3505863094565029e-13
8.8079999999999998,0,1.3018475186754585e-13
8.8085000000000004,0,1.2548850847338144e-13
8.8089999999999993,0,1.2094769630266456e-13
8.8094999999999999,0,1.165623153553952e-13
8.8100000000000005,0,1.1233236563157333e-13
8.8104999999999993,0,1.0824674490095276e-13
8.8109999999999999,0,1.0431655539377971e-13
8.8115000000000006,0,1.0053069487980792e-13
8.8119999999999994,0,9.6878061128791162e-14
8.8125,0,9.3347551910483157e-14
8.8130000000000006,0,8.9939167224883934e-14
8.8134999999999994,0,8.6652907071993468e-14
8.8140000000000001,0,8.3488771451811772e-14
8.8145000000000007,0,8.0424555903846337e-14
8.8149999999999995,0,7.7471362658343418e-14
8.8155000000000001,0,7.4629191715303028e-14
8.8160000000000007,0,7.1886940844478886e-14
8.8164999999999996,0,6.9233507815624764e-14
8.8170000000000002,0,6.6679994858986904e-14
8.8175000000000008,0,6.4215299744319052e-14
8.8179999999999996,0,6.1850524701867473e-14
8.8185000000000002,0,5.9563465271139648e-14
8.8190000000000008,0,5.7354121452135589e-14
8.8194999999999997,0,5.5222493244855284e-14
8.8200000000000003,0,5.3168580649298744e-14
8.8204999999999991,0,5.1181281435219717e-14
8.8209999999999997,0,4.9271697832864449e-14
8.8215000000000003,0,4.743982984223294e-14
8.8219999999999992,0,4.566347300283269e-14
8.8224999999999998,0,4.3953729544909945e-14
8.8230000000000004,0,4.2299497238218464e-14
8.8234999999999992,0,4.0711878313004489e-14
8.8239999999999998,0,3.9179770539021772e-14
8.8245000000000005,0,3.7692071686024065e-14
8.8249999999999993,0,3.6270986214503863e-14
8.8254999999999999,0,3.4894309663968671e-14
8.8260000000000005,0,3.3562042034418483e-14
8.8264999999999993,0,3.2285285556099553e-14
8.827,0,3.1052937998765627e-14
8.8275000000000006,0,2.9864999362416711e-14
8.8279999999999994,0,2.8721469647052798e-14
8.8285,0,2.7611246622427642e-14
8.8290000000000006,0,2.6545432518787492e-14
8.8294999999999995,0,2.5512925105886099e-14
8.8300000000000001,0,2.4524826613969709e-14
8.8305000000000007,0,2.3570034812792075e-14
8.8309999999999995,0,2.2659651932599444e-14
8.8315000000000001,0,2.178257574314557e-14
8.8320000000000007,0,2.0927704014184201e-14
8.8324999999999996,0,2.0117241206207835e-14
8.8330000000000002,0,1.9328982858723975e-14
8.8335000000000008,0,1.8562928971732616e-14
8.8339999999999996,0,1.7830181775480013e-14
8.8345000000000002,0,1.7130741269966167e-14
8.8350000000000009,0,1.6442402994698568e-14
8.8354999999999997,0,1.5787371410169725e-14
8.8360000000000003,0,1.5165646516379638e-14
8.8364999999999991,0,1.4555023852835802e-14
8.8369999999999997,0,1.3966605649784469e-14
8.8375000000000004,0,1.3389289676979387e-14
8.8379999999999992,0,1.2856382625159312e-14
8.8384999999999998,0,1.2334577803585489e-14
8.8390000000000004,0,1.1834977442504168e-14
8.8394999999999992,0,1.13464793116691e-14
8.8399999999999999,0,1.0891287871572785e-14
8.8405000000000005,0,1.0436096431476471e-14
8.8409999999999993,0,1.000310945187266e-14
8.8414999999999999,0,9.5812247025151006e-15
8.8420000000000005,0,9.1815444136500449e-15
8.8424999999999994,0,8.7929663550312401e-15
8.843,0,8.4154905266586863e-15
8.8435000000000006,0,8.0602191587786359e-15
8.8439999999999994,0,7.716050021144838e-15
8.8445,0,7.3940853440035419e-15
8.8450000000000006,0,7.0721206668622475e-15
8.8454999999999995,0,6.7612582199672032e-15
8.8460000000000001,0,6.4614980033184114e-15
8.8465000000000007,0,6.1728400169158705e-15
8.8469999999999995,0,5.9063864910058331e-15
8.8475000000000001,0,5.6510351953420466e-15
8.8480000000000008,0,5.4067861299245127e-15
8.8484999999999996,0,5.1736392947532296e-15
8.8490000000000002,0,4.9404924595819466e-15
8.8495000000000008,0,4.7073456244106636e-15
8.8499999999999996,0,4.496403249731884e-15
8.8505000000000003,0,4.2854608750531044e-15
8.8510000000000009,0,4.0856207306205758e-15
8.8514999999999997,0,3.8857805861880479e-15
8.8520000000000003,0,3.7081449022480227e-15
8.8524999999999991,0,3.5416114485542492e-15
8.8529999999999998,0,3.3750779948604757e-15
8.8535000000000004,0,3.219646771412954e-15
8.8539999999999992,0,3.0642155479654322e-15
8.8544999999999998,0,2.9198865547641618e-15
8.8550000000000004,0,2.7755575615628914e-15
8.8554999999999993,0,2.6312285683616209e-15
8.8559999999999999,0,2.4980018054066022e-15
8.8565000000000005,0,2.3758772726978348e-15
8.8569999999999993,0,2.2537527399890679e-15
8.8574999999999999,0,2.1316282072803005e-15
8.8580000000000005,0,2.0206059048177848e-15
8.8584999999999994,0,1.9095836023552692e-15
8.859,0,1.7985612998927535e-15
8.8595000000000006,0,1.6986412276764896e-15
8.8599999999999994,0,1.609823385706477e-15
8.8605,0,1.5210055437364644e-15
8.8610000000000007,0,1.432187701766452e-15
8.8614999999999995,0,1.3544720900426909e-15
8.8620000000000001,0,1.27675647831893e-15
8.8625000000000007,0,1.2101430968414207e-15
8.8629999999999995,0,1.1435297153639113e-15
8.8635000000000002,0,1.0769163338864018e-15
8.8640000000000008,0,1.0103029524088924e-15
8.8644999999999996,0,9.5479180117763459e-16
8.8650000000000002,0,8.9928064994637676e-16
8.8655000000000008,0,8.4376949871511893e-16
8.8659999999999997,0,7.9936057773011273e-16
8.8665000000000003,0,7.5495165674510643e-16
8.8670000000000009,0,7.1054273576010023e-16
8.8674999999999997,0,6.6613381477509392e-16
8.8680000000000003,0,6.2172489379008762e-16
8.8684999999999992,0,5.7731597280508142e-16
8.8689999999999998,0,5.3290705182007512e-16
8.8695000000000004,0,4.9960036108132044e-16
8.8699999999999992,0,4.6629367034256577e-16
8.8704999999999998,0,4.3298697960381104e-16
8.8710000000000004,0,3.9968028886505636e-16
8.8714999999999993,0,3.6637359812630164e-16
8.8719999999999999,0,3.3306690738754696e-16
8.8725000000000005,0,2.9976021664879229e-16
8.8729999999999993,0,2.6645352591003756e-16
8.8734999999999999,0,2.3314683517128288e-16
8.8740000000000006,0,2.1094237467877973e-16
8.8744999999999994,0,1.9984014443252818e-16
8.875,0,1.8873791418627661e-16
8.8755000000000006,0,1.7763568394002506e-16
8.8759999999999994,0,1.6653345369377348e-16
8.8765000000000001,0,1.5543122344752191e-16
8.8770000000000007,0,1.4432899320127036e-16
8.8774999999999995,0,1.3322676295501878e-16
8.8780000000000001,0,1.2212453270876723e-16
8.8785000000000007,0,1.1102230246251565e-16
8.8789999999999996,0,9.9920072216264091e-17
8.8795000000000002,0,8.8817841970012528e-17
8.8800000000000008,0,7.7715611723760953e-17
8.8804999999999996,0,6.661338147750939e-17
8.8810000000000002,0,5.5511151231257827e-17
8.8815000000000008,0,4.4408920985006264e-17
8.8819999999999997,0,3.3306690738754695e-17
8.8825000000000003,0,2.2204460492503132e-17
8.8829999999999991,0,1.1102230246251566e-17
8.8834999999999997,0,0
8.8840000000000003,0,0
8.8844999999999992,0,0
8.8849999999999998,0,0
8.8855000000000004,0,0
8.8859999999999992,0,0
8.8864999999999998,0,0
8.8870000000000005,0,0
8.8874999999999993,0,0
8.8879999999999999,0,0
8.8885000000000005,0,0
8.8889999999999993,0,0
8.8895,0,0
8.8900000000000006,0,0
8.8904999999999994,0,0
8.891,0,0
8.8915000000000006,0,0
8.8919999999999995,0,0
8.8925000000000001,0,0
8.8930000000000007,0,0
8.8934999999999995,0,0
8.8940000000000001,0,0
8.8945000000000007,0,0
8.8949999999999996,0,0
8.8955000000000002,0,0
8.8960000000000008,0,0
8.8964999999999996,0,0
8.8970000000000002,0,0
8.8975000000000009,0,0
8.8979999999999997,0,0
8.8985000000000003,0,0
8.8989999999999991,0,0
8.8994999999999997,0,0
8.9000000000000004,0,0
8.9004999999999992,0,0
8.9009999999999998,0,0
8.9015000000000004,0,0
8.9019999999999992,0,0
8.9024999999999999,0,0
8.9030000000000005,0,0
8.9034999999999993,0,0
8.9039999999999999,0,0
8.9045000000000005,0,0
8.9049999999999994,0,0
8.9055,0,0
8.9060000000000006,0,0
8.9064999999999994,0,0
8.907,0,0
8.9075000000000006,0,0
8.9079999999999995,0,0
8.9085000000000001,0,0
8.9090000000000007,0,0
8.9094999999999995,0,0
8.9100000000000001,0,0
8.9105000000000008,0,0
8.9109999999999996,0,0
8.9115000000000002,0,0
8.9120000000000008,0,0
8.9124999999999996,0,0
8.9130000000000003,0,0
8.9135000000000009,0,0
8.9139999999999997,0,0
8.9145000000000003,0,0
8.9149999999999991,0,0
8.9154999999999998,0,0
8.9160000000000004,0,0
8.9164999999999992,0,0
8.9169999999999998,0,0
8.9175000000000004,0,0
8.9179999999999993,0,0
8.9184999999999999,0,0
8.9190000000000005,0,0
8.9194999999999993,0,0
8.9199999999999999,0,0
8.9205000000000005,0,0
8.9209999999999994,0,0
8.9215,0,0
8.9220000000000006,0,0
8.9224999999999994,0,0
8.923,0,0
8.9235000000000007,0,0
8.9239999999999995,0,0
8.9245000000000001,0,0
8.9250000000000007,0,0
8.9254999999999995,0,0
8.9260000000000002,0,0
8.9265000000000008,0,0
8.9269999999999996,0,0
8.9275000000000002,0,0
8.9280000000000008,0,0
8.9284999999999997,0,0
8.9290000000000003,0,0
8.9295000000000009,0,0
8.9299999999999997,0,0
8.9305000000000003,0,0
8.9309999999999992,0,0
8.9314999999999998,0,0
8.9320000000000004,0,0
8.9324999999999992,0,0
8.9329999999999998,0,0
8.9335000000000004,0,0
8.9339999999999993,0,0
8.9344999999999999,0,0
8.9350000000000005,0,0
8.9354999999999993,0,0
8.9359999999999999,0,0
8.9365000000000006,0,0
8.9369999999999994,0,0
8.9375,0,0
8.9380000000000006,0,0
8.9384999999999994,0,0
8.9390000000000001,0,0
8.9395000000000007,0,0
8.9399999999999995,0,0
8.9405000000000001,0,0
8.9410000000000007,0,0
8.9414999999999996,0,0
8.9420000000000002,0,0
8.9425000000000008,0,0
8.9429999999999996,0,0
8.9435000000000002,0,0
8.9440000000000008,0,0
8.9444999999999997,0,0
8.9450000000000003,0,0
8.9454999999999991,0,0
8.9459999999999997,0,0
8.9465000000000003,0,0
8.9469999999999992,0,0
8.9474999999999998,0,0
8.9480000000000004,0,0
8.9484999999999992,0,0
8.9489999999999998,0,0
8.9495000000000005,0,0
8.9499999999999993,0,0
8.9504999999999999,0,0
8.9510000000000005,0,0
8.9514999999999993,0,0
8.952,0,0
8.9525000000000006,0,0
8.9529999999999994,0,0
8.9535,0,0
8.9540000000000006,0,0
8.9544999999999995,0,0
8.9550000000000001,0,0
8.9555000000000007,0,0
8.9559999999999995,0,0
8.9565000000000001,0,0
8.9570000000000007,0,0
8.9574999999999996,0,0
8.9580000000000002,0,0
8.9585000000000008,0,0
8.9589999999999996,0,0
8.9595000000000002,0,0
8.9600000000000009,0,0
8.9604999999999997,0,0
8.9610000000000003,0,0
8.9614999999999991,0,0
8.9619999999999997,0,0
8.9625000000000004,0,0
8.9629999999999992,0,0
8.9634999999999998,0,0
8.9640000000000004,0,0
8.9644999999999992,0,0
8.9649999999999999,0,0
8.9655000000000005,0,0
8.9659999999999993,0,0
8.9664999999999999,0,0
8.9670000000000005,0,0
8.9674999999999994,0,0
8.968,0,0
8.9685000000000006,0,0
8.9689999999999994,0,0
8.9695,0,0
8.9700000000000006,0,0
8.9704999999999995,0,0
8.9710000000000001,0,0
8.9715000000000007,0,0
8.9719999999999995,0,0
8.9725000000000001,0,0
8.9730000000000008,0,0
8.9734999999999996,0,0
8.9740000000000002,0,0
8.9745000000000008,0,0
8.9749999999999996,0,0
8.9755000000000003,0,0
8.9760000000000009,0,0
8.9764999999999997,0,0
8.9770000000000003,0,0
8.9774999999999991,0,0
8.9779999999999998,0,0
8.9785000000000004,0,0
8.9789999999999992,0,0
8.9794999999999998,0,0
8.9800000000000004,0,0
8.9804999999999993,0,0
8.9809999999999999,0,0
8.9815000000000005,0,0
8.9819999999999993,0,0
8.9824999999999999,0,0
8.9830000000000005,0,0
8.9834999999999994,0,0
8.984,0,0
8.9845000000000006,0,0
8.9849999999999994,0,0
8.9855,0,0
8.9860000000000007,0,0
8.9864999999999995,0,0
8.9870000000000001,0,0
8.9875000000000007,0,0
8.9879999999999995,0,0
8.9885000000000002,0,0
8.9890000000000008,0,0
8.9894999999999996,0,0
8.9900000000000002,0,0
8.9905000000000008,0,0
8.9909999999999997,0,0
8.9915000000000003,0,0
8.9920000000000009,0,0
8.9924999999999997,0,0
8.9930000000000003,0,0
8.9934999999999992,0,0
8.9939999999999998,0,0
8.9945000000000004,0,0
8.9949999999999992,0,0
8.9954999999999998,0,0
8.9960000000000004,0,0
8.9964999999999993,0,0
8.9969999999999999,0,0
8.9975000000000005,0,0
8.9979999999999993,0,0
8.9984999999999999,0,0
8.9990000000000006,0,0
8.9994999999999994,0,0
9,0,0
9.0005000000000006,0,0
9.0009999999999994,0,0
9.0015000000000001,0,0
9.0020000000000007,0,0
9.0024999999999995,0,0
9.0030000000000001,0,0
9.0035000000000007,0,0
9.0039999999999996,0,0
9.0045000000000002,0,0
9.0050000000000008,0,0
9.0054999999999996,0,0
9.0060000000000002,0,0
9.0065000000000008,0,0
9.0069999999999997,0,0
9.0075000000000003,0,0
9.0079999999999991,0,0
9.0084999999999997,0,0
9.0090000000000003,0,0
9.0094999999999992,0,0
9.0099999999999998,0,0
9.0105000000000004,0,0
9.0109999999999992,0,0
9.0114999999999998,0,0
9.0120000000000005,0,0
9.0124999999999993,0,0
9.0129999999999999,0,0
9.0135000000000005,0,0
9.0139999999999993,0,0
9.0145,0,0
9.0150000000000006,0,0
9.0154999999999994,0,0
9.016,0,0
9.0165000000000006,0,0
9.0169999999999995,0,0
9.0175000000000001,0,0
9.0180000000000007,0,0
9.0184999999999995,0,0
9.0190000000000001,0,0
9.0195000000000007,0,0
9.0199999999999996,0,0
9.0205000000000002,0,0
9.0210000000000008,0,0
9.0214999999999996,0,0
9.0220000000000002,0,0
9.0225000000000009,0,0
9.0229999999999997,0,0
9.0235000000000003,0,0
9.0239999999999991,0,0
9.0244999999999997,0,0
9.0250000000000004,0,0
9.0254999999999992,0,0
9.0259999999999998,0,0
9.0265000000000004,0,0
9.0269999999999992,0,0
9.0274999999999999,0,0
9.0280000000000005,0,0
9.0284999999999993,0,0
9.0289999999999999,0,0
9.0295000000000005,0,0
9.0299999999999994,0,0
9.0305,0,0
9.0310000000000006,0,0
9.0314999999999994,0,0
9.032,0,0
9.0325000000000006,0,0
9.0329999999999995,0,0
9.0335000000000001,0,0
9.0340000000000007,0,0
9.0344999999999995,0,0
9.0350000000000001,0,0
9.0355000000000008,0,0
9.0359999999999996,0,0
9.0365000000000002,0,0
9.0370000000000008,0,0
9.0374999999999996,0,0
9.0380000000000003,0,0
9.0385000000000009,0,0
9.0389999999999997,0,0
9.0395000000000003,0,0
9.0399999999999991,0,0
9.0404999999999998,0,0
9.0410000000000004,0,0
9.0414999999999992,0,0
9.0419999999999998,0,0
9.0425000000000004,0,0
9.0429999999999993,0,0
9.0434999999999999,0,0
9.0440000000000005,0,0
9.0444999999999993,0,0
9.0449999999999999,0,0
9.0455000000000005,0,0
9.0459999999999994,0,0
9.0465,0,0
9.0470000000000006,0,0
9.0474999999999994,0,0
9.048,0,0
9.0485000000000007,0,0
9.0489999999999995,0,0
9.0495000000000001,0,0
9.0500000000000007,0,0
9.0504999999999995,0,0
9.0510000000000002,0,0
9.0515000000000008,0,0
9.0519999999999996,0,0
9.0525000000000002,0,0
9.0530000000000008,0,0
9.0534999999999997,0,0
9.0540000000000003,0,0
9.0545000000000009,0,0
9.0549999999999997,0,0
9.0555000000000003,0,0
9.0559999999999992,0,0
9.0564999999999998,0,0
9.0570000000000004,0,0
9.0574999999999992,0,0
9.0579999999999998,0,0
9.0585000000000004,0,0
9.0589999999999993,0,0
9.0594999999999999,0,0
9.0600000000000005,0,0
9.0604999999999993,0,0
9.0609999999999999,0,0
9.0615000000000006,0,0
9.0619999999999994,0,0
9.0625,0,0
9.0630000000000006,0,0
9.0634999999999994,0,0
9.0640000000000001,0,0
9.0645000000000007,0,0
9.0649999999999995,0,0
9.0655000000000001,0,0
9.0660000000000007,0,0
9.0664999999999996,0,0
9.0670000000000002,0,0
9.0675000000000008,0,0
9.0679999999999996,0,0
9.0685000000000002,0,0
9.0690000000000008,0,0
9.0694999999999997,0,0
9.0700000000000003,0,0
9.0704999999999991,0,0
9.0709999999999997,0,0
9.0715000000000003,0,0
9.0719999999999992,0,0
9.0724999999999998,0,0
9.0730000000000004,0,0
9.0734999999999992,0,0
9.0739999999999998,0,0
9.0745000000000005,0,0
9.0749999999999993,0,0
9.0754999999999999,0,0
9.0760000000000005,0,0
9.0764999999999993,0,0
9.077,0,0
9.0775000000000006,0,0
9.0779999999999994,0,0
9.0785,0,0
9.0790000000000006,0,0
9.0794999999999995,0,0
9.0800000000000001,0,0
9.0805000000000007,0,0
9.0809999999999995,0,0
9.0815000000000001,0,0
9.0820000000000007,0,0
9.0824999999999996,0,0
9.0830000000000002,0,0
9.0835000000000008,0,0
9.0839999999999996,0,0
9.0845000000000002,0,0
9.0850000000000009,0,0
9.0854999999999997,0,0
9.0860000000000003,0,0
9.0864999999999991,0,0
9.0869999999999997,0,0
9.0875000000000004,0,0
9.0879999999999992,0,0
9.0884999999999998,0,0
9.0890000000000004,0,0
9.0894999999999992,0,0
9.0899999999999999,0,0
9.0905000000000005,0,0
9.0909999999999993,0,0
9.0914999999999999,0,0
9.0920000000000005,0,0
9.0924999999999994,0,0
9.093,0,0
9.0935000000000006,0,0
9.0939999999999994,0,0
9.0945,0,0
9.0950000000000006,0,0
9.0954999999999995,0,0
9.0960000000000001,0,0
9.0965000000000007,0,0
9.0969999999999995,0,0
9.0975000000000001,0,0
9.0980000000000008,0,0
9.0984999999999996,0,0
9.0990000000000002,0,0
9.0995000000000008,0,0
9.0999999999999996,0,0
9.1005000000000003,0,0
9.1010000000000009,0,0
9.1014999999999997,0,0
9.1020000000000003,0,0
9.1024999999999991,0,0
9.1029999999999998,0,0
9.1035000000000004,0,0
9.1039999999999992,0,0
9.1044999999999998,0,0
9.1050000000000004,0,0
9.1054999999999993,0,0
9.1059999999999999,0,0
9.1065000000000005,0,0
9.1069999999999993,0,0
9.1074999999999999,0,0
9.1080000000000005,0,0
9.1084999999999994,0,0
9.109,0,0
9.1095000000000006,0,0
9.1099999999999994,0,0
9.1105,0,0
9.1110000000000007,0,0
9.1114999999999995,0,0
9.1120000000000001,0,0
9.1125000000000007,0,0
9.1129999999999995,0,0
9.1135000000000002,0,0
9.1140000000000008,0,0
9.1144999999999996,0,0
9.1150000000000002,0,0
9.1155000000000008,0,0
9.1159999999999997,0,0
9.1165000000000003,0,0
9.1170000000000009,0,0
9.1174999999999997,0,0
9.1180000000000003,0,0
9.1184999999999992,0,0
9.1189999999999998,0,0
9.1195000000000004,0,0
9.1199999999999992,0,0
9.1204999999999998,0,0
9.1210000000000004,0,0
9.1214999999999993,0,0
9.1219999999999999,0,0
9.1225000000000005,0,0
9.1229999999999993,0,0
9.1234999999999999,0,0
9.1240000000000006,0,0
9.1244999999999994,0,0
9.125,0,0
9.1255000000000006,0,0
9.1259999999999994,0,0
9.1265000000000001,0,0
9.1270000000000007,0,0
9.1274999999999995,0,0
9.1280000000000001,0,0
9.1285000000000007,0,0
9.1289999999999996,0,0
9.1295000000000002,0,0
9.1300000000000008,0,0
9.1304999999999996,0,0
9.1310000000000002,0,0
9.1315000000000008,0,0
9.1319999999999997,0,0
9.1325000000000003,0,0
9.1329999999999991,0,0
9.1334999999999997,0,0
9.1340000000000003,0,0
9.1344999999999992,0,0
9.1349999999999998,0,0
9.1355000000000004,0,0
9.1359999999999992,0,0
9.1364999999999998,0,0
9.1370000000000005,0,0
9.1374999999999993,0,0
9.1379999999999999,0,0
9.1385000000000005,0,0
9.1389999999999993,0,0
9.1395,0,0
9.1400000000000006,0,0
9.1404999999999994,0,0
9.141,0,0
9.1415000000000006,0,0
9.1419999999999995,0,0
9.1425000000000001,0,0
9.1430000000000007,0,0
9.1434999999999995,0,0
9.1440000000000001,0,0
9.1445000000000007,0,0
9.1449999999999996,0,0
9.1455000000000002,0,0
9.1460000000000008,0,0
9.1464999999999996,0,0
9.1470000000000002,0,0
9.1475000000000009,0,0
9.1479999999999997,0,0
9.1485000000000003,0,0
9.1489999999999991,0,0
9.1494999999999997,0,0
9.1500000000000004,0,0
9.1504999999999992,0,0
9.1509999999999998,0,0
9.1515000000000004,0,0
9.1519999999999992,0,0
9.1524999999999999,0,0
9.1530000000000005,0,0
9.1534999999999993,0,0
9.1539999999999999,0,0
9.1545000000000005,0,0
9.1549999999999994,0,0
9.1555,0,0
9.1560000000000006,0,0
9.1564999999999994,0,0
9.157,0,0
9.1575000000000006,0,0
9.1579999999999995,0,0
9.1585000000000001,0,0
9.1590000000000007,0,0
9.1594999999999995,0,0
9.1600000000000001,0,0
9.1605000000000008,0,0
9.1609999999999996,0,0
9.1615000000000002,0,0
9.1620000000000008,0,0
9.1624999999999996,0,0
9.1630000000000003,0,0
9.1635000000000009,0,0
9.1639999999999997,0,0
9.1645000000000003,0,0
9.1649999999999991,0,0
9.1654999999999998,0,0
9.1660000000000004,0,0
9.1664999999999992,0,0
9.1669999999999998,0,0
9.1675000000000004,0,0
9.1679999999999993,0,0
9.1684999999999999,0,0
9.1690000000000005,0,0
9.1694999999999993,0,0
9.1699999999999999,0,0
9.1705000000000005,0,0
9.1709999999999994,0,0
9.1715,0,0
9.1720000000000006,0,0
9.1724999999999994,0,0
9.173,0,0
9.1735000000000007,0,0
9.1739999999999995,0,0
9.1745000000000001,0,0
9.1750000000000007,0,0
9.1754999999999995,0,0
9.1760000000000002,0,0
9.1765000000000008,0,0
9.1769999999999996,0,0
9.1775000000000002,0,0
9.1780000000000008,0,0
9.1784999999999997,0,0
9.1790000000000003,0,0
9.1795000000000009,0,0
9.1799999999999997,0,0
9.1805000000000003,0,0
9.1809999999999992,0,0
9.1814999999999998,0,0
9.1820000000000004,0,0
9.1824999999999992,0,0
9.1829999999999998,0,0
9.1835000000000004,0,0
9.1839999999999993,0,0
9.1844999999999999,0,0
9.1850000000000005,0,0
9.1854999999999993,0,0
9.1859999999999999,0,0
9.1865000000000006,0,0
9.1869999999999994,0,0
9.1875,0,0
9.1880000000000006,0,0
9.1884999999999994,0,0
9.1890000000000001,0,0
9.1895000000000007,0,0
9.1899999999999995,0,0
9.1905000000000001,0,0
9.1910000000000007,0,0
9.1914999999999996,0,0
9.1920000000000002,0,0
9.1925000000000008,0,0
9.1929999999999996,0,0
9.1935000000000002,0,0
9.1940000000000008,0,0
9.1944999999999997,0,0
9.1950000000000003,0,0
9.1954999999999991,0,0
9.1959999999999997,0,0
9.1965000000000003,0,0
9.1969999999999992,0,0
9.1974999999999998,0,0
9.1980000000000004,0,0
9.1984999999999992,0,0
9.1989999999999998,0,0
9.1995000000000005,0,0
9.1999999999999993,0,0
9.2004999999999999,0,0
9.2010000000000005,0,0
9.2014999999999993,0,0
9.202,0,0
9.2025000000000006,0,0
9.2029999999999994,0,0
9.2035,0,0
9.2040000000000006,0,0
9.2044999999999995,0,0
9.2050000000000001,0,0
9.2055000000000007,0,0
9.2059999999999995,0,0
9.2065000000000001,0,0
9.2070000000000007,0,0
9.2074999999999996,0,0
9.2080000000000002,0,0
9.2085000000000008,0,0
9.2089999999999996,0,0
9.2095000000000002,0,0
9.2100000000000009,0,0
9.2104999999999997,0,0
9.2110000000000003,0,0
9.2114999999999991,0,0
9.2119999999999997,0,0
9.2125000000000004,0,0
9.2129999999999992,0,0
9.2134999999999998,0,0
9.2140000000000004,0,0
9.2144999999999992,0,0
9.2149999999999999,0,0
9.2155000000000005,0,0
9.2159999999999993,0,0
9.2164999999999999,0,0
9.2170000000000005,0,0
9.2174999999999994,0,0
9.218,0,0
9.2185000000000006,0,0
9.2189999999999994,0,0
9.2195,0,0
9.2200000000000006,0,0
9.2204999999999995,0,0
9.2210000000000001,0,0
9.2215000000000007,0,0
9.2219999999999995,0,0
9.2225000000000001,0,0
9.2230000000000008,0,0
9.2234999999999996,0,0
9.2240000000000002,0,0
9.2245000000000008,0,0
9.2249999999999996,0,0
9.2255000000000003,0,0
9.2260000000000009,0,0
9.2264999999999997,0,0
9.2270000000000003,0,0
9.2274999999999991,0,0
9.2279999999999998,0,0
9.2285000000000004,0,0
9.2289999999999992,0,0
9.2294999999999998,0,0
9.2300000000000004,0,0
9.2304999999999993,0,0
9.2309999999999999,0,0
9.2315000000000005,0,0
9.2319999999999993,0,0
9.2324999999999999,0,0
9.2330000000000005,0,0
9.2334999999999994,0,0
9.234,0,0
9.2345000000000006,0,0
9.2349999999999994,0,0
9.2355,0,0
9.2360000000000007,0,0
9.2364999999999995,0,0
9.2370000000000001,0,0
9.2375000000000007,0,0
9.2379999999999995,0,0
9.2385000000000002,0,0
9.2390000000000008,0,0
9.2394999999999996,0,0
9.2400000000000002,0,0
9.2405000000000008,0,0
9.2409999999999997,0,0
9.2415000000000003,0,0
9.2420000000000009,0,0
9.2424999999999997,0,0
9.2430000000000003,0,0
9.2434999999999992,0,0
9.2439999999999998,0,0
9.2445000000000004,0,0
9.2449999999999992,0,0
9.2454999999999998,0,0
9.2460000000000004,0,0
9.2464999999999993,0,0
9.2469999999999999,0,0
9.2475000000000005,0,0
9.2479999999999993,0,0
9.2484999999999999,0,0
9.2490000000000006,0,0
9.2494999999999994,0,0
9.25,0,0
9.2505000000000006,0,0
9.2509999999999994,0,0
9.2515000000000001,0,0
9.2520000000000007,0,0
9.2524999999999995,0,0
9.2530000000000001,0,0
9.2535000000000007,0,0
9.2539999999999996,0,0
9.2545000000000002,0,0
9.2550000000000008,0,0
9.2554999999999996,0,0
9.2560000000000002,0,0
9.2565000000000008,0,0
9.2569999999999997,0,0
9.2575000000000003,0,0
9.2579999999999991,0,0
9.2584999999999997,0,0
9.2590000000000003,0,0
9.2594999999999992,0,0
9.2599999999999998,0,0
9.2605000000000004,0,0
9.2609999999999992,0,0
9.2614999999999998,0,0
9.2620000000000005,0,0
9.2624999999999993,0,0
9.2629999999999999,0,0
9.2635000000000005,0,0
9.2639999999999993,0,0
9.2645,0,0
9.2650000000000006,0,0
9.2654999999999994,0,0
9.266,0,0
9.2665000000000006,0,0
9.2669999999999995,0,0
9.2675000000000001,0,0
9.2680000000000007,0,0
9.2684999999999995,0,0
9.2690000000000001,0,0
9.2695000000000007,0,0
9.2699999999999996,0,0
9.2705000000000002,0,0
9.2710000000000008,0,0
9.2714999999999996,0,0
9.2720000000000002,0,0
9.2725000000000009,0,0
9.2729999999999997,0,0
9.2735000000000003,0,0
9.2739999999999991,0,0
9.2744999999999997,0,0
9.2750000000000004,0,0
9.2754999999999992,0,0
9.2759999999999998,0,0
9.2765000000000004,0,0
9.2769999999999992,0,0
9.2774999999999999,0,0
9.2780000000000005,0,0
9.2784999999999993,0,0
9.2789999999999999,0,0
9.2795000000000005,0,0
9.2799999999999994,0,0
9.2805,0,0
9.2810000000000006,0,0
9.2814999999999994,0,0
9.282,0,0
9.2825000000000006,0,0
9.2829999999999995,0,0
9.2835000000000001,0,0
9.2840000000000007,0,0
9.2844999999999995,0,0
9.2850000000000001,0,0
9.2855000000000008,0,0
9.2859999999999996,0,0
9.2865000000000002,0,0
9.2870000000000008,0,0
9.2874999999999996,0,0
9.2880000000000003,0,0
9.2885000000000009,0,0
9.2889999999999997,0,0
9.2895000000000003,0,0
9.2899999999999991,0,0
9.2904999999999998,0,0
9.2910000000000004,0,0
9.2914999999999992,0,0
9.2919999999999998,0,0
9.2925000000000004,0,0
9.2929999999999993,0,0
9.2934999999999999,0,0
9.2940000000000005,0,0
9.2944999999999993,0,0
9.2949999999999999,0,0
9.2955000000000005,0,0
9.2959999999999994,0,0
9.2965,0,0
9.2970000000000006,0,0
9.2974999999999994,0,0
9.298,0,0
9.2985000000000007,0,0
9.2989999999999995,0,0
9.2995000000000001,0,0
9.3000000000000007,0,0
9.3004999999999995,0,0
9.3010000000000002,0,0
9.3015000000000008,0,0
9.3019999999999996,0,0
9.3025000000000002,0,0
9.3030000000000008,0,0
9.3034999999999997,0,0
9.3040000000000003,0,0
9.3045000000000009,0,0
9.3049999999999997,0,0
9.3055000000000003,0,0
9.3059999999999992,0,0
9.3064999999999998,0,0
9.3070000000000004,0,0
9.3074999999999992,0,0
9.3079999999999998,0,0
9.3085000000000004,0,0
9.3089999999999993,0,0
9.3094999999999999,0,0
9.3100000000000005,0,0
9.3104999999999993,0,0
9.3109999999999999,0,0
9.3115000000000006,0,0
9.3119999999999994,0,0
9.3125,0,0
9.3130000000000006,0,0
9.3134999999999994,0,0
9.3140000000000001,0,0
9.3145000000000007,0,0
9.3149999999999995,0,0
9.3155000000000001,0,0
9.3160000000000007,0,0
9.3164999999999996,0,0
9.3170000000000002,0,0
9.3175000000000008,0,0
9.3179999999999996,0,0
9.3185000000000002,0,0
9.3190000000000008,0,0
9.3194999999999997,0,0
9.3200000000000003,0,0
9.3204999999999991,0,0
9.3209999999999997,0,0
9.3215000000000003,0,0
9.3219999999999992,0,0
9.3224999999999998,0,0
9.3230000000000004,0,0
9.3234999999999992,0,0
9.3239999999999998,0,0
9.3245000000000005,0,0
9.3249999999999993,0,0
9.3254999999999999,0,0
9.3260000000000005,0,0
9.3264999999999993,0,0
9.327,0,0
9.3275000000000006,0,0
9.3279999999999994,0,0
9.3285,0,0
9.3290000000000006,0,0
9.3294999999999995,0,0
9.3300000000000001,0,0
9.3305000000000007,0,0
9.3309999999999995,0,0
9.3315000000000001,0,0
9.3320000000000007,0,0
9.3324999999999996,0,0
9.3330000000000002,0,0
9.3335000000000008,0,0
9.3339999999999996,0,0
9.3345000000000002,0,0
9.3350000000000009,0,0
9.3354999999999997,0,0
9.3360000000000003,0,0
9.3364999999999991,0,0
9.3369999999999997,0,0
9.3375000000000004,0,0
9.3379999999999992,0,0
9.3384999999999998,0,0
9.3390000000000004,0,0
9.3394999999999992,0,0
9.3399999999999999,0,0
9.3405000000000005,0,0
9.3409999999999993,0,0
9.3414999999999999,0,0
9.3420000000000005,0,0
9.3424999999999994,0,0
9.343,0,0
9.3435000000000006,0,0
9.3439999999999994,0,0
9.3445,0,0
9.3450000000000006,0,0
9.3454999999999995,0,0
9.3460000000000001,0,0
9.3465000000000007,0,0
9.3469999999999995,0,0
9.3475000000000001,0,0
9.3480000000000008,0,0
9.3484999999999996,0,0
9.3490000000000002,0,0
9.3495000000000008,0,0
9.3499999999999996,0,0
9.3505000000000003,0,0
9.3510000000000009,0,0
9.3514999999999997,0,0
9.3520000000000003,0,0
9.3524999999999991,0,0
9.3529999999999998,0,0
9.3535000000000004,0,0
9.3539999999999992,0,0
9.3544999999999998,0,0
9.3550000000000004,0,0
9.3554999999999993,0,0
9.3559999999999999,0,0
9.3565000000000005,0,0
9.3569999999999993,0,0
9.3574999999999999,0,0
9.3580000000000005,0,0
9.3584999999999994,0,0
9.359,0,0
9.3595000000000006,0,0
9.3599999999999994,0,0
9.3605,0,0
9.3610000000000007,0,0
9.3614999999999995,0,0
9.3620000000000001,0,0
9.3625000000000007,0,0
9.3629999999999995,0,0
9.3635000000000002,0,0
9.3640000000000008,0,0
9.3644999999999996,0,0
9.3650000000000002,0,0
9.3655000000000008,0,0
9.3659999999999997,0,0
9.3665000000000003,0,0
9.3670000000000009,0,0
9.3674999999999997,0,0
9.3680000000000003,0,0
9.3684999999999992,0,0
9.3689999999999998,0,0
9.3695000000000004,0,0
9.3699999999999992,0,0
9.3704999999999998,0,0
9.3710000000000004,0,0
9.3714999999999993,0,0
9.3719999999999999,0,0
9.3725000000000005,0,0
9.3729999999999993,0,0
9.3734999999999999,0,0
9.3740000000000006,0,0
9.3744999999999994,0,0
9.375,0,0
9.3755000000000006,0,0
9.3759999999999994,0,0
9.3765000000000001,0,0
9.3770000000000007,0,0
9.3774999999999995,0,0
9.3780000000000001,0,0
9.3785000000000007,0,0
9.3789999999999996,0,0
9.3795000000000002,0,0
9.3800000000000008,0,0
9.3804999999999996,0,0
9.3810000000000002,0,0
9.3815000000000008,0,0
9.3819999999999997,0,0
9.3825000000000003,0,0
9.3829999999999991,0,0
9.3834999999999997,0,0
9.3840000000000003,0,0
9.3844999999999992,0,0
9.3849999999999998,0,0
9.3855000000000004,0,0
9.3859999999999992,0,0
9.3864999999999998,0,0
9.3870000000000005,0,0
9.3874999999999993,0,0
9.3879999999999999,0,0
9.3885000000000005,0,0
9.3889999999999993,0,0
9.3895,0,0
9.3900000000000006,0,0
9.3904999999999994,0,0
9.391,0,0
9.3915000000000006,0,0
9.3919999999999995,0,0
9.3925000000000001,0,0
9.3930000000000007,0,0
9.3934999999999995,0,0
9.3940000000000001,0,0
9.3945000000000007,0,0
9.3949999999999996,0,0
9.3955000000000002,0,0
9.3960000000000008,0,0
9.3964999999999996,0,0
9.3970000000000002,0,0
9.3975000000000009,0,0
9.3979999999999997,0,0
9.3985000000000003,0,0
9.3989999999999991,0,0
9.3994999999999997,0,0
9.4000000000000004,0,0
9.4004999999999992,0,0
9.4009999999999998,0,0
9.4015000000000004,0,0
9.4019999999999992,0,0
9.4024999999999999,0,0
9.4030000000000005,0,0
9.4034999999999993,0,0
9.4039999999999999,0,0
9.4045000000000005,0,0
9.4049999999999994,0,0
9.4055,0,0
9.4060000000000006,0,0
9.4064999999999994,0,0
9.407,0,0
9.4075000000000006,0,0
9.4079999999999995,0,0
9.4085000000000001,0,0
9.4090000000000007,0,0
9.4094999999999995,0,0
9.4100000000000001,0,0
9.4105000000000008,0,0
9.4109999999999996,0,0
9.4115000000000002,0,0
9.4120000000000008,0,0
9.4124999999999996,0,0
9.4130000000000003,0,0
9.4135000000000009,0,0
9.4139999999999997,0,0
9.4145000000000003,0,0
9.4149999999999991,0,0
9.4154999999999998,0,0
9.4160000000000004,0,0
9.4164999999999992,0,0
9.4169999999999998,0,0
9.4175000000000004,0,0
9.4179999999999993,0,0
9.4184999999999999,0,0
9.4190000000000005,0,0
9.4194999999999993,0,0
9.4199999999999999,0,0
9.4205000000000005,0,0
9.4209999999999994,0,0
9.4215,0,0
9.4220000000000006,0,0
9.4224999999999994,0,0
9.423,0,0
9.4235000000000007,0,0
9.4239999999999995,0,0
9.4245000000000001,0,0
9.4250000000000007,0,0
9.4254999999999995,0,0
9.4260000000000002,0,0
9.4265000000000008,0,0
9.4269999999999996,0,0
9.4275000000000002,0,0
9.4280000000000008,0,0
9.4284999999999997,0,0
9.4290000000000003,0,0
9.4295000000000009,0,0
9.4299999999999997,0,0
9.4305000000000003,0,0
9.4309999999999992,0,0
9.4314999999999998,0,0
9.4320000000000004,0,0
9.4324999999999992,0,0
9.4329999999999998,0,0
9.4335000000000004,0,0
9.4339999999999993,0,0
9.4344999999999999,0,0
9.4350000000000005,0,0
9.4354999999999993,0,0
9.4359999999999999,0,0
9.4365000000000006,0,0
9.4369999999999994,0,0
9.4375,0,0
9.4380000000000006,0,0
9.4384999999999994,0,0
9.4390000000000001,0,0
9.4395000000000007,0,0
9.4399999999999995,0,0
9.4405000000000001,0,0
9.4410000000000007,0,0
9.4414999999999996,0,0
9.4420000000000002,0,0
9.4425000000000008,0,0
9.4429999999999996,0,0
9.4435000000000002,0,0
9.4440000000000008,0,0
9.4444999999999997,0,0
9.4450000000000003,0,0
9.4454999999999991,0,0
9.4459999999999997,0,0
9.4465000000000003,0,0
9.4469999999999992,0,0
9.4474999999999998,0,0
9.4480000000000004,0,0
9.4484999999999992,0,0
9.4489999999999998,0,0
9.4495000000000005,0,0
9.4499999999999993,0,0
9.4504999999999999,0,0
9.4510000000000005,0,0
9.4514999999999993,0,0
9.452,0,0
9.4525000000000006,0,0
9.4529999999999994,0,0
9.4535,0,0
9.4540000000000006,0,0
9.4544999999999995,0,0
9.4550000000000001,0,0
9.4555000000000007,0,0
9.4559999999999995,0,0
9.4565000000000001,0,0
9.4570000000000007,0,0
9.4574999999999996,0,0
9.4580000000000002,0,0
9.4585000000000008,0,0
9.4589999999999996,0,0
9.4595000000000002,0,0
9.4600000000000009,0,0
9.4604999999999997,0,0
9.4610000000000003,0,0
9.4614999999999991,0,0
9.4619999999999997,0,0
9.4625000000000004,0,0
9.4629999999999992,0,0
9.4634999999999998,0,0
9.4640000000000004,0,0
9.4644999999999992,0,0
9.4649999999999999,0,0
9.4655000000000005,0,0
9.4659999999999993,0,0
9.4664999999999999,0,0
9.4670000000000005,0,0
9.4674999999999994,0,0
9.468,0,0
9.4685000000000006,0,0
9.4689999999999994,0,0
9.4695,0,0
9.4700000000000006,0,0
9.4704999999999995,0,0
9.4710000000000001,0,0
9.4715000000000007,0,0
9.4719999999999995,0,0
9.4725000000000001,0,0
9.4730000000000008,0,0
9.4734999999999996,0,0
9.4740000000000002,0,0
9.4745000000000008,0,0
9.4749999999999996,0,0
9.4755000000000003,0,0
9.4760000000000009,0,0
9.4764999999999997,0,0
9.4770000000000003,0,0
9.4774999999999991,0,0
9.4779999999999998,0,0
9.4785000000000004,0,0
9.4789999999999992,0,0
9.4794999999999998,0,0
9.4800000000000004,0,0
9.4804999999999993,0,0
9.4809999999999999,0,0
9.4815000000000005,0,0
9.4819999999999993,0,0
9.4824999999999999,0,0
9.4830000000000005,0,0
9.4834999999999994,0,0
9.484,0,0
9.4845000000000006,0,0
9.4849999999999994,0,0
9.4855,0,0
9.4860000000000007,0,0
9.4864999999999995,0,0
9.4870000000000001,0,0
9.4875000000000007,0,0
9.4879999999999995,0,0
9.4885000000000002,0,0
9.4890000000000008,0,0
9.4894999999999996,0,0
9.4900000000000002,0,0
9.4905000000000008,0,0
9.4909999999999997,0,0
9.4915000000000003,0,0
9.4920000000000009,0,0
9.4924999999999997,0,0
9.4930000000000003,0,0
9.4934999999999992,0,0
9.4939999999999998,0,0
9.4945000000000004,0,0
9.4949999999999992,0,0
9.4954999999999998,0,0
9.4960000000000004,0,0
9.4964999999999993,0,0
9.4969999999999999,0,0
9.4975000000000005,0,0
9.4979999999999993,0,0
9.4984999999999999,0,0
9.4990000000000006,0,0
9.4994999999999994,0,0
9.5,0,0
9.5005000000000006,0,0
9.5009999999999994,0,0
9.5015000000000001,0,0
9.5020000000000007,0,0
9.5024999999999995,0,0
9.5030000000000001,0,0
9.5035000000000007,0,0
9.5039999999999996,0,0
9.5045000000000002,0,0
9.5050000000000008,0,0
9.5054999999999996,0,0
9.5060000000000002,0,0
9.5065000000000008,0,0
9.5069999999999997,0,0
9.5075000000000003,0,0
9.5079999999999991,0,0
9.5084999999999997,0,0
9.5090000000000003,0,0
9.5094999999999992,0,0
9.5099999999999998,0,0
9.5105000000000004,0,0
9.5109999999999992,0,0
9.5114999999999998,0,0
9.5120000000000005,0,0
9.5124999999999993,0,0
9.5129999999999999,0,0
9.5135000000000005,0,0
9.5139999999999993,0,0
9.5145,0,0
9.5150000000000006,0,0
9.5154999999999994,0,0
9.516,0,0
9.5165000000000006,0,0
9.5169999999999995,0,0
9.5175000000000001,0,0
9.5180000000000007,0,0
9.5184999999999995,0,0
9.5190000000000001,0,0
9.5195000000000007,0,0
9.5199999999999996,0,0
9.5205000000000002,0,0
9.5210000000000008,0,0
9.5214999999999996,0,0
9.5220000000000002,0,0
9.5225000000000009,0,0
9.5229999999999997,0,0
9.5235000000000003,0,0
9.5239999999999991,0,0
9.5244999999999997,0,0
9.5250000000000004,0,0
9.5254999999999992,0,0
9.5259999999999998,0,0
9.5265000000000004,0,0
9.5269999999999992,0,0
9.5274999999999999,0,0
9.5280000000000005,0,0
9.5284999999999993,0,0
9.5289999999999999,0,0
9.5295000000000005,0,0
9.5299999999999994,0,0
9.5305,0,0
9.5310000000000006,0,0
9.5314999999999994,0,0
9.532,0,0
9.5325000000000006,0,0
9.5329999999999995,0,0
9.5335000000000001,0,0
9.5340000000000007,0,0
9.5344999999999995,0,0
9.5350000000000001,0,0
9.5355000000000008,0,0
9.5359999999999996,0,0
9.5365000000000002,0,0
9.5370000000000008,0,0
9.5374999999999996,0,0
9.5380000000000003,0,0
9.5385000000000009,0,0
9.5389999999999997,0,0
9.5395000000000003,0,0
9.5399999999999991,0,0
9.5404999999999998,0,0
9.5410000000000004,0,0
9.5414999999999992,0,0
9.5419999999999998,0,0
9.5425000000000004,0,0
9.5429999999999993,0,0
9.5434999999999999,0,0
9.5440000000000005,0,0
9.5444999999999993,0,0
9.5449999999999999,0,0
9.5455000000000005,0,0
9.5459999999999994,0,0
9.5465,0,0
9.5470000000000006,0,0
9.5474999999999994,0,0
9.548,0,0
9.5485000000000007,0,0
9.5489999999999995,0,0
9.5495000000000001,0,0
9.5500000000000007,0,0
9.5504999999999995,0,0
9.5510000000000002,0,0
9.5515000000000008,0,0
9.5519999999999996,0,0
9.5525000000000002,0,0
9.5530000000000008,0,0
9.5534999999999997,0,0
9.5540000000000003,0,0
9.5545000000000009,0,0
9.5549999999999997,0,0
9.5555000000000003,0,0
9.5559999999999992,0,0
9.5564999999999998,0,0
9.5570000000000004,0,0
9.5574999999999992,0,0
9.5579999999999998,0,0
9.5585000000000004,0,0
9.5589999999999993,0,0
9.5594999999999999,0,0
9.5600000000000005,0,0
9.5604999999999993,0,0
9.5609999999999999,0,0
9.5615000000000006,0,0
9.5619999999999994,0,0
9.5625,0,0
9.5630000000000006,0,0
9.5634999999999994,0,0
9.5640000000000001,0,0
9.5645000000000007,0,0
9.5649999999999995,0,0
9.5655000000000001,0,0
9.5660000000000007,0,0
9.5664999999999996,0,0
9.5670000000000002,0,0
9.5675000000000008,0,0
9.5679999999999996,0,0
9.5685000000000002,0,0
9.5690000000000008,0,0
9.5694999999999997,0,0
9.5700000000000003,0,0
9.5704999999999991,0,0
9.5709999999999997,0,0
9.5715000000000003,0,0
9.5719999999999992,0,0
9.5724999999999998,0,0
9.5730000000000004,0,0
9.5734999999999992,0,0
9.5739999999999998,0,0
9.5745000000000005,0,0
9.5749999999999993,0,0
9.5754999999999999,0,0
9.5760000000000005,0,0
9.5764999999999993,0,0
9.577,0,0
9.5775000000000006,0,0
9.5779999999999994,0,0
9.5785,0,0
9.5790000000000006,0,0
9.5794999999999995,0,0
9.5800000000000001,0,0
9.5805000000000007,0,0
9.5809999999999995,0,0
9.5815000000000001,0,0
9.5820000000000007,0,0
9.5824999999999996,0,0
9.5830000000000002,0,0
9.5835000000000008,0,0
9.5839999999999996,0,0
9.5845000000000002,0,0
9.5850000000000009,0,0
9.5854999999999997,0,0
9.5860000000000003,0,0
9.5864999999999991,0,0
9.5869999999999997,0,0
9.5875000000000004,0,0
9.5879999999999992,0,0
9.5884999999999998,0,0
9.5890000000000004,0,0
9.5894999999999992,0,0
9.5899999999999999,0,0
9.5905000000000005,0,0
9.5909999999999993,0,0
9.5914999999999999,0,0
9.5920000000000005,0,0
9.5924999999999994,0,0
9.593,0,0
9.5935000000000006,0,0
9.5939999999999994,0,0
9.5945,0,0
9.5950000000000006,0,0
9.5954999999999995,0,0
9.5960000000000001,0,0
9.5965000000000007,0,0
9.5969999999999995,0,0
9.5975000000000001,0,0
9.5980000000000008,0,0
9.5984999999999996,0,0
9.5990000000000002,0,0
9.5995000000000008,0,0
9.5999999999999996,0,0
9.6005000000000003,0,0
9.6010000000000009,0,0
9.6014999999999997,0,0
9.6020000000000003,0,0
9.6024999999999991,0,0
9.6029999999999998,0,0
9.6035000000000004,0,0
9.6039999999999992,0,0
9.6044999999999998,0,0
9.6050000000000004,0,0
9.6054999999999993,0,0
9.6059999999999999,0,0
9.6065000000000005,0,0
9.6069999999999993,0,0
9.6074999999999999,0,0
9.6080000000000005,0,0
9.6084999999999994,0,0
9.609,0,0
9.6095000000000006,0,0
9.6099999999999994,0,0
9.6105,0,0
9.6110000000000007,0,0
9.6114999999999995,0,0
9.6120000000000001,0,0
9.6125000000000007,0,0
9.6129999999999995,0,0
9.6135000000000002,0,0
9.6140000000000008,0,0
9.6144999999999996,0,0
9.6150000000000002,0,0
9.6155000000000008,0,0
9.6159999999999997,0,0
9.6165000000000003,0,0
9.6170000000000009,0,0
9.6174999999999997,0,0
9.6180000000000003,0,0
9.6184999999999992,0,0
9.6189999999999998,0,0
9.6195000000000004,0,0
9.6199999999999992,0,0
9.6204999999999998,0,0
9.6210000000000004,0,0
9.6214999999999993,0,0
9.6219999999999999,0,0
9.6225000000000005,0,0
9.6229999999999993,0,0
9.6234999999999999,0,0
9.6240000000000006,0,0
9.6244999999999994,0,0
9.625,0,0
9.6255000000000006,0,0
9.6259999999999994,0,0
9.6265000000000001,0,0
9.6270000000000007,0,0
9.6274999999999995,0,0
9.6280000000000001,0,0
9.6285000000000007,0,0
9.6289999999999996,0,0
9.6295000000000002,0,0
9.6300000000000008,0,0
9.6304999999999996,0,0
9.6310000000000002,0,0
9.6315000000000008,0,0
9.6319999999999997,0,0
9.6325000000000003,0,0
9.6329999999999991,0,0
9.6334999999999997,0,0
9.6340000000000003,0,0
9.6344999999999992,0,0
9.6349999999999998,0,0
9.6355000000000004,0,0
9.6359999999999992,0,0
9.6364999999999998,0,0
9.6370000000000005,0,0
9.6374999999999993,0,0
9.6379999999999999,0,0
9.6385000000000005,0,0
9.6389999999999993,0,0
9.6395,0,0
9.6400000000000006,0,0
9.6404999999999994,0,0
9.641,0,0
9.6415000000000006,0,0
9.6419999999999995,0,0
9.6425000000000001,0,0
9.6430000000000007,0,0
9.6434999999999995,0,0
9.6440000000000001,0,0
9.6445000000000007,0,0
9.6449999999999996,0,0
9.6455000000000002,0,0
9.6460000000000008,0,0
9.6464999999999996,0,0
9.6470000000000002,0,0
9.6475000000000009,0,0
9.6479999999999997,0,0
9.6485000000000003,0,0
9.6489999999999991,0,0
9.6494999999999997,0,0
9.6500000000000004,0,0
9.6504999999999992,0,0
9.6509999999999998,0,0
9.6515000000000004,0,0
9.6519999999999992,0,0
9.6524999999999999,0,0
9.6530000000000005,0,0
9.6534999999999993,0,0
9.6539999999999999,0,0
9.6545000000000005,0,0
9.6549999999999994,0,0
9.6555,0,0
9.6560000000000006,0,0
9.6564999999999994,0,0
9.657,0,0
9.6575000000000006,0,0
9.6579999999999995,0,0
9.6585000000000001,0,0
9.6590000000000007,0,0
9.6594999999999995,0,0
9.6600000000000001,0,0
9.6605000000000008,0,0
9.6609999999999996,0,0
9.6615000000000002,0,0
9.6620000000000008,0,0
9.6624999999999996,0,0
9.6630000000000003,0,0
9.6635000000000009,0,0
9.6639999999999997,0,0
9.6645000000000003,0,0
9.6649999999999991,0,0
9.6654999999999998,0,0
9.6660000000000004,0,0
9.6664999999999992,0,0
9.6669999999999998,0,0
9.6675000000000004,0,0
9.6679999999999993,0,0
9.6684999999999999,0,0
9.6690000000000005,0,0
9.6694999999999993,0,0
9.6699999999999999,0,0
9.6705000000000005,0,0
9.6709999999999994,0,0
9.6715,0,0
9.6720000000000006,0,0
9.6724999999999994,0,0
9.673,0,0
9.6735000000000007,0,0
9.6739999999999995,0,0
9.6745000000000001,0,0
9.6750000000000007,0,0
9.6754999999999995,0,0
9.6760000000000002,0,0
9.6765000000000008,0,0
9.6769999999999996,0,0
9.6775000000000002,0,0
9.6780000000000008,0,0
9.6784999999999997,0,0
9.6790000000000003,0,0
9.6795000000000009,0,0
9.6799999999999997,0,0
9.6805000000000003,0,0
9.6809999999999992,0,0
9.6814999999999998,0,0
9.6820000000000004,0,0
9.6824999999999992,0,0
9.6829999999999998,0,0
9.6835000000000004,0,0
9.6839999999999993,0,0
9.6844999999999999,0,0
9.6850000000000005,0,0
9.6854999999999993,0,0
9.6859999999999999,0,0
9.6865000000000006,0,0
9.6869999999999994,0,0
9.6875,0,0
9.6880000000000006,0,0
9.6884999999999994,0,0
9.6890000000000001,0,0
9.6895000000000007,0,0
9.6899999999999995,0,0
9.6905000000000001,0,0
9.6910000000000007,0,0
9.6914999999999996,0,0
9.6920000000000002,0,0
9.6925000000000008,0,0
9.6929999999999996,0,0
9.6935000000000002,0,0
9.6940000000000008,0,0
9.6944999999999997,0,0
9.6950000000000003,0,0
9.6954999999999991,0,0
9.6959999999999997,0,0
9.6965000000000003,0,0
9.6969999999999992,0,0
9.6974999999999998,0,0
9.6980000000000004,0,0
9.6984999999999992,0,0
9.6989999999999998,0,0
9.6995000000000005,0,0
9.6999999999999993,0,0
9.7004999999999999,0,0
9.7010000000000005,0,0
9.7014999999999993,0,0
9.702,0,0
9.7025000000000006,0,0
9.7029999999999994,0,0
9.7035,0,0
9.7040000000000006,0,0
9.7044999999999995,0,0
9.7050000000000001,0,0
9.7055000000000007,0,0
9.7059999999999995,0,0
9.7065000000000001,0,0
9.7070000000000007,0,0
9.7074999999999996,0,0
9.7080000000000002,0,0
9.7085000000000008,0,0
9.7089999999999996,0,0
9.7095000000000002,0,0
9.7100000000000009,0,0
9.7104999999999997,0,0
9.7110000000000003,0,0
9.7114999999999991,0,0
9.7119999999999997,0,0
9.7125000000000004,0,0
9.7129999999999992,0,0
9.7134999999999998,0,0
9.7140000000000004,0,0
9.7144999999999992,0,0
9.7149999999999999,0,0
9.7155000000000005,0,0
9.7159999999999993,0,0
9.7164999999999999,0,0
9.7170000000000005,0,0
9.7174999999999994,0,0
9.718,0,0
9.7185000000000006,0,0
9.7189999999999994,0,0
9.7195,0,0
9.7200000000000006,0,0
9.7204999999999995,0,0
9.7210000000000001,0,0
9.7215000000000007,0,0
9.7219999999999995,0,0
9.7225000000000001,0,0
9.7230000000000008,0,0
9.7234999999999996,0,0
9.7240000000000002,0,0
9.7245000000000008,0,0
9.7249999999999996,0,0
9.7255000000000003,0,0
9.7260000000000009,0,0
9.7264999999999997,0,0
9.7270000000000003,0,0
9.7274999999999991,0,0
9.7279999999999998,0,0
9.7285000000000004,0,0
9.7289999999999992,0,0
9.7294999999999998,0,0
9.7300000000000004,0,0
9.7304999999999993,0,0
9.7309999999999999,0,0
9.7315000000000005,0,0
9.7319999999999993,0,0
9.7324999999999999,0,0
9.7330000000000005,0,0
9.7334999999999994,0,0
9.734,0,0
9.7345000000000006,0,0
9.7349999999999994,0,0
9.7355,0,0
9.7360000000000007,0,0
9.7364999999999995,0,0
9.7370000000000001,0,0
9.7375000000000007,0,0
9.7379999999999995,0,0
9.7385000000000002,0,0
9.7390000000000008,0,0
9.7394999999999996,0,0
9.7400000000000002,0,0
9.7405000000000008,0,0
9.7409999999999997,0,0
9.7415000000000003,0,0
9.7420000000000009,0,0
9.7424999999999997,0,0
9.7430000000000003,0,0
9.7434999999999992,0,0
9.7439999999999998,0,0
9.7445000000000004,0,0
9.7449999999999992,0,0
9.7454999999999998,0,0
9.7460000000000004,0,0
9.7464999999999993,0,0
9.7469999999999999,0,0
9.7475000000000005,0,0
9.7479999999999993,0,0
9.7484999999999999,0,0
9.7490000000000006,0,0
9.7494999999999994,0,0
9.75,0,0
9.7505000000000006,0,0
9.7509999999999994,0,0
9.7515000000000001,0,0
9.7520000000000007,0,0
9.7524999999999995,0,0
9.7530000000000001,0,0
9.7535000000000007,0,0
9.7539999999999996,0,0
9.7545000000000002,0,0
9.7550000000000008,0,0
9.7554999999999996,0,0
9.7560000000000002,0,0
9.7565000000000008,0,0
9.7569999999999997,0,0
9.7575000000000003,0,0
9.7579999999999991,0,0
9.7584999999999997,0,0
9.7590000000000003,0,0
9.7594999999999992,0,0
9.7599999999999998,0,0
9.7605000000000004,0,0
9.7609999999999992,0,0
9.7614999999999998,0,0
9.7620000000000005,0,0
9.7624999999999993,0,0
9.7629999999999999,0,0
9.7635000000000005,0,0
9.7639999999999993,0,0
9.7645,0,0
9.7650000000000006,0,0
9.7654999999999994,0,0
9.766,0,0
9.7665000000000006,0,0
9.7669999999999995,0,0
9.7675000000000001,0,0
9.7680000000000007,0,0
9.7684999999999995,0,0
9.7690000000000001,0,0
9.7695000000000007,0,0
9.7699999999999996,0,0
9.7705000000000002,0,0
9.7710000000000008,0,0
9.7714999999999996,0,0
9.7720000000000002,0,0
9.7725000000000009,0,0
9.7729999999999997,0,0
9.7735000000000003,0,0
9.7739999999999991,0,0
9.7744999999999997,0,0
9.7750000000000004,0,0
9.7754999999999992,0,0
9.7759999999999998,0,0
9.7765000000000004,0,0
9.7769999999999992,0,0
9.7774999999999999,0,0
9.7780000000000005,0,0
9.7784999999999993,0,0
9.7789999999999999,0,0
9.7795000000000005,0,0
9.7799999999999994,0,0
9.7805,0,0
9.7810000000000006,0,0
9.7814999999999994,0,0
9.782,0,0
9.7825000000000006,0,0
9.7829999999999995,0,0
9.7835000000000001,0,0
9.7840000000000007,0,0
9.7844999999999995,0,0
9.7850000000000001,0,0
9.7855000000000008,0,0
9.7859999999999996,0,0
9.7865000000000002,0,0
9.7870000000000008,0,0
9.7874999999999996,0,0
9.7880000000000003,0,0
9.7885000000000009,0,0
9.7889999999999997,0,0
9.7895000000000003,0,0
9.7899999999999991,0,0
9.7904999999999998,0,0
9.7910000000000004,0,0
9.7914999999999992,0,0
9.7919999999999998,0,0
9.7925000000000004,0,0
9.7929999999999993,0,0
9.7934999999999999,0,0
9.7940000000000005,0,0
9.7944999999999993,0,0
9.7949999999999999,0,0
9.7955000000000005,0,0
9.7959999999999994,0,0
9.7965,0,0
9.7970000000000006,0,0
9.7974999999999994,0,0
9.798,0,0
9.7985000000000007,0,0
9.7989999999999995,0,0
9.7995000000000001,0,0
9.8000000000000007,0,0
9.8004999999999995,0,0
9.8010000000000002,0,0
9.8015000000000008,0,0
9.8019999999999996,0,0
9.8025000000000002,0,0
9.8030000000000008,0,0
9.8034999999999997,0,0
9.8040000000000003,0,0
9.8045000000000009,0,0
9.8049999999999997,0,0
9.8055000000000003,0,0
9.8059999999999992,0,0
9.8064999999999998,0,0
9.8070000000000004,0,0
9.8074999999999992,0,0
9.8079999999999998,0,0
9.8085000000000004,0,0
9.8089999999999993,0,0
9.8094999999999999,0,0
9.8100000000000005,0,0
9.8104999999999993,0,0
9.8109999999999999,0,0
9.8115000000000006,0,0
9.8119999999999994,0,0
9.8125,0,0
9.8130000000000006,0,0
9.8134999999999994,0,0
9.8140000000000001,0,0
9.8145000000000007,0,0
9.8149999999999995,0,0
9.8155000000000001,0,0
9.8160000000000007,0,0
9.8164999999999996,0,0
9.8170000000000002,0,0
9.8175000000000008,0,0
9.8179999999999996,0,0
9.8185000000000002,0,0
9.8190000000000008,0,0
9.8194999999999997,0,0
9.8200000000000003,0,0
9.8204999999999991,0,0
9.8209999999999997,0,0
9.8215000000000003,0,0
9.8219999999999992,0,0
9.8224999999999998,0,0
9.8230000000000004,0,0
9.8234999999999992,0,0
9.8239999999999998,0,0
9.8245000000000005,0,0
9.8249999999999993,0,0
9.8254999999999999,0,0
9.8260000000000005,0,0
9.8264999999999993,0,0
9.827,0,0
9.8275000000000006,0,0
9.8279999999999994,0,0
9.8285,0,0
9.8290000000000006,0,0
9.8294999999999995,0,0
9.8300000000000001,0,0
9.8305000000000007,0,0
9.8309999999999995,0,0
9.8315000000000001,0,0
9.8320000000000007,0,0
9.8324999999999996,0,0
9.8330000000000002,0,0
9.8335000000000008,0,0
9.8339999999999996,0,0
9.8345000000000002,0,0
9.8350000000000009,0,0
9.8354999999999997,0,0
9.8360000000000003,0,0
9.8364999999999991,0,0
9.8369999999999997,0,0
9.8375000000000004,0,0
9.8379999999999992,0,0
9.8384999999999998,0,0
9.8390000000000004,0,0
9.8394999999999992,0,0
9.8399999999999999,0,0
9.8405000000000005,0,0
9.8409999999999993,0,0
9.8414999999999999,0,0
9.8420000000000005,0,0
9.8424999999999994,0,0
9.843,0,0
9.8435000000000006,0,0
9.8439999999999994,0,0
9.8445,0,0
9.8450000000000006,0,0
9.8454999999999995,0,0
9.8460000000000001,0,0
9.8465000000000007,0,0
9.8469999999999995,0,0
9.8475000000000001,0,0
9.8480000000000008,0,0
9.8484999999999996,0,0
9.8490000000000002,0,0
9.8495000000000008,0,0
9.8499999999999996,0,0
9.8505000000000003,0,0
9.8510000000000009,0,0
9.8514999999999997,0,0
9.8520000000000003,0,0
9.8524999999999991,0,0
9.8529999999999998,0,0
9.8535000000000004,0,0
9.8539999999999992,0,0
9.8544999999999998,0,0
9.8550000000000004,0,0
9.8554999999999993,0,0
9.8559999999999999,0,0
9.8565000000000005,0,0
9.8569999999999993,0,0
9.8574999999999999,0,0
9.8580000000000005,0,0
9.8584999999999994,0,0
9.859,0,0
9.8595000000000006,0,0
9.8599999999999994,0,0
9.8605,0,0
9.8610000000000007,0,0
9.8614999999999995,0,0
9.8620000000000001,0,0
9.8625000000000007,0,0
9.8629999999999995,0,0
9.8635000000000002,0,0
9.8640000000000008,0,0
9.8644999999999996,0,0
9.8650000000000002,0,0
9.8655000000000008,0,0
9.8659999999999997,0,0
9.8665000000000003,0,0
9.8670000000000009,0,0
9.8674999999999997,0,0
9.8680000000000003,0,0
9.8684999999999992,0,0
9.8689999999999998,0,0
9.8695000000000004,0,0
9.8699999999999992,0,0
9.8704999999999998,0,0
9.8710000000000004,0,0
9.8714999999999993,0,0
9.8719999999999999,0,0
9.8725000000000005,0,0
9.8729999999999993,0,0
9.8734999999999999,0,0
9.8740000000000006,0,0
9.8744999999999994,0,0
9.875,0,0
9.8755000000000006,0,0
9.8759999999999994,0,0
9.8765000000000001,0,0
9.8770000000000007,0,0
9.8774999999999995,0,0
9.8780000000000001,0,0
9.8785000000000007,0,0
9.8789999999999996,0,0
9.8795000000000002,0,0
9.8800000000000008,0,0
9.8804999999999996,0,0
9.8810000000000002,0,0
9.8815000000000008,0,0
9.8819999999999997,0,0
9.8825000000000003,0,0
9.8829999999999991,0,0
9.8834999999999997,0,0
9.8840000000000003,0,0
9.8844999999999992,0,0
9.8849999999999998,0,0
9.8855000000000004,0,0
9.8859999999999992,0,0
9.8864999999999998,0,0
9.8870000000000005,0,0
9.8874999999999993,0,0
9.8879999999999999,0,0
9.8885000000000005,0,0
9.8889999999999993,0,0
9.8895,0,0
9.8900000000000006,0,0
9.8904999999999994,0,0
9.891,0,0
9.8915000000000006,0,0
9.8919999999999995,0,0
9.8925000000000001,0,0
9.8930000000000007,0,0
9.8934999999999995,0,0
9.8940000000000001,0,0
9.8945000000000007,0,0
9.8949999999999996,0,0
9.8955000000000002,0,0
9.8960000000000008,0,0
9.8964999999999996,0,0
9.8970000000000002,0,0
9.8975000000000009,0,0
9.8979999999999997,0,0
9.8985000000000003,0,0
9.8989999999999991,0,0
9.8994999999999997,0,0
9.9000000000000004,0,0
9.9004999999999992,0,0
9.9009999999999998,0,0
9.9015000000000004,0,0
9.9019999999999992,0,0
9.9024999999999999,0,0
9.9030000000000005,0,0
9.9034999999999993,0,0
9.9039999999999999,0,0
9.9045000000000005,0,0
9.9049999999999994,0,0
9.9055,0,0
9.9060000000000006,0,0
9.9064999999999994,0,0
9.907,0,0
9.9075000000000006,0,0
9.9079999999999995,0,0
9.9085000000000001,0,0
9.9090000000000007,0,0
9.9094999999999995,0,0
9.9100000000000001,0,0
9.9105000000000008,0,0
9.9109999999999996,0,0
9.9115000000000002,0,0
9.9120000000000008,0,0
9.9124999999999996,0,0
9.9130000000000003,0,0
9.9135000000000009,0,0
9.9139999999999997,0,0
9.9145000000000003,0,0
9.9149999999999991,0,0
9.9154999999999998,0,0
9.9160000000000004,0,0
9.9164999999999992,0,0
9.9169999999999998,0,0
9.9175000000000004,0,0
9.9179999999999993,0,0
9.9184999999999999,0,0
9.9190000000000005,0,0
9.9194999999999993,0,0
9.9199999999999999,0,0
9.9205000000000005,0,0
9.9209999999999994,0,0
9.9215,0,0
9.9220000000000006,0,0
9.9224999999999994,0,0
9.923,0,0
9.9235000000000007,0,0
9.9239999999999995,0,0
9.9245000000000001,0,0
9.9250000000000007,0,0
9.9254999999999995,0,0
9.9260000000000002,0,0
9.9265000000000008,0,0
9.9269999999999996,0,0
9.9275000000000002,0,0
9.9280000000000008,0,0
9.9284999999999997,0,0
9.9290000000000003,0,0
9.9295000000000009,0,0
9.9299999999999997,0,0
9.9305000000000003,0,0
9.9309999999999992,0,0
9.9314999999999998,0,0
9.9320000000000004,0,0
9.9324999999999992,0,0
9.9329999999999998,0,0
9.9335000000000004,0,0
9.9339999999999993,0,0
9.9344999999999999,0,0
9.9350000000000005,0,0
9.9354999999999993,0,0
9.9359999999999999,0,0
9.9365000000000006,0,0
9.9369999999999994,0,0
9.9375,0,0
9.9380000000000006,0,0
9.9384999999999994,0,0
9.9390000000000001,0,0
9.9395000000000007,0,0
9.9399999999999995,0,0
9.9405000000000001,0,0
9.9410000000000007,0,0
9.9414999999999996,0,0
9.9420000000000002,0,0
9.9425000000000008,0,0
9.9429999999999996,0,0
9.9435000000000002,0,0
9.9440000000000008,0,0
9.9444999999999997,0,0
9.9450000000000003,0,0
9.9454999999999991,0,0
9.9459999999999997,0,0
9.9465000000000003,0,0
9.9469999999999992,0,0
9.9474999999999998,0,0
9.9480000000000004,0,0
9.9484999999999992,0,0
9.9489999999999998,0,0
9.9495000000000005,0,0
9.9499999999999993,0,0
9.9504999999999999,0,0
9.9510000000000005,0,0
9.9514999999999993,0,0
9.952,0,0
9.9525000000000006,0,0
9.9529999999999994,0,0
9.9535,0,0
9.9540000000000006,0,0
9.9544999999999995,0,0
9.9550000000000001,0,0
9.9555000000000007,0,0
9.9559999999999995,0,0
9.9565000000000001,0,0
9.9570000000000007,0,0
9.9574999999999996,0,0
9.9580000000000002,0,0
9.9585000000000008,0,0
9.9589999999999996,0,0
9.9595000000000002,0,0
9.9600000000000009,0,0
9.9604999999999997,0,0
9.9610000000000003,0,0
9.9614999999999991,0,0
9.9619999999999997,0,0
9.9625000000000004,0,0
9.9629999999999992,0,0
9.9634999999999998,0,0
9.9640000000000004,0,0
9.9644999999999992,0,0
9.9649999999999999,0,0
9.9655000000000005,0,0
9.9659999999999993,0,0
9.9664999999999999,0,0
9.9670000000000005,0,0
9.9674999999999994,0,0
9.968,0,0
9.9685000000000006,0,0
9.9689999999999994,0,0
9.9695,0,0
9.9700000000000006,0,0
9.9704999999999995,0,0
9.9710000000000001,0,0
9.9715000000000007,0,0
9.9719999999999995,0,0
9.9725000000000001,0,0
9.9730000000000008,0,0
9.9734999999999996,0,0
9.9740000000000002,0,0
9.9745000000000008,0,0
9.9749999999999996,0,0
9.9755000000000003,0,0
9.9760000000000009,0,0
9.9764999999999997,0,0
9.9770000000000003,0,0
9.9774999999999991,0,0
9.9779999999999998,0,0
9.9785000000000004,0,0
9.9789999999999992,0,0
9.9794999999999998,0,0
9.9800000000000004,0,0
9.9804999999999993,0,0
9.9809999999999999,0,0
9.9815000000000005,0,0
9.9819999999999993,0,0
9.9824999999999999,0,0
9.9830000000000005,0,0
9.9834999999999994,0,0
9.984,0,0
9.9845000000000006,0,0
9.9849999999999994,0,0
9.9855,0,0
9.9860000000000007,0,0
9.9864999999999995,0,0
9.9870000000000001,0,0
9.9875000000000007,0,0
9.9879999999999995,0,0
9.9885000000000002,0,0
9.9890000000000008,0,0
9.9894999999999996,0,0
9.9900000000000002,0,0
9.9905000000000008,0,0
9.9909999999999997,0,0
9.9915000000000003,0,0
9.9920000000000009,0,0
9.9924999999999997,0,0
9.9930000000000003,0,0
9.9934999999999992,0,0
9.9939999999999998,0,0
9.9945000000000004,0,0
9.9949999999999992,0,0
9.9954999999999998,0,0
9.9960000000000004,0,0
9.9964999999999993,0,0
9.9969999999999999,0,0
9.9975000000000005,0,0
9.9979999999999993,0,0
9.9984999999999999,0,0
9.9990000000000006,0,0
9.9994999999999994,0,0
10,0,0
10.000500000000001,0,0
10.000999999999999,0,0
10.0015,0,0
10.002000000000001,0,0
10.0025,0,0
10.003,0,0
10.003500000000001,0,0
10.004,0,0
10.0045,0,0
10.005000000000001,0,0
10.0055,0,0
10.006,0,0
10.006500000000001,0,0
10.007,0,0
10.0075,0,0
10.007999999999999,0,0
10.0085,0,0
10.009,0,0
10.009499999999999,0,0
10.01,0,0
10.0105,0,0
10.010999999999999,0,0
10.0115,0,0
10.012,0,0
10.012499999999999,0,0
10.013,0,0
10.013500000000001,0,0
10.013999999999999,0,0
10.0145,0,0
10.015000000000001,0,0
10.015499999999999,0,0
10.016,0,0
10.016500000000001,0,0
10.016999999999999,0,0
10.0175,0,0
10.018000000000001,0,0
10.0185,0,0
10.019,0,0
10.019500000000001,0,0
10.02,0,0
10.0205,0,0
10.021000000000001,0,0
10.0215,0,0
10.022,0,0
10.022500000000001,0,0
10.023,0,0
10.0235,0,0
10.023999999999999,0,0
10.0245,0,0
10.025,0,0
10.025499999999999,0,0
10.026,0,0
10.0265,0,0
10.026999999999999,0,0
10.0275,0,0
10.028,0,0
10.028499999999999,0,0
10.029,0,0
10.029500000000001,0,0
10.029999999999999,0,0
10.0305,0,0
10.031000000000001,0,0
10.031499999999999,0,0
10.032,0,0
10.032500000000001,0,0
10.032999999999999,0,0
10.0335,0,0
10.034000000000001,0,0
10.0345,0,0
10.035,0,0
10.035500000000001,0,0
10.036,0,0
10.0365,0,0
10.037000000000001,0,0
10.0375,0,0
10.038,0,0
10.038500000000001,0,0
10.039,0,0
10.0395,0,0
10.039999999999999,0,0
10.0405,0,0
10.041,0,0
10.041499999999999,0,0
10.042,0,0
10.0425,0,0
10.042999999999999,0,0
10.0435,0,0
10.044,0,0
10.044499999999999,0,0
10.045,0,0
10.045500000000001,0,0
10.045999999999999,0,0
10.0465,0,0
10.047000000000001,0,0
10.047499999999999,0,0
10.048,0,0
10.048500000000001,0,0
10.048999999999999,0,0
10.0495,0,0
10.050000000000001,0,0
10.0505,0,0
10.051,0,0
10.051500000000001,0,0
10.052,0,0
10.0525,0,0
10.053000000000001,0,0
10.0535,0,0
10.054,0,0
10.054500000000001,0,0
10.055,0,0
10.0555,0,0
10.055999999999999,0,0
10.0565,0,0
10.057,0,0
10.057499999999999,0,0
10.058,0,0
10.0585,0,0
10.058999999999999,0,0
10.0595,0,0
10.06,0,0
10.060499999999999,0,0
10.061,0,0
10.061500000000001,0,0
10.061999999999999,0,0
10.0625,0,0
10.063000000000001,0,0
10.063499999999999,0,0
10.064,0,0
10.064500000000001,0,0
10.065,0,0
10.0655,0,0
10.066000000000001,0,0
10.0665,0,0
10.067,0,0
10.067500000000001,0,0
10.068,0,0
10.0685,0,0
10.069000000000001,0,0
10.0695,0,0
10.07,0,0
10.070499999999999,0,0
10.071,0,0
10.0715,0,0
10.071999999999999,0,0
10.0725,0,0
10.073,0,0
10.073499999999999,0,0
10.074,0,0
10.0745,0,0
10.074999999999999,0,0
10.0755,0,0
10.076000000000001,0,0
10.076499999999999,0,0
10.077,0,0
10.077500000000001,0,0
10.077999999999999,0,0
10.0785,0,0
10.079000000000001,0,0
10.079499999999999,0,0
10.08,0,0
10.080500000000001,0,0
10.081,0,0
10.0815,0,0
10.082000000000001,0,0
10.0825,0,0
10.083,0,0
10.083500000000001,0,0
10.084,0,0
10.0845,0,0
10.085000000000001,0,0
10.0855,0,0
10.086,0,0
10.086499999999999,0,0
10.087,0,0
10.0875,0,0
10.087999999999999,0,0
10.0885,0,0
10.089,0,0
10.089499999999999,0,0
10.09,0,0
10.0905,0,0
10.090999999999999,0,0
10.0915,0,0
10.092000000000001,0,0
10.092499999999999,0,0
10.093,0,0
10.093500000000001,0,0
10.093999999999999,0,0
10.0945,0,0
10.095000000000001,0,0
10.095499999999999,0,0
10.096,0,0
10.096500000000001,0,0
10.097,0,0
10.0975,0,0
10.098000000000001,0,0
10.0985,0,0
10.099,0,0
10.099500000000001,0,0
10.1,0,0
10.1005,0,0
10.101000000000001,0,0
10.1015,0,0
10.102,0,0
10.102499999999999,0,0
10.103,0,0
10.1035,0,0
10.103999999999999,0,0
10.1045,0,0
10.105,0,0
10.105499999999999,0,0
10.106,0,0
10.1065,0,0
10.106999999999999,0,0
10.1075,0,0
10.108000000000001,0,0
10.108499999999999,0,0
10.109,0,0
10.109500000000001,0,0
10.109999999999999,0,0
10.1105,0,0
10.111000000000001,0,0
10.111499999999999,0,0
10.112,0,0
10.112500000000001,0,0
10.113,0,0
10.1135,0,0
10.114000000000001,0,0
10.1145,0,0
10.115,0,0
10.115500000000001,0,0
10.116,0,0
10.1165,0,0
10.117000000000001,0,0
10.1175,0,0
10.118,0,0
10.118499999999999,0,0
10.119,0,0
10.1195,0,0
10.119999999999999,0,0
10.1205,0,0
10.121,0,0
10.121499999999999,0,0
10.122,0,0
10.1225,0,0
10.122999999999999,0,0
10.1235,0,0
10.124000000000001,0,0
10.124499999999999,0,0
10.125,0,0
10.125500000000001,0,1.1102230246251566e-17
10.125999999999999,0,2.2204460492503132e-17
10.1265,0,4.4408920985006264e-17
10.127000000000001,0,8.8817841970012528e-17
10.1275,0,1.6653345369377348e-16
10.128,0,2.8865798640254071e-16
10.128500000000001,0,4.6629367034256577e-16
10.129,0,7.3274719625260328e-16
10.1295,0,1.1324274851176596e-15
10.130000000000001,0,1.7319479184152442e-15
10.1305,0,2.6090241078691179e-15
10.131,0,3.8746783559417962e-15
10.131500000000001,0,5.6954441163270527e-15
10.132,0,8.2822637637036672e-15
10.1325,0,1.1923795284474182e-14
10.132999999999999,0,1.7030821197749902e-14
10.1335,0,2.4125146325104653e-14
10.134,0,3.3906211172052278e-14
10.134499999999999,0,4.7328807539770425e-14
10.135,0,6.563638521583926e-14
10.1355,0,9.0449869816211508e-14
10.135999999999999,0,1.2387868508767496e-13
10.1365,0,1.6868728636154629e-13
10.137,0,2.2841728508637972e-13
10.137499999999999,0,3.0762059566313839e-13
10.138,0,4.1212588897110435e-13
10.138500000000001,0,5.4933835258452746e-13
10.138999999999999,0,7.2866157552198272e-13
10.1395,0,9.619305352259743e-13
10.140000000000001,0,1.2640333224567257e-12
10.140499999999999,0,1.6535772751069544e-12
10.141,0,2.1537549521610798e-12
10.141500000000001,0,2.7933433344173864e-12
10.141999999999999,0,3.6079250698151099e-12
10.1425,0,4.641320661136206e-12
10.143000000000001,0,5.9473093116935159e-12
10.1435,0,7.5916828379263282e-12
10.144,0,9.6545882399823316e-12
10.144500000000001,0,1.2233392077121153e-11
10.145,0,1.5445988932327737e-11
10.1455,0,1.9434598375056565e-11
10.146000000000001,0,2.4370339080093117e-11
10.1465,0,3.0458391364618363e-11
10.147,0,3.7944092312613975e-11
10.147500000000001,0,4.7119896873226706e-11
10.148,0,5.8333471386617925e-11
10.1485,0,7.199686402614702e-11
10.148999999999999,0,8.8597162939407786e-11
10.1495,0,1.0870858657696658e-10
10.15,0,1.3300626156009797e-10
10.150499999999999,0,1.6228192123435293e-10
10.151,0,1.9746169144241322e-10
10.1515,0,2.3962620776529775e-10
10.151999999999999,0,2.9003331958321609e-10
10.1525,0,3.5014369181851634e-10
10.153,0,4.2164953750756239e-10
10.153499999999999,0,5.0650685867736913e-10
10.154,0,6.0697143977606063e-10
10.154500000000001,0,7.2563913766643393e-10
10.154999999999999,0,8.6549071243169349e-10
10.1555,0,1.0299416763892566e-09
10.156000000000001,0,1.2228976054018404e-09
10.156499999999999,0,1.4488154009839604e-09
10.157,0,1.7127710472131241e-09
10.157500000000001,0,2.0205342177170849e-09
10.157999999999999,0,2.3786506875289603e-09
10.1585,0,2.7945327274458977e-09
10.159000000000001,0,3.2765583912741648e-09
10.1595,0,3.8341802843788738e-09
10.16,0,4.4780445573877616e-09
10.160500000000001,0,5.2201207467739156e-09
10.161,0,6.0738434393137199e-09
10.1615,0,7.0542663599404424e-09
10.162000000000001,0,8.1782299377053385e-09
10.1625,0,9.464543027082329e-09
10.163,0,1.0934179850430325e-08
10.163500000000001,0,1.2610493083098363e-08
10.164,0,1.4519444024863049e-08
10.1645,0,1.6689850912410263e-08
10.164999999999999,0,1.9153656405368479e-08
10.1655,0,2.1946215411627889e-08
10.166,0,2.5106604195634929e-08
10.166499999999999,0,2.8677952124134265e-08
10.167,0,3.2707797126274582e-08
10.1675,0,3.7248465989403459e-08
10.167999999999999,0,4.2357480845023329e-08
10.1685,0,4.8097993088358493e-08
10.169,0,5.453924585285819e-08
10.169499999999999,0,6.1757066527334817e-08
10.17,0,6.9834390403755725e-08
10.170500000000001,0,7.8861816965591913e-08
10.170999999999999,0,8.8938199915844507e-08
10.1715,0,1.001712724990611e-07
10.172000000000001,0,1.1267830917205401e-07
10.172499999999999,0,1.2658682514432583e-07
10.173,0,1.4203531495393662e-07
10.173500000000001,0,1.5917403142218234e-07
10.173999999999999,0,1.7816580619722799e-07
10.1745,0,1.9918691313014492e-07
10.175000000000001,0,2.224279757379044e-07
10.1755,0,2.4809491980803957e-07
10.176,0,2.7640997229960718e-07
10.176500000000001,0,3.0761270768397965e-07
10.177,0,3.4196114253592922e-07
10.1775,0,3.7973287944081944e-07
10.178000000000001,0,4.2122630110608129e-07
10.1785,0,4.6676181534310859e-07
10.179,0,5.1668315166342187e-07
10.179500000000001,0,5.7135871005531409e-07
10.18,0,6.3118296254049968e-07
10.1805,0,6.9657790759958258e-07
10.180999999999999,0,7.6799457809917371e-07
10.1815,0,8.4591460260963201e-07
10.182,0,9.3085182005792073e-07
10.182499999999999,0,1.0233539477599863e-06
10.183,0,1.1240043023885703e-06
10.1835,0,1.2334235734656752e-06
10.183999999999999,0,1.3522716487024411e-06
10.1845,0,1.4812494904536955e-06
10.185,0,1.6211010622990686e-06
10.185499999999999,0,1.7726153044739234e-06
10.186,0,1.9366281570509793e-06
10.186500000000001,0,2.1140246289519384e-06
10.186999999999999,0,2.3057409113902417e-06
10.1875,0,2.5127665335911154e-06
10.188000000000001,0,2.7361465585906687e-06
10.188499999999999,0,2.9769838168380859e-06
10.189,0,3.2364411750140929e-06
10.189500000000001,0,3.5157438370125858e-06
10.19,0,3.8161816743431663e-06
10.1905,0,4.1391115824462862e-06
10.191000000000001,0,4.4859598595348158e-06
10.1915,0,4.8582246042427887e-06
10.192,0,5.2574781280845249e-06
10.192500000000001,0,5.6853693786163007e-06
10.193,0,6.1436263689040873e-06
10.1935,0,6.6340586087010319e-06
10.194000000000001,0,7.158559532494113e-06
10.1945,0,7.7191089195127745e-06
10.195,0,8.3177753003482728e-06
10.195499999999999,0,8.9567183449767999e-06
10.196,0,9.6381912263687749e-06
10.1965,0,1.0364542954099942e-05
10.196999999999999,0,1.1138220672002319e-05
10.1975,0,1.1961771913693297e-05
10.198,0,1.2837846809887754e-05
10.198499999999999,0,1.3769200240976164e-05
10.199,0,1.4758693928473843e-05
10.1995,0,1.5809298458813183e-05
10.199999999999999,0,1.6924095232562219e-05
10.2005,0,1.8106278332596926e-05
10.201000000000001,0,1.9359156304143977e-05
10.201499999999999,0,2.0686153839921672e-05
10.202,0,2.2090813363473406e-05
10.202500000000001,0,2.3576796503699259e-05
10.202999999999999,0,2.5147885453680187e-05
10.2035,0,2.680798420687802e-05
10.204000000000001,0,2.8561119663872425e-05
10.204499999999999,0,3.0411442602673588e-05
10.205,0,3.2363228506016031e-05
10.205500000000001,0,3.4420878238849983e-05
10.206,0,3.6588918569557816e-05
10.2065,0,3.8872002528433927e-05
10.207000000000001,0,4.1274909597088796e-05
10.2075,0,4.3802545722859688e-05
10.208,0,4.6459943152010738e-05
10.208500000000001,0,4.9252260076293464e-05
10.209,0,5.21847800871722e-05
10.2095,0,5.5262911432529818e-05
10.210000000000001,0,5.8492186070890909e-05
10.2105,0,6.1878258518310863e-05
10.211,0,6.5426904483667508e-05
10.211499999999999,0,6.9144019288092107e-05
10.212,0,7.3035616064842662e-05
10.2125,0,7.7107823736066722e-05
10.212999999999999,0,8.1366884763467426e-05
10.2135,0,8.5819152670041363e-05
10.214,0,9.0471089330546034e-05
10.214499999999999,0,9.5329262028853728e-05
10.215,0,0.00010040034028048206
10.2155,0,0.00010569109241926888
10.215999999999999,0,0.00011120838194742522
10.2165,0,0.00011695916364881098
10.217000000000001,0,0.00012295047946536686
10.217499999999999,0,0.00012918945413766813
10.218,0,0.00013568329061022232
10.218500000000001,0,0.00014243926520356441
10.218999999999999,0,0.00014946472255463749
10.2195,0,0.00015676707032832304
10.220000000000001,0,0.0001643537737028078
10.220499999999999,0,0.00017223234963226197
10.221,0,0.00018041036089067042
10.221500000000001,0,0.00018889540990124631
10.222,0,0.00019769513235596837
10.2225,0,0.00020681719063077032
10.223000000000001,0,0.00021626926700190062
10.2235,0,0.00022605905666960301
10.224,0,0.00023619426059576787
10.224500000000001,0,0.00024668257816248265
10.225,0,0.00025753169966016289
10.2255,0,0.00026874929861785412
10.226000000000001,0,0.00028034302399533307
10.2265,0,0.00029232049226585177
10.227,0,0.00030468927942988165
10.227499999999999,0,0.00031745691301270361
10.228,0,0.00033063086411156962
10.2285,0,0.00034421853957050663
10.228999999999999,0,0.0003582272743716475
10.2295,0,0.00037266432434132082
10.23,0,0.00038753685927566116
10.230499999999999,0,0.00040285195659413021
10.231,0,0.00041861659563056095
10.2315,0,0.00043483765266851828
10.231999999999999,0,0.0004515218968229484
10.2325,0,0.00046867598686133326
10.233000000000001,0,0.00048630646904681554
10.233499999999999,0,0.000504419776072329
10.234,0,0.00052302222713924702
10.234500000000001,0,0.00054212002921711906
10.234999999999999,0,0.0005617192795023707
10.2355,0,0.00058182596907502271
10.236000000000001,0,0.00060244598773253613
10.236499999999999,0,0.00062358512996038009
10.237,0,0.0006452491019795281
10.237500000000001,0,0.00066744352979242194
10.238,0,0.00069017396813154659
10.2385,0,0.00071344591019811832
10.239000000000001,0,0.00073726479806393022
10.2395,0,0.00076163603359604706
10.24,0,0.00078656498975330222
10.240500000000001,0,0.00081205702209389272
10.241,0,0.00083811748032707194
10.2415,0,0.0008647517197361565
10.242000000000001,0,0.00089196511229816533
10.2425,0,0.00091976305732437429
10.243,0,0.00094815099144754942
10.243499999999999,0,0.00097713439778529532
10.244,0,0.0010067188141142601
10.2445,0,0.0010369098398969379
10.244999999999999,0,0.001067713142011939
10.2455,0,0.0010991344590484896
10.246,0,0.0011311796040381129
10.246499999999999,0,0.0011638544655084959
10.247,0,0.0011971650067591709
10.2475,0,0.0012311172632726187
10.247999999999999,0,0.00126571733818992
10.2485,0,0.0013009713957958912
10.249000000000001,0,0.0013368856529746508
10.249499999999999,0,0.0013734663686124859
10.25,0,0.0014107198309416757
10.250500000000001,0,0.0014486523428343112
10.250999999999999,0,0.0014872702050712449
10.2515,0,0.0015265796976266844
10.252000000000001,0,0.0015665870590234054
10.2525,0,0.0016072984638280997
10.253,0,0.0016487199983692524
10.253500000000001,0,0.0016908576347731351
10.254,0,0.0017337172034246561
10.2545,0,0.0017773043639706331
10.255000000000001,0,0.0018216245749931969
10.2555,0,0.0018666830624889496
10.256,0,0.0019124847872978412
10.256500000000001,0,0.0019590344116317991
10.257,0,0.0020063362648586104
10.2575,0,0.0020543943087010684
10.257999999999999,0,0.0021032121020144847
10.2585,0,0.0021527927653077318
10.259,0,0.0022031389451744434
10.259499999999999,0,0.002254252778800636
10.26,0,0.0023061358587145196
10.2605,0,0.0023587891979422793
10.260999999999999,0,0.0024122131957307834
10.2615,0,0.0024664076039949802
10.262,0,0.0025213714946429209
10.262499999999999,0,0.0025771032279266692
10.263,0,0.0026336004219613242
10.263500000000001,0,0.0026908599235480946
10.263999999999999,0,0.0027488777804305252
10.2645,0,0.002807649215105379
10.265000000000001,0,0.0028671686003016949
10.265499999999999,0,0.0029274294362336972
10.266,0,0.0029884243297242487
10.266500000000001,0,0.0030501449752867614
10.266999999999999,0,0.0031125821382446796
10.2675,0,0.0031757256399582044
10.268000000000001,0,0.0032395643452187485
10.2685,0,0.0033040861518621734
10.269,0,0.0033692779826428711
10.269500000000001,0,0.0034351257794009381
10.27,0,0.0035016144995461016
10.2705,0,0.0035687281148723883
10.271000000000001,0,0.0036364496127095471
10.2715,0,0.0037047609994074969
10.272,0,0.0037736433061425489
10.272500000000001,0,0.0038430765970256741
10.273,0,0.0039130399794853003
10.2735,0,0.0039835116168894236
10.273999999999999,0,0.0040544687433651475
10.2745,0,0.0041258876807665377
10.275,0,0.0041977438577353032
10.275499999999999,0,0.0042700118307931302
10.276,0,0.0043426653073985414
10.2765,0,0.0044156771708960593
10.276999999999999,0,0.0044890195072807889
10.2775,0,0.0045626636336970061
10.278,0,0.0046365801285854881
10.278499999999999,0,0.0047107388633908509
10.279,0,0.0047851090357369785
10.279500000000001,0,0.004859659203975986
10.279999999999999,0,0.004934357323013905
10.2805,0,0.0050091707813144978
10.281000000000001,0,0.0050840664389809279
10.281499999999999,0,0.0051590106668139898
10.282,0,0.0052339693862452517
10.282500000000001,0,0.0053089081100425317
10.282999999999999,0,0.0053837919836853152
10.2835,0,0.0054585858273085265
10.284000000000001,0,0.0055332541781128895
10.2845,0,0.005607761333141714
10.285,0,0.00568207139232485
10.285500000000001,0,0.0057561483016922207
10.286,0,0.00582995589666091
10.2865,0,0.0059034579453020484
10.287000000000001,0,0.0059766181914957302
10.2875,1,0.0060494003978846193
10.288,1,0.0061217683885398614
10.288500000000001,0,-0.0038710398411886393
10.289,0,-0.013813573062713103
10.2895,0,-0.01273872899682571
10.289999999999999,0,-0.011714639124081171
10.2905,0,-0.010738828852726746
10.291,0,-0.0098089487759319364
10.291499999999999,0,-0.0089227683587215553
10.292,0,-0.0080781699395086615
10.2925,0,-0.0072731430305976287
10.292999999999999,0,-0.0065057789028088679
10.2935,0,-0.0057742654401183426
10.294,0,-0.0050768822509093311
10.294499999999999,0,-0.0044119960231022827
10.295,0,-0.0037780561110636992
10.295500000000001,0,-0.0031735903427986267
10.295999999999999,0,-0.0025972010365047813
10.2965,0,-0.0020475612161089838
10.297000000000001,0,-0.0015234110159249026
10.297499999999999,0,-0.001023554265061477
10.298,0,-0.00054685524267704681
10.298500000000001,0,-9.2235595618284091e-05
10.298999999999999,0,0.00034132858959761147
10.2995,0,0.00075480956809916846
10.300000000000001,0,0.0011491305785366168
10.3005,0,0.0015251683524201477
10.301,0,0.0018968804974795138
10.301500000000001,0,0.0022706743823724396
10.302,0,0.0026441816085385874
10.3025,0,0.003015351213013362
10.303000000000001,0,0.0033824154032858879
10.3035,0,0.0037438588961073659
10.304,0,0.0040983914605236208
10.304500000000001,0,0.0044449233138509122
10.305,0,0.0047825430612949416
10.3055,0,0.0051104979063713585
10.305999999999999,0,0.0054281758910190384
10.3065,0,0.0057350899519739151
10.307,1,0.0060308636041607744
10.307499999999999,1,0.0063152180830417515
10.308,0,-0.003657507645617941
10.3085,0,-0.013580178887778859
10.308999999999999,0,-0.012309485901933393
10.3095,0,-0.011101636844955165
10.31,0,-0.0099540196369293128
10.310499999999999,0,-0.0088641059970100636
10.311,0,-0.0078294510980575719
10.311500000000001,0,-0.0068476929132125332
10.311999999999999,0,-0.0059165512998313966
10.3125,0,-0.005033826860820878
10.313000000000001,0,-0.0041973996186539849
10.313499999999999,0,-0.0034052275331508675
10.314,0,-0.0026553448903894107
10.314500000000001,0,-0.0019458605868228119
10.315,0,-0.001274956329768695
10.3155,0,-0.00064088477285281222
10.316000000000001,0,-4.1967602703640861e-05
10.3165,0,0.00052340640883706828
10.317,0,0.0010567833745208643
10.317500000000001,0,0.0015596462726490735
10.318,0,0.0020334169297295812
10.3185,0,0.002479457996643042
10.319000000000001,0,0.0028990749112463242
10.3195,0,0.0032935178413321274
10.32,0,0.0036639836027453575
10.320499999999999,0,0.0040116175482371782
10.321,0,0.0043375154233313059
10.3215,0,0.0046427251860910899
10.321999999999999,0,0.0049282487882200358
10.3225,0,0.005195043915409525
10.323,0,0.005444025685274567
10.323499999999999,0,0.0056760683015921855
10.324,0,0.0058920066638909144
10.3245,1,0.0060926379317302829
10.324999999999999,1,0.0062787230432658214
10.3255,0,-0.0037040504422687246
10.326000000000001,0,-0.0136373614445919
10.326499999999999,0,-0.01247831518818766
10.327,0,-0.011381723502145179
10.327500000000001,0,-0.010344454443137774
10.327999999999999,0,-0.0093635306822859588
10.3285,0,-0.0084361219748982259
10.329000000000001,0,-0.0075595379894656031
10.329499999999999,0,-0.0067312214792756841
10.33,0,-0.0059487417807424616
10.330500000000001,0,-0.0052097886232565617
10.331,0,-0.0045121662360360524
10.3315,0,-0.0038537877381072281
10.332000000000001,0,-0.0032326697981677754
10.3325,0,-0.0026469275516803671
10.333,0,-0.0020947697631169991
10.333500000000001,0,-0.0015744942218211655
10.334,0,-0.0010844833604784277
10.3345,0,-0.0006232000856890241
10.335000000000001,0,-0.000189183810614435
10.3355,0,0.00021895331987061838
10.336,0,0.00060253002064905028
10.336499999999999,0,0.00096279928316528318
10.337,0,0.0013009516258692955
10.3375,0,0.0016181181862250371
10.337999999999999,0,0.0019153736618403693
10.3385,0,0.0021937391079251633
10.339,0,0.002454184597949416
10.339499999999999,0,0.0026976317540534089
10.34,0,0.0029249561534560376
10.3405,0,0.0031369896168162879
10.340999999999999,0,0.0033345223842235704
10.3415,0,0.0035183051842271997
10.342000000000001,0,0.0036890512010604669
10.342499999999999,0,0.0038474379449737082
10.343,0,0.0039941090303579731
10.343500000000001,0,0.0041296758661209963
10.343999999999999,0,0.0042547192625662644
10.3445,0,0.004369790958824604
10.345000000000001,0,0.0044754150746964868
10.345499999999999,0,0.0045720894905798334
10.346,0,0.004660287158983545
10.346500000000001,0,0.004740457350961058
10.347,0,0.004813026840638379
10.3475,0,0.0048784010308611236
10.348000000000001,0,0.0049369650228389909
10.3485,0,0.0049890846325300721
10.349,0,0.0050351073563748797
10.349500000000001,0,0.005075363288865287
10.35,0,0.0051101659943148751
10.3505,0,0.0051398133350822771
10.351000000000001,0,0.0051645882583916669
10.3515,0,0.0051847595437907847
10.352,0,0.0052005825131888894
10.352499999999999,0,0.0052122997053225765
10.353,0,0.00522014151640845
10.3535,0,0.0052243268086565207
10.353999999999999,0,0.0052250634882366033
10.3545,0,0.0052225490542133542
10.355,0,0.0052169711198911005
10.355499999999999,0,0.0052085079079404852
10.356,0,0.0051973287206107943
10.3565,0,0.0051835943862697633
10.356999999999999,0,0.0051674576834506158
10.3575,0,0.0051490637435294808
10.358000000000001,0,0.0051285504331004426
10.358499999999999,0,0.0051060487170638382
10.359,0,0.0050816830033932779
10.359500000000001,0,0.0050555714704995647
10.359999999999999,0,0.0050278263780641928
10.3605,0,0.0049985543621724358
10.361000000000001,0,0.0049678567155354127
10.361499999999999,0,0.0049358296535503051
10.362,0,0.0049025645669128594
10.362500000000001,0,0.0048681482614586265
10.363,0,0.004832663185878083
10.3635,0,0.0047961876479171717
10.364000000000001,0,0.004758796019645295
10.3645,0,0.0047205589323433775
10.365,0,0.0046815434615376074
10.365500000000001,0,0.0046418133026777776
10.366,0,0.0046014289379343824
10.3665,0,0.0045604477945652257
10.367000000000001,0,0.0045189243952794781
10.3675,0,0.0044769105010056152
10.368,0,0.0044344552464496197
10.368499999999999,0,0.0043916052688100617
10.369,0,0.0043484048299987973
10.3695,0,0.0043048959326976279
10.369999999999999,0,0.0042611184305656798
10.3705,0,0.0042171101328953185
10.371,0,0.0041729069040003734
10.371499999999999,0,0.0041285427576054131
10.372,0,0.0040840499464915745
10.3725,0,0.004039459047641092
10.372999999999999,0,0.0039947990431112414
10.3735,0,0.0039500973968557562
10.374000000000001,0,0.0039053801277010524
10.374499999999999,0,0.0038606718786745597
10.375,0,0.0038159959828715563
10.375500000000001,0,0.0037713745260377963
10.375999999999999,0,0.0037268284060364421
10.3765,0,0.0036823773893590039
10.377000000000001,0,0.0036380401648312467
10.3775,0,0.0035938343946585348
10.378,0,0.0035497767629463993
10.378500000000001,0,0.0035058830218260726
10.379,0,0.0034621680353076334
10.3795,0,0.0034186458209772507
10.380000000000001,0,0.0033753295896487901
10.3805,0,0.003332231783074846
10.381,0,0.0032893641098163061
10.381500000000001,0,0.0032467375793651331
10.382,0,0.0032043625346089288
10.3825,0,0.0031622486827230902
10.382999999999999,0,0.0031204051245700692
10.3835,0,0.0030788403826825794
10.384,0,0.0030375624279026293
10.384499999999999,0,0.0029965787047450563
10.385,0,0.0029558961555507745
10.3855,0,0.0029155212434909816
10.385999999999999,0,0.0028754599744808427
10.3865,0,0.0028357179180584003
10.387,0,0.0027963002272805904
10.387499999999999,0,0.002757211657686609
10.388,0,0.0027184565853756505
10.388500000000001,0,0.0026800390242438855
10.388999999999999,0,0.0026419626424226349
10.3895,0,0.0026042307779586714
10.390000000000001,0,0.0025668464537737857
10.390499999999999,0,0.0025298123919408667
10.391,0,0.0024931310273095474
10.391500000000001,0,0.0024568045205146881
10.391999999999999,0,0.0024208347703982059
10.3925,0,0.0023852234258731841
10.393000000000001,0,0.0023499718972581295
10.3935,0,0.0023150813671074743
10.394,0,0.0022805528005630181
10.394500000000001,0,0.0022463869552501901
10.395,0,0.0022125843907409128
10.3955,0,0.0021791454776046272
10.396000000000001,0,0.0021460704060671464
10.3965,0,0.0021133591942967822
10.397,0,0.0020810116963350888
10.397500000000001,0,0.0020490276096899796
10.398,0,0.0020174064826069095
10.3985,0,0.0019861477210335711
10.398999999999999,0,0.0019552505952927235
10.3995,0,0.0019247142464768219
10.4,0,0.0018945376925776248
10.400499999999999,0,0.0018647198343630157
10.401,0,0.0018352594610128725
10.4015,0,0.0018061552555251881
10.401999999999999,0,0.0017774057999029313
10.4025,0,0.0017490095801315885
10.403,0,0.001720964990957008
10.403499999999999,0,0.0016932703404726524
10.404,0,0.0016659238545245537
10.404500000000001,0,0.0016389236809422835
10.404999999999999,0,0.001612267893603614
10.4055,0,0.0015859544963401472
10.406000000000001,0,0.001559981426690915
10.406499999999999,0,0.0015343465595104022
10.407,0,0.0015090477104375388
10.407500000000001,0,0.0014840826392311878
10.407999999999999,0,0.0014594490529782566
10.4085,0,0.0014351446091792508
10.409000000000001,0,0.0014111669187170551
10.4095,0,0.0013875135487130819
10.41,0,0.0013641820252758507
10.410500000000001,0,0.0013411698361462498
10.411,0,0.001318474433243666
10.4115,0,0.001296093235116913
10.412000000000001,0,0.0012740236293036888
10.4125,0,0.0012522629746022473
10.413,0,0.0012308086032588594
10.413500000000001,0,0.001209657823073762
10.414,0,0.0011888079194294133
10.4145,0,0.0011682561572435967
10.414999999999999,0,0.0011479997828500398
10.4155,0,0.0011280360258098976
10.416,0,0.0011083621006557575
10.416499999999999,0,0.001088975208571441
10.417,0,0.0010698725390094089
10.4175,0,0.0010510512712484043
10.417999999999999,0,0.0010325085758928986
10.4185,0,0.0010142416163171132
10.419,0,0.00099624755005489618
10.419499999999999,0,0.00097852353013774254
10.42,0,0.00096106670638256291
10.420500000000001,0,0.00094387422663112504
10.420999999999999,0,0.00092694323794219042
10.4215,0,0.0009102708877389065
10.422000000000001,0,0.00089385432491200238
10.422499999999999,0,0.00087769070088085095
10.423,0,0.00086177717061348687
10.423500000000001,0,0.00084611089360703273
10.423999999999999,0,0.00083068903482970131
10.4245,0,0.00081550876562574981
10.425000000000001,0,0.00080056726458435092
10.4255,0,0.00078586171837383698
10.426,0,0.00077138932254197103
10.426500000000001,0,0.00075714728228384323
10.427,0,0.00074313281317778257
10.4275,0,0.00072934314189084806
10.428000000000001,0,0.00071577550685437692
10.4285,0,0.0007024271589108344
10.429,0,0.00068929536193250711
10.429500000000001,0,0.00067637739341336323
10.43,0,0.0006636705450342006
10.4305,0,0.00065117212320280342
10.430999999999999,0,0.00063887944956887428
10.4315,0,0.00062678986151507574
10.432,0,0.00061490071262499941
10.432499999999999,0,0.00060320937312824396
10.433,0,0.00059171323032373155
10.4335,0,0.00058040968898160901
10.433999999999999,0,0.00056929617172445384
10.4345,0,0.00055837011938869585
10.435,0,0.00054762899136630012
10.435499999999999,0,0.00053707026592775264
10.436,0,0.00052669144052642776
10.436500000000001,0,0.00051649003208554807
10.436999999999999,0,0.00050646357726766842
10.4375,0,0.00049660963272745167
10.438000000000001,0,0.00048692577534815707
10.438499999999999,0,0.00047740960246247523
10.439,0,0.0004680587320578522
10.439500000000001,0,0.00045887080296724836
10.44,0,0.00044984347504533061
10.4405,0,0.00044097442933067611
10.441000000000001,0,0.00043226136819456417
10.4415,0,0.00042370201547657914
10.442,0,0.00041529411660755632
10.442500000000001,0,0.00040703543871988267
10.443,0,0.0003989237707463955
10.4435,0,0.00039095692350723523
10.444000000000001,0,0.00038313272978567347
10.4445,0,0.00037544904439299474
10.445,0,0.00036790374422285277
10.445499999999999,0,0.0003604947282957238
10.446,0,0.00035321991779295735
10.4465,0,0.00034607725608178932
10.446999999999999,0,0.0003390647087307963
10.4475,0,0.00033218026351670147
10.448,0,0.00032542193042225389
10.448499999999999,0,0.00031878774162600319
10.449,0,0.00031227575148393691
10.4495,0,0.00030588403650336768
10.449999999999999,0,0.00029961069530916041
10.4505,0,0.00029345384860297586
10.451000000000001,0,0.00028741163911533141
10.451499999999999,0,0.00028148223155097794
10.452,0,0.00027566381252783765
10.452500000000001,0,0.00026995459050950245
10.452999999999999,0,0.00026435279573197026
10.4535,0,0.00025885668012447515
10.454000000000001,0,0.00025346451722459975
10.454499999999999,0,0.00024817460208829132
10.455,0,0.00024298525119458291
10.455500000000001,0,0.00023789480234530646
10.456,0,0.00023290161456025472
10.4565,0,0.00022800406796776861
10.457000000000001,0,0.00022320056369088404
10.4575,0,0.00021848952372927055
10.458,0,0.00021386939083748447
10.458500000000001,0,0.00020933862839893623
10.459,0,0.00020489572029691594
10.4595,0,0.00020053917078145523
10.460000000000001,0,0.00019626750433333618
10.4605,0,0.00019207926552492483
10.461,0,0.00018797301887776285
10.461499999999999,0,0.00018394734871776119
10.462,0,0.00018000085902732942
10.4625,0,0.00017613217329539576
10.462999999999999,0,0.00017233993436456264
10.4635,0,0.00016862280427628606
10.464,0,0.00016497946411409004
10.464499999999999,0,0.00016140861384447147
10.465,0,0.00015790897215616216
10.4655,0,0.00015447927629764769
10.465999999999999,0,0.00015111828191293196
10.4665,0,0.00014782476287608092
10.467000000000001,0,0.00014459751112404494
10.467499999999999,0,0.00014143533648856011
10.468,0,0.00013833706652665033
10.468500000000001,0,0.00013530154635011949
10.468999999999999,0,0.00013232763845415495
10.4695,0,0.00012941422254502121
10.470000000000001,0,0.00012656019536703145
10.470499999999999,0,0.00012376447052887541
10.471,0,0.00012102597832921446
10.471500000000001,0,0.00011834366558198806
10.472,0,0.00011571649544117601
10.4725,0,0.00011314344722538339
10.473000000000001,0,0.00011062351624203659
10.4735,0,0.00010815571361144638
10.474,0,0.00010573906609080419
10.474500000000001,0,0.00010337261589815627
10.475,0,0.00010105542053646665
10.4755,0,9.8786552617746715e-05
10.476000000000001,0,9.6565099687406788e-05
10.4765,0,9.4390164048785416e-05
10.477,0,9.2260862588011694e-05
10.477499999999999,0,9.0176326599311626e-05
10.478,0,8.8135701610692066e-05
10.4785,0,8.613814721005752e-05
10.478999999999999,0,8.4182836871748984e-05
10.4795,0,8.2268957784137339e-05
10.48,0,8.0395710677183543e-05
10.480499999999999,0,7.8562309651242226e-05
10.481,0,7.6767982006176183e-05
10.4815,0,7.5011968071481136e-05
10.481999999999999,0,7.3293521037220982e-05
10.4825,0,7.1611906785606919e-05
10.483000000000001,0,6.9966403723653589e-05
10.483499999999999,0,6.8356302616690015e-05
10.484,0,6.6780906422780889e-05
10.484500000000001,0,6.5239530128358153e-05
10.484999999999999,0,6.3731500584440765e-05
10.4855,0,6.2256156344342456e-05
10.486000000000001,0,6.0812847502178523e-05
10.486499999999999,0,5.9400935532794022e-05
10.487,0,5.8019793132380039e-05
10.487500000000001,0,5.6668804060555632e-05
10.488,0,5.5347362983682036e-05
10.4885,0,5.4054875319153871e-05
10.489000000000001,0,5.2790757081111474e-05
10.4895,0,5.1554434727152376e-05
10.49,0,5.0345345006719279e-05
10.490500000000001,0,4.9162934810287326e-05
10.491,0,4.8006661020350003e-05
10.4915,0,4.6875990363104413e-05
10.492000000000001,0,4.5770399262223818e-05
10.4925,0,4.4689373693262978e-05
10.493,0,4.3632409039873199e-05
10.493499999999999,0,4.2599009951171943e-05
10.494,0,4.1588690200555775e-05
10.4945,0,4.0600972545845605e-05
10.494999999999999,0,3.9635388591008346e-05
10.4955,0,3.8691478648966714e-05
10.496,0,3.7768791606107577e-05
10.496499999999999,0,3.6866884788000484e-05
10.497,0,3.5985323826781547e-05
10.4975,0,3.5123682529525359e-05
10.497999999999999,0,3.4281542748582086e-05
10.4985,0,3.3458494252913693e-05
10.499000000000001,0,3.265413460113997e-05
10.499499999999999,0,3.186806901579464e-05
