model_time,"class1_ltz","class2_ltz","or1_inh1_in","or1_inh1_out","or1_inh1_inputmirror","target_soma","target_inh_channel"
0,0,0,0,0,0,0,1
0.00050000000000000001,0,0,0,0,0,0,1
0.001,0,0,0,0,0,0,1
0.0015,0,0,0,0,0,0,1
0.002,0,0,0,0,0,0,1
0.0025000000000000001,0,0,0,0,0,0,1
0.0030000000000000001,0,0,0,0,0,0,1
0.0035000000000000001,0,0,0,0,0,0,1
0.0040000000000000001,0,0,0,0,0,0,1
0.0044999999999999997,0,0,0,0,0,0,1
0.0050000000000000001,0,0,0,0,0,0,1
0.0054999999999999997,0,0,0,0,0,0,1
0.0060000000000000001,0,0,0,0,0,0,1
0.0064999999999999997,0,0,0,0,0,0,1
0.0070000000000000001,0,0,0,0,0,0,1
0.0074999999999999997,0,0,0,0,0,0,1
0.0080000000000000002,0,0,0,0,0,0,1
0.0085000000000000006,0,0,0,0,0,0,1
0.0089999999999999993,0,0,0,0,0,0,1
0.0094999999999999998,0,0,0,0,0,0,1
0.01,0,0,0,0,0,0,1
0.010500000000000001,0,0,0,0,0,0,1
0.010999999999999999,0,0,0,0,0,0,1
0.0115,0,0,0,0,0,0,1
0.012,0,0,0,0,0,0,1
0.012500000000000001,0,0,0,0,0,0,1
0.012999999999999999,0,0,0,0,0,0,1
0.0135,0,0,0,0,0,0,1
0.014,0,0,0,0,0,0,1
0.014500000000000001,0,0,0,0,0,0,1
0.014999999999999999,0,0,0,0,0,0,1
0.0155,0,0,0,0,0,0,1
0.016,0,0,0,0,0,0,1
0.016500000000000001,0,0,0,0,0,0,1
0.017000000000000001,0,0,0,0,0,0,1
0.017500000000000002,0,0,0,0,0,0,1
0.017999999999999999,0,0,0,0,0,0,1
0.018499999999999999,0,0,0,0,0,0,1
0.019,0,0,0,0,0,0,1
0.0195,0,0,0,0,0,0,1
0.02,0,0,0,0,0,0,1
0.020500000000000001,0,0,0,0,0,0,1
0.021000000000000001,0,0,0,0,0,0,1
0.021499999999999998,0,0,0,0,0,0,1
0.021999999999999999,0,0,0,0,0,0,1
0.022499999999999999,0,0,0,0,0,0,1
0.023,0,0,0,0,0,0,1
0.0235,0,0,0,0,0,0,1
0.024,0,0,0,0,0,0,1
0.024500000000000001,0,0,0,0,0,0,1
0.025000000000000001,0,0,0,0,0,0,1
0.025499999999999998,0,0,0,0,0,0,1
0.025999999999999999,0,0,0,0,0,0,1
0.026499999999999999,0,0,0,0,0,0,1
0.027,0,0,0,0,0,0,1
0.0275,0,0,0,0,0,0,1
0.028000000000000001,0,0,0,0,0,0,1
0.028500000000000001,0,0,0,0,0,0,1
0.029000000000000001,0,0,0,0,0,0,1
0.029499999999999998,0,0,0,0,0,0,1
0.029999999999999999,0,0,0,0,0,0,1
0.030499999999999999,0,0,0,0,0,0,1
0.031,0,0,0,0,0,0,1
0.0315,0,0,0,0,0,0,1
0.032000000000000001,0,0,0,0,0,0,1
0.032500000000000001,0,0,0,0,0,0,1
0.033000000000000002,0,0,0,0,0,0,1
0.033500000000000002,0,0,0,0,0,0,1
0.034000000000000002,0,0,0,0,0,0,1
0.034500000000000003,0,0,0,0,0,0,1
0.035000000000000003,0,0,0,0,0,0,1
0.035499999999999997,0,0,0,0,0,0,1
0.035999999999999997,0,0,0,0,0,0,1
0.036499999999999998,0,0,0,0,0,0,1
0.036999999999999998,0,0,0,0,0,0,1
0.037499999999999999,0,0,0,0,0,0,1
0.037999999999999999,0,0,0,0,0,0,1
0.0385,0,0,0,0,0,0,1
0.039,0,0,0,0,0,0,1
0.0395,0,0,0,0,0,0,1
0.040000000000000001,0,0,0,0,0,0,1
0.040500000000000001,0,0,0,0,0,0,1
0.041000000000000002,0,0,0,0,0,0,1
0.041500000000000002,0,0,0,0,0,0,1
0.042000000000000003,0,0,0,0,0,0,1
0.042500000000000003,0,0,0,0,0,0,1
0.042999999999999997,0,0,0,0,0,0,1
0.043499999999999997,0,0,0,0,0,0,1
0.043999999999999997,0,0,0,0,0,0,1
0.044499999999999998,0,0,0,0,0,0,1
0.044999999999999998,0,0,0,0,0,0,1
0.045499999999999999,0,0,0,0,0,0,1
0.045999999999999999,0,0,0,0,0,0,1
0.0465,0,0,0,0,0,0,1
0.047,0,0,0,0,0,0,1
0.047500000000000001,0,0,0,0,0,0,1
0.048000000000000001,0,0,0,0,0,0,1
0.048500000000000001,0,0,0,0,0,0,1
0.049000000000000002,0,0,0,0,0,0,1
0.049500000000000002,0,0,0,0,0,0,1
0.050000000000000003,0,0,0,0,0,0,1
0.050500000000000003,0,0,0,0,0,0,1
0.050999999999999997,0,0,0,0,0,0,1
0.051499999999999997,0,0,0,0,0,0,1
0.051999999999999998,0,0,0,0,0,0,1
0.052499999999999998,0,0,0,0,0,0,1
0.052999999999999999,0,0,0,0,0,0,1
0.053499999999999999,0,0,0,0,0,0,1
0.053999999999999999,0,0,0,0,0,0,1
0.0545,0,0,0,0,0,0,1
0.055,0,0,0,0,0,0,1
0.055500000000000001,0,0,0,0,0,0,1
0.056000000000000001,0,0,0,0,0,0,1
0.056500000000000002,0,0,0,0,0,0,1
0.057000000000000002,0,0,0,0,0,0,1
0.057500000000000002,0,0,0,0,0,0,1
0.058000000000000003,0,0,0,0,0,0,1
0.058500000000000003,0,0,0,0,0,0,1
0.058999999999999997,0,0,0,0,0,0,1
0.059499999999999997,0,0,0,0,0,0,1
0.059999999999999998,0,0,0,0,0,0,1
0.060499999999999998,0,0,0,0,0,0,1
0.060999999999999999,0,0,0,0,0,0,1
0.061499999999999999,0,0,0,0,0,0,1
0.062,0,0,0,0,0,0,1
0.0625,0,0,0,0,0,0,1
0.063,0,0,0,0,0,0,1
0.063500000000000001,0,0,0,0,0,0,1
0.064000000000000001,0,0,0,0,0,0,1
0.064500000000000002,0,0,0,0,0,0,1
0.065000000000000002,0,0,0,0,0,0,1
0.065500000000000003,0,0,0,0,0,0,1
0.066000000000000003,0,0,0,0,0,0,1
0.066500000000000004,0,0,0,0,0,0,1
0.067000000000000004,0,0,0,0,0,0,1
0.067500000000000004,0,0,0,0,0,0,1
0.068000000000000005,0,0,0,0,0,0,1
0.068500000000000005,0,0,0,0,0,0,1
0.069000000000000006,0,0,0,0,0,0,1
0.069500000000000006,0,0,0,0,0,0,1
0.070000000000000007,0,0,0,0,0,0,1
0.070499999999999993,0,0,0,0,0,0,1
0.070999999999999994,0,0,0,0,0,0,1
0.071499999999999994,0,0,0,0,0,0,1
0.071999999999999995,0,0,0,0,0,0,1
0.072499999999999995,0,0,0,0,0,0,1
0.072999999999999995,0,0,0,0,0,0,1
0.073499999999999996,0,0,0,0,0,0,1
0.073999999999999996,0,0,0,0,0,0,1
0.074499999999999997,0,0,0,0,0,0,1
0.074999999999999997,0,0,0,0,0,0,1
0.075499999999999998,0,0,0,0,0,0,1
0.075999999999999998,0,0,0,0,0,0,1
0.076499999999999999,0,0,0,0,0,0,1
0.076999999999999999,0,0,0,0,0,0,1
0.077499999999999999,0,0,0,0,0,0,1
0.078,0,0,0,0,0,0,1
0.0785,0,0,0,0,0,0,1
0.079000000000000001,0,0,0,0,0,0,1
0.079500000000000001,0,0,0,0,0,0,1
0.080000000000000002,0,0,0,0,0,0,1
0.080500000000000002,0,0,0,0,0,0,1
0.081000000000000003,0,0,0,0,0,0,1
0.081500000000000003,0,0,0,0,0,0,1
0.082000000000000003,0,0,0,0,0,0,1
0.082500000000000004,0,0,0,0,0,0,1
0.083000000000000004,0,0,0,0,0,0,1
0.083500000000000005,0,0,0,0,0,0,1
0.084000000000000005,0,0,0,0,0,0,1
0.084500000000000006,0,0,0,0,0,0,1
0.085000000000000006,0,0,0,0,0,0,1
0.085500000000000007,0,0,0,0,0,0,1
0.085999999999999993,0,0,0,0,0,0,1
0.086499999999999994,0,0,0,0,0,0,1
0.086999999999999994,0,0,0,0,0,0,1
0.087499999999999994,0,0,0,0,0,0,1
0.087999999999999995,0,0,0,0,0,0,1
0.088499999999999995,0,0,0,0,0,0,1
0.088999999999999996,0,0,0,0,0,0,1
0.089499999999999996,0,0,0,0,0,0,1
0.089999999999999997,0,0,0,0,0,0,1
0.090499999999999997,0,0,0,0,0,0,1
0.090999999999999998,0,0,0,0,0,0,1
0.091499999999999998,0,0,0,0,0,0,1
0.091999999999999998,0,0,0,0,0,0,1
0.092499999999999999,0,0,0,0,0,0,1
0.092999999999999999,0,0,0,0,0,0,1
0.0935,0,0,0,0,0,0,1
0.094,0,0,0,0,0,0,1
0.094500000000000001,0,0,0,0,0,0,1
0.095000000000000001,0,0,0,0,0,0,1
0.095500000000000002,0,0,0,0,0,0,1
0.096000000000000002,0,0,0,0,0,0,1
0.096500000000000002,0,0,0,0,0,0,1
0.097000000000000003,0,0,0,0,0,0,1
0.097500000000000003,0,0,0,0,0,0,1
0.098000000000000004,0,0,0,0,0,0,1
0.098500000000000004,0,0,0,0,0,0,1
0.099000000000000005,0,0,0,0,0,0,1
0.099500000000000005,0,0,0,0,0,0,1
0.10000000000000001,0,0,0,0,0,0,1
0.10050000000000001,0,0,0,0,0,0,1
0.10100000000000001,0,0,0,0,0,0,1
0.10150000000000001,0,0,0,0,0,0,1
0.10199999999999999,0,0,0,0,0,0,1
0.10249999999999999,0,0,0,0,0,0,1
0.10299999999999999,0,0,0,0,0,0,1
0.10349999999999999,0,0,0,0,0,0,1
0.104,0,0,0,0,0,0,1
0.1045,0,0,0,0,0,0,1
0.105,0,0,0,0,0,0,1
0.1055,0,0,0,0,0,0,1
0.106,0,0,0,0,0,0,1
0.1065,0,0,0,0,0,0,1
0.107,0,0,0,0,0,0,1
0.1075,0,0,0,0,0,0,1
0.108,0,0,0,0,0,0,1
0.1085,0,0,0,0,0,0,1
0.109,0,0,0,0,0,0,1
0.1095,0,0,0,0,0,0,1
0.11,0,0,0,0,0,0,1
0.1105,0,0,0,0,0,0,1
0.111,0,0,0,0,0,0,1
0.1115,0,0,0,0,0,0,1
0.112,0,0,0,0,0,0,1
0.1125,0,0,0,0,0,0,1
0.113,0,0,0,0,0,0,1
0.1135,0,0,0,0,0,0,1
0.114,0,0,0,0,0,0,1
0.1145,0,0,0,0,0,0,1
0.115,0,0,0,0,0,0,1
0.11550000000000001,0,0,0,0,0,0,1
0.11600000000000001,0,0,0,0,0,0,1
0.11650000000000001,0,0,0,0,0,0,1
0.11700000000000001,0,0,0,0,0,0,1
0.11749999999999999,0,0,0,0,0,0,1
0.11799999999999999,0,0,0,0,0,0,1
0.11849999999999999,0,0,0,0,0,0,1
0.11899999999999999,0,0,0,0,0,0,1
0.1195,0,0,0,0,0,0,1
0.12,0,0,0,0,0,0,1
0.1205,0,0,0,0,0,0,1
0.121,0,0,0,0,0,0,1
0.1215,0,0,0,0,0,0,1
0.122,0,0,0,0,0,0,1
0.1225,0,0,0,0,0,0,1
0.123,0,0,0,0,0,0,1
0.1235,0,0,0,0,0,0,1
0.124,0,0,0,0,0,0,1
0.1245,0,0,0,0,0,0,1
0.125,0,0,0,0,0,0,1
0.1255,0,0,0,0,0,0,1
0.126,0,0,0,0,0,0,1
0.1265,0,0,0,0,0,0,1
0.127,0,0,0,0,0,0,1
0.1275,0,0,0,0,0,-0.0030759870200107731,0.99692401297998923
0.128,0,0,0,0,0,-0.0076349307225141994,0.9923650692774858
0.1285,0,0,0,0,0,-0.011423346969650527,0.98857665303034947
0.129,0,0,0,0,0,-0.014550109475088391,0.98544989052491161
0.1295,0,0,0,0,0,-0.017108032160355724,0.98289196783964428
0.13,0,0,0,0,0,-0.019176537544998706,0.98082346245500129
0.1305,0,0,0,0,0,-0.020823820155974615,0.97917617984402539
0.13100000000000001,0,0,0,0,0,-0.022108611641516451,0.97789138835848355
0.13150000000000001,0,0,0,0,0,-0.023081629670735015,0.97691837032926498
0.13200000000000001,0,0,0,0,0,-0.023786774203845784,0.97621322579615422
0.13250000000000001,0,0,0,0,0,-0.024262120709618418,0.97573787929038158
0.13300000000000001,0,0,0,0,0,-0.024540749223223468,0.97545925077677653
0.13350000000000001,0,0,0,0,0,-0.024651439936249298,0.9753485600637507
0.13400000000000001,0,0,0,0,0,-0.024619259675511262,0.97538074032448874
0.13450000000000001,0,0,0,0,0,-0.024466058704933125,0.97553394129506688
0.13500000000000001,0,0,0,0,0,-0.02421089343885463,0.97578910656114537
0.13550000000000001,0,0,0,0,0,-0.023870387634273293,0.97612961236572671
0.13600000000000001,0,0,0,0,0,-0.023459042244728723,0.97654095775527128
0.13650000000000001,0,0,0,0,0,-0.022989502226699043,0.97701049777330096
0.13700000000000001,0,0,0,0,0,-0.022472787081551981,0.97752721291844802
0.13750000000000001,0,0,0,0,0,-0.021918490708858984,0.97808150929114102
0.13800000000000001,0,0,0,0,0,-0.021334955176012249,0.97866504482398775
0.13850000000000001,0,0,0,0,0,-0.020729422224902261,0.97927057777509774
0.13900000000000001,0,0,0,0,0,-0.020108165700296166,0.97989183429970383
0.13950000000000001,0,0,0,0,0,-0.019476607566348392,0.98052339243365161
0.14000000000000001,0,0,0,0,0,-0.018839419753728048,0.98116058024627195
0.14050000000000001,0,0,0,0,0,-0.018200613731557125,0.98179938626844288
0.14099999999999999,0,0,0,0,0,-0.017563619410997267,0.98243638058900273
0.14149999999999999,0,0,0,0,0,-0.016931354749248562,0.98306864525075144
0.14199999999999999,0,0,0,0,0,-0.016306287224631122,0.98369371277536888
0.14249999999999999,0,0,0,0,0,-0.015690488187910523,0.98430951181208948
0.14299999999999999,0,0,0,0,0,-0.0150856809561426,0.9849143190438574
0.14349999999999999,0,0,0,0,0,-0.014493283398291146,0.98550671660170885
0.14399999999999999,0,0,0,0,0,-0.013914445662852826,0.98608555433714717
0.14449999999999999,0,0,0,0,0,-0.013350083613594688,0.98664991638640531
0.14499999999999999,0,0,0,0,0,-0.012800908467744732,0.98719909153225527
0.14549999999999999,0,0,0,0,0,-0.012267453069513157,0.98773254693048684
0.14599999999999999,0,0,0,0,0,-0.011750095178982622,0.98824990482101738
0.14649999999999999,0,0,0,0,0,-0.011249078110810329,0.98875092188918967
0.14699999999999999,0,0,0,0,0,-0.010764529017702751,0.98923547098229725
0.14749999999999999,0,0,0,0,0,-0.010296475079314416,0.98970352492068558
0.14799999999999999,0,0,0,0,0,-0.0098448578273210297,0.99015514217267897
0.14849999999999999,0,0,0,0,0,-0.009409545811268849,0.99059045418873115
0.14899999999999999,0,0,0,0,0,-0.0089903457868786285,0.99100965421312137
0.14949999999999999,0,0,0,0,0,-0.0085870125883322768,0.99141298741166772
0.14999999999999999,0,0,0,0,0,-0.0081992578283087703,0.99180074217169123
0.15049999999999999,0,0,0,0,0,-0.0078267575538563117,0.99217324244614369
0.151,0,0,0,0,0,-0.0074691589723042684,0.99253084102769573
0.1515,0,0,0,0,0,-0.0071260863491164894,0.99287391365088351
0.152,0,0,0,0,0,-0.0067971461686576751,0.99320285383134232
0.1525,0,0,0,0,0,-0.0064819316391255821,0.99351806836087442
0.153,0,0,0,0,0,-0.0061800266142469917,0.99381997338575301
0.1535,0,0,0,0,0,-0.0089224359703110601,0.99107756402968894
0.154,0,0,0,0,0,-0.013142337265908521,0.98685766273409148
0.1545,0,0,0,0,0,-0.016616167346690802,0.9833838326533092
0.155,0,0,0,0,0,-0.019450343569486495,0.98054965643051351
0.1555,0,0,0,0,0,-0.021735558048752157,0.97826444195124784
0.156,0,0,0,0,0,-0.023549390639430068,0.97645060936056993
0.1565,0,0,0,0,0,-0.024958427340055489,0.97504157265994451
0.157,0,0,0,0,0,-0.026019988645261338,0.97398001135473866
0.1575,0,0,0,0,0,-0.026783548261055445,0.97321645173894455
0.158,0,0,0,0,0,-0.027291904468461636,0.97270809553153836
0.1585,0,0,0,0,0,-0.027582152693214956,0.97241784730678504
0.159,0,0,0,0,0,-0.027686497370598362,0.97231350262940164
0.1595,0,0,0,0,0,-0.027632933158821871,0.97236706684117813
0.16,0,0,0,0,0,-0.027445819347869604,0.9725541806521304
0.1605,0,0,0,0,0,-0.027146366488937979,0.97285363351106202
0.161,0,0,0,0,0,-0.026753050502691722,0.97324694949730828
0.1615,0,0,0,0,0,-0.026281966566198522,0.97371803343380148
0.16200000000000001,0,0,0,0,0,-0.025747132743266898,0.9742528672567331
0.16250000000000001,0,0,0,0,0,-0.025160751470758802,0.9748392485292412
0.16300000000000001,0,0,0,0,0,-0.024533435537495318,0.97546656446250468
0.16350000000000001,0,0,0,0,0,-0.023874404010852945,0.97612559598914705
0.16400000000000001,0,0,0,0,0,-0.023191652616126546,0.97680834738387345
0.16450000000000001,0,0,0,0,0,-0.022492102306519768,0.97750789769348023
0.16500000000000001,0,0,0,0,0,-0.021781729139375483,0.97821827086062452
0.16550000000000001,0,0,0,0,0,-0.021065678067426097,0.9789343219325739
0.16600000000000001,0,0,0,0,0,-0.02034836283926833,0.97965163716073167
0.16650000000000001,0,0,0,0,0,-0.019633553862714703,0.9803664461372853
0.16700000000000001,0,0,0,0,0,-0.018924455603734347,0.98107554439626565
0.16750000000000001,0,0,0,0,0,-0.018223774860952058,0.98177622513904794
0.16800000000000001,0,0,0,0,0,-0.017533781062031517,0.98246621893796848
0.16850000000000001,0,0,0,0,0,-0.016856359566468471,0.98314364043353153
0.16900000000000001,0,0,0,0,0,-0.016193058823551043,0.98380694117644896
0.16950000000000001,0,0,0,0,0,-0.015545132119833771,0.98445486788016623
0.17000000000000001,0,0,0,0,0,-0.014913574553651276,0.98508642544634872
0.17050000000000001,0,0,0,0,0,-0.014299155791924534,0.98570084420807547
0.17100000000000001,0,0,0,0,0,-0.013702449094310731,0.98629755090568927
0.17150000000000001,0,0,0,0,0,-0.013123857029613495,0.98687614297038651
0.17199999999999999,0,1,1,0,0,-0.012563634257650613,0.98743636574234939
0.17249999999999999,0,1,1,1,5.813953488372093e-09,-0.015032891211260169,0.98496710878873983
0.17299999999999999,0,0,0,1,8.72093023255814e-09,-0.01897625685715032,0.98102374314284968
0.17349999999999999,0,0,0,0,7.8488372093023266e-09,-0.022185224204747889,0.97781477579525211
0.17399999999999999,0,0,0,0,7.0639534883720935e-09,-0.024765854087627104,0.9752341459123729
0.17449999999999999,0,0,0,0,6.3575581395348843e-09,-0.026808450057866251,0.97319154994213375
0.17499999999999999,0,0,0,0,5.7218023255813956e-09,-0.028390187779506526,0.97160981222049347
0.17549999999999999,0,0,0,0,5.1496220930232561e-09,-0.029577244622903454,0.97042275537709655
0.17599999999999999,0,0,0,0,4.6346598837209306e-09,-0.030426535526955623,0.96957346447304438
0.17649999999999999,0,0,0,0,4.1711938953488374e-09,-0.030987136631208334,0.96901286336879167
0.17699999999999999,0,0,0,0,3.7540745058139537e-09,-0.031301459736816306,0.96869854026318369
0.17749999999999999,0,0,0,0,3.3786670552325586e-09,-0.031406226704822071,0.96859377329517793
0.17799999999999999,0,0,0,0,3.0408003497093029e-09,-0.031333282273473873,0.96866671772652613
0.17849999999999999,0,0,0,0,2.7367203147383722e-09,-0.031110275627776574,0.96888972437222343
0.17899999999999999,0,0,0,0,2.4630482832645352e-09,-0.030761234767140988,0.96923876523285901
0.17949999999999999,0,0,0,0,2.2167434549380819e-09,-0.030307052837108217,0.96969294716289178
0.17999999999999999,0,0,0,0,1.9950691094442734e-09,-0.029765901782418891,0.97023409821758111
0.18049999999999999,0,0,0,0,1.7955621984998464e-09,-0.029153585690222861,0.97084641430977714
0.18099999999999999,0,0,0,0,1.6160059786498615e-09,-0.028483843835431455,0.97151615616456855
0.18149999999999999,0,0,0,0,1.4544053807848755e-09,-0.027768611572518309,0.97223138842748169
0.182,0,0,0,0,1.308964842706388e-09,-0.027018245731023627,0.97298175426897637
0.1825,0,0,0,0,1.1780683584357493e-09,-0.026241719982626033,0.97375828001737397
0.183,0,0,0,0,1.0602615225921743e-09,-0.025446794692105534,0.97455320530789447
0.1835,0,0,0,0,9.5423537033295701e-10,-0.024640164993490532,0.97535983500650947
0.184,0,0,0,0,8.5881183329966124e-10,-0.023827590207853744,0.97617240979214626
0.1845,0,0,0,0,7.7293064996969514e-10,-0.023014007210702014,0.97698599278929799
0.185,0,0,0,0,6.9563758497272567e-10,-0.022203629941278558,0.97779637005872144
0.1855,0,0,0,0,6.2607382647545309e-10,-0.021400036904940967,0.97859996309505903
0.186,0,0,0,0,5.6346644382790772e-10,-0.020606248238558944,0.97939375176144106
0.1865,0,0,0,0,5.0711979944511705e-10,-0.019824793676058605,0.98017520632394139
0.187,0,0,0,0,4.564078195006053e-10,-0.019057772557671715,0.98094222744232829
0.1875,0,0,0,0,4.1076703755054472e-10,-0.018306906864811845,0.98169309313518816
0.188,0,0,0,0,3.6969033379549023e-10,-0.017573588126945761,0.98242641187305424
0.1885,0,0,0,0,3.3272130041594122e-10,-0.016858918932660449,0.98314108106733955
0.189,0,0,0,0,2.9944917037434711e-10,-0.016163749680553674,0.98383625031944633
0.1895,0,0,0,0,2.6950425333691241e-10,-0.015488711123548438,0.98451128887645156
0.19,0,0,0,0,2.4255382800322116e-10,-0.014834243190260721,0.98516575680973928
0.1905,0,0,0,0,2.1829844520289902e-10,-0.014200620507128781,0.98579937949287122
0.191,0,0,0,0,1.964686006826091e-10,-0.013587974993486074,0.98641202500651393
0.1915,0,0,0,0,1.7682174061434819e-10,-0.012996315857293106,0.98700368414270689
0.192,0,0,0,0,1.5913956655291335e-10,-0.012425547280717986,0.98757445271928201
0.1925,0,0,0,0,1.4322560989762202e-10,-0.011875484051271812,0.98812451594872819
0.193,0,0,0,0,1.2890304890785982e-10,-0.011345865364997487,0.98865413463500251
0.19350000000000001,0,0,0,0,1.1601274401707382e-10,-0.01083636700266366,0.98916363299733634
0.19400000000000001,0,0,0,0,1.0441146961536644e-10,-0.01034661205749654,0.98965338794250346
0.19450000000000001,0,0,0,0,9.3970322653829798e-11,-0.0098761803732634323,0.99012381962673657
0.19500000000000001,0,0,0,0,8.4573290388446818e-11,-0.0094246168341309833,0.99057538316586902
0.19550000000000001,0,0,0,0,7.611596134960214e-11,-0.0089914386323488582,0.99100856136765114
0.19600000000000001,0,0,0,0,6.850436521464192e-11,-0.0085761416261964651,0.99142385837380353
0.19650000000000001,0,0,0,0,6.1653928693177723e-11,-0.008178205888548562,0.99182179411145144
0.19700000000000001,0,0,0,0,5.5488535823859955e-11,-0.007797100535679613,0.99220289946432039
0.19750000000000001,0,0,0,0,4.9939682241473952e-11,-0.0074322879163694067,0.99256771208363059
0.19800000000000001,0,0,0,0,4.4945714017326563e-11,-0.0070832272328549273,0.99291677276714507
0.19850000000000001,0,0,0,0,4.0451142615593906e-11,-0.0067493776575722197,0.99325062234242778
0.19900000000000001,0,0,0,0,3.6406028354034512e-11,-0.0064302010028447487,0.99356979899715525
0.19950000000000001,0,0,0,0,3.276542551863106e-11,-0.0061251639946067193,0.99387483600539328
0.20000000000000001,0,0,0,0,2.9488882966767955e-11,-0.0058337401958196144,0.99416625980418039
0.20050000000000001,0,0,0,0,2.6539994670091159e-11,-0.0055554116203840875,0.99444458837961591
0.20100000000000001,0,0,0,0,2.3885995203082042e-11,-0.0052896700739963887,0.99471032992600361
0.20150000000000001,0,0,0,0,2.149739568277384e-11,-0.0050360182545010623,0.99496398174549894
0.20200000000000001,0,0,0,0,1.9347656114496457e-11,-0.0047939706407986726,0.99520602935920133
0.20250000000000001,0,0,0,0,1.7412890503046812e-11,-0.0045630541962364823,0.99543694580376352
0.20300000000000001,0,0,0,0,1.5671601452742131e-11,-0.0043428089096033684,0.99565719109039663
0.20349999999999999,0,0,0,0,1.4104441307467917e-11,-0.0041327881943348244,0.99586721180566518
0.20399999999999999,0,0,0,0,1.2693997176721125e-11,-0.003932559164279259,0.99606744083572074
0.20449999999999999,0,0,0,0,1.1424597459049012e-11,-0.0037417028023535304,0.99625829719764647
0.20499999999999999,0,0,0,0,1.0282137713144112e-11,-0.0035598140366063236,0.99644018596339368
0.20549999999999999,0,0,0,0,9.2539239418297001e-12,-0.0033865017365845018,0.9966134982634155
0.20599999999999999,0,0,0,0,8.3285315476467301e-12,-0.0032213886414412807,0.99677861135855872
0.20649999999999999,0,0,0,0,7.4956783928820572e-12,-0.0030641112299274464,0.99693588877007255
0.20699999999999999,0,0,0,0,6.7461105535938515e-12,-0.0029143195412363321,0.99708568045876367
0.20749999999999999,0,0,0,0,6.0714994982344664e-12,-0.002771676954635649,0.99722832304536435
0.20799999999999999,0,0,0,0,5.4643495484110199e-12,-0.0026358599348815792,0.99736414006511842
0.20849999999999999,0,0,0,0,4.9179145935699178e-12,-0.0025065577495817504,0.99749344225041825
0.20899999999999999,0,0,0,0,4.4261231342129259e-12,0.00069251485608612384,0.99761652783607535
0.20949999999999999,0,1,1,0,3.9835108207916333e-12,0.0053686136049823086,0.99773368288246811
0.20999999999999999,0,1,1,1,5.8159452437824883e-09,0.0062067746544463009,0.99478342768479577
0.21049999999999999,0,0,0,1,8.7219261102633376e-09,0.0049004911931955775,0.99035038171810719
0.21099999999999999,0,0,0,0,7.8497334992370039e-09,0.0037866262179780952,0.98667859405762237
0.21149999999999999,0,0,0,0,7.064760149313304e-09,0.0028366780259397872,0.98366014048094108
0.21199999999999999,0,0,0,0,6.3582841343819741e-09,0.0020268455754031134,0.9812030254194285
0.21249999999999999,0,0,0,0,5.7224557209437768e-09,0.0013371471772090082,0.97922853553569256
0.21299999999999999,0,0,0,0,5.150210148849399e-09,0.00075072378111207261,0.97766909411037706
0.2135,0,0,0,0,4.6351891339644592e-09,0.0002532846317409021,0.97646651042789512
0.214,0,0,0,0,4.1716702205680138e-09,-0.0001673365360131962,0.97557054275436839
0.2145,0,0,0,0,3.7545031985112122e-09,-0.00052153893008377583,0.97493771184669276
0.215,0,0,0,0,3.3790528786600909e-09,-0.00081824423808696256,0.97453031582566374
0.2155,0,0,0,0,3.041147590794082e-09,-0.0010651324822477104,0.97431560784224103
0.216,0,0,0,0,2.7370328317146739e-09,-0.0012688351947585108,0.97426510610030836
0.2165,0,0,0,0,2.4633295485432066e-09,-0.0014350944786791775,0.97435401208246619
0.217,0,0,0,0,2.216996593688886e-09,-0.0015688946584867525,0.97456071770723995
0.2175,0,0,0,0,1.9952969343199976e-09,-0.0016745717950001904,0.97486638596027109
0.218,0,0,0,0,1.7957672408879976e-09,-0.0017559052354318982,0.97525459253786906
0.2185,0,0,0,0,1.616190516799198e-09,-0.0018161945121893952,0.97571101840625862
0.219,0,0,0,0,1.4545714651192781e-09,-0.0018583242352669949,0.97622318505587402
0.2195,0,0,0,0,1.3091143186073505e-09,-0.0018848190987817981,0.97678022572520595
0.22,0,0,0,0,1.1782028867466153e-09,-0.0018978907093598618,0.97737268706573788
0.2205,0,0,0,0,1.0603825980719537e-09,-0.0018994776175742523,0.97799235668212958
0.221,0,0,0,0,9.5434433826475823e-10,-0.0018912796743677518,0.97863211275928386
0.2215,0,0,0,0,8.589099044382824e-10,-0.0018747876276845599,0.97928579261858739
0.222,0,0,0,0,7.7301891399445424e-10,-0.0018513087090897828,0.97994807755935309
0.2225,0,0,0,0,6.957170225950088e-10,-0.0018219888272447138,0.98061439176175802
0.223,0,0,0,0,6.2614532033550786e-10,-0.0017878318779167568,0.98128081337283468
0.2235,0,0,0,0,5.6353078830195715e-10,-0.0017497165934489134,0.98194399618191996
0.224,0,0,0,0,5.0717770947176146e-10,0.0012935081912331947,0.98260110052796035
0.22450000000000001,0,0,0,0,4.5645993852458533e-10,0.0057883775214736533,0.98324973227743218
0.22500000000000001,0,0,0,0,4.108139446721268e-10,0.0095331259179797234,0.98388788887570311
0.22550000000000001,0,0,0,0,3.6973255020491416e-10,0.012633898033694746,0.98451391161233537
0.22600000000000001,0,0,0,0,3.3275929518442272e-10,0.01518102366723606,0.98512644335684085
0.22650000000000001,1,0,0,0,2.9948336566598041e-10,0.017251686252125698,0.98572439111956611
0.22700000000000001,1,0,0,0,2.6953502909938242e-10,-0.18672537925633859,0.88603735602478118
0.22750000000000001,0,0,0,0,2.4258152618944418e-10,-0.3796644480925051,0.79139899819224691
0.22800000000000001,0,0,0,0,2.1832337357049975e-10,-0.3577165434088132,0.80176524002716776
0.22850000000000001,0,0,0,0,1.9649103621344978e-10,-0.3372206950467378,0.81161752868253556
0.22900000000000001,0,0,0,0,1.7684193259210479e-10,-0.31805850665856239,0.82098141791934109
0.22950000000000001,0,0,0,0,1.591577393328943e-10,-0.30012398552814401,0.82988115601764012
0.23000000000000001,0,0,0,0,1.4324196539960488e-10,-0.28332190764697196,0.83833975993247711
0.23050000000000001,0,0,0,0,1.2891776885964439e-10,-0.26756643979613071,0.84637908396795092
0.23100000000000001,0,0,0,0,1.1602599197367995e-10,-0.25277997265161067,0.85401988355040381
0.23150000000000001,0,0,0,0,1.0442339277631197e-10,-0.23889212801720705,0.86128187460280936
0.23200000000000001,0,0,0,0,9.3981053498680762e-11,-0.22583891042778825,0.86818378895536497
0.23250000000000001,0,0,0,0,8.458294814881269e-11,-0.21356197900433527,0.87474342617021383
0.23300000000000001,0,0,0,0,7.6124653333931413e-11,-0.20200801991920825,0.88097770210959681
0.23350000000000001,0,0,0,0,6.8512188000538276e-11,-0.19112820340264203,0.88690269453525938
0.23400000000000001,0,0,0,0,6.1660969200484444e-11,-0.18087771208588177,0.89253368599152427
0.23449999999999999,0,0,0,0,5.5494872280436001e-11,-0.17121532978360787,0.89788520419415208
0.23499999999999999,0,0,0,0,4.9945385052392396e-11,-0.16210308168496512,0.90297106012117556
0.23549999999999999,0,0,0,0,4.4950846547153157e-11,-0.15350591843921113,0.90780438397964658
0.23599999999999999,0,0,0,0,4.0455761892437845e-11,-0.14539143785944186,0.91239765920311378
0.23649999999999999,0,0,0,0,3.6410185703194062e-11,-0.13772963898149637,0.91676275461818912
0.23699999999999999,0,0,0,0,3.2769167132874659e-11,-0.13049270404870528,0.92091095490435515
0.23749999999999999,0,0,0,0,2.9492250419587191e-11,-0.12365480468120049,0.92485298945887862
0.23799999999999999,0,0,0,0,2.6543025377628472e-11,-0.11719192905854237,0.92859905976804025
0.23849999999999999,0,0,0,0,2.3888722839865624e-11,-0.10770284778141925,0.93215886537662285
0.23899999999999999,0,0,0,0,2.149985055587906e-11,-0.096952530225787537,0.93554162853951361
0.23949999999999999,0,0,0,0,1.9349865500291154e-11,-0.087378644219952006,0.93875611763220079
0.23999999999999999,0,0,0,0,1.741487895026204e-11,-0.07883651099975697,0.94181066939072544
0.24049999999999999,0,0,0,0,1.5673391055235837e-11,-0.071202033127201636,0.94471321004616926
0.24099999999999999,0,0,0,0,1.4106051949712253e-11,-0.06436827382595034,0.94747127541390275
0.24149999999999999,0,0,0,0,1.2695446754741028e-11,-0.058242689543238191,0.95009202999350606
0.24199999999999999,0,0,0,0,1.1425902079266926e-11,-0.05274487637661518,0.95258228513142051
0.24249999999999999,0,0,0,0,1.0283311871340232e-11,-0.047804723468576449,0.95494851629493704
0.24299999999999999,0,0,0,0,9.254980684206209e-12,-0.04336089079133465,0.95719687950301402
0.24349999999999999,0,0,0,0,8.3294826157855889e-12,-0.039359547101551762,0.9593332269566045
0.24399999999999999,0,0,0,0,7.4965343542070287e-12,-0.035753317802616258,0.96136312190861595
0.2445,0,0,0,0,6.746880918786326e-12,-0.032500403137037726,0.96329185281128948
0.245,0,0,0,0,6.0721928269076932e-12,-0.029563835363907831,0.96512444677665121
0.2455,0,0,0,0,5.4649735442169242e-12,-0.026910849957849425,0.96686568238371673
0.246,0,0,0,0,4.9184761897952312e-12,-0.024512350841233599,0.96852010186431592
0.2465,0,0,0,0,4.4266285708157086e-12,-0.022342453561882358,0.9700920226977201
0.247,0,0,0,0,3.9839657137341373e-12,-0.020378093402309672,0.97158554864268654
0.2475,0,0,0,0,3.5855691423607241e-12,-0.01859868784115104,0.97300458023407554
0.248,0,0,0,0,3.2270122281246518e-12,-0.01698584472508069,0.97435282476982665
0.2485,0,0,0,0,2.904311005312187e-12,-0.015523109058858231,0.97563380581279957
0.249,0,0,0,0,2.6138799047809679e-12,-0.014195742565635605,0.97685087223077893
0.2495,0,0,0,0,2.3524919143028713e-12,-0.012990531173697861,0.97800720679680508
0.25,0,0,0,0,2.1172427228725843e-12,-0.011895616399382747,0.9791058343709228
0.2505,0,0,0,0,1.9055184505853257e-12,-0.010900347257968512,0.98014962968342256
0.251,0,0,0,0,1.7149666055267931e-12,-0.0099951498753324541,0.98114132473869098
0.2515,0,0,0,0,1.5434699449741139e-12,-0.0091714124171345945,0.98208351585787568
0.252,0,0,0,0,1.3891229504767025e-12,-0.0084213833180976083,0.9829786703777037
0.2525,0,0,0,0,1.2502106554290323e-12,-0.0046828819518413001,0.98382913302197472
0.253,0,0,0,0,1.125189589886129e-12,0.00046321981054620043,0.98463713196146441
0.2535,0,0,0,0,1.0126706308975162e-12,0.0047857660401628976,0.98540478457723479
0.254,0,0,0,0,9.1140356780776452e-13,0.0083997748429679442,0.9861341029416375
0.2545,0,0,0,0,8.2026321102698815e-13,0.011403253774104893,0.98682699903062243
0.255,0,0,0,0,7.3823688992428928e-13,0.013880054260352437,0.98748528968032323
0.2555,0,0,0,0,6.6441320093186038e-13,0.015902179033198571,0.98811070130027634
0.25600000000000001,1,0,0,0,5.9797188083867434e-13,0.017531659593521987,0.98870487435504883
0.25650000000000001,1,0,0,0,5.3817469275480691e-13,-0.18557865511404925,0.88926882944716068
0.25700000000000001,0,0,0,0,4.8435722347932627e-13,-0.37789979501545645,0.79480471506681816
0.25750000000000001,0,0,0,0,4.3592150113139368e-13,-0.35653281413862958,0.80506435080013949
0.25800000000000001,0,0,0,0,3.9232935101825427e-13,-0.3365242902754273,0.81481101357300512
0.25850000000000001,0,0,0,0,3.5309641591642883e-13,-0.31776981638370594,0.82407035173445498
0.25900000000000001,0,0,0,0,3.1778677432478591e-13,-0.30017520478668058,0.83286673116134824
0.25950000000000001,0,0,0,0,2.8600809689230735e-13,-0.28365522205202076,0.84122329939971641
0.26000000000000001,0,0,0,0,2.574072872030766e-13,-0.26813251257348325,0.84916204659549432
0.26050000000000001,0,0,0,0,2.3166655848276893e-13,-0.25353667855449391,0.85670386337577531
0.26100000000000001,0,0,0,0,2.0849990263449203e-13,-0.23980349023137237,0.86386859583357678
0.26150000000000001,0,0,0,0,1.8764991237104284e-13,-0.22687420504307809,0.87067509776137419
0.26200000000000001,0,0,0,0,1.6888492113393856e-13,-0.2146949783363824,0.87714128027132354
0.26250000000000001,0,0,0,0,1.519964290205447e-13,-0.20321635130540472,0.88328415893314072
0.26300000000000001,0,0,0,0,1.3679678611849023e-13,-0.18872866801578791,0.88911989855400553
0.26350000000000001,0,0,0,0,1.2311710750664122e-13,-0.1731613154949222,0.89466385571859763
0.26400000000000001,0,0,0,0,1.1080539675597707e-13,-0.15912291224807829,0.89993061920143214
0.26450000000000001,0,0,0,0,9.9724857080379379e-14,-0.14643313013511738,0.90493404835802238
0.26500000000000001,0,0,0,0,8.9752371372341456e-14,-0.13493722744841619,0.90968730959604804
0.26550000000000001,0,0,0,0,8.0777134235107304e-14,-0.12450174263033664,0.91420291102262541
0.26600000000000001,0,0,0,0,7.269942081159657e-14,-0.11501102262448937,0.9184927353589547
0.26650000000000001,0,0,0,0,6.5429478730436918e-14,-0.10636440528462776,0.92256807120904072
0.26700000000000002,0,0,0,0,5.8886530857393224e-14,-0.098473917911927167,0.9264396427648367
0.26750000000000002,0,0,0,0,5.2997877771653904e-14,-0.087788107509252589,0.93011763802603298
0.26800000000000002,0,0,0,0,4.7698089994488517e-14,-0.076136804076208708,0.93361173560879229
0.26850000000000002,0,0,0,0,4.2928280995039668e-14,-0.065962540665470804,0.93693113021401186
0.26900000000000002,0,0,0,0,3.8635452895535699e-14,-0.057063990888141292,0.94008455682215808
0.26950000000000002,0,0,0,0,3.4771907605982131e-14,-0.049271281734729944,0.94308031367836154
0.27000000000000002,0,0,0,0,3.129471684538392e-14,-0.042440270043781592,0.94592628412827218
0.27050000000000002,0,0,0,0,2.8165245160845529e-14,-0.036448007982538555,0.94862995736214684
0.27100000000000002,0,0,0,0,2.5348720644760975e-14,-0.031189123408513764,0.95119844812176413
0.27150000000000002,0,0,0,0,2.2813848580284874e-14,-0.026572909731659711,0.95363851542203082
0.27200000000000002,0,0,0,0,2.0532463722256385e-14,-0.022520970105157634,0.95595658033654796
0.27250000000000002,0,0,0,0,1.8479217350030748e-14,-0.018965297777025936,0.95815874289394121
0.27300000000000002,0,0,0,0,1.6631295615027672e-14,-0.015846701942879515,0.96025079812941783
0.27350000000000002,0,0,0,0,1.4968166053524904e-14,-0.013113509055100447,0.96223825133378893
0.27400000000000002,0,0,0,0,1.3471349448172413e-14,-0.010720485110576328,0.96412633254008351
0.27450000000000002,0,0,0,0,1.2124214503355174e-14,-0.008627936278492343,0.96592001028587338
0.27500000000000002,0,0,0,0,1.0911793053019655e-14,-0.0068009542948089807,0.96762400468752208
0.27550000000000002,0,0,0,0,9.8206137477176891e-15,-0.0052087800352870195,0.96924279986075978
0.27600000000000002,0,0,0,0,8.838552372945921e-15,-0.0038242640938396244,0.97078065572026628
0.27650000000000002,0,0,0,0,7.9546971356513287e-15,-0.0026234074145490283,0.97224161918930985
0.27700000000000002,0,0,0,0,7.1592274220861962e-15,-0.001584968334720771,0.97362953484893611
0.27750000000000002,0,0,0,0,6.4433046798775762e-15,-0.00069012500352216843,0.97494805505472903
0.27800000000000002,0,0,0,0,5.7989742118898185e-15,7.7815794876645583e-05,0.97620064954776231
0.27850000000000003,0,0,0,0,5.2190767907008368e-15,0.00073367074235419771,0.97739061458502952
0.27900000000000003,0,0,0,0,4.6971691116307529e-15,0.0012905990280721591,0.97852108161337836
0.27950000000000003,0,0,0,0,4.2274522004676771e-15,0.0017602932919429382,0.97959502550977073
0.28000000000000003,0,0,0,0,3.8047069804209094e-15,0.0021531465824669027,0.98061527240955126
0.28050000000000003,0,0,0,0,3.4242362823788184e-15,0.0054761934696287984,0.98158450714332224
0.28100000000000003,0,0,0,0,3.0818126541409366e-15,0.010181234334831424,0.9825052803019928
0.28149999999999997,0,0,0,0,2.773631388726843e-15,0.014079431899692851,0.98338001494859228
0.28199999999999997,0,0,0,0,2.4962682498541587e-15,0.01728559411577546,0.98421101299450831
0.28249999999999997,1,0,0,0,2.2466414248687425e-15,0.01989739128602741,0.98500046125692697
0.28299999999999997,1,0,0,0,2.0219772823818683e-15,-0.18425240145466992,0.88575043519142305
0.28349999999999997,0,0,0,0,1.8197795541436815e-15,-0.37728945830170824,0.79146291091007448
0.28399999999999997,0,0,0,0,1.6378015987293133e-15,-0.35488927131220771,0.80188976488720909
0.28449999999999998,0,0,0,0,1.4740214388563818e-15,-0.33403194942961723,0.81179527619785363
0.28499999999999998,0,0,0,0,1.3266192949707437e-15,-0.31458542302872117,0.82120551197432456
0.28549999999999998,0,0,0,0,1.1939573654736692e-15,-0.29643211499299316,0.83014523599209999
0.28599999999999998,0,0,0,0,1.0745616289263023e-15,-0.27946695344120132,0.8386379738377312
0.28649999999999998,0,0,0,0,9.6710546603367213e-16,-0.26359570809513511,0.84670607481834381
0.28699999999999998,0,0,0,0,8.703949194303049e-16,-0.24873359038857301,0.85437077077565338
0.28749999999999998,0,0,0,0,7.833554274872744e-16,-0.23480406965194289,0.86165223195927054
0.28799999999999998,0,0,0,0,7.0501988473854693e-16,-0.22173786723294686,0.86856962010633332
0.28849999999999998,0,0,0,0,6.3451789626469223e-16,-0.20947209787363752,0.87514113886715106
0.28899999999999998,0,0,0,0,5.7106610663822304e-16,-0.1979495335394944,0.88138408170956162
0.28949999999999998,0,0,0,0,5.1395949597440076e-16,-0.18711796954741111,0.88731487742806625
0.28999999999999998,0,0,0,0,4.6256354637696067e-16,-0.17692967654085201,0.89294913337750403
0.29049999999999998,0,0,0,0,4.1630719173926462e-16,-0.16734092482025331,0.89830167654504023
0.29099999999999998,0,0,0,0,3.7467647256533819e-16,-0.15831156991474771,0.90338659256855292
0.29149999999999998,0,0,0,0,3.3720882530880436e-16,-0.14980469020056975,0.90821726280409887
0.29199999999999998,0,0,0,0,3.0348794277792393e-16,-0.14178626892734003,0.91280639954000409
0.29249999999999998,0,0,0,0,2.7313914850013151e-16,-0.13422491428004835,0.91716607945024953
0.29299999999999998,0,0,0,0,2.4582523365011839e-16,-0.12709161213998477,0.92130777537518638
0.29349999999999998,0,0,0,0,2.2124271028510654e-16,-0.12035950705770659,0.92524238651321511
0.29399999999999998,0,0,0,0,1.991184392565959e-16,-0.11400370765139201,0.92898026710288018
0.29449999999999998,0,0,0,0,1.792065953309363e-16,-0.10463473754711339,0.93253125367085954
0.29499999999999998,0,0,0,0,1.6128593579784267e-16,-0.094010340050466712,0.9359046909175549
0.29549999999999998,0,0,0,0,1.4515734221805841e-16,-0.08455874784374795,0.93910945630840192
0.29599999999999999,0,0,0,0,1.3064160799625257e-16,-0.076135133288916967,0.94215398343561552
0.29649999999999999,0,0,0,0,1.1757744719662731e-16,-0.068615316370227997,0.94504628421184711
0.29699999999999999,0,0,0,0,1.058197024769646e-16,-0.061892327064683395,0.94779396995415977
0.29749999999999999,0,0,0,0,9.5237732229268136e-17,-0.055873625327500731,0.95040427141380457
0.29799999999999999,0,0,0,0,8.5713959006341319e-17,-0.05047883814732157,0.95288405780450813
0.29849999999999999,0,0,0,0,7.7142563105707188e-17,-0.045637905922719324,0.95523985487934582
0.29899999999999999,0,0,0,0,6.9428306795136459e-17,-0.041289554965745379,0.95747786210377184
0.29949999999999999,0,0,0,0,6.2485476115622815e-17,-0.037380031463329577,0.95960396896999733
0.29999999999999999,0,0,0,0,5.6236928504060534e-17,-0.033862046305367821,0.96162377049565062
0.30049999999999999,0,0,0,0,5.061323565365448e-17,-0.030693890960209136,0.96354258194750364
0.30099999999999999,0,0,0,0,4.5551912088289028e-17,-0.027838692873801252,0.96536545282901309
0.30149999999999999,0,0,0,0,4.0996720879460125e-17,-0.025263785296396279,0.96709718016848389
0.30199999999999999,0,0,0,0,3.6897048791514114e-17,-0.022940171449980618,0.9687423211428251
0.30249999999999999,0,0,0,0,3.3207343912362703e-17,-0.020842066875048193,0.97030520507011808
0.30299999999999999,0,0,0,0,2.9886609521126435e-17,-0.018946506887682402,0.9717899448025562
0.30349999999999999,0,0,0,0,2.6897948569013787e-17,-0.017233008526270632,0.97320044754973811
0.30399999999999999,0,0,0,0,2.4208153712112406e-17,-0.015683278315062221,0.97454042516079586
0.30449999999999999,0,0,0,0,2.1787338340901163e-17,-0.014280958728773108,0.975813403892417
0.30499999999999999,0,0,0,0,1.9608604506811047e-17,-0.015942686985676469,0.97409145419543375
0.30549999999999999,0,1,1,0,1.7647744056129942e-17,-0.019151159673445384,0.9708819421828635
0.30599999999999999,0,1,1,1,5.8139534971959653e-09,-0.025084399960508819,0.9649981020093481
0.30649999999999999,0,0,0,1,8.7209302369700749e-09,-0.03196860422433323,0.95820604897657546
0.307,0,0,0,0,7.8488372132730682e-09,-0.037483442125959443,0.95281935652306748
0.3075,0,0,0,0,7.0639534919457619e-09,-0.03879519637030282,0.94860993762447254
0.308,0,0,0,0,6.357558142751185e-09,-0.037676557655861087,0.9453891534767126
0.3085,0,0,0,0,5.721802328476067e-09,-0.036516602858697733,0.94300004510670787
0.309,0,0,0,0,5.1496220956284606e-09,-0.035332213169400384,0.94131129299271632
0.3095,0,0,0,0,4.6346598860656146e-09,-0.034136546016328428,0.94021248067384056
0.31,0,0,0,0,4.1711938974590529e-09,-0.032939874088468213,0.93961035118210079
0.3105,0,0,0,0,3.7540745077131472e-09,-0.028527708347383607,0.93942582572740552
0.311,0,0,0,0,3.378667056941833e-09,-0.022662222881907002,0.93959161223561505
0.3115,0,0,0,0,3.0408003512476495e-09,-0.017674903285364252,0.94005027374019268
0.312,0,0,0,0,2.7367203161228847e-09,-0.013430369807911346,0.94075265782132445
0.3125,0,0,0,0,2.4630482845105963e-09,-0.0098168731773446982,0.94165661143505264
0.313,0,0,0,0,2.2167434560595366e-09,-0.0067415778379908975,0.94272592279394063
0.3135,0,0,0,0,1.995069110453583e-09,-0.0041268967861700645,0.94392944501733311
0.314,0,0,0,0,1.7955621994082249e-09,-0.0019076220049633053,0.94524036618301244
0.3145,0,0,0,0,1.6160059794674024e-09,-2.8661665286144888e-05,0.94663559799009556
0.315,0,0,0,0,1.454405381520662e-09,0.0015567564285293711,0.94809526107224229
0.3155,0,0,0,0,1.3089648433685957e-09,0.0028885205834419114,0.94960224951088568
0.316,0,0,0,0,1.1780683590317363e-09,0.0040007898728510183,0.95114186060810479
0.3165,0,0,0,0,1.0602615231285627e-09,0.0049229284153964326,0.95270147872447297
0.317,0,0,0,0,9.5423537081570623e-10,0.0056802658289419883,0.95427030414599701
0.3175,0,0,0,0,8.5881183373413569e-10,0.0062947197803033816,0.95583911964979684
0.318,0,0,0,0,7.7293065036072213e-10,0.0067853085144501391,0.95740008879193061
0.31850000000000001,0,0,0,0,6.9563758532464997e-10,0.0071685751310279766,0.95894658102016617
0.31900000000000001,0,0,0,0,6.2607382679218499e-10,0.0074589406931294677,0.96047301957897158
0.31950000000000001,0,0,0,0,5.6346644411296646e-10,0.0076689996466916543,0.96197474886935952
0.32000000000000001,0,0,0,0,5.0711979970166991e-10,0.0078097682361577547,0.96344791848799061
0.32050000000000001,0,0,0,0,4.564078197315029e-10,0.0078908944283639926,0.964889381625752
0.32100000000000001,0,0,0,0,4.107670377583526e-10,0.0079208361565753505,0.96629660587748401
0.32150000000000001,0,0,0,0,3.6969033398251732e-10,0.010816911335413626,0.96766759481857023
0.32200000000000001,0,0,0,0,3.327213005842656e-10,0.015076178041143251,0.9690008189540873
0.32250000000000001,1,0,0,0,2.9944917052583903e-10,0.018570564248264088,0.97029515485266604
0.32300000000000001,1,0,0,0,2.695042534732551e-10,-0.18723038654079605,0.87106202874983918
0.32350000000000001,0,0,0,0,2.4255382812592958e-10,-0.38142804227014571,0.77690616088494302
0.32400000000000001,0,0,0,0,2.1829844531333665e-10,-0.3578661285876128,0.78795083517412356
0.32450000000000001,0,0,0,0,1.9646860078200299e-10,-0.33603459099014199,0.79845039753648017
0.32500000000000001,0,0,0,0,1.7682174070380268e-10,-0.31577223411250832,0.80843195047304339
0.32550000000000001,0,0,0,0,1.5913956663342242e-10,-0.29693719987921041,0.81792117603153358
0.32600000000000001,0,0,0,0,1.4322560997008017e-10,-0.2794040936093275,0.82694242502756754
0.32650000000000001,0,0,0,0,1.2890304897307215e-10,-0.26306161167335573,0.83551879828588538
0.32700000000000001,0,0,0,0,1.1601274407576493e-10,-0.24781057209308788,0.84367222090319638
0.32750000000000001,0,0,0,0,1.0441146966818844e-10,-0.23356227075646274,0.85142351038605379
0.32800000000000001,0,0,0,0,9.3970322701369587e-11,-0.22023710223505699,0.85879243939212324
0.32850000000000001,0,0,0,0,8.4573290431232632e-11,-0.20776339678334588,0.86579779369760868
0.32900000000000001,0,0,0,0,7.6115961388109362e-11,-0.1960764348768862,0.87245742592433895
0.32950000000000002,0,0,0,0,6.8504365249298435e-11,-0.18511760828490642,0.87878830548450826
0.33000000000000002,0,0,0,0,6.1653928724368597e-11,-0.17483370267339371,0.88480656513713951
0.33050000000000002,0,0,0,0,5.5488535851931732e-11,-0.16517628147422025,0.89052754449617855
0.33100000000000002,0,0,0,0,4.9939682266738555e-11,-0.1561011545185198,0.89596583078420133
0.33150000000000002,0,0,0,0,4.4945714040064704e-11,-0.14756791793447421,0.90113529708674434
0.33200000000000002,0,0,0,0,4.0451142636058231e-11,-0.13953955421607045,0.90604913832916267
0.33250000000000002,0,0,0,0,3.6406028372452412e-11,-0.13198208330720407,0.91071990516977697
0.33300000000000002,0,0,0,0,3.2765425535207172e-11,-0.12486425711286431,0.91515953597911082
0.33350000000000002,0,0,0,0,2.9488882981686455e-11,-0.11815729112226803,0.91937938705460753
0.33400000000000002,0,0,0,0,2.6539994683517806e-11,-0.11183462786723974,0.92339026120279222
0.33450000000000002,0,0,0,0,2.3885995215166026e-11,-0.10587172778952447,0.92720243480595532
0.33500000000000002,0,0,0,0,2.1497395693649423e-11,-0.10024588378987354,0.9308256834776848
0.33550000000000002,0,0,0,0,1.9347656124284482e-11,-0.09493605630873847,0.9342693064006371
0.33600000000000002,0,0,0,0,1.7412890511856034e-11,-0.089922726266388309,0.93754214943053082
0.33650000000000002,0,0,0,0,1.5671601460670431e-11,-0.081919497993272028,0.94065262704224084
0.33700000000000002,0,0,0,0,1.4104441314603387e-11,-0.072627161798463402,0.94360874318686105
0.33750000000000002,0,0,0,0,1.2693997183143048e-11,-0.064411952006497075,0.94641811112252505
0.33800000000000002,0,0,0,0,1.1424597464828743e-11,-0.057138471246379385,0.94908797227648378
0.33850000000000002,0,0,0,0,1.028213771834587e-11,-0.050690691524941989,0.95162521419131985
0.33900000000000002,0,0,0,0,9.2539239465112822e-12,-0.044968733476789646,0.95403638760412135
0.33950000000000002,0,0,0,0,8.3285315518601555e-12,-0.039886260671847862,0.95632772270387012
0.34000000000000002,0,0,0,0,7.4956783966741391e-12,-0.035368357728101318,0.95850514460913616
0.34050000000000002,0,0,0,0,6.7461105570067252e-12,-0.031349791557122697,0.96057428810535972
0.34100000000000003,0,0,0,0,6.071499501306053e-12,-0.027773577978232211,0.96254051167848886
0.34150000000000003,0,0,0,0,5.4643495511754479e-12,-0.02458979322992072,0.96440891087948222
0.34200000000000003,0,0,0,0,4.9179145960579034e-12,-0.021754583055310528,0.96618433105214852
0.34250000000000003,0,0,0,0,4.4261231364521127e-12,-0.019229332103342767,0.96787137945494139
0.34300000000000003,0,0,0,0,3.9835108228069014e-12,-0.016979964141589421,0.96947443680564094
0.34350000000000003,0,0,0,0,3.5851597405262115e-12,-0.01497634958688765,0.97099766827630341
0.34399999999999997,0,0,0,0,3.2266437664735905e-12,-0.0131918015454211,0.97244503396443427
0.34449999999999997,0,0,0,0,2.903979389826231e-12,-0.011602645226482355,0.97382029886502008
0.34499999999999997,0,0,0,0,2.6135814508436082e-12,-0.010187848487919537,0.9751270423668279
0.34549999999999997,0,0,0,0,2.3522233057592472e-12,-0.0089287035627843014,0.97636866729523564
0.34599999999999997,0,0,0,0,2.1170009751833224e-12,-0.0078085518400398124,0.97754840852278757
0.34649999999999997,0,0,0,0,1.9053008776649902e-12,-0.0068125450297663592,0.97866934116766224
0.34699999999999998,0,0,0,0,1.7147707898984912e-12,-0.0059274372137743114,0.97973438839929128
0.34749999999999998,0,0,0,0,1.5432937109086421e-12,-0.0051414032265929555,0.98074632886947655
0.34799999999999998,0,0,0,0,1.3889643398177779e-12,-0.0044438795765716632,0.98170780378650158
0.34849999999999998,0,0,0,0,1.2500679058360001e-12,-0.0038254247389887253,0.98262132364893506
0.34899999999999998,0,0,0,0,1.1250611152524002e-12,-0.0032775961613632498,0.98348927465505787
0.34949999999999998,0,0,0,0,1.0125550037271599e-12,-0.00279284173818517,0.98431392480312152
0.34999999999999998,0,0,0,0,9.1129950335444405e-13,-0.002364403855840802,0.98509742969695469
0.35049999999999998,0,0,0,0,8.2016955301899948e-13,-0.0019862343927443682,0.9858418380707753
0.35099999999999998,0,0,0,0,7.3815259771709957e-13,-0.0016529192958072425,0.9865490970464369
0.35149999999999998,0,0,0,0,6.6433733794538966e-13,-0.0013596115513511142,0.98722105713573827
0.35199999999999998,0,0,0,0,5.9790360415085064e-13,-0.0011019715335657265,0.98785947699985122
0.35249999999999998,0,0,0,0,5.3811324373576564e-13,-0.00087611385239139139,0.98846602797737448
0.35299999999999998,0,0,0,0,4.8430191936218904e-13,-0.00067855993990906249,0.98904229839199498
0.35349999999999998,0,0,0,0,4.3587172742597016e-13,-0.00050619571370136285,0.9895897976502398
0.35399999999999998,0,0,0,0,3.9228455468337311e-13,-0.00035623374025495202,0.99010996013931984
0.35449999999999998,0,0,0,0,3.5305609921503582e-13,-0.00022617939377678198,0.99060414893460991
0.35499999999999998,0,0,0,0,3.1775048929353226e-13,-0.00011380056782728243,0.99107365932586899
0.35549999999999998,0,0,0,0,2.8597544036417901e-13,-1.7100550579796092e-05,0.99151972217088713
0.35599999999999998,0,0,0,0,2.5737789632776111e-13,6.5706279337662821e-05,0.99194350708484202
0.35649999999999998,0,0,0,0,2.3164010669498502e-13,0.0001362162394495936,0.99234612547326606
0.35699999999999998,0,0,0,0,2.084760960254865e-13,0.00019585588071691085,0.99272863341615569
0.35749999999999998,0,0,0,0,1.8762848642293783e-13,0.00024589951336162486,0.99309203441040628
0.35799999999999998,0,0,0,0,1.6886563778064404e-13,0.00028748493252028773,0.99343728197741754
0.35849999999999999,0,0,0,0,1.5197907400257964e-13,0.00032162753170106306,0.99376528214239523
0.35899999999999999,0,0,0,0,1.3678116660232166e-13,0.00034923297150690757,0.99407689579156866
0.35949999999999999,0,0,0,0,1.231030499420895e-13,0.00037110855300048762,0.99437294091324879
0.35999999999999999,0,0,0,0,1.1079274494788055e-13,0.00038797342910523724,0.9946541947283738
0.36049999999999999,0,0,0,0,9.971347045309249e-14,0.00040046777328239802,0.99492139571592064
0.36099999999999999,0,0,0,0,8.9742123407783237e-14,0.00040916101216725842,0.99517524553830583
0.36149999999999999,0,0,0,0,8.0767911067004908e-14,0.00041455921769206761,0.99541641087165511
0.36199999999999999,0,0,0,0,7.2691119960304422e-14,0.00041711174429015507,0.99564552514558968
0.36249999999999999,0,0,0,0,6.5422007964273971e-14,0.00041721718792664397,0.99586319019695324
0.36299999999999999,0,0,0,0,5.8879807167846579e-14,0.00041522873580246422,0.99606997784169349
0.36349999999999999,0,0,0,0,5.2991826451061921e-14,0.00041145896852179398,0.99626643136890891
0.36399999999999999,0,0,0,0,4.7692643805955723e-14,0.0004061841702026614,0.9964530669608791
0.36449999999999999,0,0,0,0,4.2923379425360154e-14,0.00039964819636439941,0.99663037504271257
0.36499999999999999,0,0,0,0,3.8631041482824138e-14,0.00039206594436236308,0.9967988215650716
0.36549999999999999,0,0,0,0,3.4767937334541722e-14,0.00038362646660761168,0.99695884922326505
0.36599999999999999,0,0,0,0,3.129114360108755e-14,0.00037449576273973495,0.99711087861584247
0.36649999999999999,0,0,0,0,2.8162029240978797e-14,0.00036481928326803637,0.99725530934566886
0.36699999999999999,0,0,0,0,2.5345826316880914e-14,0.00035472417392090616,0.99739252106631737
0.36749999999999999,0,0,0,0,2.2811243685192825e-14,0.00034432128699346531,0.99752287447647592
0.36799999999999999,0,0,0,0,2.0530119316673543e-14,0.00033370698334111992,0.99764671226493606
0.36849999999999999,0,0,0,0,1.8477107385006188e-14,0.00032296474628423777,0.9977643600086038
0.36899999999999999,0,0,0,0,1.6629396646505571e-14,0.00031216662655253469,0.99787612702585615
0.3695,0,0,0,0,1.4966456981855012e-14,0.0003013745354716324,0.99798230718745029
0.37,0,0,0,0,1.3469811283669512e-14,0.00029064140186718657,0.99808317968708771
0.3705,0,0,0,0,1.2122830155302562e-14,0.00028001220660023307,0.99817900977362917
0.371,0,0,0,0,1.0910547139772307e-14,0.00026952490725273837,0.99827004944686171
0.3715,0,0,0,0,9.8194924257950756e-15,0.00025921126421746266,0.99835653811862335
0.372,0,0,0,0,8.8375431832155681e-15,0.00024909757831359514,0.99843870324100303
0.3725,0,0,0,0,7.9537888648940106e-15,0.00023920534903076884,0.99851676090324992
0.373,0,0,0,0,7.1584099784046096e-15,0.00022955186158202245,0.99859091639894348
0.3735,0,0,0,0,6.4425689805641494e-15,0.00022015071012337906,0.99866136476490208
0.374,0,0,0,0,5.7983120825077342e-15,0.00021101226375208615,0.99872829129323293
0.3745,0,0,0,0,5.2184808742569611e-15,0.00020214408122465333,0.99879187201785746
0.375,0,0,0,0,4.6966327868312643e-15,0.00019355127973808006,0.9988522741767818
0.3755,0,0,0,0,4.2269695081481382e-15,0.00018523686256954885,0.99890965665131604
0.376,0,0,0,0,3.8042725573333245e-15,0.00017720200988746715,0.99896417038339114
0.3765,0,0,0,0,3.4238453015999916e-15,0.00016944633660453956,0.99901595877206062
0.377,0,0,0,0,3.0814607714399923e-15,0.00016196812075031097,0.99906515805022389
0.3775,0,0,0,0,2.773314694295993e-15,0.00015476450548490561,0.99911189764255537
0.378,0,0,0,0,2.4959832248663936e-15,0.00014783167755660909,0.99915630050557491
0.3785,0,0,0,0,2.2463849023797543e-15,0.00014116502471761549,0.99919848345074824
0.379,0,0,0,0,2.0217464121417791e-15,0.00013475927435591117,0.99923855745146328
0.3795,0,0,0,0,1.8195717709276012e-15,0.00012860861536645452,0.99927662793468541
0.38,0,0,0,0,1.637614593834841e-15,0.00012270680507786569,0.99931279505805404
0.3805,0,0,0,0,1.4738531344513568e-15,0.00011704726286176914,0.99934715397314744
0.38100000000000001,0,0,0,0,1.3264678210062211e-15,0.00011162315188417704,0.99937979507560404
0.38150000000000001,0,0,0,0,1.193821038905599e-15,0.0001064274503058682,0.99941080424275597
0.38200000000000001,0,0,0,0,1.074438935015039e-15,0.00010145301310182653,0.99944026305939671
0.38250000000000001,0,0,0,0,9.669950415135352e-16,9.6692625550121036e-05,0.99946824903227605
0.38300000000000001,0,0,0,0,8.7029553736218174e-16,9.2139049326589451e-05,0.99949483579388243
0.38350000000000001,0,0,0,0,7.8326598362596349e-16,8.7785062045653284e-05,0.99952009329604874
0.38400000000000001,0,0,0,0,7.0493938526336721e-16,8.3623490998996353e-05,0.9995440879938885
0.38450000000000001,0,0,0,0,6.3444544673703051e-16,7.9647241762348386e-05,0.99956688302054453
0.38500000000000001,0,0,0,0,5.7100090206332747e-16,7.5849322269783137e-05,0.99958853835320916
0.38550000000000001,0,0,0,0,5.1390081185699472e-16,7.2222862893100981e-05,0.99960911097085114
0.38600000000000001,0,0,0,0,4.6251073067129525e-16,6.8761133002692709e-05,0.99962865500406362
0.38650000000000001,0,0,0,0,4.1625965760416573e-16,6.5457554436543219e-05,0.99964722187742527
0.38700000000000001,0,0,0,0,3.7463369184374909e-16,6.2305712258403645e-05,0.99966486044474978
0.38750000000000001,0,0,0,0,3.3717032265937421e-16,5.9299363143416883e-05,0.99968161711757764
0.38800000000000001,0,0,0,0,3.0345329039343676e-16,5.6432441692955138e-05,0.99969753598724842
0.38850000000000001,0,0,0,0,2.7310796135409309e-16,5.3699064946122199e-05,0.9997126589408728
0.38900000000000001,0,0,0,0,2.4579716521868377e-16,5.1093535328283757e-05,0.99972702577151051
0.38950000000000001,0,0,0,0,2.2121744869681541e-16,4.8610342246124816e-05,0.99974067428284252
0.39000000000000001,0,0,0,0,1.9909570382713386e-16,4.624416251830521e-05,0.99975364038861225
0.39050000000000001,0,0,0,0,1.7918613344442047e-16,4.3989859808468701e-05,0.99976595820709813
0.39100000000000001,0,0,0,0,1.6126752009997842e-16,4.1842483206822045e-05,0.99977766015086444
0.39150000000000001,0,0,0,0,1.4514076808998058e-16,3.9797265091956469e-05,0.99978877701202729
0.39200000000000002,0,0,0,0,1.3062669128098253e-16,3.7849618386598394e-05,0.99979933804325871
0.39250000000000002,0,0,0,0,1.1756402215288429e-16,3.5995133309763006e-05,0.99980937103474299
0.39300000000000002,0,0,0,0,1.0580761993759585e-16,3.4229573713684402e-05,0.99981890238728643
0.39350000000000002,0,0,0,0,9.5226857943836264e-17,3.2548873084348173e-05,0.99982795718177297
0.39400000000000002,0,0,0,0,8.570417214945264e-17,3.0949130274349201e-05,0.99983655924514869
0.39450000000000002,0,0,0,0,7.7133754934507372e-17,2.9426605028137764e-05,0.99984473121310802
0.39500000000000002,0,0,0,0,6.9420379441056631e-17,2.797771335183441e-05,0.99985249458964665
0.39550000000000002,0,0,0,0,6.2478341496950968e-17,2.6599022773243775e-05,0.99985986980363806
0.39600000000000002,0,0,0,0,5.6230507347255869e-17,2.5287247532479462e-05,0.99986687626258186
0.39650000000000002,0,0,0,0,5.060745661253028e-17,2.4039243735618498e-05,0.99987353240366517
0.39700000000000002,0,0,0,0,4.5546710951277249e-17,2.2852004503137735e-05,0.99987985574227256
0.39750000000000002,0,0,0,0,4.0992039856149523e-17,2.1722655135669733e-05,0.99988586291807002
0.39800000000000002,0,0,0,0,3.6892835870534573e-17,2.0648448320836899e-05,0.99989156973878612
0.39850000000000002,0,0,0,0,3.3203552283481117e-17,1.962675939792824e-05,0.99989699122180409
0.39900000000000002,0,0,0,0,2.9883197055133006e-17,1.8655081696294928e-05,0.99990214163367519
0.39950000000000002,0,0,0,0,2.6894877349619702e-17,1.7731021959122018e-05,0.99990703452765628
0.40000000000000002,0,0,0,0,2.4205389614657734e-17,1.6852295865121825e-05,0.9999116827793717
0.40050000000000002,0,0,0,0,2.1784850653191964e-17,1.6016723653144993e-05,0.99991609862069131
0.40100000000000002,0,0,0,0,1.9606365587872768e-17,1.5222225860145322e-05,0.99992029367191593
0.40150000000000002,0,0,0,0,1.7645729029085491e-17,1.4466819174718815e-05,0.99992427897235325
0.40200000000000002,0,0,0,0,1.5881156126176941e-17,1.3748612411546013e-05,0.99992806500936537
0.40250000000000002,0,0,0,0,1.4293040513559248e-17,1.3065802608624999e-05,0.99993166174596382
0.40300000000000002,0,0,0,0,1.2863736462203325e-17,1.2416671249626532e-05,0.99993507864702558
0.40350000000000003,0,0,0,0,1.1577362815982991e-17,1.1799580611815408e-05,0.99993832470419819
0.40400000000000003,0,0,0,0,1.0419626534384692e-17,1.1212970239427023e-05,0.9999414084595597
0.40450000000000003,0,0,0,0,9.3776638809462227e-18,1.0655353542055046e-05,0.9999443380280959
0.40500000000000003,0,0,0,0,8.4398974928516011e-18,1.0125314517162032e-05,0.99994712111905382
0.40550000000000003,0,0,0,0,7.595907743566442e-18,9.621504594603536e-06,0.99994976505622757
0.40600000000000003,0,0,0,0,6.8363169692097972e-18,9.1426396017224576e-06,0.99995227679722998
0.40649999999999997,0,0,0,0,6.1526852722888176e-18,8.6874968466821301e-06,0.9999546629518008
0.40699999999999997,0,0,0,0,5.5374167450599352e-18,8.2549123170405636e-06,0.99995692979919981
0.40749999999999997,0,0,0,0,4.9836750705539419e-18,7.8437779912343686e-06,0.99995908330472993
0.40799999999999997,0,0,0,0,4.4853075634985479e-18,7.4530392601968032e-06,0.99996112913543456
0.40849999999999997,0,0,0,0,4.0367768071486933e-18,7.0816924552241645e-06,0.99996307267500983
0.40899999999999997,0,0,0,0,3.6330991264338234e-18,6.7287824800921214e-06,0.99996491903797158
0.40949999999999998,0,0,0,0,3.2697892137904413e-18,6.3934005436472319e-06,0.99996667308311404
0.40999999999999998,0,0,0,0,2.942810292411397e-18,6.0746819892099069e-06,0.99996833942629526
0.41049999999999998,0,0,0,0,2.6485292631702572e-18,5.7718042186793994e-06,0.99996992245258376
0.41099999999999998,0,0,0,0,2.3836763368532316e-18,5.4839847066778802e-06,0.99997142632779745
0.41149999999999998,0,0,0,0,2.1453087031679084e-18,5.2104791028462216e-06,0.9999728550094662
0.41199999999999998,0,0,0,0,1.9307778328511179e-18,4.9505794181836649e-06,0.99997421225724559
0.41249999999999998,0,0,0,0,1.7377000495660058e-18,4.7036122925447899e-06,0.99997550164281079
0.41299999999999998,0,0,0,0,1.5639300446094053e-18,4.468937340185164e-06,0.99997672655925496
0.41349999999999998,0,0,0,0,1.4075370401484647e-18,4.2459455705801119e-06,0.99997789023001848
0.41399999999999998,0,0,0,0,1.2667833361336183e-18,4.0340578808528704e-06,0.99997899571737114
0.41449999999999998,0,0,0,0,1.1401050025202566e-18,3.8327236177027046e-06,0.99998004593047085
0.41499999999999998,0,0,0,0,1.0260945022682309e-18,3.6414192055023165e-06,0.99998104363301876
0.41549999999999998,0,0,0,0,9.2348505204140789e-19,3.4596468376779654e-06,0.99998199145053213
0.41599999999999998,0,0,0,0,8.3113654683726708e-19,3.2869332297069676e-06,0.99998289187725342
0.41649999999999998,0,0,0,0,7.480228921535404e-19,3.1228284291806574e-06,0.99998374728271378
0.41699999999999998,0,0,0,0,6.7322060293818644e-19,2.9669046830438361e-06,0.99998455991796886
0.41749999999999998,0,0,0,0,6.0589854264436776e-19,2.8187553570147017e-06,0.99998533192152206
0.41799999999999998,0,0,0,0,5.453086883799309e-19,2.6779939068521941e-06,0.99998606532495249
0.41849999999999998,0,0,0,0,4.9077781954193786e-19,2.5442528976959977e-06,0.99998676205826076
0.41899999999999998,0,0,0,0,4.4170003758774411e-19,2.4171830705910224e-06,0.999987423954948
0.41949999999999998,0,0,0,0,3.9753003382896972e-19,2.296452453309783e-06,0.99998805275684088
0.41999999999999998,0,0,0,0,3.5777703044607272e-19,2.1817455134742758e-06,0.9999886501186751
0.42049999999999998,0,0,0,0,3.2199932740146545e-19,2.072762352423041e-06,0.99998921761244997
0.42099999999999999,0,0,0,0,2.8979939466131889e-19,1.9692179381580743e-06,0.9999897567315652
0.42149999999999999,0,0,0,0,2.6081945519518696e-19,1.8708413743739882e-06,0.99999026889475096
0.42199999999999999,0,0,0,0,2.3473750967566826e-19,1.7773752055694203e-06,0.99999075544980098
0.42249999999999999,0,0,0,0,2.1126375870810143e-19,1.6885747552430885e-06,0.99999121767711974
0.42299999999999999,0,0,0,0,1.9013738283729128e-19,1.6042074965083586e-06,0.99999165679309165
0.42349999999999999,0,0,0,0,1.7112364455356216e-19,1.5240524527948551e-06,0.99999207395328216
0.42399999999999999,0,0,0,0,1.5401128009820594e-19,1.4478996283040502e-06,0.99999247025547866
0.42449999999999999,0,0,0,0,1.3861015208838534e-19,1.3755494652212263e-06,0.99999284674257927
0.42499999999999999,0,0,0,0,1.2474913687954679e-19,1.3068123285719935e-06,0.99999320440533745
0.42549999999999999,0,0,0,0,1.1227422319159212e-19,1.2415080150596225e-06,0.999993544184969
0.42599999999999999,0,0,0,0,1.010468008724329e-19,1.1794652869934197e-06,0.99999386697562909
0.42649999999999999,0,0,0,0,9.0942120785189612e-20,1.1205214280884945e-06,0.99999417362676535
0.42699999999999999,0,0,0,0,8.1847908706670649e-20,1.0645218215810104e-06,0.99999446494535305
0.42749999999999999,0,0,0,0,7.3663117836003586e-20,1.011319548882561e-06,0.99999474169801872
0.42799999999999999,0,0,0,0,6.6296806052403223e-20,9.6077500799651716e-07,0.99999500461305779
0.42849999999999999,0,0,0,0,5.9667125447162896e-20,9.1275555058611957e-07,0.99999525438235093
0.42899999999999999,0,0,0,0,5.370041290244661e-20,8.6713513669511855e-07,0.9999954916631848
0.42949999999999999,0,0,0,0,4.8330371612201944e-20,8.2379400712095929e-07,0.99999571707998181
0.42999999999999999,0,0,0,0,4.3497334450981752e-20,7.8261837133108969e-07,0.99999593122594332
0.43049999999999999,0,0,0,0,3.9147601005883577e-20,7.4350011081136813e-07,0.99999613466461068
0.43099999999999999,0,0,0,0,3.5232840905295215e-20,7.0633649762452677e-07,0.99999632793134829
0.43149999999999999,0,0,0,0,3.1709556814765697e-20,6.7102992584722188e-07,0.99999651153475222
0.432,0,0,0,0,2.8538601133289131e-20,6.3748765732896118e-07,0.99999668595798874
0.4325,0,0,0,0,2.5684741019960221e-20,6.0562157944143991e-07,0.99999685166006602
0.433,0,0,0,0,2.3116266917964197e-20,5.7534797504033008e-07,0.99999700907704181
0.4335,0,0,0,0,2.0804640226167779e-20,5.4658730330725547e-07,0.99999715862317085
0.434,0,0,0,0,1.8724176203551001e-20,5.1926399247115285e-07,0.99999730069199533
0.4345,0,0,0,0,1.68517585831959e-20,4.9330624174448445e-07,0.99999743565738031
0.435,0,0,0,0,1.5166582724876309e-20,4.686458336955468e-07,0.99999756387449756
0.4355,0,0,0,0,1.364992445238868e-20,4.4521795561358601e-07,0.99999768568076031
0.436,0,0,0,0,1.228493200714981e-20,4.2296103008876429e-07,0.99999780139671113
0.4365,0,0,0,0,1.1056438806434828e-20,4.0181655358573209e-07,0.99999791132686555
0.437,0,0,0,0,9.9507949257913464e-21,3.8172894345489539e-07,0.99999801576051328
0.4375,0,0,0,0,8.9557154332122119e-21,3.6264539204911017e-07,0.99999811497247948
0.438,0,0,0,0,8.0601438898909913e-21,3.4451572861193824e-07,0.99999820922384819
0.4385,0,0,0,0,7.254129500901892e-21,3.2729228782724107e-07,0.99999829876264923
0.439,0,0,0,0,6.5287165508117031e-21,3.109297844750003e-07,0.99999838382451089
0.4395,0,0,0,0,5.8758448957305327e-21,2.9538519519256567e-07,0.99999846463328002
0.44,0,0,0,0,5.2882604061574798e-21,2.8061764545395107e-07,0.99999854140161126
0.4405,0,0,0,0,4.7594343655417312e-21,2.6658830210024576e-07,0.99999861433152637
0.441,0,0,0,0,4.2834909289875587e-21,2.5326027197625223e-07,0.99999868361494615
0.4415,0,0,0,0,3.8551418360888028e-21,2.4059850489699386e-07,0.99999874943419531
0.442,0,0,0,0,3.4696276524799225e-21,2.2856970149920386e-07,0.99999881196248241
0.4425,0,0,0,0,3.1226648872319303e-21,2.1714222619984014e-07,0.9999988713643555
0.443,0,0,0,0,2.8103983985087372e-21,2.0628602359629156e-07,0.9999989277961352
0.44350000000000001,0,0,0,0,2.5293585586578635e-21,1.9597254030667699e-07,0.99999898140632615
0.44400000000000001,0,0,0,0,2.2764227027920772e-21,1.8617464936365735e-07,0.99999903233600773
0.44450000000000001,0,0,0,0,2.0487804325128694e-21,1.7686657938220662e-07,0.99999908071920551
0.44500000000000001,0,0,0,0,1.8439023892615824e-21,1.6802384661396275e-07,0.99999912668324353
0.44550000000000001,0,0,0,0,1.6595121503354241e-21,1.596231908873591e-07,0.99999917034907981
0.44600000000000001,0,0,0,0,1.4935609353018818e-21,1.5164251421229125e-07,0.99999921183162443
0.44650000000000001,0,0,0,0,1.3442048417716936e-21,1.4406082315954194e-07,0.99999925124004196
0.44700000000000001,0,0,0,0,1.2097843575945243e-21,1.3685817323860761e-07,0.99999928867803878
0.44750000000000001,0,0,0,0,1.0888059218350718e-21,1.3001561660619387e-07,0.99999932424413585
0.44800000000000001,0,0,0,0,9.7992532965156463e-22,1.2351515266129098e-07,0.99999935803192819
0.44850000000000001,0,0,0,0,8.8193279668640815e-22,1.1733968019456142e-07,0.99999939013033101
0.44900000000000001,0,0,0,0,7.9373951701776743e-22,1.1147295286839665e-07,0.99999942062381375
0.44950000000000001,0,0,0,0,7.1436556531599071e-22,1.0589953625128601e-07,0.99999944959262244
0.45000000000000001,0,0,0,0,6.4292900878439166e-22,1.0060476729467638e-07,0.99999947711299075
0.45050000000000001,0,0,0,0,5.7863610790595246e-22,9.5574716030277784e-08,0.99999950325734066
0.45100000000000001,0,0,0,0,5.2077249711535719e-22,9.0796148599636695e-08,0.99999952809447312
0.45150000000000001,0,0,0,0,4.6869524740382154e-22,8.6256492726199951e-08,0.99999955168974908
0.45200000000000001,0,0,0,0,4.2182572266343935e-22,8.1943804519646335e-08,0.9999995741052613
0.45250000000000001,0,0,0,0,3.7964315039709539e-22,7.7846737056574966e-08,0.99999959539999794
0.45300000000000001,0,0,0,0,3.4167883535738586e-22,7.3954510626528247e-08,0.99999961562999773
0.45350000000000001,0,0,0,0,3.075109518216473e-22,7.0256884532327035e-08,0.99999963484849752
0.45400000000000001,0,0,0,0,2.7675985663948257e-22,6.6744129778584238e-08,0.99999965310607242
0.45450000000000002,0,0,0,0,2.4908387097553432e-22,6.3407003758619851e-08,0.99999967045076854
0.45500000000000002,0,0,0,0,2.2417548387798088e-22,6.0236726051599021e-08,0.99999968692822994
0.45550000000000002,0,0,0,0,2.017579354901828e-22,5.7224954996826227e-08,0.99999970258181825
0.45600000000000002,0,0,0,0,1.8158214194116451e-22,5.4363765933373998e-08,0.9999997174527272
0.45650000000000002,0,0,0,0,1.6342392774704806e-22,5.1645630438912349e-08,0.9999997315800907
0.45700000000000002,0,0,0,0,1.4708153497234326e-22,4.9063396456716646e-08,0.99999974500108602
0.45750000000000002,0,0,0,0,1.3237338147510893e-22,4.6610269421876183e-08,0.99999975775103156
0.45800000000000002,0,0,0,0,1.1913604332759803e-22,4.4279794386703486e-08,0.99999976986347983
0.45850000000000002,0,0,0,0,1.0722243899483822e-22,4.2065839367388946e-08,0.99999978137030576
0.45900000000000002,0,0,0,0,9.6500195095354411e-23,3.9962578579633146e-08,0.99999979230179037
0.45950000000000002,0,0,0,0,8.6850175585818975e-23,3.796447767268063e-08,0.99999980268670075
0.46000000000000002,0,0,0,0,7.8165158027237072e-23,3.6066279074375984e-08,0.9999998125523657
0.46050000000000002,0,0,0,0,7.0348642224513361e-23,3.426298789133142e-08,0.99999982192474735
0.46100000000000002,0,0,0,0,6.3313778002062024e-23,3.254985903033969e-08,0.99999983082850996
0.46150000000000002,0,0,0,0,5.698240020185582e-23,3.0922384430809302e-08,0.99999983928708436
0.46200000000000002,0,0,0,0,5.1284160181670238e-23,2.9376281740489674e-08,0.99999984732273006
0.46250000000000002,0,0,0,0,4.6155744163503212e-23,2.7907482547107065e-08,0.99999985495659349
0.46300000000000002,0,0,0,0,4.1540169747152886e-23,2.651212183124585e-08,0.9999998622087638
0.46350000000000002,0,0,0,0,3.7386152772437599e-23,2.5186527863318986e-08,0.99999986909832561
0.46400000000000002,0,0,0,0,3.3647537495193837e-23,2.3927212322583102e-08,0.99999987564340931
0.46450000000000002,0,0,0,0,3.028278374567446e-23,2.2730861415354298e-08,0.99999988186123878
0.46500000000000002,0,0,0,0,2.7254505371107017e-23,2.1594327215268549e-08,0.99999988776817683
0.46550000000000002,0,0,0,0,2.4529054833996311e-23,2.0514618781497518e-08,0.99999989337976802
0.46600000000000003,0,0,0,0,2.207614935059668e-23,1.9488895053321187e-08,0.99999989871077966
0.46650000000000003,0,0,0,0,1.9868534415537012e-23,1.8514456634477483e-08,0.99999990377524062
0.46700000000000003,0,0,0,0,1.788168097398331e-23,1.7588739575913337e-08,0.99999990858647858
0.46750000000000003,0,0,0,0,1.609351287658498e-23,1.6709307826268116e-08,0.99999991315715464
0.46800000000000003,0,0,0,0,1.4484161588926481e-23,1.5873847125646989e-08,0.99999991749929695
0.46850000000000003,0,0,0,0,1.3035745430033834e-23,1.5080158899394291e-08,0.99999992162433204
0.46899999999999997,0,0,0,0,1.173217088703045e-23,1.4326154818000703e-08,0.99999992554311545
0.46949999999999997,0,0,0,0,1.0558953798327405e-23,1.3609850468832008e-08,0.99999992926595971
0.46999999999999997,0,0,0,0,9.5030584184946656e-24,1.2929361026259301e-08,0.99999993280266175
0.47049999999999997,0,0,0,0,8.5527525766451991e-24,1.2282895811566164e-08,0.99999993616252869
0.47099999999999997,0,0,0,0,7.6974773189806787e-24,1.1668753518989661e-08,0.99999993935440223
0.47149999999999997,0,0,0,0,6.9277295870826109e-24,1.1085318107895148e-08,0.99999994238668211
0.47199999999999998,0,0,0,0,6.2349566283743487e-24,1.0531054250861871e-08,0.99999994526734803
0.47249999999999998,0,0,0,0,5.6114609655369139e-24,1.0004503336880077e-08,0.99999994800398062
0.47299999999999998,0,0,0,0,5.0503148689832227e-24,9.5042798076150348e-09,0.99999995060378155
0.47349999999999998,0,0,0,0,4.5452833820849005e-24,9.0290672716264453e-09,0.99999995307359246
0.47399999999999998,0,0,0,0,4.0907550438764107e-24,8.5776151736993711e-09,0.99999995541991282
0.47449999999999998,0,0,0,0,3.6816795394887689e-24,8.1487355751974633e-09,0.99999995764891714
0.47499999999999998,0,0,0,0,3.3135115855398924e-24,7.7412998233938879e-09,0.99999995976647127
0.47549999999999998,0,0,0,0,2.9821604269859032e-24,7.3542358869360669e-09,0.99999996177814776
0.47599999999999998,0,0,0,0,2.6839443842873128e-24,6.9865249141543018e-09,0.99999996368924038
0.47649999999999998,0,0,0,0,2.4155499458585815e-24,6.6371994567049342e-09,0.99999996550477832
0.47699999999999998,0,0,0,0,2.1739949512727231e-24,6.3053402499235744e-09,0.99999996722953943
0.47749999999999998,0,0,0,0,1.9565954561454508e-24,5.9900737703344475e-09,0.99999996886806242
0.47799999999999998,0,0,0,0,1.760935910530906e-24,5.690570570315856e-09,0.99999997042465927
0.47849999999999998,0,0,0,0,1.5848423194778153e-24,5.4060425025426184e-09,0.99999997190342627
0.47899999999999998,0,0,0,0,1.4263580875300339e-24,5.1357408326069276e-09,0.99999997330825496
0.47949999999999998,0,0,0,0,1.2837222787770305e-24,4.8789541295946037e-09,0.99999997464284218
0.47999999999999998,0,0,0,0,1.1553500508993275e-24,4.6350068227951624e-09,0.99999997591070011
0.48049999999999998,0,0,0,0,1.0398150458093947e-24,4.4032567592111604e-09,0.99999997711516508
0.48099999999999998,0,0,0,0,9.3583354122845517e-25,4.1830942043574737e-09,0.99999997825940679
0.48149999999999998,0,0,0,0,8.422501871056098e-25,3.9739398438598528e-09,0.99999997934643647
0.48199999999999998,0,0,0,0,7.5802516839504878e-25,3.775243118120386e-09,0.99999998037911464
0.48249999999999998,0,0,0,0,6.8222265155554395e-25,3.5864811120944751e-09,0.99999998136015888
0.48299999999999998,0,0,0,0,6.1400038639998958e-25,3.407157223023205e-09,0.99999998229215092
0.48349999999999999,0,0,0,0,5.5260034775999068e-25,3.2367994950988077e-09,0.99999998317754335
0.48399999999999999,0,0,0,0,4.9734031298399158e-25,3.074959731286242e-09,0.99999998401866619
0.48449999999999999,0,0,0,0,4.4760628168559239e-25,2.9212119390109592e-09,0.99999998481773289
0.48499999999999999,0,0,0,0,4.0284565351703313e-25,2.7751514419804835e-09,0.99999998557684622
0.48549999999999999,0,0,0,0,3.6256108816532978e-25,2.636393992005992e-09,0.99999998629800391
0.48599999999999999,0,0,0,0,3.2630497934879683e-25,2.5045743257123831e-09,0.99999998698310366
0.48649999999999999,0,0,0,0,2.9367448141391718e-25,2.3793457204490664e-09,0.99999998763394848
0.48699999999999999,0,0,0,0,2.6430703327252547e-25,2.2603785510000307e-09,0.99999998825225112
0.48749999999999999,0,0,0,0,2.3787632994527291e-25,2.1473597344723316e-09,0.99999998883963859
0.48799999999999999,0,0,0,0,2.1408869695074561e-25,2.0399918421176721e-09,0.99999998939765666
0.48849999999999999,0,0,0,0,1.9267982725567108e-25,1.9379923221762851e-09,0.99999998992777384
0.48899999999999999,0,0,0,0,1.7341184453010396e-25,1.8410927227208163e-09,0.9999999904313851
0.48949999999999999,0,0,0,0,1.5607066007709355e-25,1.7490381365448116e-09,0.99999999090981584
0.48999999999999999,0,0,0,0,1.4046359406938419e-25,1.6615863129842978e-09,0.99999999136432505
0.49049999999999999,0,0,0,0,1.2641723466244576e-25,1.5785069917839678e-09,0.99999999179610877
0.49099999999999999,0,0,0,0,1.137755111962012e-25,1.4995816810525753e-09,0.99999999220630331
0.49149999999999999,0,0,0,0,1.0239796007658108e-25,1.4246026580622129e-09,0.99999999259598815
0.49199999999999999,0,0,0,0,9.2158164068922969e-26,1.3533726361814047e-09,0.9999999929661888
0.49249999999999999,0,0,0,0,8.2942347662030673e-26,1.2857039877189891e-09,0.99999999331787937
0.49299999999999999,0,0,0,0,7.4648112895827608e-26,1.2214188549464211e-09,0.99999999365198544
0.49349999999999999,0,0,0,0,6.7183301606244852e-26,1.1603479288524454e-09,0.99999999396938621
0.49399999999999999,0,0,0,0,6.0464971445620366e-26,1.1023305601653988e-09,0.9999999942709169
0.4945,0,0,0,0,5.4418474301058341e-26,1.0472140932193952e-09,0.9999999945573711
0.495,0,0,0,0,4.8976626870952508e-26,9.9485342186511616e-10,0.99999999482950253
0.4955,0,0,0,0,4.4078964183857253e-26,9.4511076742520572e-10,0.99999999508802739
0.496,0,0,0,0,3.967106776547153e-26,8.9785523460506056e-10,0.99999999533362605
0.4965,0,0,0,0,3.5703960988924381e-26,8.5296247842592265e-10,0.99999999556694474
0.497,0,0,0,0,3.2133564890031942e-26,8.1031437115797189e-10,0.99999999578859755
0.4975,0,0,0,0,2.8920208401028747e-26,7.6979866925341867e-10,0.99999999599916767
0.498,0,0,0,0,2.6028187560925873e-26,7.3130879130189896e-10,0.99999999619920932
0.4985,0,0,0,0,2.3425368804833283e-26,6.9474337394126451e-10,0.99999999638924886
0.499,0,0,0,0,2.1082831924349956e-26,6.6000627185758276e-10,0.99999999656978644
0.4995,0,0,0,0,1.8974548731914959e-26,6.2700600267362461e-10,0.99999999674129714
0.5,0,0,0,0,1.7077093858723466e-26,5.956556359265619e-10,0.99999999690423225
0.50049999999999994,0,0,0,0,1.5369384472851117e-26,5.6587290409026991e-10,0.99999999705902065
0.501,0,0,0,0,1.3832446025566006e-26,5.3757920337460519e-10,0.99999999720606958
0.50149999999999995,0,0,0,0,1.2449201423009404e-26,5.1070014883691783e-10,0.99999999734576606
0.502,0,0,0,0,1.1204281280708463e-26,4.851651302928417e-10,0.99999999747847779
0.50249999999999995,0,0,0,0,1.0083853152637616e-26,4.6090686822708449e-10,0.99999999760455394
0.503,0,0,0,0,9.0754678373738558e-27,4.3786152481573026e-10,0.99999999772432624
0.50349999999999995,0,0,0,0,8.1679210536364703e-27,4.1596837085933203e-10,0.99999999783810989
0.504,0,0,0,0,7.3511289482728229e-27,3.9517000782751666e-10,0.99999999794620442
0.50449999999999995,0,0,0,0,6.6160160534455401e-27,3.7541147968056521e-10,0.99999999804889417
0.505,0,0,0,0,5.9544144481009863e-27,3.5664093900322769e-10,0.99999999814644946
0.50549999999999995,0,0,0,0,5.3589730032908876e-27,3.3880886984860581e-10,0.999999998239127
0.50600000000000001,0,0,0,0,4.8230757029617986e-27,3.218684208050604e-10,0.99999999832717068
0.50649999999999995,0,0,0,0,4.3407681326656187e-27,3.0577496090700151e-10,0.99999999841081211
0.50700000000000001,0,0,0,0,3.9066913193990566e-27,2.9048630167949341e-10,0.99999999849027155
0.50749999999999995,0,0,0,0,3.516022187459151e-27,2.7596191998213726e-10,0.99999999856575794
0.50800000000000001,0,0,0,0,3.1644199687132355e-27,2.6216384618749089e-10,0.99999999863747002
0.50849999999999995,0,0,0,0,2.8479779718419118e-27,2.4905566498034659e-10,0.99999999870559653
0.50900000000000001,0,0,0,0,2.563180174657721e-27,2.3660295944694099e-10,0.99999999877031676
0.50949999999999995,0,0,0,0,2.3068621571919486e-27,2.2477275596344271e-10,0.99999999883180091
0.51000000000000001,0,0,0,0,2.0761759414727539e-27,2.1353407930746471e-10,0.99999999889021085
0.51049999999999995,0,0,0,0,1.8685583473254786e-27,2.0285739754655197e-10,0.99999999894570035
0.51100000000000001,0,0,0,0,1.6817025125929309e-27,1.92714511015879e-10,0.9999999989984153
0.51149999999999995,0,0,0,0,1.5135322613336378e-27,1.830787743628548e-10,0.99999999904849457
0.51200000000000001,0,0,0,0,1.362179035200274e-27,1.7392487450251792e-10,0.99999999909606985
0.51249999999999996,0,0,0,0,1.2259611316802466e-27,1.6522860857293153e-10,0.99999999914126636
0.51300000000000001,0,0,0,0,1.1033650185122219e-27,1.5696710597978836e-10,0.99999999918420301
0.51349999999999996,0,0,0,0,9.930285166609997e-28,1.491187173741082e-10,0.99999999922499283
0.51400000000000001,0,0,0,0,8.9372566499489962e-28,1.4166279260763304e-10,0.99999999926374317
0.51449999999999996,0,0,0,0,8.0435309849540973e-28,1.34579680732827e-10,0.99999999930055605
0.51500000000000001,0,0,0,0,7.2391778864586875e-28,1.2785073000287639e-10,0.9999999993355283
0.51549999999999996,0,0,0,0,6.5152600978128189e-28,1.214581768493872e-10,0.99999999936875184
0.51600000000000001,0,0,0,0,5.863734088031537e-28,1.1538525690468759e-10,0.99999999940031425
0.51649999999999996,0,0,0,0,5.2773606792283834e-28,1.0961598295722297e-10,0.99999999943029849
0.51700000000000002,0,0,0,0,4.7496246113055446e-28,1.0413525597385842e-10,0.99999999945878359
0.51749999999999996,0,0,0,0,4.2746621501749901e-28,9.8928421010668899e-11,0.99999999948584439
0.51800000000000002,0,0,0,0,3.8471959351574911e-28,9.3981933346753976e-11,0.99999999951155216
0.51849999999999996,0,0,0,0,3.4624763416417422e-28,8.9282803372725539e-11,0.99999999953597452
0.51900000000000002,0,0,0,0,3.1162287074775678e-28,8.4818707613010247e-11,0.99999999955917585
0.51949999999999996,0,0,0,0,2.8046058367298108e-28,8.0577766681244611e-11,0.9999999995812171
0.52000000000000002,0,0,0,0,2.5241452530568302e-28,7.6548878347182381e-11,0.99999999960215624
0.52049999999999996,0,0,0,0,2.271730727751147e-28,7.2721495492089616e-11,0.99999999962204844
0.52100000000000002,0,0,0,0,2.0445576549760326e-28,6.9085404064139766e-11,0.99999999964094599
0.52149999999999996,0,0,0,0,1.8401018894784293e-28,6.5631167167623516e-11,0.99999999965889874
0.52200000000000002,0,0,0,0,1.6560917005305862e-28,6.2349569951436479e-11,0.99999999967595377
0.52249999999999996,0,0,0,0,1.4904825304775275e-28,5.9232063698289039e-11,0.99999999969215603
0.52300000000000002,0,0,0,0,1.3414342774297747e-28,5.6270543780101434e-11,0.99999999970754827
0.52349999999999997,0,0,0,0,1.2072908496867972e-28,5.3457016591096362e-11,0.99999999972217091
0.52400000000000002,0,0,0,0,1.0865617647181177e-28,5.0784154659311298e-11,0.99999999973606235
0.52449999999999997,0,0,0,0,9.7790558824630597e-29,4.8244963579691102e-11,0.99999999974925924
0.52500000000000002,0,0,0,0,8.8011502942167536e-29,4.5832782014088025e-11,0.99999999976179632
0.52549999999999997,0,0,0,0,7.9210352647950778e-29,4.3541059646656777e-11,0.99999999977370646
0.52600000000000002,0,0,0,0,7.1289317383155704e-29,4.1364023317669307e-11,0.99999999978502119
0.52649999999999997,0,0,0,0,6.4160385644840135e-29,3.9295788845095103e-11,0.99999999979577014
0.52700000000000002,0,0,0,0,5.7744347080356118e-29,3.7331027158415964e-11,0.99999999980598164
0.52749999999999997,0,0,0,0,5.1969912372320506e-29,3.5464409187113688e-11,0.99999999981568255
0.52800000000000002,0,0,0,0,4.6772921135088455e-29,3.3691160972182388e-11,0.9999999998248984
0.52849999999999997,0,0,0,0,4.2095629021579612e-29,3.2006619576918638e-11,0.99999999983365351
0.52900000000000003,0,0,0,0,3.7886066119421652e-29,3.0406344109223937e-11,0.99999999984197085
0.52949999999999997,0,0,0,0,3.4097459507479486e-29,2.8886004699302248e-11,0.99999999984987231
0.53000000000000003,0,0,0,0,3.0687713556731534e-29,2.7441715566567382e-11,0.99999999985737875
0.53049999999999997,0,0,0,0,2.7618942201058381e-29,2.6069590930433151e-11,0.99999999986450983
0.53100000000000003,0,0,0,0,2.485704798095254e-29,2.4766078077220754e-11,0.9999999998712843
0.53149999999999997,0,0,0,0,2.2371343182857284e-29,2.3527735315553855e-11,0.99999999987772004
0.53200000000000003,0,0,0,0,2.0134208864571558e-29,2.2351342998661039e-11,0.99999999988383403
0.53249999999999997,0,0,0,0,1.8120787978114402e-29,2.1233792502073356e-11,0.99999999988964239
0.53300000000000003,0,0,0,0,1.6308709180302961e-29,2.0172086223624319e-11,0.99999999989516031
0.53349999999999997,0,0,0,0,1.4677838262272664e-29,1.9163559628054827e-11,0.99999999990040234
0.53400000000000003,0,0,0,0,1.3210054436045398e-29,1.8205437157803317e-11,0.99999999990538224
0.53449999999999998,0,0,0,0,1.1889048992440857e-29,1.7295165299913151e-11,0.99999999991011312
0.53500000000000003,0,0,0,0,1.070014409319677e-29,1.6430301563730154e-11,0.99999999991460742
0.53549999999999998,0,0,0,0,9.6301296838770931e-30,1.5608736525507538e-11,0.999999999918877
0.53600000000000003,0,0,0,0,8.6671167154893835e-30,1.4828360761498516e-11,0.9999999999229332
0.53649999999999998,0,0,0,0,7.8004050439404452e-30,1.4086953825653836e-11,0.99999999992678656
0.53700000000000003,0,0,0,0,7.0203645395464001e-30,1.3382517316529174e-11,0.99999999993044719
0.53749999999999998,0,0,0,0,6.31832808559176e-30,1.2713385899587593e-11,0.99999999993392485
0.53800000000000003,0,0,0,0,5.6864952770325849e-30,1.207778321798969e-11,0.99999999993722866
0.53849999999999998,0,0,0,0,5.1178457493293268e-30,1.1473932914896068e-11,0.99999999994036726
0.53900000000000003,0,0,0,0,4.6060611743963945e-30,1.0900169655769787e-11,0.99999999994334887
0.53949999999999998,0,0,0,0,4.1454550569567549e-30,1.0355161172981298e-11,0.99999999994618138
0.54000000000000004,0,0,0,0,3.7309095512610796e-30,9.8374641765985871e-12,0.99999999994887234
0.54049999999999998,0,0,0,0,3.3578185961349719e-30,9.3456353766896427e-12,0.99999999995142874
0.54100000000000004,0,0,0,0,3.0220367365214743e-30,8.8784535279273769e-12,0.99999999995385735
0.54149999999999998,0,0,0,0,2.7198330628693267e-30,8.4345863626822393e-12,0.99999999995616451
0.54200000000000004,0,0,0,0,2.4478497565823944e-30,8.0129236579296048e-12,0.99999999995835631
0.54249999999999998,0,0,0,0,2.2030647809241549e-30,7.6123551906448483e-12,0.99999999996043853
0.54300000000000004,0,0,0,0,1.9827583028317394e-30,7.2317707378033447e-12,0.99999999996241662
0.54349999999999998,0,0,0,0,1.7844824725485655e-30,6.8701710986829312e-12,0.99999999996429578
0.54400000000000004,0,0,0,0,1.6060342252937087e-30,6.5266680948639078e-12,0.99999999996608102
0.54449999999999998,0,0,0,0,1.4454308027643381e-30,6.2003735479265742e-12,0.999999999967777
0.54500000000000004,0,0,0,0,1.3008877224879043e-30,5.8903992794512305e-12,0.99999999996938815
0.54549999999999998,0,0,0,0,1.1707989502391139e-30,5.5958571110181765e-12,0.99999999997091871
0.54600000000000004,0,0,0,0,1.0537190552152025e-30,5.3160809088126371e-12,0.99999999997237277
0.54649999999999999,0,0,0,0,9.4834714969368222e-31,5.0502935167173746e-12,0.99999999997375411
0.54700000000000004,0,0,0,0,8.5351243472431393e-31,4.7977177786151515e-12,0.99999999997506639
0.54749999999999999,0,0,0,0,7.6816119125188268e-31,4.5577985829936551e-12,0.99999999997631306
0.54800000000000004,0,0,0,0,6.9134507212669449e-31,4.329980818340573e-12,0.99999999997749744
0.54849999999999999,0,0,0,0,6.2221056491402496e-31,4.1134873285386675e-12,0.99999999997862254
0.54900000000000004,0,0,0,0,5.5998950842262248e-31,3.9078740243780885e-12,0.99999999997969147
0.54949999999999999,0,0,0,0,5.0399055758036024e-31,3.712474772044061e-12,0.99999999998070688
0.55000000000000004,0,0,0,0,4.5359150182232417e-31,3.5268454823267348e-12,0.99999999998167155
0.55049999999999999,0,0,0,0,4.0823235164009173e-31,3.3504310437137974e-12,0.99999999998258793
0.55100000000000005,0,0,0,0,3.6740911647608253e-31,3.1828983892978613e-12,0.99999999998345857
0.55149999999999999,0,0,0,0,3.306682048284743e-31,3.0238034298690764e-12,0.99999999998428568
0.55200000000000005,0,0,0,0,2.9760138434562686e-31,2.87259105391513e-12,0.99999999998507139
0.55249999999999999,0,0,0,0,2.6784124591106421e-31,2.7289281945286348e-12,0.99999999998581779
0.55300000000000005,0,0,0,0,2.4105712131995777e-31,2.592481784802203e-12,0.99999999998652689
0.55349999999999999,0,0,0,0,2.1695140918796202e-31,2.4629187578284473e-12,0.99999999998720057
0.55400000000000005,0,0,0,0,1.9525626826916578e-31,2.3396840020950549e-12,0.9999999999878405
0.55449999999999999,0,0,0,0,1.757306414422492e-31,2.2226664952995634e-12,0.99999999998844846
0.55500000000000005,0,0,0,0,1.5815757729802426e-31,2.1115331705345852e-12,0.999999999989026
0.55549999999999999,0,0,0,0,1.4234181956822183e-31,2.0059509608927328e-12,0.99999999998957467
0.55600000000000005,0,0,0,0,1.2810763761139966e-31,1.9055867994666187e-12,0.99999999999009592
0.55649999999999999,0,0,0,0,1.1529687385025968e-31,1.8102186416513177e-12,0.99999999999059108
0.55700000000000005,0,0,0,0,1.0376718646523372e-31,1.719624442841905e-12,0.99999999999106148
0.5575,0,0,0,0,9.339046781871034e-32,1.6336931807359178e-12,0.99999999999150846
0.55800000000000005,0,0,0,0,8.4051421036839317e-32,1.5519807661235063e-12,0.99999999999193301
0.5585,0,0,0,0,7.5646278933155386e-32,1.4743761767022079e-12,0.99999999999233635
0.55900000000000005,0,0,0,0,6.8081651039839846e-32,1.4006573678670975e-12,0.99999999999271949
0.5595,0,0,0,0,6.127348593585586e-32,1.3306022950132501e-12,0.99999999999308353
0.56000000000000005,0,0,0,0,5.5146137342270282e-32,1.2640999358382032e-12,0.99999999999342937
0.5605,0,0,0,0,4.9631523608043253e-32,1.2009282457370318e-12,0.99999999999375788
0.56100000000000005,0,0,0,0,4.4668371247238928e-32,1.1408651801048109e-12,0.99999999999406997
0.5615,0,0,0,0,4.020153412251503e-32,1.0839107389415403e-12,0.99999999999436651
0.56200000000000006,0,0,0,0,3.618138071026353e-32,1.0297318553398327e-12,0.99999999999464817
0.5625,0,0,0,0,3.2563242639237178e-32,9.7821750699722543e-13,0.99999999999491573
0.56299999999999994,0,0,0,0,2.9306918375313458e-32,9.2936769391371854e-13,0.99999999999516997
0.5635,0,0,0,0,2.6376226537782117e-32,8.8284934918192448e-13,0.99999999999541145
0.56399999999999995,0,0,0,0,2.3738603884003901e-32,8.3877349510430577e-13,0.99999999999564093
0.5645,0,0,0,0,2.1364743495603513e-32,7.9680706477347485e-13,0.99999999999585887
0.56499999999999995,0,0,0,0,1.9228269146043159e-32,7.5695005818943173e-13,0.99999999999606592
0.5655,0,0,0,0,1.7305442231438844e-32,7.1909145304971389e-13,0.99999999999626266
0.56599999999999995,0,0,0,0,1.5574898008294958e-32,6.8312022705185882e-13,0.99999999999644951
0.5665,0,0,0,0,1.4017408207465464e-32,6.48925357893404e-13,0.99999999999662703
0.56699999999999995,0,0,0,0,1.2615667386718918e-32,6.1650684557434943e-13,0.99999999999679567
0.5675,0,0,0,0,1.1354100648047024e-32,5.8564264548977008e-13,0.99999999999695588
0.56799999999999995,0,0,0,0,1.0218690583242323e-32,5.5633275763966594e-13,0.99999999999710809
0.56850000000000001,0,0,0,0,9.1968215249180901e-33,5.2846615972157451e-13,0.99999999999725264
0.56899999999999995,0,0,0,0,8.2771393724262824e-33,5.0204285173549579e-13,0.99999999999738998
0.56950000000000001,0,0,0,0,7.4494254351836538e-33,4.7684078907650473e-13,0.99999999999752043
0.56999999999999995,0,0,0,0,6.7044828916652887e-33,4.5308201634952638e-13,0.99999999999764444
0.57050000000000001,0,0,0,0,6.0340346024987602e-33,4.3043346664717319e-13,0.99999999999776223
0.57099999999999995,0,0,0,0,5.4306311422488836e-33,4.0889513996944515e-13,0.99999999999787414
0.57150000000000001,0,0,0,0,4.8875680280239956e-33,3.8835601401387976e-13,0.99999999999798039
0.57199999999999995,0,0,0,0,4.3988112252215962e-33,3.6903813338540203e-13,0.99999999999808142
0.57250000000000001,0,0,0,0,3.9589301026994364e-33,3.5060843117662444e-13,0.99999999999817735
0.57299999999999995,0,0,0,0,3.5630370924294932e-33,3.3306690738754696e-13,0.9999999999982685
0.57350000000000001,0,0,0,0,3.2067333831865442e-33,3.1641356201816961e-13,0.99999999999835509
0.57399999999999995,0,0,0,0,2.8860600448678897e-33,3.0064839506849239e-13,0.99999999999843736
0.57450000000000001,0,0,0,0,2.5974540403811008e-33,2.8566038423605278e-13,0.99999999999851552
0.57499999999999996,0,0,0,0,2.3377086363429906e-33,2.7144952952085077e-13,0.99999999999858979
0.57550000000000001,0,0,0,0,2.1039377727086914e-33,2.5790480862042386e-13,0.99999999999866029
0.57599999999999996,0,0,0,0,1.8935439954378223e-33,2.4491519923230953e-13,0.99999999999872724
0.57650000000000001,0,0,0,0,1.7041895958940402e-33,2.325917236589703e-13,0.99999999999879086
0.57699999999999996,0,0,0,0,1.5337706363046363e-33,2.2104540420286867e-13,0.99999999999885136
0.57750000000000001,0,0,0,0,1.3803935726741728e-33,2.099431739566171e-13,0.99999999999890876
0.57799999999999996,0,0,0,0,1.2423542154067556e-33,1.9939605522267811e-13,0.99999999999896327
0.57850000000000001,0,0,0,0,1.11811879386608e-33,1.8940404800105171e-13,0.99999999999901512
0.57899999999999996,0,0,0,0,1.006306914479472e-33,1.7996715229173788e-13,0.99999999999906442
0.57950000000000002,0,0,0,0,9.0567622303152497e-34,1.7097434579227411e-13,0.99999999999911116
0.57999999999999996,0,0,0,0,8.1510860072837242e-34,1.624256285026604e-13,0.99999999999915556
0.58050000000000002,0,0,0,0,7.3359774065553518e-34,1.5432100042289676e-13,0.99999999999919775
0.58099999999999996,0,0,0,0,6.6023796658998171e-34,1.4654943925052066e-13,0.99999999999923783
0.58150000000000002,0,0,0,0,5.9421416993098349e-34,1.3922196728799463e-13,0.99999999999927591
0.58199999999999996,0,0,0,0,5.3479275293788519e-34,1.3222756223285614e-13,0.99999999999931211
0.58250000000000002,0,0,0,0,4.8131347764409669e-34,1.2567724638756772e-13,0.99999999999934652
0.58299999999999996,0,0,0,0,4.3318212987968699e-34,1.1934897514720433e-13,0.99999999999937916
0.58350000000000002,0,0,0,0,3.8986391689171831e-34,1.13464793116691e-13,0.99999999999941025
0.58399999999999996,0,0,0,0,3.5087752520254647e-34,1.078026556911027e-13,0.99999999999943978
0.58450000000000002,0,0,0,0,3.1578977268229186e-34,1.0236256287043943e-13,0.99999999999946776
0.58499999999999996,0,0,0,0,2.8421079541406268e-34,9.7255536957163713e-14,0.9999999999994944
0.58550000000000002,0,0,0,0,2.5578971587265638e-34,9.2370555648813024e-14,0.99999999999951972
0.58599999999999997,0,0,0,0,2.3021074428539074e-34,8.7707618945387367e-14,0.9999999999995437
0.58650000000000002,0,0,0,0,2.0718966985685167e-34,8.3377749149349256e-14,0.99999999999956657
0.58699999999999997,0,0,0,0,1.8647070287116651e-34,7.9158901655773661e-14,0.99999999999958822
0.58750000000000002,0,0,0,0,1.6782363258404987e-34,7.5162098767123098e-14,0.99999999999960876
0.58799999999999997,0,0,0,0,1.5104126932564488e-34,7.1387340483397566e-14,0.9999999999996283
0.58850000000000002,0,0,0,0,1.359371423930804e-34,6.7723604502134549e-14,0.99999999999964684
0.58899999999999997,0,0,0,0,1.2234342815377235e-34,6.4281913125796564e-14,0.99999999999966449
0.58950000000000002,0,0,0,0,1.101090853383951e-34,6.106226635438361e-14,0.99999999999968125
0.58999999999999997,0,0,0,0,9.9098176804555599e-35,5.8064664187895687e-14,0.99999999999969724
0.59050000000000002,0,0,0,0,8.9188359124100039e-35,5.5067062021407764e-14,0.99999999999971234
0.59099999999999997,0,0,0,0,8.0269523211690037e-35,5.2402526762307389e-14,0.99999999999972677
0.59150000000000003,0,0,0,0,7.2242570890521031e-35,4.9737991503207013e-14,0.99999999999974043
0.59199999999999997,0,0,0,0,6.5018313801468928e-35,4.7295500849031669e-14,0.99999999999975342
0.59250000000000003,0,0,0,0,5.8516482421322027e-35,4.496403249731884e-14,0.99999999999976574
0.59299999999999997,0,0,0,0,5.2664834179189832e-35,4.2743586448068527e-14,0.99999999999977751
0.59350000000000003,0,0,0,0,4.7398350761270845e-35,4.0634162701280729e-14,0.99999999999978861
0.59399999999999997,0,0,0,0,4.265851568514376e-35,3.8524738954492932e-14,0.99999999999979916
0.59450000000000003,0,0,0,0,3.8392664116629385e-35,3.652633751016765e-14,0.99999999999980915
0.59499999999999997,0,0,0,0,3.4553397704966443e-35,3.47499806707674e-14,0.9999999999998187
0.59550000000000003,0,0,0,0,3.1098057934469801e-35,3.3084646133829665e-14,0.9999999999998278
0.59599999999999997,0,0,0,0,2.798825214102282e-35,3.1530333899354446e-14,0.99999999999983646
0.59650000000000003,0,0,0,0,2.5189426926920538e-35,2.9976021664879227e-14,0.99999999999984468
0.59699999999999998,0,0,0,0,2.2670484234228485e-35,2.8532731732866523e-14,0.99999999999985245
0.59750000000000003,0,0,0,0,2.0403435810805635e-35,2.708944180085382e-14,0.99999999999985978
0.59799999999999998,0,0,0,0,1.8363092229725072e-35,2.5757174171303632e-14,0.99999999999986677
0.59850000000000003,0,0,0,0,1.6526783006752563e-35,2.4424906541753444e-14,0.99999999999987343
0.59899999999999998,0,0,0,0,1.4874104706077308e-35,2.3203661214665772e-14,0.99999999999987976
0.59950000000000003,0,0,0,0,1.3386694235469576e-35,2.19824158875781e-14,0.99999999999988576
0.59999999999999998,0,0,0,0,1.2048024811922618e-35,2.0872192862952943e-14,0.99999999999989142
0.60050000000000003,0,0,0,0,1.0843222330730358e-35,1.9872992140790302e-14,0.99999999999989686
0.60099999999999998,0,0,0,0,9.7589000976573235e-36,1.8873791418627661e-14,0.99999999999990197
0.60150000000000003,0,0,0,0,8.7830100878915914e-36,1.787459069646502e-14,0.99999999999990685
0.60199999999999998,0,0,0,0,7.904709079102432e-36,1.6986412276764895e-14,0.99999999999991152
0.60250000000000004,0,0,0,0,7.114238171192189e-36,1.609823385706477e-14,0.99999999999991596
0.60299999999999998,0,0,0,0,6.4028143540729699e-36,1.532107773982716e-14,0.99999999999992017
0.60350000000000004,0,0,0,0,5.7625329186656727e-36,1.4543921622589551e-14,0.99999999999992417
0.60399999999999998,0,0,0,0,5.1862796267991055e-36,1.3766765505351941e-14,0.99999999999992795
0.60450000000000004,0,0,0,0,4.6676516641191953e-36,1.2989609388114332e-14,0.9999999999999315
0.60499999999999998,0,0,0,0,4.2008864977072757e-36,1.2323475573339238e-14,0.99999999999993494
0.60550000000000004,0,0,0,0,3.780797847936548e-36,1.1657341758564144e-14,0.99999999999993816
0.60599999999999998,0,0,0,0,3.4027180631428927e-36,1.1102230246251565e-14,0.99999999999994127
0.60650000000000004,0,0,0,0,3.0624462568286032e-36,1.0547118733938987e-14,0.99999999999994416
0.60699999999999998,0,0,0,0,2.7562016311457428e-36,9.9920072216264089e-15,0.99999999999994693
0.60750000000000004,0,0,0,0,2.4805814680311685e-36,9.5479180117763462e-15,0.9999999999999496
0.60799999999999998,0,0,0,0,2.2325233212280519e-36,9.1038288019262836e-15,0.99999999999995215
0.60850000000000004,0,0,0,0,2.0092709891052467e-36,8.659739592076221e-15,0.99999999999995459
0.60899999999999999,0,0,0,0,1.8083438901947218e-36,8.2156503822261584e-15,0.99999999999995681
0.60950000000000004,0,0,0,0,1.6275095011752497e-36,7.7715611723760958e-15,0.99999999999995892
0.60999999999999999,0,0,0,0,1.4647585510577247e-36,7.4384942649885488e-15,0.99999999999996103
0.61050000000000004,0,0,0,0,1.3182826959519523e-36,7.1054273576010019e-15,0.99999999999996303
0.61099999999999999,0,0,0,0,1.1864544263567571e-36,6.7723604502134549e-15,0.99999999999996492
0.61150000000000004,0,0,0,0,1.0678089837210813e-36,6.4392935428259079e-15,0.99999999999996669
0.61199999999999999,0,0,0,0,9.6102808534897322e-37,6.106226635438361e-15,0.99999999999996836
0.61250000000000004,0,0,0,0,8.6492527681407598e-37,5.773159728050814e-15,0.99999999999996991
0.61299999999999999,0,0,0,0,7.7843274913266824e-37,5.5511151231257827e-15,0.99999999999997147
0.61350000000000005,0,0,0,0,7.0058947421940156e-37,5.3290705182007514e-15,0.99999999999997291
0.61399999999999999,0,0,0,0,6.3053052679746138e-37,4.9960036108132044e-15,0.99999999999997424
0.61450000000000005,0,0,0,0,5.6747747411771525e-37,4.7739590058881731e-15,0.99999999999997558
0.61499999999999999,0,0,0,0,5.1072972670594368e-37,4.5519144009631418e-15,0.9999999999999768
0.61550000000000005,0,0,0,0,4.5965675403534937e-37,4.2188474935755949e-15,0.99999999999997791
0.61599999999999999,0,0,0,0,4.1369107863181444e-37,3.9968028886505635e-15,0.99999999999997902
0.61650000000000005,0,0,0,0,3.7232197076863298e-37,3.7747582837255322e-15,0.99999999999998002
0.61699999999999999,0,0,0,0,3.3508977369176972e-37,3.5527136788005009e-15,0.99999999999998102
0.61750000000000005,0,0,0,0,3.0158079632259275e-37,3.4416913763379853e-15,0.99999999999998201
0.61799999999999999,0,0,0,0,2.7142271669033345e-37,3.219646771412954e-15,0.9999999999999829
0.61850000000000005,0,0,0,0,2.4428044502130013e-37,3.1086244689504383e-15,0.99999999999998379
0.61899999999999999,0,0,0,0,2.198524005191701e-37,2.886579864025407e-15,0.99999999999998457
0.61950000000000005,0,0,0,0,1.9786716046725307e-37,2.7755575615628914e-15,0.99999999999998535
0.62,0,0,0,0,1.7808044442052777e-37,2.6645352591003757e-15,0.99999999999998612
0.62050000000000005,0,0,0,0,1.6027239997847499e-37,2.55351295663786e-15,0.99999999999998679
0.621,0,0,0,0,1.442451599806275e-37,2.4424906541753444e-15,0.99999999999998745
0.62150000000000005,0,0,0,0,1.2982064398256475e-37,2.3314683517128287e-15,0.99999999999998812
0.622,0,0,0,0,1.1683857958430827e-37,2.2204460492503131e-15,0.99999999999998868
0.62250000000000005,0,0,0,0,1.0515472162587745e-37,2.1094237467877974e-15,0.99999999999998923
0.623,0,0,0,0,9.4639249463289693e-38,1.9984014443252818e-15,0.99999999999998979
0.62350000000000005,0,0,0,0,8.5175324516960734e-38,1.8873791418627661e-15,0.99999999999999034
0.624,0,0,0,0,7.665779206526467e-38,1.7763568394002505e-15,0.99999999999999079
0.62450000000000006,0,0,0,0,6.8992012858738197e-38,1.6653345369377348e-15,0.99999999999999123
0.625,0,0,0,0,6.2092811572864374e-38,1.5543122344752192e-15,0.99999999999999167
0.62549999999999994,0,0,0,0,5.5883530415577939e-38,1.5543122344752192e-15,0.99999999999999212
0.626,0,0,0,0,5.0295177374020144e-38,1.5543122344752192e-15,0.99999999999999256
0.62649999999999995,0,0,0,0,4.526565963661813e-38,1.4432899320127035e-15,0.99999999999999289
0.627,0,0,0,0,4.0739093672956318e-38,1.3322676295501878e-15,0.99999999999999323
0.62749999999999995,0,0,0,0,3.6665184305660683e-38,1.2212453270876722e-15,0.99999999999999356
0.628,0,0,0,0,3.2998665875094615e-38,1.2212453270876722e-15,0.99999999999999389
0.62849999999999995,0,0,0,0,2.9698799287585156e-38,1.2212453270876722e-15,0.99999999999999423
0.629,0,0,0,0,2.6728919358826641e-38,1.2212453270876722e-15,0.99999999999999456
0.62949999999999995,0,0,0,0,2.4056027422943977e-38,1.1102230246251565e-15,0.99999999999999478
0.63,0,0,0,0,2.1650424680649578e-38,9.9920072216264089e-16,0.999999999999995
0.63049999999999995,0,0,0,0,1.9485382212584622e-38,8.8817841970012523e-16,0.99999999999999523
0.63100000000000001,0,0,0,0,1.753684399132616e-38,7.7715611723760958e-16,0.99999999999999545
0.63149999999999995,0,0,0,0,1.5783159592193545e-38,7.7715611723760958e-16,0.99999999999999567
0.63200000000000001,0,0,0,0,1.4204843632974191e-38,7.7715611723760958e-16,0.99999999999999589
0.63249999999999995,0,0,0,0,1.2784359269676772e-38,7.7715611723760958e-16,0.99999999999999611
0.63300000000000001,0,0,0,0,1.1505923342709092e-38,7.7715611723760958e-16,0.99999999999999634
0.63349999999999995,0,0,0,0,1.0355331008438183e-38,7.7715611723760958e-16,0.99999999999999656
0.63400000000000001,0,0,0,0,9.3197979075943652e-39,7.7715611723760958e-16,0.99999999999999678
0.63449999999999995,0,0,0,0,8.3878181168349291e-39,6.6613381477509392e-16,0.99999999999999689
0.63500000000000001,0,0,0,0,7.5490363051514353e-39,5.5511151231257827e-16,0.999999999999997
0.63549999999999995,0,0,0,0,6.7941326746362917e-39,4.4408920985006262e-16,0.99999999999999711
0.63600000000000001,0,0,0,0,6.1147194071726633e-39,3.3306690738754696e-16,0.99999999999999722
0.63649999999999995,0,0,0,0,5.5032474664553962e-39,3.3306690738754696e-16,0.99999999999999734
0.63700000000000001,0,0,0,0,4.9529227198098563e-39,3.3306690738754696e-16,0.99999999999999745
0.63749999999999996,0,0,0,0,4.457630447828871e-39,3.3306690738754696e-16,0.99999999999999756
0.63800000000000001,0,0,0,0,4.0118674030459839e-39,3.3306690738754696e-16,0.99999999999999767
0.63849999999999996,0,0,0,0,3.6106806627413858e-39,3.3306690738754696e-16,0.99999999999999778
0.63900000000000001,0,0,0,0,3.2496125964672469e-39,3.3306690738754696e-16,0.99999999999999789
0.63949999999999996,0,0,0,0,2.9246513368205222e-39,3.3306690738754696e-16,0.999999999999998
0.64000000000000001,0,0,0,0,2.63218620313847e-39,3.3306690738754696e-16,0.99999999999999811
0.64049999999999996,0,0,0,0,2.3689675828246233e-39,3.3306690738754696e-16,0.99999999999999822
0.64100000000000001,0,0,0,0,2.1320708245421609e-39,3.3306690738754696e-16,0.99999999999999833
0.64149999999999996,0,0,0,0,1.9188637420879448e-39,3.3306690738754696e-16,0.99999999999999845
0.64200000000000002,0,0,0,0,1.7269773678791506e-39,3.3306690738754696e-16,0.99999999999999856
0.64249999999999996,0,0,0,0,1.5542796310912354e-39,3.3306690738754696e-16,0.99999999999999867
0.64300000000000002,0,0,0,0,1.3988516679821118e-39,3.3306690738754696e-16,0.99999999999999878
0.64349999999999996,0,0,0,0,1.2589665011839006e-39,3.3306690738754696e-16,0.99999999999999889
0.64400000000000002,0,0,0,0,1.1330698510655106e-39,3.3306690738754696e-16,0.999999999999999
0.64449999999999996,0,0,0,0,1.0197628659589595e-39,2.2204460492503131e-16,0.999999999999999
0.64500000000000002,0,0,0,0,9.1778657936306348e-40,1.1102230246251565e-16,0.999999999999999
0.64549999999999996,0,0,0,0,8.260079214267571e-40,0,0.999999999999999
0.64600000000000002,0,0,0,0,7.4340712928408151e-40,0,0.999999999999999
0.64649999999999996,0,0,0,0,6.6906641635567335e-40,0,0.999999999999999
0.64700000000000002,0,0,0,0,6.0215977472010599e-40,0,0.999999999999999
0.64749999999999996,0,0,0,0,5.4194379724809544e-40,0,0.999999999999999
0.64800000000000002,0,0,0,0,4.8774941752328588e-40,0,0.999999999999999
0.64849999999999997,0,0,0,0,4.3897447577095731e-40,0,0.999999999999999
0.64900000000000002,0,0,0,0,3.9507702819386155e-40,0,0.999999999999999
0.64949999999999997,0,0,0,0,3.5556932537447534e-40,0,0.999999999999999
0.65000000000000002,0,0,0,0,3.2001239283702782e-40,0,0.999999999999999
0.65049999999999997,0,0,0,0,2.8801115355332501e-40,0,0.999999999999999
0.65100000000000002,0,0,0,0,2.5921003819799251e-40,0,0.999999999999999
0.65149999999999997,0,0,0,0,2.3328903437819324e-40,0,0.999999999999999
0.65200000000000002,0,0,0,0,2.0996013094037393e-40,0,0.999999999999999
0.65249999999999997,0,0,0,0,1.8896411784633653e-40,0,0.999999999999999
0.65300000000000002,0,0,0,0,1.7006770606170285e-40,0,0.999999999999999
0.65349999999999997,0,0,0,0,1.5306093545553258e-40,0,0.999999999999999
0.65400000000000003,0,0,0,0,1.3775484190997933e-40,0,0.999999999999999
0.65449999999999997,0,0,0,0,1.239793577189814e-40,0,0.999999999999999
0.65500000000000003,0,0,0,0,1.1158142194708325e-40,0,0.999999999999999
0.65549999999999997,0,0,0,0,1.0042327975237493e-40,0,0.999999999999999
0.65600000000000003,0,0,0,0,9.0380951777137421e-41,0,0.999999999999999
0.65649999999999997,0,0,0,0,8.1342856599423683e-41,0,0.999999999999999
0.65700000000000003,0,0,0,0,7.320857093948132e-41,0,0.999999999999999
0.65749999999999997,0,0,0,0,6.5887713845533188e-41,0,0.999999999999999
0.65800000000000003,0,0,0,0,5.9298942460979866e-41,0,0.999999999999999
0.65849999999999997,0,0,0,0,5.3369048214881882e-41,0,0.999999999999999
0.65900000000000003,0,0,0,0,4.8032143393393692e-41,0,0.999999999999999
0.65949999999999998,0,0,0,0,4.3228929054054328e-41,0,0.999999999999999
0.66000000000000003,0,0,0,0,3.8906036148648892e-41,0,0.999999999999999
0.66049999999999998,0,0,0,0,3.5015432533784005e-41,0,0.999999999999999
0.66100000000000003,0,0,0,0,3.1513889280405603e-41,0,0.999999999999999
0.66149999999999998,0,0,0,0,2.8362500352365045e-41,0,0.999999999999999
0.66200000000000003,0,0,0,0,2.552625031712854e-41,0,0.999999999999999
0.66249999999999998,0,0,0,0,2.2973625285415688e-41,0,0.999999999999999
0.66300000000000003,0,0,0,0,2.0676262756874115e-41,0,0.999999999999999
0.66349999999999998,0,0,0,0,1.8608636481186705e-41,0,0.999999999999999
0.66400000000000003,0,0,0,0,1.6747772833068034e-41,0,0.999999999999999
0.66449999999999998,0,0,0,0,1.5072995549761233e-41,0,0.999999999999999
0.66500000000000004,0,0,0,0,1.356569599478511e-41,0,0.999999999999999
0.66549999999999998,0,0,0,0,1.2209126395306599e-41,0,0.999999999999999
0.66600000000000004,0,0,0,0,1.0988213755775938e-41,0,0.999999999999999
0.66649999999999998,0,0,0,0,9.8893923801983436e-42,0,0.999999999999999
0.66700000000000004,0,0,0,0,8.9004531421785086e-42,0,0.999999999999999
0.66749999999999998,0,0,0,0,8.0104078279606576e-42,0,0.999999999999999
0.66800000000000004,0,0,0,0,7.2093670451645934e-42,0,0.999999999999999
0.66849999999999998,0,0,0,0,6.4884303406481337e-42,0,0.999999999999999
0.66900000000000004,0,0,0,0,5.8395873065833202e-42,0,0.999999999999999
0.66949999999999998,0,0,0,0,5.255628575924988e-42,0,0.999999999999999
0.67000000000000004,0,0,0,0,4.7300657183324894e-42,0,0.999999999999999
0.67049999999999998,0,0,0,0,4.2570591464992404e-42,0,0.999999999999999
0.67100000000000004,0,0,0,0,3.8313532318493164e-42,0,0.999999999999999
0.67149999999999999,0,0,0,0,3.4482179086643853e-42,0,0.999999999999999
0.67200000000000004,0,0,0,0,3.1033961177979468e-42,0,0.999999999999999
0.67249999999999999,0,0,0,0,2.7930565060181521e-42,0,0.999999999999999
0.67300000000000004,0,0,0,0,2.5137508554163366e-42,0,0.999999999999999
0.67349999999999999,0,0,0,0,2.262375769874703e-42,0,0.999999999999999
0.67400000000000004,0,0,0,0,2.0361381928872326e-42,0,0.999999999999999
0.67449999999999999,0,0,0,0,1.8325243735985095e-42,0,0.999999999999999
0.67500000000000004,0,0,0,0,1.6492719362386584e-42,0,0.999999999999999
0.67549999999999999,0,0,0,0,1.4843447426147925e-42,0,0.999999999999999
0.67600000000000005,0,0,0,0,1.3359102683533134e-42,0,0.999999999999999
0.67649999999999999,0,0,0,0,1.2023192415179821e-42,0,0.999999999999999
0.67700000000000005,0,0,0,0,1.0820873173661839e-42,0,0.999999999999999
0.67749999999999999,0,0,0,0,9.7387858562956553e-43,0,0.999999999999999
0.67800000000000005,0,0,0,0,8.7649072706660901e-43,0,0.999999999999999
0.67849999999999999,0,0,0,0,7.8884165435994803e-43,0,0.999999999999999
0.67900000000000005,0,0,0,0,7.0995748892395323e-43,0,0.999999999999999
0.67949999999999999,0,0,0,0,6.3896174003155794e-43,0,0.999999999999999
0.68000000000000005,0,0,0,0,5.7506556602840207e-43,0,0.999999999999999
0.68049999999999999,0,0,0,0,5.1755900942556189e-43,0,0.999999999999999
0.68100000000000005,0,0,0,0,4.6580310848300572e-43,0,0.999999999999999
0.68149999999999999,0,0,0,0,4.1922279763470515e-43,0,0.999999999999999
0.68200000000000005,0,0,0,0,3.7730051787123467e-43,0,0.999999999999999
0.6825,0,0,0,0,3.3957046608411121e-43,0,0.999999999999999
0.68300000000000005,0,0,0,0,3.0561341947570007e-43,0,0.999999999999999
0.6835,0,0,0,0,2.7505207752813005e-43,0,0.999999999999999
0.68400000000000005,0,0,0,0,2.4754686977531704e-43,0,0.999999999999999
0.6845,0,0,0,0,2.2279218279778535e-43,0,0.999999999999999
0.68500000000000005,0,0,0,0,2.0051296451800681e-43,0,0.999999999999999
0.6855,0,0,0,0,1.8046166806620611e-43,0,0.999999999999999
0.68600000000000005,0,0,0,0,1.6241550125958552e-43,0,0.999999999999999
0.6865,0,0,0,0,1.4617395113362695e-43,0,0.999999999999999
0.68700000000000006,0,0,0,0,1.3155655602026426e-43,0,0.999999999999999
0.6875,0,0,0,0,1.1840090041823783e-43,0,0.999999999999999
0.68799999999999994,0,0,0,0,1.0656081037641405e-43,0,0.999999999999999
0.6885,0,0,0,0,9.5904729338772655e-44,0,0.999999999999999
0.68899999999999995,0,0,0,0,8.6314256404895386e-44,0,0.999999999999999
0.6895,0,0,0,0,7.7682830764405843e-44,0,0.999999999999999
0.68999999999999995,0,0,0,0,6.9914547687965257e-44,0,0.999999999999999
0.6905,0,0,0,0,6.2923092919168736e-44,0,0.999999999999999
0.69099999999999995,0,0,0,0,5.6630783627251865e-44,0,0.999999999999999
0.6915,0,0,0,0,5.0967705264526674e-44,0,0.999999999999999
0.69199999999999995,0,0,0,0,4.5870934738074012e-44,0,0.999999999999999
0.6925,0,0,0,0,4.1283841264266613e-44,0,0.999999999999999
0.69299999999999995,0,0,0,0,3.7155457137839951e-44,0,0.999999999999999
0.69350000000000001,0,0,0,0,3.3439911424055961e-44,0,0.999999999999999
0.69399999999999995,0,0,0,0,3.0095920281650362e-44,0,0.999999999999999
0.69450000000000001,0,0,0,0,2.7086328253485328e-44,0,0.999999999999999
0.69499999999999995,0,0,0,0,2.4377695428136791e-44,0,0.999999999999999
0.69550000000000001,0,0,0,0,2.1939925885323116e-44,0,0.999999999999999
0.69599999999999995,0,0,0,0,1.9745933296790805e-44,0,0.999999999999999
0.69650000000000001,0,0,0,0,1.7771339967111725e-44,0,0.999999999999999
0.69699999999999995,0,0,0,0,1.5994205970400552e-44,0,0.999999999999999
0.69750000000000001,0,0,0,0,1.4394785373360497e-44,0,0.999999999999999
0.69799999999999995,0,0,0,0,1.2955306836024449e-44,0,0.999999999999999
0.69850000000000001,0,0,0,0,1.1659776152422003e-44,0,0.999999999999999
0.69899999999999995,0,0,0,0,1.0493798537179803e-44,0,0.999999999999999
0.69950000000000001,0,0,0,0,9.444418683461822e-45,0,0.999999999999999
0.69999999999999996,0,0,0,0,8.4999768151156403e-45,0,0.999999999999999
0.70050000000000001,0,0,0,0,7.6499791336040768e-45,0,0.999999999999999
0.70099999999999996,0,0,0,0,6.8849812202436691e-45,0,0.999999999999999
0.70150000000000001,0,0,0,0,6.1964830982193021e-45,0,0.999999999999999
0.70199999999999996,0,0,0,0,5.5768347883973715e-45,0,0.999999999999999
0.70250000000000001,0,0,0,0,5.0191513095576345e-45,0,0.999999999999999
0.70299999999999996,0,0,0,0,4.5172361786018707e-45,0,0.999999999999999
0.70350000000000001,0,0,0,0,4.0655125607416833e-45,0,0.999999999999999
0.70399999999999996,0,0,0,0,3.658961304667515e-45,0,0.999999999999999
0.70450000000000002,0,0,0,0,3.2930651742007635e-45,0,0.999999999999999
0.70499999999999996,0,0,0,0,2.9637586567806869e-45,0,0.999999999999999
0.70550000000000002,0,0,0,0,2.6673827911026188e-45,0,0.999999999999999
0.70599999999999996,0,0,0,0,2.4006445119923568e-45,0,0.999999999999999
0.70650000000000002,0,0,0,0,2.1605800607931212e-45,0,0.999999999999999
0.70699999999999996,0,0,0,0,1.944522054713809e-45,0,0.999999999999999
0.70750000000000002,0,0,0,0,1.7500698492424282e-45,0,0.999999999999999
0.70799999999999996,0,0,0,0,1.5750628643181853e-45,0,0.999999999999999
0.70850000000000002,0,0,0,0,1.4175565778863666e-45,0,0.999999999999999
0.70899999999999996,0,0,0,0,1.2758009200977301e-45,0,0.999999999999999
0.70950000000000002,0,0,0,0,1.1482208280879571e-45,0,0.999999999999999
0.70999999999999996,0,0,0,0,1.0333987452791614e-45,0,0.999999999999999
0.71050000000000002,0,0,0,0,9.3005887075124522e-46,0,0.999999999999999
0.71099999999999997,0,0,0,0,8.370529836761206e-46,0,0.999999999999999
0.71150000000000002,0,0,0,0,7.5334768530850856e-46,0,0.999999999999999
0.71199999999999997,0,0,0,0,6.7801291677765767e-46,0,0.999999999999999
0.71250000000000002,0,0,0,0,6.1021162509989192e-46,0,0.999999999999999
0.71299999999999997,0,0,0,0,5.4919046258990268e-46,0,0.999999999999999
0.71350000000000002,0,0,0,0,4.9427141633091247e-46,0,0.999999999999999
0.71399999999999997,0,0,0,0,4.4484427469782123e-46,0,0.999999999999999
0.71450000000000002,0,0,0,0,4.0035984722803908e-46,0,0.999999999999999
0.71499999999999997,0,0,0,0,3.6032386250523522e-46,0,0.999999999999999
0.71550000000000002,0,0,0,0,3.2429147625471169e-46,0,0.999999999999999
0.71599999999999997,0,0,0,0,2.9186232862924054e-46,0,0.999999999999999
0.71650000000000003,0,0,0,0,2.626760957663165e-46,0,0.999999999999999
0.71699999999999997,0,0,0,0,2.3640848618968481e-46,0,0.999999999999999
0.71750000000000003,0,0,0,0,2.1276763757071637e-46,0,0.999999999999999
0.71799999999999997,0,0,0,0,1.914908738136447e-46,0,0.999999999999999
0.71850000000000003,0,0,0,0,1.7234178643228022e-46,0,0.999999999999999
0.71899999999999997,0,0,0,0,1.5510760778905222e-46,0,0.999999999999999
0.71950000000000003,0,0,0,0,1.39596847010147e-46,0,0.999999999999999
0.71999999999999997,0,0,0,0,1.2563716230913229e-46,0,0.999999999999999
0.72050000000000003,0,0,0,0,1.1307344607821907e-46,0,0.999999999999999
0.72099999999999997,0,0,0,0,1.0176610147039716e-46,0,0.999999999999999
0.72150000000000003,0,0,0,0,9.1589491323357451e-47,0,0.999999999999999
0.72199999999999998,0,0,0,0,8.243054219102171e-47,0,0.999999999999999
0.72250000000000003,0,0,0,0,7.418748797191953e-47,0,0.999999999999999
0.72299999999999998,0,0,0,0,6.6768739174727576e-47,0,0.999999999999999
0.72350000000000003,0,0,0,0,6.0091865257254821e-47,0,0.999999999999999
0.72399999999999998,0,0,0,0,5.408267873152933e-47,0,0.999999999999999
0.72450000000000003,0,0,0,0,4.8674410858376403e-47,0,0.999999999999999
0.72499999999999998,0,0,0,0,4.3806969772538761e-47,0,0.999999999999999
0.72550000000000003,0,0,0,0,3.9426272795284883e-47,0,0.999999999999999
0.72599999999999998,0,0,0,0,3.5483645515756397e-47,0,0.999999999999999
0.72650000000000003,0,0,0,0,3.1935280964180755e-47,0,0.999999999999999
0.72699999999999998,0,0,0,0,2.8741752867762682e-47,0,0.999999999999999
0.72750000000000004,0,0,0,0,2.5867577580986412e-47,0,0.999999999999999
0.72799999999999998,0,0,0,0,2.3280819822887769e-47,0,0.999999999999999
0.72850000000000004,0,0,0,0,2.0952737840598993e-47,0,0.999999999999999
0.72899999999999998,0,0,0,0,1.8857464056539094e-47,0,0.999999999999999
0.72950000000000004,0,0,0,0,1.6971717650885184e-47,0,0.999999999999999
0.72999999999999998,0,0,0,0,1.5274545885796664e-47,0,0.999999999999999
0.73050000000000004,0,0,0,0,1.3747091297216998e-47,0,0.999999999999999
0.73099999999999998,0,0,0,0,1.2372382167495299e-47,0,0.999999999999999
0.73150000000000004,0,0,0,0,1.113514395074577e-47,0,0.999999999999999
0.73199999999999998,0,0,0,0,1.0021629555671192e-47,0,0.999999999999999
0.73250000000000004,0,0,0,0,9.019466600104073e-48,0,0.999999999999999
0.73299999999999998,0,0,0,0,8.1175199400936655e-48,0,0.999999999999999
0.73350000000000004,0,0,0,0,7.3057679460842995e-48,0,0.999999999999999
0.73399999999999999,0,0,0,0,6.5751911514758697e-48,0,0.999999999999999
0.73450000000000004,0,0,0,0,5.9176720363282822e-48,0,0.999999999999999
0.73499999999999999,0,0,0,0,5.3259048326954546e-48,0,0.999999999999999
0.73550000000000004,0,0,0,0,4.7933143494259089e-48,0,0.999999999999999
0.73599999999999999,0,0,0,0,4.3139829144833183e-48,0,0.999999999999999
0.73650000000000004,0,0,0,0,3.8825846230349864e-48,0,0.999999999999999
0.73699999999999999,0,0,0,0,3.4943261607314876e-48,0,0.999999999999999
0.73750000000000004,0,0,0,0,3.1448935446583386e-48,0,0.999999999999999
0.73799999999999999,0,0,0,0,2.8304041901925052e-48,0,0.999999999999999
0.73850000000000005,0,0,0,0,2.5473637711732544e-48,0,0.999999999999999
0.73899999999999999,0,0,0,0,2.2926273940559289e-48,0,0.999999999999999
0.73950000000000005,0,0,0,0,2.0633646546503361e-48,0,0.999999999999999
0.73999999999999999,0,0,0,0,1.8570281891853025e-48,0,0.999999999999999
0.74050000000000005,0,0,0,0,1.6713253702667723e-48,0,0.999999999999999
0.74099999999999999,0,0,0,0,1.5041928332400952e-48,0,0.999999999999999
0.74150000000000005,0,0,0,0,1.3537735499160854e-48,0,0.999999999999999
0.74199999999999999,0,0,0,0,1.2183961949244769e-48,0,0.999999999999999
0.74250000000000005,0,0,0,0,1.0965565754320291e-48,0,0.999999999999999
0.74299999999999999,0,0,0,0,9.8690091788882613e-49,0,0.999999999999999
0.74350000000000005,0,0,0,0,8.882108260999435e-49,0,0.999999999999999
0.74399999999999999,0,0,0,0,7.9938974348994916e-49,0,0.999999999999999
0.74450000000000005,0,0,0,0,7.1945076914095432e-49,0,0.999999999999999
0.745,0,0,0,0,6.4750569222685888e-49,0,0.999999999999999
0.74550000000000005,0,0,0,0,5.8275512300417305e-49,0,0.999999999999999
0.746,0,0,0,0,5.244796107037557e-49,0,0.999999999999999
0.74650000000000005,0,0,0,0,4.7203164963338017e-49,0,0.999999999999999
0.747,0,0,0,0,4.2482848467004209e-49,0,0.999999999999999
0.74750000000000005,0,0,0,0,3.8234563620303789e-49,0,0.999999999999999
0.748,0,0,0,0,3.4411107258273416e-49,0,0.999999999999999
0.74850000000000005,0,0,0,0,3.096999653244607e-49,0,0.999999999999999
0.749,0,0,0,0,2.787299687920146e-49,0,0.999999999999999
0.74950000000000006,0,0,0,0,2.5085697191281315e-49,0,0.999999999999999
0.75,0,0,0,0,2.2577127472153183e-49,0,0.999999999999999
0.75049999999999994,0,0,0,0,2.0319414724937867e-49,0,0.999999999999999
0.751,0,0,0,0,1.8287473252444077e-49,0,0.999999999999999
0.75149999999999995,0,0,0,0,1.645872592719967e-49,0,0.999999999999999
0.752,0,0,0,0,1.4812853334479703e-49,0,0.999999999999999
0.75249999999999995,0,0,0,0,1.3331568001031733e-49,0,0.999999999999999
0.753,0,0,0,0,1.199841120092856e-49,0,0.999999999999999
0.75349999999999995,0,0,0,0,1.0798570080835704e-49,0,0.999999999999999
0.754,0,0,0,0,9.7187130727521342e-50,0,0.999999999999999
0.75449999999999995,0,0,0,0,8.7468417654769193e-50,0,0.999999999999999
0.755,0,0,0,0,7.8721575889292274e-50,0,0.999999999999999
0.75549999999999995,0,0,0,0,7.0849418300363034e-50,0,0.999999999999999
0.75600000000000001,0,0,0,0,6.3764476470326735e-50,0,0.999999999999999
0.75649999999999995,0,0,0,0,5.7388028823294063e-50,0,0.999999999999999
0.75700000000000001,0,0,0,0,5.1649225940964657e-50,0,0.999999999999999
0.75749999999999995,0,0,0,0,4.6484303346868192e-50,0,0.999999999999999
0.75800000000000001,0,0,0,0,4.183587301218137e-50,0,0.999999999999999
0.75849999999999995,0,0,0,0,3.7652285710963232e-50,0,0.999999999999999
0.75900000000000001,0,0,0,0,3.3887057139866907e-50,0,0.999999999999999
0.75949999999999995,0,0,0,0,3.0498351425880218e-50,0,0.999999999999999
0.76000000000000001,0,0,0,0,2.7448516283292196e-50,0,0.999999999999999
0.76049999999999995,0,0,0,0,2.4703664654962975e-50,0,0.999999999999999
0.76100000000000001,0,0,0,0,2.2233298189466681e-50,0,0.999999999999999
0.76149999999999995,0,0,0,0,2.000996837052001e-50,0,0.999999999999999
0.76200000000000001,0,0,0,0,1.8008971533468009e-50,0,0.999999999999999
0.76249999999999996,0,0,0,0,1.6208074380121207e-50,0,0.999999999999999
0.76300000000000001,0,0,0,0,1.4587266942109087e-50,0,0.999999999999999
0.76349999999999996,0,0,0,0,1.3128540247898178e-50,0,0.999999999999999
0.76400000000000001,0,0,0,0,1.181568622310836e-50,0,0.999999999999999
0.76449999999999996,0,0,0,0,1.0634117600797522e-50,0,0.999999999999999
0.76500000000000001,0,0,0,0,9.5707058407177701e-51,0,0.999999999999999
0.76549999999999996,0,0,0,0,8.6136352566459918e-51,0,0.999999999999999
0.76600000000000001,0,0,0,0,7.7522717309813927e-51,0,0.999999999999999
0.76649999999999996,0,0,0,0,6.977044557883254e-51,0,0.999999999999999
0.76700000000000002,0,0,0,0,6.2793401020949283e-51,0,0.999999999999999
0.76749999999999996,0,0,0,0,5.6514060918854355e-51,0,0.999999999999999
0.76800000000000002,0,0,0,0,5.0862654826968924e-51,0,0.999999999999999
0.76849999999999996,0,0,0,0,4.5776389344272031e-51,0,0.999999999999999
0.76900000000000002,0,0,0,0,4.1198750409844831e-51,0,0.999999999999999
0.76949999999999996,0,0,0,0,3.7078875368860348e-51,0,0.999999999999999
0.77000000000000002,0,0,0,0,3.3370987831974315e-51,0,0.999999999999999
0.77049999999999996,0,0,0,0,3.0033889048776885e-51,0,0.999999999999999
0.77100000000000002,0,0,0,0,2.7030500143899198e-51,0,0.999999999999999
0.77149999999999996,0,0,0,0,2.4327450129509277e-51,0,0.999999999999999
0.77200000000000002,0,0,0,0,2.189470511655835e-51,0,0.999999999999999
0.77249999999999996,0,0,0,0,1.9705234604902513e-51,0,0.999999999999999
0.77300000000000002,0,0,0,0,1.7734711144412261e-51,0,0.999999999999999
0.77349999999999997,0,0,0,0,1.5961240029971037e-51,0,0.999999999999999
0.77400000000000002,0,0,0,0,1.4365116026973934e-51,0,0.999999999999999
0.77449999999999997,0,0,0,0,1.292860442427654e-51,0,0.999999999999999
0.77500000000000002,0,0,0,0,1.1635743981848885e-51,0,0.999999999999999
0.77549999999999997,0,0,0,0,1.0472169583663997e-51,0,0.999999999999999
0.77600000000000002,0,0,0,0,9.4249526252975976e-52,0,0.999999999999999
0.77649999999999997,0,0,0,0,8.4824573627678373e-52,0,0.999999999999999
0.77700000000000002,0,0,0,0,7.6342116264910527e-52,0,0.999999999999999
0.77749999999999997,0,0,0,0,6.8707904638419478e-52,0,0.999999999999999
0.77800000000000002,0,0,0,0,6.1837114174577528e-52,0,0.999999999999999
0.77849999999999997,0,0,0,0,5.5653402757119771e-52,0,0.999999999999999
0.77900000000000003,0,0,0,0,5.0088062481407799e-52,0,0.999999999999999
0.77949999999999997,0,0,0,0,4.5079256233267016e-52,0,0.999999999999999
0.78000000000000003,0,0,0,0,4.0571330609940318e-52,0,0.999999999999999
0.78049999999999997,0,0,0,0,3.6514197548946283e-52,0,0.999999999999999
0.78100000000000003,0,0,0,0,3.2862777794051656e-52,0,0.999999999999999
0.78149999999999997,0,0,0,0,2.957650001464649e-52,0,0.999999999999999
0.78200000000000003,0,0,0,0,2.661885001318184e-52,0,0.999999999999999
0.78249999999999997,0,0,0,0,2.3956965011863657e-52,0,0.999999999999999
0.78300000000000003,0,0,0,0,2.1561268510677288e-52,0,0.999999999999999
0.78349999999999997,0,0,0,0,1.9405141659609564e-52,0,0.999999999999999
0.78400000000000003,0,0,0,0,1.7464627493648607e-52,0,0.999999999999999
0.78449999999999998,0,0,0,0,1.5718164744283745e-52,0,0.999999999999999
0.78500000000000003,0,0,0,0,1.414634826985537e-52,0,0.999999999999999
0.78549999999999998,0,0,0,0,1.2731713442869835e-52,0,0.999999999999999
0.78600000000000003,0,0,0,0,1.1458542098582852e-52,0,0.999999999999999
0.78649999999999998,0,0,0,0,1.0312687888724567e-52,0,0.999999999999999
0.78700000000000003,0,0,0,0,9.2814190998521087e-53,0,0.999999999999999
0.78749999999999998,0,0,0,0,8.3532771898668984e-53,0,0.999999999999999
0.78800000000000003,0,0,0,0,7.5179494708802078e-53,0,0.999999999999999
0.78849999999999998,0,0,0,0,6.7661545237921862e-53,0,0.999999999999999
0.78900000000000003,0,0,0,0,6.0895390714129671e-53,0,0.999999999999999
0.78949999999999998,0,0,0,0,5.4805851642716709e-53,0,0.999999999999999
0.79000000000000004,0,0,0,0,4.9325266478445039e-53,0,0.999999999999999
0.79049999999999998,0,0,0,0,4.4392739830600531e-53,0,0.999999999999999
0.79100000000000004,0,0,0,0,3.995346584754048e-53,0,0.999999999999999
0.79149999999999998,0,0,0,0,3.5958119262786435e-53,0,0.999999999999999
0.79200000000000004,0,0,0,0,3.2362307336507794e-53,0,0.999999999999999
0.79249999999999998,0,0,0,0,2.9126076602857012e-53,0,0.999999999999999
0.79300000000000004,0,0,0,0,2.6213468942571312e-53,0,0.999999999999999
0.79349999999999998,0,0,0,0,2.359212204831418e-53,0,0.999999999999999
0.79400000000000004,0,0,0,0,2.1232909843482763e-53,0,0.999999999999999
0.79449999999999998,0,0,0,0,1.9109618859134489e-53,0,0.999999999999999
0.79500000000000004,0,0,0,0,1.719865697322104e-53,0,0.999999999999999
0.79549999999999998,0,0,0,0,1.5478791275898937e-53,0,0.999999999999999
0.79600000000000004,0,0,0,0,1.3930912148309043e-53,0,0.999999999999999
0.79649999999999999,0,0,0,0,1.2537820933478138e-53,0,0.999999999999999
0.79700000000000004,0,0,0,0,1.1284038840130325e-53,0,0.999999999999999
0.79749999999999999,0,0,0,0,1.0155634956117291e-53,0,0.999999999999999
0.79800000000000004,0,0,0,0,9.1400714605055627e-54,0,0.999999999999999
0.79849999999999999,0,0,0,0,8.2260643144550064e-54,0,0.999999999999999
0.79900000000000004,0,0,0,0,7.4034578830095067e-54,0,0.999999999999999
0.79949999999999999,0,0,0,0,6.6631120947085552e-54,0,0.999999999999999
0.80000000000000004,0,0,0,0,5.9968008852376996e-54,0,0.999999999999999
0.80049999999999999,0,0,0,0,5.3971207967139301e-54,0,0.999999999999999
0.80100000000000005,0,0,0,0,4.8574087170425368e-54,0,0.999999999999999
0.80149999999999999,0,0,0,0,4.3716678453382839e-54,0,0.999999999999999
0.80200000000000005,0,0,0,0,3.9345010608044554e-54,0,0.999999999999999
0.80249999999999999,0,0,0,0,3.5410509547240097e-54,0,0.999999999999999
0.80300000000000005,0,0,0,0,3.1869458592516086e-54,0,0.999999999999999
0.80349999999999999,0,0,0,0,2.8682512733264481e-54,0,0.999999999999999
0.80400000000000005,0,0,0,0,2.5814261459938035e-54,0,0.999999999999999
0.80449999999999999,0,0,0,0,2.3232835313944231e-54,0,0.999999999999999
0.80500000000000005,0,0,0,0,2.0909551782549808e-54,0,0.999999999999999
0.80549999999999999,0,0,0,0,1.8818596604294828e-54,0,0.999999999999999
0.80600000000000005,0,0,0,0,1.6936736943865347e-54,0,0.999999999999999
0.80649999999999999,0,0,0,0,1.5243063249478813e-54,0,0.999999999999999
0.80700000000000005,0,0,0,0,1.3718756924530931e-54,0,0.999999999999999
0.8075,0,0,0,0,1.2346881232077839e-54,0,0.999999999999999
0.80800000000000005,0,0,0,0,1.1112193108870055e-54,0,0.999999999999999
0.8085,0,0,0,0,1.0000973797983049e-54,0,0.999999999999999
0.80900000000000005,0,0,0,0,9.0008764181847437e-55,0,0.999999999999999
0.8095,0,0,0,0,8.1007887763662707e-55,0,0.999999999999999
0.81000000000000005,0,0,0,0,7.2907098987296423e-55,0,0.999999999999999
0.8105,0,0,0,0,6.5616389088566782e-55,0,0.999999999999999
0.81100000000000005,0,0,0,0,5.9054750179710104e-55,0,0.999999999999999
0.8115,0,0,0,0,5.3149275161739095e-55,0,0.999999999999999
0.81200000000000006,0,0,0,0,4.7834347645565189e-55,0,0.999999999999999
0.8125,0,0,0,0,4.3050912881008668e-55,0,0.999999999999999
0.81299999999999994,0,0,0,0,3.87458215929078e-55,0,0.999999999999999
0.8135,0,0,0,0,3.4871239433617018e-55,0,0.999999999999999
0.81399999999999995,0,0,0,0,3.138411549025532e-55,0,0.999999999999999
0.8145,0,0,0,0,2.8245703941229785e-55,0,0.999999999999999
0.81499999999999995,0,0,0,0,2.5421133547106807e-55,0,0.999999999999999
0.8155,0,0,0,0,2.2879020192396125e-55,0,0.999999999999999
0.81599999999999995,0,0,0,0,2.0591118173156513e-55,0,0.999999999999999
0.8165,0,0,0,0,1.8532006355840862e-55,0,0.999999999999999
0.81699999999999995,0,0,0,0,1.6678805720256778e-55,0,0.999999999999999
0.8175,0,0,0,0,1.5010925148231099e-55,0,0.999999999999999
0.81799999999999995,0,0,0,0,1.3509832633407988e-55,0,0.999999999999999
0.81850000000000001,0,0,0,0,1.215884937006719e-55,0,0.999999999999999
0.81899999999999995,0,0,0,0,1.094296443306047e-55,0,0.999999999999999
0.81950000000000001,0,0,0,0,9.8486679897544241e-56,0,0.999999999999999
0.81999999999999995,0,0,0,0,8.8638011907789819e-56,0,0.999999999999999
0.82050000000000001,0,0,0,0,7.9774210717010828e-56,0,0.999999999999999
0.82099999999999995,0,0,0,0,7.1796789645309747e-56,0,0.999999999999999
0.82150000000000001,0,0,0,0,6.4617110680778776e-56,0,0.999999999999999
0.82199999999999995,0,0,0,0,5.8155399612700901e-56,0,0.999999999999999
0.82250000000000001,0,0,0,0,5.2339859651430812e-56,0,0.999999999999999
0.82299999999999995,0,0,0,0,4.7105873686287726e-56,0,0.999999999999999
0.82350000000000001,0,0,0,0,4.2395286317658958e-56,0,0.999999999999999
0.82399999999999995,0,0,0,0,3.815575768589306e-56,0,0.999999999999999
0.82450000000000001,0,0,0,0,3.4340181917303749e-56,0,0.999999999999999
0.82499999999999996,0,0,0,0,3.0906163725573372e-56,0,0.999999999999999
0.82550000000000001,0,0,0,0,2.7815547353016038e-56,0,0.999999999999999
0.82599999999999996,0,0,0,0,2.5033992617714433e-56,0,0.999999999999999
0.82650000000000001,0,0,0,0,2.253059335594299e-56,0,0.999999999999999
0.82699999999999996,0,0,0,0,2.0277534020348691e-56,0,0.999999999999999
0.82750000000000001,0,0,0,0,1.8249780618313822e-56,0,0.999999999999999
0.82799999999999996,0,0,0,0,1.6424802556482439e-56,0,0.999999999999999
0.82850000000000001,0,0,0,0,1.4782322300834196e-56,0,0.999999999999999
0.82899999999999996,0,0,0,0,1.3304090070750774e-56,0,0.999999999999999
0.82950000000000002,0,0,0,0,1.1973681063675697e-56,0,0.999999999999999
0.82999999999999996,0,0,0,0,1.0776312957308128e-56,0,0.999999999999999
0.83050000000000002,0,0,0,0,9.6986816615773148e-57,0,0.999999999999999
0.83099999999999996,0,0,0,0,8.7288134954195834e-57,0,0.999999999999999
0.83150000000000002,0,0,0,0,7.8559321458776251e-57,0,0.999999999999999
0.83199999999999996,0,0,0,0,7.0703389312898623e-57,0,0.999999999999999
0.83250000000000002,0,0,0,0,6.3633050381608768e-57,0,0.999999999999999
0.83299999999999996,0,0,0,0,5.7269745343447897e-57,0,0.999999999999999
0.83350000000000002,0,0,0,0,5.1542770809103099e-57,0,0.999999999999999
0.83399999999999996,0,0,0,0,4.6388493728192795e-57,0,0.999999999999999
0.83450000000000002,0,0,0,0,4.1749644355373517e-57,0,0.999999999999999
0.83499999999999996,0,0,0,0,3.7574679919836162e-57,0,0.999999999999999
0.83550000000000002,0,0,0,0,3.3817211927852547e-57,0,0.999999999999999
0.83599999999999997,0,0,0,0,3.0435490735067294e-57,0,0.999999999999999
0.83650000000000002,0,0,0,0,2.7391941661560568e-57,0,0.999999999999999
0.83699999999999997,0,0,0,0,2.465274749540451e-57,0,0.999999999999999
0.83750000000000002,0,0,0,0,2.2187472745864058e-57,0,0.999999999999999
0.83799999999999997,0,0,0,0,1.9968725471277653e-57,0,0.999999999999999
0.83850000000000002,0,0,0,0,1.7971852924149886e-57,0,0.999999999999999
0.83899999999999997,0,0,0,0,1.6174667631734898e-57,0,0.999999999999999
0.83950000000000002,0,0,0,0,1.4557200868561405e-57,0,0.999999999999999
0.83999999999999997,0,0,0,0,1.3101480781705265e-57,0,0.999999999999999
0.84050000000000002,0,0,0,0,1.1791332703534738e-57,0,0.999999999999999
0.84099999999999997,0,0,0,0,1.0612199433181264e-57,0,0.999999999999999
0.84150000000000003,0,0,0,0,9.5509794898631375e-58,0,0.999999999999999
0.84199999999999997,0,0,0,0,8.5958815408768243e-58,0,0.999999999999999
0.84250000000000003,0,0,0,0,7.7362933867891412e-58,0,0.999999999999999
0.84299999999999997,0,0,0,0,6.9626640481102268e-58,0,0.999999999999999
0.84350000000000003,0,0,0,0,6.2663976432992034e-58,0,0.999999999999999
0.84399999999999997,0,0,0,0,5.6397578789692835e-58,0,0.999999999999999
0.84450000000000003,0,0,0,0,5.0757820910723548e-58,0,0.999999999999999
0.84499999999999997,0,0,0,0,4.5682038819651189e-58,0,0.999999999999999
0.84550000000000003,0,0,0,0,4.1113834937686073e-58,0,0.999999999999999
0.84599999999999997,0,0,0,0,3.7002451443917465e-58,0,0.999999999999999
0.84650000000000003,0,0,0,0,3.3302206299525719e-58,0,0.999999999999999
0.84699999999999998,0,0,0,0,2.9971985669573147e-58,0,0.999999999999999
0.84750000000000003,0,0,0,0,2.6974787102615835e-58,0,0.999999999999999
0.84799999999999998,0,0,0,0,2.427730839235425e-58,0,0.999999999999999
0.84850000000000003,0,0,0,0,2.1849577553118825e-58,0,0.999999999999999
0.84899999999999998,0,0,0,0,1.9664619797806941e-58,0,0.999999999999999
0.84950000000000003,0,0,0,0,1.7698157818026249e-58,0,0.999999999999999
0.84999999999999998,0,0,0,0,1.5928342036223623e-58,0,0.999999999999999
0.85050000000000003,0,0,0,0,1.4335507832601262e-58,0,0.999999999999999
0.85099999999999998,0,0,0,0,1.2901957049341135e-58,0,0.999999999999999
0.85150000000000003,0,0,0,0,1.161176134440702e-58,0,0.999999999999999
0.85199999999999998,0,0,0,0,1.0450585209966318e-58,0,0.999999999999999
0.85250000000000004,0,0,0,0,9.4055266889696868e-59,0,0.999999999999999
0.85299999999999998,0,0,0,0,8.4649740200727183e-59,0,0.999999999999999
0.85350000000000004,0,0,0,0,7.6184766180654463e-59,0,0.999999999999999
0.85399999999999998,0,0,0,0,6.8566289562589007e-59,0,0.999999999999999
0.85450000000000004,0,0,0,0,6.1709660606330115e-59,0,0.999999999999999
0.85499999999999998,0,0,0,0,5.5538694545697102e-59,0,0.999999999999999
0.85550000000000004,0,0,0,0,4.9984825091127386e-59,0,0.999999999999999
0.85599999999999998,0,0,0,0,4.4986342582014647e-59,0,0.999999999999999
0.85650000000000004,0,0,0,0,4.0487708323813186e-59,0,0.999999999999999
0.85699999999999998,0,0,0,0,3.6438937491431861e-59,0,0.999999999999999
0.85750000000000004,0,0,0,0,3.2795043742288676e-59,0,0.999999999999999
0.85799999999999998,0,0,0,0,2.9515539368059812e-59,0,0.999999999999999
0.85850000000000004,0,0,0,0,2.656398543125383e-59,0,0.999999999999999
0.85899999999999999,0,0,0,0,2.3907586888128445e-59,0,0.999999999999999
0.85950000000000004,0,0,0,0,2.1516828199315601e-59,0,0.999999999999999
0.85999999999999999,0,0,0,0,1.936514537938404e-59,0,0.999999999999999
0.86050000000000004,0,0,0,0,1.7428630841445637e-59,0,0.999999999999999
0.86099999999999999,0,0,0,0,1.5685767757301075e-59,0,0.999999999999999
0.86150000000000004,0,0,0,0,1.4117190981570968e-59,0,0.999999999999999
0.86199999999999999,0,0,0,0,1.2705471883413872e-59,0,0.999999999999999
0.86250000000000004,0,0,0,0,1.1434924695072484e-59,0,0.999999999999999
0.86299999999999999,0,0,0,0,1.0291432225565234e-59,0,0.999999999999999
0.86350000000000005,0,0,0,0,9.2622890030087121e-60,0,0.999999999999999
0.86399999999999999,0,0,0,0,8.3360601027078405e-60,0,0.999999999999999
0.86450000000000005,0,0,0,0,7.5024540924370574e-60,0,0.999999999999999
0.86499999999999999,0,0,0,0,6.7522086831933517e-60,0,0.999999999999999
0.86550000000000005,0,0,0,0,6.0769878148740167e-60,0,0.999999999999999
0.86599999999999999,0,0,0,0,5.4692890333866153e-60,0,0.999999999999999
0.86650000000000005,0,0,0,0,4.9223601300479536e-60,0,0.999999999999999
0.86699999999999999,0,0,0,0,4.4301241170431577e-60,0,0.999999999999999
0.86750000000000005,0,0,0,0,3.9871117053388416e-60,0,0.999999999999999
0.86799999999999999,0,0,0,0,3.5884005348049578e-60,0,0.999999999999999
0.86850000000000005,0,0,0,0,3.2295604813244619e-60,0,0.999999999999999
0.86899999999999999,0,0,0,0,2.9066044331920151e-60,0,0.999999999999999
0.86950000000000005,0,0,0,0,2.6159439898728138e-60,0,0.999999999999999
0.87,0,0,0,0,2.3543495908855324e-60,0,0.999999999999999
0.87050000000000005,0,0,0,0,2.1189146317969793e-60,0,0.999999999999999
0.871,0,0,0,0,1.9070231686172813e-60,0,0.999999999999999
0.87150000000000005,0,0,0,0,1.7163208517555533e-60,0,0.999999999999999
0.872,0,0,0,0,1.5446887665799982e-60,0,0.999999999999999
0.87250000000000005,0,0,0,0,1.3902198899219984e-60,0,0.999999999999999
0.873,0,0,0,0,1.2511979009297986e-60,0,0.999999999999999
0.87350000000000005,0,0,0,0,1.1260781108368187e-60,0,0.999999999999999
0.874,0,0,0,0,1.0134702997531367e-60,0,0.999999999999999
0.87450000000000006,0,0,0,0,9.1212326977782304e-61,0,0.999999999999999
0.875,0,0,0,0,8.2091094280004067e-61,0,0.999999999999999
0.87549999999999994,0,0,0,0,7.388198485200366e-61,0,0.999999999999999
0.876,0,0,0,0,6.6493786366803297e-61,0,0.999999999999999
0.87649999999999995,0,0,0,0,5.9844407730122973e-61,0,0.999999999999999
0.877,0,0,0,0,5.3859966957110674e-61,0,0.999999999999999
0.87749999999999995,0,0,0,0,4.8473970261399604e-61,0,0.999999999999999
0.878,0,0,0,0,4.3626573235259646e-61,0,0.999999999999999
0.87849999999999995,0,0,0,0,3.926391591173368e-61,0,0.999999999999999
0.879,0,0,0,0,3.5337524320560314e-61,0,0.999999999999999
0.87949999999999995,0,0,0,0,3.1803771888504282e-61,0,0.999999999999999
0.88,0,0,0,0,2.8623394699653853e-61,0,0.999999999999999
0.88049999999999995,0,0,0,0,2.576105522968847e-61,0,0.999999999999999
0.88100000000000001,0,0,0,0,2.3184949706719625e-61,0,0.999999999999999
0.88149999999999995,0,0,0,0,2.0866454736047662e-61,0,0.999999999999999
0.88200000000000001,0,0,0,0,1.8779809262442897e-61,0,0.999999999999999
0.88249999999999995,0,0,0,0,1.6901828336198605e-61,0,0.999999999999999
0.88300000000000001,0,0,0,0,1.5211645502578745e-61,0,0.999999999999999
0.88349999999999995,0,0,0,0,1.369048095232087e-61,0,0.999999999999999
0.88400000000000001,0,0,0,0,1.2321432857088783e-61,0,0.999999999999999
0.88449999999999995,0,0,0,0,1.1089289571379905e-61,0,0.999999999999999
0.88500000000000001,0,0,0,0,9.9803606142419141e-62,0,0.999999999999999
0.88549999999999995,0,0,0,0,8.9823245528177224e-62,0,0.999999999999999
0.88600000000000001,0,0,0,0,8.0840920975359501e-62,0,0.999999999999999
0.88649999999999995,0,0,0,0,7.2756828877823555e-62,0,0.999999999999999
0.88700000000000001,0,0,0,0,6.5481145990041198e-62,0,0.999999999999999
0.88749999999999996,0,0,0,0,5.8933031391037079e-62,0,0.999999999999999
0.88800000000000001,0,0,0,0,5.3039728251933372e-62,0,0.999999999999999
0.88849999999999996,0,0,0,0,4.7735755426740035e-62,0,0.999999999999999
0.88900000000000001,0,0,0,0,4.2962179884066026e-62,0,0.999999999999999
0.88949999999999996,0,0,0,0,3.8665961895659431e-62,0,0.999999999999999
0.89000000000000001,0,0,0,0,3.4799365706093483e-62,0,0.999999999999999
0.89049999999999996,0,0,0,0,3.1319429135484137e-62,0,0.999999999999999
0.89100000000000001,0,0,0,0,2.8187486221935723e-62,0,0.999999999999999
0.89149999999999996,0,0,0,0,2.5368737599742153e-62,0,0.999999999999999
0.89200000000000002,0,0,0,0,2.2831863839767935e-62,0,0.999999999999999
0.89249999999999996,0,0,0,0,2.0548677455791143e-62,0,0.999999999999999
0.89300000000000002,0,0,0,0,1.8493809710212029e-62,0,0.999999999999999
0.89349999999999996,0,0,0,0,1.6644428739190825e-62,0,0.999999999999999
0.89400000000000002,0,0,0,0,1.4979985865271741e-62,0,0.999999999999999
0.89449999999999996,0,0,0,0,1.3481987278744568e-62,0,0.999999999999999
0.89500000000000002,0,0,0,0,1.2133788550870111e-62,0,0.999999999999999
0.89549999999999996,0,0,0,0,1.0920409695783098e-62,0,0.999999999999999
0.89600000000000002,0,0,0,0,9.82836872620479e-63,0,0.999999999999999
0.89649999999999996,0,0,0,0,8.8455318535843112e-63,0,0.999999999999999
0.89700000000000002,0,0,0,0,7.960978668225879e-63,0,0.999999999999999
0.89749999999999996,0,0,0,0,7.1648808014032914e-63,0,0.999999999999999
0.89800000000000002,0,0,0,0,6.4483927212629621e-63,0,0.999999999999999
0.89849999999999997,0,0,0,0,5.8035534491366658e-63,0,0.999999999999999
0.89900000000000002,0,0,0,0,5.2231981042229998e-63,0,0.999999999999999
0.89949999999999997,0,0,0,0,4.7008782938007002e-63,0,0.999999999999999
0.90000000000000002,0,0,0,0,4.2307904644206298e-63,0,0.999999999999999
0.90049999999999997,0,0,0,0,3.8077114179785669e-63,0,0.999999999999999
0.90100000000000002,0,0,0,0,3.4269402761807103e-63,0,0.999999999999999
0.90149999999999997,0,0,0,0,3.0842462485626396e-63,0,0.999999999999999
0.90200000000000002,0,0,0,0,2.7758216237063754e-63,0,0.999999999999999
0.90249999999999997,0,0,0,0,2.4982394613357378e-63,0,0.999999999999999
0.90300000000000002,0,0,0,0,2.2484155152021641e-63,0,0.999999999999999
0.90349999999999997,0,0,0,0,2.0235739636819476e-63,0,0.999999999999999
0.90400000000000003,0,0,0,0,1.8212165673137529e-63,0,0.999999999999999
0.90449999999999997,0,0,0,0,1.6390949105823775e-63,0,0.999999999999999
0.90500000000000003,0,0,0,0,1.4751854195241399e-63,0,0.999999999999999
0.90549999999999997,0,0,0,0,1.327666877571726e-63,0,0.999999999999999
0.90600000000000003,0,0,0,0,1.1949001898145534e-63,0,0.999999999999999
0.90649999999999997,0,0,0,0,1.0754101708330979e-63,0,0.999999999999999
0.90700000000000003,0,0,0,0,9.6786915374978823e-64,0,0.999999999999999
0.90749999999999997,0,0,0,0,8.7108223837480935e-64,0,0.999999999999999
0.90800000000000003,0,0,0,0,7.8397401453732844e-64,0,0.999999999999999
0.90849999999999997,0,0,0,0,7.0557661308359567e-64,0,0.999999999999999
0.90900000000000003,0,0,0,0,6.3501895177523607e-64,0,0.999999999999999
0.90949999999999998,0,0,0,0,5.7151705659771251e-64,0,0.999999999999999
0.91000000000000003,0,0,0,0,5.1436535093794125e-64,0,0.999999999999999
0.91049999999999998,0,0,0,0,4.6292881584414714e-64,0,0.999999999999999
0.91100000000000003,0,0,0,0,4.1663593425973241e-64,0,0.999999999999999
0.91149999999999998,0,0,0,0,3.7497234083375916e-64,0,0.999999999999999
0.91200000000000003,0,0,0,0,3.3747510675038319e-64,0,0.999999999999999
0.91249999999999998,0,0,0,0,3.0372759607534489e-64,0,0.999999999999999
0.91300000000000003,0,0,0,0,2.7335483646781039e-64,0,0.999999999999999
0.91349999999999998,0,0,0,0,2.4601935282102937e-64,0,0.999999999999999
0.91400000000000003,0,0,0,0,2.2141741753892646e-64,0,0.999999999999999
0.91449999999999998,0,0,0,0,1.9927567578503378e-64,0,0.999999999999999
0.91500000000000004,0,0,0,0,1.7934810820653041e-64,0,0.999999999999999
0.91549999999999998,0,0,0,0,1.614132973858774e-64,0,0.999999999999999
0.91600000000000004,0,0,0,0,1.4527196764728965e-64,0,0.999999999999999
0.91649999999999998,0,0,0,0,1.3074477088256071e-64,0,0.999999999999999
0.91700000000000004,0,0,0,0,1.1767029379430463e-64,0,0.999999999999999
0.91749999999999998,0,0,0,0,1.0590326441487417e-64,0,0.999999999999999
0.91800000000000004,0,0,0,0,9.5312937973386764e-65,0,0.999999999999999
0.91849999999999998,0,0,0,0,8.5781644176048094e-65,0,0.999999999999999
0.91900000000000004,0,0,0,0,7.7203479758443273e-65,0,0.999999999999999
0.91949999999999998,0,0,0,0,6.9483131782598939e-65,0,0.999999999999999
0.92000000000000004,0,0,0,0,6.2534818604339046e-65,0,0.999999999999999
0.92049999999999998,0,0,0,0,5.6281336743905141e-65,0,0.999999999999999
0.92100000000000004,0,0,0,0,5.0653203069514622e-65,0,0.999999999999999
0.92149999999999999,0,0,0,0,4.5587882762563162e-65,0,0.999999999999999
0.92200000000000004,0,0,0,0,4.102909448630685e-65,0,0.999999999999999
0.92249999999999999,0,0,0,0,3.692618503767616e-65,0,0.999999999999999
0.92300000000000004,0,0,0,0,3.3233566533908543e-65,0,0.999999999999999
0.92349999999999999,0,0,0,0,2.9910209880517688e-65,0,0.999999999999999
0.92400000000000004,0,0,0,0,2.6919188892465918e-65,0,0.999999999999999
0.92449999999999999,0,0,0,0,2.4227270003219327e-65,0,0.999999999999999
0.92500000000000004,0,0,0,0,2.1804543002897395e-65,0,0.999999999999999
0.92549999999999999,0,0,0,0,1.9624088702607658e-65,0,0.999999999999999
0.92600000000000005,0,0,0,0,1.7661679832346892e-65,0,0.999999999999999
0.92649999999999999,0,0,0,0,1.5895511849112204e-65,0,0.999999999999999
0.92700000000000005,0,0,0,0,1.4305960664200984e-65,0,0.999999999999999
0.92749999999999999,0,0,0,0,1.2875364597780886e-65,0,0.999999999999999
0.92800000000000005,0,0,0,0,1.1587828138002797e-65,0,0.999999999999999
0.92849999999999999,0,0,0,0,1.0429045324202519e-65,0,0.999999999999999
0.92900000000000005,0,0,0,0,9.3861407917822657e-66,0,0.999999999999999
0.92949999999999999,0,0,0,0,8.4475267126040403e-66,0,0.999999999999999
0.93000000000000005,0,0,0,0,7.6027740413436355e-66,0,0.999999999999999
0.93049999999999999,0,0,0,0,6.8424966372092717e-66,0,0.999999999999999
0.93100000000000005,0,0,0,0,6.1582469734883441e-66,0,0.999999999999999
0.93149999999999999,0,0,0,0,5.5424222761395097e-66,0,0.999999999999999
0.93200000000000005,0,0,0,0,4.988180048525559e-66,0,0.999999999999999
0.9325,0,0,0,0,4.4893620436730029e-66,0,0.999999999999999
0.93300000000000005,0,0,0,0,4.0404258393057026e-66,0,0.999999999999999
0.9335,0,0,0,0,3.6363832553751322e-66,0,0.999999999999999
0.93400000000000005,0,0,0,0,3.2727449298376193e-66,0,0.999999999999999
0.9345,0,0,0,0,2.945470436853857e-66,0,0.999999999999999
0.93500000000000005,0,0,0,0,2.6509233931684713e-66,0,0.999999999999999
0.9355,0,0,0,0,2.3858310538516239e-66,0,0.999999999999999
0.93600000000000005,0,0,0,0,2.1472479484664617e-66,0,0.999999999999999
0.9365,0,0,0,0,1.9325231536198153e-66,0,0.999999999999999
0.93700000000000006,0,0,0,0,1.7392708382578339e-66,0,0.999999999999999
0.9375,0,0,0,0,1.5653437544320504e-66,0,0.999999999999999
0.93799999999999994,0,0,0,0,1.4088093789888453e-66,0,0.999999999999999
0.9385,0,0,0,0,1.267928441089961e-66,0,0.999999999999999
0.93899999999999995,0,0,0,0,1.1411355969809648e-66,0,0.999999999999999
0.9395,0,0,0,0,1.0270220372828684e-66,0,0.999999999999999
0.93999999999999995,0,0,0,0,9.2431983355458157e-67,0,0.999999999999999
0.9405,0,0,0,0,8.3188785019912345e-67,0,0.999999999999999
0.94099999999999995,0,0,0,0,7.4869906517921104e-67,0,0.999999999999999
0.9415,0,0,0,0,6.7382915866128989e-67,0,0.999999999999999
0.94199999999999995,0,0,0,0,6.0644624279516087e-67,0,0.999999999999999
0.9425,0,0,0,0,5.4580161851564475e-67,0,0.999999999999999
0.94299999999999995,0,0,0,0,4.9122145666408035e-67,0,0.999999999999999
0.94350000000000001,0,0,0,0,4.4209931099767231e-67,0,0.999999999999999
0.94399999999999995,0,0,0,0,3.9788937989790513e-67,0,0.999999999999999
0.94450000000000001,0,0,0,0,3.5810044190811461e-67,0,0.999999999999999
0.94499999999999995,0,0,0,0,3.222903977173031e-67,0,0.999999999999999
0.94550000000000001,0,0,0,0,2.9006135794557283e-67,0,0.999999999999999
0.94599999999999995,0,0,0,0,2.6105522215101554e-67,0,0.999999999999999
0.94650000000000001,0,0,0,0,2.3494969993591397e-67,0,0.999999999999999
0.94699999999999995,0,0,0,0,2.1145472994232256e-67,0,0.999999999999999
0.94750000000000001,0,0,0,0,1.9030925694809032e-67,0,0.999999999999999
0.94799999999999995,0,0,0,0,1.712783312532813e-67,0,0.999999999999999
0.94850000000000001,0,0,0,0,1.5415049812795315e-67,0,0.999999999999999
0.94899999999999995,0,0,0,0,1.3873544831515785e-67,0,0.999999999999999
0.94950000000000001,0,0,0,0,1.2486190348364206e-67,0,0.999999999999999
0.94999999999999996,0,0,0,0,1.1237571313527785e-67,0,0.999999999999999
0.95050000000000001,0,0,0,0,1.0113814182175008e-67,0,0.999999999999999
0.95099999999999996,0,0,0,0,9.1024327639575057e-68,0,0.999999999999999
0.95150000000000001,0,0,0,0,8.1921894875617566e-68,0,0.999999999999999
0.95199999999999996,0,0,0,0,7.37297053880558e-68,0,0.999999999999999
0.95250000000000001,0,0,0,0,6.6356734849250222e-68,0,0.999999999999999
0.95299999999999996,0,0,0,0,5.9721061364325196e-68,0,0.999999999999999
0.95350000000000001,0,0,0,0,5.3748955227892677e-68,0,0.999999999999999
0.95399999999999996,0,0,0,0,4.8374059705103406e-68,0,0.999999999999999
0.95450000000000002,0,0,0,0,4.3536653734593071e-68,0,0.999999999999999
0.95499999999999996,0,0,0,0,3.9182988361133762e-68,0,0.999999999999999
0.95550000000000002,0,0,0,0,3.5264689525020381e-68,0,0.999999999999999
0.95599999999999996,0,0,0,0,3.1738220572518344e-68,0,0.999999999999999
0.95650000000000002,0,0,0,0,2.8564398515266508e-68,0,0.999999999999999
0.95699999999999996,0,0,0,0,2.5707958663739858e-68,0,0.999999999999999
0.95750000000000002,0,0,0,0,2.3137162797365873e-68,0,0.999999999999999
0.95799999999999996,0,0,0,0,2.0823446517629286e-68,0,0.999999999999999
0.95850000000000002,0,0,0,0,1.8741101865866355e-68,0,0.999999999999999
0.95899999999999996,0,0,0,0,1.6866991679279718e-68,0,0.999999999999999
0.95950000000000002,0,0,0,0,1.5180292511351746e-68,0,0.999999999999999
0.95999999999999996,0,0,0,0,1.3662263260216571e-68,0,0.999999999999999
0.96050000000000002,0,0,0,0,1.2296036934194916e-68,0,0.999999999999999
0.96099999999999997,0,0,0,0,1.1066433240775423e-68,0,0.999999999999999
0.96150000000000002,0,0,0,0,9.9597899166978816e-69,0,0.999999999999999
0.96199999999999997,0,0,0,0,8.9638109250280934e-69,0,0.999999999999999
0.96250000000000002,0,0,0,0,8.0674298325252848e-69,0,0.999999999999999
0.96299999999999997,0,0,0,0,7.260686849272756e-69,0,0.999999999999999
0.96350000000000002,0,0,0,0,6.5346181643454796e-69,0,0.999999999999999
0.96399999999999997,0,0,0,0,5.8811563479109316e-69,0,0.999999999999999
0.96450000000000002,0,0,0,0,5.2930407131198387e-69,0,0.999999999999999
0.96499999999999997,0,0,0,0,4.7637366418078548e-69,0,0.999999999999999
0.96550000000000002,0,0,0,0,4.2873629776270688e-69,0,0.999999999999999
0.96599999999999997,0,0,0,0,3.8586266798643625e-69,0,0.999999999999999
0.96650000000000003,0,0,0,0,3.4727640118779259e-69,0,0.999999999999999
0.96699999999999997,0,0,0,0,3.1254876106901338e-69,0,0.999999999999999
0.96750000000000003,0,0,0,0,2.8129388496211206e-69,0,0.999999999999999
0.96799999999999997,0,0,0,0,2.5316449646590085e-69,0,0.999999999999999
0.96850000000000003,0,0,0,0,2.2784804681931074e-69,0,0.999999999999999
0.96899999999999997,0,0,0,0,2.0506324213737969e-69,0,0.999999999999999
0.96950000000000003,0,0,0,0,1.8455691792364171e-69,0,0.999999999999999
0.96999999999999997,0,0,0,0,1.6610122613127753e-69,0,0.999999999999999
0.97050000000000003,0,0,0,0,1.4949110351814977e-69,0,0.999999999999999
0.97099999999999997,0,0,0,0,1.3454199316633481e-69,0,0.999999999999999
0.97150000000000003,0,0,0,0,1.2108779384970131e-69,0,0.999999999999999
0.97199999999999998,0,0,0,0,1.0897901446473118e-69,0,0.999999999999999
0.97250000000000003,0,0,0,0,9.8081113018258063e-70,0,0.999999999999999
0.97299999999999998,0,0,0,0,8.8273001716432253e-70,0,0.999999999999999
0.97350000000000003,0,0,0,0,7.9445701544789031e-70,0,0.999999999999999
0.97399999999999998,0,0,0,0,7.1501131390310126e-70,0,0.999999999999999
0.97450000000000003,0,0,0,0,6.4351018251279117e-70,0,0.999999999999999
0.97499999999999998,0,0,0,0,5.7915916426151196e-70,0,0.999999999999999
0.97550000000000003,0,0,0,0,5.2124324783536079e-70,0,0.999999999999999
0.97599999999999998,0,0,0,0,4.6911892305182472e-70,0,0.999999999999999
0.97650000000000003,0,0,0,0,4.2220703074664221e-70,0,0.999999999999999
0.97699999999999998,0,0,0,0,3.7998632767197799e-70,0,0.999999999999999
0.97750000000000004,0,0,0,0,3.4198769490478016e-70,0,0.999999999999999
0.97799999999999998,0,0,0,0,3.077889254143022e-70,0,0.999999999999999
0.97850000000000004,0,0,0,0,2.7701003287287195e-70,0,0.999999999999999
0.97899999999999998,0,0,0,0,2.4930902958558475e-70,0,0.999999999999999
0.97950000000000004,0,0,0,0,2.2437812662702628e-70,0,0.999999999999999
0.97999999999999998,0,0,0,0,2.0194031396432366e-70,0,0.999999999999999
0.98050000000000004,0,0,0,0,1.8174628256789128e-70,0,0.999999999999999
0.98099999999999998,0,0,0,0,1.6357165431110217e-70,0,0.999999999999999
0.98150000000000004,0,0,0,0,1.4721448887999195e-70,0,0.999999999999999
0.98199999999999998,0,0,0,0,1.3249303999199275e-70,0,0.999999999999999
0.98250000000000004,0,0,0,0,1.1924373599279346e-70,0,0.999999999999999
0.98299999999999998,0,0,0,0,1.0731936239351413e-70,0,0.999999999999999
0.98350000000000004,0,0,0,0,9.6587426154162712e-71,0,0.999999999999999
0.98399999999999999,0,0,0,0,8.6928683538746448e-71,0,0.999999999999999
0.98450000000000004,0,0,0,0,7.8235815184871804e-71,0,0.999999999999999
0.98499999999999999,0,0,0,0,7.0412233666384619e-71,0,0.999999999999999
0.98550000000000004,0,0,0,0,6.3371010299746152e-71,0,0.999999999999999
0.98599999999999999,0,0,0,0,5.7033909269771537e-71,0,0.999999999999999
0.98650000000000004,0,0,0,0,5.1330518342794382e-71,0,0.999999999999999
0.98699999999999999,0,0,0,0,4.6197466508514948e-71,0,0.999999999999999
0.98750000000000004,0,0,0,0,4.1577719857663449e-71,0,0.999999999999999
0.98799999999999999,0,0,0,0,3.7419947871897112e-71,0,0.999999999999999
0.98850000000000005,0,0,0,0,3.3677953084707397e-71,0,0.999999999999999
0.98899999999999999,0,0,0,0,3.0310157776236661e-71,0,0.999999999999999
0.98950000000000005,0,0,0,0,2.7279141998612995e-71,0,0.999999999999999
0.98999999999999999,0,0,0,0,2.4551227798751693e-71,0,0.999999999999999
0.99050000000000005,0,0,0,0,2.2096105018876523e-71,0,0.999999999999999
0.99099999999999999,0,0,0,0,1.9886494516988871e-71,0,0.999999999999999
0.99150000000000005,0,0,0,0,1.7897845065289982e-71,0,0.999999999999999
0.99199999999999999,0,0,0,0,1.6108060558760984e-71,0,0.999999999999999
0.99250000000000005,0,0,0,0,1.4497254502884886e-71,0,0.999999999999999
0.99299999999999999,0,0,0,0,1.3047529052596398e-71,0,0.999999999999999
0.99350000000000005,0,0,0,0,1.1742776147336758e-71,0,0.999999999999999
0.99399999999999999,0,0,0,0,1.056849853260308e-71,0,0.999999999999999
0.99450000000000005,0,0,0,0,9.5116486793427734e-72,0,0.999999999999999
0.995,0,0,0,0,8.5604838114084963e-72,0,0.999999999999999
0.99550000000000005,0,0,0,0,7.7044354302676474e-72,0,0.999999999999999
0.996,0,0,0,0,6.9339918872408824e-72,0,0.999999999999999
0.99650000000000005,0,0,0,0,6.2405926985167942e-72,0,0.999999999999999
0.997,0,0,0,0,5.6165334286651149e-72,0,0.999999999999999
0.99750000000000005,0,0,0,0,5.0548800857986025e-72,0,0.999999999999999
0.998,0,0,0,0,4.5493920772187425e-72,0,0.999999999999999
0.99850000000000005,0,0,0,0,4.0944528694968681e-72,0,0.999999999999999
0.999,0,0,0,0,3.6850075825471809e-72,0,0.999999999999999
0.99950000000000006,0,0,0,0,3.3165068242924629e-72,0,0.999999999999999
1,0,0,0,0,2.9848561418632163e-72,0,0.999999999999999
1.0004999999999999,0,0,0,0,2.6863705276768945e-72,0,0.999999999999999
1.0009999999999999,0,0,0,0,2.417733474909205e-72,0,0.999999999999999
1.0015000000000001,0,0,0,0,2.1759601274182846e-72,0,0.999999999999999
1.002,0,0,0,0,1.9583641146764562e-72,0,0.999999999999999
1.0024999999999999,0,0,0,0,1.7625277032088104e-72,0,0.999999999999999
1.0029999999999999,0,0,0,0,1.5862749328879293e-72,0,0.999999999999999
1.0035000000000001,0,0,0,0,1.4276474395991363e-72,0,0.999999999999999
1.004,0,0,0,0,1.2848826956392228e-72,0,0.999999999999999
1.0044999999999999,0,0,0,0,1.1563944260753003e-72,0,0.999999999999999
1.0049999999999999,0,0,0,0,1.0407549834677704e-72,0,0.999999999999999
1.0055000000000001,0,0,0,0,9.3667948512099334e-73,0,0.999999999999999
1.006,0,0,0,0,8.4301153660889388e-73,0,0.999999999999999
1.0065,0,0,0,0,7.5871038294800448e-73,0,0.999999999999999
1.0069999999999999,0,0,0,0,6.8283934465320407e-73,0,0.999999999999999
1.0075000000000001,0,0,0,0,6.1455541018788362e-73,0,0.999999999999999
1.008,0,0,0,0,5.5309986916909534e-73,0,0.999999999999999
1.0085,0,0,0,0,4.977898822521858e-73,0,0.999999999999999
1.0089999999999999,0,0,0,0,4.4801089402696727e-73,0,0.999999999999999
1.0095000000000001,0,0,0,0,4.0320980462427058e-73,0,0.999999999999999
1.01,0,0,0,0,3.6288882416184346e-73,0,0.999999999999999
1.0105,0,0,0,0,3.2659994174565911e-73,0,0.999999999999999
1.0109999999999999,0,0,0,0,2.9393994757109318e-73,0,0.999999999999999
1.0115000000000001,0,0,0,0,2.6454595281398389e-73,0,0.999999999999999
1.012,0,0,0,0,2.3809135753258545e-73,0,0.999999999999999
1.0125,0,0,0,0,2.1428222177932691e-73,0,0.999999999999999
1.0129999999999999,0,0,0,0,1.9285399960139422e-73,0,0.999999999999999
1.0135000000000001,0,0,0,0,1.7356859964125481e-73,0,0.999999999999999
1.014,0,0,0,0,1.5621173967712935e-73,0,0.999999999999999
1.0145,0,0,0,0,1.405905657094164e-73,0,0.999999999999999
1.0149999999999999,0,0,0,0,1.2653150913847475e-73,0,0.999999999999999
1.0155000000000001,0,0,0,0,1.1387835822462729e-73,0,0.999999999999999
1.016,0,0,0,0,1.0249052240216456e-73,0,0.999999999999999
1.0165,0,0,0,0,9.2241470161948103e-74,0,0.999999999999999
1.0169999999999999,0,0,0,0,8.3017323145753293e-74,0,0.999999999999999
1.0175000000000001,0,0,0,0,7.4715590831177962e-74,0,0.999999999999999
1.018,0,0,0,0,6.7244031748060155e-74,0,0.999999999999999
1.0185,0,0,0,0,6.0519628573254136e-74,0,0.999999999999999
1.0189999999999999,0,0,0,0,5.446766571592873e-74,0,0.999999999999999
1.0195000000000001,0,0,0,0,4.9020899144335854e-74,0,0.999999999999999
1.02,0,0,0,0,4.4118809229902265e-74,0,0.999999999999999
1.0205,0,0,0,0,3.9706928306912043e-74,0,0.999999999999999
1.0209999999999999,0,0,0,0,3.5736235476220836e-74,0,0.999999999999999
1.0215000000000001,0,0,0,0,3.216261192859875e-74,0,0.999999999999999
1.022,0,0,0,0,2.894635073573888e-74,0,0.999999999999999
1.0225,0,0,0,0,2.6051715662164992e-74,0,0.999999999999999
1.0229999999999999,0,0,0,0,2.3446544095948496e-74,0,0.999999999999999
1.0235000000000001,0,0,0,0,2.1101889686353643e-74,0,0.999999999999999
1.024,0,0,0,0,1.899170071771828e-74,0,0.999999999999999
1.0245,0,0,0,0,1.7092530645946453e-74,0,0.999999999999999
1.0249999999999999,0,0,0,0,1.5383277581351808e-74,0,0.999999999999999
1.0255000000000001,0,0,0,0,1.3844949823216625e-74,0,0.999999999999999
1.026,0,0,0,0,1.2460454840894963e-74,0,0.999999999999999
1.0265,0,0,0,0,1.1214409356805467e-74,0,0.999999999999999
1.0269999999999999,0,0,0,0,1.0092968421124921e-74,0,0.999999999999999
1.0275000000000001,0,0,0,0,9.0836715790124279e-75,0,0.999999999999999
1.028,0,0,0,0,8.1753044211111853e-75,0,0.999999999999999
1.0285,0,0,0,0,7.357773979000066e-75,0,0.999999999999999
1.0289999999999999,0,0,0,0,6.6219965811000592e-75,0,0.999999999999999
1.0295000000000001,0,0,0,0,5.9597969229900527e-75,0,0.999999999999999
1.03,0,0,0,0,5.3638172306910478e-75,0,0.999999999999999
1.0305,0,0,0,0,4.8274355076219429e-75,0,0.999999999999999
1.0309999999999999,0,0,0,0,4.3446919568597487e-75,0,0.999999999999999
1.0315000000000001,0,0,0,0,3.9102227611737736e-75,0,0.999999999999999
1.032,0,0,0,0,3.5192004850563962e-75,0,0.999999999999999
1.0325,0,0,0,0,3.1672804365507567e-75,0,0.999999999999999
1.0329999999999999,0,0,0,0,2.8505523928956809e-75,0,0.999999999999999
1.0335000000000001,0,0,0,0,2.5654971536061128e-75,0,0.999999999999999
1.034,0,0,0,0,2.3089474382455012e-75,0,0.999999999999999
1.0345,0,0,0,0,2.0780526944209513e-75,0,0.999999999999999
1.0349999999999999,0,0,0,0,1.870247424978856e-75,0,0.999999999999999
1.0355000000000001,0,0,0,0,1.6832226824809703e-75,0,0.999999999999999
1.036,0,0,0,0,1.5149004142328733e-75,0,0.999999999999999
1.0365,0,0,0,0,1.3634103728095862e-75,0,0.999999999999999
1.0369999999999999,0,0,0,0,1.2270693355286276e-75,0,0.999999999999999
1.0375000000000001,0,0,0,0,1.1043624019757647e-75,0,0.999999999999999
1.038,0,0,0,0,9.9392616177818809e-76,0,0.999999999999999
1.0385,0,0,0,0,8.9453354560036939e-76,0,0.999999999999999
1.0389999999999999,0,0,0,0,8.0508019104033248e-76,0,0.999999999999999
1.0395000000000001,0,0,0,0,7.2457217193629927e-76,0,0.999999999999999
1.04,0,0,0,0,6.5211495474266927e-76,0,0.999999999999999
1.0405,0,0,0,0,5.8690345926840234e-76,0,0.999999999999999
1.0409999999999999,0,0,0,0,5.2821311334156209e-76,0,0.999999999999999
1.0415000000000001,0,0,0,0,4.7539180200740589e-76,0,0.999999999999999
1.042,0,0,0,0,4.2785262180666532e-76,0,0.999999999999999
1.0425,0,0,0,0,3.8506735962599886e-76,0,0.999999999999999
1.0429999999999999,0,0,0,0,3.4656062366339893e-76,0,0.999999999999999
1.0435000000000001,0,0,0,0,3.1190456129705905e-76,0,0.999999999999999
1.044,0,0,0,0,2.8071410516735317e-76,0,0.999999999999999
1.0445,0,0,0,0,2.5264269465061784e-76,0,0.999999999999999
1.0449999999999999,0,0,0,0,2.2737842518555605e-76,0,0.999999999999999
1.0455000000000001,0,0,0,0,2.0464058266700045e-76,0,0.999999999999999
1.046,0,0,0,0,1.8417652440030041e-76,0,0.999999999999999
1.0465,0,0,0,0,1.6575887196027035e-76,0,0.999999999999999
1.0469999999999999,0,0,0,0,1.4918298476424331e-76,0,0.999999999999999
1.0475000000000001,0,0,0,0,1.3426468628781898e-76,0,0.999999999999999
1.048,0,0,0,0,1.2083821765903709e-76,0,0.999999999999999
1.0485,0,0,0,0,1.0875439589313338e-76,0,0.999999999999999
1.0489999999999999,0,0,0,0,9.7878956303820043e-77,0,0.999999999999999
1.0495000000000001,0,0,0,0,8.8091060673438042e-77,0,0.999999999999999
1.05,0,0,0,0,7.9281954606094244e-77,0,0.999999999999999
1.0505,0,0,0,0,7.1353759145484805e-77,0,0.999999999999999
1.0509999999999999,0,0,0,0,6.4218383230936331e-77,0,0.999999999999999
1.0515000000000001,0,0,0,0,5.7796544907842694e-77,0,0.999999999999999
1.052,0,0,0,0,5.2016890417058423e-77,0,0.999999999999999
1.0525,0,0,0,0,4.6815201375352582e-77,0,0.999999999999999
1.0529999999999999,0,0,0,0,4.2133681237817326e-77,0,0.999999999999999
1.0535000000000001,0,0,0,0,3.7920313114035591e-77,0,0.999999999999999
1.054,0,0,0,0,3.4128281802632036e-77,0,0.999999999999999
1.0545,0,0,0,0,3.0715453622368835e-77,0,0.999999999999999
1.0549999999999999,0,0,0,0,2.7643908260131954e-77,0,0.999999999999999
1.0555000000000001,0,0,0,0,2.4879517434118756e-77,0,0.999999999999999
1.056,0,0,0,0,2.2391565690706882e-77,0,0.999999999999999
1.0565,0,0,0,0,2.0152409121636194e-77,0,0.999999999999999
1.0569999999999999,0,0,0,0,1.8137168209472573e-77,0,0.999999999999999
1.0575000000000001,0,0,0,0,1.6323451388525317e-77,0,0.999999999999999
1.0580000000000001,0,0,0,0,1.4691106249672785e-77,0,0.999999999999999
1.0585,0,0,0,0,1.3221995624705507e-77,0,0.999999999999999
1.0589999999999999,0,0,0,0,1.1899796062234955e-77,0,0.999999999999999
1.0595000000000001,0,0,0,0,1.070981645601146e-77,0,0.999999999999999
1.0600000000000001,0,0,0,0,9.6388348104103134e-78,0,0.999999999999999
1.0605,0,0,0,0,8.6749513293692815e-78,0,0.999999999999999
1.0609999999999999,0,0,0,0,7.8074561964323545e-78,0,0.999999999999999
1.0615000000000001,0,0,0,0,7.0267105767891178e-78,0,0.999999999999999
1.0620000000000001,0,0,0,0,6.3240395191102064e-78,0,0.999999999999999
1.0625,0,0,0,0,5.6916355671991857e-78,0,0.999999999999999
1.0629999999999999,0,0,0,0,5.1224720104792667e-78,0,0.999999999999999
1.0634999999999999,0,0,0,0,4.6102248094313408e-78,0,0.999999999999999
1.0640000000000001,0,0,0,0,4.149202328488207e-78,0,0.999999999999999
1.0645,0,0,0,0,3.7342820956393858e-78,0,0.999999999999999
1.0649999999999999,0,0,0,0,3.3608538860754471e-78,0,0.999999999999999
1.0654999999999999,0,0,0,0,3.0247684974679025e-78,0,0.999999999999999
1.0660000000000001,0,0,0,0,2.7222916477211119e-78,0,0.999999999999999
1.0665,0,0,0,0,2.4500624829490006e-78,0,0.999999999999999
1.0669999999999999,0,0,0,0,2.2050562346541006e-78,0,0.999999999999999
1.0674999999999999,0,0,0,0,1.9845506111886907e-78,0,0.999999999999999
1.0680000000000001,0,0,0,0,1.7860955500698214e-78,0,0.999999999999999
1.0685,0,0,0,0,1.6074859950628391e-78,0,0.999999999999999
1.069,0,0,0,0,1.4467373955565553e-78,0,0.999999999999999
1.0694999999999999,0,0,0,0,1.3020636560008996e-78,0,0.999999999999999
1.0700000000000001,0,0,0,0,1.1718572904008097e-78,0,0.999999999999999
1.0705,0,0,0,0,1.0546715613607286e-78,0,0.999999999999999
1.071,0,0,0,0,9.4920440522465573e-79,0,0.999999999999999
1.0714999999999999,0,0,0,0,8.5428396470219011e-79,0,0.999999999999999
1.0720000000000001,0,0,0,0,7.6885556823197112e-79,0,0.999999999999999
1.0725,0,0,0,0,6.9197001140877395e-79,0,0.999999999999999
1.073,0,0,0,0,6.2277301026789665e-79,0,0.999999999999999
1.0734999999999999,0,0,0,0,5.6049570924110695e-79,0,0.999999999999999
1.0740000000000001,0,0,0,0,5.0444613831699623e-79,0,0.999999999999999
1.0745,0,0,0,0,4.5400152448529659e-79,0,0.999999999999999
1.075,0,0,0,0,4.0860137203676694e-79,0,0.999999999999999
1.0754999999999999,0,0,0,0,3.6774123483309028e-79,0,0.999999999999999
1.0760000000000001,0,0,0,0,3.3096711134978125e-79,0,0.999999999999999
1.0765,0,0,0,0,2.9787040021480311e-79,0,0.999999999999999
1.077,0,0,0,0,2.6808336019332279e-79,0,0.999999999999999
1.0774999999999999,0,0,0,0,2.412750241739905e-79,0,0.999999999999999
1.0780000000000001,0,0,0,0,2.1714752175659147e-79,0,0.999999999999999
1.0785,0,0,0,0,1.9543276958093232e-79,0,0.999999999999999
1.079,0,0,0,0,1.758894926228391e-79,0,0.999999999999999
1.0794999999999999,0,0,0,0,1.5830054336055518e-79,0,0.999999999999999
1.0800000000000001,0,0,0,0,1.4247048902449966e-79,0,0.999999999999999
1.0805,0,0,0,0,1.282234401220497e-79,0,0.999999999999999
1.081,0,0,0,0,1.1540109610984472e-79,0,0.999999999999999
1.0814999999999999,0,0,0,0,1.0386098649886024e-79,0,0.999999999999999
1.0820000000000001,0,0,0,0,9.3474887848974211e-80,0,0.999999999999999
1.0825,0,0,0,0,8.412739906407679e-80,0,0.999999999999999
1.083,0,0,0,0,7.5714659157669117e-80,0,0.999999999999999
1.0834999999999999,0,0,0,0,6.8143193241902204e-80,0,0.999999999999999
1.0840000000000001,0,0,0,0,6.1328873917711991e-80,0,0.999999999999999
1.0845,0,0,0,0,5.5195986525940787e-80,0,0.999999999999999
1.085,0,0,0,0,4.9676387873346709e-80,0,0.999999999999999
1.0854999999999999,0,0,0,0,4.4708749086012035e-80,0,0.999999999999999
1.0860000000000001,0,0,0,0,4.0237874177410831e-80,0,0.999999999999999
1.0865,0,0,0,0,3.621408675966975e-80,0,0.999999999999999
1.087,0,0,0,0,3.2592678083702774e-80,0,0.999999999999999
1.0874999999999999,0,0,0,0,2.9333410275332496e-80,0,0.999999999999999
1.0880000000000001,0,0,0,0,2.6400069247799245e-80,0,0.999999999999999
1.0885,0,0,0,0,2.3760062323019323e-80,0,0.999999999999999
1.089,0,0,0,0,2.1384056090717389e-80,0,0.999999999999999
1.0894999999999999,0,0,0,0,1.924565048164565e-80,0,0.999999999999999
1.0900000000000001,0,0,0,0,1.7321085433481084e-80,0,0.999999999999999
1.0905,0,0,0,0,1.5588976890132975e-80,0,0.999999999999999
1.091,0,0,0,0,1.4030079201119678e-80,0,0.999999999999999
1.0914999999999999,0,0,0,0,1.262707128100771e-80,0,0.999999999999999
1.0920000000000001,0,0,0,0,1.1364364152906939e-80,0,0.999999999999999
1.0925,0,0,0,0,1.0227927737616244e-80,0,0.999999999999999
1.093,0,0,0,0,9.2051349638546202e-81,0,0.999999999999999
1.0934999999999999,0,0,0,0,8.2846214674691574e-81,0,0.999999999999999
1.0940000000000001,0,0,0,0,7.456159320722241e-81,0,0.999999999999999
1.0945,0,0,0,0,6.7105433886500172e-81,0,0.999999999999999
1.095,0,0,0,0,6.039489049785015e-81,0,0.999999999999999
1.0954999999999999,0,0,0,0,5.4355401448065139e-81,0,0.999999999999999
1.0960000000000001,0,0,0,0,4.8919861303258625e-81,0,0.999999999999999
1.0965,0,0,0,0,4.4027875172932764e-81,0,0.999999999999999
1.097,0,0,0,0,3.9625087655639486e-81,0,0.999999999999999
1.0974999999999999,0,0,0,0,3.5662578890075534e-81,0,0.999999999999999
1.0980000000000001,0,0,0,0,3.2096321001067979e-81,0,0.999999999999999
1.0985,0,0,0,0,2.8886688900961183e-81,0,0.999999999999999
1.099,0,0,0,0,2.5998020010865062e-81,0,0.999999999999999
1.0994999999999999,0,0,0,0,2.3398218009778559e-81,0,0.999999999999999
1.1000000000000001,0,0,0,0,2.1058396208800704e-81,0,0.999999999999999
1.1005,0,0,0,0,1.8952556587920635e-81,0,0.999999999999999
1.101,0,0,0,0,1.7057300929128572e-81,0,0.999999999999999
1.1014999999999999,0,0,0,0,1.5351570836215714e-81,0,0.999999999999999
1.1020000000000001,0,0,0,0,1.3816413752594142e-81,0,0.999999999999999
1.1025,0,0,0,0,1.2434772377334728e-81,0,0.999999999999999
1.103,0,0,0,0,1.1191295139601254e-81,0,0.999999999999999
1.1034999999999999,0,0,0,0,1.0072165625641128e-81,0,0.999999999999999
1.1040000000000001,0,0,0,0,9.0649490630770165e-82,0,0.999999999999999
1.1045,0,0,0,0,8.1584541567693152e-82,0,0.999999999999999
1.105,0,0,0,0,7.3426087410923834e-82,0,0.999999999999999
1.1054999999999999,0,0,0,0,6.6083478669831455e-82,0,0.999999999999999
1.1060000000000001,0,0,0,0,5.9475130802848296e-82,0,0.999999999999999
1.1065,0,0,0,0,5.3527617722563472e-82,0,0.999999999999999
1.107,0,0,0,0,4.8174855950307127e-82,0,0.999999999999999
1.1074999999999999,0,0,0,0,4.3357370355276412e-82,0,0.999999999999999
1.1080000000000001,0,0,0,0,3.9021633319748771e-82,0,0.999999999999999
1.1085,0,0,0,0,3.5119469987773896e-82,0,0.999999999999999
1.109,0,0,0,0,3.1607522988996508e-82,0,0.999999999999999
1.1094999999999999,0,0,0,0,2.8446770690096854e-82,0,0.999999999999999
1.1100000000000001,0,0,0,0,2.5602093621087171e-82,0,0.999999999999999
1.1105,0,0,0,0,2.3041884258978453e-82,0,0.999999999999999
1.111,0,0,0,0,2.0737695833080608e-82,0,0.999999999999999
1.1114999999999999,0,0,0,0,1.8663926249772545e-82,0,0.999999999999999
1.1120000000000001,0,0,0,0,1.679753362479529e-82,0,0.999999999999999
1.1125,0,0,0,0,1.5117780262315761e-82,0,0.999999999999999
1.113,0,0,0,0,1.3606002236084184e-82,0,0.999999999999999
1.1134999999999999,0,0,0,0,1.2245402012475768e-82,0,0.999999999999999
1.1140000000000001,0,0,0,0,1.1020861811228191e-82,0,0.999999999999999
1.1145,0,0,0,0,9.9187756301053708e-83,0,0.999999999999999
1.115,0,0,0,0,8.9268980670948344e-83,0,0.999999999999999
1.1154999999999999,0,0,0,0,8.0342082603853508e-83,0,0.999999999999999
1.1160000000000001,0,0,0,0,7.2307874343468165e-83,0,0.999999999999999
1.1165,0,0,0,0,6.5077086909121345e-83,0,0.999999999999999
1.117,0,0,0,0,5.8569378218209211e-83,0,0.999999999999999
1.1174999999999999,0,0,0,0,5.2712440396388296e-83,0,0.999999999999999
1.1180000000000001,0,0,0,0,4.7441196356749467e-83,0,0.999999999999999
1.1185,0,0,0,0,4.2697076721074521e-83,0,0.999999999999999
1.119,0,0,0,0,3.842736904896707e-83,0,0.999999999999999
1.1194999999999999,0,0,0,0,3.4584632144070359e-83,0,0.999999999999999
1.1200000000000001,0,0,0,0,3.1126168929663322e-83,0,0.999999999999999
1.1205000000000001,0,0,0,0,2.801355203669699e-83,0,0.999999999999999
1.121,0,0,0,0,2.5212196833027293e-83,0,0.999999999999999
1.1214999999999999,0,0,0,0,2.2690977149724565e-83,0,0.999999999999999
1.1220000000000001,0,0,0,0,2.0421879434752107e-83,0,0.999999999999999
1.1225000000000001,0,0,0,0,1.8379691491276898e-83,0,0.999999999999999
1.123,0,0,0,0,1.6541722342149209e-83,0,0.999999999999999
1.1234999999999999,0,0,0,0,1.4887550107934289e-83,0,0.999999999999999
1.1240000000000001,0,0,0,0,1.339879509714086e-83,0,0.999999999999999
1.1245000000000001,0,0,0,0,1.2058915587426774e-83,0,0.999999999999999
1.125,0,0,0,0,1.0853024028684097e-83,0,0.999999999999999
1.1254999999999999,0,0,0,0,9.7677216258156884e-84,0,0.999999999999999
1.1259999999999999,0,0,0,0,8.7909494632341188e-84,0,0.999999999999999
1.1265000000000001,0,0,0,0,7.9118545169107058e-84,0,0.999999999999999
1.127,0,0,0,0,7.1206690652196356e-84,0,0.999999999999999
1.1274999999999999,0,0,0,0,6.408602158697673e-84,0,0.999999999999999
1.1279999999999999,0,0,0,0,5.7677419428279057e-84,0,0.999999999999999
1.1285000000000001,0,0,0,0,5.1909677485451148e-84,0,0.999999999999999
1.129,0,0,0,0,4.6718709736906034e-84,0,0.999999999999999
1.1294999999999999,0,0,0,0,4.2046838763215435e-84,0,0.999999999999999
1.1299999999999999,0,0,0,0,3.7842154886893891e-84,0,0.999999999999999
1.1305000000000001,0,0,0,0,3.40579393982045e-84,0,0.999999999999999
1.131,0,0,0,0,3.065214545838405e-84,0,0.999999999999999
1.1315,0,0,0,0,2.7586930912545646e-84,0,0.999999999999999
1.1319999999999999,0,0,0,0,2.4828237821291078e-84,0,0.999999999999999
1.1325000000000001,0,0,0,0,2.2345414039161971e-84,0,0.999999999999999
1.133,0,0,0,0,2.0110872635245774e-84,0,0.999999999999999
1.1335,0,0,0,0,1.8099785371721197e-84,0,0.999999999999999
1.1339999999999999,0,0,0,0,1.6289806834549077e-84,0,0.999999999999999
1.1345000000000001,0,0,0,0,1.4660826151094168e-84,0,0.999999999999999
1.135,0,0,0,0,1.3194743535984752e-84,0,0.999999999999999
1.1355,0,0,0,0,1.1875269182386277e-84,0,0.999999999999999
1.1359999999999999,0,0,0,0,1.0687742264147649e-84,0,0.999999999999999
1.1365000000000001,0,0,0,0,9.6189680377328844e-85,0,0.999999999999999
1.137,0,0,0,0,8.6570712339595961e-85,0,0.999999999999999
1.1375,0,0,0,0,7.791364110563636e-85,0,0.999999999999999
1.1379999999999999,0,0,0,0,7.0122276995072718e-85,0,0.999999999999999
1.1385000000000001,0,0,0,0,6.3110049295565442e-85,0,0.999999999999999
1.139,0,0,0,0,5.6799044366008892e-85,0,0.999999999999999
1.1395,0,0,0,0,5.1119139929408004e-85,0,0.999999999999999
1.1399999999999999,0,0,0,0,4.6007225936467203e-85,0,0.999999999999999
1.1405000000000001,0,0,0,0,4.140650334282048e-85,0,0.999999999999999
1.141,0,0,0,0,3.7265853008538434e-85,0,0.999999999999999
1.1415,0,0,0,0,3.3539267707684591e-85,0,0.999999999999999
1.1419999999999999,0,0,0,0,3.018534093691613e-85,0,0.999999999999999
1.1425000000000001,0,0,0,0,2.7166806843224517e-85,0,0.999999999999999
1.143,0,0,0,0,2.4450126158902067e-85,0,0.999999999999999
1.1435,0,0,0,0,2.200511354301186e-85,0,0.999999999999999
1.1439999999999999,0,0,0,0,1.9804602188710673e-85,0,0.999999999999999
1.1445000000000001,0,0,0,0,1.7824141969839607e-85,0,0.999999999999999
1.145,0,0,0,0,1.6041727772855648e-85,0,0.999999999999999
1.1455,0,0,0,0,1.4437554995570082e-85,0,0.999999999999999
1.1459999999999999,0,0,0,0,1.2993799496013074e-85,0,0.999999999999999
1.1465000000000001,0,0,0,0,1.1694419546411766e-85,0,0.999999999999999
1.147,0,0,0,0,1.0524977591770589e-85,0,0.999999999999999
1.1475,0,0,0,0,9.4724798325935303e-86,0,0.999999999999999
1.1479999999999999,0,0,0,0,8.5252318493341775e-86,0,0.999999999999999
1.1485000000000001,0,0,0,0,7.6727086644007608e-86,0,0.999999999999999
1.149,0,0,0,0,6.9054377979606843e-86,0,0.999999999999999
1.1495,0,0,0,0,6.2148940181646157e-86,0,0.999999999999999
1.1499999999999999,0,0,0,0,5.5934046163481543e-86,0,0.999999999999999
1.1505000000000001,0,0,0,0,5.0340641547133391e-86,0,0.999999999999999
1.151,0,0,0,0,4.5306577392420056e-86,0,0.999999999999999
1.1515,0,0,0,0,4.0775919653178049e-86,0,0.999999999999999
1.1519999999999999,0,0,0,0,3.6698327687860246e-86,0,0.999999999999999
1.1525000000000001,0,0,0,0,3.3028494919074218e-86,0,0.999999999999999
1.153,0,0,0,0,2.9725645427166799e-86,0,0.999999999999999
1.1535,0,0,0,0,2.6753080884450118e-86,0,0.999999999999999
1.1539999999999999,0,0,0,0,2.4077772796005108e-86,0,0.999999999999999
1.1545000000000001,0,0,0,0,2.1669995516404599e-86,0,0.999999999999999
1.155,0,0,0,0,1.9502995964764137e-86,0,0.999999999999999
1.1555,0,0,0,0,1.7552696368287722e-86,0,0.999999999999999
1.1559999999999999,0,0,0,0,1.5797426731458953e-86,0,0.999999999999999
1.1565000000000001,0,0,0,0,1.4217684058313057e-86,0,0.999999999999999
1.157,0,0,0,0,1.2795915652481752e-86,0,0.999999999999999
1.1575,0,0,0,0,1.1516324087233577e-86,0,0.999999999999999
1.1579999999999999,0,0,0,0,1.0364691678510219e-86,0,0.999999999999999
1.1585000000000001,0,0,0,0,9.3282225106591967e-87,0,0.999999999999999
1.159,0,0,0,0,8.3954002595932776e-87,0,0.999999999999999
1.1595,0,0,0,0,7.5558602336339496e-87,0,0.999999999999999
1.1599999999999999,0,0,0,0,6.8002742102705544e-87,0,0.999999999999999
1.1605000000000001,0,0,0,0,6.1202467892434987e-87,0,0.999999999999999
1.161,0,0,0,0,5.5082221103191494e-87,0,0.999999999999999
1.1615,0,0,0,0,4.9573998992872347e-87,0,0.999999999999999
1.1619999999999999,0,0,0,0,4.4616599093585112e-87,0,0.999999999999999
1.1625000000000001,0,0,0,0,4.0154939184226603e-87,0,0.999999999999999
1.163,0,0,0,0,3.6139445265803939e-87,0,0.999999999999999
1.1635,0,0,0,0,3.2525500739223545e-87,0,0.999999999999999
1.1639999999999999,0,0,0,0,2.9272950665301192e-87,0,0.999999999999999
1.1645000000000001,0,0,0,0,2.6345655598771073e-87,0,0.999999999999999
1.165,0,0,0,0,2.3711090038893963e-87,0,0.999999999999999
1.1655,0,0,0,0,2.1339981035004569e-87,0,0.999999999999999
1.1659999999999999,0,0,0,0,1.9205982931504112e-87,0,0.999999999999999
1.1665000000000001,0,0,0,0,1.72853846383537e-87,0,0.999999999999999
1.167,0,0,0,0,1.5556846174518331e-87,0,0.999999999999999
1.1675,0,0,0,0,1.4001161557066497e-87,0,0.999999999999999
1.1679999999999999,0,0,0,0,1.2601045401359847e-87,0,0.999999999999999
1.1685000000000001,0,0,0,0,1.1340940861223863e-87,0,0.999999999999999
1.169,0,0,0,0,1.0206846775101477e-87,0,0.999999999999999
1.1695,0,0,0,0,9.1861620975913298e-88,0,0.999999999999999
1.1699999999999999,0,0,0,0,8.2675458878321961e-88,0,0.999999999999999
1.1705000000000001,0,0,0,0,7.4407912990489759e-88,0,0.999999999999999
1.171,0,0,0,0,6.6967121691440782e-88,0,0.999999999999999
1.1715,0,0,0,0,6.0270409522296701e-88,0,0.999999999999999
1.1719999999999999,0,0,0,0,5.4243368570067035e-88,0,0.999999999999999
1.1725000000000001,0,0,0,0,4.8819031713060333e-88,0,0.999999999999999
1.173,0,0,0,0,4.3937128541754299e-88,0,0.999999999999999
1.1735,0,0,0,0,3.9543415687578865e-88,0,0.999999999999999
1.1739999999999999,0,0,0,0,3.5589074118820981e-88,0,0.999999999999999
1.1745000000000001,0,0,0,0,3.2030166706938881e-88,0,0.999999999999999
1.175,0,0,0,0,2.8827150036244995e-88,0,0.999999999999999
1.1755,0,0,0,0,2.5944435032620492e-88,0,0.999999999999999
1.1759999999999999,0,0,0,0,2.3349991529358443e-88,0,0.999999999999999
1.1765000000000001,0,0,0,0,2.1014992376422597e-88,0,0.999999999999999
1.177,0,0,0,0,1.8913493138780335e-88,0,0.999999999999999
1.1775,0,0,0,0,1.7022143824902304e-88,0,0.999999999999999
1.1779999999999999,0,0,0,0,1.5319929442412071e-88,0,0.999999999999999
1.1785000000000001,0,0,0,0,1.3787936498170864e-88,0,0.999999999999999
1.179,0,0,0,0,1.2409142848353778e-88,0,0.999999999999999
1.1795,0,0,0,0,1.1168228563518401e-88,0,0.999999999999999
1.1799999999999999,0,0,0,0,1.0051405707166559e-88,0,0.999999999999999
1.1805000000000001,0,0,0,0,9.0462651364499044e-89,0,0.999999999999999
1.181,0,0,0,0,8.1416386228049134e-89,0,0.999999999999999
1.1815,0,0,0,0,7.3274747605244226e-89,0,0.999999999999999
1.1819999999999999,0,0,0,0,6.5947272844719811e-89,0,0.999999999999999
1.1825000000000001,0,0,0,0,5.9352545560247817e-89,0,0.999999999999999
1.1830000000000001,0,0,0,0,5.3417291004223044e-89,0,0.999999999999999
1.1835,0,0,0,0,4.8075561903800738e-89,0,0.999999999999999
1.1839999999999999,0,0,0,0,4.3268005713420664e-89,0,0.999999999999999
1.1845000000000001,0,0,0,0,3.8941205142078598e-89,0,0.999999999999999
1.1850000000000001,0,0,0,0,3.5047084627870738e-89,0,0.999999999999999
1.1855,0,0,0,0,3.1542376165083663e-89,0,0.999999999999999
1.1859999999999999,0,0,0,0,2.8388138548575297e-89,0,0.999999999999999
1.1865000000000001,0,0,0,0,2.5549324693717767e-89,0,0.999999999999999
1.1870000000000001,0,0,0,0,2.2994392224345991e-89,0,0.999999999999999
1.1875,0,0,0,0,2.0694953001911391e-89,0,0.999999999999999
1.1879999999999999,0,0,0,0,1.8625457701720255e-89,0,0.999999999999999
1.1884999999999999,0,0,0,0,1.6762911931548229e-89,0,0.999999999999999
1.1890000000000001,0,0,0,0,1.5086620738393405e-89,0,0.999999999999999
1.1895,0,0,0,0,1.3577958664554065e-89,0,0.999999999999999
1.1899999999999999,0,0,0,0,1.222016279809866e-89,0,0.999999999999999
1.1904999999999999,0,0,0,0,1.0998146518288794e-89,0,0.999999999999999
1.1910000000000001,0,0,0,0,9.8983318664599148e-90,0,0.999999999999999
1.1915,0,0,0,0,8.9084986798139249e-90,0,0.999999999999999
1.1919999999999999,0,0,0,0,8.0176488118325314e-90,0,0.999999999999999
1.1924999999999999,0,0,0,0,7.2158839306492788e-90,0,0.999999999999999
1.1930000000000001,0,0,0,0,6.4942955375843499e-90,0,0.999999999999999
1.1935,0,0,0,0,5.8448659838259151e-90,0,0.999999999999999
1.194,0,0,0,0,5.2603793854433238e-90,0,0.999999999999999
1.1944999999999999,0,0,0,0,4.7343414468989917e-90,0,0.999999999999999
1.1950000000000001,0,0,0,0,4.2609073022090921e-90,0,0.999999999999999
1.1955,0,0,0,0,3.8348165719881829e-90,0,0.999999999999999
1.196,0,0,0,0,3.4513349147893646e-90,0,0.999999999999999
1.1964999999999999,0,0,0,0,3.1062014233104285e-90,0,0.999999999999999
1.1970000000000001,0,0,0,0,2.7955812809793856e-90,0,0.999999999999999
1.1975,0,0,0,0,2.5160231528814471e-90,0,0.999999999999999
1.198,0,0,0,0,2.2644208375933022e-90,0,0.999999999999999
1.1984999999999999,0,0,0,0,2.0379787538339722e-90,0,0.999999999999999
1.1990000000000001,0,0,0,0,1.8341808784505751e-90,0,0.999999999999999
1.1995,0,0,0,0,1.6507627906055177e-90,0,0.999999999999999
1.2,0,0,0,0,1.4856865115449658e-90,0,0.999999999999999
1.2004999999999999,0,0,0,0,1.3371178603904693e-90,0,0.999999999999999
1.2010000000000001,0,0,0,0,1.2034060743514225e-90,0,0.999999999999999
1.2015,0,0,0,0,1.0830654669162801e-90,0,0.999999999999999
1.202,0,0,0,0,9.7475892022465205e-91,0,0.999999999999999
1.2024999999999999,0,0,0,0,8.7728302820218689e-91,0,0.999999999999999
1.2030000000000001,0,0,0,0,7.8955472538196807e-91,0,0.999999999999999
1.2035,0,0,0,0,7.1059925284377136e-91,0,0.999999999999999
1.204,0,0,0,0,6.3953932755939416e-91,0,0.999999999999999
1.2044999999999999,0,0,0,0,5.755853948034547e-91,0,0.999999999999999
1.2050000000000001,0,0,0,0,5.1802685532310933e-91,0,0.999999999999999
1.2055,0,0,0,0,4.6622416979079835e-91,0,0.999999999999999
1.206,0,0,0,0,4.1960175281171856e-91,0,0.999999999999999
1.2064999999999999,0,0,0,0,3.7764157753054669e-91,0,0.999999999999999
1.2070000000000001,0,0,0,0,3.3987741977749202e-91,0,0.999999999999999
1.2075,0,0,0,0,3.0588967779974279e-91,0,0.999999999999999
1.208,0,0,0,0,2.7530071001976853e-91,0,0.999999999999999
1.2084999999999999,0,0,0,0,2.4777063901779165e-91,0,0.999999999999999
1.2090000000000001,0,0,0,0,2.2299357511601249e-91,0,0.999999999999999
1.2095,0,0,0,0,2.0069421760441125e-91,0,0.999999999999999
1.21,0,0,0,0,1.8062479584397012e-91,0,0.999999999999999
1.2104999999999999,0,0,0,0,1.6256231625957309e-91,0,0.999999999999999
1.2110000000000001,0,0,0,0,1.4630608463361581e-91,0,0.999999999999999
1.2115,0,0,0,0,1.3167547617025422e-91,0,0.999999999999999
1.212,0,0,0,0,1.1850792855322879e-91,0,0.999999999999999
1.2124999999999999,0,0,0,0,1.066571356979059e-91,0,0.999999999999999
1.2130000000000001,0,0,0,0,9.5991422128115323e-92,0,0.999999999999999
1.2135,0,0,0,0,8.639227991530379e-92,0,0.999999999999999
1.214,0,0,0,0,7.7753051923773404e-92,0,0.999999999999999
1.2144999999999999,0,0,0,0,6.9977746731396065e-92,0,0.999999999999999
1.2150000000000001,0,0,0,0,6.2979972058256458e-92,0,0.999999999999999
1.2155,0,0,0,0,5.6681974852430807e-92,0,0.999999999999999
1.216,0,0,0,0,5.1013777367187721e-92,0,0.999999999999999
1.2164999999999999,0,0,0,0,4.5912399630468951e-92,0,0.999999999999999
1.2170000000000001,0,0,0,0,4.1321159667422056e-92,0,0.999999999999999
1.2175,0,0,0,0,3.7189043700679847e-92,0,0.999999999999999
1.218,0,0,0,0,3.3470139330611865e-92,0,0.999999999999999
1.2184999999999999,0,0,0,0,3.0123125397550681e-92,0,0.999999999999999
1.2190000000000001,0,0,0,0,2.7110812857795611e-92,0,0.999999999999999
1.2195,0,0,0,0,2.439973157201605e-92,0,0.999999999999999
1.22,0,0,0,0,2.1959758414814446e-92,0,0.999999999999999
1.2204999999999999,0,0,0,0,1.9763782573333003e-92,0,0.999999999999999
1.2210000000000001,0,0,0,0,1.7787404315999702e-92,0,0.999999999999999
1.2215,0,0,0,0,1.6008663884399734e-92,0,0.999999999999999
1.222,0,0,0,0,1.4407797495959759e-92,0,0.999999999999999
1.2224999999999999,0,0,0,0,1.2967017746363784e-92,0,0.999999999999999
1.2230000000000001,0,0,0,0,1.1670315971727406e-92,0,0.999999999999999
1.2235,0,0,0,0,1.0503284374554666e-92,0,0.999999999999999
1.224,0,0,0,0,9.4529559370991999e-93,0,0.999999999999999
1.2244999999999999,0,0,0,0,8.5076603433892798e-93,0,0.999999999999999
1.2250000000000001,0,0,0,0,7.6568943090503508e-93,0,0.999999999999999
1.2255,0,0,0,0,6.8912048781453164e-93,0,0.999999999999999
1.226,0,0,0,0,6.2020843903307847e-93,0,0.999999999999999
1.2264999999999999,0,0,0,0,5.5818759512977061e-93,0,0.999999999999999
1.2270000000000001,0,0,0,0,5.0236883561679356e-93,0,0.999999999999999
1.2275,0,0,0,0,4.5213195205511418e-93,0,0.999999999999999
1.228,0,0,0,0,4.069187568496028e-93,0,0.999999999999999
1.2284999999999999,0,0,0,0,3.6622688116464255e-93,0,0.999999999999999
1.2290000000000001,0,0,0,0,3.2960419304817826e-93,0,0.999999999999999
1.2295,0,0,0,0,2.9664377374336042e-93,0,0.999999999999999
1.23,0,0,0,0,2.6697939636902439e-93,0,0.999999999999999
1.2304999999999999,0,0,0,0,2.4028145673212197e-93,0,0.999999999999999
1.2310000000000001,0,0,0,0,2.1625331105890977e-93,0,0.999999999999999
1.2315,0,0,0,0,1.946279799530188e-93,0,0.999999999999999
1.232,0,0,0,0,1.7516518195771694e-93,0,0.999999999999999
1.2324999999999999,0,0,0,0,1.5764866376194525e-93,0,0.999999999999999
1.2330000000000001,0,0,0,0,1.4188379738575072e-93,0,0.999999999999999
1.2335,0,0,0,0,1.2769541764717566e-93,0,0.999999999999999
1.234,0,0,0,0,1.1492587588245808e-93,0,0.999999999999999
1.2344999999999999,0,0,0,0,1.0343328829421228e-93,0,0.999999999999999
1.2350000000000001,0,0,0,0,9.3089959464791054e-94,0,0.999999999999999
1.2355,0,0,0,0,8.3780963518311942e-94,0,0.999999999999999
1.236,0,0,0,0,7.5402867166480742e-94,0,0.999999999999999
1.2364999999999999,0,0,0,0,6.7862580449832676e-94,0,0.999999999999999
1.2370000000000001,0,0,0,0,6.1076322404849401e-94,0,0.999999999999999
1.2375,0,0,0,0,5.4968690164364465e-94,0,0.999999999999999
1.238,0,0,0,0,4.9471821147928024e-94,0,0.999999999999999
1.2384999999999999,0,0,0,0,4.4524639033135212e-94,0,0.999999999999999
1.2390000000000001,0,0,0,0,4.0072175129821696e-94,0,0.999999999999999
1.2395,0,0,0,0,3.6064957616839524e-94,0,0.999999999999999
1.24,0,0,0,0,3.2458461855155572e-94,0,0.999999999999999
1.2404999999999999,0,0,0,0,2.9212615669640015e-94,0,0.999999999999999
1.2410000000000001,0,0,0,0,2.6291354102676012e-94,0,0.999999999999999
1.2415,0,0,0,0,2.3662218692408411e-94,0,0.999999999999999
1.242,0,0,0,0,2.1295996823167573e-94,0,0.999999999999999
1.2424999999999999,0,0,0,0,1.9166397140850816e-94,0,0.999999999999999
1.2430000000000001,0,0,0,0,1.7249757426765736e-94,0,0.999999999999999
1.2435,0,0,0,0,1.5524781684089163e-94,0,0.999999999999999
1.244,0,0,0,0,1.3972303515680245e-94,0,0.999999999999999
1.2444999999999999,0,0,0,0,1.2575073164112222e-94,0,0.999999999999999
1.2450000000000001,0,0,0,0,1.1317565847701e-94,0,0.999999999999999
1.2455000000000001,0,0,0,0,1.0185809262930901e-94,0,0.999999999999999
1.246,0,0,0,0,9.1672283366378104e-95,0,0.999999999999999
1.2464999999999999,0,0,0,0,8.2505055029740303e-95,0,0.999999999999999
1.2470000000000001,0,0,0,0,7.4254549526766277e-95,0,0.999999999999999
1.2475000000000001,0,0,0,0,6.6829094574089641e-95,0,0.999999999999999
1.248,0,0,0,0,6.0146185116680685e-95,0,0.999999999999999
1.2484999999999999,0,0,0,0,5.4131566605012623e-95,0,0.999999999999999
1.2490000000000001,0,0,0,0,4.8718409944511359e-95,0,0.999999999999999
1.2495000000000001,0,0,0,0,4.384656895006022e-95,0,0.999999999999999
1.25,0,0,0,0,3.9461912055054195e-95,0,0.999999999999999
1.2504999999999999,0,0,0,0,3.5515720849548778e-95,0,0.999999999999999
1.2509999999999999,0,0,0,0,3.1964148764593894e-95,0,0.999999999999999
1.2515000000000001,0,0,0,0,2.8767733888134507e-95,0,0.999999999999999
1.252,0,0,0,0,2.5890960499321055e-95,0,0.999999999999999
1.2524999999999999,0,0,0,0,2.3301864449388949e-95,0,0.999999999999999
1.2529999999999999,0,0,0,0,2.0971678004450055e-95,0,0.999999999999999
1.2535000000000001,0,0,0,0,1.8874510204005048e-95,0,0.999999999999999
1.254,0,0,0,0,1.6987059183604544e-95,0,0.999999999999999
1.2544999999999999,0,0,0,0,1.5288353265244088e-95,0,0.999999999999999
1.2549999999999999,0,0,0,0,1.3759517938719679e-95,0,0.999999999999999
1.2555000000000001,0,0,0,0,1.238356614484771e-95,0,0.999999999999999
1.256,0,0,0,0,1.114520953036294e-95,0,0.999999999999999
1.2565,0,0,0,0,1.0030688577326646e-95,0,0.999999999999999
1.2569999999999999,0,0,0,0,9.0276197195939802e-96,0,0.999999999999999
1.2575000000000001,0,0,0,0,8.1248577476345822e-96,0,0.999999999999999
1.258,0,0,0,0,7.312371972871125e-96,0,0.999999999999999
1.2585,0,0,0,0,6.5811347755840131e-96,0,0.999999999999999
1.2589999999999999,0,0,0,0,5.9230212980256117e-96,0,0.999999999999999
1.2595000000000001,0,0,0,0,5.3307191682230505e-96,0,0.999999999999999
1.26,0,0,0,0,4.7976472514007461e-96,0,0.999999999999999
1.2605,0,0,0,0,4.3178825262606711e-96,0,0.999999999999999
1.2609999999999999,0,0,0,0,3.8860942736346039e-96,0,0.999999999999999
1.2615000000000001,0,0,0,0,3.497484846271144e-96,0,0.999999999999999
1.262,0,0,0,0,3.1477363616440292e-96,0,0.999999999999999
1.2625,0,0,0,0,2.8329627254796265e-96,0,0.999999999999999
1.2629999999999999,0,0,0,0,2.5496664529316638e-96,0,0.999999999999999
1.2635000000000001,0,0,0,0,2.2946998076384972e-96,0,0.999999999999999
1.264,0,0,0,0,2.0652298268746471e-96,0,0.999999999999999
1.2645,0,0,0,0,1.8587068441871824e-96,0,0.999999999999999
1.2649999999999999,0,0,0,0,1.6728361597684643e-96,0,0.999999999999999
1.2655000000000001,0,0,0,0,1.5055525437916177e-96,0,0.999999999999999
1.266,0,0,0,0,1.3549972894124559e-96,0,0.999999999999999
1.2665,0,0,0,0,1.2194975604712102e-96,0,0.999999999999999
1.2669999999999999,0,0,0,0,1.0975478044240892e-96,0,0.999999999999999
1.2675000000000001,0,0,0,0,9.8779302398168039e-97,0,0.999999999999999
1.268,0,0,0,0,8.8901372158351237e-97,0,0.999999999999999
1.2685,0,0,0,0,8.0011234942516117e-97,0,0.999999999999999
1.2689999999999999,0,0,0,0,7.2010111448264505e-97,0,0.999999999999999
1.2695000000000001,0,0,0,0,6.4809100303438059e-97,0,0.999999999999999
1.27,0,0,0,0,5.8328190273094257e-97,0,0.999999999999999
1.2705,0,0,0,0,5.2495371245784832e-97,0,0.999999999999999
1.2709999999999999,0,0,0,0,4.7245834121206345e-97,0,0.999999999999999
1.2715000000000001,0,0,0,0,4.2521250709085711e-97,0,0.999999999999999
1.272,0,0,0,0,3.826912563817714e-97,0,0.999999999999999
1.2725,0,0,0,0,3.444221307435943e-97,0,0.999999999999999
1.2729999999999999,0,0,0,0,3.0997991766923482e-97,0,0.999999999999999
1.2735000000000001,0,0,0,0,2.7898192590231137e-97,0,0.999999999999999
1.274,0,0,0,0,2.5108373331208024e-97,0,0.999999999999999
1.2745,0,0,0,0,2.2597535998087222e-97,0,0.999999999999999
1.2749999999999999,0,0,0,0,2.0337782398278499e-97,0,0.999999999999999
1.2755000000000001,0,0,0,0,1.830400415845065e-97,0,0.999999999999999
1.276,0,0,0,0,1.6473603742605585e-97,0,0.999999999999999
1.2765,0,0,0,0,1.4826243368345027e-97,0,0.999999999999999
1.2769999999999999,0,0,0,0,1.3343619031510524e-97,0,0.999999999999999
1.2775000000000001,0,0,0,0,1.2009257128359472e-97,0,0.999999999999999
1.278,0,0,0,0,1.0808331415523524e-97,0,0.999999999999999
1.2785,0,0,0,0,9.7274982739711721e-98,0,0.999999999999999
1.2789999999999999,0,0,0,0,8.7547484465740543e-98,0,0.999999999999999
1.2795000000000001,0,0,0,0,7.8792736019166492e-98,0,0.999999999999999
1.28,0,0,0,0,7.0913462417249846e-98,0,0.999999999999999
1.2805,0,0,0,0,6.3822116175524863e-98,0,0.999999999999999
1.2809999999999999,0,0,0,0,5.7439904557972374e-98,0,0.999999999999999
1.2815000000000001,0,0,0,0,5.1695914102175141e-98,0,0.999999999999999
1.282,0,0,0,0,4.6526322691957631e-98,0,0.999999999999999
1.2825,0,0,0,0,4.1873690422761863e-98,0,0.999999999999999
1.2829999999999999,0,0,0,0,3.7686321380485676e-98,0,0.999999999999999
1.2835000000000001,0,0,0,0,3.3917689242437108e-98,0,0.999999999999999
1.284,0,0,0,0,3.0525920318193403e-98,0,0.999999999999999
1.2845,0,0,0,0,2.7473328286374062e-98,0,0.999999999999999
1.2849999999999999,0,0,0,0,2.4725995457736655e-98,0,0.999999999999999
1.2855000000000001,0,0,0,0,2.2253395911962989e-98,0,0.999999999999999
1.286,0,0,0,0,2.002805632076669e-98,0,0.999999999999999
1.2865,0,0,0,0,1.8025250688690023e-98,0,0.999999999999999
1.2869999999999999,0,0,0,0,1.6222725619821021e-98,0,0.999999999999999
1.2875000000000001,0,0,0,0,1.4600453057838919e-98,0,0.999999999999999
1.288,0,0,0,0,1.3140407752055028e-98,0,0.999999999999999
1.2885,0,0,0,0,1.1826366976849523e-98,0,0.999999999999999
1.2889999999999999,0,0,0,0,1.0643730279164573e-98,0,0.999999999999999
1.2895000000000001,0,0,0,0,9.5793572512481153e-99,0,0.999999999999999
1.29,0,0,0,0,8.6214215261233039e-99,0,0.999999999999999
1.2905,0,0,0,0,7.7592793735109738e-99,0,0.999999999999999
1.2909999999999999,0,0,0,0,6.9833514361598758e-99,0,0.999999999999999
1.2915000000000001,0,0,0,0,6.2850162925438887e-99,0,0.999999999999999
1.292,0,0,0,0,5.6565146632894994e-99,0,0.999999999999999
1.2925,0,0,0,0,5.0908631969605498e-99,0,0.999999999999999
1.2929999999999999,0,0,0,0,4.5817768772644949e-99,0,0.999999999999999
1.2935000000000001,0,0,0,0,4.1235991895380453e-99,0,0.999999999999999
1.294,0,0,0,0,3.7112392705842408e-99,0,0.999999999999999
1.2945,0,0,0,0,3.3401153435258165e-99,0,0.999999999999999
1.2949999999999999,0,0,0,0,3.0061038091732349e-99,0,0.999999999999999
1.2955000000000001,0,0,0,0,2.7054934282559115e-99,0,0.999999999999999
1.296,0,0,0,0,2.4349440854303203e-99,0,0.999999999999999
1.2965,0,0,0,0,2.1914496768872884e-99,0,0.999999999999999
1.2969999999999999,0,0,0,0,1.9723047091985594e-99,0,0.999999999999999
1.2975000000000001,0,0,0,0,1.7750742382787036e-99,0,0.999999999999999
1.298,0,0,0,0,1.5975668144508332e-99,0,0.999999999999999
1.2985,0,0,0,0,1.4378101330057499e-99,0,0.999999999999999
1.2989999999999999,0,0,0,0,1.294029119705175e-99,0,0.999999999999999
1.2995000000000001,0,0,0,0,1.1646262077346574e-99,0,0.999999999999999
1.3,0,0,0,0,1.0481635869611916e-99,0,0.999999999999999
1.3005,0,0,0,0,9.433472282650725e-100,0,0.999999999999999
1.3009999999999999,0,0,0,0,8.4901250543856521e-100,0,0.999999999999999
1.3015000000000001,0,0,0,0,7.6411125489470856e-100,0,0.999999999999999
1.302,0,0,0,0,6.8770012940523777e-100,0,0.999999999999999
1.3025,0,0,0,0,6.1893011646471406e-100,0,0.999999999999999
1.3029999999999999,0,0,0,0,5.570371048182426e-100,0,0.999999999999999
1.3035000000000001,0,0,0,0,5.0133339433641833e-100,0,0.999999999999999
1.304,0,0,0,0,4.5120005490277653e-100,0,0.999999999999999
1.3045,0,0,0,0,4.0608004941249885e-100,0,0.999999999999999
1.3049999999999999,0,0,0,0,3.6547204447124896e-100,0,0.999999999999999
1.3055000000000001,0,0,0,0,3.2892484002412409e-100,0,0.999999999999999
1.306,0,0,0,0,2.9603235602171163e-100,0,0.999999999999999
1.3065,0,0,0,0,2.6642912041954046e-100,0,0.999999999999999
1.3069999999999999,0,0,0,0,2.3978620837758642e-100,0,0.999999999999999
1.3075000000000001,0,0,0,0,2.158075875398278e-100,0,0.999999999999999
1.3080000000000001,0,0,0,0,1.9422682878584502e-100,0,0.999999999999999
1.3085,0,0,0,0,1.748041459072605e-100,0,0.999999999999999
1.3089999999999999,0,0,0,0,1.5732373131653446e-100,0,0.999999999999999
1.3095000000000001,0,0,0,0,1.4159135818488102e-100,0,0.999999999999999
1.3100000000000001,0,0,0,0,1.2743222236639292e-100,0,0.999999999999999
1.3105,0,0,0,0,1.1468900012975364e-100,0,0.999999999999999
1.3109999999999999,0,0,0,0,1.0322010011677827e-100,0,0.999999999999999
1.3115000000000001,0,0,0,0,9.2898090105100448e-101,0,0.999999999999999
1.3120000000000001,0,0,0,0,8.3608281094590404e-101,0,0.999999999999999
1.3125,0,0,0,0,7.524745298513137e-101,0,0.999999999999999
1.3129999999999999,0,0,0,0,6.7722707686618229e-101,0,0.999999999999999
1.3134999999999999,0,0,0,0,6.0950436917956403e-101,0,0.999999999999999
1.3140000000000001,0,0,0,0,5.4855393226160766e-101,0,0.999999999999999
1.3145,0,0,0,0,4.9369853903544689e-101,0,0.999999999999999
1.3149999999999999,0,0,0,0,4.4432868513190215e-101,0,0.999999999999999
1.3154999999999999,0,0,0,0,3.9989581661871192e-101,0,0.999999999999999
1.3160000000000001,0,0,0,0,3.5990623495684077e-101,0,0.999999999999999
1.3165,0,0,0,0,3.2391561146115669e-101,0,0.999999999999999
1.3169999999999999,0,0,0,0,2.9152405031504103e-101,0,0.999999999999999
1.3174999999999999,0,0,0,0,2.6237164528353692e-101,0,0.999999999999999
1.3180000000000001,0,0,0,0,2.3613448075518323e-101,0,0.999999999999999
1.3185,0,0,0,0,2.125210326796649e-101,0,0.999999999999999
1.319,0,0,0,0,1.9126892941169844e-101,0,0.999999999999999
1.3194999999999999,0,0,0,0,1.721420364705286e-101,0,0.999999999999999
1.3200000000000001,0,0,0,0,1.5492783282347573e-101,0,0.999999999999999
1.3205,0,0,0,0,1.3943504954112818e-101,0,0.999999999999999
1.321,0,0,0,0,1.2549154458701536e-101,0,0.999999999999999
1.3214999999999999,0,0,0,0,1.129423901283138e-101,0,0.999999999999999
1.3220000000000001,0,0,0,0,1.0164815111548243e-101,0,0.999999999999999
1.3225,0,0,0,0,9.1483336003934175e-102,0,0.999999999999999
1.323,0,0,0,0,8.2335002403540763e-102,0,0.999999999999999
1.3234999999999999,0,0,0,0,7.4101502163186684e-102,0,0.999999999999999
1.3240000000000001,0,0,0,0,6.669135194686802e-102,0,0.999999999999999
1.3245,0,0,0,0,6.0022216752181218e-102,0,0.999999999999999
1.325,0,0,0,0,5.4019995076963101e-102,0,0.999999999999999
1.3254999999999999,0,0,0,0,4.8617995569266789e-102,0,0.999999999999999
1.3260000000000001,0,0,0,0,4.3756196012340114e-102,0,0.999999999999999
1.3265,0,0,0,0,3.9380576411106098e-102,0,0.999999999999999
1.327,0,0,0,0,3.5442518769995488e-102,0,0.999999999999999
1.3274999999999999,0,0,0,0,3.1898266892995941e-102,0,0.999999999999999
1.3280000000000001,0,0,0,0,2.8708440203696344e-102,0,0.999999999999999
1.3285,0,0,0,0,2.5837596183326709e-102,0,0.999999999999999
1.329,0,0,0,0,2.3253836564994036e-102,0,0.999999999999999
1.3294999999999999,0,0,0,0,2.0928452908494634e-102,0,0.999999999999999
1.3300000000000001,0,0,0,0,1.8835607617645173e-102,0,0.999999999999999
1.3305,0,0,0,0,1.6952046855880656e-102,0,0.999999999999999
1.331,0,0,0,0,1.5256842170292589e-102,0,0.999999999999999
1.3314999999999999,0,0,0,0,1.3731157953263332e-102,0,0.999999999999999
1.3320000000000001,0,0,0,0,1.2358042157936998e-102,0,0.999999999999999
1.3325,0,0,0,0,1.1122237942143297e-102,0,0.999999999999999
1.333,0,0,0,0,1.0010014147928968e-102,0,0.999999999999999
1.3334999999999999,0,0,0,0,9.0090127331360707e-103,0,0.999999999999999
1.3340000000000001,0,0,0,0,8.1081114598224636e-103,0,0.999999999999999
1.3345,0,0,0,0,7.2973003138402176e-103,0,0.999999999999999
1.335,0,0,0,0,6.567570282456196e-103,0,0.999999999999999
1.3354999999999999,0,0,0,0,5.9108132542105773e-103,0,0.999999999999999
1.3360000000000001,0,0,0,0,5.3197319287895191e-103,0,0.999999999999999
1.3365,0,0,0,0,4.787758735910567e-103,0,0.999999999999999
1.337,0,0,0,0,4.3089828623195101e-103,0,0.999999999999999
1.3374999999999999,0,0,0,0,3.8780845760875588e-103,0,0.999999999999999
1.3380000000000001,0,0,0,0,3.4902761184788031e-103,0,0.999999999999999
1.3385,0,0,0,0,3.1412485066309228e-103,0,0.999999999999999
1.339,0,0,0,0,2.8271236559678305e-103,0,0.999999999999999
1.3394999999999999,0,0,0,0,2.5444112903710472e-103,0,0.999999999999999
1.3400000000000001,0,0,0,0,2.2899701613339427e-103,0,0.999999999999999
1.3405,0,0,0,0,2.0609731452005487e-103,0,0.999999999999999
1.341,0,0,0,0,1.8548758306804939e-103,0,0.999999999999999
1.3414999999999999,0,0,0,0,1.6693882476124443e-103,0,0.999999999999999
1.3420000000000001,0,0,0,0,1.5024494228512001e-103,0,0.999999999999999
1.3425,0,0,0,0,1.35220448056608e-103,0,0.999999999999999
1.343,0,0,0,0,1.216984032509472e-103,0,0.999999999999999
1.3434999999999999,0,0,0,0,1.0952856292585248e-103,0,0.999999999999999
1.3440000000000001,0,0,0,0,9.8575706633267223e-104,0,0.999999999999999
1.3445,0,0,0,0,8.8718135969940514e-104,0,0.999999999999999
1.345,0,0,0,0,7.9846322372946458e-104,0,0.999999999999999
1.3454999999999999,0,0,0,0,7.1861690135651807e-104,0,0.999999999999999
1.3460000000000001,0,0,0,0,6.4675521122086632e-104,0,0.999999999999999
1.3465,0,0,0,0,5.8207969009877968e-104,0,0.999999999999999
1.347,0,0,0,0,5.2387172108890169e-104,0,0.999999999999999
1.3474999999999999,0,0,0,0,4.7148454898001152e-104,0,0.999999999999999
1.3480000000000001,0,0,0,0,4.2433609408201043e-104,0,0.999999999999999
1.3485,0,0,0,0,3.8190248467380935e-104,0,0.999999999999999
1.349,0,0,0,0,3.4371223620642841e-104,0,0.999999999999999
1.3494999999999999,0,0,0,0,3.0934101258578562e-104,0,0.999999999999999
1.3500000000000001,0,0,0,0,2.7840691132720706e-104,0,0.999999999999999
1.3505,0,0,0,0,2.5056622019448637e-104,0,0.999999999999999
1.351,0,0,0,0,2.2550959817503771e-104,0,0.999999999999999
1.3514999999999999,0,0,0,0,2.0295863835753393e-104,0,0.999999999999999
1.3520000000000001,0,0,0,0,1.8266277452178056e-104,0,0.999999999999999
1.3525,0,0,0,0,1.6439649706960248e-104,0,0.999999999999999
1.353,0,0,0,0,1.4795684736264226e-104,0,0.999999999999999
1.3534999999999999,0,0,0,0,1.3316116262637802e-104,0,0.999999999999999
1.3540000000000001,0,0,0,0,1.1984504636374022e-104,0,0.999999999999999
1.3545,0,0,0,0,1.0786054172736621e-104,0,0.999999999999999
1.355,0,0,0,0,9.7074487554629581e-105,0,0.999999999999999
1.3554999999999999,0,0,0,0,8.7367038799166629e-105,0,0.999999999999999
1.3560000000000001,0,0,0,0,7.863033491924996e-105,0,0.999999999999999
1.3565,0,0,0,0,7.0767301427324964e-105,0,0.999999999999999
1.357,0,0,0,0,6.3690571284592475e-105,0,0.999999999999999
1.3574999999999999,0,0,0,0,5.7321514156133223e-105,0,0.999999999999999
1.3580000000000001,0,0,0,0,5.1589362740519901e-105,0,0.999999999999999
1.3585,0,0,0,0,4.6430426466467912e-105,0,0.999999999999999
1.359,0,0,0,0,4.1787383819821119e-105,0,0.999999999999999
1.3594999999999999,0,0,0,0,3.7608645437839004e-105,0,0.999999999999999
1.3600000000000001,0,0,0,0,3.3847780894055102e-105,0,0.999999999999999
1.3605,0,0,0,0,3.0463002804649595e-105,0,0.999999999999999
1.361,0,0,0,0,2.7416702524184634e-105,0,0.999999999999999
1.3614999999999999,0,0,0,0,2.4675032271766171e-105,0,0.999999999999999
1.3620000000000001,0,0,0,0,2.2207529044589555e-105,0,0.999999999999999
1.3625,0,0,0,0,1.9986776140130598e-105,0,0.999999999999999
1.363,0,0,0,0,1.7988098526117537e-105,0,0.999999999999999
1.3634999999999999,0,0,0,0,1.6189288673505784e-105,0,0.999999999999999
1.3640000000000001,0,0,0,0,1.4570359806155205e-105,0,0.999999999999999
1.3645,0,0,0,0,1.3113323825539685e-105,0,0.999999999999999
1.365,0,0,0,0,1.1801991442985715e-105,0,0.999999999999999
1.3654999999999999,0,0,0,0,1.0621792298687145e-105,0,0.999999999999999
1.3660000000000001,0,0,0,0,9.5596130688184304e-106,0,0.999999999999999
1.3665,0,0,0,0,8.6036517619365877e-106,0,0.999999999999999
1.367,0,0,0,0,7.7432865857429288e-106,0,0.999999999999999
1.3674999999999999,0,0,0,0,6.9689579271686358e-106,0,0.999999999999999
1.3680000000000001,0,0,0,0,6.2720621344517715e-106,0,0.999999999999999
1.3685,0,0,0,0,5.6448559210065954e-106,0,0.999999999999999
1.369,0,0,0,0,5.0803703289059356e-106,0,0.999999999999999
1.3694999999999999,0,0,0,0,4.5723332960153421e-106,0,0.999999999999999
1.3700000000000001,0,0,0,0,4.1150999664138076e-106,0,0.999999999999999
1.3705000000000001,0,0,0,0,3.7035899697724272e-106,0,0.999999999999999
1.371,0,0,0,0,3.3332309727951843e-106,0,0.999999999999999
1.3714999999999999,0,0,0,0,2.9999078755156658e-106,0,0.999999999999999
1.3720000000000001,0,0,0,0,2.6999170879640991e-106,0,0.999999999999999
1.3725000000000001,0,0,0,0,2.429925379167689e-106,0,0.999999999999999
1.373,0,0,0,0,2.1869328412509206e-106,0,0.999999999999999
1.3734999999999999,0,0,0,0,1.9682395571258284e-106,0,0.999999999999999
1.3740000000000001,0,0,0,0,1.7714156014132456e-106,0,0.999999999999999
1.3745000000000001,0,0,0,0,1.5942740412719208e-106,0,0.999999999999999
1.375,0,0,0,0,1.4348466371447289e-106,0,0.999999999999999
1.3754999999999999,0,0,0,0,1.291361973430256e-106,0,0.999999999999999
1.3759999999999999,0,0,0,0,1.1622257760872303e-106,0,0.999999999999999
1.3765000000000001,0,0,0,0,1.0460031984785073e-106,0,0.999999999999999
1.377,0,0,0,0,9.414028786306566e-107,0,0.999999999999999
1.3774999999999999,0,0,0,0,8.4726259076759105e-107,0,0.999999999999999
1.3779999999999999,0,0,0,0,7.6253633169083198e-107,0,0.999999999999999
1.3785000000000001,0,0,0,0,6.8628269852174873e-107,0,0.999999999999999
1.379,0,0,0,0,6.1765442866957385e-107,0,0.999999999999999
1.3794999999999999,0,0,0,0,5.5588898580261656e-107,0,0.999999999999999
1.3799999999999999,0,0,0,0,5.0030008722235488e-107,0,0.999999999999999
1.3805000000000001,0,0,0,0,4.502700785001194e-107,0,0.999999999999999
1.381,0,0,0,0,4.0524307065010748e-107,0,0.999999999999999
1.3815,0,0,0,0,3.6471876358509673e-107,0,0.999999999999999
1.3819999999999999,0,0,0,0,3.2824688722658702e-107,0,0.999999999999999
1.3825000000000001,0,0,0,0,2.9542219850392834e-107,0,0.999999999999999
1.383,0,0,0,0,2.6587997865353552e-107,0,0.999999999999999
1.3835,0,0,0,0,2.3929198078818199e-107,0,0.999999999999999
1.3839999999999999,0,0,0,0,2.1536278270936376e-107,0,0.999999999999999
1.3845000000000001,0,0,0,0,1.9382650443842739e-107,0,0.999999999999999
1.385,0,0,0,0,1.7444385399458466e-107,0,0.999999999999999
1.3855,0,0,0,0,1.569994685951262e-107,0,0.999999999999999
1.3859999999999999,0,0,0,0,1.4129952173561357e-107,0,0.999999999999999
1.3865000000000001,0,0,0,0,1.2716956956205222e-107,0,0.999999999999999
1.387,0,0,0,0,1.1445261260584699e-107,0,0.999999999999999
1.3875,0,0,0,0,1.0300735134526229e-107,0,0.999999999999999
1.3879999999999999,0,0,0,0,9.2706616210736057e-108,0,0.999999999999999
1.3885000000000001,0,0,0,0,8.343595458966245e-108,0,0.999999999999999
1.389,0,0,0,0,7.5092359130696205e-108,0,0.999999999999999
1.3895,0,0,0,0,6.7583123217626592e-108,0,0.999999999999999
1.3899999999999999,0,0,0,0,6.0824810895863931e-108,0,0.999999999999999
1.3905000000000001,0,0,0,0,5.4742329806277538e-108,0,0.999999999999999
1.391,0,0,0,0,4.9268096825649777e-108,0,0.999999999999999
1.3915,0,0,0,0,4.4341287143084805e-108,0,0.999999999999999
1.3919999999999999,0,0,0,0,3.990715842877632e-108,0,0.999999999999999
1.3925000000000001,0,0,0,0,3.5916442585898682e-108,0,0.999999999999999
1.393,0,0,0,0,3.2324798327308817e-108,0,0.999999999999999
1.3935,0,0,0,0,2.9092318494577937e-108,0,0.999999999999999
1.3939999999999999,0,0,0,0,2.6183086645120145e-108,0,0.999999999999999
1.3945000000000001,0,0,0,0,2.3564777980608129e-108,0,0.999999999999999
1.395,0,0,0,0,2.120830018254732e-108,0,0.999999999999999
1.3955,0,0,0,0,1.9087470164292588e-108,0,0.999999999999999
1.3959999999999999,0,0,0,0,1.717872314786333e-108,0,0.999999999999999
1.3965000000000001,0,0,0,0,1.5460850833076997e-108,0,0.999999999999999
1.397,0,0,0,0,1.3914765749769299e-108,0,0.999999999999999
1.3975,0,0,0,0,1.2523289174792367e-108,0,0.999999999999999
1.3979999999999999,0,0,0,0,1.1270960257313131e-108,0,0.999999999999999
1.3985000000000001,0,0,0,0,1.0143864231581817e-108,0,0.999999999999999
1.399,0,0,0,0,9.1294778084236363e-109,0,0.999999999999999
1.3995,0,0,0,0,8.2165300275812727e-109,0,0.999999999999999
1.3999999999999999,0,0,0,0,7.3948770248231454e-109,0,0.999999999999999
1.4005000000000001,0,0,0,0,6.6553893223408304e-109,0,0.999999999999999
1.401,0,0,0,0,5.9898503901067474e-109,0,0.999999999999999
1.4015,0,0,0,0,5.3908653510960729e-109,0,0.999999999999999
1.4019999999999999,0,0,0,0,4.8517788159864653e-109,0,0.999999999999999
1.4025000000000001,0,0,0,0,4.3666009343878189e-109,0,0.999999999999999
1.403,0,0,0,0,3.9299408409490366e-109,0,0.999999999999999
1.4035,0,0,0,0,3.5369467568541327e-109,0,0.999999999999999
1.4039999999999999,0,0,0,0,3.1832520811687193e-109,0,0.999999999999999
1.4045000000000001,0,0,0,0,2.8649268730518474e-109,0,0.999999999999999
1.405,0,0,0,0,2.5784341857466627e-109,0,0.999999999999999
1.4055,0,0,0,0,2.3205907671719969e-109,0,0.999999999999999
1.4059999999999999,0,0,0,0,2.088531690454797e-109,0,0.999999999999999
1.4065000000000001,0,0,0,0,1.8796785214093173e-109,0,0.999999999999999
1.407,0,0,0,0,1.6917106692683856e-109,0,0.999999999999999
1.4075,0,0,0,0,1.5225396023415471e-109,0,0.999999999999999
1.4079999999999999,0,0,0,0,1.3702856421073922e-109,0,0.999999999999999
1.4085000000000001,0,0,0,0,1.2332570778966531e-109,0,0.999999999999999
1.409,0,0,0,0,1.1099313701069878e-109,0,0.999999999999999
1.4095,0,0,0,0,9.9893823309628909e-110,0,0.999999999999999
1.4099999999999999,0,0,0,0,8.9904440978666004e-110,0,0.999999999999999
1.4105000000000001,0,0,0,0,8.0913996880799411e-110,0,0.999999999999999
1.411,0,0,0,0,7.2822597192719476e-110,0,0.999999999999999
1.4115,0,0,0,0,6.5540337473447525e-110,0,0.999999999999999
1.4119999999999999,0,0,0,0,5.8986303726102772e-110,0,0.999999999999999
1.4125000000000001,0,0,0,0,5.30876733534925e-110,0,0.999999999999999
1.413,0,0,0,0,4.7778906018143245e-110,0,0.999999999999999
1.4135,0,0,0,0,4.3001015416328922e-110,0,0.999999999999999
1.4139999999999999,0,0,0,0,3.8700913874696028e-110,0,0.999999999999999
1.4145000000000001,0,0,0,0,3.4830822487226425e-110,0,0.999999999999999
1.415,0,0,0,0,3.1347740238503781e-110,0,0.999999999999999
1.4155,0,0,0,0,2.8212966214653403e-110,0,0.999999999999999
1.4159999999999999,0,0,0,0,2.5391669593188065e-110,0,0.999999999999999
1.4165000000000001,0,0,0,0,2.2852502633869255e-110,0,0.999999999999999
1.417,0,0,0,0,2.0567252370482328e-110,0,0.999999999999999
1.4175,0,0,0,0,1.8510527133434095e-110,0,0.999999999999999
1.4179999999999999,0,0,0,0,1.6659474420090687e-110,0,0.999999999999999
1.4185000000000001,0,0,0,0,1.4993526978081618e-110,0,0.999999999999999
1.419,0,0,0,0,1.3494174280273456e-110,0,0.999999999999999
1.4195,0,0,0,0,1.214475685224611e-110,0,0.999999999999999
1.4199999999999999,0,0,0,0,1.0930281167021499e-110,0,0.999999999999999
1.4205000000000001,0,0,0,0,9.8372530503193477e-111,0,0.999999999999999
1.421,0,0,0,0,8.8535277452874134e-111,0,0.999999999999999
1.4215,0,0,0,0,7.9681749707586724e-111,0,0.999999999999999
1.4219999999999999,0,0,0,0,7.1713574736828047e-111,0,0.999999999999999
1.4225000000000001,0,0,0,0,6.4542217263145241e-111,0,0.999999999999999
1.423,0,0,0,0,5.8087995536830725e-111,0,0.999999999999999
1.4235,0,0,0,0,5.2279195983147648e-111,0,0.999999999999999
1.4239999999999999,0,0,0,0,4.7051276384832883e-111,0,0.999999999999999
1.4245000000000001,0,0,0,0,4.2346148746349601e-111,0,0.999999999999999
1.425,0,0,0,0,3.8111533871714641e-111,0,0.999999999999999
1.4255,0,0,0,0,3.4300380484543172e-111,0,0.999999999999999
1.4259999999999999,0,0,0,0,3.0870342436088853e-111,0,0.999999999999999
1.4265000000000001,0,0,0,0,2.7783308192479971e-111,0,0.999999999999999
1.427,0,0,0,0,2.5004977373231973e-111,0,0.999999999999999
1.4275,0,0,0,0,2.2504479635908775e-111,0,0.999999999999999
1.4279999999999999,0,0,0,0,2.0254031672317895e-111,0,0.999999999999999
1.4285000000000001,0,0,0,0,1.8228628505086109e-111,0,0.999999999999999
1.429,0,0,0,0,1.6405765654577496e-111,0,0.999999999999999
1.4295,0,0,0,0,1.4765189089119747e-111,0,0.999999999999999
1.4299999999999999,0,0,0,0,1.3288670180207773e-111,0,0.999999999999999
1.4305000000000001,0,0,0,0,1.1959803162186995e-111,0,0.999999999999999
1.431,0,0,0,0,1.0763822845968295e-111,0,0.999999999999999
1.4315,0,0,0,0,9.6874405613714672e-112,0,0.999999999999999
1.4319999999999999,0,0,0,0,8.718696505234321e-112,0,0.999999999999999
1.4325000000000001,0,0,0,0,7.8468268547108889e-112,0,0.999999999999999
1.4330000000000001,0,0,0,0,7.0621441692398001e-112,0,0.999999999999999
1.4335,0,0,0,0,6.3559297523158201e-112,0,0.999999999999999
1.4339999999999999,0,0,0,0,5.7203367770842388e-112,0,0.999999999999999
1.4345000000000001,0,0,0,0,5.148303099375814e-112,0,0.999999999999999
1.4350000000000001,0,0,0,0,4.633472789438233e-112,0,0.999999999999999
1.4355,0,0,0,0,4.1701255104944099e-112,0,0.999999999999999
1.4359999999999999,0,0,0,0,3.7531129594449684e-112,0,0.999999999999999
1.4365000000000001,0,0,0,0,3.3778016635004714e-112,0,0.999999999999999
1.4370000000000001,0,0,0,0,3.0400214971504241e-112,0,0.999999999999999
1.4375,0,0,0,0,2.7360193474353821e-112,0,0.999999999999999
1.4379999999999999,0,0,0,0,2.462417412691844e-112,0,0.999999999999999
1.4384999999999999,0,0,0,0,2.2161756714226594e-112,0,0.999999999999999
1.4390000000000001,0,0,0,0,1.9945581042803934e-112,0,0.999999999999999
1.4395,0,0,0,0,1.795102293852354e-112,0,0.999999999999999
1.4399999999999999,0,0,0,0,1.6155920644671186e-112,0,0.999999999999999
1.4404999999999999,0,0,0,0,1.4540328580204067e-112,0,0.999999999999999
1.4410000000000001,0,0,0,0,1.308629572218366e-112,0,0.999999999999999
1.4415,0,0,0,0,1.1777666149965295e-112,0,0.999999999999999
1.4419999999999999,0,0,0,0,1.0599899534968766e-112,0,0.999999999999999
1.4424999999999999,0,0,0,0,9.5399095814718894e-113,0,0.999999999999999
1.4430000000000001,0,0,0,0,8.5859186233247001e-113,0,0.999999999999999
1.4435,0,0,0,0,7.7273267609922301e-113,0,0.999999999999999
1.444,0,0,0,0,6.9545940848930074e-113,0,0.999999999999999
1.4444999999999999,0,0,0,0,6.2591346764037068e-113,0,0.999999999999999
1.4450000000000001,0,0,0,0,5.6332212087633362e-113,0,0.999999999999999
1.4455,0,0,0,0,5.0698990878870017e-113,0,0.999999999999999
1.446,0,0,0,0,4.5629091790983019e-113,0,0.999999999999999
1.4464999999999999,0,0,0,0,4.106618261188471e-113,0,0.999999999999999
1.4470000000000001,0,0,0,0,3.6959564350696241e-113,0,0.999999999999999
1.4475,0,0,0,0,3.3263607915626617e-113,0,0.999999999999999
1.448,0,0,0,0,2.9937247124063954e-113,0,0.999999999999999
1.4484999999999999,0,0,0,0,2.694352241165756e-113,0,0.999999999999999
1.4490000000000001,0,0,0,0,2.4249170170491806e-113,0,0.999999999999999
1.4495,0,0,0,0,2.1824253153442625e-113,0,0.999999999999999
1.45,0,0,0,0,1.9641827838098361e-113,0,0.999999999999999
1.4504999999999999,0,0,0,0,1.7677645054288526e-113,0,0.999999999999999
1.4510000000000001,0,0,0,0,1.5909880548859672e-113,0,0.999999999999999
1.4515,0,0,0,0,1.4318892493973705e-113,0,0.999999999999999
1.452,0,0,0,0,1.2887003244576335e-113,0,0.999999999999999
1.4524999999999999,0,0,0,0,1.1598302920118701e-113,0,0.999999999999999
1.4530000000000001,0,0,0,0,1.043847262810683e-113,0,0.999999999999999
1.4535,0,0,0,0,9.3946253652961483e-114,0,0.999999999999999
1.454,0,0,0,0,8.455162828766532e-114,0,0.999999999999999
1.4544999999999999,0,0,0,0,7.6096465458898782e-114,0,0.999999999999999
1.4550000000000001,0,0,0,0,6.8486818913008905e-114,0,0.999999999999999
1.4555,0,0,0,0,6.1638137021708024e-114,0,0.999999999999999
1.456,0,0,0,0,5.5474323319537223e-114,0,0.999999999999999
1.4564999999999999,0,0,0,0,4.9926890987583503e-114,0,0.999999999999999
1.4570000000000001,0,0,0,0,4.4934201888825146e-114,0,0.999999999999999
1.4575,0,0,0,0,4.044078169994263e-114,0,0.999999999999999
1.458,0,0,0,0,3.6396703529948374e-114,0,0.999999999999999
1.4584999999999999,0,0,0,0,3.2757033176953534e-114,0,0.999999999999999
1.4590000000000001,0,0,0,0,2.9481329859258182e-114,0,0.999999999999999
1.4595,0,0,0,0,2.6533196873332362e-114,0,0.999999999999999
1.46,0,0,0,0,2.3879877185999122e-114,0,0.999999999999999
1.4604999999999999,0,0,0,0,2.149188946739921e-114,0,0.999999999999999
1.4610000000000001,0,0,0,0,1.934270052065929e-114,0,0.999999999999999
1.4615,0,0,0,0,1.7408430468593362e-114,0,0.999999999999999
1.462,0,0,0,0,1.5667587421734023e-114,0,0.999999999999999
1.4624999999999999,0,0,0,0,1.4100828679560621e-114,0,0.999999999999999
1.4630000000000001,0,0,0,0,1.2690745811604559e-114,0,0.999999999999999
1.4635,0,0,0,0,1.1421671230444104e-114,0,0.999999999999999
1.464,0,0,0,0,1.0279504107399692e-114,0,0.999999999999999
1.4644999999999999,0,0,0,0,9.2515536966597237e-115,0,0.999999999999999
1.4650000000000001,0,0,0,0,8.3263983269937517e-115,0,0.999999999999999
1.4655,0,0,0,0,7.4937584942943749e-115,0,0.999999999999999
1.466,0,0,0,0,6.7443826448649371e-115,0,0.999999999999999
1.4664999999999999,0,0,0,0,6.0699443803784433e-115,0,0.999999999999999
1.4670000000000001,0,0,0,0,5.4629499423405993e-115,0,0.999999999999999
1.4675,0,0,0,0,4.9166549481065396e-115,0,0.999999999999999
1.468,0,0,0,0,4.4249894532958847e-115,0,0.999999999999999
1.4684999999999999,0,0,0,0,3.9824905079662965e-115,0,0.999999999999999
1.4690000000000001,0,0,0,0,3.5842414571696668e-115,0,0.999999999999999
1.4695,0,0,0,0,3.2258173114527006e-115,0,0.999999999999999
1.47,0,0,0,0,2.9032355803074301e-115,0,0.999999999999999
1.4704999999999999,0,0,0,0,2.6129120222766869e-115,0,0.999999999999999
1.4710000000000001,0,0,0,0,2.3516208200490187e-115,0,0.999999999999999
1.4715,0,0,0,0,2.1164587380441165e-115,0,0.999999999999999
1.472,0,0,0,0,1.9048128642397051e-115,0,0.999999999999999
1.4724999999999999,0,0,0,0,1.7143315778157344e-115,0,0.999999999999999
1.4730000000000001,0,0,0,0,1.5428984200341612e-115,0,0.999999999999999
1.4735,0,0,0,0,1.3886085780307449e-115,0,0.999999999999999
1.474,0,0,0,0,1.2497477202276704e-115,0,0.999999999999999
1.4744999999999999,0,0,0,0,1.1247729482049035e-115,0,0.999999999999999
1.4750000000000001,0,0,0,0,1.0122956533844129e-115,0,0.999999999999999
1.4755,0,0,0,0,9.1106608804597164e-116,0,0.999999999999999
1.476,0,0,0,0,8.1995947924137446e-116,0,0.999999999999999
1.4764999999999999,0,0,0,0,7.3796353131723704e-116,0,0.999999999999999
1.4770000000000001,0,0,0,0,6.6416717818551329e-116,0,0.999999999999999
1.4775,0,0,0,0,5.9775046036696205e-116,0,0.999999999999999
1.478,0,0,0,0,5.3797541433026575e-116,0,0.999999999999999
1.4784999999999999,0,0,0,0,4.8417787289723926e-116,0,0.999999999999999
1.4790000000000001,0,0,0,0,4.357600856075153e-116,0,0.999999999999999
1.4795,0,0,0,0,3.9218407704676375e-116,0,0.999999999999999
1.48,0,0,0,0,3.5296566934208737e-116,0,0.999999999999999
1.4804999999999999,0,0,0,0,3.176691024078786e-116,0,0.999999999999999
1.4810000000000001,0,0,0,0,2.8590219216709076e-116,0,0.999999999999999
1.4815,0,0,0,0,2.5731197295038167e-116,0,0.999999999999999
1.482,0,0,0,0,2.3158077565534351e-116,0,0.999999999999999
1.4824999999999999,0,0,0,0,2.0842269808980916e-116,0,0.999999999999999
1.4830000000000001,0,0,0,0,1.8758042828082823e-116,0,0.999999999999999
1.4835,0,0,0,0,1.6882238545274538e-116,0,0.999999999999999
1.484,0,0,0,0,1.5194014690747086e-116,0,0.999999999999999
1.4844999999999999,0,0,0,0,1.3674613221672376e-116,0,0.999999999999999
1.4850000000000001,0,0,0,0,1.2307151899505139e-116,0,0.999999999999999
1.4855,0,0,0,0,1.1076436709554625e-116,0,0.999999999999999
1.486,0,0,0,0,9.9687930385991628e-117,0,0.999999999999999
1.4864999999999999,0,0,0,0,8.9719137347392467e-117,0,0.999999999999999
1.4870000000000001,0,0,0,0,8.0747223612653217e-117,0,0.999999999999999
1.4875,0,0,0,0,7.2672501251387904e-117,0,0.999999999999999
1.488,0,0,0,0,6.5405251126249105e-117,0,0.999999999999999
1.4884999999999999,0,0,0,0,5.886472601362419e-117,0,0.999999999999999
1.4890000000000001,0,0,0,0,5.2978253412261778e-117,0,0.999999999999999
1.4895,0,0,0,0,4.7680428071035601e-117,0,0.999999999999999
1.49,0,0,0,0,4.2912385263932041e-117,0,0.999999999999999
1.4904999999999999,0,0,0,0,3.8621146737538837e-117,0,0.999999999999999
1.4910000000000001,0,0,0,0,3.4759032063784951e-117,0,0.999999999999999
1.4915,0,0,0,0,3.1283128857406457e-117,0,0.999999999999999
1.492,0,0,0,0,2.8154815971665814e-117,0,0.999999999999999
1.4924999999999999,0,0,0,0,2.5339334374499231e-117,0,0.999999999999999
1.4930000000000001,0,0,0,0,2.280540093704931e-117,0,0.999999999999999
1.4935,0,0,0,0,2.0524860843344379e-117,0,0.999999999999999
1.494,0,0,0,0,1.8472374759009943e-117,0,0.999999999999999
1.4944999999999999,0,0,0,0,1.6625137283108947e-117,0,0.999999999999999
1.4950000000000001,0,0,0,0,1.4962623554798051e-117,0,0.999999999999999
1.4955000000000001,0,0,0,0,1.3466361199318248e-117,0,0.999999999999999
1.496,0,0,0,0,1.2119725079386423e-117,0,0.999999999999999
1.4964999999999999,0,0,0,0,1.0907752571447781e-117,0,0.999999999999999
1.4970000000000001,0,0,0,0,9.8169773143030018e-118,0,0.999999999999999
1.4975000000000001,0,0,0,0,8.8352795828727026e-118,0,0.999999999999999
1.498,0,0,0,0,7.951751624585431e-118,0,0.999999999999999
1.4984999999999999,0,0,0,0,7.1565764621268884e-118,0,0.999999999999999
1.4990000000000001,0,0,0,0,6.4409188159141996e-118,0,0.999999999999999
1.4995000000000001,0,0,0,0,5.7968269343227793e-118,0,0.999999999999999
1.5,0,0,0,0,5.2171442408905017e-118,0,0.999999999999999
1.5004999999999999,0,0,0,0,4.6954298168014511e-118,0,0.999999999999999
1.5009999999999999,0,0,0,0,4.2258868351213063e-118,0,0.999999999999999
1.5015000000000001,0,0,0,0,3.8032981516091755e-118,0,0.999999999999999
1.502,0,0,0,0,3.4229683364482579e-118,0,0.999999999999999
1.5024999999999999,0,0,0,0,3.0806715028034322e-118,0,0.999999999999999
1.5029999999999999,0,0,0,0,2.7726043525230892e-118,0,0.999999999999999
1.5035000000000001,0,0,0,0,2.4953439172707802e-118,0,0.999999999999999
1.504,0,0,0,0,2.245809525543702e-118,0,0.999999999999999
1.5044999999999999,0,0,0,0,2.0212285729893322e-118,0,0.999999999999999
1.5049999999999999,0,0,0,0,1.8191057156903989e-118,0,0.999999999999999
1.5055000000000001,0,0,0,0,1.6371951441213593e-118,0,0.999999999999999
1.506,0,0,0,0,1.4734756297092233e-118,0,0.999999999999999
1.5065,0,0,0,0,1.3261280667383009e-118,0,0.999999999999999
1.5069999999999999,0,0,0,0,1.1935152600644709e-118,0,0.999999999999999
1.5075000000000001,0,0,0,0,1.0741637340580237e-118,0,0.999999999999999
1.508,0,0,0,0,9.667473606522213e-119,0,0.999999999999999
1.5085,0,0,0,0,8.7007262458699927e-119,0,0.999999999999999
1.5089999999999999,0,0,0,0,7.8306536212829938e-119,0,0.999999999999999
1.5095000000000001,0,0,0,0,7.0475882591546935e-119,0,0.999999999999999
1.51,0,0,0,0,6.3428294332392239e-119,0,0.999999999999999
1.5105,0,0,0,0,5.7085464899153017e-119,0,0.999999999999999
1.5109999999999999,0,0,0,0,5.1376918409237707e-119,0,0.999999999999999
1.5115000000000001,0,0,0,0,4.6239226568313939e-119,0,0.999999999999999
1.512,0,0,0,0,4.1615303911482544e-119,0,0.999999999999999
1.5125,0,0,0,0,3.7453773520334289e-119,0,0.999999999999999
1.5129999999999999,0,0,0,0,3.3708396168300859e-119,0,0.999999999999999
1.5135000000000001,0,0,0,0,3.0337556551470773e-119,0,0.999999999999999
1.514,0,0,0,0,2.7303800896323697e-119,0,0.999999999999999
1.5145,0,0,0,0,2.4573420806691322e-119,0,0.999999999999999
1.5149999999999999,0,0,0,0,2.2116078726022194e-119,0,0.999999999999999
1.5155000000000001,0,0,0,0,1.9904470853419974e-119,0,0.999999999999999
1.516,0,0,0,0,1.7914023768077975e-119,0,0.999999999999999
1.5165,0,0,0,0,1.612262139127018e-119,0,0.999999999999999
1.5169999999999999,0,0,0,0,1.4510359252143162e-119,0,0.999999999999999
1.5175000000000001,0,0,0,0,1.3059323326928844e-119,0,0.999999999999999
1.518,0,0,0,0,1.1753390994235959e-119,0,0.999999999999999
1.5185,0,0,0,0,1.0578051894812363e-119,0,0.999999999999999
1.5189999999999999,0,0,0,0,9.5202467053311272e-120,0,0.999999999999999
1.5195000000000001,0,0,0,0,8.5682220347980146e-120,0,0.999999999999999
1.52,0,0,0,0,7.7113998313182129e-120,0,0.999999999999999
1.5205,0,0,0,0,6.9402598481863913e-120,0,0.999999999999999
1.5209999999999999,0,0,0,0,6.246233863367752e-120,0,0.999999999999999
1.5215000000000001,0,0,0,0,5.6216104770309771e-120,0,0.999999999999999
1.522,0,0,0,0,5.0594494293278792e-120,0,0.999999999999999
1.5225,0,0,0,0,4.5535044863950915e-120,0,0.999999999999999
1.5229999999999999,0,0,0,0,4.0981540377555818e-120,0,0.999999999999999
1.5235000000000001,0,0,0,0,3.688338633980024e-120,0,0.999999999999999
1.524,0,0,0,0,3.3195047705820219e-120,0,0.999999999999999
1.5245,0,0,0,0,2.9875542935238198e-120,0,0.999999999999999
1.5249999999999999,0,0,0,0,2.688798864171438e-120,0,0.999999999999999
1.5255000000000001,0,0,0,0,2.4199189777542938e-120,0,0.999999999999999
1.526,0,0,0,0,2.1779270799788647e-120,0,0.999999999999999
1.5265,0,0,0,0,1.9601343719809782e-120,0,0.999999999999999
1.5269999999999999,0,0,0,0,1.7641209347828803e-120,0,0.999999999999999
1.5275000000000001,0,0,0,0,1.5877088413045922e-120,0,0.999999999999999
1.528,0,0,0,0,1.4289379571741328e-120,0,0.999999999999999
1.5285,0,0,0,0,1.2860441614567195e-120,0,0.999999999999999
1.5289999999999999,0,0,0,0,1.1574397453110476e-120,0,0.999999999999999
1.5295000000000001,0,0,0,0,1.0416957707799427e-120,0,0.999999999999999
1.53,0,0,0,0,9.3752619370194845e-121,0,0.999999999999999
1.5305,0,0,0,0,8.4377357433175364e-121,0,0.999999999999999
1.5309999999999999,0,0,0,0,7.5939621689857827e-121,0,0.999999999999999
1.5315000000000001,0,0,0,0,6.8345659520872046e-121,0,0.999999999999999
1.532,0,0,0,0,6.1511093568784838e-121,0,0.999999999999999
1.5325,0,0,0,0,5.5359984211906359e-121,0,0.999999999999999
1.5329999999999999,0,0,0,0,4.9823985790715726e-121,0,0.999999999999999
1.5335000000000001,0,0,0,0,4.4841587211644146e-121,0,0.999999999999999
1.534,0,0,0,0,4.0357428490479732e-121,0,0.999999999999999
1.5345,0,0,0,0,3.6321685641431759e-121,0,0.999999999999999
1.5349999999999999,0,0,0,0,3.268951707728858e-121,0,0.999999999999999
1.5355000000000001,0,0,0,0,2.9420565369559724e-121,0,0.999999999999999
1.536,0,0,0,0,2.647850883260375e-121,0,0.999999999999999
1.5365,0,0,0,0,2.3830657949343377e-121,0,0.999999999999999
1.5369999999999999,0,0,0,0,2.1447592154409041e-121,0,0.999999999999999
1.5375000000000001,0,0,0,0,1.9302832938968136e-121,0,0.999999999999999
1.538,0,0,0,0,1.7372549645071324e-121,0,0.999999999999999
1.5385,0,0,0,0,1.563529468056419e-121,0,0.999999999999999
1.5389999999999999,0,0,0,0,1.4071765212507772e-121,0,0.999999999999999
1.5395000000000001,0,0,0,0,1.2664588691256994e-121,0,0.999999999999999
1.54,0,0,0,0,1.1398129822131295e-121,0,0.999999999999999
1.5405,0,0,0,0,1.0258316839918166e-121,0,0.999999999999999
1.5409999999999999,0,0,0,0,9.2324851559263495e-122,0,0.999999999999999
1.5415000000000001,0,0,0,0,8.3092366403337149e-122,0,0.999999999999999
1.542,0,0,0,0,7.4783129763003428e-122,0,0.999999999999999
1.5425,0,0,0,0,6.7304816786703088e-122,0,0.999999999999999
1.5429999999999999,0,0,0,0,6.0574335108032782e-122,0,0.999999999999999
1.5435000000000001,0,0,0,0,5.4516901597229498e-122,0,0.999999999999999
1.544,0,0,0,0,4.9065211437506554e-122,0,0.999999999999999
1.5445,0,0,0,0,4.4158690293755894e-122,0,0.999999999999999
1.5449999999999999,0,0,0,0,3.9742821264380306e-122,0,0.999999999999999
1.5455000000000001,0,0,0,0,3.5768539137942274e-122,0,0.999999999999999
1.546,0,0,0,0,3.2191685224148046e-122,0,0.999999999999999
1.5465,0,0,0,0,2.8972516701733241e-122,0,0.999999999999999
1.5469999999999999,0,0,0,0,2.6075265031559919e-122,0,0.999999999999999
1.5475000000000001,0,0,0,0,2.3467738528403926e-122,0,0.999999999999999
1.548,0,0,0,0,2.1120964675563534e-122,0,0.999999999999999
1.5485,0,0,0,0,1.900886820800718e-122,0,0.999999999999999
1.5489999999999999,0,0,0,0,1.7107981387206463e-122,0,0.999999999999999
1.5495000000000001,0,0,0,0,1.5397183248485816e-122,0,0.999999999999999
1.55,0,0,0,0,1.3857464923637235e-122,0,0.999999999999999
1.5505,0,0,0,0,1.2471718431273513e-122,0,0.999999999999999
1.5509999999999999,0,0,0,0,1.1224546588146161e-122,0,0.999999999999999
1.5515000000000001,0,0,0,0,1.0102091929331545e-122,0,0.999999999999999
1.552,0,0,0,0,9.0918827363983904e-123,0,0.999999999999999
1.5525,0,0,0,0,8.1826944627585507e-123,0,0.999999999999999
1.5529999999999999,0,0,0,0,7.364425016482696e-123,0,0.999999999999999
1.5535000000000001,0,0,0,0,6.6279825148344263e-123,0,0.999999999999999
1.554,0,0,0,0,5.9651842633509841e-123,0,0.999999999999999
1.5545,0,0,0,0,5.3686658370158854e-123,0,0.999999999999999
1.5549999999999999,0,0,0,0,4.8317992533142972e-123,0,0.999999999999999
1.5555000000000001,0,0,0,0,4.3486193279828673e-123,0,0.999999999999999
1.556,0,0,0,0,3.9137573951845807e-123,0,0.999999999999999
1.5565,0,0,0,0,3.5223816556661227e-123,0,0.999999999999999
1.5569999999999999,0,0,0,0,3.1701434900995106e-123,0,0.999999999999999
1.5575000000000001,0,0,0,0,2.8531291410895595e-123,0,0.999999999999999
1.5580000000000001,0,0,0,0,2.5678162269806035e-123,0,0.999999999999999
1.5585,0,0,0,0,2.3110346042825431e-123,0,0.999999999999999
1.5589999999999999,0,0,0,0,2.0799311438542888e-123,0,0.999999999999999
1.5595000000000001,0,0,0,0,1.8719380294688596e-123,0,0.999999999999999
1.5600000000000001,0,0,0,0,1.6847442265219738e-123,0,0.999999999999999
1.5605,0,0,0,0,1.5162698038697762e-123,0,0.999999999999999
1.5609999999999999,0,0,0,0,1.3646428234827987e-123,0,0.999999999999999
1.5615000000000001,0,0,0,0,1.2281785411345187e-123,0,0.999999999999999
1.5620000000000001,0,0,0,0,1.1053606870210669e-123,0,0.999999999999999
1.5625,0,0,0,0,9.948246183189603e-124,0,0.999999999999999
1.5629999999999999,0,0,0,0,8.953421564870642e-124,0,0.999999999999999
1.5634999999999999,0,0,0,0,8.0580794083835773e-124,0,0.999999999999999
1.5640000000000001,0,0,0,0,7.2522714675452194e-124,0,0.999999999999999
1.5645,0,0,0,0,6.5270443207906981e-124,0,0.999999999999999
1.5649999999999999,0,0,0,0,5.8743398887116275e-124,0,0.999999999999999
1.5654999999999999,0,0,0,0,5.2869058998404651e-124,0,0.999999999999999
1.5660000000000001,0,0,0,0,4.7582153098564185e-124,0,0.999999999999999
1.5665,0,0,0,0,4.2823937788707771e-124,0,0.999999999999999
1.5669999999999999,0,0,0,0,3.8541544009836991e-124,0,0.999999999999999
1.5674999999999999,0,0,0,0,3.4687389608853294e-124,0,0.999999999999999
1.5680000000000001,0,0,0,0,3.1218650647967967e-124,0,0.999999999999999
1.5685,0,0,0,0,2.8096785583171167e-124,0,0.999999999999999
1.569,0,0,0,0,2.5287107024854053e-124,0,0.999999999999999
1.5694999999999999,0,0,0,0,2.2758396322368646e-124,0,0.999999999999999
1.5700000000000001,0,0,0,0,2.048255669013178e-124,0,0.999999999999999
1.5705,0,0,0,0,1.8434301021118602e-124,0,0.999999999999999
1.571,0,0,0,0,1.6590870919006743e-124,0,0.999999999999999
1.5714999999999999,0,0,0,0,1.4931783827106069e-124,0,0.999999999999999
1.5720000000000001,0,0,0,0,1.3438605444395463e-124,0,0.999999999999999
1.5725,0,0,0,0,1.2094744899955916e-124,0,0.999999999999999
1.573,0,0,0,0,1.0885270409960324e-124,0,0.999999999999999
1.5734999999999999,0,0,0,0,9.7967433689642922e-125,0,0.999999999999999
1.5740000000000001,0,0,0,0,8.8170690320678628e-125,0,0.999999999999999
1.5745,0,0,0,0,7.9353621288610761e-125,0,0.999999999999999
1.575,0,0,0,0,7.1418259159749685e-125,0,0.999999999999999
1.5754999999999999,0,0,0,0,6.4276433243774711e-125,0,0.999999999999999
1.5760000000000001,0,0,0,0,5.7848789919397245e-125,0,0.999999999999999
1.5765,0,0,0,0,5.2063910927457511e-125,0,0.999999999999999
1.577,0,0,0,0,4.6857519834711761e-125,0,0.999999999999999
1.5774999999999999,0,0,0,0,4.2171767851240585e-125,0,0.999999999999999
1.5780000000000001,0,0,0,0,3.7954591066116526e-125,0,0.999999999999999
1.5785,0,0,0,0,3.4159131959504869e-125,0,0.999999999999999
1.579,0,0,0,0,3.0743218763554382e-125,0,0.999999999999999
1.5794999999999999,0,0,0,0,2.7668896887198942e-125,0,0.999999999999999
1.5800000000000001,0,0,0,0,2.4902007198479052e-125,0,0.999999999999999
1.5805,0,0,0,0,2.2411806478631143e-125,0,0.999999999999999
1.581,0,0,0,0,2.017062583076803e-125,0,0.999999999999999
1.5814999999999999,0,0,0,0,1.8153563247691227e-125,0,0.999999999999999
1.5820000000000001,0,0,0,0,1.6338206922922102e-125,0,0.999999999999999
1.5825,0,0,0,0,1.4704386230629894e-125,0,0.999999999999999
1.583,0,0,0,0,1.3233947607566903e-125,0,0.999999999999999
1.5834999999999999,0,0,0,0,1.1910552846810213e-125,0,0.999999999999999
1.5840000000000001,0,0,0,0,1.0719497562129192e-125,0,0.999999999999999
1.5845,0,0,0,0,9.6475478059162742e-126,0,0.999999999999999
1.585,0,0,0,0,8.6827930253246464e-126,0,0.999999999999999
1.5854999999999999,0,0,0,0,7.8145137227921827e-126,0,0.999999999999999
1.5860000000000001,0,0,0,0,7.0330623505129639e-126,0,0.999999999999999
1.5865,0,0,0,0,6.3297561154616681e-126,0,0.999999999999999
1.587,0,0,0,0,5.6967805039155009e-126,0,0.999999999999999
1.5874999999999999,0,0,0,0,5.1271024535239508e-126,0,0.999999999999999
1.5880000000000001,0,0,0,0,4.6143922081715555e-126,0,0.999999999999999
1.5885,0,0,0,0,4.1529529873544001e-126,0,0.999999999999999
1.589,0,0,0,0,3.7376576886189601e-126,0,0.999999999999999
1.5894999999999999,0,0,0,0,3.3638919197570642e-126,0,0.999999999999999
1.5900000000000001,0,0,0,0,3.0275027277813581e-126,0,0.999999999999999
1.5905,0,0,0,0,2.7247524550032221e-126,0,0.999999999999999
1.591,0,0,0,0,2.4522772095028997e-126,0,0.999999999999999
1.5914999999999999,0,0,0,0,2.2070494885526098e-126,0,0.999999999999999
1.5920000000000001,0,0,0,0,1.9863445396973486e-126,0,0.999999999999999
1.5925,0,0,0,0,1.7877100857276138e-126,0,0.999999999999999
1.593,0,0,0,0,1.6089390771548524e-126,0,0.999999999999999
1.5934999999999999,0,0,0,0,1.4480451694393672e-126,0,0.999999999999999
1.5940000000000001,0,0,0,0,1.3032406524954306e-126,0,0.999999999999999
1.5945,0,0,0,0,1.1729165872458875e-126,0,0.999999999999999
1.595,0,0,0,0,1.0556249285212986e-126,0,0.999999999999999
1.5954999999999999,0,0,0,0,9.5006243566916873e-127,0,0.999999999999999
1.5960000000000001,0,0,0,0,8.5505619210225198e-127,0,0.999999999999999
1.5965,0,0,0,0,7.6955057289202675e-127,0,0.999999999999999
1.597,0,0,0,0,6.9259551560282403e-127,0,0.999999999999999
1.5974999999999999,0,0,0,0,6.2333596404254157e-127,0,0.999999999999999
1.5980000000000001,0,0,0,0,5.6100236763828745e-127,0,0.999999999999999
1.5985,0,0,0,0,5.0490213087445873e-127,0,0.999999999999999
1.599,0,0,0,0,4.5441191778701284e-127,0,0.999999999999999
1.5994999999999999,0,0,0,0,4.0897072600831159e-127,0,0.999999999999999
1.6000000000000001,0,0,0,0,3.6807365340748042e-127,0,0.999999999999999
1.6005,0,0,0,0,3.3126628806673237e-127,0,0.999999999999999
1.601,0,0,0,0,2.9813965926005917e-127,0,0.999999999999999
1.6014999999999999,0,0,0,0,2.6832569333405323e-127,0,0.999999999999999
1.6020000000000001,0,0,0,0,2.4149312400064794e-127,0,0.999999999999999
1.6025,0,0,0,0,2.1734381160058313e-127,0,0.999999999999999
1.603,0,0,0,0,1.9560943044052481e-127,0,0.999999999999999
1.6034999999999999,0,0,0,0,1.7604848739647231e-127,0,0.999999999999999
1.6040000000000001,0,0,0,0,1.5844363865682508e-127,0,0.999999999999999
1.6045,0,0,0,0,1.4259927479114256e-127,0,0.999999999999999
1.605,0,0,0,0,1.2833934731202829e-127,0,0.999999999999999
1.6054999999999999,0,0,0,0,1.1550541258082547e-127,0,0.999999999999999
1.6060000000000001,0,0,0,0,1.0395487132274293e-127,0,0.999999999999999
1.6065,0,0,0,0,9.3559384190468653e-128,0,0.999999999999999
1.607,0,0,0,0,8.4203445771421788e-128,0,0.999999999999999
1.6074999999999999,0,0,0,0,7.57831011942796e-128,0,0.999999999999999
1.6080000000000001,0,0,0,0,6.820479107485164e-128,0,0.999999999999999
1.6085,0,0,0,0,6.1384311967366487e-128,0,0.999999999999999
1.609,0,0,0,0,5.5245880770629835e-128,0,0.999999999999999
1.6094999999999999,0,0,0,0,4.9721292693566852e-128,0,0.999999999999999
1.6100000000000001,0,0,0,0,4.4749163424210165e-128,0,0.999999999999999
1.6105,0,0,0,0,4.0274247081789145e-128,0,0.999999999999999
1.611,0,0,0,0,3.6246822373610235e-128,0,0.999999999999999
1.6114999999999999,0,0,0,0,3.2622140136249211e-128,0,0.999999999999999
1.6120000000000001,0,0,0,0,2.935992612262429e-128,0,0.999999999999999
1.6125,0,0,0,0,2.642393351036186e-128,0,0.999999999999999
1.613,0,0,0,0,2.3781540159325676e-128,0,0.999999999999999
1.6134999999999999,0,0,0,0,2.1403386143393108e-128,0,0.999999999999999
1.6140000000000001,0,0,0,0,1.9263047529053799e-128,0,0.999999999999999
1.6145,0,0,0,0,1.7336742776148416e-128,0,0.999999999999999
1.615,0,0,0,0,1.5603068498533577e-128,0,0.999999999999999
1.6154999999999999,0,0,0,0,1.4042761648680217e-128,0,0.999999999999999
1.6160000000000001,0,0,0,0,1.2638485483812198e-128,0,0.999999999999999
1.6165,0,0,0,0,1.1374636935430978e-128,0,0.999999999999999
1.617,0,0,0,0,1.0237173241887879e-128,0,0.999999999999999
1.6174999999999999,0,0,0,0,9.2134559176990919e-129,0,0.999999999999999
1.6180000000000001,0,0,0,0,8.2921103259291827e-129,0,0.999999999999999
1.6185,0,0,0,0,7.462899293336265e-129,0,0.999999999999999
1.619,0,0,0,0,6.7166093640026387e-129,0,0.999999999999999
1.6194999999999999,0,0,0,0,6.0449484276023754e-129,0,0.999999999999999
1.6200000000000001,0,0,0,0,5.4404535848421376e-129,0,0.999999999999999
1.6205000000000001,0,0,0,0,4.896408226357924e-129,0,0.999999999999999
1.621,0,0,0,0,4.4067674037221319e-129,0,0.999999999999999
1.6214999999999999,0,0,0,0,3.9660906633499185e-129,0,0.999999999999999
1.6220000000000001,0,0,0,0,3.5694815970149266e-129,0,0.999999999999999
1.6225000000000001,0,0,0,0,3.212533437313434e-129,0,0.999999999999999
1.623,0,0,0,0,2.8912800935820907e-129,0,0.999999999999999
1.6234999999999999,0,0,0,0,2.6021520842238816e-129,0,0.999999999999999
1.6240000000000001,0,0,0,0,2.3419368758014937e-129,0,0.999999999999999
1.6245000000000001,0,0,0,0,2.1077431882213443e-129,0,0.999999999999999
1.625,0,0,0,0,1.8969688693992098e-129,0,0.999999999999999
1.6254999999999999,0,0,0,0,1.7072719824592888e-129,0,0.999999999999999
1.6259999999999999,0,0,0,0,1.5365447842133601e-129,0,0.999999999999999
1.6265000000000001,0,0,0,0,1.382890305792024e-129,0,0.999999999999999
1.627,0,0,0,0,1.2446012752128216e-129,0,0.999999999999999
1.6274999999999999,0,0,0,0,1.1201411476915394e-129,0,0.999999999999999
1.6279999999999999,0,0,0,0,1.0081270329223857e-129,0,0.999999999999999
1.6285000000000001,0,0,0,0,9.0731432963014709e-130,0,0.999999999999999
1.629,0,0,0,0,8.1658289666713232e-130,0,0.999999999999999
1.6294999999999999,0,0,0,0,7.3492460700041905e-130,0,0.999999999999999
1.6299999999999999,0,0,0,0,6.614321463003771e-130,0,0.999999999999999
1.6305000000000001,0,0,0,0,5.9528893167033931e-130,0,0.999999999999999
1.631,0,0,0,0,5.3576003850330538e-130,0,0.999999999999999
1.6315,0,0,0,0,4.8218403465297488e-130,0,0.999999999999999
1.6319999999999999,0,0,0,0,4.3396563118767733e-130,0,0.999999999999999
1.6325000000000001,0,0,0,0,3.9056906806890964e-130,0,0.999999999999999
1.633,0,0,0,0,3.5151216126201869e-130,0,0.999999999999999
1.6335,0,0,0,0,3.163609451358168e-130,0,0.999999999999999
1.6339999999999999,0,0,0,0,2.8472485062223514e-130,0,0.999999999999999
1.6345000000000001,0,0,0,0,2.5625236556001163e-130,0,0.999999999999999
1.635,0,0,0,0,2.3062712900401047e-130,0,0.999999999999999
1.6355,0,0,0,0,2.0756441610360943e-130,0,0.999999999999999
1.6359999999999999,0,0,0,0,1.8680797449324847e-130,0,0.999999999999999
1.6365000000000001,0,0,0,0,1.6812717704392363e-130,0,0.999999999999999
1.637,0,0,0,0,1.5131445933953126e-130,0,0.999999999999999
1.6375,0,0,0,0,1.3618301340557813e-130,0,0.999999999999999
1.6379999999999999,0,0,0,0,1.2256471206502032e-130,0,0.999999999999999
1.6385000000000001,0,0,0,0,1.1030824085851828e-130,0,0.999999999999999
1.639,0,0,0,0,9.927741677266647e-131,0,0.999999999999999
1.6395,0,0,0,0,8.9349675095399813e-131,0,0.999999999999999
1.6399999999999999,0,0,0,0,8.0414707585859839e-131,0,0.999999999999999
1.6405000000000001,0,0,0,0,7.2373236827273851e-131,0,0.999999999999999
1.641,0,0,0,0,6.5135913144546466e-131,0,0.999999999999999
1.6415,0,0,0,0,5.8622321830091821e-131,0,0.999999999999999
1.6419999999999999,0,0,0,0,5.2760089647082643e-131,0,0.999999999999999
1.6425000000000001,0,0,0,0,4.7484080682374374e-131,0,0.999999999999999
1.643,0,0,0,0,4.2735672614136935e-131,0,0.999999999999999
1.6435,0,0,0,0,3.8462105352723243e-131,0,0.999999999999999
1.6439999999999999,0,0,0,0,3.4615894817450921e-131,0,0.999999999999999
1.6445000000000001,0,0,0,0,3.1154305335705824e-131,0,0.999999999999999
1.645,0,0,0,0,2.8038874802135243e-131,0,0.999999999999999
1.6455,0,0,0,0,2.5234987321921722e-131,0,0.999999999999999
1.6459999999999999,0,0,0,0,2.2711488589729545e-131,0,0.999999999999999
1.6465000000000001,0,0,0,0,2.0440339730756593e-131,0,0.999999999999999
1.647,0,0,0,0,1.8396305757680934e-131,0,0.999999999999999
1.6475,0,0,0,0,1.6556675181912841e-131,0,0.999999999999999
1.6479999999999999,0,0,0,0,1.4901007663721559e-131,0,0.999999999999999
1.6485000000000001,0,0,0,0,1.3410906897349401e-131,0,0.999999999999999
1.649,0,0,0,0,1.2069816207614462e-131,0,0.999999999999999
1.6495,0,0,0,0,1.0862834586853015e-131,0,0.999999999999999
1.6499999999999999,0,0,0,0,9.7765511281677136e-132,0,0.999999999999999
1.6505000000000001,0,0,0,0,8.7988960153509436e-132,0,0.999999999999999
1.651,0,0,0,0,7.919006413815848e-132,0,0.999999999999999
1.6515,0,0,0,0,7.1271057724342636e-132,0,0.999999999999999
1.6519999999999999,0,0,0,0,6.4143951951908376e-132,0,0.999999999999999
1.6525000000000001,0,0,0,0,5.772955675671754e-132,0,0.999999999999999
1.653,0,0,0,0,5.1956601081045786e-132,0,0.999999999999999
1.6535,0,0,0,0,4.6760940972941208e-132,0,0.999999999999999
1.6539999999999999,0,0,0,0,4.2084846875647089e-132,0,0.999999999999999
1.6545000000000001,0,0,0,0,3.7876362188082379e-132,0,0.999999999999999
1.655,0,0,0,0,3.408872596927414e-132,0,0.999999999999999
1.6555,0,0,0,0,3.0679853372346722e-132,0,0.999999999999999
1.6559999999999999,0,0,0,0,2.7611868035112054e-132,0,0.999999999999999
1.6565000000000001,0,0,0,0,2.4850681231600845e-132,0,0.999999999999999
1.657,0,0,0,0,2.2365613108440762e-132,0,0.999999999999999
1.6575,0,0,0,0,2.0129051797596685e-132,0,0.999999999999999
1.6579999999999999,0,0,0,0,1.8116146617837015e-132,0,0.999999999999999
1.6585000000000001,0,0,0,0,1.6304531956053315e-132,0,0.999999999999999
1.659,0,0,0,0,1.4674078760447983e-132,0,0.999999999999999
1.6595,0,0,0,0,1.3206670884403185e-132,0,0.999999999999999
1.6599999999999999,0,0,0,0,1.1886003795962865e-132,0,0.999999999999999
1.6605000000000001,0,0,0,0,1.0697403416366579e-132,0,0.999999999999999
1.661,0,0,0,0,9.6276630747299214e-133,0,0.999999999999999
1.6615,0,0,0,0,8.6648967672569275e-133,0,0.999999999999999
1.6619999999999999,0,0,0,0,7.7984070905312354e-133,0,0.999999999999999
1.6625000000000001,0,0,0,0,7.0185663814781117e-133,0,0.999999999999999
1.663,0,0,0,0,6.3167097433303005e-133,0,0.999999999999999
1.6635,0,0,0,0,5.6850387689972702e-133,0,0.999999999999999
1.6639999999999999,0,0,0,0,5.1165348920975431e-133,0,0.999999999999999
1.6645000000000001,0,0,0,0,4.6048814028877893e-133,0,0.999999999999999
1.665,0,0,0,0,4.14439326259901e-133,0,0.999999999999999
1.6655,0,0,0,0,3.7299539363391094e-133,0,0.999999999999999
1.6659999999999999,0,0,0,0,3.3569585427051983e-133,0,0.999999999999999
1.6665000000000001,0,0,0,0,3.0212626884346784e-133,0,0.999999999999999
1.667,0,0,0,0,2.7191364195912103e-133,0,0.999999999999999
1.6675,0,0,0,0,2.4472227776320893e-133,0,0.999999999999999
1.6679999999999999,0,0,0,0,2.2025004998688803e-133,0,0.999999999999999
1.6685000000000001,0,0,0,0,1.9822504498819923e-133,0,0.999999999999999
1.669,0,0,0,0,1.7840254048937929e-133,0,0.999999999999999
1.6695,0,0,0,0,1.6056228644044135e-133,0,0.999999999999999
1.6699999999999999,0,0,0,0,1.4450605779639721e-133,0,0.999999999999999
1.6705000000000001,0,0,0,0,1.3005545201675751e-133,0,0.999999999999999
1.671,0,0,0,0,1.1704990681508174e-133,0,0.999999999999999
1.6715,0,0,0,0,1.0534491613357357e-133,0,0.999999999999999
1.6719999999999999,0,0,0,0,9.4810424520216223e-134,0,0.999999999999999
1.6725000000000001,0,0,0,0,8.5329382068194598e-134,0,0.999999999999999
1.673,0,0,0,0,7.6796443861375141e-134,0,0.999999999999999
1.6735,0,0,0,0,6.9116799475237628e-134,0,0.999999999999999
1.6739999999999999,0,0,0,0,6.2205119527713866e-134,0,0.999999999999999
1.6745000000000001,0,0,0,0,5.5984607574942477e-134,0,0.999999999999999
1.675,0,0,0,0,5.0386146817448236e-134,0,0.999999999999999
1.6755,0,0,0,0,4.5347532135703406e-134,0,0.999999999999999
1.6759999999999999,0,0,0,0,4.0812778922133065e-134,0,0.999999999999999
1.6765000000000001,0,0,0,0,3.6731501029919764e-134,0,0.999999999999999
1.677,0,0,0,0,3.3058350926927785e-134,0,0.999999999999999
1.6775,0,0,0,0,2.9752515834235011e-134,0,0.999999999999999
1.6779999999999999,0,0,0,0,2.6777264250811506e-134,0,0.999999999999999
1.6785000000000001,0,0,0,0,2.4099537825730355e-134,0,0.999999999999999
1.679,0,0,0,0,2.1689584043157323e-134,0,0.999999999999999
1.6795,0,0,0,0,1.9520625638841591e-134,0,0.999999999999999
1.6799999999999999,0,0,0,0,1.7568563074957433e-134,0,0.999999999999999
1.6805000000000001,0,0,0,0,1.5811706767461689e-134,0,0.999999999999999
1.681,0,0,0,0,1.4230536090715521e-134,0,0.999999999999999
1.6815,0,0,0,0,1.2807482481643968e-134,-0.0030759870200107731,0.99692401297998823
1.6819999999999999,0,0,0,0,1.1526734233479573e-134,-0.0076349307225141994,0.9923650692774848
1.6825000000000001,0,0,0,0,1.0374060810131615e-134,-0.011423346969650416,0.98857665303034858
1.6830000000000001,0,0,0,0,9.336654729118454e-135,-0.01455010947508828,0.98544989052491072
1.6835,0,0,0,0,8.4029892562066087e-135,-0.017108032160355502,0.9828919678396435
1.6839999999999999,0,0,0,0,7.5626903305859473e-135,-0.019176537544998484,0.98082346245500052
1.6845000000000001,0,0,0,0,6.8064212975273528e-135,-0.020823820155974393,0.97917617984402461
1.6850000000000001,0,0,0,0,6.1257791677746171e-135,-0.022108611641516118,0.97789138835848288
1.6855,0,0,0,0,5.5132012509971553e-135,-0.023081629670734571,0.97691837032926443
1.6859999999999999,0,0,0,0,4.9618811258974406e-135,-0.023786774203845229,0.97621322579615377
1.6865000000000001,0,0,0,0,4.4656930133076964e-135,-0.024262120709617752,0.97573787929038125
1.6870000000000001,0,0,0,0,4.0191237119769266e-135,-0.024540749223222802,0.9754592507767762
1.6875,0,0,0,0,3.6172113407792336e-135,-0.024651439936248631,0.97534856006375037
1.6879999999999999,0,0,0,0,3.2554902067013107e-135,-0.024619259675510485,0.97538074032448852
1.6884999999999999,0,0,0,0,2.9299411860311796e-135,-0.024466058704932347,0.97553394129506665
1.6890000000000001,0,0,0,0,2.6369470674280612e-135,-0.024210893438853853,0.97578910656114515
1.6895,0,0,0,0,2.3732523606852548e-135,-0.023870387634272516,0.97612961236572648
1.6899999999999999,0,0,0,0,2.1359271246167293e-135,-0.023459042244727946,0.97654095775527106
1.6904999999999999,0,0,0,0,1.9223344121550562e-135,-0.022989502226698266,0.97701049777330073
1.6910000000000001,0,0,0,0,1.7301009709395507e-135,-0.022472787081551093,0.97752721291844791
1.6915,0,0,0,0,1.5570908738455956e-135,-0.021918490708858096,0.9780815092911409
1.6919999999999999,0,0,0,0,1.401381786461036e-135,-0.021334955176011361,0.97866504482398764
1.6924999999999999,0,0,0,0,1.2612436078149325e-135,-0.020729422224901373,0.97927057777509763
1.6930000000000001,0,0,0,0,1.1351192470334391e-135,-0.020108165700295277,0.97989183429970372
1.6935,0,0,0,0,1.0216073223300953e-135,-0.019476607566347504,0.9805233924336515
1.694,0,0,0,0,9.1944659009708566e-136,-0.01883941975372716,0.98116058024627184
1.6944999999999999,0,0,0,0,8.2750193108737722e-136,-0.018200613731556126,0.98179938626844288
1.6950000000000001,0,0,0,0,7.4475173797863952e-136,-0.017563619410996267,0.98243638058900273
1.6955,0,0,0,0,6.7027656418077556e-136,-0.016931354749247562,0.98306864525075144
1.696,0,0,0,0,6.0324890776269796e-136,-0.016306287224630123,0.98369371277536888
1.6964999999999999,0,0,0,0,5.4292401698642821e-136,-0.015690488187909524,0.98430951181208948
1.6970000000000001,0,0,0,0,4.8863161528778538e-136,-0.015085680956141601,0.9849143190438574
1.6975,0,0,0,0,4.3976845375900684e-136,-0.014493283398290147,0.98550671660170885
1.698,0,0,0,0,3.9579160838310613e-136,-0.013914445662851826,0.98608555433714717
1.6984999999999999,0,0,0,0,3.5621244754479552e-136,-0.013350083613593688,0.98664991638640531
1.6990000000000001,0,0,0,0,3.2059120279031595e-136,-0.012800908467743732,0.98719909153225527
1.6995,0,0,0,0,2.8853208251128436e-136,-0.012267453069512158,0.98773254693048684
1.7,0,0,0,0,2.5967887426015594e-136,-0.011750095178981623,0.98824990482101738
1.7004999999999999,0,0,0,0,2.3371098683414035e-136,-0.01124907811080933,0.98875092188918967
1.7010000000000001,0,0,0,0,2.1033988815072631e-136,-0.010764529017701752,0.98923547098229725
1.7015,0,0,0,0,1.8930589933565368e-136,-0.010296475079313416,0.98970352492068558
1.702,0,0,0,0,1.7037530940208832e-136,-0.0098448578273200305,0.99015514217267897
1.7024999999999999,0,0,0,0,1.5333777846187949e-136,-0.0094095458112678498,0.99059045418873115
1.7030000000000001,0,0,0,0,1.3800400061569152e-136,-0.0089903457868776293,0.99100965421312137
1.7035,0,0,0,0,1.2420360055412238e-136,-0.0085870125883312776,0.99141298741166772
1.704,0,0,0,0,1.1178324049871013e-136,-0.0081992578283077711,0.99180074217169123
1.7044999999999999,0,0,0,0,1.0060491644883912e-136,-0.0078267575538553125,0.99217324244614369
1.7050000000000001,0,0,0,0,9.0544424803955206e-137,-0.0074691589723032692,0.99253084102769573
1.7055,0,0,0,0,8.1489982323559689e-137,-0.0071260863491154902,0.99287391365088351
1.706,0,0,0,0,7.3340984091203714e-137,-0.0067971461686566759,0.99320285383134232
1.7064999999999999,0,0,0,0,6.6006885682083343e-137,-0.0064819316391245829,0.99351806836087442
1.7070000000000001,0,0,0,0,5.9406197113875009e-137,-0.0092088094049772584,0.99079119059502174
1.7075,0,0,0,0,5.3465577402487509e-137,-0.013412502960442274,0.98658749703955673
1.708,0,0,0,0,4.8119019662238766e-137,-0.016871251985375313,0.98312874801462369
1.7084999999999999,0,0,0,0,4.3307117696014879e-137,-0.019691364845842552,0.98030863515415645
1.7090000000000001,0,0,0,0,3.8976405926413389e-137,-0.021963439100319837,0.97803656089967916
1.7095,0,0,0,0,3.5078765333772051e-137,-0.023764972147935048,0.97623502785206395
1.71,0,0,0,0,3.1570888800394847e-137,-0.025162477724453014,0.97483752227554599
1.7104999999999999,0,0,0,0,2.8413799920355363e-137,-0.026213212688821597,0.9737867873111774
1.7110000000000001,0,0,0,0,2.5572419928319827e-137,-0.026966594446364844,0.97303340555363416
1.7115,0,0,0,0,2.3015177935487843e-137,-0.027465371241424452,0.97253462875857455
1.712,0,0,0,0,2.071366014193906e-137,-0.027746593835460853,0.97225340616453815
1.7124999999999999,0,0,0,0,1.8642294127745153e-137,-0.027842426626600081,0.97215757337339892
1.7130000000000001,0,0,0,0,1.6778064714970636e-137,-0.027780828237586652,0.97221917176241235
1.7135,0,0,0,0,1.5100258243473573e-137,-0.027586125397834671,0.97241387460216433
1.714,0,0,0,0,1.3590232419126215e-137,-0.027279499127560447,0.97272050087243855
1.7144999999999999,0,0,0,0,1.2231209177213595e-137,-0.026879398468319549,0.97312060153167945
1.7150000000000001,0,0,0,0,1.1008088259492236e-137,-0.026401894048480923,0.97359810595151808
1.7155,0,1,1,0,9.9072794335430098e-138,-0.025860981439090325,0.97413901856090868
1.716,0,1,1,1,5.813953488372093e-09,-0.028272593721691219,0.97172740627830778
1.7164999999999999,0,0,0,1,8.72093023255814e-09,-0.032080180091045185,0.96791981990895382
1.7170000000000001,0,0,0,0,7.8488372093023266e-09,-0.035095330494289256,0.96490466950570974
1.7175,0,0,0,0,7.0639534883720935e-09,-0.037436806515216525,0.96256319348478248
1.718,0,0,0,0,6.3575581395348843e-09,-0.03920516513049821,0.96079483486950079
1.7184999999999999,0,0,0,0,5.7218023255813956e-09,-0.040485897785154323,0.95951410221484468
1.7190000000000001,0,0,0,0,5.1496220930232561e-09,-0.041351953366900451,0.95864804663309855
1.7195,0,0,0,0,4.6346598837209306e-09,-0.04186577975313821,0.95813422024686079
1.72,0,0,0,0,4.1711938953488374e-09,-0.042080986534034359,0.95791901346596464
1.7204999999999999,0,0,0,0,3.7540745058139537e-09,-0.0420437076576895,0.9579562923423095
1.7210000000000001,0,0,0,0,3.3786670552325586e-09,-0.041793724852897562,0.95820627514710144
1.7215,0,0,0,0,3.0408003497093029e-09,-0.041365399167818562,0.95863460083218044
1.722,0,0,0,0,2.7367203147383722e-09,-0.04078844767762424,0.95921155232237476
1.7224999999999999,0,0,0,0,2.4630482832645352e-09,-0.040088594535959143,0.95991140546403986
1.7230000000000001,0,0,0,0,2.2167434549380819e-09,-0.039288119472750349,0.96071188052724865
1.7235,0,0,0,0,1.9950691094442734e-09,-0.038406322132839232,0.96159367786715977
1.724,0,0,0,0,1.7955621984998464e-09,-0.037459916979173058,0.96254008302082594
1.7244999999999999,0,0,0,0,1.6160059786498615e-09,-0.036463370607115353,0.96353662939288365
1.7250000000000001,0,0,0,0,1.4544053807848755e-09,-0.035429191049818454,0.96457080895018055
1.7255,0,0,0,0,1.308964842706388e-09,-0.034368176860303801,0.9656318231396952
1.726,0,0,0,0,1.1780683584357493e-09,-0.033289632328828644,0.96671036767117036
1.7264999999999999,0,0,0,0,1.0602615225921743e-09,-0.032201554053955528,0.96779844594604347
1.7270000000000001,0,0,0,0,9.5423537033295701e-10,-0.031110793170748163,0.96888920682925084
1.7275,0,0,0,0,8.5881183329966124e-10,-0.030023196802016261,0.96997680319798274
1.728,0,0,0,0,7.7293064996969514e-10,-0.028943731701515207,0.97105626829848379
1.7284999999999999,0,0,0,0,6.9563758497272567e-10,-0.027876592572633641,0.97212340742736536
1.7290000000000001,0,0,0,0,6.2607382647545309e-10,-0.026825297149793648,0.97317470285020535
1.7295,0,0,0,0,5.6346644382790772e-10,-0.025792769804802607,0.97420723019519639
1.73,0,0,0,0,5.0711979944511705e-10,-0.024781415172736909,0.97521858482726209
1.7304999999999999,0,0,0,0,4.564078195006053e-10,-0.023793183070528356,0.97620681692947064
1.7310000000000001,0,0,0,0,4.1076703755054472e-10,-0.022829625797459396,0.9771703742025396
1.7315,0,0,0,0,3.6969033379549023e-10,-0.021891948753249069,0.97810805124674993
1.732,0,0,0,0,3.3272130041594122e-10,-0.020981055180708696,0.9790189448192903
1.7324999999999999,0,0,0,0,2.9944917037434711e-10,-0.020097585731581824,0.97990241426841718
1.7330000000000001,0,0,0,0,2.6950425333691241e-10,-0.019241953462527883,0.98075804653747112
1.7335,0,0,0,0,2.4255382800322116e-10,-0.018414374790350907,0.98158562520964809
1.734,0,0,0,0,2.1829844520289902e-10,-0.017614896869150076,0.98238510313084892
1.7344999999999999,0,0,0,0,1.964686006826091e-10,-0.019819818389866684,0.98018018161013232
1.7350000000000001,0,0,0,0,1.7682174061434819e-10,-0.023494010616970207,0.97650598938302879
1.7355,0,0,0,0,1.5913956655291335e-10,-0.026452359883016974,0.97354764011698203
1.736,0,0,0,0,1.4322560989762202e-10,-0.028799144478180772,0.97120085552181823
1.7364999999999999,0,0,0,0,1.2890304890785982e-10,-0.030623120407237803,0.9693768795927612
1.7370000000000001,0,0,0,0,1.1601274401707382e-10,-0.032000112958116333,0.96799988704188267
1.7375,0,0,0,0,1.0441146961536644e-10,-0.032995115355287541,0.96700488464471146
1.738,0,0,0,0,9.3970322653829798e-11,-0.033663999184458726,0.96633600081554027
1.7384999999999999,0,0,0,0,8.4573290388446818e-11,-0.034054917012325991,0.96594508298767301
1.7390000000000001,0,0,0,0,7.611596134960214e-11,-0.034209459412808729,0.96579054058719027
1.7395,0,0,0,0,6.850436521464192e-11,-0.034163614837886436,0.96583638516211257
1.74,0,0,0,0,6.1653928693177723e-11,-0.033948570281479018,0.96605142971851998
1.7404999999999999,0,0,0,0,5.5488535823859955e-11,-0.033591382642927603,0.9664086173570714
1.7410000000000001,0,0,0,0,4.9939682241473952e-11,-0.033115544492806959,0.96688445550719204
1.7415,0,0,0,0,4.4945714017326563e-11,-0.032541463129668435,0.96745853687033057
1.742,0,0,0,0,4.0451142615593906e-11,-0.03188686805968366,0.96811313194031534
1.7424999999999999,0,0,0,0,3.6406028354034512e-11,-0.031167159084157792,0.96883284091584121
1.7430000000000001,0,0,0,0,3.276542551863106e-11,-0.030395704856283956,0.96960429514371504
1.7435,0,0,0,0,2.9488882966767955e-11,-0.029584099927524421,0.97041590007247458
1.744,0,0,0,0,2.6539994670091159e-11,-0.028742386838539247,0.97125761316145975
1.7444999999999999,0,0,0,0,2.3885995203082042e-11,-0.027879248637729948,0.97212075136226905
1.7450000000000001,0,0,0,0,2.149739568277384e-11,-0.027002176269220413,0.97299782373077859
1.7455000000000001,0,0,0,0,1.9347656114496457e-11,-0.026117614512779497,0.9738823854872195
1.746,0,0,0,0,1.7412890503046812e-11,-0.025231089542988805,0.9747689104570102
1.7464999999999999,0,0,0,0,1.5671601452742131e-11,-0.024347320674383166,0.97565267932561583
1.7470000000000001,0,0,0,0,1.4104441307467917e-11,-0.023470318450239058,0.97652968154975994
1.7475000000000001,0,0,0,0,1.2693997176721125e-11,-0.022603470896996436,0.97739652910300256
1.748,0,0,0,0,1.1424597459049012e-11,-0.021749619489623728,0.97825038051037527
1.7484999999999999,0,0,0,0,1.0282137713144112e-11,-0.020911126144222969,0.97908887385577603
1.7490000000000001,0,0,0,0,9.2539239418297001e-12,-0.020089932363780427,0.97991006763621857
1.7495000000000001,0,0,0,0,8.3285315476467301e-12,-0.019287611504002489,0.98071238849599651
1.75,0,0,0,0,7.4956783928820572e-12,-0.01850541499286773,0.98149458500713127
1.7504999999999999,0,0,0,0,6.7461105535938515e-12,-0.017744313225246722,0.98225568677475228
1.7509999999999999,0,0,0,0,6.0714994982344664e-12,-0.017005031758968725,0.98299496824103028
1.7515000000000001,0,0,0,0,5.4643495484110199e-12,-0.016288083358030225,0.98371191664196878
1.752,0,0,0,0,4.9179145935699178e-12,-0.015593796359817724,0.98440620364018128
1.7524999999999999,0,0,0,0,4.4261231342129259e-12,-0.014922339784258276,0.98507766021574072
1.7529999999999999,0,0,0,0,3.9835108207916333e-12,-0.014273745552112138,0.98572625444788686
1.7535000000000001,0,0,0,0,3.5851597387124698e-12,-0.013647928135848364,0.98635207186415064
1.754,0,0,0,0,3.2266437648412227e-12,-0.013044701928616842,0.98695529807138216
1.7544999999999999,0,0,0,0,2.9039793883571e-12,-0.012463796583850217,0.98753620341614878
1.7549999999999999,0,1,1,0,2.6135814495213899e-12,-0.011904870549253377,0.98809512945074562
1.7555000000000001,0,1,1,1,5.8152602790968536e-09,-0.014378518085781167,0.98562148191421783
1.756,0,0,0,1,8.7215836279205203e-09,-0.018329631881993991,0.98167036811800501
1.7565,0,0,0,0,7.8494252651284671e-09,-0.021549002926852023,0.97845099707314698
1.7569999999999999,0,0,0,0,7.0644827386156204e-09,-0.024142107662136536,0.97585789233786246
1.7575000000000001,0,0,0,0,6.3580344647540591e-09,-0.026198776353273612,0.97380122364672539
1.758,0,0,0,0,5.7222310182786533e-09,-0.027795799723709935,0.97220420027628907
1.7585,0,0,0,0,5.1500079164507875e-09,-0.028999040903229356,0.97100095909676964
1.7589999999999999,0,0,0,0,4.6350071248057085e-09,-0.029865157517809382,0.97013484248218962
1.7595000000000001,0,0,0,0,4.1715064123251374e-09,-0.030443014504111576,0.96955698549588742
1.76,0,0,0,0,3.7543557710926235e-09,-0.030774850021186517,0.96922514997881248
1.7605,0,0,0,0,3.3789201939833614e-09,-0.030897243051525747,0.96910275694847325
1.7609999999999999,0,0,0,0,3.0410281745850254e-09,-0.030841920782254784,0.96915807921774422
1.7615000000000001,0,0,0,0,2.7369253571265226e-09,-0.030636435801857931,0.96936356419814107
1.762,0,0,0,0,2.4632328214138702e-09,-0.030304736930136134,0.96969526306986287
1.7625,0,0,0,0,2.2169095392724835e-09,-0.02986765267162339,0.97013234732837561
1.7629999999999999,0,0,0,0,1.9952185853452349e-09,-0.029343302513660907,0.97065669748633809
1.7635000000000001,0,0,0,0,1.7956967268107115e-09,-0.028747448332065773,0.97125255166793323
1.764,0,0,0,0,1.6161270541296402e-09,-0.028093795833659896,0.9719062041663391
1.7645,0,0,0,0,1.4545143487166761e-09,-0.027394254115012506,0.97260574588498649
1.7649999999999999,0,0,0,0,1.3090629138450084e-09,-0.026659159943435373,0.97334084005656363
1.7655000000000001,0,0,0,0,1.1781566224605075e-09,-0.02589747218753935,0.97410252781245965
1.766,0,0,0,0,1.0603409602144567e-09,-0.025116940877422445,0.97488305912257656
1.7665,0,0,0,0,9.5430686419301105e-10,-0.024324254610022744,0.97567574538997626
1.7669999999999999,0,0,0,0,8.5887617777371005e-10,-0.023525169395436141,0.97647483060456286
1.7675000000000001,0,0,0,0,7.7298855999633903e-10,-0.022724621535493483,0.97727537846450552
1.768,0,0,0,0,6.9568970399670512e-10,-0.021926826713434266,0.97807317328656473
1.7685,0,0,0,0,6.2612073359703455e-10,-0.021135367134878291,0.97886463286512071
1.7689999999999999,0,0,0,0,5.6350866023733112e-10,-0.020353268281073311,0.97964673171892569
1.7695000000000001,0,0,0,0,5.0715779421359798e-10,-0.019583066604182298,0.9804169333958167
1.77,0,0,0,0,4.5644201479223824e-10,-0.018826869302083993,0.98117313069791501
1.7705,0,0,0,0,4.1079781331301436e-10,-0.018086407149554562,0.98191359285044444
1.7709999999999999,0,0,0,0,3.6971803198171299e-10,-0.017363081227978694,0.98263691877202031
1.7715000000000001,0,0,0,0,3.3274622878354165e-10,-0.016658004282242178,0.98334199571775682
1.772,0,0,0,0,2.9947160590518748e-10,-0.015972037337440348,0.98402796266255865
1.7725,0,0,0,0,2.6952444531466872e-10,-0.01530582212645426,0.98469417787354474
1.7729999999999999,0,0,0,0,2.4257200078320184e-10,-0.014659809809851598,0.9853401901901474
1.7735000000000001,0,0,0,0,2.1831480070488165e-10,-0.014034286409949415,0.98596571359004959
1.774,0,0,0,0,1.9648332063439349e-10,-0.013429395329609517,0.98657060467038948
1.7745,0,0,0,0,1.7683498857095414e-10,-0.012845157282080133,0.98715484271791887
1.7749999999999999,0,0,0,0,1.5915148971385872e-10,-0.012281487919853507,0.98771851208014549
1.7755000000000001,0,0,0,0,1.4323634074247284e-10,-0.011738213417177956,0.98826178658282104
1.776,0,0,0,0,1.2891270666822555e-10,-0.011215084231783079,0.98878491576821592
1.7765,0,0,0,0,1.1602143600140301e-10,-0.010711787245942461,0.98928821275405654
1.7769999999999999,0,0,0,0,1.044192924012627e-10,-0.01022795646467467,0.98977204353532433
1.7775000000000001,0,0,0,0,9.3977363161136429e-11,-0.0097631824292467861,0.99023681757075221
1.778,0,0,0,0,8.4579626845022793e-11,-0.0093170204868274764,0.99068297951317152
1.7785,0,0,0,0,7.6121664160520507e-11,-0.0088889980418260794,0.99111100195817292
1.7789999999999999,0,0,0,0,6.8509497744468463e-11,-0.008478620900897349,0.99152137909910165
1.7795000000000001,0,0,0,0,6.1658547970021616e-11,-0.0080853788115599068,0.99191462118843909
1.78,0,0,0,0,5.5492693173019447e-11,-0.0077087502836823418,0.99229124971631666
1.7805,0,0,0,0,4.99434238557175e-11,-0.0073482067735740619,0.99265179322642494
1.7809999999999999,0,0,0,0,4.4949081470145747e-11,-0.0070032163019331239,0.99299678369806588
1.7815000000000001,0,0,0,0,4.0454173323131177e-11,-0.0066732465693356557,0.99332675343066335
1.782,0,0,0,0,3.6408755990818055e-11,-0.0063577676261886706,0.99364223237381033
1.7825,0,0,0,0,3.2767880391736251e-11,-0.0060562541480279064,0.99394374585197109
1.7829999999999999,0,0,0,0,2.949109235256263e-11,-0.0057681873616327595,0.99423181263836624
1.7835000000000001,0,0,0,0,2.6541983117306364e-11,-0.0054930566625946975,0.9945069433374043
1.784,0,0,0,0,2.3887784805575729e-11,-0.0052303609606407786,0.99476963903935822
1.7845,0,0,0,0,2.1499006325018157e-11,-0.0049796097851327881,0.99502039021486621
1.7849999999999999,0,0,0,0,1.9349105692516339e-11,-0.0047403241796843965,0.9952596758203146
1.7855000000000001,0,0,0,0,1.7414195123264706e-11,-0.0045120374117204598,0.99548796258827854
1.786,0,0,0,0,1.5672775610938235e-11,-0.0042942955200084842,0.99570570447999052
1.7865,0,0,0,0,1.410549804984441e-11,-0.0040866577206877253,0.99591334227931128
1.7869999999999999,0,0,0,0,1.2694948244859971e-11,-0.0038886966900746334,0.99611130330992437
1.7875000000000001,0,0,0,0,1.1425453420373974e-11,-0.0036999987405120782,0.99630000125948692
1.788,0,0,0,0,1.0282908078336577e-11,-0.0035201639037246713,0.99647983609627433
1.7885,0,0,0,0,9.2546172705029187e-12,-0.0033488059345283538,0.99665119406547065
1.7889999999999999,0,0,0,0,8.329155543452627e-12,-0.0031855522462918007,0.9968144477537072
1.7895000000000001,0,0,0,0,7.496239989107365e-12,-0.0030300437882542219,0.99696995621174478
1.79,0,0,0,0,6.7466159901966277e-12,-0.0028819348736405237,0.99711806512635848
1.7905,0,0,0,0,6.0719543911769655e-12,-0.0027408929664796133,0.99725910703351939
1.7909999999999999,0,0,0,0,5.464758952059269e-12,-0.0026065984341002713,0.99739340156589873
1.7915000000000001,0,0,0,0,4.9182830568533417e-12,-0.0024787442714503394,0.99752125572854866
1.792,0,0,0,0,4.4264547511680072e-12,-0.0023570358026437921,0.99764296419735521
1.7925,0,0,0,0,3.9838092760512066e-12,-0.0022411903644770081,0.99775880963552199
1.7929999999999999,0,0,0,0,3.5854283484460857e-12,-0.0021309369760654784,0.99786906302393352
1.7935000000000001,0,0,0,0,3.2268855136014775e-12,-0.0020260159982263826,0.99797398400177262
1.794,0,0,0,0,2.9041969622413299e-12,-0.001926178785761401,0.9980738212142376
1.7945,0,0,0,0,2.6137772660171968e-12,-0.0018311873353785701,0.99816881266462043
1.7949999999999999,0,0,0,0,2.3523995394154774e-12,-0.0017408139316201776,0.99825918606837882
1.7955000000000001,0,0,0,0,2.1171595854739297e-12,0.0014211462271779274,0.99834515920716616
1.796,0,0,0,0,1.9054436269265364e-12,0.0096249257119503939,0.99842694028107404
1.7965,0,1,1,0,1.7148992642338829e-12,0.018599563651604645,0.99850472825760228
1.7969999999999999,1,1,1,1,5.8148109380042106e-09,0.022848394409696993,0.99551196346441384
1.7975000000000001,1,0,0,1,8.7213589573741996e-09,-0.20005967072432407,0.88231483863190663
1.798,0,0,0,0,7.849223061636779e-09,-0.40752387848768112,0.77707717902389017
1.7985,0,0,0,0,7.0643007554731012e-09,-0.37440732578118452,0.78607206143297803
1.7989999999999999,0,0,0,0,6.3578706799257905e-09,-0.33971677424177971,0.79479077004541154
1.7995000000000001,0,0,0,0,5.7220836119332112e-09,-0.30615711146972024,0.80323429423875903
1.8,0,0,0,0,5.1498752507398905e-09,-0.27685486531991788,0.81140444360530761
1.8005,0,0,0,0,4.6348877256659011e-09,-0.25112538392101225,0.81930374000563588
1.8009999999999999,0,0,0,0,4.1713989530993105e-09,-0.2284176173140493,0.82693532514719736
1.8015000000000001,0,0,0,0,3.7542590577893794e-09,-0.20828395804426447,0.83430288038035882
1.802,0,0,0,0,3.3788331520104416e-09,-0.19035769278333825,0.8414105562183628
1.8025,0,0,0,0,3.0409498368093973e-09,-0.17433596129704532,0.84826290970372009
1.8029999999999999,0,0,0,0,2.7368548531284575e-09,-0.15996674774698516,0.85486484820928321
1.8035000000000001,0,0,0,0,2.4631693678156118e-09,-0.14703885683515294,0.86122157861348059
1.804,0,0,0,0,2.2168524310340508e-09,-0.13537412200824339,0.86733856105297336
1.8045,0,0,0,0,1.9951671879306455e-09,-0.12482129869570979,0.87322146665296141
1.8049999999999999,0,0,0,0,1.795650469137581e-09,-0.11525124093346473,0.87887613878134208
1.8055000000000001,0,0,0,0,1.6160854222238228e-09,-0.1065530635979911,0.88430855748008108
1.806,0,0,0,0,1.4544768800014404e-09,-0.10108965581692098,0.88706621846499623
1.8065,0,0,0,0,1.3090291920012964e-09,-0.097548849935451432,0.88838445401927135
1.8069999999999999,0,0,0,0,1.1781262728011666e-09,-0.094030469894492041,0.8900973439219394
1.8075000000000001,0,0,0,0,1.06031364552105e-09,-0.090552904598531159,0.89212947274322152
1.8080000000000001,0,0,0,0,9.5428228096894485e-10,-0.087130332994815984,0.89441733108398536
1.8085,0,0,0,0,8.5885405287205043e-10,-0.083773627318102228,0.89690727549068527
1.8089999999999999,0,0,0,0,7.7296864758484546e-10,-0.080491047851030673,0.89955388771042155
1.8095000000000001,0,0,0,0,6.9567178282636087e-10,-0.077288780497357323,0.90231864581650822
1.8100000000000001,0,0,0,0,6.2610460454372477e-10,-0.074171355164569963,0.90516884058982872
1.8105,0,0,0,0,5.6349414408935226e-10,-0.071141973283398885,0.90807668606101943
1.8109999999999999,0,0,0,0,5.0714472968041706e-10,-0.068202765708552437,0.91101858475920316
1.8115000000000001,0,0,0,0,4.5643025671237527e-10,-0.065354997019137384,0.91397451700840515
1.8120000000000001,0,0,0,0,4.1078723104113776e-10,-0.062599228356399084,0.91692753030394158
1.8125,0,0,0,0,3.69708507937024e-10,-0.059935448037184536,0.91986330992394227
1.8129999999999999,0,0,0,0,3.3273765714332162e-10,-0.057363177003833643,0.92276981587674778
1.8134999999999999,0,0,0,0,2.9946389142898948e-10,-0.054881554527435816,0.9256369743407481
1.8140000000000001,0,0,0,0,2.6951750228609053e-10,-0.052489408335170351,0.92845641413238966
1.8145,0,0,0,0,2.4256575205748145e-10,-0.050185312383917324,0.93122124059961198
1.8149999999999999,0,0,0,0,2.1830917685173333e-10,-0.04796763477784638,0.93392584080140495
1.8154999999999999,0,0,0,0,1.9647825916655999e-10,-0.045834577772628782,0.9365657149898674
1.8160000000000001,0,0,0,0,1.7683043324990399e-10,-0.043784211382495219,0.93913733032784552
1.8165,0,0,0,0,1.5914738992491358e-10,-0.041814501777956647,0.9416379935055087
1.8169999999999999,0,0,0,0,1.4323265093242223e-10,-0.039923335408539207,0.94406573950348804
1.8174999999999999,0,0,0,0,1.2890938583918e-10,-0.038108539588853962,0.94641923421967455
1.8180000000000001,0,0,0,0,1.1601844725526201e-10,-0.036367900134414932,0.94869768905565233
1.8185,0,0,0,0,1.0441660252973581e-10,-0.034699176515682661,0.95090078586587379
1.819,0,0,0,0,9.3974942276762234e-11,-0.033100114907046452,0.95302861092280589
1.8194999999999999,0,0,0,0,8.4577448049086003e-11,-0.03156845943590636,0.95508159675593551
1.8200000000000001,0,0,0,0,7.6119703244177404e-11,-0.030101961881068284,0.95706047089080948
1.8205,0,0,0,0,6.8507732919759662e-11,-0.028698390025779785,0.95896621065337151
1.821,0,0,0,0,6.1656959627783704e-11,-0.027355534836187911,0.96080000332041193
1.8214999999999999,0,0,0,0,5.5491263665005326e-11,-0.026071216608659631,0.96256321099347741
1.8220000000000001,0,0,0,0,4.99421372985048e-11,-0.024843290207666402,0.96425733965466498
1.8225,0,0,0,0,4.4947923568654314e-11,-0.02366964949851591,0.96588401193121143
1.823,0,0,0,0,4.0453131211788886e-11,-0.022548231065152913,0.96744494315396112
1.8234999999999999,0,0,0,0,3.6407818090609998e-11,-0.02147701729179774,0.96894192034448734
1.8240000000000001,0,0,0,0,3.2767036281548998e-11,-0.020454038877757763,0.97037678380832093
1.8245,0,0,0,0,2.9490332653394099e-11,-0.019477376846901095,0.97175141104859042
1.825,0,0,0,0,2.6541299388054688e-11,-0.018545164106666512,0.97306770274636556
1.8254999999999999,0,0,0,0,2.3887169449249218e-11,-0.017655586605843987,0.9743275705818899
1.8260000000000001,0,0,0,0,2.1498452504324295e-11,-0.016806884135494582,0.97553292669532976
1.8265,0,0,0,0,1.9348607253891867e-11,-0.01599735081312359,0.97668567460717159
1.827,0,0,0,0,1.7413746528502682e-11,-0.015225335286470076,0.97778770143739324
1.8274999999999999,0,0,0,0,1.5672371875652412e-11,-0.01448924068992774,0.97884087127937225
1.8280000000000001,0,0,0,0,1.4105134688087172e-11,-0.0137875243836032,0.97984701959946174
1.8285,0,0,0,0,1.2694621219278456e-11,-0.013118697502293108,0.98080794854651399
1.829,0,0,0,0,1.1425159097350608e-11,-0.012481324339179367,0.98172542306755861
1.8294999999999999,0,0,0,0,1.0282643187615549e-11,-0.011874021586770533,0.98260116773652728
1.8300000000000001,0,0,0,0,9.2543788688539937e-12,-0.011295457455534508,0.98343686421249987
1.8305,0,0,0,0,8.3289409819685932e-12,-0.010744350688745352,0.98423414925256025
1.831,0,0,0,0,7.4960468837717334e-12,-0.010219469490304389,0.98499461321209392
1.8314999999999999,0,0,0,0,6.746442195394561e-12,-0.0097196303806607043,0.98571979897233419
1.8320000000000001,0,0,0,0,6.0717979758551049e-12,-0.009243696994456041,0.98641120124124615
1.8325,0,0,0,0,5.4646181782695945e-12,-0.0087905788321304135,0.98707026617950111
1.833,0,0,0,0,4.9181563604426354e-12,-0.0083592299764485567,0.9876983913084002
1.8334999999999999,0,0,0,0,4.4263407243983718e-12,-0.0079486477837322767,0.98829692566120986
1.8340000000000001,0,0,0,0,3.9837066519585346e-12,-0.0075578715585030709,0.98886717014352432
1.8345,0,0,0,0,3.5853359867626814e-12,-0.0071859812192490713,0.98941037807201426
1.835,0,0,0,0,3.2268023880864134e-12,-0.0068320959621218647,0.98992775586429405
1.8354999999999999,0,0,0,0,2.9041221492777719e-12,-0.0064953729285411876,0.99042046385567983
1.8360000000000001,0,0,0,0,2.6137099343499946e-12,-0.0061750058819260989,0.99088961722135094
1.8365,0,0,0,0,2.3523389409149952e-12,-0.0058702238980838928,0.99133628698488829
1.837,0,0,0,0,2.1171050468234956e-12,-0.0055802900731632965,0.99176150109638206
1.8374999999999999,0,0,0,0,1.905394542141146e-12,-0.0053045002525087259,0.99216624556529276
1.8380000000000001,0,0,0,0,1.7148550879270314e-12,-0.0050421817832424498,0.99255146563503827
1.8385,0,0,0,0,1.5433695791343281e-12,-0.0047926922929393267,0.99291806698788476
1.839,0,0,0,0,1.3890326212208954e-12,-0.0045554184963418898,0.99326691697015934
1.8394999999999999,0,0,0,0,1.2501293590988059e-12,-0.0043297750316930728,0.99359884582908897
1.8400000000000001,0,0,0,0,1.1251164231889253e-12,-0.0041152033279298061,0.99391464795372408
1.8405,0,0,0,0,1.0126047808700328e-12,-0.0039111705036845024,0.99421508311343354
1.841,0,0,0,0,9.1134430278302947e-13,-0.0037171682987784394,0.99450087768837681
1.8414999999999999,0,0,0,0,8.202098725047265e-13,-0.0035327120386572375,0.99477272588717702
1.8420000000000001,0,0,0,0,7.3818888525425388e-13,-0.00029144534045100201,0.99503129094774545
1.8425,0,0,0,0,6.6436999672882857e-13,0.0079728462365630248,0.99527720631785643
1.843,0,0,0,0,5.9793299705594573e-13,0.017003022678900082,0.99551107681264162
1.8434999999999999,1,1,1,0,5.3813969735035117e-13,0.024375822407627146,0.99573347974668247
1.8440000000000001,1,1,1,1,5.8142225582207689e-09,-0.19193370598510751,0.8870769605978307
1.8445,0,0,0,1,8.7210647674824779e-09,-0.39907388194620153,0.7802847298852208
1.845,0,0,0,0,7.8489582907342301e-09,-0.36858344286699785,0.78882930592016787
1.8454999999999999,0,0,0,0,7.0640624616608069e-09,-0.33824418432791348,0.79714990510856876
1.8460000000000001,0,0,0,0,6.3576562154947267e-09,-0.31122541492671651,0.80524139336871403
1.8465,0,0,0,0,5.7218905939452536e-09,-0.28704808599839471,0.81310027831970311
1.847,0,0,0,0,5.1497015345507285e-09,-0.26531877559101946,0.8207244679485971
1.8474999999999999,0,0,0,0,4.6347313810956559e-09,-0.24571184199293761,0.8281130702847026
1.8480000000000001,0,0,0,0,4.1712582429860901e-09,-0.22795575046885563,0.83526622536396
1.8485,0,0,0,0,3.7541324186874808e-09,-0.2077604080242712,0.84218496281433231
1.849,0,0,0,0,3.378719176818733e-09,-0.18729229892894894,0.84887107994305522
1.8494999999999999,0,0,0,0,3.0408472591368595e-09,-0.16925300964984558,0.85532703638416152
1.8500000000000001,0,0,0,0,2.7367625332231736e-09,-0.15329075832634287,0.86155586226188607
1.8505,0,0,0,0,2.4630862799008562e-09,-0.13911530999168997,0.86756107751051981
1.851,0,0,0,0,2.2167776519107706e-09,-0.12648540149178988,0.87334662051487266
1.8514999999999999,0,0,0,0,1.9950998867196933e-09,-0.11519906070959351,0.87891678463596457
1.8520000000000001,0,0,0,0,1.7955898980477239e-09,-0.10508608795182739,0.88427616149285637
1.8525,0,0,0,0,1.6160309082429517e-09,-0.096002168007621735,0.88942959010569833
1.853,0,0,0,0,1.4544278174186565e-09,-0.087824223016318537,0.89438211118397959
1.8534999999999999,0,0,0,0,1.3089850356767907e-09,-0.080446717378116706,0.89913892598055367
1.8540000000000001,0,0,0,0,1.1780865321091117e-09,-0.073778698871261761,0.90370535923624296
1.8545,0,0,0,0,1.0602778788982004e-09,-0.067741413274414852,0.90808682581937983
1.855,0,0,0,0,9.5425009100838039e-10,-0.062266368867333166,0.91228880072542617
1.8554999999999999,0,0,0,0,8.5882508190754231e-10,-0.057293756169748189,0.91631679214839368
1.8560000000000001,0,0,0,0,7.7294257371678822e-10,-0.052771149958706021,0.92017631737167083
1.8565,0,0,0,0,6.9564831634510932e-10,-0.048652436945614497,0.92387288125373301
1.857,0,0,0,0,6.2608348471059844e-10,-0.044896924900191593,0.92741195710612645
1.8574999999999999,0,0,0,0,5.6347513623953857e-10,-0.041468598491213426,0.93079896977864074
1.8580000000000001,0,0,0,0,5.0712762261558473e-10,-0.038335494408716753,0.9340392807808866
1.8585,0,0,0,0,4.5641486035402629e-10,-0.035469173977793811,0.93713817528146937
1.859,0,0,0,0,4.1077337431862368e-10,-0.032844275868100681,0.94010085083623929
1.8594999999999999,0,0,0,0,3.6969603688676128e-10,-0.030438134941514927,0.94293240770619347
1.8600000000000001,0,0,0,0,3.3272643319808515e-10,-0.028230455984625813,0.94563784063383938
1.8605,0,0,0,0,2.9945378987827661e-10,-0.026203033209971416,0.94822203195445831
1.861,0,0,0,0,2.69508410890449e-10,-0.02433950810690777,0.95068974592588895
1.8614999999999999,0,0,0,0,2.4255756980140409e-10,-0.022625159576407983,0.95304562416730354
1.8620000000000001,0,0,0,0,2.1830181282126366e-10,-0.021046721368175536,0.95529418210404149
1.8625,0,0,0,0,1.9647163153913731e-10,-0.019592222710446139,0.95743980632193826
1.863,0,0,0,0,1.7682446838522358e-10,-0.018250848727135893,0.95948675274076278
1.8634999999999999,0,0,0,0,1.5914202154670122e-10,-0.017012817808117364,0.96143914552236043
1.8640000000000001,0,0,0,0,1.432278193920311e-10,-0.015869273563396402,0.96330097663489211
1.8645,0,0,0,0,1.28905037452828e-10,-0.014812189372054974,0.96507610600015314
1.865,0,0,0,0,1.1601453370754519e-10,-0.013834283848746964,0.96676826215634204
1.8654999999999999,0,0,0,0,1.0441308033679066e-10,-0.012928945807527792,0.96838104337381736
1.8660000000000001,0,0,0,0,9.3971772303111587e-11,-0.012090167515387495,0.96991791916632453
1.8665,0,0,0,0,8.4574595072800432e-11,-0.011312485204407641,0.97138223214488295
1.867,0,0,0,0,7.611713556552039e-11,-0.010590925958684827,0.97277720016599378
1.8674999999999999,0,0,0,0,6.8505422008968342e-11,-0.0099209602154162191,0.97410591873005736
1.8680000000000001,0,0,0,0,6.1654879808071507e-11,-0.0092984592231530883,0.97537136358987286
1.8685,0,0,0,0,5.5489391827264356e-11,-0.0087196568876736213,0.97657639353283476
1.869,0,0,0,0,4.9940452644537925e-11,-0.0081811155100289801,0.97772375330394412
1.8694999999999999,0,0,0,0,4.4946407380084125e-11,-0.0076796949843624951,0.97881607664001746
1.8700000000000001,0,0,0,0,4.0451766642075717e-11,-0.0072125250769522475,0.97985588938851687
1.8705000000000001,0,0,0,0,3.6406589977868146e-11,-0.0067769804540991352,0.98084561268724035
1.871,0,0,0,0,3.2765930980081327e-11,-0.0063706581662247297,0.98178756618371488
1.8714999999999999,0,0,0,0,2.9489337882073195e-11,-0.0059913573298728817,0.98268397127553364
1.8720000000000001,0,0,0,0,2.6540404093865874e-11,-0.005637060779068892,0.98353695435508481
1.8725000000000001,0,0,0,0,2.3886363684479289e-11,-0.0053059184833790241,0.98434855004413768
1.873,0,0,0,0,2.1497727316031358e-11,-0.0049962325526009543,0.98512070440560051
1.8734999999999999,0,0,0,0,1.934795458442822e-11,-0.0047064436677957122,0.98585527812144469
1.8740000000000001,0,0,0,0,1.74131591259854e-11,-0.0044351187957283322,0.98655404962732007
1.8745000000000001,0,0,0,0,1.5671843213386859e-11,-0.0041809400590685497,0.987218718195772
1.875,0,0,0,0,1.4104658892048173e-11,-0.0039426946481900815,0.98785090696122235
1.8754999999999999,0,0,0,0,1.2694193002843356e-11,-0.0037192656723374906,0.98845216588100637
1.8759999999999999,0,0,0,0,1.1424773702559021e-11,-0.0035096238585066164,0.98902397462777047
1.8765000000000001,0,0,0,0,1.028229633230312e-11,-0.0033128200157825916,0.98956774540944459
1.877,0,0,0,0,9.2540666990728086e-12,-0.0031279781912383342,0.99008482571381473
1.8774999999999999,0,0,0,0,8.3286600291655279e-12,-0.0029542894509545503,0.99057650097544292
1.8779999999999999,0,0,0,0,7.4957940262489743e-12,-0.0027910062263766244,0.99104399716332192
1.8785000000000001,0,0,0,0,6.7462146236240764e-12,-0.0026374371721736845,0.99148848328821815
1.879,0,0,0,0,6.0715931612616684e-12,-0.0024929424870950845,0.991911073829154
1.8794999999999999,0,0,0,0,5.4644338451355012e-12,-0.0023569296540909557,0.99231283107891699
1.8799999999999999,0,0,0,0,4.9179904606219514e-12,-0.0022288495602501568,0.99269476740886209
1.8805000000000001,0,0,0,0,4.4261914145597558e-12,-0.0021081929609521044,0.9930578474536047
1.881,0,0,0,0,3.9835722731037808e-12,-0.0019944872560891946,0.99340299021648293
1.8815,0,0,0,0,3.5852150457934024e-12,-0.0018872935493230436,0.99373107109691228
1.8819999999999999,0,0,0,0,3.2266935412140626e-12,-0.001786203964138422,0.9940429238409586
1.8825000000000001,0,0,0,0,2.9040241870926559e-12,-0.0016908391929759681,0.9943393424166298
1.883,0,0,0,0,2.6136217683833905e-12,-0.0016008462579990557,0.9946210828155263
1.8835,0,0,0,0,2.3522595915450514e-12,-0.0015158964640930028,0.99488886478260874
1.8839999999999999,0,0,0,0,2.1170336323905466e-12,-0.0014356835265444401,0.99514337347593107
1.8845000000000001,0,0,0,0,1.9053302691514919e-12,-0.001359921857511992,0.99538526105826064
1.885,0,0,0,0,1.7147972422363424e-12,-0.0012883449969034455,0.99561514822255814
1.8855,0,0,0,0,1.5433175180127081e-12,-0.0012207041746327141,0.99583362565332789
1.8859999999999999,0,0,0,0,1.3889857662114373e-12,-0.0011567669924529289,0.99604125542587207
1.8865000000000001,0,0,0,0,1.2500871895902937e-12,-0.0010963162146730987,0.99623857234548974
1.887,0,0,0,0,1.1250784706312642e-12,-0.0010391486580636489,0.99642608522866405
1.8875,0,0,0,0,1.0125706235681378e-12,-0.00098507417216142645,0.99660427812826846
1.8879999999999999,0,0,0,0,9.1131356121132401e-13,-0.00093391470200321347,0.99677361150480448
1.8885000000000001,0,0,0,0,8.2018220509019161e-13,-0.0008855034260540906,0.99693452334566046
1.889,0,0,0,0,7.3816398458117238e-13,-0.00083968396276890012,0.99708743023434665
1.8895,0,0,0,0,6.6434758612305509e-13,-0.00079630963982668668,0.99723272837162868
1.8899999999999999,0,0,0,0,5.9791282751074957e-13,-0.00075524282062822135,0.99737079455044009
1.8905000000000001,0,0,0,0,5.3812154475967462e-13,-0.00071635428314043015,0.9975019870864108
1.891,0,0,0,0,4.8430939028370715e-13,-0.00067952264662063389,0.9976266467058047
1.8915,0,0,0,0,4.3587845125533647e-13,-0.00064463384216018049,0.99774509739260819
1.8919999999999999,0,0,0,0,3.9229060612980283e-13,-0.00061158062335409102,0.99785764719646475
1.8925000000000001,0,0,0,0,3.5306154551682254e-13,-0.00058026211373551906,0.99796458900309859
1.893,0,0,0,0,3.1775539096514028e-13,-0.00055058338791913464,0.9980662012688184
1.8935,0,0,0,0,2.8597985186862622e-13,-0.00052245508366721705,0.99816274872064137
1.8939999999999999,0,0,0,0,2.573818666817636e-13,-0.00049579304234237398,0.99825448302352571
1.8945000000000001,0,0,0,0,2.3164368001358729e-13,0.0025980243346266363,0.99834164341614717
1.895,0,0,0,0,2.0847931201222854e-13,0.0071705958228508448,0.99842445731660467
1.8955,0,0,0,0,1.8763138081100567e-13,0.010973578177165044,0.99850314089938863
1.8959999999999999,0,0,0,0,1.6886824272990512e-13,0.014115533825818094,0.99857789964489629
1.8965000000000001,0,0,0,0,1.5198141845691461e-13,0.016689026370178994,0.99864892886272794
1.897,1,0,0,0,1.3678327661122315e-13,0.018773277588697401,0.99871641418995183
1.8975,1,0,0,0,1.2310494895010084e-13,-0.18471400795906245,0.89878040891953537
1.8979999999999999,0,0,0,0,1.1079445405509075e-13,-0.37729264926993911,0.80384123344478664
1.8985000000000001,0,0,0,0,9.9715008649581687e-14,-0.35548380796291379,0.81364914146488754
1.899,0,0,0,0,8.9743507784623521e-14,-0.33511498360946457,0.82296665623426335
1.8995,0,0,0,0,8.0769157006161167e-14,-0.31606945466175318,0.83181829732809265
1.8999999999999999,0,0,0,0,7.2692241305545049e-14,-0.29824260360151988,0.84022735833301854
1.9005000000000001,0,0,0,0,6.5423017174990547e-14,-0.28154034036071995,0.84821596815023748
1.901,0,0,0,0,5.888071545749149e-14,-0.26587777091338582,0.85580514923267825
1.9015,0,0,0,0,5.299264391174235e-14,-0.25117806755607019,0.86301487290969825
1.9019999999999999,0,0,0,0,4.7693379520568113e-14,-0.23737150592633727,0.86986411194503233
1.9025000000000001,0,0,0,0,4.2924041568511304e-14,-0.22439464052287394,0.87637089046642369
1.903,0,0,0,0,3.8631637411660176e-14,-0.21218959580272845,0.8825523313984307
1.9035,0,0,0,0,3.476847367049416e-14,-0.20070345415544755,0.88842470152331421
1.9039999999999999,0,0,0,0,3.129162630344474e-14,-0.18988772542981747,0.89400345428865635
1.9045000000000001,0,0,0,0,2.8162463673100271e-14,-0.17969788539972498,0.89930327047441716
1.905,0,0,0,0,2.5346217305790245e-14,-0.17009297274234492,0.90433809682649591
1.9055,0,0,0,0,2.2811595575211222e-14,-0.1610352358735897,0.90912118275850029
1.9059999999999999,0,0,0,0,2.0530436017690098e-14,-0.15248982242737774,0.91366511521834026
1.9065000000000001,0,0,0,0,1.847739241592109e-14,-0.14442450534318596,0.91798185181142389
1.907,0,0,0,0,1.662965317432898e-14,-0.13680944049261889,0.92208275226764369
1.9075,0,0,0,0,1.496668785689608e-14,-0.12961695157149911,0.92597860833497614
1.9079999999999999,0,0,0,0,1.3470019071206474e-14,-0.12282133864181144,0.92967967217837588
1.9085000000000001,0,0,0,0,1.2123017164085827e-14,-0.11639870725364854,0.93319568335870784
1.909,0,0,0,0,1.0910715447677245e-14,-0.11032681553180501,0.93653589446272323
1.9095,0,0,0,0,9.8196439029095198e-15,-0.1045849369914621,0.93970909545153225
1.9099999999999999,0,0,0,0,8.8376795126185683e-15,-0.099153737165859623,0.94272363679165327
1.9105000000000001,0,0,0,0,7.953911561356711e-15,-0.094015162396767105,0.94558745142951306
1.911,0,0,0,0,7.1585204052210405e-15,-0.089152339364698463,0.94830807566722819
1.9115,0,0,0,0,6.4426683646989373e-15,-0.084549484127294572,0.95089266899460456
1.9119999999999999,0,0,0,0,5.7984015282290438e-15,-0.08019181959692856,0.95334803292954684
1.9125000000000001,0,0,0,0,5.2185613754061394e-15,-0.076065500527153551,0.955680628916457
1.913,0,0,0,0,4.6967052378655252e-15,-0.072157545196010586,0.95789659532972382
1.9135,0,0,0,0,4.2270347140789737e-15,-0.068455773075676629,0.96000176362704825
1.9139999999999999,0,0,0,0,3.8043312426710757e-15,-0.064948747865127054,0.96200167369511391
1.9145000000000001,0,0,0,0,3.4238981184039682e-15,-0.061625725337635662,0.96390158842798479
1.915,0,0,0,0,3.0815083065635714e-15,-0.058476605519852232,0.96570650757659293
1.9155,0,0,0,0,2.7733574759072143e-15,-0.055491888775450637,0.96742118090576257
1.9159999999999999,0,0,0,0,2.4960217283164931e-15,-0.052662635415188341,0.96905012069339247
1.9165000000000001,0,0,0,0,2.2464195554848434e-15,-0.049980428497746754,0.97059761360468855
1.917,0,0,0,0,2.0217775999363594e-15,-0.047437339522844235,0.97206773197269358
1.9175,0,0,0,0,1.8195998399427234e-15,-0.045025896750579775,0.97346434451479846
1.9179999999999999,0,0,0,0,1.637639855948451e-15,-0.042739055909429946,0.97479112651343625
1.9185000000000001,0,0,0,0,1.4738758703536059e-15,-0.040570173080340832,0.97605156948774818
1.919,0,0,0,0,1.3264882833182453e-15,-0.03851297956637123,0.97724899038167368
1.9195,0,0,0,0,1.1938394549864207e-15,-0.036561558576783004,0.9783865402926416
1.9199999999999999,0,0,0,0,1.0744555094877785e-15,-0.034710323571649937,0.97946721276383331
1.9205000000000001,0,0,0,0,9.6700995853900073e-16,-0.03295399812827704,0.98049385166183767
1.921,0,0,0,0,8.7030896268510062e-16,-0.031287597204227802,0.98146915866042839
1.9215,0,0,0,0,7.8327806641659059e-16,-0.029706409683762924,0.98239570035015711
1.9219999999999999,0,0,0,0,7.0495025977493147e-16,-0.028205982105194094,0.98327591499247102
1.9225000000000001,0,0,0,0,6.3445523379743838e-16,-0.026782103476194252,0.98411211893612849
1.923,0,0,0,0,5.7100971041769459e-16,-0.025430791092640015,0.98490651271279728
1.9235,0,0,0,0,5.1390873937592507e-16,-0.024148277284190889,0.98566118682787673
1.9239999999999999,0,0,0,0,4.6251786543833259e-16,-0.02293099701666268,0.98637812726178109
1.9245000000000001,0,0,0,0,4.1626607889449937e-16,-0.021775576287391907,0.98705922069616192
1.925,0,0,0,0,3.7463947100504948e-16,-0.020678821255323609,0.9877062594788214
1.9255,0,0,0,0,3.3717552390454451e-16,-0.019637708052531733,0.98832094634038292
1.9259999999999999,0,0,0,0,3.0345797151409005e-16,-0.018649373228373345,0.98890489887512956
1.9265000000000001,0,0,0,0,2.7311217436268102e-16,-0.017711104781534259,0.98945965379780276
1.927,0,0,0,0,2.4580095692641292e-16,-0.016820333738896576,0.98998667098756288
1.9275,0,0,0,0,2.2122086123377164e-16,-0.015974626243478784,0.99048733732975336
1.9279999999999999,0,0,0,0,1.9909877511039447e-16,-0.015171676116717769,0.99096297036557779
1.9285000000000001,0,0,0,0,1.7918889759935504e-16,-0.014409297863095749,0.99141482175929452
1.929,0,0,0,0,1.6127000783941954e-16,-0.013685420087607314,0.99184408059205298
1.9295,0,0,0,0,1.4514300705547757e-16,-0.01299807929882868,0.99225187649103885
1.9299999999999999,0,0,0,0,1.3062870634992982e-16,-0.012345414072411964,0.99263928260216328
1.9305000000000001,0,0,0,0,1.1756583571493684e-16,-0.011725659551721335,0.99300731841411827
1.931,0,0,0,0,1.0580925214344315e-16,-0.011137142264040722,0.99335695244123023
1.9315,0,0,0,0,9.5228326929098838e-17,-0.010578275232367207,0.99368910477217154
1.9319999999999999,0,0,0,0,8.5705494236188955e-17,-0.010047553364242678,0.99400464949123701
1.9325000000000001,0,0,0,0,7.7134944812570056e-17,-0.0095435491003995621,0.99430441697855743
1.9330000000000001,0,0,0,0,6.942145033131305e-17,-0.0090649083072127379,0.99458919609530283
1.9335,0,0,0,0,6.2479305298181739e-17,-0.0086103463980676809,0.99485973625962576
1.9339999999999999,0,0,0,0,5.623137476836357e-17,-0.0081786446697736936,0.99511674941880857
1.9345000000000001,0,0,0,0,5.0608237291527212e-17,-0.0077686468411073406,0.99536091192280285
1.9350000000000001,0,0,0,0,4.5547413562374493e-17,-0.0073792557814319482,0.99559286630409283
1.9355,0,0,0,0,4.0992672206137043e-17,-0.0070094304181517186,0.99581322296856578
1.9359999999999999,0,0,0,0,3.6893404985523333e-17,-0.0066581828124941955,0.99602256180183912
1.9365000000000001,0,0,0,0,3.3204064486971001e-17,-0.0063245753938063753,0.99622143369527172
1.9370000000000001,0,0,0,0,2.9883658038273901e-17,-0.0060077183431845871,0.99641036199567434
1.9375,0,0,0,0,2.6895292234446512e-17,-0.0057067671178422374,0.99658984388253502
1.9379999999999999,0,0,0,0,2.4205763011001863e-17,-0.0054209201081696357,0.99676035167638388
1.9384999999999999,0,0,0,0,2.1785186709901676e-17,-0.0051494164199459291,0.99692233408173903
1.9390000000000001,0,0,0,0,1.9606668038911509e-17,-0.0048915337746292531,0.99707621736790586
1.9395,0,0,0,0,1.7646001235020357e-17,-0.0046465865210929547,0.99722240649073624
1.9399999999999999,0,0,0,0,1.5881401111518324e-17,-0.0044139237525783193,0.99736128615830022
1.9404999999999999,0,0,0,0,1.429326100036649e-17,-0.0041929275230161434,0.99749322184327394
1.9410000000000001,0,0,0,0,1.2863934900329843e-17,-0.0039830111572185523,0.99761856074470834
1.9415,0,0,0,0,1.1577541410296858e-17,-0.0037836176497734186,0.99773763270170979
1.9419999999999999,0,0,0,0,1.0419787269267172e-17,-0.0035942181477797153,0.99785075106143628
1.9424999999999999,0,0,0,0,9.3778085423404551e-18,-0.0034143105128503493,0.99795821350369418
1.9430000000000001,0,0,0,0,8.4400276881064091e-18,-0.0032434179580719258,0.99806030282430525
1.9435,0,0,0,0,7.5960249192957688e-18,-0.0030810877558677952,0.99815728767930545
1.944,0,0,0,0,6.8364224273661913e-18,-0.0029268900129393316,0.99824942329193345
1.9444999999999999,0,0,0,0,6.1527801846295721e-18,-0.0027804165086836585,0.99833695212427009
1.9450000000000001,0,0,0,0,5.5375021661666146e-18,-0.0026412795936873179,0.99842010451529617
1.9455,0,0,0,0,4.9837519495499531e-18,-0.0025091111450944448,0.9984990992870465
1.946,0,0,0,0,4.4853767545949578e-18,-0.0023835615758200923,0.99857414432045744
1.9464999999999999,0,0,0,0,4.0368390791354624e-18,-0.0022642988947568776,0.99864543710242126
1.9470000000000001,0,0,0,0,3.6331551712219156e-18,-0.0021510078152784384,0.99871316524548792
1.9475,0,0,0,0,3.2698396540997239e-18,-0.002043388909491517,0.9987775069815823
1.948,0,0,0,0,2.9428556886897516e-18,-0.0019411578058331491,0.99883863163103481
1.9484999999999999,0,0,0,0,2.6485701198207765e-18,-0.0018440444277376677,0.99889670004816145
1.9490000000000001,0,0,0,0,2.3837131078386991e-18,-0.001751792271226793,0.99895186504456379
1.9495,0,0,0,0,2.1453417970548293e-18,-0.0016641577193872159,0.99900427179126483
1.95,0,0,0,0,1.9308076173493462e-18,-0.0015809093918167649,0.99905405820073778
1.9504999999999999,0,0,0,0,1.7377268556144117e-18,-0.0015018275272207227,0.99910135528983335
1.9510000000000001,0,0,0,0,1.5639541700529706e-18,-0.0014267033974370014,0.99914628752456081
1.9515,0,0,0,0,1.4075587530476734e-18,-0.0013553387512645898,0.99918897314763
1.952,0,0,0,0,1.2668028777429062e-18,-0.001287545286552394,0.99922952448961588
1.9524999999999999,0,0,0,0,1.1401225899686154e-18,-0.0012231441490915262,0.99926804826456572
1.9530000000000001,0,0,0,0,1.0261103309717539e-18,-0.0011619654569288151,0.99930464585082501
1.9535,0,0,0,0,9.2349929787457851e-19,-0.0011038478487955805,0.99933941355782252
1.954,0,0,0,0,8.3114936808712071e-19,-0.0010486380554103336,0.99937244287951621
1.9544999999999999,0,0,0,0,7.4803443127840862e-19,-0.00099619049248356184,0.99940382073516676
1.9550000000000001,0,0,0,0,6.7323098815056771e-19,-0.00094636687431259858,0.99943362969807215
1.9555,0,0,0,0,6.0590788933551095e-19,-0.0008990358469126436,0.99946194821286582
1.956,0,0,0,0,5.4531710040195979e-19,-0.00085407263968517722,0.99948885080195005
1.9564999999999999,0,0,0,0,4.9078539036176385e-19,-0.00081135873467841346,0.99951440826160731
1.9570000000000001,0,0,0,0,4.4170685132558747e-19,-0.00077078155254139968,0.99953868784830624
1.9575,0,0,0,0,3.9753616619302869e-19,-0.00073223415432266403,0.99956175345569231
1.958,0,0,0,0,3.5778254957372586e-19,-0.00069561495830605669,0.99958366578272895
1.9584999999999999,0,0,0,0,3.2200429461635323e-19,-0.00066082747111861906,0.99960448249343159
1.9590000000000001,0,0,0,0,2.8980386515471794e-19,-0.00062778003238717073,0.99962425836861513
1.9595,0,0,0,0,2.6082347863924615e-19,-0.00059638557225483169,0.999643045450054
1.96,0,0,0,0,2.3474113077532151e-19,-0.00056656138110411369,0.99966089317743401
1.9604999999999999,0,0,0,0,2.1126701769778933e-19,-0.00053822889087062897,0.99967784851845676
1.9610000000000001,0,0,0,0,1.9014031592801041e-19,-0.00051131346735722172,0.99969395609243883
1.9615,0,0,0,0,1.7112628433520936e-19,-0.00048574421299396597,0.99970925828773138
1.962,0,0,0,0,1.5401365590168843e-19,-0.00046145377951445354,0.99972379537326783
1.9624999999999999,0,0,0,0,1.3861229031151958e-19,-0.00043837819004843848,0.99973760560453517
1.9630000000000001,0,0,0,0,1.2475106128036763e-19,-0.00041645667015333121,0.99975072532424603
1.9635,0,0,0,0,1.1227595515233087e-19,-0.00039563148733356979,0.99976318905797756
1.964,0,0,0,0,1.0104835963709779e-19,-0.00037584779862120943,0.99977502960502818
1.9644999999999999,0,0,0,0,9.0943523673388002e-20,-0.00035705350580927941,0.99978627812473131
1.9650000000000001,0,0,0,0,8.1849171306049207e-20,-0.00033919911795199376,0.99979696421845388
1.9655,0,0,0,0,7.3664254175444288e-20,-0.00032223762076633022,0.99980711600749439
1.966,0,0,0,0,6.6297828757899844e-20,-0.00030612435258758897,0.99981676020708654
1.9664999999999999,0,0,0,0,5.9668045882109863e-20,-0.00029081688654797322,0.99982592219670241
1.9670000000000001,0,0,0,0,5.3701241293898878e-20,-0.00027627491866510923,0.99983462608684048
1.9675,0,0,0,0,4.8331117164508985e-20,-0.00026246016154385376,0.99984289478247435
1.968,0,0,0,0,4.3498005448058085e-20,-0.00024933624340750526,0.99985075004332891
1.9684999999999999,0,0,0,0,3.9148204903252277e-20,-0.00023686861219240907,0.99985821254114293
1.9690000000000001,0,0,0,0,3.5233384412927046e-20,-0.00022502444444993941,0.99986530191406819
1.9695,0,0,0,0,3.1710045971634344e-20,-0.00021377255881427359,0.99987203681834891
1.97,0,0,0,0,2.8539041374470911e-20,-0.00020308333380714139,0.99987843497741724
1.9704999999999999,0,0,0,0,2.568513723702382e-20,-0.00019292862976161285,0.99988451322853356
1.9710000000000001,0,0,0,0,2.3116623513321438e-20,-0.000183281714657757,0.9998902875670953
1.9715,0,0,0,0,2.0804961161989297e-20,-0.00017411719367399492,0.99989577318873013
1.972,0,0,0,0,1.8724465045790368e-20,-0.00016541094226740771,0.99990098452928422
1.9724999999999999,0,0,0,0,1.6852018541211329e-20,-0.00015714004260602987,0.99990593530281158
1.9730000000000001,0,0,0,0,1.5166816687090197e-20,-0.00014928272318470714,0.99991063853766338
1.9735,0,0,0,0,1.3650135018381177e-20,-0.00014181830146520191,0.99991510661077343
1.974,0,0,0,0,1.2285121516543057e-20,-0.00013472712938933373,0.99991935128022857
1.9744999999999999,0,0,0,0,1.1056609364888752e-20,-0.00012799054161871659,0.99992338371621159
1.9750000000000001,0,0,0,0,9.9509484283998763e-21,-0.00012159080636797714,0.99992721453039601
1.9755,0,0,0,0,8.9558535855598891e-21,-0.0001155110786977831,0.9999308538038717
1.976,0,0,0,0,8.0602682270039005e-21,-0.00010973535614700047,0.99993431111367403
1.9764999999999999,0,0,0,0,7.2542414043035114e-21,-0.0001042484365861851,0.99993759555798667
1.9770000000000001,0,0,0,0,6.5288172638731602e-21,-9.9035878179276615e-05,0.99994071578008403
1.9775,0,0,0,0,5.8759355374858449e-21,-9.408396135091035e-05,0.99994367999107692
1.978,0,0,0,0,5.2883419837372598e-21,-8.937965265631842e-05,0.99994649599152041
1.9784999999999999,0,0,0,0,4.7595077853635341e-21,-8.4910570459562074e-05,0.99994917119194204
1.9790000000000001,0,0,0,0,4.283557006827181e-21,-8.0664952329390083e-05,0.99995171263234284
1.9795,0,0,0,0,3.8552013061444627e-21,-7.6631624066791915e-05,0.99995412700072372
1.98,0,0,0,0,3.4696811755300167e-21,-7.2799970282200199e-05,0.9999564206506858
1.9804999999999999,0,0,0,0,3.1227130579770147e-21,-6.9159906445070973e-05,0.99995859961814992
1.9810000000000001,0,0,0,0,2.8104417521793134e-21,-6.5701852332344934e-05,0.99996066963724106
1.9815,0,0,0,0,2.5293975769613822e-21,-6.2416706804402367e-05,0.99996263615537773
1.982,0,0,0,0,2.276457819265244e-21,-5.92958238441188e-05,0.99996450434760775
1.9824999999999999,0,0,0,0,2.0488120373387192e-21,-5.6330989793851316e-05,0.9999662791302264
1.9830000000000001,0,0,0,0,1.8439308336048474e-21,-5.3514401732179806e-05,0.99996796517371411
1.9835,0,0,0,0,1.6595377502443629e-21,-5.0838646930784215e-05,0.99996956691502759
1.984,0,0,0,0,1.4935839752199266e-21,-4.8296683341053637e-05,0.99997108856927541
1.9844999999999999,0,0,0,0,1.3442255776979338e-21,-4.5881821055138161e-05,0.999972534140811
1.9850000000000001,0,0,0,0,1.2098030199281404e-21,-4.3587704695480234e-05,0.99997390743376979
1.9855,0,0,0,0,1.0888227179353263e-21,-4.1408296684530832e-05,0.99997521206208073
1.986,0,0,0,0,9.7994044614179371e-22,-3.9337861351684822e-05,0.99997645145897618
1.9864999999999999,0,0,0,0,8.8194640152761436e-22,-3.7370949835358047e-05,0.99997762888602693
1.9870000000000001,0,0,0,0,7.9375176137485298e-22,-3.5502385739905051e-05,0.99997874744172521
1.9875,0,0,0,0,7.143765852373676e-22,-3.3727251509407807e-05,0.99997981006963865
1.988,0,0,0,0,6.429389267136308e-22,-3.2040875485028764e-05,0.99998081956615636
1.9884999999999999,0,0,0,0,5.7864503404226777e-22,-3.0438819606515288e-05,0.99998177858784831
1.9890000000000001,0,0,0,0,5.2078053063804103e-22,-2.8916867732542428e-05,0.9999826896584556
1.9895,0,0,0,0,4.6870247757423689e-22,-2.747101454170231e-05,0.99998355517553261
1.99,0,0,0,0,4.2183222981681319e-22,-2.6097454990714475e-05,0.99998437741675572
1.9904999999999999,0,0,0,0,3.7964900683513184e-22,-2.4792574299659087e-05,0.99998515854591774
1.9910000000000001,0,0,0,0,3.416841061516187e-22,-2.3552938437476634e-05,0.99998590061862169
1.9915,0,0,0,0,3.075156955364568e-22,-2.2375285082976148e-05,0.99998660558769048
1.992,0,0,0,0,2.7676412598281113e-22,-2.1256515039591584e-05,0.99998727530830578
1.9924999999999999,0,0,0,0,2.4908771338453e-22,-2.0193684077240981e-05,0.99998791154289035
1.9930000000000001,0,0,0,0,2.2417894204607701e-22,-1.9183995184079983e-05,0.99998851596574567
1.9935,0,0,0,0,2.0176104784146931e-22,-1.8224791204501933e-05,0.99998909016745829
1.994,0,0,0,0,1.8158494305732239e-22,-1.7313547845954069e-05,0.99998963565908527
1.9944999999999999,0,0,0,0,1.6342644875159015e-22,-1.6447867035251917e-05,0.99999015387613088
1.9950000000000001,0,0,0,0,1.4708380387643115e-22,-1.5625470606739356e-05,0.99999064618232425
1.9955000000000001,0,0,0,0,1.3237542348878803e-22,-1.4844194307417347e-05,0.99999111387320794
1.996,0,0,0,0,1.1913788113990924e-22,-1.4101982099945509e-05,0.99999155817954744
1.9964999999999999,0,0,0,0,1.0722409302591832e-22,-1.3396880751970208e-05,0.99999198027057001
1.9970000000000001,0,0,0,0,9.6501683723326491e-23,-1.2727034695680928e-05,0.99999238125704148
1.9975000000000001,0,0,0,0,8.6851515350993848e-23,-1.2090681144161231e-05,0.99999276219418942
1.998,0,0,0,0,7.8166363815894465e-23,-1.1486145451877761e-05,0.99999312408447993
1.9984999999999999,0,0,0,0,7.0349727434305021e-23,-1.0911836707649947e-05,0.99999346788025589
1.9990000000000001,0,0,0,0,6.3314754690874517e-23,-1.0366243547887954e-05,0.99999379448624304
1.9995000000000001,0,0,0,0,5.6983279221787068e-23,-9.8479301785525664e-06,0.99999410476193085
