model_time,"trainer_ltz [Model.NeuronTrainer.Neuron.LTZone.Output]","signal_2 [Model.NeuronTrainer.Neuron.LTZone.OutputPotential]"
0,0,0
0.00050000000000000001,0,0
0.001,0,0
0.0015,0,0
0.002,0,0
0.0025000000000000001,0,0
0.0030000000000000001,0,0
0.0035000000000000001,0,0
0.0040000000000000001,0,0
0.0044999999999999997,0,0
0.0050000000000000001,0,0
0.0054999999999999997,0,0
0.0060000000000000001,0,0
0.0064999999999999997,0,0
0.0070000000000000001,0,0
0.0074999999999999997,0,0
0.0080000000000000002,0,0
0.0085000000000000006,0,0
0.0089999999999999993,0,0
0.0094999999999999998,0,0
0.01,0,0
0.010500000000000001,0,0
0.010999999999999999,0,0
0.0115,0,0
0.012,0,0
0.012500000000000001,0,0
0.012999999999999999,0,0
0.0135,0,0
0.014,0,0
0.014500000000000001,0,0
0.014999999999999999,0,0
0.0155,0,0
0.016,0,0
0.016500000000000001,0,0
0.017000000000000001,0,0
0.017500000000000002,0,0
0.017999999999999999,0,0
0.018499999999999999,0,0
0.019,0,0
0.0195,0,0
0.02,0,0
0.020500000000000001,0,0
0.021000000000000001,0,0
0.021499999999999998,0,0
0.021999999999999999,0,0
0.022499999999999999,0,0
0.023,0,0
0.0235,0,0
0.024,0,0
0.024500000000000001,0,0
0.025000000000000001,0,0
0.025499999999999998,0,0
0.025999999999999999,0,0
0.026499999999999999,0,0
0.027,0,0
0.0275,0,0
0.028000000000000001,0,0
0.028500000000000001,0,0
0.029000000000000001,0,0
0.029499999999999998,0,0
0.029999999999999999,0,0
0.030499999999999999,0,0
0.031,0,0
0.0315,0,0
0.032000000000000001,0,0
0.032500000000000001,0,0
0.033000000000000002,0,0
0.033500000000000002,0,0
0.034000000000000002,0,0
0.034500000000000003,0,0
0.035000000000000003,0,0
0.035499999999999997,0,0
0.035999999999999997,0,0
0.036499999999999998,0,0
0.036999999999999998,0,0
0.037499999999999999,0,0
0.037999999999999999,0,0
0.0385,0,0
0.039,0,0
0.0395,0,0
0.040000000000000001,0,0
0.040500000000000001,0,0
0.041000000000000002,0,0
0.041500000000000002,0,0
0.042000000000000003,0,0
0.042500000000000003,0,0
0.042999999999999997,0,0
0.043499999999999997,0,0
0.043999999999999997,0,0
0.044499999999999998,0,0
0.044999999999999998,0,0
0.045499999999999999,0,0
0.045999999999999999,0,0
0.0465,0,0
0.047,0,0
0.047500000000000001,0,0
0.048000000000000001,0,0
0.048500000000000001,0,0
0.049000000000000002,0,0
0.049500000000000002,0,0
0.050000000000000003,0,0
0.050500000000000003,0,0
0.050999999999999997,0,0
0.051499999999999997,0,0
0.051999999999999998,0,0
0.052499999999999998,0,0
0.052999999999999999,0,0
0.053499999999999999,0,0
0.053999999999999999,0,0
0.0545,0,0
0.055,0,0
0.055500000000000001,0,0
0.056000000000000001,0,0
0.056500000000000002,0,0
0.057000000000000002,0,0
0.057500000000000002,0,0
0.058000000000000003,0,0
0.058500000000000003,0,0
0.058999999999999997,0,0
0.059499999999999997,0,0
0.059999999999999998,0,0
0.060499999999999998,0,0
0.060999999999999999,0,0
0.061499999999999999,0,0
0.062,0,0
0.0625,0,0
0.063,0,0
0.063500000000000001,0,0
0.064000000000000001,0,0
0.064500000000000002,0,0
0.065000000000000002,0,0
0.065500000000000003,0,0
0.066000000000000003,0,0
0.066500000000000004,0,0
0.067000000000000004,0,0
0.067500000000000004,0,0
0.068000000000000005,0,0
0.068500000000000005,0,0
0.069000000000000006,0,0
0.069500000000000006,0,0
0.070000000000000007,0,0
0.070499999999999993,0,0
0.070999999999999994,0,0
0.071499999999999994,0,0
0.071999999999999995,0,0
0.072499999999999995,0,0
0.072999999999999995,0,0
0.073499999999999996,0,0
0.073999999999999996,0,0
0.074499999999999997,0,0
0.074999999999999997,0,0
0.075499999999999998,0,0
0.075999999999999998,0,0
0.076499999999999999,0,0
0.076999999999999999,0,0
0.077499999999999999,0,0
0.078,0,0
0.0785,0,0
0.079000000000000001,0,0
0.079500000000000001,0,0
0.080000000000000002,0,0
0.080500000000000002,0,0
0.081000000000000003,0,0
0.081500000000000003,0,0
0.082000000000000003,0,0
0.082500000000000004,0,0
0.083000000000000004,0,0
0.083500000000000005,0,0
0.084000000000000005,0,0
0.084500000000000006,0,0
0.085000000000000006,0,0
0.085500000000000007,0,0
0.085999999999999993,0,0
0.086499999999999994,0,0
0.086999999999999994,0,0
0.087499999999999994,0,0
0.087999999999999995,0,0
0.088499999999999995,0,0
0.088999999999999996,0,0
0.089499999999999996,0,0
0.089999999999999997,0,0
0.090499999999999997,0,0
0.090999999999999998,0,0
0.091499999999999998,0,0
0.091999999999999998,0,0
0.092499999999999999,0,0
0.092999999999999999,0,0
0.0935,0,0
0.094,0,0
0.094500000000000001,0,0
0.095000000000000001,0,0
0.095500000000000002,0,0
0.096000000000000002,0,0
0.096500000000000002,0,0
0.097000000000000003,0,0
0.097500000000000003,0,0
0.098000000000000004,0,0
0.098500000000000004,0,0
0.099000000000000005,0,0
0.099500000000000005,0,0
0.10000000000000001,0,0
0.10050000000000001,0,0
0.10100000000000001,0,0
0.10150000000000001,0,0
0.10199999999999999,0,0
0.10249999999999999,0,0
0.10299999999999999,0,0
0.10349999999999999,0,0
0.104,0,0
0.1045,0,0
0.105,0,0
0.1055,0,0
0.106,0,0
0.1065,0,0
0.107,0,0
0.1075,0,0
0.108,0,0
0.1085,0,0
0.109,0,0
0.1095,0,0
0.11,0,0
0.1105,0,0
0.111,0,0
0.1115,0,0
0.112,0,0
0.1125,0,0
0.113,0,0
0.1135,0,0
0.114,0,0
0.1145,0,0
0.115,0,0
0.11550000000000001,0,0
0.11600000000000001,0,0
0.11650000000000001,0,0
0.11700000000000001,0,0
0.11749999999999999,0,0
0.11799999999999999,0,0
0.11849999999999999,0,0
0.11899999999999999,0,0
0.1195,0,0
0.12,0,0
0.1205,0,0
0.121,0,0
0.1215,0,0
0.122,0,0
0.1225,0,0
0.123,0,0
0.1235,0,0
0.124,0,0
0.1245,0,1.1102230246251566e-17
0.125,0,2.2204460492503132e-17
0.1255,0,3.3306690738754695e-17
0.126,0,5.5511151231257827e-17
0.1265,0,8.8817841970012528e-17
0.127,0,1.4432899320127036e-16
0.1275,0,2.2204460492503131e-16
0.128,0,3.4416913763379854e-16
0.1285,0,5.3290705182007512e-16
0.129,0,8.2156503822261588e-16
0.1295,0,1.2434497875801752e-15
0.13,0,1.8651746813702631e-15
0.1305,0,2.7644553313166396e-15
0.13100000000000001,0,4.0412118096355696e-15
0.13150000000000001,0,5.8619775700208262e-15
0.13200000000000001,0,8.4598994476436932e-15
0.13250000000000001,0,1.2112533198660457e-14
0.13300000000000001,0,1.7219559111936177e-14
0.13350000000000001,0,2.4313884239290928e-14
0.13400000000000001,0,3.4117153546731062e-14
0.13450000000000001,0,4.7561954374941704e-14
0.13500000000000001,0,6.5880634281256787e-14
0.13550000000000001,0,9.0705221111875289e-14
0.13600000000000001,0,1.2414513861358501e-13
0.13650000000000001,0,1.6896484211770258e-13
0.13700000000000001,0,2.2869484084253601e-13
0.13750000000000001,0,3.0789815141929468e-13
0.13800000000000001,0,4.1241454695750688e-13
0.13850000000000001,0,5.4964921503142252e-13
0.13900000000000001,0,7.2898354019912408e-13
0.13950000000000001,0,9.6226360213336185e-13
0.14000000000000001,0,1.2643774915943595e-12
0.14050000000000001,0,1.6539436487050807e-12
0.14099999999999999,0,2.1541324279894526e-12
0.14149999999999999,0,2.7937430147062513e-12
0.14199999999999999,0,3.6083358523342213e-12
0.14249999999999999,0,4.6417425458855631e-12
0.14299999999999999,0,5.947753400903366e-12
0.14349999999999999,0,7.5921269271361783e-12
0.14399999999999999,0,9.655043431422427e-12
0.14449999999999999,0,1.2233869473021741e-11
0.14499999999999999,0,1.5446466328228325e-11
0.14549999999999999,0,1.9435086873187403e-11
0.14599999999999999,0,2.4370827578223952e-11
0.14649999999999999,0,3.0458890964979445e-11
0.14699999999999999,0,3.794461411743555e-11
0.14749999999999999,0,4.7120451984739019e-11
0.14799999999999999,0,5.8334026498130237e-11
0.14849999999999999,0,7.1997441342119833e-11
0.14899999999999999,0,8.859777356207133e-11
0.14949999999999999,0,1.0870921940409062e-10
0.14999999999999999,0,1.3300692769391275e-10
0.15049999999999999,0,1.6228260957262819e-10
0.151,0,1.9746241308737922e-10
0.1515,0,2.3962694051249401e-10
0.152,0,2.9003407453487286e-10
0.1525,0,3.5014446897463358e-10
0.153,0,4.216503479703704e-10
0.1535,0,5.0650768024240729e-10
0.154,0,6.0697226134109879e-10
0.1545,0,7.256399703337024e-10
0.155,0,8.6549155620119227e-10
0.1555,0,1.0299425312609855e-09
0.156,0,1.2228984824780299e-09
0.1565,0,1.4488163113668406e-09
0.157,0,1.7127719575960044e-09
0.1575,0,2.0205351614066559e-09
0.158,0,2.3786516534229916e-09
0.1585,0,2.794533704442159e-09
0.159,0,3.276559390474887e-09
0.1595,0,3.8341813057840568e-09
0.16,0,4.4780456009974046e-09
0.1605,0,5.2201218125880186e-09
0.161,0,6.0738445162300533e-09
0.1615,0,7.0542674590612366e-09
0.16200000000000001,0,8.1782310590305943e-09
0.16250000000000001,0,9.4645441484075832e-09
0.16300000000000001,0,1.0934180993960042e-08
0.16350000000000001,0,1.2610494237730307e-08
0.16400000000000001,0,1.4519445201699455e-08
0.16450000000000001,0,1.6689852111451131e-08
0.16500000000000001,0,1.9153657626613806e-08
0.16550000000000001,0,2.1946216655077678e-08
0.16600000000000001,0,2.5106605461289178e-08
0.16650000000000001,0,2.8677953434197435e-08
0.16700000000000001,0,3.2707798469644445e-08
0.16750000000000001,0,3.7248467354977774e-08
0.16800000000000001,0,4.235748223280211e-08
0.16850000000000001,0,4.8097994498341733e-08
0.16900000000000001,0,5.4539247273943656e-08
0.16950000000000001,0,6.1757067948420283e-08
0.17000000000000001,0,6.9834391835943424e-08
0.17050000000000001,0,7.8861818408881845e-08
0.17100000000000001,0,8.8938201381338905e-08
0.17150000000000001,0,1.0017127399786219e-07
0.17199999999999999,0,1.1267831071526401e-07
0.17249999999999999,0,1.2658682672084253e-07
0.17299999999999999,0,1.4203531656376001e-07
0.17349999999999999,0,1.5917403308751688e-07
0.17399999999999999,0,1.7816580790697146e-07
0.17449999999999999,0,1.9918691488429729e-07
0.17499999999999999,0,2.2242797754756792e-07
0.17549999999999999,0,2.4809492167321422e-07
0.17599999999999999,0,2.7640997423139525e-07
0.17649999999999999,0,3.0761270969348331e-07
0.17699999999999999,0,3.4196114463425075e-07
0.17749999999999999,0,3.7973288161685661e-07
0.17799999999999999,0,4.2122630338203849e-07
0.17849999999999999,0,4.6676181775229253e-07
0.17899999999999999,0,5.1668315418362811e-07
0.17949999999999999,0,5.7135871273095162e-07
0.17999999999999999,0,6.3118296536046612e-07
0.18049999999999999,0,6.9657791057498031e-07
0.18099999999999999,0,7.679945812744116e-07
0.18149999999999999,0,8.4591460601801667e-07
0.182,0,9.3085182372165671e-07
0.1825,0,1.023353951701278e-06
0.183,0,1.1240043066518269e-06
0.1835,0,1.2334235781064073e-06
0.184,0,1.3522716537539558e-06
0.1845,0,1.481249495982606e-06
0.185,0,1.621101068349784e-06
0.1855,0,1.7726153111241593e-06
0.186,0,1.9366281643562467e-06
0.1865,0,2.1140246369899528e-06
0.187,0,2.3057409202609234e-06
0.1875,0,2.5127665433832826e-06
0.188,0,2.7361465694042408e-06
0.1885,0,2.9769838287951876e-06
0.189,0,3.2364411882368494e-06
0.1895,0,3.5157438516675297e-06
0.19,0,3.8161816905857295e-06
0.1905,0,4.1391116004430021e-06
0.191,0,4.4859598794744212e-06
0.1915,0,4.8582246263473298e-06
0.192,0,5.2574781525871476e-06
0.1925,0,5.6853694057723557e-06
0.193,0,6.1436263989911312e-06
0.19350000000000001,0,6.6340586420077227e-06
0.19400000000000001,0,7.1585595693424153e-06
0.19450000000000001,0,7.7191089602468566e-06
0.19500000000000001,0,8.3177753453789194e-06
0.19550000000000001,0,8.9567183947258926e-06
0.19600000000000001,0,9.6381912812804064e-06
0.19650000000000001,0,1.0364543014684813e-05
0.19700000000000001,0,1.1138220738782234e-05
0.19750000000000001,0,1.1961771987245572e-05
0.19800000000000001,0,1.2837846890834115e-05
0.19850000000000001,0,1.3769200329971643e-05
0.19900000000000001,0,1.4758694026240083e-05
0.19950000000000001,0,1.5809298566116238e-05
0.20000000000000001,0,1.6924095350234757e-05
0.20050000000000001,0,1.8106278461516025e-05
0.20100000000000001,0,1.9359156445264426e-05
0.20150000000000001,0,2.0686153994242672e-05
0.20200000000000001,0,2.2090813532082974e-05
0.20250000000000001,0,2.3576796687763137e-05
0.20300000000000001,0,2.5147885654441815e-05
0.20349999999999999,0,2.680798442565857e-05
0.20399999999999999,0,2.8561119902070775e-05
0.20449999999999999,0,3.0411442861777439e-05
0.20499999999999999,0,3.2363228787601896e-05
0.20549999999999999,0,3.4420878544605404e-05
0.20599999999999999,0,3.658891890127025e-05
0.20649999999999999,0,3.8872002887968547e-05
0.20699999999999999,0,4.1274909986444011e-05
0.20749999999999999,0,4.3802546144144915e-05
0.20799999999999999,0,4.6459943607468634e-05
0.20849999999999999,0,4.9252260568277698e-05
0.20899999999999999,0,5.2184780618158567e-05
0.20949999999999999,0,5.5262912005138443e-05
0.20999999999999999,0,5.8492186687852943e-05
0.21049999999999999,0,6.1878259182512887e-05
0.21099999999999999,0,6.5426905198173735e-05
0.21149999999999999,0,6.9144020056077784e-05
0.21199999999999999,0,7.3035616889649546e-05
0.21249999999999999,0,7.7107824621203141e-05
0.21299999999999999,0,8.136688571259709e-05
0.2135,0,8.5819153686983454e-05
0.214,0,9.0471090419308456e-05
0.2145,0,9.5329263193610903e-05
0.215,0,0.00010040034152558608
0.2155,0,0.00010569109374926055
0.216,0,0.00011120838336705629
0.2165,0,0.00011695916516296645
0.217,0,0.00012295048107917593
0.2175,0,0.0001291894558564044
0.218,0,0.00013568329243941469
0.2185,0,0.00014243926714890831
0.219,0,0.0001494647246220615
0.2195,0,0.00015676707252394452
0.22,0,0.00016435377603293277
0.2205,0,0.00017223235210342969
0.221,0,0.00018041036350964214
0.2215,0,0.0001888954126749387
0.222,0,0.00019769513529154236
0.2225,0,0.00020681719373560892
0.223,0,0.00021626927028359778
0.2235,0,0.00022605906013593025
0.224,0,0.00023619426425471878
0.22450000000000001,0,0.00024668258202225067
0.22500000000000001,0,0.00025753170372915245
0.22550000000000001,0,0.00026874930290465837
0.22600000000000001,0,0.000280343028508645
0.22650000000000001,0,0.00029232049701434227
0.22700000000000001,0,0.00030468928442176633
0.22750000000000001,0,0.00031745691825498803
0.22800000000000001,0,0.00033063086960855026
0.22850000000000001,0,0.00034421854532111772
0.22900000000000001,0,0.00035822728036536409
0.22950000000000001,0,0.00037266433055163086
0.23000000000000001,0,0.00038753686565051737
0.23050000000000001,0,0.00040285196304234994
0.23100000000000001,0,0.00041861660200294138
0.23150000000000001,0,0.00043483765873257861
0.23200000000000001,0,0.00045152190222973453
0.23250000000000001,0,0.00046867599110280713
0.23300000000000001,0,0.00048630647140212034
0.23350000000000001,0,0.00050441977554133155
0.23400000000000001,0,0.00052302222236147997
0.23449999999999999,0,0.00054212001837430359
0.23499999999999999,0,0.00056171926020287533
0.23549999999999999,0,0.00058182593821833886
0.23599999999999999,0,0.00060244594135219212
0.23649999999999999,0,0.00062358506304364123
0.23699999999999999,0,0.00064524900826246068
0.23749999999999999,0,0.00066744340152922186
0.23799999999999999,0,0.00069017379583664602
0.23849999999999999,0,0.00071344568236063615
0.23899999999999999,0,0.00073726450083343447
0.23949999999999999,0,0.00076163565043962933
0.23999999999999999,0,0.00078656450108348657
0.24049999999999999,0,0.0008120564048678669
0.24099999999999999,0,0.00083811670761747554
0.24149999999999999,0,0.00086475076027430213
0.24199999999999999,0,0.00089196392999076892
0.24249999999999999,0,0.00091976161074500682
0.24299999999999999,0,0.00094814923330468483
0.24349999999999999,0,0.00097713227436865271
0.24399999999999999,0,0.001006716264721741
0.2445,0,0.0010369067962445854
0.245,0,0.0010677095276296234
0.2455,0,0.0010991301886641546
0.246,0,0.0011311745829536645
0.2465,0,0.0011638485889707063
0.247,0,0.0011971581593288928
0.2475,0,0.0012311093181958221
0.248,0,0.0012657081567742034
0.2485,0,0.0013009608267962936
0.249,0,0.0013368735319921777
0.2495,0,0.0013734525175093215
0.25,0,0.0014107040572768127
0.2505,0,0.0014486344393230487
0.251,0,0.0014872499490724556
0.2515,0,0.0015265568506611094
0.252,0,0.0015665613663266354
0.2525,0,0.0016072696539412789
0.253,0,0.0016486877827707525
0.2535,0,0.0016908217075540799
0.254,0,0.0017336772410110445
0.2545,0,0.0017772600248946112
0.255,0,0.0018215754997157664
0.2555,0,0.0018666288732761438
0.25600000000000001,0,0.0019124250881522365
0.25650000000000001,0,0.0019589687882808349
0.25700000000000001,0,0.0020062642848011846
0.25750000000000001,0,0.0020543155213132991
0.25800000000000001,0,0.0021031260387153637
0.25850000000000001,0,0.0021526989397853804
0.25900000000000001,0,0.0022030368536728796
0.25950000000000001,0,0.0022541419004672549
0.26000000000000001,0,0.0023060156560077982
0.26050000000000001,0,0.0023586591170992712
0.26100000000000001,0,0.0024120726672934188
0.26150000000000001,0,0.0024662560433941771
0.26200000000000001,0,0.0025212083028391952
0.26250000000000001,0,0.0025769277921055987
0.26300000000000001,0,0.002633412116282108
0.26350000000000001,0,0.0026906581099434335
0.26400000000000001,0,0.0027486618094553104
0.26450000000000001,0,0.0028074184268320423
0.26500000000000001,0,0.0028669223252596799
0.26550000000000001,0,0.0029271669963904178
0.26600000000000001,0,0.002988145039504475
0.26650000000000001,0,0.0030498481426278422
0.26700000000000002,0,0.0031122670656842264
0.26750000000000002,0,0.0031753916257513336
0.26800000000000002,0,0.0032392106844814196
0.26850000000000002,0,0.003303712137737602
0.26900000000000002,0,0.0033688829074874139
0.26950000000000002,0,0.003434708935986186
0.27000000000000002,0,0.0035011751822737968
0.27050000000000002,0,0.0035682656209987894
0.27100000000000002,0,0.0036359632435756239
0.27150000000000002,0,0.0037042500616717875
0.27200000000000002,0,0.0037731071130132632
0.27250000000000002,0,0.0038425144694887226
0.27300000000000002,0,0.00391245124752484
0.27350000000000002,0,0.0039828956206980461
0.27400000000000002,0,0.0040538248345403207
0.27450000000000002,0,0.0041252152234902747
0.27500000000000002,0,0.0041970422299343006
0.27550000000000002,0,0.0042692804252763891
0.27600000000000002,0,0.0043419035329697485
0.27650000000000002,0,0.0044148844534381507
0.27700000000000002,0,0.0044881952908101931
0.27750000000000002,0,0.0045618073813851745
0.27800000000000002,0,0.0046356913237455832
0.27850000000000003,1,0.0047098170104272526
0.27900000000000003,1,0.0047841536610560452
0.27950000000000003,0,-0.0052083947193639736
0.28000000000000003,0,-0.01515059302452525
0.28050000000000003,0,-0.014071618038178746
0.28100000000000003,0,-0.013042771046288237
0.28149999999999997,0,-0.012061575161315518
0.28199999999999997,0,-0.011125679468989147
0.28249999999999997,0,-0.010232852711420382
0.28299999999999997,0,-0.0093809772833612359
0.28349999999999997,0,-0.0085680435260160788
0.28399999999999997,0,-0.0077921443036014452
0.28449999999999998,0,-0.007051469848593883
0.28499999999999998,0,-0.0063443028623122897
0.28549999999999998,0,-0.0056690138581521055
0.28599999999999998,0,-0.0050240567354256412
0.28649999999999998,0,-0.004407964572368828
0.28699999999999998,0,-0.0038193456274489778
0.28749999999999998,0,-0.0032568795386519801
0.28799999999999998,0,-0.002719313710947946
0.28849999999999998,0,-0.0022054598826233727
0.28899999999999998,0,-0.0017141908616369662
0.28949999999999998,0,-0.0012444374235970669
0.28999999999999998,0,-0.00079518536338166743
0.29049999999999998,0,-0.00036547269282011241
0.29099999999999998,0,4.5613022765633723e-05
0.29149999999999998,0,0.00043893719600061052
0.29199999999999998,0,0.00081532062337763556
0.29249999999999998,0,0.0011755417718344208
0.29299999999999998,0,0.00152033895185415
0.29349999999999998,0,0.0018504123826644681
0.29399999999999998,0,0.0021664261548319684
0.29449999999999998,0,0.0024690100952862505
0.29499999999999998,0,0.0027587615395566201
0.29549999999999998,0,0.0030362470157678347
0.29599999999999999,0,0.0033020038447153397
0.29649999999999999,0,0.0035565416601262998
0.29699999999999999,0,0.0038003438530099577
0.29749999999999999,0,0.0040338689438073286
0.29799999999999999,0,0.0042575518858674168
0.29849999999999999,0,0.0044718053036029385
0.29899999999999999,0,0.0046770206685135983
0.29949999999999999,1,0.0048735694161079254
0.29999999999999999,1,0.0050618040066057858
0.30049999999999999,0,-0.0049201705008385162
0.30099999999999999,0,-0.014850787579567737
0.30149999999999999,0,-0.013639760812586577
0.30199999999999999,0,-0.012470882943850448
0.30249999999999999,0,-0.011344111773066812
0.30299999999999999,0,-0.010259226587757053
0.30349999999999999,0,-0.009215853591582935
0.30399999999999999,0,-0.0082134883900911622
0.30449999999999999,0,-0.0072515158720742549
0.30499999999999999,0,-0.0063292277834202434
0.30549999999999999,0,-0.0054458382544860569
0.30599999999999999,0,-0.0046004975108871471
0.30649999999999999,0,-0.0037923039704797156
0.307,0,-0.0030203149056560298
0.3075,0,-0.0022835558293973768
0.308,0,-0.0015810287454245731
0.3085,0,-0.00091171938690963743
0.309,0,-0.00027460355425759089
0.3095,0,0.00033134734980585503
0.31,0,0.00090716150042752242
0.3105,0,0.0014538624682378209
0.311,0,0.0019724656049594281
0.3115,0,0.0024639749350672145
0.312,0,0.0029293804981771034
0.3125,0,0.0033696560927216181
0.313,0,0.0037857573766939879
0.3135,0,0.004178620285891466
0.314,0,0.0045491597342290245
0.3145,1,0.0048982685643859884
0.315,1,0.0052268167203448181
0.3155,0,-0.0047422998900572
0.316,0,-0.014661915931232995
0.3165,0,-0.013365692135726293
0.317,0,-0.012138007136247731
0.3175,0,-0.010975550834199932
0.318,0,-0.0098751656397341181
0.31850000000000001,0,-0.0088338399277421483
0.31900000000000001,0,-0.0078487017358027881
0.31950000000000001,0,-0.0069170126987425969
0.32000000000000001,0,-0.0060361622141633098
0.32050000000000001,0,-0.0052036618330481123
0.32100000000000001,0,-0.0044171398693814813
0.32150000000000001,0,-0.0036743362225930554
0.32200000000000001,0,-0.0029730974065566018
0.32250000000000001,0,-0.0023113717788353248
0.32300000000000001,0,-0.0016872049638594234
0.32350000000000001,0,-0.0010987354637436164
0.32400000000000001,0,-0.00054419045050047021
0.32450000000000001,0,-2.1881733472406407e-05
0.32500000000000001,0,0.00046979810410793246
0.32550000000000001,0,0.00093237940542091331
0.32600000000000001,0,0.0013673189831053035
0.32650000000000001,0,0.0017760035108034256
0.32700000000000001,0,0.0021597527688335338
0.32750000000000001,0,0.0025198227494810264
0.32800000000000001,0,0.0028574086272594502
0.32850000000000001,0,0.003173647599347895
0.32900000000000001,0,0.0034696216012649163
0.32950000000000002,0,0.003746359902691232
0.33000000000000002,0,0.0040048415882043883
0.33050000000000002,0,0.0042459979275406897
0.33100000000000002,0,0.0044707146398512924
0.33150000000000002,0,0.0046798340562731241
0.33200000000000002,1,0.0048741571849904687
0.33250000000000002,1,0.0050544456828199077
0.33300000000000002,0,-0.0049288565117409644
0.33350000000000002,0,-0.014862669497975522
0.33400000000000002,0,-0.013708358278914612
0.33450000000000002,0,-0.012615988326399052
0.33500000000000002,0,-0.01158243836736127
0.33550000000000002,0,-0.010604742895424202
0.33600000000000002,0,-0.0096800844276652923
0.33650000000000002,0,-0.0088057861436359186
0.33700000000000002,0,-0.0079793048879494011
0.33750000000000002,0,-0.0071982245186526404
0.33800000000000002,0,-0.0064602495844574559
0.33850000000000002,0,-0.0057631993147258861
0.33900000000000002,0,-0.005105001906882645
0.33950000000000002,0,-0.0044836890966729716
0.34000000000000002,0,-0.0038973909973877507
0.34050000000000002,0,-0.0033443311948549103
0.34100000000000003,0,-0.0028228220856339028
0.34150000000000003,0,-0.0023312604464619468
0.34200000000000003,0,-0.001868123223581819
0.34250000000000003,0,-0.0014319635311335842
0.34300000000000003,0,-0.0010214068483191841
0.34350000000000003,0,-0.00063514740555056239
0.34399999999999997,0,-0.00027194475026893762
0.34449999999999997,0,6.9379516423695447e-05
0.34499999999999997,0,0.00038994484074644786
0.34549999999999997,0,0.00069081466284981463
0.34599999999999997,0,0.00097299921667743923
0.34649999999999997,0,0.0012374581903301872
0.34699999999999998,0,0.0014851032538281683
0.34749999999999998,0,0.0017168004608294706
0.34799999999999998,0,0.0019333725305429982
0.34849999999999998,0,0.0021356010157671411
0.34899999999999998,0,0.0023242283626952799
0.34949999999999998,0,0.0024999598678526634
0.34999999999999998,0,0.002663465537265619
0.35049999999999998,0,0.0028153818527139165
0.35099999999999998,0,0.002956313449678327
0.35149999999999998,0,0.003086834711369424
0.35199999999999998,0,0.0032074912830070803
0.35249999999999998,0,0.0033188015103158609
0.35299999999999998,0,0.0034212578060054287
0.35349999999999998,0,0.0035153279478198464
0.35399999999999998,0,0.0036014563115631558
0.35449999999999998,0,0.0036800650423400084
0.35499999999999998,0,0.0037515551670908587
0.35549999999999998,0,0.0038163076513488049
0.35599999999999998,0,0.0038746844030008499
0.35649999999999998,0,0.0039270292256983752
0.35699999999999998,0,0.003973668724431589
0.35749999999999998,0,0.0040149131656571522
0.35799999999999998,0,0.0040510572942510812
0.35849999999999999,0,0.004082381109445643
0.35899999999999999,0,0.0041091506018022025
0.35949999999999999,0,0.0041316184531703937
0.35999999999999999,0,0.0041500247014869653
0.36049999999999999,0,0.0041645973721757493
0.36099999999999999,0,0.0041755530778226245
0.36149999999999999,0,0.0041830975877163333
0.36199999999999999,0,0.004187426368766645
0.36249999999999999,0,0.0041887250992363682
0.36299999999999999,0,0.0041871701566519428
0.36349999999999999,0,0.0041829290811898016
0.36399999999999999,0,0.0041761610157703081
0.36449999999999999,0,0.0041670171240307027
0.36499999999999999,0,0.0041556409872888223
0.36549999999999999,0,0.004142168981554839
0.36599999999999999,0,0.0041267306355949329
0.36649999999999999,0,0.0041094489710009618
0.36699999999999999,0,0.004090440825171948
0.36749999999999999,0,0.0040698171580687559
0.36799999999999999,0,0.0040476833435590942
0.36849999999999999,0,0.004024139446130259
0.36899999999999999,0,0.0039992804837070354
0.3695,0,0.0039731966772757477
0.37,0,0.0039459736879803309
0.3705,0,0.0039176928423225177
0.371,0,0.0038884313460667342
0.3715,0,0.0038582624874201389
0.372,0,0.0038272558300293858
0.3725,0,0.0037954773963086554
0.373,0,0.0037629898415874386
0.3735,0,0.0037298526195421399
0.374,0,0.0036961221393517762
0.3745,0,0.003661851914996639
0.375,0,0.0036270927070967129
0.3755,0,0.0035918926576674949
0.376,0,0.0035562974181509331
0.3765,0,0.0035203502710621781
0.377,0,0.0034840922455744773
0.3775,0,0.0034475622273493433
0.378,0,0.0034107970629025709
0.3785,0,0.0033738316587828996
0.379,0,0.0033366990758254777
0.3795,0,0.0032994306187292045
0.38,0,0.0032620559211945623
0.3805,0,0.0032246030268461732
0.38100000000000001,0,0.0031870984661535708
0.38150000000000001,0,0.0031495673295520166
0.38200000000000001,0,0.0031120333369557217
0.38250000000000001,0,0.0030745189038456243
0.38300000000000001,0,0.0030370452041046936
0.38350000000000001,0,0.0029996322297652367
0.38400000000000001,0,0.0029622988478236524
0.38450000000000001,0,0.0029250628542710432
0.38500000000000001,0,0.002887941025479812
0.38550000000000001,0,0.0028509491670797305
0.38600000000000001,0,0.0028141021604498051
0.38650000000000001,0,0.0027774140069461882
0.38700000000000001,0,0.0027408978699799526
0.38750000000000001,0,0.002704566115052931
0.38800000000000001,0,0.0026684303478543337
0.38850000000000001,0,0.0026325014505153453
0.38900000000000001,0,0.0025967896161145144
0.38950000000000001,0,0.0025613043815212013
0.39000000000000001,0,0.0025260546586607703
0.39050000000000001,0,0.002491048764280379
0.39100000000000001,0,0.0024562944482902083
0.39150000000000001,0,0.0024217989207515498
0.39200000000000002,0,0.0023875688775792268
0.39250000000000002,0,0.0023536105250222651
0.39300000000000002,0,0.0023199296029838947
0.39350000000000002,0,0.0022865314072384015
0.39400000000000002,0,0.0022534208105996711
0.39450000000000002,0,0.0022206022830935424
0.39500000000000002,0,0.0021880799111829831
0.39550000000000002,0,0.0021558574160933873
0.39600000000000002,0,0.0021239381712819584
0.39650000000000002,0,0.0020923252190935605
0.39700000000000002,0,0.0020610212866431499
0.39750000000000002,0,0.0020300288009625243
0.39800000000000002,0,0.0019993499034477225
0.39850000000000002,0,0.0019689864636410425
0.39900000000000002,0,0.0019389400923802923
0.39950000000000002,0,0.0019092121543460515
0.40000000000000002,0,0.0018798037800362045
0.40050000000000002,0,0.0018507158771955301
0.40100000000000002,0,0.0018219491417266864
0.40150000000000002,0,0.001793504068107643
0.40200000000000002,0,0.0017653809593391801
0.40250000000000002,0,0.0017375799364453103
0.40300000000000002,0,0.0017101009475476881
0.40350000000000003,0,0.0016829437765344846
0.40400000000000003,0,0.0016561080513431304
0.40450000000000003,0,0.00162959325187505
0.40500000000000003,0,0.0016033987175599785
0.40550000000000003,0,0.0015775236545861216
0.40600000000000003,0,0.0015519671428122273
0.40649999999999997,0,0.0015267281423761215
0.40699999999999997,0,0.0015018055000140973
0.40749999999999997,0,0.0014771979551044478
0.40799999999999997,0,0.0014529041454480196
0.40849999999999997,0,0.0014289226127979448
0.40899999999999997,0,0.0014052518081499211
0.40949999999999998,0,0.0013818900968041725
0.40999999999999998,0,0.0013588357632094649
0.41049999999999998,0,0.0013360870155989524
0.41099999999999998,0,0.0013136419904275164
0.41149999999999998,0,0.0012914987566191361
0.41199999999999998,0,0.0012696553196332116
0.41249999999999998,0,0.0012481096253577962
0.41299999999999998,0,0.0012268595638371238
0.41349999999999998,0,0.0012059029728412774
0.41399999999999998,0,0.0011852376412844646
0.41449999999999998,0,0.0011648613124988438
0.41499999999999998,0,0.0011447716873699942
0.41549999999999998,0,0.0011249664273401238
0.41599999999999998,0,0.0011054431572847245
0.41649999999999998,0,0.0010861994682680454
0.41699999999999998,0,0.0010672329201825924
0.41749999999999998,0,0.0010485410442775066
0.41799999999999998,0,0.0010301213455806812
0.41849999999999998,0,0.0010119713052188285
0.41899999999999998,0,0.00099408838264001273
0.41949999999999998,0,0.00097647001774248121
0.41999999999999998,0,0.00095911363291386611
0.42049999999999998,0,0.00094201663498419961
0.42099999999999999,0,0.00092517641709649601
0.42149999999999999,0,0.00090859036049817377
0.42199999999999999,0,0.00089225583625638369
0.42249999999999999,0,0.00087617020690043961
0.42299999999999999,0,0.00086033082799431555
0.42349999999999999,0,0.0008447350496417871
0.42399999999999999,0,0.00082938021792702268
0.42449999999999999,0,0.00081426367629321432
0.42499999999999999,0,0.00079938276686144507
0.42549999999999999,0,0.00078473483169236855
0.42599999999999999,0,0.00077031721399275501
0.42649999999999999,0,0.00075612725926903494
0.42699999999999999,0,0.00074216231642997292
0.42749999999999999,0,0.00072841973884030242
0.42799999999999999,0,0.00071489688532713205
0.42849999999999999,0,0.00070159112114115407
0.42899999999999999,0,0.00068849981887401099
0.42949999999999999,0,0.00067562035933373956
0.42999999999999999,0,0.00066295013237971379
0.43049999999999999,0,0.0006504865377184643
0.43099999999999999,0,0.00063822698566221578
0.43149999999999999,0,0.00062616889785107601
0.432,0,0.00061430970794039701
0.4325,0,0.00060264686225459658
0.433,0,0.00059117782040858376
0.4335,0,0.0005799000558981193
0.434,0,0.00056881105665989033
0.4345,0,0.00055790832560282939
0.435,0,0.00054718938111132371
0.4355,0,0.00053665175752151131
0.436,0,0.00052629300557174299
0.4365,0,0.00051611069282767594
0.437,0,0.00050610240408353044
0.4375,0,0.00049626574173976539
0.438,0,0.00048659832615841612
0.4385,0,0.00047709779599669488
0.439,0,0.00046776180851968439
0.4395,0,0.00045858803989274889
0.44,0,0.00044957418545462648
0.4405,0,0.00044071795997161487
0.441,0,0.0004320170978736715
0.4415,0,0.00042346935347301604
0.442,0,0.0004150725011658696
0.4425,0,0.00040682433561791689
0.443,0,0.00039872267193414858
0.44350000000000001,0,0.00039076534581350408
0.44400000000000001,0,0.00038295021368892621
0.44450000000000001,0,0.00037527515285332711
0.44500000000000001,0,0.00036773806157200937
0.44550000000000001,0,0.00036033685918207548
0.44600000000000001,0,0.00035306948617908063
0.44650000000000001,0,0.00034593390429171755
0.44700000000000001,0,0.00033892809654454401
0.44750000000000001,0,0.00033205006730974151
0.44800000000000001,0,0.00032529784234771599
0.44850000000000001,0,0.00031866946883745139
0.44900000000000001,0,0.00031216301539661596
0.44950000000000001,0,0.00030577657209212016
0.45000000000000001,0,0.00029950825044126048
0.45050000000000001,0,0.00029335618340389227
0.45100000000000001,0,0.00028731852536588719
0.45150000000000001,0,0.00028139345211453115
0.45200000000000001,0,0.00027557916080572786
0.45250000000000001,0,0.00026987386992352038
0.45300000000000001,0,0.00026427581923236241
0.45350000000000001,0,0.00025878326972235134
0.45400000000000001,0,0.00025339450354751049
0.45450000000000002,0,0.00024810782395767728
0.45500000000000002,0,0.000242921555224207
0.45550000000000002,0,0.00023783404255962594
0.45600000000000002,0,0.00023284365203147807
0.45650000000000002,0,0.00022794877047093153
0.45700000000000002,0,0.00022314780537590061
0.45750000000000002,0,0.00021843918480930481
0.45800000000000002,0,0.00021382135729252071
0.45850000000000002,0,0.00020929279169428215
0.45900000000000002,0,0.00020485197711522796
0.45950000000000002,0,0.00020049742276816439
0.46000000000000002,0,0.00019622765785464179
0.46050000000000002,0,0.00019204123143764517
0.46100000000000002,0,0.00018793671231063236
0.46150000000000002,0,0.00018391268886339685
0.46200000000000002,0,0.00017996776894447787
0.46250000000000002,0,0.00017610057972082814
0.46300000000000002,0,0.0001723097675342955
0.46350000000000002,0,0.00016859399775570605
0.46400000000000002,0,0.00016495195463621658
0.46450000000000002,0,0.00016138234115629091
0.46500000000000002,0,0.00015788387887248899
0.46550000000000002,0,0.00015445530776216909
0.46600000000000003,0,0.0001510953860660691
0.46650000000000003,0,0.00014780289012921165
0.46700000000000003,0,0.0001445766142401661
0.46750000000000003,0,0.00014141537046853393
0.46800000000000003,0,0.0001383179885010799
0.46850000000000003,0,0.00013528331547663086
0.46899999999999997,0,0.00013231021581961989
0.46949999999999997,0,0.00012939757107258699
0.46999999999999997,0,0.00012654427972770278
0.47049999999999997,0,0.00012374925705731509
0.47099999999999997,0,0.00012101143494384071
0.47149999999999997,0,0.00011832976170883525
0.47199999999999998,0,0.0001157032019415416
0.47249999999999998,0,0.00011313073632692738
0.47299999999999998,0,0.00011061136147328954
0.47349999999999998,0,0.00010814408973950363
0.47399999999999998,0,0.00010572794906202888
0.47449999999999998,0,0.00010336198278189101
0.47499999999999998,0,0.00010104524947129878
0.47549999999999998,0,9.8776822760460176e-05
0.47599999999999998,0,9.6555791164432131e-05
0.47649999999999998,0,9.4381257909958991e-05
0.47699999999999998,0,9.2252340762677404e-05
0.47749999999999998,0,9.0168171854476675e-05
0.47799999999999998,0,8.8127897511158795e-05
0.47849999999999998,0,8.6130678080564846e-05
0.47899999999999998,0,8.4175687761034457e-05
0.47949999999999998,0,8.2262114430453617e-05
0.47999999999999998,0,8.038915947582437e-05
0.48049999999999998,0,7.8556037623311867e-05
0.48099999999999998,0,7.6761976769124113e-05
0.48149999999999998,0,7.5006217810957848e-05
0.48199999999999998,0,7.3288014480210603e-05
0.48249999999999998,0,7.1606633174980944e-05
0.48299999999999998,0,6.9961352793879156e-05
0.48349999999999999,0,6.8351464570759463e-05
0.48399999999999999,0,6.6776271910196086e-05
0.48449999999999999,0,6.5235090224147199e-05
0.48499999999999999,0,6.3727246769240684e-05
0.48549999999999999,0,6.2252080485425412e-05
0.48599999999999999,0,6.0808941835466257e-05
0.48649999999999999,0,5.939719264546062e-05
0.48699999999999999,0,5.8016205946587185e-05
0.48749999999999999,0,5.6665365817876181e-05
0.48799999999999999,0,5.5344067230178595e-05
0.48849999999999999,0,5.4051715891179075e-05
0.48899999999999999,0,5.2787728091929773e-05
0.48949999999999999,0,5.155153055407258e-05
0.48999999999999999,0,5.0342560278826555e-05
0.49049999999999999,0,4.9160264396896911e-05
0.49099999999999999,0,4.8004100019771731e-05
0.49149999999999999,0,4.6873534092251033e-05
0.49199999999999999,0,4.5768043246396942e-05
0.49249999999999999,0,4.4687113656627364e-05
0.49299999999999999,0,4.3630240896275205e-05
0.49349999999999999,0,4.2596929795457597e-05
0.49399999999999999,0,4.1586694300277391e-05
0.4945,0,4.0599057333423615e-05
0.495,0,3.9633550656037463e-05
0.4955,0,3.8689714731210409e-05
0.496,0,3.7767098588570304e-05
0.4965,0,3.6865259690432861e-05
0.497,0,3.598376379938539e-05
0.4975,0,3.5122184847158346e-05
0.498,0,3.4280104805006759e-05
0.4985,0,3.3457113555501741e-05
0.499,0,3.2652808765643024e-05
0.4995,0,3.1866795761525958e-05
0.5,0,3.109868740439614e-05
0.50049999999999994,0,3.0348103968014239e-05
0.501,0,2.9614673017586134e-05
0.50149999999999995,0,2.8898029290036488e-05
0.502,0,2.8197814575781076e-05
0.50249999999999995,0,2.7513677601853637e-05
0.503,0,2.6845273916475952e-05
0.50349999999999995,0,2.6192265774982459e-05
0.504,0,2.555432202722141e-05
0.50449999999999995,0,2.493111800646597e-05
0.505,0,2.4322335419535434e-05
0.50549999999999995,0,2.3727662238370863e-05
0.50600000000000001,0,2.3146792593076171e-05
0.50649999999999995,0,2.257942666635815e-05
0.50700000000000001,0,2.2025270589276504e-05
0.50749999999999995,0,2.148403633834839e-05
0.50800000000000001,0,2.0955441634107341e-05
0.50849999999999995,0,2.0439209841049964e-05
0.50900000000000001,0,1.9935069868814993e-05
0.50949999999999995,0,1.9442756074816715e-05
0.51000000000000001,0,1.8962008168132982e-05
0.51049999999999995,0,1.84925711149031e-05
0.51100000000000001,0,1.8034195044802636e-05
0.51149999999999995,0,1.7586635159005937e-05
0.51200000000000001,0,1.7149651639392082e-05
0.51249999999999996,0,1.6723009559094228e-05
0.51300000000000001,0,1.6306478794281264e-05
0.51349999999999996,0,1.5899833937249586e-05
0.51400000000000001,0,1.5502854210802663e-05
0.51449999999999996,0,1.5115323383829704e-05
0.51500000000000001,0,1.4737029688194348e-05
0.51549999999999996,0,1.4367765736778005e-05
0.51600000000000001,0,1.4007328442888766e-05
0.51649999999999996,0,1.3655518940747235e-05
0.51700000000000002,0,1.3312142507249103e-05
0.51749999999999996,0,1.2977008484904573e-05
0.51800000000000002,0,1.2649930205976823e-05
0.51849999999999996,0,1.2330724917775094e-05
0.51900000000000002,0,1.2019213709102416e-05
0.51949999999999996,0,1.1715221437891277e-05
0.52000000000000002,0,1.1418576659827374e-05
0.52049999999999996,0,1.1129111558405569e-05
0.52100000000000002,0,1.0846661875774099e-05
0.52149999999999996,0,1.0571066844899945e-05
0.52200000000000002,0,1.0302169122677896e-05
0.52249999999999996,0,1.0039814724271956e-05
0.52300000000000002,0,9.7838529583227359e-06
0.52349999999999997,0,9.5341363634315893e-06
0.52400000000000002,0,9.2905206455440311e-06
0.52449999999999997,0,9.0528646163656749e-06
0.52500000000000002,0,8.8210301328550674e-06
0.52549999999999997,0,8.5948820377268479e-06
0.52600000000000002,0,8.374288100909677e-06
0.52649999999999997,0,8.1591189619589777e-06
0.52700000000000002,0,7.9492480735243738e-06
0.52749999999999997,0,7.7445516457275151e-06
0.52800000000000002,0,7.5449085914947036e-06
0.52849999999999997,0,7.3502004728331903e-06
0.52900000000000003,0,7.1603114479734666e-06
0.52949999999999997,0,6.97512821951074e-06
0.53000000000000003,0,6.7945399834234976e-06
0.53049999999999997,0,6.6184383788914227e-06
0.53100000000000003,0,6.4467174391458217e-06
0.53149999999999997,0,6.2792735430416965e-06
0.53200000000000003,0,6.1160053675179963e-06
0.53249999999999997,0,5.9568138410348579e-06
0.53300000000000003,0,5.8016020975548701e-06
0.53349999999999997,0,5.6502754316678502e-06
0.53400000000000003,0,5.5027412542707488e-06
0.53449999999999998,0,5.3589090491690252e-06
0.53500000000000003,0,5.2186903304440866e-06
0.53549999999999998,0,5.0819986005867793e-06
0.53600000000000003,0,4.94874930936362e-06
0.53649999999999998,0,4.8188598134268897e-06
0.53700000000000003,0,4.6922493368017903e-06
0.53749999999999998,0,4.5688389318843118e-06
0.53800000000000003,0,4.4485514413272753e-06
0.53849999999999998,0,4.331311460548104e-06
0.53900000000000003,0,4.2170453010026422e-06
0.53949999999999998,0,4.1056809540140901e-06
0.54000000000000004,0,3.9971480555123225e-06
0.54049999999999998,0,3.8913778511617815e-06
0.54100000000000004,0,3.7883031623109353e-06
0.54149999999999998,0,3.6878583525856712e-06
0.54200000000000004,0,3.5899792950488953e-06
0.54249999999999998,0,3.4946033400040656e-06
0.54300000000000004,0,3.4016692835203701e-06
0.54349999999999998,0,3.3111173363353786e-06
0.54400000000000004,0,3.2228890936014665e-06
0.54449999999999998,0,3.1369275050763258e-06
0.54500000000000004,0,3.0531768458685883e-06
0.54549999999999998,0,2.9715826879161966e-06
0.54600000000000004,0,2.8920918717201259e-06
0.54649999999999999,0,2.8146524790328975e-06
0.54700000000000004,0,2.7392138057580339e-06
0.54749999999999999,0,2.6657263354601389e-06
0.54800000000000004,0,2.594141713518905e-06
0.54849999999999999,0,2.524412721616187e-06
0.54900000000000004,0,2.4564932528670091e-06
0.54949999999999999,0,2.390338287427962e-06
0.55000000000000004,0,2.3259038684608767e-06
0.55049999999999999,0,2.2631470787737306e-06
0.55100000000000005,0,2.202026017816827e-06
0.55149999999999999,0,2.142499779078655e-06
0.55200000000000005,0,2.0845284281589825e-06
0.55249999999999999,0,2.0280729809751818e-06
0.55300000000000005,0,1.9730953827457043e-06
0.55349999999999999,0,1.9195584871511963e-06
0.55400000000000005,0,1.8674260359952123e-06
0.55449999999999999,0,1.8166626393423258e-06
0.55500000000000005,0,1.767233755944897e-06
0.55549999999999999,0,1.7191056742582589e-06
0.55600000000000005,0,1.6722454935669262e-06
0.55649999999999999,0,1.6266211058435508e-06
0.55700000000000005,0,1.5822011776522872e-06
0.5575,0,1.5389551327293916e-06
0.55800000000000005,0,1.4968531346082337e-06
0.5585,0,1.4558660699215409e-06
0.55900000000000005,0,1.4159655318479737e-06
0.5595,0,1.3771238039805844e-06
0.56000000000000005,0,1.3393138445172426e-06
0.5605,0,1.302509270806329e-06
0.56100000000000005,0,1.2666843441810904e-06
0.5615,0,1.2318139552158768e-06
0.56200000000000006,0,1.197873609048994e-06
0.5625,0,1.1648394113827898e-06
0.56299999999999994,0,1.1326880544393347e-06
0.5635,0,1.1013968034601084e-06
0.56399999999999995,0,1.0709434833833242e-06
0.5645,0,1.0413064657877058e-06
0.56499999999999995,0,1.0124646561915363e-06
0.5655,0,9.8439748152934214e-07
0.56599999999999995,0,9.5708487805046252e-07
0.5665,0,9.3050727933974287e-07
0.56699999999999995,0,9.0464560472680586e-07
0.5675,0,8.7948124769532401e-07
0.56799999999999995,0,8.5499606488070863e-07
0.56850000000000001,0,8.3117236511220942e-07
0.56899999999999995,0,8.0799289872146571e-07
0.56950000000000001,0,7.8544084706200226e-07
0.56999999999999995,0,7.6349981237289199e-07
0.57050000000000001,0,7.4215380774234063e-07
0.57099999999999995,0,7.2138724731551913e-07
0.57150000000000001,0,7.0118493682436163e-07
0.57199999999999995,0,6.8153206413956722e-07
0.57250000000000001,0,6.6241419027779358e-07
0.57299999999999995,0,6.4381724035333932e-07
0.57350000000000001,0,6.2572749491840436e-07
0.57399999999999995,0,6.0813158139216836e-07
0.57450000000000001,0,5.9101646575632212e-07
0.57499999999999996,0,5.7436944440603104e-07
0.57550000000000001,0,5.5817813611191984e-07
0.57599999999999996,0,5.4243047437063652e-07
0.57650000000000001,0,5.2711469963329092e-07
0.57699999999999996,0,5.1221935200018724e-07
0.57750000000000001,0,4.9773326387114732e-07
0.57799999999999996,0,4.8364555288449296e-07
0.57850000000000001,0,4.6994561495594669e-07
0.57899999999999996,0,4.5662311747296514e-07
0.57950000000000002,0,4.4366799273332092e-07
0.57999999999999996,0,4.3107043138368441e-07
0.58050000000000002,0,4.1882087620237485e-07
0.58099999999999996,0,4.0691001582660038e-07
0.58150000000000002,0,3.9532877875725348e-07
0.58199999999999996,0,3.8406832744142248e-07
0.58250000000000002,0,3.7312005249923177e-07
0.58299999999999996,0,3.6247556716162422e-07
0.58350000000000002,0,3.5212670171924645e-07
0.58399999999999996,0,3.4206549813786681e-07
0.58450000000000002,0,3.3228420486253186e-07
0.58499999999999996,0,3.2277527168833585e-07
0.58550000000000002,0,3.135313447089061e-07
0.58599999999999997,0,3.045452615202393e-07
0.58650000000000002,0,2.9581004635792495e-07
0.58699999999999997,0,2.8731890553412855e-07
0.58750000000000002,0,2.7906522280796154e-07
0.58799999999999997,0,2.7104255503340722e-07
0.58850000000000002,0,2.6324462771842859e-07
0.58899999999999997,0,2.556653308949386e-07
0.58950000000000002,0,2.4829871491105494e-07
0.58999999999999997,0,2.4113898643429722e-07
0.59050000000000002,0,2.3418050454360184e-07
0.59099999999999997,0,2.2741777682133702e-07
0.59150000000000003,0,2.2084545568956672e-07
0.59199999999999997,0,2.1445833462419017e-07
0.59250000000000003,0,2.0825134474655727e-07
0.59299999999999997,0,2.0221955117083467e-07
0.59350000000000003,0,1.9635814973995025e-07
0.59399999999999997,0,1.9066246359500383e-07
0.59450000000000003,0,1.8512793998892717e-07
0.59499999999999997,0,1.7975014712234839e-07
0.59550000000000003,0,1.7452477109047847e-07
0.59599999999999997,0,1.6944761279669152e-07
0.59650000000000003,0,1.6451458504374016e-07
0.59699999999999998,0,1.5972170969158483e-07
0.59750000000000003,0,1.5506511490404052e-07
0.59799999999999998,0,1.505410322399925e-07
0.59850000000000003,0,1.4614579421090568e-07
0.59899999999999998,0,1.4187583157188045e-07
0.59950000000000003,0,1.377276707903441e-07
0.59999999999999998,0,1.336979316257647e-07
0.60050000000000003,0,1.2978332462054709e-07
0.60099999999999998,0,1.2598064886848447e-07
0.60150000000000003,0,1.2228678968329022e-07
0.60199999999999998,0,1.1869871633374273e-07
0.60250000000000004,0,1.1521347986764852e-07
0.60299999999999998,0,1.1182821104682717e-07
0.60350000000000004,0,1.0854011812666542e-07
0.60399999999999998,0,1.0534648500204469e-07
0.60450000000000004,0,1.0224466917563291e-07
0.60499999999999998,0,9.923209982609649e-08
0.60550000000000004,0,9.6306275898516702e-08
0.60599999999999998,0,9.3464764328032859e-08
0.60650000000000004,0,9.07051982856899e-08
0.60699999999999998,0,8.8025275346570453e-08
0.60750000000000004,0,8.5422755857766927e-08
0.60799999999999998,0,8.2895461328558184e-08
0.60850000000000004,0,8.044127273176826e-08
0.60899999999999999,0,7.8058128916147498e-08
0.60950000000000004,0,7.5744025251900377e-08
0.60999999999999999,0,7.3497011965351075e-08
0.61050000000000004,0,7.1315192717857917e-08
0.61099999999999999,0,6.9196723317954683e-08
0.61150000000000004,0,6.7139810133731709e-08
0.61199999999999999,0,6.5142708915999497e-08
0.61250000000000004,0,6.3203723399407602e-08
0.61299999999999999,0,6.1321204047892761e-08
0.61350000000000005,0,5.9493546866740132e-08
0.61399999999999999,0,5.7719192081417956e-08
0.61450000000000005,0,5.5996623049558989e-08
0.61499999999999999,0,5.4324365050817389e-08
0.61550000000000005,0,5.2700984221054627e-08
0.61599999999999999,0,5.112508638660529e-08
0.61650000000000005,0,4.9595316042871927e-08
0.61699999999999999,0,4.8110355344022083e-08
0.61750000000000005,0,4.6668923037174183e-08
0.61799999999999999,0,4.5269773496503521e-08
0.61850000000000005,0,4.3911695779552673e-08
0.61899999999999999,0,4.2593512694644177e-08
0.61950000000000005,0,4.1314079846088701e-08
0.62,0,4.0072284812620038e-08
0.62050000000000005,0,3.8867046214807742e-08
0.621,0,3.7697312915696558e-08
0.62150000000000005,0,3.6562063254752528e-08
0.622,0,3.5460304126377904e-08
0.62250000000000005,0,3.4391070269368385e-08
0.623,0,3.3353423556370389e-08
0.62350000000000005,0,3.2346452172316018e-08
0.624,0,3.1369269948289255e-08
0.62450000000000006,0,3.042101566208544e-08
0.625,0,2.9500852305464065e-08
0.62549999999999994,0,2.8607966484628378e-08
0.626,0,2.7741567765193764e-08
0.62649999999999995,0,2.6900888006053947e-08
0.627,0,2.608518079316724e-08
0.62749999999999995,0,2.5293720795627194e-08
0.628,0,2.4525803221653319e-08
0.62849999999999995,0,2.3780743296786257e-08
0.629,0,2.3057875597753964e-08
0.62949999999999995,0,2.2356553641689204e-08
0.63,0,2.1676149264404643e-08
0.63049999999999995,0,2.1016052176303646e-08
0.63100000000000001,0,2.0375669451677679e-08
0.63149999999999995,0,1.975442505131042e-08
0.63200000000000001,0,1.9151759356184072e-08
0.63249999999999995,0,1.856712871228794e-08
0.63300000000000001,0,1.8000004942120284e-08
0.63349999999999995,0,1.7449875033825891e-08
0.63400000000000001,0,1.691624059718677e-08
0.63449999999999995,0,1.6398617486146348e-08
0.63500000000000001,0,1.5896535499049234e-08
0.63549999999999995,0,1.5409537834631946e-08
0.63600000000000001,0,1.4937180836671615e-08
0.63649999999999995,0,1.4479033560998999e-08
0.63700000000000001,0,1.4034677453533817e-08
0.63749999999999996,0,1.3603706006115601e-08
0.63800000000000001,0,1.3185724412334564e-08
0.63849999999999996,0,1.2780349267771385e-08
0.63900000000000001,0,1.2387208159214679e-08
0.63949999999999996,0,1.2005939431514179e-08
0.64000000000000001,0,1.1636191910024962e-08
0.64049999999999996,0,1.1277624534233865e-08
0.64100000000000001,0,1.0929906135714874e-08
0.64149999999999996,0,1.0592715105062211e-08
0.64200000000000002,0,1.0265739125436823e-08
0.64249999999999996,0,9.9486750060329137e-09
0.64300000000000002,0,9.6412282712954316e-09
0.64349999999999996,0,9.3431130721022264e-09
0.64400000000000002,0,9.054051786083761e-09
0.64449999999999996,0,8.7737749288052669e-09
0.64500000000000002,0,8.5020207984953806e-09
0.64549999999999996,0,8.2385353650238351e-09
0.64600000000000002,0,7.983072014550174e-09
0.64649999999999996,0,7.7353912830702136e-09
0.64700000000000002,0,7.4952606787803695e-09
0.64749999999999996,0,7.2624545710553433e-09
0.64800000000000002,0,7.0367538795856884e-09
0.64849999999999997,0,6.8179458967421173e-09
0.64900000000000002,0,6.6058242209621199e-09
0.64949999999999997,0,6.4001884680919826e-09
0.65000000000000002,0,6.2008441159555616e-09
0.65049999999999997,0,6.0076023489230577e-09
0.65100000000000002,0,5.820279913582027e-09
0.65149999999999997,0,5.638698941101694e-09
0.65200000000000002,0,5.4626868029039599e-09
0.65249999999999997,0,5.2920758997210273e-09
0.65300000000000002,0,5.1267036393909396e-09
0.65349999999999997,0,4.9664121259951345e-09
0.65400000000000003,0,4.8110482264718257e-09
0.65449999999999997,0,4.6604632930602463e-09
0.65500000000000003,0,4.5145130411761158e-09
0.65549999999999997,0,4.3730574605937987e-09
0.65600000000000003,0,4.2359606711173111e-09
0.65649999999999997,0,4.1030908559669397e-09
0.65700000000000003,0,3.9743200730413261e-09
0.65749999999999997,0,3.8495241994063178e-09
0.65800000000000003,0,3.728582742557052e-09
0.65849999999999997,0,3.6113788626224164e-09
0.65900000000000003,0,3.4977991281159858e-09
0.65949999999999998,0,3.3877334937315597e-09
0.66000000000000003,0,3.2810751671163985e-09
0.66049999999999998,0,3.1777206088712261e-09
0.66100000000000003,0,3.077569299403393e-09
0.66149999999999998,0,2.9805237056201859e-09
0.66200000000000003,0,2.8864892365199068e-09
0.66249999999999998,0,2.7953741543740307e-09
0.66300000000000003,0,2.7070894192959828e-09
0.66349999999999998,0,2.6215486448322167e-09
0.66400000000000003,0,2.5386680535532946e-09
0.66449999999999998,0,2.4583663660315835e-09
0.66500000000000004,0,2.3805647453301049e-09
0.66549999999999998,0,2.3051866859802318e-09
0.66600000000000004,0,2.2321580250839192e-09
0.66649999999999998,0,2.1614067868824806e-09
0.66700000000000004,0,2.0928631938588183e-09
0.66749999999999998,0,2.026459555715121e-09
0.66800000000000004,0,1.9621301805550218e-09
0.66849999999999998,0,1.8998113970880582e-09
0.66900000000000004,0,1.8394414436073702e-09
0.66949999999999998,0,1.7809604013763191e-09
0.67000000000000004,0,1.7243101613217958e-09
0.67049999999999998,0,1.6694343796253008e-09
0.67100000000000004,0,1.6162784111095617e-09
0.67149999999999999,0,1.5647892759318439e-09
0.67200000000000004,0,1.5149155818683369e-09
0.67249999999999999,0,1.466607468803005e-09
0.67300000000000004,0,1.4198166309320471e-09
0.67349999999999999,0,1.3744962168438236e-09
0.67400000000000004,0,1.3306007407010156e-09
0.67449999999999999,0,1.2880861710584669e-09
0.67500000000000004,0,1.2469097865341894e-09
0.67549999999999999,0,1.2070301202982137e-09
0.67600000000000005,0,1.1684070488904296e-09
0.67649999999999999,0,1.1310015923804428e-09
0.67700000000000005,0,1.0947759920831857e-09
0.67749999999999999,0,1.0596936439455363e-09
0.67800000000000005,0,1.0257190541373973e-09
0.67849999999999999,0,9.9281781684723573e-10
0.67900000000000005,0,9.6095654766870094e-10
0.67949999999999999,0,9.3010290580508583e-10
0.68000000000000005,0,9.0022551635371424e-10
0.68049999999999999,0,8.7129401471486288e-10
0.68100000000000005,0,8.4327890226276732e-10
0.68149999999999999,0,8.161516351634646e-10
0.68200000000000005,0,7.8988451335249012e-10
0.6825,0,7.6445069163710857e-10
0.68300000000000005,0,7.3982414638962268e-10
0.6835,0,7.1597966444514327e-10
0.68400000000000005,0,6.9289278759043786e-10
0.6845,0,6.7053982366616081e-10
0.68500000000000005,0,6.4889781326016309e-10
0.6855,0,6.2794447419634025e-10
0.68600000000000005,0,6.0765823484132395e-10
0.6865,0,5.8801820079779073e-10
0.68700000000000006,0,5.6900408829108075e-10
0.6875,0,5.5059625747588827e-10
0.68799999999999994,0,5.3277565692511075e-10
0.6885,0,5.1552386803876973e-10
0.68899999999999995,0,4.9882300512393842e-10
0.6895,0,4.8265572649697217e-10
0.68999999999999995,0,4.6700524558573873e-10
0.6905,0,4.5185529762292733e-10
0.69099999999999995,0,4.3719009523712769e-10
0.6915,0,4.2299438396398161e-10
0.69199999999999995,0,4.092533423261102e-10
0.6925,0,3.9595263734426565e-10
0.69299999999999995,0,3.8307836902617966e-10
0.69350000000000001,0,3.7061705926433321e-10
0.69399999999999995,0,3.5855565183595674e-10
0.69450000000000001,0,3.4688151240302999e-10
0.69499999999999995,0,3.3558236189890069e-10
0.69550000000000001,0,3.2464636534612623e-10
0.69599999999999995,0,3.1406199862971107e-10
0.69650000000000001,0,3.0381813731494844e-10
0.69699999999999995,0,2.9390400113626923e-10
0.69750000000000001,0,2.8430910958832099e-10
0.69799999999999995,0,2.750233263348889e-10
0.69850000000000001,0,2.6603682590220503e-10
0.69899999999999995,0,2.5734013808786925e-10
0.69950000000000001,0,2.4892402583631677e-10
0.69999999999999996,0,2.4077955185219934e-10
0.70050000000000001,0,2.3289808970261561e-10
0.70099999999999996,0,2.2527126830595989e-10
0.70150000000000001,0,2.1789097193192218e-10
0.70199999999999996,0,2.107493513037184e-10
0.70250000000000001,0,2.0383879029139963e-10
0.70299999999999996,0,1.9715191701408231e-10
0.70350000000000001,0,1.9068161494217862e-10
0.70399999999999996,0,1.8442093407955441e-10
0.70450000000000002,0,1.7836320198583165e-10
0.70499999999999996,0,1.7250192385631635e-10
0.70550000000000002,0,1.6683081582868907e-10
0.70599999999999996,0,1.6134378277854467e-10
0.70650000000000002,0,1.5603496272831308e-10
0.70699999999999996,0,1.5089861582495699e-10
0.70750000000000002,0,1.4592922426004408e-10
0.70799999999999996,0,1.4112143675859555e-10
0.70850000000000002,0,1.3647006857908651e-10
0.70899999999999996,0,1.3197009041121531e-10
0.70950000000000002,0,1.2761667278482492e-10
0.70999999999999996,0,1.2340508614983036e-10
0.71050000000000002,0,1.1933076748960048e-10
0.71099999999999997,0,1.1538929811649723e-10
0.71150000000000002,0,1.1157641477410607e-10
0.71199999999999997,0,1.0788797633054514e-10
0.71250000000000002,0,1.043199859829258e-10
0.71299999999999997,0,1.008685468484316e-10
0.71350000000000002,0,9.7529917475469577e-11
0.71399999999999997,0,9.4300456332518934e-11
0.71450000000000002,0,9.1176621808131131e-11
0.71499999999999997,0,8.8155016619850817e-11
0.71550000000000002,0,8.5232354507525093e-11
0.71599999999999997,0,8.24054047221523e-11
0.71650000000000003,0,7.9671114150414721e-11
0.71699999999999997,0,7.7026462985685379e-11
0.71750000000000003,0,7.4468553545870006e-11
0.71799999999999997,0,7.1994565864486051e-11
0.71850000000000003,0,6.960180209958367e-11
0.71899999999999997,0,6.728761992036425e-11
0.71950000000000003,0,6.5049476916101409e-11
0.71999999999999997,0,6.2884897289450242e-11
0.72050000000000003,0,6.0791494060907778e-11
0.72099999999999997,0,5.8766957966582817e-11
0.72150000000000003,0,5.6809057458195866e-11
0.72199999999999998,0,5.4915638703079137e-11
0.72250000000000003,0,5.3084592277485854e-11
0.72299999999999998,0,5.1313875371050698e-11
0.72350000000000003,0,4.9601556195710825e-11
0.72399999999999998,0,4.7945702963403392e-11
0.72450000000000003,0,4.6344494908368003e-11
0.72499999999999998,0,4.4796122367074529e-11
0.72550000000000003,0,4.3298908902755786e-11
0.72599999999999998,0,4.1851166976414332e-11
0.72650000000000003,0,4.0451264560203979e-11
0.72699999999999998,0,3.90976584441205e-11
0.72750000000000004,0,3.7788827622620147e-11
0.72799999999999998,0,3.6523328805770919e-11
0.72850000000000004,0,3.529972980587104e-11
0.72899999999999998,0,3.4116676150830473e-11
0.72950000000000004,0,3.2972802266328924e-11
0.72999999999999998,0,3.1866842498118331e-11
0.73050000000000004,0,3.0797575600871599e-11
0.73099999999999998,0,2.9763791431491884e-11
0.73150000000000004,0,2.8764302051342837e-11
0.73199999999999998,0,2.7798019441860332e-11
0.73250000000000004,0,2.6863833380019741e-11
0.73299999999999998,0,2.596068915394767e-11
0.73350000000000004,0,2.5087576460691706e-11
0.73399999999999999,0,2.424350720175994e-11
0.73450000000000004,0,2.3427537687581435e-11
0.73499999999999999,0,2.2638713126355014e-11
0.73550000000000004,0,2.1876156441891225e-11
0.73599999999999999,0,2.1139012762461106e-11
0.73650000000000004,0,2.0426438318565943e-11
0.73699999999999999,0,1.9737622647397758e-11
0.73750000000000004,0,1.9071777490609064e-11
0.73799999999999999,0,1.8428147896543123e-11
0.73850000000000005,0,1.7806012220233923e-11
0.73899999999999999,0,1.7204671021175954e-11
0.73950000000000005,0,1.6623402654403206e-11
0.73999999999999999,0,1.6061563190561402e-11
0.74050000000000005,0,1.5518508700296251e-11
0.74099999999999999,0,1.4993628560944217e-11
0.74150000000000005,0,1.4486312149841752e-11
0.74199999999999999,0,1.3995959946555558e-11
0.74250000000000005,0,1.3522050146264064e-11
0.74299999999999999,0,1.3064005432994464e-11
0.74350000000000005,0,1.2621304001925183e-11
0.74399999999999999,0,1.2193457354925385e-11
0.74450000000000005,0,1.1779954789403745e-11
0.745,0,1.1380341113920167e-11
0.74550000000000005,0,1.0994127830343814e-11
0.746,0,1.0620893053925329e-11
0.74650000000000005,0,1.0260181593224615e-11
0.747,0,9.9116159724133006e-12
0.74750000000000005,0,9.5747632045117829e-12
0.748,0,9.2492347114614401e-12
0.74850000000000005,0,8.9346641196641489e-12
0.749,0,8.6306961577520263e-12
0.74950000000000006,0,8.3369533498967036e-12
0.75,0,8.0530915269605433e-12
0.75049999999999994,0,7.7788220309571437e-12
0.751,0,7.5137895905186266e-12
0.75149999999999995,0,7.2576944454283421e-12
0.752,0,7.0102257332393947e-12
0.75249999999999995,0,6.7711281026561211e-12
0.753,0,6.5400906912316261e-12
0.75349999999999995,0,6.3168470454399993e-12
0.754,0,6.1011640184460704e-12
0.75449999999999995,0,5.8927751567239285e-12
0.755,0,5.6914362112081564e-12
0.75549999999999995,0,5.496902932833336e-12
0.75600000000000001,0,5.3089532769945439e-12
0.75649999999999995,0,5.1273651990868526e-12
0.75700000000000001,0,4.9519277567355857e-12
0.75749999999999995,0,4.7824300075660634e-12
0.75800000000000001,0,4.6186721114338528e-12
0.75849999999999995,0,4.460465330424768e-12
0.75900000000000001,0,4.3076209266246222e-12
0.75949999999999995,0,4.1599723665797225e-12
0.76000000000000001,0,4.0173420146061289e-12
0.76049999999999995,0,3.8795411327896548e-12
0.76100000000000001,0,3.7464142899068517e-12
0.76149999999999995,0,3.6178282591947664e-12
0.76200000000000001,0,3.4935943027392113e-12
0.76249999999999996,0,3.3736013982377245e-12
0.76300000000000001,0,3.2576830122366117e-12
0.76349999999999996,0,3.1457170202031646e-12
0.76400000000000001,0,3.0375590931441822e-12
0.76449999999999996,0,2.9330760042967085e-12
0.76500000000000001,0,2.8321456291280357e-12
0.76549999999999996,0,2.7346680475659469e-12
0.76600000000000001,0,2.6405322373079797e-12
0.76649999999999996,0,2.5495938693609333e-12
0.76700000000000002,0,2.4617530236525909e-12
0.76749999999999996,0,2.3769097801107363e-12
0.76800000000000002,0,2.2949420142026611e-12
0.76849999999999996,0,2.21580531700738e-12
0.76900000000000002,0,2.1393553595316915e-12
0.76949999999999996,0,2.0655366306243651e-12
0.77000000000000002,0,1.9942270057526913e-12
0.77049999999999996,0,1.9253709737654391e-12
0.77100000000000002,0,1.8588575123601457e-12
0.77149999999999996,0,1.7946311103855806e-12
0.77200000000000002,0,1.732602949999773e-12
0.77249999999999996,0,1.6726842133607534e-12
0.77300000000000002,0,1.6148193893172902e-12
0.77349999999999997,0,1.5589418644879061e-12
0.77400000000000002,0,1.5049739232608772e-12
0.77449999999999997,0,1.4528600544849724e-12
0.77500000000000002,0,1.4025447470089603e-12
0.77549999999999997,0,1.3539613874513634e-12
0.77600000000000002,0,1.3070322602004581e-12
0.77649999999999997,0,1.2617129563352592e-12
0.77700000000000002,0,1.2179590669347817e-12
0.77749999999999997,0,1.1757039786175482e-12
0.77800000000000002,0,1.1348921802323276e-12
0.77849999999999997,0,1.0954903650883806e-12
0.77900000000000003,0,1.0574541242647229e-12
0.77949999999999997,0,1.0207279466101226e-12
0.78000000000000003,0,9.8526742320359517e-13
0.78049999999999997,0,9.5101704289390909e-13
0.78100000000000003,0,9.179657034508181e-13
0.78149999999999997,0,8.8602458703235247e-13
0.78200000000000003,0,8.5519369363851179e-13
0.78249999999999997,0,8.254286143483114e-13
0.78300000000000003,0,7.9668494024076604e-13
0.78349999999999997,0,7.6894046685538342e-13
0.78400000000000003,0,7.4215078527117837e-13
0.78449999999999998,0,7.1629369102765852e-13
0.78500000000000003,0,6.9133587743408498e-13
0.78549999999999998,0,6.672218333392266e-13
0.78600000000000003,0,6.4394045651283709e-13
0.78649999999999998,0,6.2146954249442386e-13
0.78700000000000003,0,5.9977578459324834e-13
0.78749999999999998,0,5.7882587611857165e-13
0.78800000000000003,0,5.5861981707039381e-13
0.78849999999999998,0,5.3910209629748353e-13
0.78900000000000003,0,5.2027271379984084e-13
0.78949999999999998,0,5.0210946511697334e-13
0.79000000000000004,0,4.8455683909764957e-13
0.79049999999999998,0,4.6759263128137716e-13
0.79100000000000004,0,4.5122794389840239e-13
0.79149999999999998,0,4.3540726579749391e-13
0.79200000000000004,0,4.2016390366939049e-13
0.79249999999999998,0,4.0544234636286093e-13
0.79300000000000004,0,3.9124259387790516e-13
0.79349999999999998,0,3.7753133952378448e-13
0.79400000000000004,0,3.6428637884000634e-13
0.79449999999999998,0,3.515077118265708e-13
0.79500000000000004,0,3.3917313402298532e-13
0.79549999999999998,0,3.2728264542924991e-13
0.79600000000000004,0,3.1579183712437954e-13
0.79649999999999999,0,3.0471181133862045e-13
0.79700000000000004,0,2.9400926138123393e-13
0.79749999999999999,0,2.8369528948246627e-13
0.79800000000000004,0,2.7372548672133235e-13
0.79849999999999999,0,2.6412205755832474e-13
0.79900000000000004,0,2.548294908422122e-13
0.79949999999999999,0,2.4585888880324092e-13
0.80000000000000004,0,2.3719914921116469e-13
0.80049999999999999,0,2.28828067605491e-13
0.80100000000000005,0,2.2076784844671238e-13
0.80149999999999999,0,2.1297408281384377e-13
0.80200000000000005,0,2.0545787293713146e-13
0.80249999999999999,0,1.9819701435608295e-13
0.80300000000000005,0,1.9121371153119071e-13
0.80349999999999999,0,1.8446355554146976e-13
0.80400000000000005,0,1.7794654638692009e-13
0.80449999999999999,0,1.7167378629778795e-13
0.80500000000000005,0,1.6561196858333461e-13
0.80549999999999999,0,1.5977219547380627e-13
0.80600000000000005,0,1.5413226250871048e-13
0.80649999999999999,0,1.4870327191829348e-13
0.80700000000000005,0,1.4345191701181647e-13
0.8075,0,1.3838930001952576e-13
0.80800000000000005,0,1.3350431871117507e-13
0.8085,0,1.2877476862627192e-13
0.80900000000000005,0,1.2420064976481627e-13
0.8095,0,1.1980416658730063e-13
0.81000000000000005,0,1.155742168634788e-13
0.8105,0,1.1147749390261197e-13
0.81100000000000005,0,1.0752509993494641e-13
0.8115,0,1.0370593273023587e-13
0.81200000000000006,0,1.0001999228848035e-13
0.8125,0,9.6478380839926103e-14
0.81299999999999994,0,9.3058893924080626e-14
0.8135,0,8.9761531540943906e-14
0.81399999999999995,0,8.6564089230023461e-14
0.8145,0,8.3488771451811772e-14
0.81499999999999995,0,8.0513373745816357e-14
0.8155,0,7.76601005725297e-14
0.81599999999999995,0,7.4895645241213063e-14
0.8165,0,7.2242212212358941e-14
0.81699999999999995,0,6.9666494795228573e-14
0.8175,0,6.7179595220068225e-14
0.81799999999999995,0,6.4792615717124138e-14
0.81850000000000001,0,6.2483351825903805e-14
0.81899999999999995,0,6.0262905776653492e-14
0.81950000000000001,0,5.8131277569373199e-14
0.81999999999999995,0,5.6066262743570405e-14
0.82050000000000001,0,5.4056759068998869e-14
0.82099999999999995,0,5.2147175466643601e-14
0.82150000000000001,0,5.0282000785273337e-14
0.82199999999999995,0,4.8505643945873087e-14
0.82250000000000001,0,4.6762593797211592e-14
0.82299999999999995,0,4.508615703002761e-14
0.82350000000000001,0,4.3476333644321133e-14
0.82399999999999995,0,4.1933123640092161e-14
0.82450000000000001,0,4.0445424787094454e-14
0.82499999999999996,0,3.8991032624835496e-14
0.82550000000000001,0,3.7603253844054051e-14
0.82599999999999996,0,3.6259883984257615e-14
0.82650000000000001,0,3.4960923045446177e-14
0.82699999999999996,0,3.3728575488112257e-14
0.82750000000000001,0,3.2507330161024585e-14
0.82799999999999996,0,3.1352698215414418e-14
0.82850000000000001,0,3.0231372960543014e-14
0.82899999999999996,0,2.9154456626656613e-14
0.82950000000000002,0,2.8099744753262711e-14
0.82999999999999996,0,2.7100544031100071e-14
0.83050000000000002,0,2.6123547769429935e-14
0.83099999999999996,0,2.5179858198498552e-14
0.83150000000000002,0,2.425837308805967e-14
0.83199999999999996,0,2.3392399128852047e-14
0.83250000000000002,0,2.2548629630136929e-14
0.83299999999999996,0,2.1727064591914312e-14
0.83350000000000002,0,2.0938806244430452e-14
0.83399999999999996,0,2.0183854587685347e-14
0.83450000000000002,0,1.9451107391432741e-14
0.83499999999999996,0,1.8762769116165146e-14
0.83550000000000002,0,1.8085533071143801e-14
0.83599999999999997,0,1.7430501486614958e-14
0.83650000000000002,0,1.6819878823071122e-14
0.83699999999999997,0,1.6209256159527285e-14
0.83750000000000002,0,1.56097357262297e-14
0.83799999999999997,0,1.5065726444163373e-14
0.83850000000000002,0,1.4510614931850795e-14
0.83899999999999997,0,1.3988810110276972e-14
0.83950000000000002,0,1.3478107518949401e-14
0.83999999999999997,0,1.2989609388114332e-14
0.84050000000000002,0,1.2512213487525515e-14
0.84099999999999997,0,1.2057022047429199e-14
0.84150000000000003,0,1.1612932837579137e-14
0.84199999999999997,0,1.120215031846783e-14
0.84250000000000003,0,1.0791367799356522e-14
0.84299999999999997,0,1.0380585280245214e-14
0.84350000000000003,0,1.000310945187266e-14
0.84399999999999997,0,9.6367358537463585e-15
0.84450000000000003,0,9.281464485866308e-15
0.84499999999999997,0,8.9594998087250136e-15
0.84550000000000003,0,8.6264329013374666e-15
0.84599999999999997,0,8.3155704544424231e-15
0.84650000000000003,0,8.0158102377936305e-15
0.84699999999999998,0,7.7271522513910889e-15
0.84750000000000003,0,7.4384942649885488e-15
0.84799999999999998,0,7.1609385088322597e-15
0.84850000000000003,0,6.905587213168474e-15
0.84899999999999998,0,6.6391336872584358e-15
0.84950000000000003,0,6.3837823915946501e-15
0.84999999999999998,0,6.1506355564233671e-15
0.85050000000000003,0,5.917488721252084e-15
0.85099999999999998,0,5.6954441163270527e-15
0.85150000000000003,0,5.4956039718945249e-15
0.85199999999999998,0,5.3068660577082479e-15
0.85250000000000004,0,5.1181281435219718e-15
0.85299999999999998,0,4.9404924595819466e-15
0.85350000000000004,0,4.7739590058881731e-15
0.85399999999999998,0,4.5963233219481479e-15
0.85450000000000004,0,4.4408920985006262e-15
0.85499999999999998,0,4.2743586448068527e-15
0.85550000000000004,0,4.1078251911130792e-15
0.85599999999999998,0,3.9523939676655574e-15
0.85650000000000004,0,3.7969627442180357e-15
0.85699999999999998,0,3.6526337510167649e-15
0.85750000000000004,0,3.5194069880617462e-15
0.85799999999999998,0,3.3750779948604757e-15
0.85850000000000004,0,3.2640556923979601e-15
0.85899999999999999,0,3.1419311596891931e-15
0.85950000000000004,0,3.0198066269804257e-15
0.85999999999999999,0,2.9087843245179101e-15
0.86050000000000004,0,2.7977620220553944e-15
0.86099999999999999,0,2.6867397195928787e-15
0.86150000000000004,0,2.5868196473766148e-15
0.86199999999999999,0,2.4980018054066022e-15
0.86250000000000004,0,2.4091839634365896e-15
0.86299999999999999,0,2.320366121466577e-15
0.86350000000000005,0,2.2315482794965648e-15
0.86399999999999999,0,2.1538326677728035e-15
0.86450000000000005,0,2.0761170560490427e-15
0.86499999999999999,0,1.9984014443252818e-15
0.86550000000000005,0,1.9206858326015209e-15
0.86599999999999999,0,1.84297022087776e-15
0.86650000000000005,0,1.7874590696465022e-15
0.86699999999999999,0,1.7319479184152442e-15
0.86750000000000005,0,1.6764367671839863e-15
0.86799999999999999,0,1.609823385706477e-15
0.86850000000000005,0,1.5543122344752192e-15
0.86899999999999999,0,1.4988010832439613e-15
0.86950000000000005,0,1.454392162258955e-15
0.87,0,1.3988810110276972e-15
0.87050000000000005,0,1.3433698597964394e-15
0.871,0,1.2878587085651815e-15
0.87150000000000005,0,1.2434497875801752e-15
0.872,0,1.1990408665951691e-15
0.87250000000000005,0,1.1435297153639113e-15
0.873,0,1.1102230246251565e-15
0.87350000000000005,0,1.0769163338864018e-15
0.874,0,1.0436096431476472e-15
0.87450000000000006,0,1.0103029524088924e-15
0.875,0,9.7699626167013783e-16
0.87549999999999994,0,9.4368957093138306e-16
0.876,0,9.1038288019262828e-16
0.87649999999999995,0,8.7707618945387371e-16
0.877,0,8.5487172896137056e-16
0.87749999999999995,0,8.3266726846886741e-16
0.878,0,8.2156503822261588e-16
0.87849999999999995,0,7.9936057773011273e-16
0.879,0,7.7715611723760958e-16
0.87949999999999995,0,7.5495165674510643e-16
0.88,0,7.2164496600635175e-16
0.88049999999999995,0,6.994405055138486e-16
0.88100000000000001,0,6.550315845288424e-16
0.88149999999999995,0,6.3282712403633925e-16
0.88200000000000001,0,5.9952043329758457e-16
0.88249999999999995,0,5.662137425588298e-16
0.88300000000000001,0,5.5511151231257827e-16
0.88349999999999995,0,5.3290705182007512e-16
0.88400000000000001,0,5.1070259132757197e-16
0.88449999999999995,0,4.7739590058881729e-16
0.88500000000000001,0,4.6629367034256577e-16
0.88549999999999995,0,4.4408920985006262e-16
0.88600000000000001,0,4.3298697960381104e-16
0.88649999999999995,0,4.1078251911130794e-16
0.88700000000000001,0,3.8857805861880479e-16
0.88749999999999996,0,3.7747582837255321e-16
0.88800000000000001,0,3.6637359812630164e-16
0.88849999999999996,0,3.5527136788005011e-16
0.88900000000000001,0,3.4416913763379854e-16
0.88949999999999996,0,3.4416913763379854e-16
0.89000000000000001,0,3.2196467714129539e-16
0.89049999999999996,0,2.9976021664879229e-16
0.89100000000000001,0,2.8865798640254071e-16
0.89149999999999996,0,2.7755575615628914e-16
0.89200000000000002,0,2.5535129566378598e-16
0.89249999999999996,0,2.4424906541753446e-16
0.89300000000000002,0,2.4424906541753446e-16
0.89349999999999996,0,2.4424906541753446e-16
0.89400000000000002,0,2.4424906541753446e-16
0.89449999999999996,0,2.2204460492503131e-16
0.89500000000000002,0,2.1094237467877973e-16
0.89549999999999996,0,1.8873791418627661e-16
0.89600000000000002,0,1.7763568394002506e-16
0.89649999999999996,0,1.7763568394002506e-16
0.89700000000000002,0,1.5543122344752191e-16
0.89749999999999996,0,1.4432899320127036e-16
0.89800000000000002,0,1.3322676295501878e-16
0.89849999999999997,0,1.1102230246251565e-16
0.89900000000000002,0,1.1102230246251565e-16
0.89949999999999997,0,1.1102230246251565e-16
0.90000000000000002,0,1.1102230246251565e-16
0.90049999999999997,0,1.1102230246251565e-16
0.90100000000000002,0,9.9920072216264091e-17
0.90149999999999997,0,8.8817841970012528e-17
0.90200000000000002,0,6.661338147750939e-17
0.90249999999999997,0,6.661338147750939e-17
0.90300000000000002,0,6.661338147750939e-17
0.90349999999999997,0,6.661338147750939e-17
0.90400000000000003,0,6.661338147750939e-17
0.90449999999999997,0,6.661338147750939e-17
0.90500000000000003,0,6.661338147750939e-17
0.90549999999999997,0,5.5511151231257827e-17
0.90600000000000003,0,5.5511151231257827e-17
0.90649999999999997,0,5.5511151231257827e-17
0.90700000000000003,0,4.4408920985006264e-17
0.90749999999999997,0,4.4408920985006264e-17
0.90800000000000003,0,4.4408920985006264e-17
0.90849999999999997,0,4.4408920985006264e-17
0.90900000000000003,0,4.4408920985006264e-17
0.90949999999999998,0,4.4408920985006264e-17
0.91000000000000003,0,4.4408920985006264e-17
0.91049999999999998,0,4.4408920985006264e-17
0.91100000000000003,0,3.3306690738754695e-17
0.91149999999999998,0,3.3306690738754695e-17
0.91200000000000003,0,3.3306690738754695e-17
0.91249999999999998,0,3.3306690738754695e-17
0.91300000000000003,0,3.3306690738754695e-17
0.91349999999999998,0,3.3306690738754695e-17
0.91400000000000003,0,3.3306690738754695e-17
0.91449999999999998,0,3.3306690738754695e-17
0.91500000000000004,0,3.3306690738754695e-17
0.91549999999999998,0,3.3306690738754695e-17
0.91600000000000004,0,3.3306690738754695e-17
0.91649999999999998,0,3.3306690738754695e-17
0.91700000000000004,0,3.3306690738754695e-17
0.91749999999999998,0,2.2204460492503132e-17
0.91800000000000004,0,2.2204460492503132e-17
0.91849999999999998,0,2.2204460492503132e-17
0.91900000000000004,0,2.2204460492503132e-17
0.91949999999999998,0,2.2204460492503132e-17
0.92000000000000004,0,2.2204460492503132e-17
0.92049999999999998,0,2.2204460492503132e-17
0.92100000000000004,0,2.2204460492503132e-17
0.92149999999999999,0,2.2204460492503132e-17
0.92200000000000004,0,1.1102230246251566e-17
0.92249999999999999,0,1.1102230246251566e-17
0.92300000000000004,0,1.1102230246251566e-17
0.92349999999999999,0,1.1102230246251566e-17
0.92400000000000004,0,1.1102230246251566e-17
0.92449999999999999,0,1.1102230246251566e-17
0.92500000000000004,0,1.1102230246251566e-17
0.92549999999999999,0,1.1102230246251566e-17
0.92600000000000005,0,1.1102230246251566e-17
0.92649999999999999,0,1.1102230246251566e-17
0.92700000000000005,0,1.1102230246251566e-17
0.92749999999999999,0,1.1102230246251566e-17
0.92800000000000005,0,1.1102230246251566e-17
0.92849999999999999,0,1.1102230246251566e-17
0.92900000000000005,0,1.1102230246251566e-17
0.92949999999999999,0,1.1102230246251566e-17
0.93000000000000005,0,1.1102230246251566e-17
0.93049999999999999,0,1.1102230246251566e-17
0.93100000000000005,0,1.1102230246251566e-17
0.93149999999999999,0,1.1102230246251566e-17
0.93200000000000005,0,1.1102230246251566e-17
0.9325,0,0
0.93300000000000005,0,0
0.9335,0,0
0.93400000000000005,0,0
0.9345,0,0
0.93500000000000005,0,0
0.9355,0,0
0.93600000000000005,0,0
0.9365,0,0
0.93700000000000006,0,0
0.9375,0,0
0.93799999999999994,0,0
0.9385,0,0
0.93899999999999995,0,0
0.9395,0,0
0.93999999999999995,0,0
0.9405,0,0
0.94099999999999995,0,0
0.9415,0,0
0.94199999999999995,0,0
0.9425,0,0
0.94299999999999995,0,0
0.94350000000000001,0,0
0.94399999999999995,0,0
0.94450000000000001,0,0
0.94499999999999995,0,0
0.94550000000000001,0,0
0.94599999999999995,0,0
0.94650000000000001,0,0
0.94699999999999995,0,0
0.94750000000000001,0,0
0.94799999999999995,0,0
0.94850000000000001,0,0
0.94899999999999995,0,0
0.94950000000000001,0,0
0.94999999999999996,0,0
0.95050000000000001,0,0
0.95099999999999996,0,0
0.95150000000000001,0,0
0.95199999999999996,0,0
0.95250000000000001,0,0
0.95299999999999996,0,0
0.95350000000000001,0,0
0.95399999999999996,0,0
0.95450000000000002,0,0
0.95499999999999996,0,0
0.95550000000000002,0,0
0.95599999999999996,0,0
0.95650000000000002,0,0
0.95699999999999996,0,0
0.95750000000000002,0,0
0.95799999999999996,0,0
0.95850000000000002,0,0
0.95899999999999996,0,0
0.95950000000000002,0,0
0.95999999999999996,0,0
0.96050000000000002,0,0
0.96099999999999997,0,0
0.96150000000000002,0,0
0.96199999999999997,0,0
0.96250000000000002,0,0
0.96299999999999997,0,0
0.96350000000000002,0,0
0.96399999999999997,0,0
0.96450000000000002,0,0
0.96499999999999997,0,0
0.96550000000000002,0,0
0.96599999999999997,0,0
0.96650000000000003,0,0
0.96699999999999997,0,0
0.96750000000000003,0,0
0.96799999999999997,0,0
0.96850000000000003,0,0
0.96899999999999997,0,0
0.96950000000000003,0,0
0.96999999999999997,0,0
0.97050000000000003,0,0
0.97099999999999997,0,0
0.97150000000000003,0,0
0.97199999999999998,0,0
0.97250000000000003,0,0
0.97299999999999998,0,0
0.97350000000000003,0,0
0.97399999999999998,0,0
0.97450000000000003,0,0
0.97499999999999998,0,0
0.97550000000000003,0,0
0.97599999999999998,0,0
0.97650000000000003,0,0
0.97699999999999998,0,0
0.97750000000000004,0,0
0.97799999999999998,0,0
0.97850000000000004,0,0
0.97899999999999998,0,0
0.97950000000000004,0,0
0.97999999999999998,0,0
0.98050000000000004,0,0
0.98099999999999998,0,0
0.98150000000000004,0,0
0.98199999999999998,0,0
0.98250000000000004,0,0
0.98299999999999998,0,0
0.98350000000000004,0,0
0.98399999999999999,0,0
0.98450000000000004,0,0
0.98499999999999999,0,0
0.98550000000000004,0,0
0.98599999999999999,0,0
0.98650000000000004,0,0
0.98699999999999999,0,0
0.98750000000000004,0,0
0.98799999999999999,0,0
0.98850000000000005,0,0
0.98899999999999999,0,0
0.98950000000000005,0,0
0.98999999999999999,0,0
0.99050000000000005,0,0
0.99099999999999999,0,0
0.99150000000000005,0,0
0.99199999999999999,0,0
0.99250000000000005,0,0
0.99299999999999999,0,0
0.99350000000000005,0,0
0.99399999999999999,0,0
0.99450000000000005,0,0
0.995,0,0
0.99550000000000005,0,0
0.996,0,0
0.99650000000000005,0,0
0.997,0,0
0.99750000000000005,0,0
0.998,0,0
0.99850000000000005,0,0
0.999,0,0
0.99950000000000006,0,0
1,0,0
1.0004999999999999,0,0
1.0009999999999999,0,0
1.0015000000000001,0,0
1.002,0,0
1.0024999999999999,0,0
1.0029999999999999,0,0
1.0035000000000001,0,0
1.004,0,0
1.0044999999999999,0,0
1.0049999999999999,0,0
1.0055000000000001,0,0
1.006,0,0
1.0065,0,0
1.0069999999999999,0,0
1.0075000000000001,0,0
1.008,0,0
1.0085,0,0
1.0089999999999999,0,0
1.0095000000000001,0,0
1.01,0,0
1.0105,0,0
1.0109999999999999,0,0
1.0115000000000001,0,0
1.012,0,0
1.0125,0,0
1.0129999999999999,0,0
1.0135000000000001,0,0
1.014,0,0
1.0145,0,0
1.0149999999999999,0,0
1.0155000000000001,0,0
1.016,0,0
1.0165,0,0
1.0169999999999999,0,0
1.0175000000000001,0,0
1.018,0,0
1.0185,0,0
1.0189999999999999,0,0
1.0195000000000001,0,0
1.02,0,0
1.0205,0,0
1.0209999999999999,0,0
1.0215000000000001,0,0
1.022,0,0
1.0225,0,0
1.0229999999999999,0,0
1.0235000000000001,0,0
1.024,0,0
1.0245,0,0
1.0249999999999999,0,0
1.0255000000000001,0,0
1.026,0,0
1.0265,0,0
1.0269999999999999,0,0
1.0275000000000001,0,0
1.028,0,0
1.0285,0,0
1.0289999999999999,0,0
1.0295000000000001,0,0
1.03,0,0
1.0305,0,0
1.0309999999999999,0,0
1.0315000000000001,0,0
1.032,0,0
1.0325,0,0
1.0329999999999999,0,0
1.0335000000000001,0,0
1.034,0,0
1.0345,0,0
1.0349999999999999,0,0
1.0355000000000001,0,0
1.036,0,0
1.0365,0,0
1.0369999999999999,0,0
1.0375000000000001,0,0
1.038,0,0
1.0385,0,0
1.0389999999999999,0,0
1.0395000000000001,0,0
1.04,0,0
1.0405,0,0
1.0409999999999999,0,0
1.0415000000000001,0,0
1.042,0,0
1.0425,0,0
1.0429999999999999,0,0
1.0435000000000001,0,0
1.044,0,0
1.0445,0,0
1.0449999999999999,0,0
1.0455000000000001,0,0
1.046,0,0
1.0465,0,0
1.0469999999999999,0,0
1.0475000000000001,0,0
1.048,0,0
1.0485,0,0
1.0489999999999999,0,0
1.0495000000000001,0,0
1.05,0,0
1.0505,0,0
1.0509999999999999,0,0
1.0515000000000001,0,0
1.052,0,0
1.0525,0,0
1.0529999999999999,0,0
1.0535000000000001,0,0
1.054,0,0
1.0545,0,0
1.0549999999999999,0,0
1.0555000000000001,0,0
1.056,0,0
1.0565,0,0
1.0569999999999999,0,0
1.0575000000000001,0,0
1.0580000000000001,0,0
1.0585,0,0
1.0589999999999999,0,0
1.0595000000000001,0,0
1.0600000000000001,0,0
1.0605,0,0
1.0609999999999999,0,0
1.0615000000000001,0,0
1.0620000000000001,0,0
1.0625,0,0
1.0629999999999999,0,0
1.0634999999999999,0,0
1.0640000000000001,0,0
1.0645,0,0
1.0649999999999999,0,0
1.0654999999999999,0,0
1.0660000000000001,0,0
1.0665,0,0
1.0669999999999999,0,0
1.0674999999999999,0,0
1.0680000000000001,0,0
1.0685,0,0
1.069,0,0
1.0694999999999999,0,0
1.0700000000000001,0,0
1.0705,0,0
1.071,0,0
1.0714999999999999,0,0
1.0720000000000001,0,0
1.0725,0,0
1.073,0,0
1.0734999999999999,0,0
1.0740000000000001,0,0
1.0745,0,0
1.075,0,0
1.0754999999999999,0,0
1.0760000000000001,0,0
1.0765,0,0
1.077,0,0
1.0774999999999999,0,0
1.0780000000000001,0,0
1.0785,0,0
1.079,0,0
1.0794999999999999,0,0
1.0800000000000001,0,0
1.0805,0,0
1.081,0,0
1.0814999999999999,0,0
1.0820000000000001,0,0
1.0825,0,0
1.083,0,0
1.0834999999999999,0,0
1.0840000000000001,0,0
1.0845,0,0
1.085,0,0
1.0854999999999999,0,0
1.0860000000000001,0,0
1.0865,0,0
1.087,0,0
1.0874999999999999,0,0
1.0880000000000001,0,0
1.0885,0,0
1.089,0,0
1.0894999999999999,0,0
1.0900000000000001,0,0
1.0905,0,0
1.091,0,0
1.0914999999999999,0,0
1.0920000000000001,0,0
1.0925,0,0
1.093,0,0
1.0934999999999999,0,0
1.0940000000000001,0,0
1.0945,0,0
1.095,0,0
1.0954999999999999,0,0
1.0960000000000001,0,0
1.0965,0,0
1.097,0,0
1.0974999999999999,0,0
1.0980000000000001,0,0
1.0985,0,0
1.099,0,0
1.0994999999999999,0,0
1.1000000000000001,0,0
1.1005,0,0
1.101,0,0
1.1014999999999999,0,0
1.1020000000000001,0,0
1.1025,0,0
1.103,0,0
1.1034999999999999,0,0
1.1040000000000001,0,0
1.1045,0,0
1.105,0,0
1.1054999999999999,0,0
1.1060000000000001,0,0
1.1065,0,0
1.107,0,0
1.1074999999999999,0,0
1.1080000000000001,0,0
1.1085,0,0
1.109,0,0
1.1094999999999999,0,0
1.1100000000000001,0,0
1.1105,0,0
1.111,0,0
1.1114999999999999,0,0
1.1120000000000001,0,0
1.1125,0,0
1.113,0,0
1.1134999999999999,0,0
1.1140000000000001,0,0
1.1145,0,0
1.115,0,0
1.1154999999999999,0,0
1.1160000000000001,0,0
1.1165,0,0
1.117,0,0
1.1174999999999999,0,0
1.1180000000000001,0,0
1.1185,0,0
1.119,0,0
1.1194999999999999,0,0
1.1200000000000001,0,0
1.1205000000000001,0,0
1.121,0,0
1.1214999999999999,0,0
1.1220000000000001,0,0
1.1225000000000001,0,0
1.123,0,0
1.1234999999999999,0,0
1.1240000000000001,0,0
1.1245000000000001,0,0
1.125,0,0
1.1254999999999999,0,0
1.1259999999999999,0,0
1.1265000000000001,0,0
1.127,0,0
1.1274999999999999,0,0
1.1279999999999999,0,0
1.1285000000000001,0,0
1.129,0,0
1.1294999999999999,0,0
1.1299999999999999,0,0
1.1305000000000001,0,0
1.131,0,0
1.1315,0,0
1.1319999999999999,0,0
1.1325000000000001,0,0
1.133,0,0
1.1335,0,0
1.1339999999999999,0,0
1.1345000000000001,0,0
1.135,0,0
1.1355,0,0
1.1359999999999999,0,0
1.1365000000000001,0,0
1.137,0,0
1.1375,0,0
1.1379999999999999,0,0
1.1385000000000001,0,0
1.139,0,0
1.1395,0,0
1.1399999999999999,0,0
1.1405000000000001,0,0
1.141,0,0
1.1415,0,0
1.1419999999999999,0,0
1.1425000000000001,0,0
1.143,0,0
1.1435,0,0
1.1439999999999999,0,0
1.1445000000000001,0,0
1.145,0,0
1.1455,0,0
1.1459999999999999,0,0
1.1465000000000001,0,0
1.147,0,0
1.1475,0,0
1.1479999999999999,0,0
1.1485000000000001,0,0
1.149,0,0
1.1495,0,0
1.1499999999999999,0,0
1.1505000000000001,0,0
1.151,0,0
1.1515,0,0
1.1519999999999999,0,0
1.1525000000000001,0,0
1.153,0,0
1.1535,0,0
1.1539999999999999,0,0
1.1545000000000001,0,0
1.155,0,0
1.1555,0,0
1.1559999999999999,0,0
1.1565000000000001,0,0
1.157,0,0
1.1575,0,0
1.1579999999999999,0,0
1.1585000000000001,0,0
1.159,0,0
1.1595,0,0
1.1599999999999999,0,0
1.1605000000000001,0,0
1.161,0,0
1.1615,0,0
1.1619999999999999,0,0
1.1625000000000001,0,0
1.163,0,0
1.1635,0,0
1.1639999999999999,0,0
1.1645000000000001,0,0
1.165,0,0
1.1655,0,0
1.1659999999999999,0,0
1.1665000000000001,0,0
1.167,0,0
1.1675,0,0
1.1679999999999999,0,0
1.1685000000000001,0,0
1.169,0,0
1.1695,0,0
1.1699999999999999,0,0
1.1705000000000001,0,0
1.171,0,0
1.1715,0,0
1.1719999999999999,0,0
1.1725000000000001,0,0
1.173,0,0
1.1735,0,0
1.1739999999999999,0,0
1.1745000000000001,0,0
1.175,0,0
1.1755,0,0
1.1759999999999999,0,0
1.1765000000000001,0,0
1.177,0,0
1.1775,0,0
1.1779999999999999,0,0
1.1785000000000001,0,0
1.179,0,0
1.1795,0,0
1.1799999999999999,0,0
1.1805000000000001,0,0
1.181,0,0
1.1815,0,0
1.1819999999999999,0,0
1.1825000000000001,0,0
1.1830000000000001,0,0
1.1835,0,0
1.1839999999999999,0,0
1.1845000000000001,0,0
1.1850000000000001,0,0
1.1855,0,0
1.1859999999999999,0,0
1.1865000000000001,0,0
1.1870000000000001,0,0
1.1875,0,0
1.1879999999999999,0,0
1.1884999999999999,0,0
1.1890000000000001,0,0
1.1895,0,0
1.1899999999999999,0,0
1.1904999999999999,0,0
1.1910000000000001,0,0
1.1915,0,0
1.1919999999999999,0,0
1.1924999999999999,0,0
1.1930000000000001,0,0
1.1935,0,0
1.194,0,0
1.1944999999999999,0,0
1.1950000000000001,0,0
1.1955,0,0
1.196,0,0
1.1964999999999999,0,0
1.1970000000000001,0,0
1.1975,0,0
1.198,0,0
1.1984999999999999,0,0
1.1990000000000001,0,0
1.1995,0,0
1.2,0,0
1.2004999999999999,0,0
1.2010000000000001,0,0
1.2015,0,0
1.202,0,0
1.2024999999999999,0,0
1.2030000000000001,0,0
1.2035,0,0
1.204,0,0
1.2044999999999999,0,0
1.2050000000000001,0,0
1.2055,0,0
1.206,0,0
1.2064999999999999,0,0
1.2070000000000001,0,0
1.2075,0,0
1.208,0,0
1.2084999999999999,0,0
1.2090000000000001,0,0
1.2095,0,0
1.21,0,0
1.2104999999999999,0,0
1.2110000000000001,0,0
1.2115,0,0
1.212,0,0
1.2124999999999999,0,0
1.2130000000000001,0,0
1.2135,0,0
1.214,0,0
1.2144999999999999,0,0
1.2150000000000001,0,0
1.2155,0,0
1.216,0,0
1.2164999999999999,0,0
1.2170000000000001,0,0
1.2175,0,0
1.218,0,0
1.2184999999999999,0,0
1.2190000000000001,0,0
1.2195,0,0
1.22,0,0
1.2204999999999999,0,0
1.2210000000000001,0,0
1.2215,0,0
1.222,0,0
1.2224999999999999,0,0
1.2230000000000001,0,0
1.2235,0,0
1.224,0,0
1.2244999999999999,0,0
1.2250000000000001,0,0
1.2255,0,0
1.226,0,0
1.2264999999999999,0,0
1.2270000000000001,0,0
1.2275,0,0
1.228,0,0
1.2284999999999999,0,0
1.2290000000000001,0,0
1.2295,0,0
1.23,0,0
1.2304999999999999,0,0
1.2310000000000001,0,0
1.2315,0,0
1.232,0,0
1.2324999999999999,0,0
1.2330000000000001,0,0
1.2335,0,0
1.234,0,0
1.2344999999999999,0,0
1.2350000000000001,0,0
1.2355,0,0
1.236,0,0
1.2364999999999999,0,0
1.2370000000000001,0,0
1.2375,0,0
1.238,0,0
1.2384999999999999,0,0
1.2390000000000001,0,0
1.2395,0,0
1.24,0,0
1.2404999999999999,0,0
1.2410000000000001,0,0
1.2415,0,0
1.242,0,0
1.2424999999999999,0,0
1.2430000000000001,0,0
1.2435,0,0
1.244,0,0
1.2444999999999999,0,0
1.2450000000000001,0,0
1.2455000000000001,0,0
1.246,0,0
1.2464999999999999,0,0
1.2470000000000001,0,0
1.2475000000000001,0,0
1.248,0,0
1.2484999999999999,0,0
1.2490000000000001,0,0
1.2495000000000001,0,0
1.25,0,0
1.2504999999999999,0,0
1.2509999999999999,0,0
1.2515000000000001,0,0
1.252,0,0
1.2524999999999999,0,0
1.2529999999999999,0,0
1.2535000000000001,0,0
1.254,0,0
1.2544999999999999,0,0
1.2549999999999999,0,0
1.2555000000000001,0,0
1.256,0,0
1.2565,0,0
1.2569999999999999,0,0
1.2575000000000001,0,0
1.258,0,0
1.2585,0,0
1.2589999999999999,0,0
1.2595000000000001,0,0
1.26,0,0
1.2605,0,0
1.2609999999999999,0,0
1.2615000000000001,0,0
1.262,0,0
1.2625,0,0
1.2629999999999999,0,0
1.2635000000000001,0,0
1.264,0,0
1.2645,0,0
1.2649999999999999,0,0
1.2655000000000001,0,0
1.266,0,0
1.2665,0,0
1.2669999999999999,0,0
1.2675000000000001,0,0
1.268,0,0
1.2685,0,0
1.2689999999999999,0,0
1.2695000000000001,0,0
1.27,0,0
1.2705,0,0
1.2709999999999999,0,0
1.2715000000000001,0,0
1.272,0,0
1.2725,0,0
1.2729999999999999,0,0
1.2735000000000001,0,0
1.274,0,0
1.2745,0,0
1.2749999999999999,0,0
1.2755000000000001,0,0
1.276,0,0
1.2765,0,0
1.2769999999999999,0,0
1.2775000000000001,0,0
1.278,0,0
1.2785,0,0
1.2789999999999999,0,0
1.2795000000000001,0,0
1.28,0,0
1.2805,0,0
1.2809999999999999,0,0
1.2815000000000001,0,0
1.282,0,0
1.2825,0,0
1.2829999999999999,0,0
1.2835000000000001,0,0
1.284,0,0
1.2845,0,0
1.2849999999999999,0,0
1.2855000000000001,0,0
1.286,0,0
1.2865,0,0
1.2869999999999999,0,0
1.2875000000000001,0,0
1.288,0,0
1.2885,0,0
1.2889999999999999,0,0
1.2895000000000001,0,0
1.29,0,0
1.2905,0,0
1.2909999999999999,0,0
1.2915000000000001,0,0
1.292,0,0
1.2925,0,0
1.2929999999999999,0,0
1.2935000000000001,0,0
1.294,0,0
1.2945,0,0
1.2949999999999999,0,0
1.2955000000000001,0,0
1.296,0,0
1.2965,0,0
1.2969999999999999,0,0
1.2975000000000001,0,0
1.298,0,0
1.2985,0,0
1.2989999999999999,0,0
1.2995000000000001,0,0
1.3,0,0
1.3005,0,0
1.3009999999999999,0,0
1.3015000000000001,0,0
1.302,0,0
1.3025,0,0
1.3029999999999999,0,0
1.3035000000000001,0,0
1.304,0,0
1.3045,0,0
1.3049999999999999,0,0
1.3055000000000001,0,0
1.306,0,0
1.3065,0,0
1.3069999999999999,0,0
1.3075000000000001,0,0
1.3080000000000001,0,0
1.3085,0,0
1.3089999999999999,0,0
1.3095000000000001,0,0
1.3100000000000001,0,0
1.3105,0,0
1.3109999999999999,0,0
1.3115000000000001,0,0
1.3120000000000001,0,0
1.3125,0,0
1.3129999999999999,0,0
1.3134999999999999,0,0
1.3140000000000001,0,0
1.3145,0,0
1.3149999999999999,0,0
1.3154999999999999,0,0
1.3160000000000001,0,0
1.3165,0,0
1.3169999999999999,0,0
1.3174999999999999,0,0
1.3180000000000001,0,0
1.3185,0,0
1.319,0,0
1.3194999999999999,0,0
1.3200000000000001,0,0
1.3205,0,0
1.321,0,0
1.3214999999999999,0,0
1.3220000000000001,0,0
1.3225,0,0
1.323,0,0
1.3234999999999999,0,0
1.3240000000000001,0,0
1.3245,0,0
1.325,0,0
1.3254999999999999,0,0
1.3260000000000001,0,0
1.3265,0,0
1.327,0,0
1.3274999999999999,0,0
1.3280000000000001,0,0
1.3285,0,0
1.329,0,0
1.3294999999999999,0,0
1.3300000000000001,0,0
1.3305,0,0
1.331,0,0
1.3314999999999999,0,0
1.3320000000000001,0,0
1.3325,0,0
1.333,0,0
1.3334999999999999,0,0
1.3340000000000001,0,0
1.3345,0,0
1.335,0,0
1.3354999999999999,0,0
1.3360000000000001,0,0
1.3365,0,0
1.337,0,0
1.3374999999999999,0,0
1.3380000000000001,0,0
1.3385,0,0
1.339,0,0
1.3394999999999999,0,0
1.3400000000000001,0,0
1.3405,0,0
1.341,0,0
1.3414999999999999,0,0
1.3420000000000001,0,0
1.3425,0,0
1.343,0,0
1.3434999999999999,0,0
1.3440000000000001,0,0
1.3445,0,0
1.345,0,0
1.3454999999999999,0,0
1.3460000000000001,0,0
1.3465,0,0
1.347,0,0
1.3474999999999999,0,0
1.3480000000000001,0,0
1.3485,0,0
1.349,0,0
1.3494999999999999,0,0
1.3500000000000001,0,0
1.3505,0,0
1.351,0,0
1.3514999999999999,0,0
1.3520000000000001,0,0
1.3525,0,0
1.353,0,0
1.3534999999999999,0,0
1.3540000000000001,0,0
1.3545,0,0
1.355,0,0
1.3554999999999999,0,0
1.3560000000000001,0,0
1.3565,0,0
1.357,0,0
1.3574999999999999,0,0
1.3580000000000001,0,0
1.3585,0,0
1.359,0,0
1.3594999999999999,0,0
1.3600000000000001,0,0
1.3605,0,0
1.361,0,0
1.3614999999999999,0,0
1.3620000000000001,0,0
1.3625,0,0
1.363,0,0
1.3634999999999999,0,0
1.3640000000000001,0,0
1.3645,0,0
1.365,0,0
1.3654999999999999,0,0
1.3660000000000001,0,0
1.3665,0,0
1.367,0,0
1.3674999999999999,0,0
1.3680000000000001,0,0
1.3685,0,0
1.369,0,0
1.3694999999999999,0,0
1.3700000000000001,0,0
1.3705000000000001,0,0
1.371,0,0
1.3714999999999999,0,0
1.3720000000000001,0,0
1.3725000000000001,0,0
1.373,0,0
1.3734999999999999,0,0
1.3740000000000001,0,0
1.3745000000000001,0,0
1.375,0,0
1.3754999999999999,0,0
1.3759999999999999,0,0
1.3765000000000001,0,0
1.377,0,0
1.3774999999999999,0,0
1.3779999999999999,0,0
1.3785000000000001,0,0
1.379,0,0
1.3794999999999999,0,0
1.3799999999999999,0,0
1.3805000000000001,0,0
1.381,0,0
1.3815,0,0
1.3819999999999999,0,0
1.3825000000000001,0,0
1.383,0,0
1.3835,0,0
1.3839999999999999,0,0
1.3845000000000001,0,0
1.385,0,0
1.3855,0,0
1.3859999999999999,0,0
1.3865000000000001,0,0
1.387,0,0
1.3875,0,0
1.3879999999999999,0,0
1.3885000000000001,0,0
1.389,0,0
1.3895,0,0
1.3899999999999999,0,0
1.3905000000000001,0,0
1.391,0,0
1.3915,0,0
1.3919999999999999,0,0
1.3925000000000001,0,0
1.393,0,0
1.3935,0,0
1.3939999999999999,0,0
1.3945000000000001,0,0
1.395,0,0
1.3955,0,0
1.3959999999999999,0,0
1.3965000000000001,0,0
1.397,0,0
1.3975,0,0
1.3979999999999999,0,0
1.3985000000000001,0,0
1.399,0,0
1.3995,0,0
1.3999999999999999,0,0
1.4005000000000001,0,0
1.401,0,0
1.4015,0,0
1.4019999999999999,0,0
1.4025000000000001,0,0
1.403,0,0
1.4035,0,0
1.4039999999999999,0,0
1.4045000000000001,0,0
1.405,0,0
1.4055,0,0
1.4059999999999999,0,0
1.4065000000000001,0,0
1.407,0,0
1.4075,0,0
1.4079999999999999,0,0
1.4085000000000001,0,0
1.409,0,0
1.4095,0,0
1.4099999999999999,0,0
1.4105000000000001,0,0
1.411,0,0
1.4115,0,0
1.4119999999999999,0,0
1.4125000000000001,0,0
1.413,0,0
1.4135,0,0
1.4139999999999999,0,0
1.4145000000000001,0,0
1.415,0,0
1.4155,0,0
1.4159999999999999,0,0
1.4165000000000001,0,0
1.417,0,0
1.4175,0,0
1.4179999999999999,0,0
1.4185000000000001,0,0
1.419,0,0
1.4195,0,0
1.4199999999999999,0,0
1.4205000000000001,0,0
1.421,0,0
1.4215,0,0
1.4219999999999999,0,0
1.4225000000000001,0,0
1.423,0,0
1.4235,0,0
1.4239999999999999,0,0
1.4245000000000001,0,0
1.425,0,0
1.4255,0,0
1.4259999999999999,0,0
1.4265000000000001,0,0
1.427,0,0
1.4275,0,0
1.4279999999999999,0,0
1.4285000000000001,0,0
1.429,0,0
1.4295,0,0
1.4299999999999999,0,0
1.4305000000000001,0,0
1.431,0,0
1.4315,0,0
1.4319999999999999,0,0
1.4325000000000001,0,0
1.4330000000000001,0,0
1.4335,0,0
1.4339999999999999,0,0
1.4345000000000001,0,0
1.4350000000000001,0,0
1.4355,0,0
1.4359999999999999,0,0
1.4365000000000001,0,0
1.4370000000000001,0,0
1.4375,0,0
1.4379999999999999,0,0
1.4384999999999999,0,0
1.4390000000000001,0,0
1.4395,0,0
1.4399999999999999,0,0
1.4404999999999999,0,0
1.4410000000000001,0,0
1.4415,0,0
1.4419999999999999,0,0
1.4424999999999999,0,0
1.4430000000000001,0,0
1.4435,0,0
1.444,0,0
1.4444999999999999,0,0
1.4450000000000001,0,0
1.4455,0,0
1.446,0,0
1.4464999999999999,0,0
1.4470000000000001,0,0
1.4475,0,0
1.448,0,0
1.4484999999999999,0,0
1.4490000000000001,0,0
1.4495,0,0
1.45,0,0
1.4504999999999999,0,0
1.4510000000000001,0,0
1.4515,0,0
1.452,0,0
1.4524999999999999,0,0
1.4530000000000001,0,0
1.4535,0,0
1.454,0,0
1.4544999999999999,0,0
1.4550000000000001,0,0
1.4555,0,0
1.456,0,0
1.4564999999999999,0,0
1.4570000000000001,0,0
1.4575,0,0
1.458,0,0
1.4584999999999999,0,0
1.4590000000000001,0,0
1.4595,0,0
1.46,0,0
1.4604999999999999,0,0
1.4610000000000001,0,0
1.4615,0,0
1.462,0,0
1.4624999999999999,0,0
1.4630000000000001,0,0
1.4635,0,0
1.464,0,0
1.4644999999999999,0,0
1.4650000000000001,0,0
1.4655,0,0
1.466,0,0
1.4664999999999999,0,0
1.4670000000000001,0,0
1.4675,0,0
1.468,0,0
1.4684999999999999,0,0
1.4690000000000001,0,0
1.4695,0,0
1.47,0,0
1.4704999999999999,0,0
1.4710000000000001,0,0
1.4715,0,0
1.472,0,0
1.4724999999999999,0,0
1.4730000000000001,0,0
1.4735,0,0
1.474,0,0
1.4744999999999999,0,0
1.4750000000000001,0,0
1.4755,0,0
1.476,0,0
1.4764999999999999,0,0
1.4770000000000001,0,0
1.4775,0,0
1.478,0,0
1.4784999999999999,0,0
1.4790000000000001,0,0
1.4795,0,0
1.48,0,0
1.4804999999999999,0,0
1.4810000000000001,0,0
1.4815,0,0
1.482,0,0
1.4824999999999999,0,0
1.4830000000000001,0,0
1.4835,0,0
1.484,0,0
1.4844999999999999,0,0
1.4850000000000001,0,0
1.4855,0,0
1.486,0,0
1.4864999999999999,0,0
1.4870000000000001,0,0
1.4875,0,0
1.488,0,0
1.4884999999999999,0,0
1.4890000000000001,0,0
1.4895,0,0
1.49,0,0
1.4904999999999999,0,0
1.4910000000000001,0,0
1.4915,0,0
1.492,0,0
1.4924999999999999,0,0
1.4930000000000001,0,0
1.4935,0,0
1.494,0,0
1.4944999999999999,0,0
1.4950000000000001,0,0
1.4955000000000001,0,0
1.496,0,0
1.4964999999999999,0,0
1.4970000000000001,0,0
1.4975000000000001,0,0
1.498,0,0
1.4984999999999999,0,0
1.4990000000000001,0,0
1.4995000000000001,0,0
1.5,0,0
1.5004999999999999,0,0
1.5009999999999999,0,0
1.5015000000000001,0,0
1.502,0,0
1.5024999999999999,0,0
1.5029999999999999,0,0
1.5035000000000001,0,0
1.504,0,0
1.5044999999999999,0,0
1.5049999999999999,0,0
1.5055000000000001,0,0
1.506,0,0
1.5065,0,0
1.5069999999999999,0,0
1.5075000000000001,0,0
1.508,0,0
1.5085,0,0
1.5089999999999999,0,0
1.5095000000000001,0,0
1.51,0,0
1.5105,0,0
1.5109999999999999,0,0
1.5115000000000001,0,0
1.512,0,0
1.5125,0,0
1.5129999999999999,0,0
1.5135000000000001,0,0
1.514,0,0
1.5145,0,0
1.5149999999999999,0,0
1.5155000000000001,0,0
1.516,0,0
1.5165,0,0
1.5169999999999999,0,0
1.5175000000000001,0,0
1.518,0,0
1.5185,0,0
1.5189999999999999,0,0
1.5195000000000001,0,0
1.52,0,0
1.5205,0,0
1.5209999999999999,0,0
1.5215000000000001,0,0
1.522,0,0
1.5225,0,0
1.5229999999999999,0,0
1.5235000000000001,0,0
1.524,0,0
1.5245,0,0
1.5249999999999999,0,0
1.5255000000000001,0,0
1.526,0,0
1.5265,0,0
1.5269999999999999,0,0
1.5275000000000001,0,0
1.528,0,0
1.5285,0,0
1.5289999999999999,0,0
1.5295000000000001,0,0
1.53,0,0
1.5305,0,0
1.5309999999999999,0,0
1.5315000000000001,0,0
1.532,0,0
1.5325,0,0
1.5329999999999999,0,0
1.5335000000000001,0,0
1.534,0,0
1.5345,0,0
1.5349999999999999,0,0
1.5355000000000001,0,0
1.536,0,0
1.5365,0,0
1.5369999999999999,0,0
1.5375000000000001,0,0
1.538,0,0
1.5385,0,0
1.5389999999999999,0,0
1.5395000000000001,0,0
1.54,0,0
1.5405,0,0
1.5409999999999999,0,0
1.5415000000000001,0,0
1.542,0,0
1.5425,0,0
1.5429999999999999,0,0
1.5435000000000001,0,0
1.544,0,0
1.5445,0,0
1.5449999999999999,0,0
1.5455000000000001,0,0
1.546,0,0
1.5465,0,0
1.5469999999999999,0,0
1.5475000000000001,0,0
1.548,0,0
1.5485,0,0
1.5489999999999999,0,0
1.5495000000000001,0,0
1.55,0,0
1.5505,0,0
1.5509999999999999,0,0
1.5515000000000001,0,0
1.552,0,0
1.5525,0,0
1.5529999999999999,0,0
1.5535000000000001,0,0
1.554,0,0
1.5545,0,0
1.5549999999999999,0,0
1.5555000000000001,0,0
1.556,0,0
1.5565,0,0
1.5569999999999999,0,0
1.5575000000000001,0,0
1.5580000000000001,0,0
1.5585,0,0
1.5589999999999999,0,0
1.5595000000000001,0,0
1.5600000000000001,0,0
1.5605,0,0
1.5609999999999999,0,0
1.5615000000000001,0,0
1.5620000000000001,0,0
1.5625,0,0
1.5629999999999999,0,0
1.5634999999999999,0,0
1.5640000000000001,0,0
1.5645,0,0
1.5649999999999999,0,0
1.5654999999999999,0,0
1.5660000000000001,0,0
1.5665,0,0
1.5669999999999999,0,0
1.5674999999999999,0,0
1.5680000000000001,0,0
1.5685,0,0
1.569,0,0
1.5694999999999999,0,0
1.5700000000000001,0,0
1.5705,0,0
1.571,0,0
1.5714999999999999,0,0
1.5720000000000001,0,0
1.5725,0,0
1.573,0,0
1.5734999999999999,0,0
1.5740000000000001,0,0
1.5745,0,0
1.575,0,0
1.5754999999999999,0,0
1.5760000000000001,0,0
1.5765,0,0
1.577,0,0
1.5774999999999999,0,0
1.5780000000000001,0,0
1.5785,0,0
1.579,0,0
1.5794999999999999,0,0
1.5800000000000001,0,0
1.5805,0,0
1.581,0,0
1.5814999999999999,0,0
1.5820000000000001,0,0
1.5825,0,0
1.583,0,0
1.5834999999999999,0,0
1.5840000000000001,0,0
1.5845,0,0
1.585,0,0
1.5854999999999999,0,0
1.5860000000000001,0,0
1.5865,0,0
1.587,0,0
1.5874999999999999,0,0
1.5880000000000001,0,0
1.5885,0,0
1.589,0,0
1.5894999999999999,0,0
1.5900000000000001,0,0
1.5905,0,0
1.591,0,0
1.5914999999999999,0,0
1.5920000000000001,0,0
1.5925,0,0
1.593,0,0
1.5934999999999999,0,0
1.5940000000000001,0,0
1.5945,0,0
1.595,0,0
1.5954999999999999,0,0
1.5960000000000001,0,0
1.5965,0,0
1.597,0,0
1.5974999999999999,0,0
1.5980000000000001,0,0
1.5985,0,0
1.599,0,0
1.5994999999999999,0,0
1.6000000000000001,0,0
1.6005,0,0
1.601,0,0
1.6014999999999999,0,0
1.6020000000000001,0,0
1.6025,0,0
1.603,0,0
1.6034999999999999,0,0
1.6040000000000001,0,0
1.6045,0,0
1.605,0,0
1.6054999999999999,0,0
1.6060000000000001,0,0
1.6065,0,0
1.607,0,0
1.6074999999999999,0,0
1.6080000000000001,0,0
1.6085,0,0
1.609,0,0
1.6094999999999999,0,0
1.6100000000000001,0,0
1.6105,0,0
1.611,0,0
1.6114999999999999,0,0
1.6120000000000001,0,0
1.6125,0,0
1.613,0,0
1.6134999999999999,0,0
1.6140000000000001,0,0
1.6145,0,0
1.615,0,0
1.6154999999999999,0,0
1.6160000000000001,0,0
1.6165,0,0
1.617,0,0
1.6174999999999999,0,0
1.6180000000000001,0,0
1.6185,0,0
1.619,0,0
1.6194999999999999,0,0
1.6200000000000001,0,0
1.6205000000000001,0,0
1.621,0,0
1.6214999999999999,0,0
1.6220000000000001,0,0
1.6225000000000001,0,0
1.623,0,0
1.6234999999999999,0,0
1.6240000000000001,0,0
1.6245000000000001,0,0
1.625,0,0
1.6254999999999999,0,0
1.6259999999999999,0,0
1.6265000000000001,0,0
1.627,0,0
1.6274999999999999,0,0
1.6279999999999999,0,0
1.6285000000000001,0,0
1.629,0,0
1.6294999999999999,0,0
1.6299999999999999,0,0
1.6305000000000001,0,0
1.631,0,0
1.6315,0,0
1.6319999999999999,0,0
1.6325000000000001,0,0
1.633,0,0
1.6335,0,0
1.6339999999999999,0,0
1.6345000000000001,0,0
1.635,0,0
1.6355,0,0
1.6359999999999999,0,0
1.6365000000000001,0,0
1.637,0,0
1.6375,0,0
1.6379999999999999,0,0
1.6385000000000001,0,0
1.639,0,0
1.6395,0,0
1.6399999999999999,0,0
1.6405000000000001,0,0
1.641,0,0
1.6415,0,0
1.6419999999999999,0,0
1.6425000000000001,0,0
1.643,0,0
1.6435,0,0
1.6439999999999999,0,0
1.6445000000000001,0,0
1.645,0,0
1.6455,0,0
1.6459999999999999,0,0
1.6465000000000001,0,0
1.647,0,0
1.6475,0,0
1.6479999999999999,0,0
1.6485000000000001,0,0
1.649,0,0
1.6495,0,0
1.6499999999999999,0,0
1.6505000000000001,0,0
1.651,0,0
1.6515,0,0
1.6519999999999999,0,0
1.6525000000000001,0,0
1.653,0,0
1.6535,0,0
1.6539999999999999,0,0
1.6545000000000001,0,0
1.655,0,0
1.6555,0,0
1.6559999999999999,0,0
1.6565000000000001,0,0
1.657,0,0
1.6575,0,0
1.6579999999999999,0,0
1.6585000000000001,0,0
1.659,0,0
1.6595,0,0
1.6599999999999999,0,0
1.6605000000000001,0,0
1.661,0,0
1.6615,0,0
1.6619999999999999,0,0
1.6625000000000001,0,0
1.663,0,0
1.6635,0,0
1.6639999999999999,0,0
1.6645000000000001,0,0
1.665,0,0
1.6655,0,0
1.6659999999999999,0,0
1.6665000000000001,0,0
1.667,0,0
1.6675,0,0
1.6679999999999999,0,0
1.6685000000000001,0,0
1.669,0,0
1.6695,0,0
1.6699999999999999,0,0
1.6705000000000001,0,0
1.671,0,0
1.6715,0,0
1.6719999999999999,0,0
1.6725000000000001,0,0
1.673,0,0
1.6735,0,0
1.6739999999999999,0,0
1.6745000000000001,0,0
1.675,0,0
1.6755,0,0
1.6759999999999999,0,0
1.6765000000000001,0,0
1.677,0,0
1.6775,0,0
1.6779999999999999,0,0
1.6785000000000001,0,0
1.679,0,0
1.6795,0,0
1.6799999999999999,0,0
1.6805000000000001,0,0
1.681,0,0
1.6815,0,0
1.6819999999999999,0,0
1.6825000000000001,0,0
1.6830000000000001,0,0
1.6835,0,0
1.6839999999999999,0,0
1.6845000000000001,0,0
1.6850000000000001,0,0
1.6855,0,0
1.6859999999999999,0,0
1.6865000000000001,0,0
1.6870000000000001,0,0
1.6875,0,0
1.6879999999999999,0,0
1.6884999999999999,0,0
1.6890000000000001,0,0
1.6895,0,0
1.6899999999999999,0,0
1.6904999999999999,0,0
1.6910000000000001,0,0
1.6915,0,0
1.6919999999999999,0,0
1.6924999999999999,0,0
1.6930000000000001,0,0
1.6935,0,0
1.694,0,0
1.6944999999999999,0,0
1.6950000000000001,0,0
1.6955,0,0
1.696,0,0
1.6964999999999999,0,0
1.6970000000000001,0,0
1.6975,0,0
1.698,0,0
1.6984999999999999,0,0
1.6990000000000001,0,0
1.6995,0,0
1.7,0,0
1.7004999999999999,0,0
1.7010000000000001,0,0
1.7015,0,0
1.702,0,0
1.7024999999999999,0,0
1.7030000000000001,0,0
1.7035,0,0
1.704,0,0
1.7044999999999999,0,0
1.7050000000000001,0,0
1.7055,0,0
1.706,0,0
1.7064999999999999,0,0
1.7070000000000001,0,0
1.7075,0,0
1.708,0,0
1.7084999999999999,0,0
1.7090000000000001,0,0
1.7095,0,0
1.71,0,0
1.7104999999999999,0,0
1.7110000000000001,0,0
1.7115,0,0
1.712,0,0
1.7124999999999999,0,0
1.7130000000000001,0,0
1.7135,0,0
1.714,0,0
1.7144999999999999,0,0
1.7150000000000001,0,0
1.7155,0,0
1.716,0,0
1.7164999999999999,0,0
1.7170000000000001,0,0
1.7175,0,0
1.718,0,0
1.7184999999999999,0,0
1.7190000000000001,0,0
1.7195,0,0
1.72,0,0
1.7204999999999999,0,0
1.7210000000000001,0,0
1.7215,0,0
1.722,0,0
1.7224999999999999,0,0
1.7230000000000001,0,0
1.7235,0,0
1.724,0,0
1.7244999999999999,0,0
1.7250000000000001,0,0
1.7255,0,0
1.726,0,0
1.7264999999999999,0,0
1.7270000000000001,0,0
1.7275,0,0
1.728,0,0
1.7284999999999999,0,0
1.7290000000000001,0,0
1.7295,0,0
1.73,0,0
1.7304999999999999,0,0
1.7310000000000001,0,0
1.7315,0,0
1.732,0,0
1.7324999999999999,0,0
1.7330000000000001,0,0
1.7335,0,0
1.734,0,0
1.7344999999999999,0,0
1.7350000000000001,0,0
1.7355,0,0
1.736,0,0
1.7364999999999999,0,0
1.7370000000000001,0,0
1.7375,0,0
1.738,0,0
1.7384999999999999,0,0
1.7390000000000001,0,0
1.7395,0,0
1.74,0,0
1.7404999999999999,0,0
1.7410000000000001,0,0
1.7415,0,0
1.742,0,0
1.7424999999999999,0,0
1.7430000000000001,0,0
1.7435,0,0
1.744,0,0
1.7444999999999999,0,0
1.7450000000000001,0,0
1.7455000000000001,0,0
1.746,0,0
1.7464999999999999,0,0
1.7470000000000001,0,0
1.7475000000000001,0,0
1.748,0,0
1.7484999999999999,0,0
1.7490000000000001,0,0
1.7495000000000001,0,0
1.75,0,0
1.7504999999999999,0,0
1.7509999999999999,0,0
1.7515000000000001,0,0
1.752,0,0
1.7524999999999999,0,0
1.7529999999999999,0,0
1.7535000000000001,0,0
1.754,0,0
1.7544999999999999,0,0
1.7549999999999999,0,0
1.7555000000000001,0,0
1.756,0,0
1.7565,0,0
1.7569999999999999,0,0
1.7575000000000001,0,0
1.758,0,0
1.7585,0,0
1.7589999999999999,0,0
1.7595000000000001,0,0
1.76,0,0
1.7605,0,0
1.7609999999999999,0,0
1.7615000000000001,0,0
1.762,0,0
1.7625,0,0
1.7629999999999999,0,0
1.7635000000000001,0,0
1.764,0,0
1.7645,0,0
1.7649999999999999,0,0
1.7655000000000001,0,0
1.766,0,0
1.7665,0,0
1.7669999999999999,0,0
1.7675000000000001,0,0
1.768,0,0
1.7685,0,0
1.7689999999999999,0,0
1.7695000000000001,0,0
1.77,0,0
1.7705,0,0
1.7709999999999999,0,0
1.7715000000000001,0,0
1.772,0,0
1.7725,0,0
1.7729999999999999,0,0
1.7735000000000001,0,0
1.774,0,0
1.7745,0,0
1.7749999999999999,0,0
1.7755000000000001,0,0
1.776,0,0
1.7765,0,0
1.7769999999999999,0,0
1.7775000000000001,0,0
1.778,0,0
1.7785,0,0
1.7789999999999999,0,0
1.7795000000000001,0,0
1.78,0,0
1.7805,0,0
1.7809999999999999,0,0
1.7815000000000001,0,0
1.782,0,0
1.7825,0,0
1.7829999999999999,0,0
1.7835000000000001,0,0
1.784,0,0
1.7845,0,0
1.7849999999999999,0,0
1.7855000000000001,0,0
1.786,0,0
1.7865,0,0
1.7869999999999999,0,0
1.7875000000000001,0,0
1.788,0,0
1.7885,0,0
1.7889999999999999,0,0
1.7895000000000001,0,0
1.79,0,0
1.7905,0,0
1.7909999999999999,0,0
1.7915000000000001,0,0
1.792,0,0
1.7925,0,0
1.7929999999999999,0,0
1.7935000000000001,0,0
1.794,0,0
1.7945,0,0
1.7949999999999999,0,0
1.7955000000000001,0,0
1.796,0,0
1.7965,0,0
1.7969999999999999,0,0
1.7975000000000001,0,0
1.798,0,0
1.7985,0,0
1.7989999999999999,0,0
1.7995000000000001,0,0
1.8,0,0
1.8005,0,0
1.8009999999999999,0,0
1.8015000000000001,0,0
1.802,0,0
1.8025,0,0
1.8029999999999999,0,0
1.8035000000000001,0,0
1.804,0,0
1.8045,0,0
1.8049999999999999,0,0
1.8055000000000001,0,0
1.806,0,0
1.8065,0,0
1.8069999999999999,0,0
1.8075000000000001,0,0
1.8080000000000001,0,0
1.8085,0,0
1.8089999999999999,0,0
1.8095000000000001,0,0
1.8100000000000001,0,0
1.8105,0,0
1.8109999999999999,0,0
1.8115000000000001,0,0
1.8120000000000001,0,0
1.8125,0,0
1.8129999999999999,0,0
1.8134999999999999,0,0
1.8140000000000001,0,0
1.8145,0,0
1.8149999999999999,0,0
1.8154999999999999,0,0
1.8160000000000001,0,0
1.8165,0,0
1.8169999999999999,0,0
1.8174999999999999,0,0
1.8180000000000001,0,0
1.8185,0,0
1.819,0,0
1.8194999999999999,0,0
1.8200000000000001,0,0
1.8205,0,0
1.821,0,0
1.8214999999999999,0,0
1.8220000000000001,0,0
1.8225,0,0
1.823,0,0
1.8234999999999999,0,0
1.8240000000000001,0,0
1.8245,0,0
1.825,0,0
1.8254999999999999,0,0
1.8260000000000001,0,0
1.8265,0,0
1.827,0,0
1.8274999999999999,0,0
1.8280000000000001,0,0
1.8285,0,0
1.829,0,0
1.8294999999999999,0,0
1.8300000000000001,0,0
1.8305,0,0
1.831,0,0
1.8314999999999999,0,0
1.8320000000000001,0,0
1.8325,0,0
1.833,0,0
1.8334999999999999,0,0
1.8340000000000001,0,0
1.8345,0,0
1.835,0,0
1.8354999999999999,0,0
1.8360000000000001,0,0
1.8365,0,0
1.837,0,0
1.8374999999999999,0,0
1.8380000000000001,0,0
1.8385,0,0
1.839,0,0
1.8394999999999999,0,0
1.8400000000000001,0,0
1.8405,0,0
1.841,0,0
1.8414999999999999,0,0
1.8420000000000001,0,0
1.8425,0,0
1.843,0,0
1.8434999999999999,0,0
1.8440000000000001,0,0
1.8445,0,0
1.845,0,0
1.8454999999999999,0,0
1.8460000000000001,0,0
1.8465,0,0
1.847,0,0
1.8474999999999999,0,0
1.8480000000000001,0,0
1.8485,0,0
1.849,0,0
1.8494999999999999,0,0
1.8500000000000001,0,0
1.8505,0,0
1.851,0,0
1.8514999999999999,0,0
1.8520000000000001,0,0
1.8525,0,0
1.853,0,0
1.8534999999999999,0,0
1.8540000000000001,0,0
1.8545,0,0
1.855,0,0
1.8554999999999999,0,0
1.8560000000000001,0,0
1.8565,0,0
1.857,0,0
1.8574999999999999,0,0
1.8580000000000001,0,0
1.8585,0,0
1.859,0,0
1.8594999999999999,0,0
1.8600000000000001,0,0
1.8605,0,0
1.861,0,0
1.8614999999999999,0,0
1.8620000000000001,0,0
1.8625,0,0
1.863,0,0
1.8634999999999999,0,0
1.8640000000000001,0,0
1.8645,0,0
1.865,0,0
1.8654999999999999,0,0
1.8660000000000001,0,0
1.8665,0,0
1.867,0,0
1.8674999999999999,0,0
1.8680000000000001,0,0
1.8685,0,0
1.869,0,0
1.8694999999999999,0,0
1.8700000000000001,0,0
1.8705000000000001,0,0
1.871,0,0
1.8714999999999999,0,0
1.8720000000000001,0,0
1.8725000000000001,0,0
1.873,0,0
1.8734999999999999,0,0
1.8740000000000001,0,0
1.8745000000000001,0,0
1.875,0,0
1.8754999999999999,0,0
1.8759999999999999,0,0
1.8765000000000001,0,0
1.877,0,0
1.8774999999999999,0,0
1.8779999999999999,0,0
1.8785000000000001,0,0
1.879,0,0
1.8794999999999999,0,0
1.8799999999999999,0,0
1.8805000000000001,0,0
1.881,0,0
1.8815,0,0
1.8819999999999999,0,0
1.8825000000000001,0,0
1.883,0,0
1.8835,0,0
1.8839999999999999,0,0
1.8845000000000001,0,0
1.885,0,0
1.8855,0,0
1.8859999999999999,0,0
1.8865000000000001,0,0
1.887,0,0
1.8875,0,0
1.8879999999999999,0,0
1.8885000000000001,0,0
1.889,0,0
1.8895,0,0
1.8899999999999999,0,0
1.8905000000000001,0,0
1.891,0,0
1.8915,0,0
1.8919999999999999,0,0
1.8925000000000001,0,0
1.893,0,0
1.8935,0,0
1.8939999999999999,0,0
1.8945000000000001,0,0
1.895,0,0
1.8955,0,0
1.8959999999999999,0,0
1.8965000000000001,0,0
1.897,0,0
1.8975,0,0
1.8979999999999999,0,0
1.8985000000000001,0,0
1.899,0,0
1.8995,0,0
1.8999999999999999,0,0
1.9005000000000001,0,0
1.901,0,0
1.9015,0,0
1.9019999999999999,0,0
1.9025000000000001,0,0
1.903,0,0
1.9035,0,0
1.9039999999999999,0,0
1.9045000000000001,0,0
1.905,0,0
1.9055,0,0
1.9059999999999999,0,0
1.9065000000000001,0,0
1.907,0,0
1.9075,0,0
1.9079999999999999,0,0
1.9085000000000001,0,0
1.909,0,0
1.9095,0,0
1.9099999999999999,0,0
1.9105000000000001,0,0
1.911,0,0
1.9115,0,0
1.9119999999999999,0,0
1.9125000000000001,0,0
1.913,0,0
1.9135,0,0
1.9139999999999999,0,0
1.9145000000000001,0,0
1.915,0,0
1.9155,0,0
1.9159999999999999,0,0
1.9165000000000001,0,0
1.917,0,0
1.9175,0,0
1.9179999999999999,0,0
1.9185000000000001,0,0
1.919,0,0
1.9195,0,0
1.9199999999999999,0,0
1.9205000000000001,0,0
1.921,0,0
1.9215,0,0
1.9219999999999999,0,0
1.9225000000000001,0,0
1.923,0,0
1.9235,0,0
1.9239999999999999,0,0
1.9245000000000001,0,0
1.925,0,0
1.9255,0,0
1.9259999999999999,0,0
1.9265000000000001,0,0
1.927,0,0
1.9275,0,0
1.9279999999999999,0,0
1.9285000000000001,0,0
1.929,0,0
1.9295,0,0
1.9299999999999999,0,0
1.9305000000000001,0,0
1.931,0,0
1.9315,0,0
1.9319999999999999,0,0
1.9325000000000001,0,0
1.9330000000000001,0,0
1.9335,0,0
1.9339999999999999,0,0
1.9345000000000001,0,0
1.9350000000000001,0,0
1.9355,0,0
1.9359999999999999,0,0
1.9365000000000001,0,0
1.9370000000000001,0,0
1.9375,0,0
1.9379999999999999,0,0
1.9384999999999999,0,0
1.9390000000000001,0,0
1.9395,0,0
1.9399999999999999,0,0
1.9404999999999999,0,0
1.9410000000000001,0,0
1.9415,0,0
1.9419999999999999,0,0
1.9424999999999999,0,0
1.9430000000000001,0,0
1.9435,0,0
1.944,0,0
1.9444999999999999,0,0
1.9450000000000001,0,0
1.9455,0,0
1.946,0,0
1.9464999999999999,0,0
1.9470000000000001,0,0
1.9475,0,0
1.948,0,0
1.9484999999999999,0,0
1.9490000000000001,0,0
1.9495,0,0
1.95,0,0
1.9504999999999999,0,0
1.9510000000000001,0,0
1.9515,0,0
1.952,0,0
1.9524999999999999,0,0
1.9530000000000001,0,0
1.9535,0,0
1.954,0,0
1.9544999999999999,0,0
1.9550000000000001,0,0
1.9555,0,0
1.956,0,0
1.9564999999999999,0,0
1.9570000000000001,0,0
1.9575,0,0
1.958,0,0
1.9584999999999999,0,0
1.9590000000000001,0,0
1.9595,0,0
1.96,0,0
1.9604999999999999,0,0
1.9610000000000001,0,0
1.9615,0,0
1.962,0,0
1.9624999999999999,0,0
1.9630000000000001,0,0
1.9635,0,0
1.964,0,0
1.9644999999999999,0,0
1.9650000000000001,0,0
1.9655,0,0
1.966,0,0
1.9664999999999999,0,0
1.9670000000000001,0,0
1.9675,0,0
1.968,0,0
1.9684999999999999,0,0
1.9690000000000001,0,0
1.9695,0,0
1.97,0,0
1.9704999999999999,0,0
1.9710000000000001,0,0
1.9715,0,0
1.972,0,0
1.9724999999999999,0,0
1.9730000000000001,0,0
1.9735,0,0
1.974,0,0
1.9744999999999999,0,0
1.9750000000000001,0,0
1.9755,0,0
1.976,0,0
1.9764999999999999,0,0
1.9770000000000001,0,0
1.9775,0,0
1.978,0,0
1.9784999999999999,0,0
1.9790000000000001,0,0
1.9795,0,0
1.98,0,0
1.9804999999999999,0,0
1.9810000000000001,0,0
1.9815,0,0
1.982,0,0
1.9824999999999999,0,0
1.9830000000000001,0,0
1.9835,0,0
1.984,0,0
1.9844999999999999,0,0
1.9850000000000001,0,0
1.9855,0,0
1.986,0,0
1.9864999999999999,0,0
1.9870000000000001,0,0
1.9875,0,0
1.988,0,0
1.9884999999999999,0,0
1.9890000000000001,0,0
1.9895,0,0
1.99,0,0
1.9904999999999999,0,0
1.9910000000000001,0,0
1.9915,0,0
1.992,0,0
1.9924999999999999,0,0
1.9930000000000001,0,0
1.9935,0,0
1.994,0,0
1.9944999999999999,0,0
1.9950000000000001,0,0
1.9955000000000001,0,0
1.996,0,0
1.9964999999999999,0,0
1.9970000000000001,0,0
1.9975000000000001,0,0
1.998,0,0
1.9984999999999999,0,0
1.9990000000000001,0,0
1.9995000000000001,0,0
2,0,0
2.0005000000000002,0,0
2.0009999999999999,0,0
2.0015000000000001,0,0
2.0019999999999998,0,0
2.0024999999999999,0,0
2.0030000000000001,0,0
2.0034999999999998,0,0
2.004,0,0
2.0045000000000002,0,0
2.0049999999999999,0,0
2.0055000000000001,0,0
2.0059999999999998,0,0
2.0065,0,0
2.0070000000000001,0,0
2.0074999999999998,0,0
2.008,0,0
2.0085000000000002,0,0
2.0089999999999999,0,0
2.0095000000000001,0,0
2.0099999999999998,0,0
2.0105,0,0
2.0110000000000001,0,0
2.0114999999999998,0,0
2.012,0,0
2.0125000000000002,0,0
2.0129999999999999,0,0
2.0135000000000001,0,0
2.0139999999999998,0,0
2.0145,0,0
2.0150000000000001,0,0
2.0154999999999998,0,0
2.016,0,0
2.0165000000000002,0,0
2.0169999999999999,0,0
2.0175000000000001,0,0
2.0179999999999998,0,0
2.0185,0,0
2.0190000000000001,0,0
2.0194999999999999,0,0
2.02,0,0
2.0205000000000002,0,0
2.0209999999999999,0,0
2.0215000000000001,0,0
2.0219999999999998,0,0
2.0225,0,0
2.0230000000000001,0,0
2.0234999999999999,0,0
2.024,0,0
2.0245000000000002,0,0
2.0249999999999999,0,0
2.0255000000000001,0,0
2.0259999999999998,0,0
2.0265,0,0
2.0270000000000001,0,0
2.0274999999999999,0,0
2.028,0,0
2.0285000000000002,0,0
2.0289999999999999,0,0
2.0295000000000001,0,0
2.0299999999999998,0,0
2.0305,0,0
2.0310000000000001,0,0
2.0314999999999999,0,0
2.032,0,0
2.0325000000000002,0,0
2.0329999999999999,0,0
2.0335000000000001,0,0
2.0339999999999998,0,0
2.0345,0,0
2.0350000000000001,0,0
2.0354999999999999,0,0
2.036,0,0
2.0365000000000002,0,0
2.0369999999999999,0,0
2.0375000000000001,0,0
2.0379999999999998,0,0
2.0385,0,0
2.0390000000000001,0,0
2.0394999999999999,0,0
2.04,0,0
2.0405000000000002,0,0
2.0409999999999999,0,0
2.0415000000000001,0,0
2.0419999999999998,0,0
2.0425,0,0
2.0430000000000001,0,0
2.0434999999999999,0,0
2.044,0,0
2.0445000000000002,0,0
2.0449999999999999,0,0
2.0455000000000001,0,0
2.0459999999999998,0,0
2.0465,0,0
2.0470000000000002,0,0
2.0474999999999999,0,0
2.048,0,0
2.0485000000000002,0,0
2.0489999999999999,0,0
2.0495000000000001,0,0
2.0499999999999998,0,0
2.0505,0,0
2.0510000000000002,0,0
2.0514999999999999,0,0
2.052,0,0
2.0525000000000002,0,0
2.0529999999999999,0,0
2.0535000000000001,0,0
2.0539999999999998,0,0
2.0545,0,0
2.0550000000000002,0,0
2.0554999999999999,0,0
2.056,0,0
2.0565000000000002,0,0
2.0569999999999999,0,0
2.0575000000000001,0,0
2.0579999999999998,0,0
2.0585,0,0
2.0590000000000002,0,0
2.0594999999999999,0,0
2.0600000000000001,0,0
2.0605000000000002,0,0
2.0609999999999999,0,0
2.0615000000000001,0,0
2.0619999999999998,0,0
2.0625,0,0
2.0630000000000002,0,0
2.0634999999999999,0,0
2.0640000000000001,0,0
2.0644999999999998,0,0
2.0649999999999999,0,0
2.0655000000000001,0,0
2.0659999999999998,0,0
2.0665,0,0
2.0670000000000002,0,0
2.0674999999999999,0,0
2.0680000000000001,0,0
2.0684999999999998,0,0
2.069,0,0
2.0695000000000001,0,0
2.0699999999999998,0,0
2.0705,0,0
2.0710000000000002,0,0
2.0714999999999999,0,0
2.0720000000000001,0,0
2.0724999999999998,0,0
2.073,0,0
2.0735000000000001,0,0
2.0739999999999998,0,0
2.0745,0,0
2.0750000000000002,0,0
2.0754999999999999,0,0
2.0760000000000001,0,0
2.0764999999999998,0,0
2.077,0,0
2.0775000000000001,0,0
2.0779999999999998,0,0
2.0785,0,0
2.0790000000000002,0,0
2.0794999999999999,0,0
2.0800000000000001,0,0
2.0804999999999998,0,0
2.081,0,0
2.0815000000000001,0,0
2.0819999999999999,0,0
2.0825,0,0
2.0830000000000002,0,0
2.0834999999999999,0,0
2.0840000000000001,0,0
2.0844999999999998,0,0
2.085,0,0
2.0855000000000001,0,0
2.0859999999999999,0,0
2.0865,0,0
2.0870000000000002,0,0
2.0874999999999999,0,0
2.0880000000000001,0,0
2.0884999999999998,0,0
2.089,0,0
2.0895000000000001,0,0
2.0899999999999999,0,0
2.0905,0,0
2.0910000000000002,0,0
2.0914999999999999,0,0
2.0920000000000001,0,0
2.0924999999999998,0,0
2.093,0,0
2.0935000000000001,0,0
2.0939999999999999,0,0
2.0945,0,0
2.0950000000000002,0,0
2.0954999999999999,0,0
2.0960000000000001,0,0
2.0964999999999998,0,0
2.097,0,0
2.0975000000000001,0,0
2.0979999999999999,0,0
2.0985,0,0
2.0990000000000002,0,0
2.0994999999999999,0,0
2.1000000000000001,0,0
2.1004999999999998,0,0
2.101,0,0
2.1015000000000001,0,0
2.1019999999999999,0,0
2.1025,0,0
2.1030000000000002,0,0
2.1034999999999999,0,0
2.1040000000000001,0,0
2.1044999999999998,0,0
2.105,0,0
2.1055000000000001,0,0
2.1059999999999999,0,0
2.1065,0,0
2.1070000000000002,0,0
2.1074999999999999,0,0
2.1080000000000001,0,0
2.1084999999999998,0,0
2.109,0,0
2.1095000000000002,0,0
2.1099999999999999,0,0
2.1105,0,0
2.1110000000000002,0,0
2.1114999999999999,0,0
2.1120000000000001,0,0
2.1124999999999998,0,0
2.113,0,0
2.1135000000000002,0,0
2.1139999999999999,0,0
2.1145,0,0
2.1150000000000002,0,0
2.1154999999999999,0,0
2.1160000000000001,0,0
2.1164999999999998,0,0
2.117,0,0
2.1175000000000002,0,0
2.1179999999999999,0,0
2.1185,0,0
2.1190000000000002,0,0
2.1194999999999999,0,0
2.1200000000000001,0,0
2.1204999999999998,0,0
2.121,0,0
2.1215000000000002,0,0
2.1219999999999999,0,0
2.1225000000000001,0,0
2.1230000000000002,0,0
2.1234999999999999,0,0
2.1240000000000001,0,0
2.1244999999999998,0,0
2.125,0,0
2.1255000000000002,0,1.1102230246251566e-17
2.1259999999999999,0,2.2204460492503132e-17
2.1265000000000001,0,4.4408920985006264e-17
2.1269999999999998,0,8.8817841970012528e-17
2.1274999999999999,0,1.6653345369377348e-16
2.1280000000000001,0,2.8865798640254071e-16
2.1284999999999998,0,4.6629367034256577e-16
2.129,0,7.3274719625260328e-16
2.1295000000000002,0,1.1324274851176596e-15
2.1299999999999999,0,1.7319479184152442e-15
2.1305000000000001,0,2.6090241078691179e-15
2.1309999999999998,0,3.8746783559417962e-15
2.1315,0,5.6954441163270527e-15
2.1320000000000001,0,8.2822637637036672e-15
2.1324999999999998,0,1.1923795284474182e-14
2.133,0,1.7030821197749902e-14
2.1335000000000002,0,2.4125146325104653e-14
2.1339999999999999,0,3.3906211172052278e-14
2.1345000000000001,0,4.7328807539770425e-14
2.1349999999999998,0,6.563638521583926e-14
2.1355,0,9.0449869816211508e-14
2.1360000000000001,0,1.2387868508767496e-13
2.1364999999999998,0,1.6868728636154629e-13
2.137,0,2.2841728508637972e-13
2.1375000000000002,0,3.0762059566313839e-13
2.1379999999999999,0,4.1212588897110435e-13
2.1385000000000001,0,5.4933835258452746e-13
2.1389999999999998,0,7.2866157552198272e-13
2.1395,0,9.619305352259743e-13
2.1400000000000001,0,1.2640333224567257e-12
2.1404999999999998,0,1.6535772751069544e-12
2.141,0,2.1537549521610798e-12
2.1415000000000002,0,2.7933433344173864e-12
2.1419999999999999,0,3.6079250698151099e-12
2.1425000000000001,0,4.641320661136206e-12
2.1429999999999998,0,5.9473093116935159e-12
2.1435,0,7.5916828379263282e-12
2.1440000000000001,0,9.6545882399823316e-12
2.1444999999999999,0,1.2233392077121153e-11
2.145,0,1.5445988932327737e-11
2.1455000000000002,0,1.9434598375056565e-11
2.1459999999999999,0,2.4370339080093117e-11
2.1465000000000001,0,3.0458391364618363e-11
2.1469999999999998,0,3.7944092312613975e-11
2.1475,0,4.7119896873226706e-11
2.1480000000000001,0,5.8333471386617925e-11
2.1484999999999999,0,7.199686402614702e-11
2.149,0,8.8597162939407786e-11
2.1495000000000002,0,1.0870858657696658e-10
2.1499999999999999,0,1.3300626156009797e-10
2.1505000000000001,0,1.6228192123435293e-10
2.1509999999999998,0,1.9746169144241322e-10
2.1515,0,2.3962620776529775e-10
2.1520000000000001,0,2.9003331958321609e-10
2.1524999999999999,0,3.5014369181851634e-10
2.153,0,4.2164953750756239e-10
2.1535000000000002,0,5.0650685867736913e-10
2.1539999999999999,0,6.0697143977606063e-10
2.1545000000000001,0,7.2563913766643393e-10
2.1549999999999998,0,8.6549071243169349e-10
2.1555,0,1.0299416763892566e-09
2.1560000000000001,0,1.2228976054018404e-09
2.1564999999999999,0,1.4488154009839604e-09
2.157,0,1.7127710472131241e-09
2.1575000000000002,0,2.0205342177170849e-09
2.1579999999999999,0,2.3786506875289603e-09
2.1585000000000001,0,2.7945327274458977e-09
2.1589999999999998,0,3.2765583912741648e-09
2.1595,0,3.8341802843788738e-09
2.1600000000000001,0,4.4780445573877616e-09
2.1604999999999999,0,5.2201207467739156e-09
2.161,0,6.0738434393137199e-09
2.1615000000000002,0,7.0542663599404424e-09
2.1619999999999999,0,8.1782299377053385e-09
2.1625000000000001,0,9.464543027082329e-09
2.1629999999999998,0,1.0934179850430325e-08
2.1635,0,1.2610493083098363e-08
2.1640000000000001,0,1.4519444024863049e-08
2.1644999999999999,0,1.6689850912410263e-08
2.165,0,1.9153656405368479e-08
2.1655000000000002,0,2.1946215411627889e-08
2.1659999999999999,0,2.5106604195634929e-08
2.1665000000000001,0,2.8677952124134265e-08
2.1669999999999998,0,3.2707797126274582e-08
2.1675,0,3.7248465989403459e-08
2.1680000000000001,0,4.2357480845023329e-08
2.1684999999999999,0,4.8097993088358493e-08
2.169,0,5.453924585285819e-08
2.1695000000000002,0,6.1757066527334817e-08
2.1699999999999999,0,6.9834390403755725e-08
2.1705000000000001,0,7.8861816965591913e-08
2.1709999999999998,0,8.8938199915844507e-08
2.1715,0,1.001712724990611e-07
2.1720000000000002,0,1.1267830917205401e-07
2.1724999999999999,0,1.2658682514432583e-07
2.173,0,1.4203531495393662e-07
2.1735000000000002,0,1.5917403142218234e-07
2.1739999999999999,0,1.7816580619722799e-07
2.1745000000000001,0,1.9918691313014492e-07
2.1749999999999998,0,2.224279757379044e-07
2.1755,0,2.4809491980803957e-07
2.1760000000000002,0,2.7640997229960718e-07
2.1764999999999999,0,3.0761270768397965e-07
2.177,0,3.4196114253592922e-07
2.1775000000000002,0,3.7973287944081944e-07
2.1779999999999999,0,4.2122630110608129e-07
2.1785000000000001,0,4.6676181534310859e-07
2.1789999999999998,0,5.1668315166342187e-07
2.1795,0,5.7135871005531409e-07
2.1800000000000002,0,6.3118296254049968e-07
2.1804999999999999,0,6.9657790759958258e-07
2.181,0,7.6799457809917371e-07
2.1815000000000002,0,8.4591460260963201e-07
2.1819999999999999,0,9.3085182005792073e-07
2.1825000000000001,0,1.0233539477599863e-06
2.1829999999999998,0,1.1240043023885703e-06
2.1835,0,1.2334235734656752e-06
2.1840000000000002,0,1.3522716487024411e-06
2.1844999999999999,0,1.4812494904536955e-06
2.1850000000000001,0,1.6211010622990686e-06
2.1855000000000002,0,1.7726153044739234e-06
2.1859999999999999,0,1.9366281570509793e-06
2.1865000000000001,0,2.1140246289519384e-06
2.1869999999999998,0,2.3057409113902417e-06
2.1875,0,2.5127665335911154e-06
2.1880000000000002,0,2.7361465585906687e-06
2.1884999999999999,0,2.9769838168380859e-06
2.1890000000000001,0,3.2364411750140929e-06
2.1894999999999998,0,3.5157438370125858e-06
2.1899999999999999,0,3.8161816743431663e-06
2.1905000000000001,0,4.1391115824462862e-06
2.1909999999999998,0,4.4859598595348158e-06
2.1915,0,4.8582246042427887e-06
2.1920000000000002,0,5.2574781280845249e-06
2.1924999999999999,0,5.6853693786163007e-06
2.1930000000000001,0,6.1436263689040873e-06
2.1934999999999998,0,6.6340586087010319e-06
2.194,0,7.158559532494113e-06
2.1945000000000001,0,7.7191089195127745e-06
2.1949999999999998,0,8.3177753003482728e-06
2.1955,0,8.9567183449767999e-06
2.1960000000000002,0,9.6381912263687749e-06
2.1964999999999999,0,1.0364542954099942e-05
2.1970000000000001,0,1.1138220672002319e-05
2.1974999999999998,0,1.1961771913693297e-05
2.198,0,1.2837846809887754e-05
2.1985000000000001,0,1.3769200240976164e-05
2.1989999999999998,0,1.4758693928473843e-05
2.1995,0,1.5809298458813183e-05
2.2000000000000002,0,1.6924095232562219e-05
2.2004999999999999,0,1.8106278332596926e-05
2.2010000000000001,0,1.9359156304143977e-05
2.2014999999999998,0,2.0686153839921672e-05
2.202,0,2.2090813363473406e-05
2.2025000000000001,0,2.3576796503699259e-05
2.2029999999999998,0,2.5147885453680187e-05
2.2035,0,2.680798420687802e-05
2.2040000000000002,0,2.8561119663872425e-05
2.2044999999999999,0,3.0411442602673588e-05
2.2050000000000001,0,3.2363228506016031e-05
2.2054999999999998,0,3.4420878238849983e-05
2.206,0,3.6588918569557816e-05
2.2065000000000001,0,3.8872002528433927e-05
2.2069999999999999,0,4.1274909597088796e-05
2.2075,0,4.3802545722859688e-05
2.2080000000000002,0,4.6459943152010738e-05
2.2084999999999999,0,4.9252260076293464e-05
2.2090000000000001,0,5.21847800871722e-05
2.2094999999999998,0,5.5262911432529818e-05
2.21,0,5.8492186070890909e-05
2.2105000000000001,0,6.1878258518310863e-05
2.2109999999999999,0,6.5426904483667508e-05
2.2115,0,6.9144019288092107e-05
2.2120000000000002,0,7.3035616064842662e-05
2.2124999999999999,0,7.7107823736066722e-05
2.2130000000000001,0,8.1366884763467426e-05
2.2134999999999998,0,8.5819152670041363e-05
2.214,0,9.0471089330546034e-05
2.2145000000000001,0,9.5329262028853728e-05
2.2149999999999999,0,0.00010040034028048206
2.2155,0,0.00010569109241926888
2.2160000000000002,0,0.00011120838194742522
2.2164999999999999,0,0.00011695916364881098
2.2170000000000001,0,0.00012295047946536686
2.2174999999999998,0,0.00012918945413766813
2.218,0,0.00013568329061022232
2.2185000000000001,0,0.00014243926520356441
2.2189999999999999,0,0.00014946472255463749
2.2195,0,0.00015676707032832304
2.2200000000000002,0,0.0001643537737028078
2.2204999999999999,0,0.00017223234963226197
2.2210000000000001,0,0.00018041036089067042
2.2214999999999998,0,0.00018889540990124631
2.222,0,0.00019769513235596837
2.2225000000000001,0,0.00020681719063077032
2.2229999999999999,0,0.00021626926700190062
2.2235,0,0.00022605905666960301
2.2240000000000002,0,0.00023619426059576787
2.2244999999999999,0,0.00024668257816248265
2.2250000000000001,0,0.00025753169966016289
2.2254999999999998,0,0.00026874929861785412
2.226,0,0.00028034302399533307
2.2265000000000001,0,0.00029232049226585177
2.2269999999999999,0,0.00030468927942988165
2.2275,0,0.00031745691301270361
2.2280000000000002,0,0.00033063086411156962
2.2284999999999999,0,0.00034421853957050663
2.2290000000000001,0,0.0003582272743716475
2.2294999999999998,0,0.00037266432434132082
2.23,0,0.00038753685927566116
2.2305000000000001,0,0.00040285195659413021
2.2309999999999999,0,0.00041861659563056095
2.2315,0,0.00043483765266851828
2.2320000000000002,0,0.0004515218968229484
2.2324999999999999,0,0.00046867598686133326
2.2330000000000001,0,0.00048630646904681554
2.2334999999999998,0,0.000504419776072329
2.234,0,0.00052302222713924702
2.2345000000000002,0,0.00054212002921711906
2.2349999999999999,0,0.0005617192795023707
2.2355,0,0.00058182596907502271
2.2360000000000002,0,0.00060244598773253613
2.2364999999999999,0,0.00062358512996038009
2.2370000000000001,0,0.0006452491019795281
2.2374999999999998,0,0.00066744352979242194
2.238,0,0.00069017396813154659
2.2385000000000002,0,0.00071344591019811832
2.2389999999999999,0,0.00073726479806393022
2.2395,0,0.00076163603359604706
2.2400000000000002,0,0.00078656498975330222
2.2404999999999999,0,0.00081205702209389272
2.2410000000000001,0,0.00083811748032707194
2.2414999999999998,0,0.0008647517197361565
2.242,0,0.00089196511229816533
2.2425000000000002,0,0.00091976305732437429
2.2429999999999999,0,0.00094815099144754942
2.2435,0,0.00097713439778529532
2.2440000000000002,0,0.0010067188141142601
2.2444999999999999,0,0.0010369098398969379
2.2450000000000001,0,0.001067713142011939
2.2454999999999998,0,0.0010991344590484896
2.246,0,0.0011311796040381129
2.2465000000000002,0,0.0011638544655084959
2.2469999999999999,0,0.0011971650067591709
2.2475000000000001,0,0.0012311172632726187
2.2480000000000002,0,0.00126571733818992
2.2484999999999999,0,0.0013009713957958912
2.2490000000000001,0,0.0013368856529746508
2.2494999999999998,0,0.0013734663686124859
2.25,0,0.0014107198309416757
2.2505000000000002,0,0.0014486523428343112
2.2509999999999999,0,0.0014872702050712449
2.2515000000000001,0,0.0015265796976266844
2.2519999999999998,0,0.0015665870590234054
2.2524999999999999,0,0.0016072984638280997
2.2530000000000001,0,0.0016487199983692524
2.2534999999999998,0,0.0016908576347731351
2.254,0,0.0017337172034246561
2.2545000000000002,0,0.0017773043639706331
2.2549999999999999,0,0.0018216245749931969
2.2555000000000001,0,0.0018666830624889496
2.2559999999999998,0,0.0019124847872978412
2.2565,0,0.0019590344116317991
2.2570000000000001,0,0.0020063362648586104
2.2574999999999998,0,0.0020543943087010684
2.258,0,0.0021032121020144847
2.2585000000000002,0,0.0021527927653077318
2.2589999999999999,0,0.0022031389451744434
2.2595000000000001,0,0.002254252778800636
2.2599999999999998,0,0.0023061358587145196
2.2605,0,0.0023587891979422793
2.2610000000000001,0,0.0024122131957307834
2.2614999999999998,0,0.0024664076039949802
2.262,0,0.0025213714946429209
2.2625000000000002,0,0.0025771032279266692
2.2629999999999999,0,0.0026336004219613242
2.2635000000000001,0,0.0026908599235480946
2.2639999999999998,0,0.0027488777804305252
2.2645,0,0.002807649215105379
2.2650000000000001,0,0.0028671686003016949
2.2654999999999998,0,0.0029274294362336972
2.266,0,0.0029884243297242487
2.2665000000000002,0,0.0030501449752867614
2.2669999999999999,0,0.0031125821382446796
2.2675000000000001,0,0.0031757256399582044
2.2679999999999998,0,0.0032395643452187485
2.2685,0,0.0033040861518621734
2.2690000000000001,0,0.0033692779826428711
2.2694999999999999,0,0.0034351257794009381
2.27,0,0.0035016144995461016
2.2705000000000002,0,0.0035687281148723883
2.2709999999999999,0,0.0036364496127095471
2.2715000000000001,0,0.0037047609994074969
2.2719999999999998,0,0.0037736433061425489
2.2725,0,0.0038430765970256741
2.2730000000000001,0,0.0039130399794853003
2.2734999999999999,0,0.0039835116168894236
2.274,0,0.0040544687433651475
2.2745000000000002,0,0.0041258876807665377
2.2749999999999999,0,0.0041977438577353032
2.2755000000000001,0,0.0042700118307931302
2.2759999999999998,0,0.0043426653073985414
2.2765,0,0.0044156771708960593
2.2770000000000001,0,0.0044890195072807889
2.2774999999999999,0,0.0045626636336970061
2.278,0,0.0046365801285854881
2.2785000000000002,1,0.0047107388633908509
2.2789999999999999,1,0.0047851090357369785
2.2795000000000001,0,-0.0052074359474391096
2.2799999999999998,0,-0.015149630659778267
2.2805,0,-0.014070617802338004
2.2810000000000001,0,-0.013041732715488941
2.2814999999999999,0,-0.012060498529932361
2.282,0,-0.01112456435066379
2.2825000000000002,0,-0.010231698940021039
2.2829999999999999,0,-0.0093797847138750497
2.2835000000000001,0,-0.0085668120353737942
2.2839999999999998,0,-0.0077908737914353151
2.2845,0,-0.0070501602379291041
2.2850000000000001,0,-0.0063429541001924217
2.2854999999999999,0,-0.0056676259161991703
2.286,0,-0.0050226296103358823
2.2865000000000002,0,-0.0044064982863448289
2.2869999999999999,0,-0.0038178402285687697
2.2875000000000001,0,-0.0032553351011766819
2.2879999999999998,0,-0.0027177303355683247
2.2885,0,-0.0022038376966477479
2.2890000000000001,0,-0.0017125300191199954
2.2894999999999999,0,-0.0012427381054122555
2.29,0,-0.0007934477772383985
2.2905000000000002,0,-0.00036369707322611025
2.2909999999999999,0,4.7426414593731982e-05
2.2915000000000001,0,0.00044078807227785342
2.2919999999999998,0,0.00081720866994074994
2.2925,0,0.0011774666483792885
2.2930000000000001,0,0.0015223002922192142
2.2934999999999999,0,0.0018524097951583718
2.294,0,0.0021684592226035469
2.2945000000000002,0,0.0024710783767349143
2.2949999999999999,0,0.0027608645687816845
2.2955000000000001,0,0.0030383843030544868
2.2959999999999998,0,0.0033041748770556655
2.2965,0,0.0035587459017734301
2.2970000000000002,0,0.0038025807460633776
2.2974999999999999,0,0.00403613790882742
2.298,0,0.0042598523225174101
2.2985000000000002,0,0.0044741365913164577
2.2989999999999999,0,0.0046793821671856526
2.2995000000000001,1,0.0048759604668077829
2.2999999999999998,1,0.0050642239323097525
2.3005,0,-0.004917747757070756
2.3010000000000002,0,-0.014848361962017331
2.3014999999999999,0,-0.013637305954149581
2.302,0,-0.012468399711157341
2.3025000000000002,0,-0.011341601040697823
2.3029999999999999,0,-0.010256689237739692
2.3035000000000001,0,-0.0092132905128669666
2.3039999999999998,0,-0.0082109004780019923
2.3045,0,-0.0072489040277484594
2.3050000000000002,0,-0.006326592913224449
2.3054999999999999,0,-0.0054431812694220481
2.306,0,-0.004597819325984698
2.3065000000000002,0,-0.0037896055041796162
2.3069999999999999,0,-0.0030175970791850638
2.3075000000000001,0,-0.0022808195661368157
2.3079999999999998,0,-0.0015782749702746956
2.3085,0,-0.00090894902565111788
2.3090000000000002,0,-0.00027181753291198872
2.3094999999999999,0,0.00033414810561513961
2.3100000000000001,0,0.00090997606611248338
2.3105000000000002,0,0.0014566899208796503
2.3109999999999999,0,0.0019753050239376567
2.3115000000000001,0,0.0024668254026830039
2.3119999999999998,0,0.0029322411002693392
2.3125,0,0.0033725259192748601
2.3130000000000002,0,0.0037886355224369785
2.3134999999999999,0,0.0041815058508855585
2.3140000000000001,0,0.0045520518244452244
2.3144999999999998,1,0.0049011662922701094
2.3149999999999999,1,0.0052297192053695988
2.3155000000000001,0,-0.0047393970166144991
2.3159999999999998,0,-0.014659012738380828
2.3165,0,-0.013362786470056186
2.3170000000000002,0,-0.012135099860427689
2.3174999999999999,0,-0.010972642800552036
2.3180000000000001,0,-0.0098722576898115037
2.3184999999999998,0,-0.0088309328919209725
2.319,0,-0.0078457964328895406
2.3195000000000001,0,-0.0069141099355969236
2.3199999999999998,0,-0.0060332627853372459
2.3205,0,-0.0052007665204413132
2.3210000000000002,0,-0.004414249441913232
2.3214999999999999,0,-0.0036714514358912155
2.3220000000000001,0,-0.0029702190026631549
2.3224999999999998,0,-0.0023085004859294766
2.323,0,-0.0016843414959974655
2.3235000000000001,0,-0.0010958805206162437
2.3239999999999998,0,-0.00054134471720705961
2.3245,0,-1.9045880312773545e-05
2.3250000000000002,0,0.00047262342182495808
2.3254999999999999,0,0.0009351935475516715
2.3260000000000001,0,0.001370121324828799
2.3264999999999998,0,0.0017787934427620055
2.327,0,0.002162529697256943
2.3275000000000001,0,0.0025225860962942992
2.3279999999999998,0,0.0028601578301745145
2.3285,0,0.0031763821119392575
2.3290000000000002,0,0.0034723408930300015
2.3294999999999999,0,0.0037490634590951364
2.3300000000000001,0,0.0040075289107098563
2.3304999999999998,0,0.0042486685336231679
2.331,0,0.0044733680629996612
2.3315000000000001,0,0.0046824698459766558
2.3319999999999999,1,0.0048767749067119334
2.3325,1,0.0050570449179553664
2.3330000000000002,0,-0.0049262591655364618
2.3334999999999999,0,-0.014860074164394787
2.3340000000000001,0,-0.013705784305923374
2.3344999999999998,0,-0.012613435983861776
2.335,0,-0.011579907913878562
2.3355000000000001,0,-0.010602234578230285
2.3359999999999999,0,-0.0096775984825467794
2.3365,0,-0.0088033227948707271
2.3370000000000002,0,-0.0079768643482649344
2.3374999999999999,0,-0.0071958069892024802
2.3380000000000001,0,-0.0064578552548157694
2.3384999999999998,0,-0.005760828362898129
2.339,0,-0.0051026544993327374
2.3395000000000001,0,-0.0044813653883646106
2.3399999999999999,0,-0.0038950911318410553
2.3405,0,-0.0033420553042159185
2.3410000000000002,0,-0.0028205702907570184
2.3414999999999999,0,-0.0023290328570043316
2.3420000000000001,0,-0.0018659199381095503
2.3424999999999998,0,-0.0014297846372378076
2.343,0,-0.0010192524227429888
2.3435000000000001,0,-0.00063301751432489619
2.3439999999999999,0,-0.00026983944885727862
2.3445,0,7.1460182972271635e-05
2.3450000000000002,0,0.0003920008376367856
2.3454999999999999,0,0.00069284596537311227
2.3460000000000001,0,0.00097500581003718829
2.3464999999999998,0,0.0012394400694619944
2.347,0,0.0014870604232142593
2.3475000000000001,0,0.0017187329343082204
2.3479999999999999,0,0.0019352803311137312
2.3485,0,0.0021374841753910691
2.3490000000000002,0,0.0023260869220928073
2.3494999999999999,0,0.0025017938762972982
2.3500000000000001,0,0.0026652750523752933
2.3504999999999998,0,0.0028171669402396681
2.351,0,0.0029580741832911594
2.3515000000000001,0,0.0030885711724453089
2.3519999999999999,0,0.0032092035604106895
2.3525,0,0.0033204897001833157
2.3530000000000002,0,0.0034229220115261638
2.3534999999999999,0,0.0035169682790183289
2.3540000000000001,0,0.0036030728850803607
2.3544999999999998,0,0.0036816579812149254
2.355,0,0.0037531246005426009
2.3555000000000001,0,0.0038178537145594381
2.3559999999999999,0,0.0038762072368987875
2.3565,0,0.0039285289767433283
2.3570000000000002,0,0.003975145544400505
2.3574999999999999,0,0.004016367211431904
2.3580000000000001,0,0.0040524887276077613
2.3584999999999998,0,0.0040837900968457852
2.359,0,0.0041105373141861468
2.3595000000000002,0,0.0041329830657528266
2.3599999999999999,0,0.00415136739355475
2.3605,0,0.0041659183268884844
2.3610000000000002,0,0.0041768524820156583
2.3614999999999999,0,0.0041843756317065609
2.3620000000000001,0,0.0041886832461612957
2.3624999999999998,0,0.0041899610067446134
2.363,0,0.0041883852938997658
2.3635000000000002,0,0.0041841236505377969
2.3639999999999999,0,0.004177335222134859
2.3645,0,0.0041681711747084457
2.3650000000000002,0,0.0041567750917844374
2.3654999999999999,0,0.0041432833514122528
2.3660000000000001,0,0.0041278254842320953
2.3664999999999998,0,0.0041105245135480643
2.367,0,0.004091497278313194
2.3675000000000002,0,0.0040708547398876412
2.3679999999999999,0,0.0040487022733875387
2.3685,0,0.0040251399444010683
2.3690000000000002,0,0.0040002627718102816
2.3694999999999999,0,0.0039741609774185506
2.3700000000000001,0,0.0039469202230505542
2.3704999999999998,0,0.0039186218357559642
2.371,0,0.0038893430217179837
2.3715000000000002,0,0.0038591570694371915
2.3719999999999999,0,0.0038281335427317376
2.3725000000000001,0,0.003796338464069249
2.3730000000000002,0,0.0037638344887179986
2.3734999999999999,0,0.0037306810701821513
2.3740000000000001,0,0.0036969346173611585
2.3744999999999998,0,0.0036626486438516735
2.375,0,0.0036278739097898027
2.3755000000000002,0,0.003592658556610129
2.3759999999999999,0,0.0035570482350801734
2.3765000000000001,0,0.0035210862269505539
2.3769999999999998,0,0.0034848135605432097
2.3774999999999999,0,0.0034482691205849013
2.3780000000000001,0,0.0034114897525764241
2.3784999999999998,0,0.0033745103619745474
2.379,0,0.0033373640084486734
2.3795000000000002,0,0.0033000819954612016
2.3799999999999999,0,0.0032626939554085245
2.3805000000000001,0,0.0032252279305465814
2.3809999999999998,0,0.0031877104499144606
2.3815,0,0.0031501666024583487
2.3820000000000001,0,0.0031126201065474813
2.3824999999999998,0,0.003075093376064686
2.383,0,0.0030376075832446057
2.3835000000000002,0,0.0030001827184233942
2.3839999999999999,0,0.0029628376468563864
2.3845000000000001,0,0.0029255901627511238
2.3849999999999998,0,0.0028884570406565446
2.3855,0,0.0028514540843414538
2.3860000000000001,0,0.0028145961732888303
2.3864999999999998,0,0.0027778973069260138
2.387,0,0.0027413706467047994
2.3875000000000002,0,0.0027050285561395883
2.3879999999999999,0,0.0026688826389060006
2.3885000000000001,0,0.0026329437750976848
2.3889999999999998,0,0.0025972221557337806
2.3895,0,0.0025617273156042673
2.3900000000000001,0,0.002526468164537088
2.3904999999999998,0,0.0024914530171660011
2.391,0,0.0024566896212734448
2.3915000000000002,0,0.002422185184780423
2.3919999999999999,0,0.002387946401450658
2.3925000000000001,0,0.0023539794753730469
2.3929999999999998,0,0.0023202901442829992
2.3935,0,0.0022868837017810616
2.3940000000000001,0,0.0022537650185028959
2.3944999999999999,0,0.0022209385622930953
2.395,0,0.0021884084174316866
2.3955000000000002,0,0.0021561783029608872
2.3959999999999999,0,0.0021242515901556346
2.3965000000000001,0,0.0020926313191808156
2.3969999999999998,0,0.0020613202149749378
2.3975,0,0.0020303207023978252
2.3980000000000001,0,0.0019996349206793497
2.3984999999999999,0,0.0019692647372023695
2.399,0,0.0019392117606530923
2.3995000000000002,0,0.0019094773535691667
2.3999999999999999,0,0.0018800626443153279
2.4005000000000001,0,0.0018509685385138086
2.4009999999999998,0,0.0018221957299560775
2.4015,0,0.0017937447110212058
2.4020000000000001,0,0.0017656157826241082
2.4024999999999999,0,0.0017378090637166666
2.403,0,0.0017103245003628254
2.4035000000000002,0,0.001683161874408179
2.4039999999999999,0,0.0016563208117633455
2.4045000000000001,0,0.0016298007903191691
2.4049999999999998,0,0.0016036011475117017
2.4055,0,0.0015777210875528747
2.4060000000000001,0,0.0015521596883430356
2.4064999999999999,0,0.0015269159080799511
2.407,0,0.001501988591578607
2.4075000000000002,0,0.0014773764763152397
2.4079999999999999,0,0.0014530781982080797
2.4085000000000001,0,0.0014290922971475829
2.4089999999999998,0,0.0014054172222869865
2.4095,0,0.0013820513371044841
2.4100000000000001,0,0.0013589929242476706
2.4104999999999999,0,0.0013362401901694688
2.411,0,0.0013137912695657338
2.4115000000000002,0,0.001291644229622868
2.4119999999999999,0,0.0012697970740843446
2.4125000000000001,0,0.0012482477471438824
2.4129999999999998,0,0.0012269941371733871
2.4135,0,0.0012060340802925729
2.4140000000000001,0,0.0011853653637872719
2.4144999999999999,0,0.0011649857293835608
2.415,0,0.0011448928763830636
2.4155000000000002,0,0.0011250844646662705
2.4159999999999999,0,0.0011055581175693052
2.4165000000000001,0,0.0010863114246392747
2.4169999999999998,0,0.0010673419442738473
2.4175,0,0.0010486472062495645
2.4180000000000001,0,0.0010302247141439791
2.4184999999999999,0,0.001012071947655635
2.419,0,0.00099418636482645484
2.4195000000000002,0,0.00097656540417067066
2.4199999999999999,0,0.00095920648671387059
2.4205000000000001,0,0.00094210701794583684
2.4209999999999998,0,0.00092526438969116049
2.4215,0,0.00090867598190041976
2.4220000000000002,0,0.00089233916436542993
2.4224999999999999,0,0.00087625129836158553
2.423,0,0.00086040973822019138
2.4235000000000002,0,0.00084481183283343644
2.4239999999999999,0,0.00082945492709483035
2.4245000000000001,0,0.00081433636327763457
2.4249999999999998,0,0.00079945348235366254
2.4255,0,0.00078480362525463749
2.4260000000000002,0,0.00077038413407873871
2.4264999999999999,0,0.0007561923532437675
2.427,0,0.00074222563058972128
2.4275000000000002,0,0.00072848131843220585
2.4279999999999999,0,0.00071495677456866473
2.4285000000000001,0,0.00070164936323940941
2.4289999999999998,0,0.00068855645604464226
2.4295,0,0.00067567543281987774
2.4300000000000002,0,0.00066300368247041992
2.4304999999999999,0,0.00065053860376722565
2.431,0,0.00063827760610505322
2.4315000000000002,0,0.00062621811022444134
2.4319999999999999,0,0.0006143575488989139
2.4325000000000001,0,0.00060269336758850267
2.4329999999999998,0,0.00059122302506097184
2.4335,0,0.00057994399398197949
2.4340000000000002,0,0.00056885376147483015
2.4344999999999999,0,0.00055794982965158275
2.4350000000000001,0,0.00054722971611607105
2.4355000000000002,0,0.00053669095443997783
2.4359999999999999,0,0.00052633109461304168
2.4365000000000001,0,0.00051614770346780636
2.4369999999999998,0,0.00050613836508081047
2.4375,0,0.00049630068114994155
2.4380000000000002,0,0.0004866322713495519
2.4384999999999999,0,0.00047713077366378086
2.4390000000000001,0,0.0004677938446990937
2.4394999999999998,0,0.00045861915997644773
2.4399999999999999,0,0.00044960441420404117
2.4405000000000001,0,0.00044074732153142059
2.4409999999999998,0,0.00043204561578528142
2.4415,0,0.00042349705068779332
2.4420000000000002,0,0.00041509940005818313
2.4424999999999999,0,0.00040685045799800925
2.4430000000000001,0,0.00039874803906063682
2.4434999999999998,0,0.00039078997840578109
2.444,0,0.00038297413193925098
2.4445000000000001,0,0.00037529837643885956
2.4449999999999998,0,0.00036776060966642321
2.4455,0,0.00036035875046710466
2.4460000000000002,0,0.00035309073885574359
2.4464999999999999,0,0.00034595453609143068
2.4470000000000001,0,0.0003389481247399684
2.4474999999999998,0,0.00033206950872538554
2.448,0,0.00032531671337050484
2.4485000000000001,0,0.00031868778542684109
2.4489999999999998,0,0.00031218079309476289
2.4495,0,0.00030579382603362903
2.4500000000000002,0,0.00029952499536290978
2.4504999999999999,0,0.00029337243365404884
2.4510000000000001,0,0.00028733429491384355
2.4514999999999998,0,0.00028140875455955338
2.452,0,0.00027559400938594882
2.4525000000000001,0,0.00026988827752471022
2.4529999999999998,0,0.00026428979839641096
2.4535,0,0.0002587968326557055
2.4540000000000002,0,0.00025340766212927912
2.4544999999999999,0,0.00024812058974778007
2.4550000000000001,0,0.00024293393947109055
2.4554999999999998,0,0.00023784605620799092
2.456,0,0.00023285530572980662
2.4565000000000001,0,0.00022796007457885902
2.4569999999999999,0,0.00022315876997140992
2.4575,0,0.00021844981969577627
2.4580000000000002,0,0.00021383167200562659
2.4584999999999999,0,0.00020930279550869236
2.4590000000000001,0,0.00020486167905120478
2.4594999999999998,0,0.00020050683159802407
2.46,0,0.00019623678210907159
2.4605000000000001,0,0.00019205007941182074
2.4609999999999999,0,0.00018794529207032394
2.4615,0,0.00018392100825066483
2.4620000000000002,0,0.00017997583558364559
2.4624999999999999,0,0.00017610840102393331
2.4630000000000001,0,0.00017231735070666332
2.4634999999999998,0,0.00016860134980126729
2.464,0,0.00016495908236279221
2.4645000000000001,0,0.00016138925118073245
2.4649999999999999,0,0.00015789057762558568
2.4655,0,0.00015446180149355503
2.4660000000000002,0,0.00015110168084906395
2.4664999999999999,0,0.00014780899186537245
2.4670000000000001,0,0.00014458252866391685
2.4674999999999998,0,0.00014142110315149559
2.468,0,0.0001383235448564779
2.4685000000000001,0,0.00013528870076345845
2.4689999999999999,0,0.00013231543514685695
2.4695,0,0.000129402629403097
2.4700000000000002,0,0.00012654918188222952
2.4704999999999999,0,0.00012375400771831303
2.4710000000000001,0,0.00012101603865917187
2.4714999999999998,0,0.00011833422289543316
2.472,0,0.00011570752488896386
2.4725000000000001,0,0.00011313492520079738
2.4729999999999999,0,0.00011061542031868266
2.4735,0,0.0001081480224842557
2.4740000000000002,0,0.00010573175951995583
2.4744999999999999,0,0.00010336567465586421
2.4750000000000001,0,0.00010104882635630918
2.4754999999999998,0,9.8780288146638195e-05
2.476,0,9.6559148439889769e-05
2.4765000000000001,0,9.4384510363643148e-05
2.4769999999999999,0,9.2255491587145411e-05
2.4775,0,9.0171224148494214e-05
2.4780000000000002,0,8.8130854282431062e-05
2.4784999999999999,0,8.613354224817904e-05
2.4790000000000001,0,8.417846215796887e-05
2.4794999999999998,0,8.2264801806031235e-05
2.48,0,8.0391762498011057e-05
2.4805000000000001,0,7.8558558881047794e-05
2.4809999999999999,0,7.6764418774477591e-05
2.4815,0,7.5008583001368032e-05
2.4820000000000002,0,7.3290305220630181e-05
2.4824999999999999,0,7.1608851759807918e-05
2.4830000000000001,0,6.9963501449143989e-05
2.4834999999999998,0,6.8353545455868137e-05
2.484,0,6.6778287120039526e-05
2.4845000000000002,0,6.5237041790755507e-05
2.4849999999999999,0,6.3729136663681632e-05
2.4855,0,6.2253910619569647e-05
2.4860000000000002,0,6.0810714063641579e-05
2.4864999999999999,0,5.9398908766195023e-05
2.4870000000000001,0,5.8017867704118765e-05
2.4874999999999998,0,5.6666974903762932e-05
2.488,0,5.5345625284752842e-05
2.4885000000000002,0,5.4053224505201666e-05
2.4889999999999999,0,5.2789188807866869e-05
2.4895,0,5.1552944867605534e-05
2.4900000000000002,0,5.0343929640139787e-05
2.4904999999999999,0,4.9161590212065676e-05
2.4910000000000001,0,4.8005383652016675e-05
2.4914999999999998,0,4.687477686322605e-05
2.492,0,4.5769246437321608e-05
2.4925000000000002,0,4.4688278509630305e-05
2.4929999999999999,0,4.3631368615415497e-05
2.4935,0,4.2598021547946005e-05
2.4940000000000002,0,4.1587751217464496e-05
2.4944999999999999,0,4.0600080511943301e-05
2.4950000000000001,0,3.9634541158783956e-05
2.4954999999999998,0,3.8690673588326342e-05
2.496,0,3.7768026798468136e-05
2.4965000000000002,0,3.6866158220738576e-05
2.4969999999999999,0,3.5984633587826667e-05
2.4975000000000001,0,3.5123026802530433e-05
2.4980000000000002,0,3.4280919807916367e-05
2.4984999999999999,0,3.345790245928848e-05
2.4990000000000001,0,3.2653572397212115e-05
2.4994999999999998,0,3.186753492208094e-05
2.5,0,3.109940287023827e-05
2.5005000000000002,0,3.0348796491286301e-05
2.5009999999999999,0,2.9615343326983014e-05
2.5015000000000001,0,2.8898678091626717e-05
2.5019999999999998,0,2.8198442553573066e-05
2.5024999999999999,0,2.75142854185062e-05
2.5030000000000001,0,2.6845862213886738e-05
2.5034999999999998,0,2.6192835174998484e-05
2.504,0,2.5554873132271894e-05
2.5045000000000002,0,2.4931651400061928e-05
2.5049999999999999,0,2.4322851666891411e-05
2.5055000000000001,0,2.3728161886926723e-05
2.5059999999999998,0,2.3147276173074437e-05
2.5065,0,2.2579894691387991e-05
2.5070000000000001,0,2.2025723556728936e-05
2.5074999999999998,0,2.1484474730026902e-05
2.508,0,2.0955865916560957e-05
2.5085000000000002,0,2.0439620466117248e-05
2.5089999999999999,0,1.9935467274068141e-05
2.5095000000000001,0,1.9443140683961246e-05
2.5099999999999998,0,1.8962380391529533e-05
2.5105,0,1.8492931349944898e-05
2.5110000000000001,0,1.8034543676204162e-05
2.5114999999999998,0,1.7586972559335835e-05
2.512,0,1.7149978169439529e-05
2.5125000000000002,0,1.6723325568146487e-05
2.5129999999999999,0,1.6306784620523375e-05
2.5135000000000001,0,1.5900129908152927e-05
2.5139999999999998,0,1.5503140643435832e-05
2.5145,0,1.5115600585091649e-05
2.5150000000000001,0,1.4737297955236262e-05
2.5154999999999998,0,1.4368025357303082e-05
2.516,0,1.4007579695451967e-05
2.5165000000000002,0,1.3655762094966217e-05
2.5169999999999999,0,1.3312377824126198e-05
2.5175000000000001,0,1.2977236217148746e-05
2.5179999999999998,0,1.265015059819241e-05
2.5185,0,1.2330938206750464e-05
2.5190000000000001,0,1.201942012403201e-05
2.5194999999999999,0,1.171542120063096e-05
2.52,0,1.141876998509428e-05
2.5205000000000002,0,1.112929865404455e-05
2.5209999999999999,0,1.0846842942979773e-05
2.5215000000000001,0,1.0571242078438737e-05
2.5219999999999998,0,1.0302338711021264e-05
2.5225,0,1.0039978849840647e-05
2.5230000000000001,0,9.7840117976755174e-06
2.5234999999999999,0,9.5342900874206819e-06
2.524,0,9.290669419548259e-06
2.5245000000000002,0,9.0530086004458894e-06
2.5249999999999999,0,8.8211694819095847e-06
2.5255000000000001,0,8.5950169016579821e-06
2.5259999999999998,0,8.3744186248124745e-06
2.5265,0,8.159245286243344e-06
2.5270000000000001,0,7.9493703340594031e-06
2.5274999999999999,0,7.7446699739969205e-06
2.528,0,7.545023114752247e-06
2.5285000000000002,0,7.3503113141915047e-06
2.5289999999999999,0,7.1604187265816851e-06
2.5295000000000001,0,6.9752320506322183e-06
2.5299999999999998,0,6.7946404786134448e-06
2.5305,0,6.6185356461634369e-06
2.5310000000000001,0,6.4468115829385834e-06
2.5314999999999999,0,6.2793646644410121e-06
2.532,0,6.1160935643456146e-06
2.5325000000000002,0,5.9568992079039873e-06
2.5329999999999999,0,5.8016847260811133e-06
2.5335000000000001,0,5.6503554104248014e-06
2.5339999999999998,0,5.5028186690453399e-06
2.5345,0,5.3589839828949161e-06
2.5350000000000001,0,5.2187628634237092e-06
2.5354999999999999,0,5.082068810480234e-06
2.536,0,4.9488172713219035e-06
2.5365000000000002,0,4.8189256001363031e-06
2.5369999999999999,0,4.6923130186282693e-06
2.5375000000000001,0,4.5689005769178339e-06
2.5379999999999998,0,4.4486111153929638e-06
2.5385,0,4.3313692273949655e-06
2.5390000000000001,0,4.2171012222591567e-06
2.5394999999999999,0,4.105735089343643e-06
2.54,0,3.9972004625798972e-06
2.5405000000000002,0,3.8914285858004939e-06
2.5409999999999999,0,3.7883522785664426e-06
2.5415000000000001,0,3.6879059027383755e-06
2.5419999999999998,0,3.5900253296472507e-06
2.5425,0,3.4946479079867034e-06
2.5430000000000001,0,3.4017124322049953e-06
2.5434999999999999,0,3.311159111518691e-06
2.544,0,3.2229295396146717e-06
2.5445000000000002,0,3.1369666647407256e-06
2.5449999999999999,0,3.0532147606954217e-06
2.5455000000000001,0,2.9716193979845153e-06
2.5459999999999998,0,2.8921274159210419e-06
2.5465,0,2.814686894891949e-06
2.5470000000000002,0,2.7392471296128209e-06
2.5474999999999999,0,2.6657586024936287e-06
2.548,0,2.5941729577261263e-06
2.5485000000000002,0,2.5244429758930485e-06
2.5489999999999999,0,2.4565225490769115e-06
2.5495000000000001,0,2.3903666563462876e-06
2.5499999999999998,0,2.3259313398860116e-06
2.5505,0,2.2631736815714731e-06
2.5510000000000002,0,2.2020517798648775e-06
2.5514999999999999,0,2.1425247273887393e-06
2.552,0,2.0845525888102403e-06
2.5525000000000002,0,2.0280963792695951e-06
2.5529999999999999,0,1.9731180431303839e-06
2.5535000000000001,0,1.9195804332960976e-06
2.5539999999999998,0,1.8674472907709295e-06
2.5545,0,1.8166832248533993e-06
2.5550000000000002,0,1.7672536936852446e-06
2.5554999999999999,0,1.7191249849224377e-06
2.556,0,1.6722641972499731e-06
2.5565000000000002,0,1.626639221941062e-06
2.5569999999999999,0,1.5822187249270314e-06
2.5575000000000001,0,1.5389721293446179e-06
2.5579999999999998,0,1.4968695981498747e-06
2.5585,0,1.4558820173871112e-06
2.5590000000000002,0,1.4159809797020806e-06
2.5594999999999999,0,1.3771387681660307e-06
2.5600000000000001,0,1.3393283404328215e-06
2.5605000000000002,0,1.3025233133734382e-06
2.5609999999999999,0,1.2666979478326291e-06
2.5615000000000001,0,1.2318271339184506e-06
2.5619999999999998,0,1.1978863762918123e-06
2.5625,0,1.1648517802553826e-06
2.5630000000000002,0,1.1327000376537555e-06
2.5634999999999999,0,1.1014084132399126e-06
2.5640000000000001,0,1.0709547315634893e-06
2.5644999999999998,0,1.0413173638479379e-06
2.5649999999999999,0,1.0124752152007587e-06
2.5655000000000001,0,9.8440771225671861e-07
2.5659999999999998,0,9.5709479089878249e-07
2.5665,0,9.3051688435652482e-07
2.5670000000000002,0,9.0465491161539899e-07
2.5674999999999999,0,8.7949026588152175e-07
2.5680000000000001,0,8.5500480349054444e-07
2.5684999999999998,0,8.3118083296085386e-07
2.569,0,8.0800110437984072e-07
2.5695000000000001,0,7.8544879879016709e-07
2.5699999999999998,0,7.6350751816445243e-07
2.5705,0,7.4216127533555114e-07
2.5710000000000002,0,7.213944842154874e-07
2.5714999999999999,0,7.0119195029194618e-07
2.5720000000000001,0,6.8153886119137756e-07
2.5724999999999998,0,6.6242077773059904e-07
2.573,0,6.4382362480186472e-07
2.5735000000000001,0,6.2573368269092096e-07
2.5739999999999998,0,6.0813757865041394e-07
2.5745,0,5.9102227847329656e-07
2.5750000000000002,0,5.7437507839930295e-07
2.5754999999999999,0,5.5818359695480879e-07
2.5760000000000001,0,5.4243576748103099e-07
2.5764999999999998,0,5.2711983027364791e-07
2.577,0,5.1222432523312378e-07
2.5775000000000001,0,4.9773808462605369e-07
2.5779999999999998,0,4.8365022591312363e-07
2.5785,0,4.6995014482131834e-07
2.5790000000000002,0,4.5662750864927658e-07
2.5794999999999999,0,4.4367224956154415e-07
2.5800000000000001,0,4.3107455803825802e-07
2.5804999999999998,0,4.1882487672451063e-07
2.581,0,4.0691389412428337e-07
2.5815000000000001,0,3.9533253863854868e-07
2.5819999999999999,0,3.8407197258116808e-07
2.5825,0,3.7312358646124367e-07
2.5830000000000002,0,3.6247899337649159e-07
2.5834999999999999,0,3.5213002353984279e-07
2.5840000000000001,0,3.4206871876163445e-07
2.5844999999999998,0,3.3228732740919755e-07
2.585,0,3.2277829924431957e-07
2.5855000000000001,0,3.1353428018299214e-07
2.5859999999999999,0,3.0454810777680309e-07
2.5865,0,2.9581280612811512e-07
2.5870000000000002,0,2.8732158150468481e-07
2.5874999999999999,0,2.7906781754349905e-07
2.5880000000000001,0,2.710450710097234e-07
2.5884999999999998,0,2.6324706740021855e-07
2.589,0,2.5566769660256841e-07
2.5895000000000001,0,2.4830100893158401e-07
2.5899999999999999,0,2.4114121093266051e-07
2.5905,0,2.3418266166252976e-07
2.5910000000000002,0,2.2741986864804887e-07
2.5914999999999999,0,2.2084748420025945e-07
2.5920000000000001,0,2.1446030177285635e-07
2.5924999999999998,0,2.0825325244278048e-07
2.593,0,2.0222140122427846e-07
2.5935000000000001,0,1.9635994387146026e-07
2.5939999999999999,0,1.9066420354763024e-07
2.5945,0,1.8512962739469786e-07
2.5950000000000002,0,1.797517836021889e-07
2.5954999999999999,0,1.7452635820980332e-07
2.5960000000000001,0,1.6944915205430177e-07
2.5964999999999998,0,1.6451607787182354e-07
2.597,0,1.5972315752232903e-07
2.5975000000000001,0,1.5506651908081536e-07
2.5979999999999999,0,1.5054239410616788e-07
2.5985,0,1.4614711504323808e-07
2.5990000000000002,0,1.4187711260271741e-07
2.5994999999999999,0,1.3772891328533986e-07
2.6000000000000001,0,1.3369913672844902e-07
2.6004999999999998,0,1.2978449347444966e-07
2.601,0,1.2598178257272606e-07
2.6015000000000001,0,1.2228788927037825e-07
2.6019999999999999,0,1.1869978288059357e-07
2.6025,0,1.1521451436236063e-07
2.6030000000000002,0,1.1182921445529459e-07
2.6034999999999999,0,1.0854109138147549e-07
2.6040000000000001,0,1.0534742900247807e-07
2.6044999999999998,0,1.0224558482097023e-07
2.605,0,9.9232987926800573e-08
2.6055000000000001,0,9.6307137320561509e-08
2.6059999999999999,0,9.3465599859676726e-08
2.6065,0,9.0706008715191191e-08
2.6070000000000002,0,8.8026061451085272e-08
2.6074999999999999,0,8.5423518347838007e-08
2.6080000000000001,0,8.2896200914728271e-08
2.6084999999999998,0,8.0441990113477854e-08
2.609,0,7.8058824737325949e-08
2.6095000000000002,0,7.5744700156477046e-08
2.6099999999999999,0,7.3497666619459778e-08
2.6105,0,7.1315827698814618e-08
2.6110000000000002,0,6.9197339214177594e-08
2.6114999999999999,0,6.7140407522536807e-08
2.6120000000000001,0,6.5143288363600502e-08
2.6124999999999998,0,6.32042854054049e-08
2.613,0,6.1321749145193399e-08
2.6135000000000002,0,5.9494075577148918e-08
2.6139999999999999,0,5.7719704915637496e-08
2.6145,0,5.5997120496087405e-08
2.6150000000000002,0,5.4324847520437205e-08
2.6154999999999999,0,5.2701452168957273e-08
2.6160000000000001,0,5.1125540245777756e-08
2.6164999999999998,0,4.9595756257403424e-08
2.617,0,4.8110782324695121e-08
2.6175000000000002,0,4.6669337172566827e-08
2.6179999999999999,0,4.5270175130784905e-08
2.6185,0,4.3912085301300863e-08
2.6190000000000002,0,4.2593890459130532e-08
2.6194999999999999,0,4.1314446197482368e-08
2.6200000000000001,0,4.0072640106192384e-08
2.6204999999999998,0,3.8867390783625667e-08
2.621,0,3.769764709282697e-08
2.6215000000000002,0,3.6562387339955649e-08
2.6219999999999999,0,3.5460618419413949e-08
2.6225000000000001,0,3.4391375069997562e-08
2.6230000000000002,0,3.3353719097739544e-08
2.6234999999999999,0,3.2346738743083139e-08
2.6240000000000001,0,3.1369547826010093e-08
2.6244999999999998,0,3.0421285079906825e-08
2.625,0,2.9501113518737297e-08
2.6255000000000002,0,2.8608219759806984e-08
2.6259999999999999,0,2.7741813335424582e-08
2.6265000000000001,0,2.6901126093381578e-08
2.6269999999999998,0,2.6085411608534059e-08
2.6274999999999999,0,2.529394458328227e-08
2.6280000000000001,0,2.4526020203641253e-08
2.6284999999999998,0,2.3780953661844961e-08
2.629,0,2.3058079556825817e-08
2.6295000000000002,0,2.235675137240989e-08
2.6299999999999999,0,2.1676340955512074e-08
2.6305000000000001,0,2.1016238005433509e-08
2.6309999999999998,0,2.0375849607567887e-08
2.6315,0,1.9754599700494423e-08
2.6320000000000001,0,1.9151928654093098e-08
2.6324999999999998,0,1.8567292758842058e-08
2.633,0,1.8000163914955181e-08
2.6335000000000002,0,1.7450029077270558e-08
2.6339999999999999,0,1.6916389833365742e-08
2.6345000000000001,0,1.6398762092695306e-08
2.6349999999999998,0,1.5896675598092713e-08
2.6355,0,1.5409673559396707e-08
2.6360000000000001,0,1.493731229817996e-08
2.6364999999999998,0,1.4479160881375463e-08
2.637,0,1.4034800777107392e-08
2.6375000000000002,0,1.3603825477215281e-08
2.6379999999999999,0,1.3185840130880423e-08
2.6385000000000001,0,1.2780461322581261e-08
2.6389999999999998,0,1.2387316683515336e-08
2.6395,0,1.200604451412346e-08
2.6400000000000001,0,1.1636293661965168e-08
2.6404999999999998,0,1.1277723055425071e-08
2.641,0,1.0930001514974919e-08
2.6415000000000002,0,1.0592807420106708e-08
2.6419999999999999,0,1.0265828487288076e-08
2.6425000000000001,0,9.948761492406532e-09
2.6429999999999998,0,9.6413119710092587e-09
2.6435,0,9.3431940628718728e-09
2.6440000000000001,0,9.0541301345226092e-09
2.6444999999999999,0,8.7738507126289271e-09
2.645,0,8.5020941176239259e-09
2.6455000000000002,0,8.2386063193773399e-09
2.6459999999999999,0,7.9831406374353271e-09
2.6465000000000001,0,7.7354576411003958e-09
2.6469999999999998,0,7.4953248607734224e-09
2.6475,0,7.2625166103179598e-09
2.6480000000000001,0,7.0368138316290182e-09
2.6484999999999999,0,6.8180038614862323e-09
2.649,0,6.6058802428159426e-09
2.6495000000000002,0,6.4002426025666635e-09
2.6499999999999999,0,6.2008964296644823e-09
2.6505000000000001,0,6.0076528973773694e-09
2.6509999999999998,0,5.8203287522928801e-09
2.6515,0,5.6387461144780101e-09
2.6520000000000001,0,5.4627323331502e-09
2.6524999999999999,0,5.292119853450572e-09
2.653,0,5.1267460610127099e-09
2.6535000000000002,0,4.9664530932247432e-09
2.6539999999999999,0,4.8110877726159632e-09
2.6545000000000001,0,4.6605014292211422e-09
2.6549999999999998,0,4.5145498117626918e-09
2.6555,0,4.373092921117205e-09
2.6560000000000001,0,4.2359948881909304e-09
2.6564999999999999,0,4.1031238406930015e-09
2.657,0,3.9743518809309816e-09
2.6575000000000002,0,3.8495548415617975e-09
2.6579999999999999,0,3.728612274489507e-09
2.6585000000000001,0,3.6114072954340772e-09
2.6589999999999998,0,3.4978264840113129e-09
2.6595,0,3.3877597949150129e-09
2.6600000000000001,0,3.28110049130359e-09
2.6604999999999999,0,3.1777449560621562e-09
2.661,0,3.0775926918025222e-09
2.6615000000000002,0,2.9805461765342046e-09
2.6619999999999999,0,2.8865108414599661e-09
2.6625000000000001,0,2.7953949044423608e-09
2.6629999999999998,0,2.7071093255948144e-09
2.6635,0,2.6215677517704707e-09
2.6640000000000001,0,2.5386863722332009e-09
2.6644999999999999,0,2.4583839075553725e-09
2.665,0,2.3805815319022371e-09
2.6655000000000002,0,2.3052027620096284e-09
2.6659999999999999,0,2.2321734016728103e-09
2.6665000000000001,0,2.1614214862353265e-09
2.6669999999999998,0,2.0928772492823098e-09
2.6675,0,2.0264729672092586e-09
2.6680000000000001,0,1.9621429592220354e-09
2.6684999999999999,0,1.8998235762346383e-09
2.669,0,1.8394530232335172e-09
2.6695000000000002,0,1.7809714147887235e-09
2.6699999999999999,0,1.7243206307249181e-09
2.6705000000000001,0,1.669444305019141e-09
2.6709999999999998,0,1.6162878369030409e-09
2.6715,0,1.5647981910227315e-09
2.6720000000000002,0,1.5149240084610938e-09
2.6724999999999999,0,1.4666154291020917e-09
2.673,0,1.4198241360396935e-09
2.6735000000000002,0,1.3745032778622602e-09
2.6739999999999999,0,1.3306073909369332e-09
2.6745000000000001,0,1.2880924105118652e-09
2.6749999999999998,0,1.2469156152050687e-09
2.6755,0,1.2070355714932646e-09
2.6760000000000002,0,1.1684121115074219e-09
2.6764999999999999,0,1.1310062775216068e-09
2.677,0,1.0947803330552119e-09
2.6775000000000002,0,1.0596976518506552e-09
2.6779999999999999,0,1.0257227289756088e-09
2.6785000000000001,0,9.9282115861853981e-10
2.6789999999999998,0,9.6095957857755825e-10
2.6795,0,9.3010562585149616e-10
2.6800000000000002,0,9.0022794774213821e-10
2.6804999999999999,0,8.7129616854753069e-10
2.681,0,8.4328078964190918e-10
2.6815000000000002,0,8.1615325608908051e-10
2.6819999999999999,0,7.8988587892681039e-10
2.6825000000000001,0,7.6445180186013319e-10
2.6829999999999998,0,7.3982502346581218e-10
2.6835,0,7.1598030837449753e-10
2.6840000000000002,0,6.928932094751872e-10
2.6844999999999999,0,6.7054001240407501e-10
2.6850000000000001,0,6.4889776885124206e-10
2.6855000000000002,0,6.2794421884504461e-10
2.6859999999999999,0,6.076577907521141e-10
2.6865000000000001,0,5.8801755686843647e-10
2.6869999999999998,0,5.6900324452158198e-10
2.6875,0,5.5059522496847539e-10
2.6880000000000002,0,5.3277445788424418e-10
2.6884999999999999,0,5.1552249136221915e-10
2.6890000000000001,0,4.9882145081170395e-10
2.6894999999999998,0,4.82654005651284e-10
2.6899999999999999,0,4.6700336930882717e-10
2.6905000000000001,0,4.5185325481256198e-10
2.6909999999999998,0,4.3718790809776921e-10
2.6915,0,4.229920524956299e-10
2.6920000000000002,0,4.0925088873322577e-10
2.6924999999999999,0,3.9595005052461829e-10
2.6930000000000001,0,3.8307563787753908e-10
2.6934999999999998,0,3.7061419488892965e-10
2.694,0,3.5855266533602046e-10
2.6945000000000001,0,3.4687840377856104e-10
2.6949999999999998,0,3.3557915335435948e-10
2.6955,0,3.2464303467705236e-10
2.6960000000000002,0,3.1405856804056499e-10
2.6964999999999999,0,3.0381461790796036e-10
2.6970000000000001,0,2.9390037070697874e-10
2.6974999999999998,0,2.8430537923895829e-10
2.698,0,2.7501949606545394e-10
2.6985000000000001,0,2.6603292901938859e-10
2.6989999999999998,0,2.573361412849806e-10
2.6995,0,2.4891992911335591e-10
2.7000000000000002,0,2.4077538851585699e-10
2.7004999999999999,0,2.3289385975289177e-10
2.7010000000000001,0,2.2526697174285459e-10
2.7014999999999998,0,2.1788661985766566e-10
2.702,0,2.1074494371831065e-10
2.7025000000000001,0,2.0383431609261038e-10
2.7029999999999998,0,1.9714739840637207e-10
2.7035,0,1.9067702972108691e-10
2.7040000000000002,0,1.844163044495417e-10
2.7044999999999999,0,1.7835851684466774e-10
2.7050000000000001,0,1.724971832040012e-10
2.7054999999999998,0,1.668260196652227e-10
2.706,0,1.6133895330838756e-10
2.7065000000000001,0,1.5603006664477447e-10
2.7069999999999999,0,1.5089366423026718e-10
2.7075,0,1.4592422825643326e-10
2.7080000000000002,0,1.4111639634606377e-10
2.7084999999999999,0,1.3646499485986395e-10
2.7090000000000001,0,1.3196500558976255e-10
2.7094999999999998,0,1.2761155465668139e-10
2.71,0,1.2339993471499611e-10
2.7105000000000001,0,1.1932558274807548e-10
2.7109999999999999,0,1.1538409117051174e-10
2.7115,0,1.1157119672589033e-10
2.7120000000000002,0,1.0788272497563866e-10
2.7124999999999999,0,1.0431471242355883e-10
2.7130000000000001,0,1.008632399823739e-10
2.7134999999999998,0,9.7524588404951376e-11
2.714,0,9.4295105057540246e-11
2.7145000000000001,0,9.1171248328691942e-11
2.7149999999999999,0,8.8149643140411629e-11
2.7155,0,8.5226947721395161e-11
2.7160000000000002,0,8.2399997936022368e-11
2.7164999999999999,0,7.9665674057594058e-11
2.7170000000000001,0,7.7021000688404229e-11
2.7174999999999998,0,7.4463069044128355e-11
2.718,0,7.1989059158283913e-11
2.7185000000000001,0,6.9596262086690788e-11
2.7189999999999999,0,6.7282068805241124e-11
2.7195,0,6.5043892494287553e-11
2.7200000000000002,0,6.2879290663175885e-11
2.7204999999999999,0,6.0785876332403177e-11
2.7210000000000001,0,5.8761340238078216e-11
2.7214999999999998,0,5.6803428627461015e-11
2.722,0,5.4909998770114042e-11
2.7225000000000001,0,5.3078930140060265e-11
2.7229999999999999,0,5.1308213233625109e-11
2.7235,0,4.9595882956054993e-11
2.7240000000000002,0,4.794002972374756e-11
2.7244999999999999,0,4.6338821668712171e-11
2.7250000000000001,0,4.479046022964894e-11
2.7254999999999998,0,4.3293224560869704e-11
2.726,0,4.184548263452825e-11
2.7265000000000001,0,4.0445591320548147e-11
2.7269999999999999,0,3.9091974102234418e-11
2.7275,0,3.7783154382964315e-11
2.7280000000000002,0,3.651765556611508e-11
2.7284999999999999,0,3.5294056566215201e-11
2.7290000000000001,0,3.4110980706714147e-11
2.7294999999999998,0,3.2967106822212598e-11
2.73,0,3.1861158156232249e-11
2.7305000000000001,0,3.0791891258985517e-11
2.7309999999999999,0,2.9758107089605802e-11
2.7315,0,2.8758628811687005e-11
2.7320000000000002,0,2.7792357304434744e-11
2.7324999999999999,0,2.6858182344824399e-11
2.7330000000000001,0,2.5955049220982572e-11
2.7334999999999998,0,2.5081936527726612e-11
2.734,0,2.4237856166564599e-11
2.7345000000000002,0,2.3421875550155846e-11
2.7349999999999999,0,2.2633050988929426e-11
2.7355,0,2.1870516508926131e-11
2.7360000000000002,0,2.1133372829496011e-11
2.7364999999999999,0,2.0420809487831092e-11
2.7370000000000001,0,1.9732004918893154e-11
2.7374999999999998,0,1.9066170864334707e-11
2.738,0,1.8422552372499013e-11
2.7385000000000002,0,1.7800438900650307e-11
2.7389999999999999,0,1.7199086599362091e-11
2.7395,0,1.6617840437049837e-11
2.7400000000000002,0,1.605600097320803e-11
2.7404999999999999,0,1.5512946482942881e-11
2.7410000000000001,0,1.4988066343590845e-11
2.7414999999999998,0,1.4480761034718626e-11
2.742,0,1.3990442138123171e-11
2.7425000000000002,0,1.3516532337831678e-11
2.7429999999999999,0,1.3058498726792322e-11
2.7435,0,1.2615819500183533e-11
2.7440000000000002,0,1.2187983955413984e-11
2.7444999999999999,0,1.1774503594352837e-11
2.7450000000000001,0,1.1374889918869257e-11
2.7454999999999998,0,1.0988698839753396e-11
2.746,0,1.0615475165565158e-11
2.7465000000000002,0,1.0254785909324937e-11
2.7469999999999999,0,9.9062313907438686e-12
2.7475000000000001,0,9.5693897250725961e-12
2.7480000000000002,0,9.2438834364827471e-12
2.7484999999999999,0,8.9293350491459481e-12
2.7490000000000001,0,8.6253559850035802e-12
2.7494999999999998,0,8.3316242793785029e-12
2.75,0,8.0477846609028347e-12
2.7505000000000002,0,7.7735151648994367e-12
2.7509999999999999,0,7.508482724460918e-12
2.7515000000000001,0,7.2523986816008804e-12
2.7519999999999998,0,7.0049521738724252e-12
2.7524999999999999,0,6.7658545432891516e-12
2.7530000000000001,0,6.5348393363251487e-12
2.7534999999999998,0,6.3116178949940149e-12
2.754,0,6.0959459702303322e-12
2.7545000000000002,0,5.8875571085081903e-12
2.7549999999999999,0,5.6862181629924182e-12
2.7555000000000001,0,5.4916959868478446e-12
2.7559999999999998,0,5.3037685354695439e-12
2.7565,0,5.1221804575618535e-12
2.7570000000000001,0,4.9467541174408326e-12
2.7574999999999998,0,4.7772785727318025e-12
2.758,0,4.613531778829838e-12
2.7585000000000002,0,4.4553361000509993e-12
2.7589999999999999,0,4.3025250029415926e-12
2.7595000000000001,0,4.1548875451269397e-12
2.7599999999999998,0,4.0122682953835923e-12
2.7605,0,3.8744896180276104e-12
2.7610000000000001,0,3.7413738773750541e-12
2.7614999999999998,0,3.6128100511234606e-12
2.762,0,3.4885982991283981e-12
2.7625000000000002,0,3.3686164968571574e-12
2.7629999999999999,0,3.252709213086291e-12
2.7635000000000001,0,3.140743221052844e-12
2.7639999999999998,0,3.0326074984543538e-12
2.7645,0,2.928146614067373e-12
2.7650000000000001,0,2.827260647819685e-12
2.7654999999999998,0,2.7298052707180888e-12
2.766,0,2.6356694604601216e-12
2.7665000000000002,0,2.5447310925130752e-12
2.7669999999999999,0,2.4569013490349788e-12
2.7675000000000001,0,2.3720803099536169e-12
2.7679999999999998,0,2.2901569529665268e-12
2.7685,0,2.2110202557712453e-12
2.7690000000000001,0,2.1345925027560498e-12
2.7694999999999999,0,2.0607848760789695e-12
2.77,0,1.9894863534375418e-12
2.7705000000000002,0,1.9206414236805356e-12
2.7709999999999999,0,1.8541501667357353e-12
2.7715000000000001,0,1.78992376476117e-12
2.7719999999999998,0,1.7279067066056087e-12
2.7725,0,1.6680101744270815e-12
2.7730000000000001,0,1.6101786570743571e-12
2.7734999999999999,0,1.5543233367054654e-12
2.774,0,1.5003775999389291e-12
2.7745000000000002,0,1.4482859356235167e-12
2.7749999999999999,0,1.3979817303777508e-12
2.7755000000000001,0,1.3493983708201539e-12
2.7759999999999998,0,1.3024914480297411e-12
2.7765,0,1.2571832463947886e-12
2.7770000000000001,0,1.2134404592245574e-12
2.7774999999999999,0,1.1712075753678163e-12
2.778,0,1.1304179814430881e-12
2.7785000000000002,0,1.0910383707596339e-12
2.7789999999999999,0,1.0530132321662223e-12
2.7795000000000001,0,1.0162981567418683e-12
2.7799999999999998,0,9.8084873556558713e-13
2.7805,0,9.4662055971639343e-13
2.7810000000000001,0,9.1355811804305635e-13
2.7814999999999999,0,8.8165030831532929e-13
2.782,0,8.508416193819812e-13
2.7825000000000002,0,8.2110984678251949e-13
2.7829999999999999,0,7.92399479365713e-13
2.7835000000000001,0,7.6467721044082286e-13
2.7839999999999998,0,7.3792083554735659e-13
2.7845,0,7.1207484353408292e-13
2.7850000000000001,0,6.8712813217075567e-13
2.7854999999999999,0,6.6304739476663597e-13
2.786,0,6.3978822240073894e-13
2.7865000000000002,0,6.1733951284281829e-13
2.7869999999999999,0,5.9567906163238145e-13
2.7875000000000001,0,5.7476245984844354e-13
2.7879999999999998,0,5.5456750303051198e-13
2.7885,0,5.3507198671809419e-13
2.7890000000000001,0,5.1625370645069779e-13
2.7894999999999999,0,4.9809045776783019e-13
2.79,0,4.8056003620899901e-13
2.7905000000000002,0,4.6362913508346537e-13
2.7909999999999999,0,4.4728665216098309e-13
2.7915000000000001,0,4.3151038298105957e-13
2.7919999999999998,0,4.1628922531344869e-13
2.7925,0,4.015898724674116e-13
2.7930000000000001,0,3.8740122221270213e-13
2.7934999999999999,0,3.7372327454932017e-13
2.794,0,3.6050051832603457e-13
2.7945000000000002,0,3.4774405577309151e-13
2.7949999999999999,0,3.3543168242999857e-13
2.7955000000000001,0,3.235411938362631e-13
2.7959999999999998,0,3.1206148776163902e-13
2.7965,0,3.0099256420612618e-13
2.7970000000000002,0,2.9031221870923219e-13
2.7974999999999999,0,2.7999824681046448e-13
2.798,0,2.7005064850982309e-13
2.7985000000000002,0,2.6044721934681548e-13
2.7989999999999999,0,2.5117685709119543e-13
2.7995000000000001,0,2.4223956174296292e-13
2.7999999999999998,0,2.3361312884162542e-13
2.8005,0,2.2528645615693677e-13
2.8010000000000002,0,2.1724844145865063e-13
2.8014999999999999,0,2.094879825165208e-13
2.802,0,2.0199397710030099e-13
2.8025000000000002,0,1.9475532297974497e-13
2.8029999999999999,0,1.8778312238509899e-13
2.8035000000000001,0,1.8105517085587052e-13
2.8039999999999998,0,1.7456036616181336e-13
2.8045,0,1.6829870830292749e-13
2.8050000000000002,0,1.6224799281872039e-13
2.8054999999999999,0,1.5641932193943832e-13
2.806,0,1.5079049120458877e-13
2.8065000000000002,0,1.4536150061417174e-13
2.8069999999999999,0,1.40121247937941e-13
2.8075000000000001,0,1.3505863094565029e-13
2.8079999999999998,0,1.3018475186754585e-13
2.8085,0,1.2548850847338144e-13
2.8090000000000002,0,1.2094769630266456e-13
2.8094999999999999,0,1.165623153553952e-13
2.8100000000000001,0,1.1233236563157333e-13
2.8105000000000002,0,1.0824674490095276e-13
2.8109999999999999,0,1.0431655539377971e-13
2.8115000000000001,0,1.0053069487980792e-13
2.8119999999999998,0,9.6878061128791162e-14
2.8125,0,9.3347551910483157e-14
2.8130000000000002,0,8.9939167224883934e-14
2.8134999999999999,0,8.6652907071993468e-14
2.8140000000000001,0,8.3488771451811772e-14
2.8144999999999998,0,8.0424555903846337e-14
2.8149999999999999,0,7.7471362658343418e-14
2.8155000000000001,0,7.4629191715303028e-14
2.8159999999999998,0,7.1886940844478886e-14
2.8165,0,6.9233507815624764e-14
2.8170000000000002,0,6.6679994858986904e-14
2.8174999999999999,0,6.4215299744319052e-14
2.8180000000000001,0,6.1850524701867473e-14
2.8184999999999998,0,5.9563465271139648e-14
2.819,0,5.7354121452135589e-14
2.8195000000000001,0,5.5222493244855284e-14
2.8199999999999998,0,5.3168580649298744e-14
2.8205,0,5.1181281435219717e-14
2.8210000000000002,0,4.9271697832864449e-14
2.8214999999999999,0,4.743982984223294e-14
2.8220000000000001,0,4.566347300283269e-14
2.8224999999999998,0,4.3953729544909945e-14
2.823,0,4.2299497238218464e-14
2.8235000000000001,0,4.0711878313004489e-14
2.8239999999999998,0,3.9179770539021772e-14
2.8245,0,3.7692071686024065e-14
2.8250000000000002,0,3.6270986214503863e-14
2.8254999999999999,0,3.4894309663968671e-14
2.8260000000000001,0,3.3562042034418483e-14
2.8264999999999998,0,3.2285285556099553e-14
2.827,0,3.1052937998765627e-14
2.8275000000000001,0,2.9864999362416711e-14
2.8279999999999998,0,2.8721469647052798e-14
2.8285,0,2.7611246622427642e-14
2.8290000000000002,0,2.6545432518787492e-14
2.8294999999999999,0,2.5512925105886099e-14
2.8300000000000001,0,2.4524826613969709e-14
2.8304999999999998,0,2.3570034812792075e-14
2.831,0,2.2659651932599444e-14
2.8315000000000001,0,2.178257574314557e-14
2.8319999999999999,0,2.0927704014184201e-14
2.8325,0,2.0117241206207835e-14
2.8330000000000002,0,1.9328982858723975e-14
2.8334999999999999,0,1.8562928971732616e-14
2.8340000000000001,0,1.7830181775480013e-14
2.8344999999999998,0,1.7130741269966167e-14
2.835,0,1.6442402994698568e-14
2.8355000000000001,0,1.5787371410169725e-14
2.8359999999999999,0,1.5165646516379638e-14
2.8365,0,1.4555023852835802e-14
2.8370000000000002,0,1.3966605649784469e-14
2.8374999999999999,0,1.3389289676979387e-14
2.8380000000000001,0,1.2856382625159312e-14
2.8384999999999998,0,1.2334577803585489e-14
2.839,0,1.1834977442504168e-14
2.8395000000000001,0,1.13464793116691e-14
2.8399999999999999,0,1.0891287871572785e-14
2.8405,0,1.0436096431476471e-14
2.8410000000000002,0,1.000310945187266e-14
2.8414999999999999,0,9.5812247025151006e-15
2.8420000000000001,0,9.1815444136500449e-15
2.8424999999999998,0,8.7929663550312401e-15
2.843,0,8.4154905266586863e-15
2.8435000000000001,0,8.0602191587786359e-15
2.8439999999999999,0,7.716050021144838e-15
2.8445,0,7.3940853440035419e-15
2.8450000000000002,0,7.0721206668622475e-15
2.8454999999999999,0,6.7612582199672032e-15
2.8460000000000001,0,6.4614980033184114e-15
2.8464999999999998,0,6.1728400169158705e-15
2.847,0,5.9063864910058331e-15
2.8475000000000001,0,5.6510351953420466e-15
2.8479999999999999,0,5.4067861299245127e-15
2.8485,0,5.1736392947532296e-15
2.8490000000000002,0,4.9404924595819466e-15
2.8494999999999999,0,4.7073456244106636e-15
2.8500000000000001,0,4.496403249731884e-15
2.8504999999999998,0,4.2854608750531044e-15
2.851,0,4.0856207306205758e-15
2.8515000000000001,0,3.8857805861880479e-15
2.8519999999999999,0,3.7081449022480227e-15
2.8525,0,3.5416114485542492e-15
2.8530000000000002,0,3.3750779948604757e-15
2.8534999999999999,0,3.219646771412954e-15
2.8540000000000001,0,3.0642155479654322e-15
2.8544999999999998,0,2.9198865547641618e-15
2.855,0,2.7755575615628914e-15
2.8555000000000001,0,2.6312285683616209e-15
2.8559999999999999,0,2.4980018054066022e-15
2.8565,0,2.3758772726978348e-15
2.8570000000000002,0,2.2537527399890679e-15
2.8574999999999999,0,2.1316282072803005e-15
2.8580000000000001,0,2.0206059048177848e-15
2.8584999999999998,0,1.9095836023552692e-15
2.859,0,1.7985612998927535e-15
2.8595000000000002,0,1.6986412276764896e-15
2.8599999999999999,0,1.609823385706477e-15
2.8605,0,1.5210055437364644e-15
2.8610000000000002,0,1.432187701766452e-15
2.8614999999999999,0,1.3544720900426909e-15
2.8620000000000001,0,1.27675647831893e-15
2.8624999999999998,0,1.2101430968414207e-15
2.863,0,1.1435297153639113e-15
2.8635000000000002,0,1.0769163338864018e-15
2.8639999999999999,0,1.0103029524088924e-15
2.8645,0,9.5479180117763459e-16
2.8650000000000002,0,8.9928064994637676e-16
2.8654999999999999,0,8.4376949871511893e-16
2.8660000000000001,0,7.9936057773011273e-16
2.8664999999999998,0,7.5495165674510643e-16
2.867,0,7.1054273576010023e-16
2.8675000000000002,0,6.6613381477509392e-16
2.8679999999999999,0,6.2172489379008762e-16
2.8685,0,5.7731597280508142e-16
2.8690000000000002,0,5.3290705182007512e-16
2.8694999999999999,0,4.9960036108132044e-16
2.8700000000000001,0,4.6629367034256577e-16
2.8704999999999998,0,4.3298697960381104e-16
2.871,0,3.9968028886505636e-16
2.8715000000000002,0,3.6637359812630164e-16
2.8719999999999999,0,3.3306690738754696e-16
2.8725000000000001,0,2.9976021664879229e-16
2.8730000000000002,0,2.6645352591003756e-16
2.8734999999999999,0,2.3314683517128288e-16
2.8740000000000001,0,2.1094237467877973e-16
2.8744999999999998,0,1.9984014443252818e-16
2.875,0,1.8873791418627661e-16
2.8755000000000002,0,1.7763568394002506e-16
2.8759999999999999,0,1.6653345369377348e-16
2.8765000000000001,0,1.5543122344752191e-16
2.8769999999999998,0,1.4432899320127036e-16
2.8774999999999999,0,1.3322676295501878e-16
2.8780000000000001,0,1.2212453270876723e-16
2.8784999999999998,0,1.1102230246251565e-16
2.879,0,9.9920072216264091e-17
2.8795000000000002,0,8.8817841970012528e-17
2.8799999999999999,0,7.7715611723760953e-17
2.8805000000000001,0,6.661338147750939e-17
2.8809999999999998,0,5.5511151231257827e-17
2.8815,0,4.4408920985006264e-17
2.8820000000000001,0,3.3306690738754695e-17
2.8824999999999998,0,2.2204460492503132e-17
2.883,0,1.1102230246251566e-17
2.8835000000000002,0,0
2.8839999999999999,0,0
2.8845000000000001,0,0
2.8849999999999998,0,0
2.8855,0,0
2.8860000000000001,0,0
2.8864999999999998,0,0
2.887,0,0
2.8875000000000002,0,0
2.8879999999999999,0,0
2.8885000000000001,0,0
2.8889999999999998,0,0
2.8895,0,0
2.8900000000000001,0,0
2.8904999999999998,0,0
2.891,0,0
2.8915000000000002,0,0
2.8919999999999999,0,0
2.8925000000000001,0,0
2.8929999999999998,0,0
2.8935,0,0
2.8940000000000001,0,0
2.8944999999999999,0,0
2.895,0,0
2.8955000000000002,0,0
2.8959999999999999,0,0
2.8965000000000001,0,0
2.8969999999999998,0,0
2.8975,0,0
2.8980000000000001,0,0
2.8984999999999999,0,0
2.899,0,0
2.8995000000000002,0,0
2.8999999999999999,0,0
2.9005000000000001,0,0
2.9009999999999998,0,0
2.9015,0,0
2.9020000000000001,0,0
2.9024999999999999,0,0
2.903,0,0
2.9035000000000002,0,0
2.9039999999999999,0,0
2.9045000000000001,0,0
2.9049999999999998,0,0
2.9055,0,0
2.9060000000000001,0,0
2.9064999999999999,0,0
2.907,0,0
2.9075000000000002,0,0
2.9079999999999999,0,0
2.9085000000000001,0,0
2.9089999999999998,0,0
2.9095,0,0
2.9100000000000001,0,0
2.9104999999999999,0,0
2.911,0,0
2.9115000000000002,0,0
2.9119999999999999,0,0
2.9125000000000001,0,0
2.9129999999999998,0,0
2.9135,0,0
2.9140000000000001,0,0
2.9144999999999999,0,0
2.915,0,0
2.9155000000000002,0,0
2.9159999999999999,0,0
2.9165000000000001,0,0
2.9169999999999998,0,0
2.9175,0,0
2.9180000000000001,0,0
2.9184999999999999,0,0
2.919,0,0
2.9195000000000002,0,0
2.9199999999999999,0,0
2.9205000000000001,0,0
2.9209999999999998,0,0
2.9215,0,0
2.9220000000000002,0,0
2.9224999999999999,0,0
2.923,0,0
2.9235000000000002,0,0
2.9239999999999999,0,0
2.9245000000000001,0,0
2.9249999999999998,0,0
2.9255,0,0
2.9260000000000002,0,0
2.9264999999999999,0,0
2.927,0,0
2.9275000000000002,0,0
2.9279999999999999,0,0
2.9285000000000001,0,0
2.9289999999999998,0,0
2.9295,0,0
2.9300000000000002,0,0
2.9304999999999999,0,0
2.931,0,0
2.9315000000000002,0,0
2.9319999999999999,0,0
2.9325000000000001,0,0
2.9329999999999998,0,0
2.9335,0,0
2.9340000000000002,0,0
2.9344999999999999,0,0
2.9350000000000001,0,0
2.9355000000000002,0,0
2.9359999999999999,0,0
2.9365000000000001,0,0
2.9369999999999998,0,0
2.9375,0,0
2.9380000000000002,0,0
2.9384999999999999,0,0
2.9390000000000001,0,0
2.9394999999999998,0,0
2.9399999999999999,0,0
2.9405000000000001,0,0
2.9409999999999998,0,0
2.9415,0,0
2.9420000000000002,0,0
2.9424999999999999,0,0
2.9430000000000001,0,0
2.9434999999999998,0,0
2.944,0,0
2.9445000000000001,0,0
2.9449999999999998,0,0
2.9455,0,0
2.9460000000000002,0,0
2.9464999999999999,0,0
2.9470000000000001,0,0
2.9474999999999998,0,0
2.948,0,0
2.9485000000000001,0,0
2.9489999999999998,0,0
2.9495,0,0
2.9500000000000002,0,0
2.9504999999999999,0,0
2.9510000000000001,0,0
2.9514999999999998,0,0
2.952,0,0
2.9525000000000001,0,0
2.9529999999999998,0,0
2.9535,0,0
2.9540000000000002,0,0
2.9544999999999999,0,0
2.9550000000000001,0,0
2.9554999999999998,0,0
2.956,0,0
2.9565000000000001,0,0
2.9569999999999999,0,0
2.9575,0,0
2.9580000000000002,0,0
2.9584999999999999,0,0
2.9590000000000001,0,0
2.9594999999999998,0,0
2.96,0,0
2.9605000000000001,0,0
2.9609999999999999,0,0
2.9615,0,0
2.9620000000000002,0,0
2.9624999999999999,0,0
2.9630000000000001,0,0
2.9634999999999998,0,0
2.964,0,0
2.9645000000000001,0,0
2.9649999999999999,0,0
2.9655,0,0
2.9660000000000002,0,0
2.9664999999999999,0,0
2.9670000000000001,0,0
2.9674999999999998,0,0
2.968,0,0
2.9685000000000001,0,0
2.9689999999999999,0,0
2.9695,0,0
2.9700000000000002,0,0
2.9704999999999999,0,0
2.9710000000000001,0,0
2.9714999999999998,0,0
2.972,0,0
2.9725000000000001,0,0
2.9729999999999999,0,0
2.9735,0,0
2.9740000000000002,0,0
2.9744999999999999,0,0
2.9750000000000001,0,0
2.9754999999999998,0,0
2.976,0,0
2.9765000000000001,0,0
2.9769999999999999,0,0
2.9775,0,0
2.9780000000000002,0,0
2.9784999999999999,0,0
2.9790000000000001,0,0
2.9794999999999998,0,0
2.98,0,0
2.9805000000000001,0,0
2.9809999999999999,0,0
2.9815,0,0
2.9820000000000002,0,0
2.9824999999999999,0,0
2.9830000000000001,0,0
2.9834999999999998,0,0
2.984,0,0
2.9845000000000002,0,0
2.9849999999999999,0,0
2.9855,0,0
2.9860000000000002,0,0
2.9864999999999999,0,0
2.9870000000000001,0,0
2.9874999999999998,0,0
2.988,0,0
2.9885000000000002,0,0
2.9889999999999999,0,0
2.9895,0,0
2.9900000000000002,0,0
2.9904999999999999,0,0
2.9910000000000001,0,0
2.9914999999999998,0,0
2.992,0,0
2.9925000000000002,0,0
2.9929999999999999,0,0
2.9935,0,0
2.9940000000000002,0,0
2.9944999999999999,0,0
2.9950000000000001,0,0
2.9954999999999998,0,0
2.996,0,0
2.9965000000000002,0,0
2.9969999999999999,0,0
2.9975000000000001,0,0
2.9980000000000002,0,0
2.9984999999999999,0,0
2.9990000000000001,0,0
2.9994999999999998,0,0
3,0,0
3.0005000000000002,0,0
3.0009999999999999,0,0
3.0015000000000001,0,0
3.0019999999999998,0,0
3.0024999999999999,0,0
3.0030000000000001,0,0
3.0034999999999998,0,0
3.004,0,0
3.0045000000000002,0,0
3.0049999999999999,0,0
3.0055000000000001,0,0
3.0059999999999998,0,0
3.0065,0,0
3.0070000000000001,0,0
3.0074999999999998,0,0
3.008,0,0
3.0085000000000002,0,0
3.0089999999999999,0,0
3.0095000000000001,0,0
3.0099999999999998,0,0
3.0105,0,0
3.0110000000000001,0,0
3.0114999999999998,0,0
3.012,0,0
3.0125000000000002,0,0
3.0129999999999999,0,0
3.0135000000000001,0,0
3.0139999999999998,0,0
3.0145,0,0
3.0150000000000001,0,0
3.0154999999999998,0,0
3.016,0,0
3.0165000000000002,0,0
3.0169999999999999,0,0
3.0175000000000001,0,0
3.0179999999999998,0,0
3.0185,0,0
3.0190000000000001,0,0
3.0194999999999999,0,0
3.02,0,0
3.0205000000000002,0,0
3.0209999999999999,0,0
3.0215000000000001,0,0
3.0219999999999998,0,0
3.0225,0,0
3.0230000000000001,0,0
3.0234999999999999,0,0
3.024,0,0
3.0245000000000002,0,0
3.0249999999999999,0,0
3.0255000000000001,0,0
3.0259999999999998,0,0
3.0265,0,0
3.0270000000000001,0,0
3.0274999999999999,0,0
3.028,0,0
3.0285000000000002,0,0
3.0289999999999999,0,0
3.0295000000000001,0,0
3.0299999999999998,0,0
3.0305,0,0
3.0310000000000001,0,0
3.0314999999999999,0,0
3.032,0,0
3.0325000000000002,0,0
3.0329999999999999,0,0
3.0335000000000001,0,0
3.0339999999999998,0,0
3.0345,0,0
3.0350000000000001,0,0
3.0354999999999999,0,0
3.036,0,0
3.0365000000000002,0,0
3.0369999999999999,0,0
3.0375000000000001,0,0
3.0379999999999998,0,0
3.0385,0,0
3.0390000000000001,0,0
3.0394999999999999,0,0
3.04,0,0
3.0405000000000002,0,0
3.0409999999999999,0,0
3.0415000000000001,0,0
3.0419999999999998,0,0
3.0425,0,0
3.0430000000000001,0,0
3.0434999999999999,0,0
3.044,0,0
3.0445000000000002,0,0
3.0449999999999999,0,0
3.0455000000000001,0,0
3.0459999999999998,0,0
3.0465,0,0
3.0470000000000002,0,0
3.0474999999999999,0,0
3.048,0,0
3.0485000000000002,0,0
3.0489999999999999,0,0
3.0495000000000001,0,0
3.0499999999999998,0,0
3.0505,0,0
3.0510000000000002,0,0
3.0514999999999999,0,0
3.052,0,0
3.0525000000000002,0,0
3.0529999999999999,0,0
3.0535000000000001,0,0
3.0539999999999998,0,0
3.0545,0,0
3.0550000000000002,0,0
3.0554999999999999,0,0
3.056,0,0
3.0565000000000002,0,0
3.0569999999999999,0,0
3.0575000000000001,0,0
3.0579999999999998,0,0
3.0585,0,0
3.0590000000000002,0,0
3.0594999999999999,0,0
3.0600000000000001,0,0
3.0605000000000002,0,0
3.0609999999999999,0,0
3.0615000000000001,0,0
3.0619999999999998,0,0
3.0625,0,0
3.0630000000000002,0,0
3.0634999999999999,0,0
3.0640000000000001,0,0
3.0644999999999998,0,0
3.0649999999999999,0,0
3.0655000000000001,0,0
3.0659999999999998,0,0
3.0665,0,0
3.0670000000000002,0,0
3.0674999999999999,0,0
3.0680000000000001,0,0
3.0684999999999998,0,0
3.069,0,0
3.0695000000000001,0,0
3.0699999999999998,0,0
3.0705,0,0
3.0710000000000002,0,0
3.0714999999999999,0,0
3.0720000000000001,0,0
3.0724999999999998,0,0
3.073,0,0
3.0735000000000001,0,0
3.0739999999999998,0,0
3.0745,0,0
3.0750000000000002,0,0
3.0754999999999999,0,0
3.0760000000000001,0,0
3.0764999999999998,0,0
3.077,0,0
3.0775000000000001,0,0
3.0779999999999998,0,0
3.0785,0,0
3.0790000000000002,0,0
3.0794999999999999,0,0
3.0800000000000001,0,0
3.0804999999999998,0,0
3.081,0,0
3.0815000000000001,0,0
3.0819999999999999,0,0
3.0825,0,0
3.0830000000000002,0,0
3.0834999999999999,0,0
3.0840000000000001,0,0
3.0844999999999998,0,0
3.085,0,0
3.0855000000000001,0,0
3.0859999999999999,0,0
3.0865,0,0
3.0870000000000002,0,0
3.0874999999999999,0,0
3.0880000000000001,0,0
3.0884999999999998,0,0
3.089,0,0
3.0895000000000001,0,0
3.0899999999999999,0,0
3.0905,0,0
3.0910000000000002,0,0
3.0914999999999999,0,0
3.0920000000000001,0,0
3.0924999999999998,0,0
3.093,0,0
3.0935000000000001,0,0
3.0939999999999999,0,0
3.0945,0,0
3.0950000000000002,0,0
3.0954999999999999,0,0
3.0960000000000001,0,0
3.0964999999999998,0,0
3.097,0,0
3.0975000000000001,0,0
3.0979999999999999,0,0
3.0985,0,0
3.0990000000000002,0,0
3.0994999999999999,0,0
3.1000000000000001,0,0
3.1004999999999998,0,0
3.101,0,0
3.1015000000000001,0,0
3.1019999999999999,0,0
3.1025,0,0
3.1030000000000002,0,0
3.1034999999999999,0,0
3.1040000000000001,0,0
3.1044999999999998,0,0
3.105,0,0
3.1055000000000001,0,0
3.1059999999999999,0,0
3.1065,0,0
3.1070000000000002,0,0
3.1074999999999999,0,0
3.1080000000000001,0,0
3.1084999999999998,0,0
3.109,0,0
3.1095000000000002,0,0
3.1099999999999999,0,0
3.1105,0,0
3.1110000000000002,0,0
3.1114999999999999,0,0
3.1120000000000001,0,0
3.1124999999999998,0,0
3.113,0,0
3.1135000000000002,0,0
3.1139999999999999,0,0
3.1145,0,0
3.1150000000000002,0,0
3.1154999999999999,0,0
3.1160000000000001,0,0
3.1164999999999998,0,0
3.117,0,0
3.1175000000000002,0,0
3.1179999999999999,0,0
3.1185,0,0
3.1190000000000002,0,0
3.1194999999999999,0,0
3.1200000000000001,0,0
3.1204999999999998,0,0
3.121,0,0
3.1215000000000002,0,0
3.1219999999999999,0,0
3.1225000000000001,0,0
3.1230000000000002,0,0
3.1234999999999999,0,0
3.1240000000000001,0,0
3.1244999999999998,0,0
3.125,0,0
3.1255000000000002,0,0
3.1259999999999999,0,0
3.1265000000000001,0,0
3.1269999999999998,0,0
3.1274999999999999,0,0
3.1280000000000001,0,0
3.1284999999999998,0,0
3.129,0,0
3.1295000000000002,0,0
3.1299999999999999,0,0
3.1305000000000001,0,0
3.1309999999999998,0,0
3.1315,0,0
3.1320000000000001,0,0
3.1324999999999998,0,0
3.133,0,0
3.1335000000000002,0,0
3.1339999999999999,0,0
3.1345000000000001,0,0
3.1349999999999998,0,0
3.1355,0,0
3.1360000000000001,0,0
3.1364999999999998,0,0
3.137,0,0
3.1375000000000002,0,0
3.1379999999999999,0,0
3.1385000000000001,0,0
3.1389999999999998,0,0
3.1395,0,0
3.1400000000000001,0,0
3.1404999999999998,0,0
3.141,0,0
3.1415000000000002,0,0
3.1419999999999999,0,0
3.1425000000000001,0,0
3.1429999999999998,0,0
3.1435,0,0
3.1440000000000001,0,0
3.1444999999999999,0,0
3.145,0,0
3.1455000000000002,0,0
3.1459999999999999,0,0
3.1465000000000001,0,0
3.1469999999999998,0,0
3.1475,0,0
3.1480000000000001,0,0
3.1484999999999999,0,0
3.149,0,0
3.1495000000000002,0,0
3.1499999999999999,0,0
3.1505000000000001,0,0
3.1509999999999998,0,0
3.1515,0,0
3.1520000000000001,0,0
3.1524999999999999,0,0
3.153,0,0
3.1535000000000002,0,0
3.1539999999999999,0,0
3.1545000000000001,0,0
3.1549999999999998,0,0
3.1555,0,0
3.1560000000000001,0,0
3.1564999999999999,0,0
3.157,0,0
3.1575000000000002,0,0
3.1579999999999999,0,0
3.1585000000000001,0,0
3.1589999999999998,0,0
3.1595,0,0
3.1600000000000001,0,0
3.1604999999999999,0,0
3.161,0,0
3.1615000000000002,0,0
3.1619999999999999,0,0
3.1625000000000001,0,0
3.1629999999999998,0,0
3.1635,0,0
3.1640000000000001,0,0
3.1644999999999999,0,0
3.165,0,0
3.1655000000000002,0,0
3.1659999999999999,0,0
3.1665000000000001,0,0
3.1669999999999998,0,0
3.1675,0,0
3.1680000000000001,0,0
3.1684999999999999,0,0
3.169,0,0
3.1695000000000002,0,0
3.1699999999999999,0,0
3.1705000000000001,0,0
3.1709999999999998,0,0
3.1715,0,0
3.1720000000000002,0,0
3.1724999999999999,0,0
3.173,0,0
3.1735000000000002,0,0
3.1739999999999999,0,0
3.1745000000000001,0,0
3.1749999999999998,0,0
3.1755,0,0
3.1760000000000002,0,0
3.1764999999999999,0,0
3.177,0,0
3.1775000000000002,0,0
3.1779999999999999,0,0
3.1785000000000001,0,0
3.1789999999999998,0,0
3.1795,0,0
3.1800000000000002,0,0
3.1804999999999999,0,0
3.181,0,0
3.1815000000000002,0,0
3.1819999999999999,0,0
3.1825000000000001,0,0
3.1829999999999998,0,0
3.1835,0,0
3.1840000000000002,0,0
3.1844999999999999,0,0
3.1850000000000001,0,0
3.1855000000000002,0,0
3.1859999999999999,0,0
3.1865000000000001,0,0
3.1869999999999998,0,0
3.1875,0,0
3.1880000000000002,0,0
3.1884999999999999,0,0
3.1890000000000001,0,0
3.1894999999999998,0,0
3.1899999999999999,0,0
3.1905000000000001,0,0
3.1909999999999998,0,0
3.1915,0,0
3.1920000000000002,0,0
3.1924999999999999,0,0
3.1930000000000001,0,0
3.1934999999999998,0,0
3.194,0,0
3.1945000000000001,0,0
3.1949999999999998,0,0
3.1955,0,0
3.1960000000000002,0,0
3.1964999999999999,0,0
3.1970000000000001,0,0
3.1974999999999998,0,0
3.198,0,0
3.1985000000000001,0,0
3.1989999999999998,0,0
3.1995,0,0
3.2000000000000002,0,0
3.2004999999999999,0,0
3.2010000000000001,0,0
3.2014999999999998,0,0
3.202,0,0
3.2025000000000001,0,0
3.2029999999999998,0,0
3.2035,0,0
3.2040000000000002,0,0
3.2044999999999999,0,0
3.2050000000000001,0,0
3.2054999999999998,0,0
3.206,0,0
3.2065000000000001,0,0
3.2069999999999999,0,0
3.2075,0,0
3.2080000000000002,0,0
3.2084999999999999,0,0
3.2090000000000001,0,0
3.2094999999999998,0,0
3.21,0,0
3.2105000000000001,0,0
3.2109999999999999,0,0
3.2115,0,0
3.2120000000000002,0,0
3.2124999999999999,0,0
3.2130000000000001,0,0
3.2134999999999998,0,0
3.214,0,0
3.2145000000000001,0,0
3.2149999999999999,0,0
3.2155,0,0
3.2160000000000002,0,0
3.2164999999999999,0,0
3.2170000000000001,0,0
3.2174999999999998,0,0
3.218,0,0
3.2185000000000001,0,0
3.2189999999999999,0,0
3.2195,0,0
3.2200000000000002,0,0
3.2204999999999999,0,0
3.2210000000000001,0,0
3.2214999999999998,0,0
3.222,0,0
3.2225000000000001,0,0
3.2229999999999999,0,0
3.2235,0,0
3.2240000000000002,0,0
3.2244999999999999,0,0
3.2250000000000001,0,0
3.2254999999999998,0,0
3.226,0,0
3.2265000000000001,0,0
3.2269999999999999,0,0
3.2275,0,0
3.2280000000000002,0,0
3.2284999999999999,0,0
3.2290000000000001,0,0
3.2294999999999998,0,0
3.23,0,0
3.2305000000000001,0,0
3.2309999999999999,0,0
3.2315,0,0
3.2320000000000002,0,0
3.2324999999999999,0,0
3.2330000000000001,0,0
3.2334999999999998,0,0
3.234,0,0
3.2345000000000002,0,0
3.2349999999999999,0,0
3.2355,0,0
3.2360000000000002,0,0
3.2364999999999999,0,0
3.2370000000000001,0,0
3.2374999999999998,0,0
3.238,0,0
3.2385000000000002,0,0
3.2389999999999999,0,0
3.2395,0,0
3.2400000000000002,0,0
3.2404999999999999,0,0
3.2410000000000001,0,0
3.2414999999999998,0,0
3.242,0,0
3.2425000000000002,0,0
3.2429999999999999,0,0
3.2435,0,0
3.2440000000000002,0,0
3.2444999999999999,0,0
3.2450000000000001,0,0
3.2454999999999998,0,0
3.246,0,0
3.2465000000000002,0,0
3.2469999999999999,0,0
3.2475000000000001,0,0
3.2480000000000002,0,0
3.2484999999999999,0,0
3.2490000000000001,0,0
3.2494999999999998,0,0
3.25,0,0
3.2505000000000002,0,0
3.2509999999999999,0,0
3.2515000000000001,0,0
3.2519999999999998,0,0
3.2524999999999999,0,0
3.2530000000000001,0,0
3.2534999999999998,0,0
3.254,0,0
3.2545000000000002,0,0
3.2549999999999999,0,0
3.2555000000000001,0,0
3.2559999999999998,0,0
3.2565,0,0
3.2570000000000001,0,0
3.2574999999999998,0,0
3.258,0,0
3.2585000000000002,0,0
3.2589999999999999,0,0
3.2595000000000001,0,0
3.2599999999999998,0,0
3.2605,0,0
3.2610000000000001,0,0
3.2614999999999998,0,0
3.262,0,0
3.2625000000000002,0,0
3.2629999999999999,0,0
3.2635000000000001,0,0
3.2639999999999998,0,0
3.2645,0,0
3.2650000000000001,0,0
3.2654999999999998,0,0
3.266,0,0
3.2665000000000002,0,0
3.2669999999999999,0,0
3.2675000000000001,0,0
3.2679999999999998,0,0
3.2685,0,0
3.2690000000000001,0,0
3.2694999999999999,0,0
3.27,0,0
3.2705000000000002,0,0
3.2709999999999999,0,0
3.2715000000000001,0,0
3.2719999999999998,0,0
3.2725,0,0
3.2730000000000001,0,0
3.2734999999999999,0,0
3.274,0,0
3.2745000000000002,0,0
3.2749999999999999,0,0
3.2755000000000001,0,0
3.2759999999999998,0,0
3.2765,0,0
3.2770000000000001,0,0
3.2774999999999999,0,0
3.278,0,0
3.2785000000000002,0,0
3.2789999999999999,0,0
3.2795000000000001,0,0
3.2799999999999998,0,0
3.2805,0,0
3.2810000000000001,0,0
3.2814999999999999,0,0
3.282,0,0
3.2825000000000002,0,0
3.2829999999999999,0,0
3.2835000000000001,0,0
3.2839999999999998,0,0
3.2845,0,0
3.2850000000000001,0,0
3.2854999999999999,0,0
3.286,0,0
3.2865000000000002,0,0
3.2869999999999999,0,0
3.2875000000000001,0,0
3.2879999999999998,0,0
3.2885,0,0
3.2890000000000001,0,0
3.2894999999999999,0,0
3.29,0,0
3.2905000000000002,0,0
3.2909999999999999,0,0
3.2915000000000001,0,0
3.2919999999999998,0,0
3.2925,0,0
3.2930000000000001,0,0
3.2934999999999999,0,0
3.294,0,0
3.2945000000000002,0,0
3.2949999999999999,0,0
3.2955000000000001,0,0
3.2959999999999998,0,0
3.2965,0,0
3.2970000000000002,0,0
3.2974999999999999,0,0
3.298,0,0
3.2985000000000002,0,0
3.2989999999999999,0,0
3.2995000000000001,0,0
3.2999999999999998,0,0
3.3005,0,0
3.3010000000000002,0,0
3.3014999999999999,0,0
3.302,0,0
3.3025000000000002,0,0
3.3029999999999999,0,0
3.3035000000000001,0,0
3.3039999999999998,0,0
3.3045,0,0
3.3050000000000002,0,0
3.3054999999999999,0,0
3.306,0,0
3.3065000000000002,0,0
3.3069999999999999,0,0
3.3075000000000001,0,0
3.3079999999999998,0,0
3.3085,0,0
3.3090000000000002,0,0
3.3094999999999999,0,0
3.3100000000000001,0,0
3.3105000000000002,0,0
3.3109999999999999,0,0
3.3115000000000001,0,0
3.3119999999999998,0,0
3.3125,0,0
3.3130000000000002,0,0
3.3134999999999999,0,0
3.3140000000000001,0,0
3.3144999999999998,0,0
3.3149999999999999,0,0
3.3155000000000001,0,0
3.3159999999999998,0,0
3.3165,0,0
3.3170000000000002,0,0
3.3174999999999999,0,0
3.3180000000000001,0,0
3.3184999999999998,0,0
3.319,0,0
3.3195000000000001,0,0
3.3199999999999998,0,0
3.3205,0,0
3.3210000000000002,0,0
3.3214999999999999,0,0
3.3220000000000001,0,0
3.3224999999999998,0,0
3.323,0,0
3.3235000000000001,0,0
3.3239999999999998,0,0
3.3245,0,0
3.3250000000000002,0,0
3.3254999999999999,0,0
3.3260000000000001,0,0
3.3264999999999998,0,0
3.327,0,0
3.3275000000000001,0,0
3.3279999999999998,0,0
3.3285,0,0
3.3290000000000002,0,0
3.3294999999999999,0,0
3.3300000000000001,0,0
3.3304999999999998,0,0
3.331,0,0
3.3315000000000001,0,0
3.3319999999999999,0,0
3.3325,0,0
3.3330000000000002,0,0
3.3334999999999999,0,0
3.3340000000000001,0,0
3.3344999999999998,0,0
3.335,0,0
3.3355000000000001,0,0
3.3359999999999999,0,0
3.3365,0,0
3.3370000000000002,0,0
3.3374999999999999,0,0
3.3380000000000001,0,0
3.3384999999999998,0,0
3.339,0,0
3.3395000000000001,0,0
3.3399999999999999,0,0
3.3405,0,0
3.3410000000000002,0,0
3.3414999999999999,0,0
3.3420000000000001,0,0
3.3424999999999998,0,0
3.343,0,0
3.3435000000000001,0,0
3.3439999999999999,0,0
3.3445,0,0
3.3450000000000002,0,0
3.3454999999999999,0,0
3.3460000000000001,0,0
3.3464999999999998,0,0
3.347,0,0
3.3475000000000001,0,0
3.3479999999999999,0,0
3.3485,0,0
3.3490000000000002,0,0
3.3494999999999999,0,0
3.3500000000000001,0,0
3.3504999999999998,0,0
3.351,0,0
3.3515000000000001,0,0
3.3519999999999999,0,0
3.3525,0,0
3.3530000000000002,0,0
3.3534999999999999,0,0
3.3540000000000001,0,0
3.3544999999999998,0,0
3.355,0,0
3.3555000000000001,0,0
3.3559999999999999,0,0
3.3565,0,0
3.3570000000000002,0,0
3.3574999999999999,0,0
3.3580000000000001,0,0
3.3584999999999998,0,0
3.359,0,0
3.3595000000000002,0,0
3.3599999999999999,0,0
3.3605,0,0
3.3610000000000002,0,0
3.3614999999999999,0,0
3.3620000000000001,0,0
3.3624999999999998,0,0
3.363,0,0
3.3635000000000002,0,0
3.3639999999999999,0,0
3.3645,0,0
3.3650000000000002,0,0
3.3654999999999999,0,0
3.3660000000000001,0,0
3.3664999999999998,0,0
3.367,0,0
3.3675000000000002,0,0
3.3679999999999999,0,0
3.3685,0,0
3.3690000000000002,0,0
3.3694999999999999,0,0
3.3700000000000001,0,0
3.3704999999999998,0,0
3.371,0,0
3.3715000000000002,0,0
3.3719999999999999,0,0
3.3725000000000001,0,0
3.3730000000000002,0,0
3.3734999999999999,0,0
3.3740000000000001,0,0
3.3744999999999998,0,0
3.375,0,0
3.3755000000000002,0,0
3.3759999999999999,0,0
3.3765000000000001,0,0
3.3769999999999998,0,0
3.3774999999999999,0,0
3.3780000000000001,0,0
3.3784999999999998,0,0
3.379,0,0
3.3795000000000002,0,0
3.3799999999999999,0,0
3.3805000000000001,0,0
3.3809999999999998,0,0
3.3815,0,0
3.3820000000000001,0,0
3.3824999999999998,0,0
3.383,0,0
3.3835000000000002,0,0
3.3839999999999999,0,0
3.3845000000000001,0,0
3.3849999999999998,0,0
3.3855,0,0
3.3860000000000001,0,0
3.3864999999999998,0,0
3.387,0,0
3.3875000000000002,0,0
3.3879999999999999,0,0
3.3885000000000001,0,0
3.3889999999999998,0,0
3.3895,0,0
3.3900000000000001,0,0
3.3904999999999998,0,0
3.391,0,0
3.3915000000000002,0,0
3.3919999999999999,0,0
3.3925000000000001,0,0
3.3929999999999998,0,0
3.3935,0,0
3.3940000000000001,0,0
3.3944999999999999,0,0
3.395,0,0
3.3955000000000002,0,0
3.3959999999999999,0,0
3.3965000000000001,0,0
3.3969999999999998,0,0
3.3975,0,0
3.3980000000000001,0,0
3.3984999999999999,0,0
3.399,0,0
3.3995000000000002,0,0
3.3999999999999999,0,0
3.4005000000000001,0,0
3.4009999999999998,0,0
3.4015,0,0
3.4020000000000001,0,0
3.4024999999999999,0,0
3.403,0,0
3.4035000000000002,0,0
3.4039999999999999,0,0
3.4045000000000001,0,0
3.4049999999999998,0,0
3.4055,0,0
3.4060000000000001,0,0
3.4064999999999999,0,0
3.407,0,0
3.4075000000000002,0,0
3.4079999999999999,0,0
3.4085000000000001,0,0
3.4089999999999998,0,0
3.4095,0,0
3.4100000000000001,0,0
3.4104999999999999,0,0
3.411,0,0
3.4115000000000002,0,0
3.4119999999999999,0,0
3.4125000000000001,0,0
3.4129999999999998,0,0
3.4135,0,0
3.4140000000000001,0,0
3.4144999999999999,0,0
3.415,0,0
3.4155000000000002,0,0
3.4159999999999999,0,0
3.4165000000000001,0,0
3.4169999999999998,0,0
3.4175,0,0
3.4180000000000001,0,0
3.4184999999999999,0,0
3.419,0,0
3.4195000000000002,0,0
3.4199999999999999,0,0
3.4205000000000001,0,0
3.4209999999999998,0,0
3.4215,0,0
3.4220000000000002,0,0
3.4224999999999999,0,0
3.423,0,0
3.4235000000000002,0,0
3.4239999999999999,0,0
3.4245000000000001,0,0
3.4249999999999998,0,0
3.4255,0,0
3.4260000000000002,0,0
3.4264999999999999,0,0
3.427,0,0
3.4275000000000002,0,0
3.4279999999999999,0,0
3.4285000000000001,0,0
3.4289999999999998,0,0
3.4295,0,0
3.4300000000000002,0,0
3.4304999999999999,0,0
3.431,0,0
3.4315000000000002,0,0
3.4319999999999999,0,0
3.4325000000000001,0,0
3.4329999999999998,0,0
3.4335,0,0
3.4340000000000002,0,0
3.4344999999999999,0,0
3.4350000000000001,0,0
3.4355000000000002,0,0
3.4359999999999999,0,0
3.4365000000000001,0,0
3.4369999999999998,0,0
3.4375,0,0
3.4380000000000002,0,0
3.4384999999999999,0,0
3.4390000000000001,0,0
3.4394999999999998,0,0
3.4399999999999999,0,0
3.4405000000000001,0,0
3.4409999999999998,0,0
3.4415,0,0
3.4420000000000002,0,0
3.4424999999999999,0,0
3.4430000000000001,0,0
3.4434999999999998,0,0
3.444,0,0
3.4445000000000001,0,0
3.4449999999999998,0,0
3.4455,0,0
3.4460000000000002,0,0
3.4464999999999999,0,0
3.4470000000000001,0,0
3.4474999999999998,0,0
3.448,0,0
3.4485000000000001,0,0
3.4489999999999998,0,0
3.4495,0,0
3.4500000000000002,0,0
3.4504999999999999,0,0
3.4510000000000001,0,0
3.4514999999999998,0,0
3.452,0,0
3.4525000000000001,0,0
3.4529999999999998,0,0
3.4535,0,0
3.4540000000000002,0,0
3.4544999999999999,0,0
3.4550000000000001,0,0
3.4554999999999998,0,0
3.456,0,0
3.4565000000000001,0,0
3.4569999999999999,0,0
3.4575,0,0
3.4580000000000002,0,0
3.4584999999999999,0,0
3.4590000000000001,0,0
3.4594999999999998,0,0
3.46,0,0
3.4605000000000001,0,0
3.4609999999999999,0,0
3.4615,0,0
3.4620000000000002,0,0
3.4624999999999999,0,0
3.4630000000000001,0,0
3.4634999999999998,0,0
3.464,0,0
3.4645000000000001,0,0
3.4649999999999999,0,0
3.4655,0,0
3.4660000000000002,0,0
3.4664999999999999,0,0
3.4670000000000001,0,0
3.4674999999999998,0,0
3.468,0,0
3.4685000000000001,0,0
3.4689999999999999,0,0
3.4695,0,0
3.4700000000000002,0,0
3.4704999999999999,0,0
3.4710000000000001,0,0
3.4714999999999998,0,0
3.472,0,0
3.4725000000000001,0,0
3.4729999999999999,0,0
3.4735,0,0
3.4740000000000002,0,0
3.4744999999999999,0,0
3.4750000000000001,0,0
3.4754999999999998,0,0
3.476,0,0
3.4765000000000001,0,0
3.4769999999999999,0,0
3.4775,0,0
3.4780000000000002,0,0
3.4784999999999999,0,0
3.4790000000000001,0,0
3.4794999999999998,0,0
3.48,0,0
3.4805000000000001,0,0
3.4809999999999999,0,0
3.4815,0,0
3.4820000000000002,0,0
3.4824999999999999,0,0
3.4830000000000001,0,0
3.4834999999999998,0,0
3.484,0,0
3.4845000000000002,0,0
3.4849999999999999,0,0
3.4855,0,0
3.4860000000000002,0,0
3.4864999999999999,0,0
3.4870000000000001,0,0
3.4874999999999998,0,0
3.488,0,0
3.4885000000000002,0,0
3.4889999999999999,0,0
3.4895,0,0
3.4900000000000002,0,0
3.4904999999999999,0,0
3.4910000000000001,0,0
3.4914999999999998,0,0
3.492,0,0
3.4925000000000002,0,0
3.4929999999999999,0,0
3.4935,0,0
3.4940000000000002,0,0
3.4944999999999999,0,0
3.4950000000000001,0,0
3.4954999999999998,0,0
3.496,0,0
3.4965000000000002,0,0
3.4969999999999999,0,0
3.4975000000000001,0,0
3.4980000000000002,0,0
3.4984999999999999,0,0
3.4990000000000001,0,0
3.4994999999999998,0,0
3.5,0,0
3.5005000000000002,0,0
3.5009999999999999,0,0
3.5015000000000001,0,0
3.5019999999999998,0,0
3.5024999999999999,0,0
3.5030000000000001,0,0
3.5034999999999998,0,0
3.504,0,0
3.5045000000000002,0,0
3.5049999999999999,0,0
3.5055000000000001,0,0
3.5059999999999998,0,0
3.5065,0,0
3.5070000000000001,0,0
3.5074999999999998,0,0
3.508,0,0
3.5085000000000002,0,0
3.5089999999999999,0,0
3.5095000000000001,0,0
3.5099999999999998,0,0
3.5105,0,0
3.5110000000000001,0,0
3.5114999999999998,0,0
3.512,0,0
3.5125000000000002,0,0
3.5129999999999999,0,0
3.5135000000000001,0,0
3.5139999999999998,0,0
3.5145,0,0
3.5150000000000001,0,0
3.5154999999999998,0,0
3.516,0,0
3.5165000000000002,0,0
3.5169999999999999,0,0
3.5175000000000001,0,0
3.5179999999999998,0,0
3.5185,0,0
3.5190000000000001,0,0
3.5194999999999999,0,0
3.52,0,0
3.5205000000000002,0,0
3.5209999999999999,0,0
3.5215000000000001,0,0
3.5219999999999998,0,0
3.5225,0,0
3.5230000000000001,0,0
3.5234999999999999,0,0
3.524,0,0
3.5245000000000002,0,0
3.5249999999999999,0,0
3.5255000000000001,0,0
3.5259999999999998,0,0
3.5265,0,0
3.5270000000000001,0,0
3.5274999999999999,0,0
3.528,0,0
3.5285000000000002,0,0
3.5289999999999999,0,0
3.5295000000000001,0,0
3.5299999999999998,0,0
3.5305,0,0
3.5310000000000001,0,0
3.5314999999999999,0,0
3.532,0,0
3.5325000000000002,0,0
3.5329999999999999,0,0
3.5335000000000001,0,0
3.5339999999999998,0,0
3.5345,0,0
3.5350000000000001,0,0
3.5354999999999999,0,0
3.536,0,0
3.5365000000000002,0,0
3.5369999999999999,0,0
3.5375000000000001,0,0
3.5379999999999998,0,0
3.5385,0,0
3.5390000000000001,0,0
3.5394999999999999,0,0
3.54,0,0
3.5405000000000002,0,0
3.5409999999999999,0,0
3.5415000000000001,0,0
3.5419999999999998,0,0
3.5425,0,0
3.5430000000000001,0,0
3.5434999999999999,0,0
3.544,0,0
3.5445000000000002,0,0
3.5449999999999999,0,0
3.5455000000000001,0,0
3.5459999999999998,0,0
3.5465,0,0
3.5470000000000002,0,0
3.5474999999999999,0,0
3.548,0,0
3.5485000000000002,0,0
3.5489999999999999,0,0
3.5495000000000001,0,0
3.5499999999999998,0,0
3.5505,0,0
3.5510000000000002,0,0
3.5514999999999999,0,0
3.552,0,0
3.5525000000000002,0,0
3.5529999999999999,0,0
3.5535000000000001,0,0
3.5539999999999998,0,0
3.5545,0,0
3.5550000000000002,0,0
3.5554999999999999,0,0
3.556,0,0
3.5565000000000002,0,0
3.5569999999999999,0,0
3.5575000000000001,0,0
3.5579999999999998,0,0
3.5585,0,0
3.5590000000000002,0,0
3.5594999999999999,0,0
3.5600000000000001,0,0
3.5605000000000002,0,0
3.5609999999999999,0,0
3.5615000000000001,0,0
3.5619999999999998,0,0
3.5625,0,0
3.5630000000000002,0,0
3.5634999999999999,0,0
3.5640000000000001,0,0
3.5644999999999998,0,0
3.5649999999999999,0,0
3.5655000000000001,0,0
3.5659999999999998,0,0
3.5665,0,0
3.5670000000000002,0,0
3.5674999999999999,0,0
3.5680000000000001,0,0
3.5684999999999998,0,0
3.569,0,0
3.5695000000000001,0,0
3.5699999999999998,0,0
3.5705,0,0
3.5710000000000002,0,0
3.5714999999999999,0,0
3.5720000000000001,0,0
3.5724999999999998,0,0
3.573,0,0
3.5735000000000001,0,0
3.5739999999999998,0,0
3.5745,0,0
3.5750000000000002,0,0
3.5754999999999999,0,0
3.5760000000000001,0,0
3.5764999999999998,0,0
3.577,0,0
3.5775000000000001,0,0
3.5779999999999998,0,0
3.5785,0,0
3.5790000000000002,0,0
3.5794999999999999,0,0
3.5800000000000001,0,0
3.5804999999999998,0,0
3.581,0,0
3.5815000000000001,0,0
3.5819999999999999,0,0
3.5825,0,0
3.5830000000000002,0,0
3.5834999999999999,0,0
3.5840000000000001,0,0
3.5844999999999998,0,0
3.585,0,0
3.5855000000000001,0,0
3.5859999999999999,0,0
3.5865,0,0
3.5870000000000002,0,0
3.5874999999999999,0,0
3.5880000000000001,0,0
3.5884999999999998,0,0
3.589,0,0
3.5895000000000001,0,0
3.5899999999999999,0,0
3.5905,0,0
3.5910000000000002,0,0
3.5914999999999999,0,0
3.5920000000000001,0,0
3.5924999999999998,0,0
3.593,0,0
3.5935000000000001,0,0
3.5939999999999999,0,0
3.5945,0,0
3.5950000000000002,0,0
3.5954999999999999,0,0
3.5960000000000001,0,0
3.5964999999999998,0,0
3.597,0,0
3.5975000000000001,0,0
3.5979999999999999,0,0
3.5985,0,0
3.5990000000000002,0,0
3.5994999999999999,0,0
3.6000000000000001,0,0
3.6004999999999998,0,0
3.601,0,0
3.6015000000000001,0,0
3.6019999999999999,0,0
3.6025,0,0
3.6030000000000002,0,0
3.6034999999999999,0,0
3.6040000000000001,0,0
3.6044999999999998,0,0
3.605,0,0
3.6055000000000001,0,0
3.6059999999999999,0,0
3.6065,0,0
3.6070000000000002,0,0
3.6074999999999999,0,0
3.6080000000000001,0,0
3.6084999999999998,0,0
3.609,0,0
3.6095000000000002,0,0
3.6099999999999999,0,0
3.6105,0,0
3.6110000000000002,0,0
3.6114999999999999,0,0
3.6120000000000001,0,0
3.6124999999999998,0,0
3.613,0,0
3.6135000000000002,0,0
3.6139999999999999,0,0
3.6145,0,0
3.6150000000000002,0,0
3.6154999999999999,0,0
3.6160000000000001,0,0
3.6164999999999998,0,0
3.617,0,0
3.6175000000000002,0,0
3.6179999999999999,0,0
3.6185,0,0
3.6190000000000002,0,0
3.6194999999999999,0,0
3.6200000000000001,0,0
3.6204999999999998,0,0
3.621,0,0
3.6215000000000002,0,0
3.6219999999999999,0,0
3.6225000000000001,0,0
3.6230000000000002,0,0
3.6234999999999999,0,0
3.6240000000000001,0,0
3.6244999999999998,0,0
3.625,0,0
3.6255000000000002,0,0
3.6259999999999999,0,0
3.6265000000000001,0,0
3.6269999999999998,0,0
3.6274999999999999,0,0
3.6280000000000001,0,0
3.6284999999999998,0,0
3.629,0,0
3.6295000000000002,0,0
3.6299999999999999,0,0
3.6305000000000001,0,0
3.6309999999999998,0,0
3.6315,0,0
3.6320000000000001,0,0
3.6324999999999998,0,0
3.633,0,0
3.6335000000000002,0,0
3.6339999999999999,0,0
3.6345000000000001,0,0
3.6349999999999998,0,0
3.6355,0,0
3.6360000000000001,0,0
3.6364999999999998,0,0
3.637,0,0
3.6375000000000002,0,0
3.6379999999999999,0,0
3.6385000000000001,0,0
3.6389999999999998,0,0
3.6395,0,0
3.6400000000000001,0,0
3.6404999999999998,0,0
3.641,0,0
3.6415000000000002,0,0
3.6419999999999999,0,0
3.6425000000000001,0,0
3.6429999999999998,0,0
3.6435,0,0
3.6440000000000001,0,0
3.6444999999999999,0,0
3.645,0,0
3.6455000000000002,0,0
3.6459999999999999,0,0
3.6465000000000001,0,0
3.6469999999999998,0,0
3.6475,0,0
3.6480000000000001,0,0
3.6484999999999999,0,0
3.649,0,0
3.6495000000000002,0,0
3.6499999999999999,0,0
3.6505000000000001,0,0
3.6509999999999998,0,0
3.6515,0,0
3.6520000000000001,0,0
3.6524999999999999,0,0
3.653,0,0
3.6535000000000002,0,0
3.6539999999999999,0,0
3.6545000000000001,0,0
3.6549999999999998,0,0
3.6555,0,0
3.6560000000000001,0,0
3.6564999999999999,0,0
3.657,0,0
3.6575000000000002,0,0
3.6579999999999999,0,0
3.6585000000000001,0,0
3.6589999999999998,0,0
3.6595,0,0
3.6600000000000001,0,0
3.6604999999999999,0,0
3.661,0,0
3.6615000000000002,0,0
3.6619999999999999,0,0
3.6625000000000001,0,0
3.6629999999999998,0,0
3.6635,0,0
3.6640000000000001,0,0
3.6644999999999999,0,0
3.665,0,0
3.6655000000000002,0,0
3.6659999999999999,0,0
3.6665000000000001,0,0
3.6669999999999998,0,0
3.6675,0,0
3.6680000000000001,0,0
3.6684999999999999,0,0
3.669,0,0
3.6695000000000002,0,0
3.6699999999999999,0,0
3.6705000000000001,0,0
3.6709999999999998,0,0
3.6715,0,0
3.6720000000000002,0,0
3.6724999999999999,0,0
3.673,0,0
3.6735000000000002,0,0
3.6739999999999999,0,0
3.6745000000000001,0,0
3.6749999999999998,0,0
3.6755,0,0
3.6760000000000002,0,0
3.6764999999999999,0,0
3.677,0,0
3.6775000000000002,0,0
3.6779999999999999,0,0
3.6785000000000001,0,0
3.6789999999999998,0,0
3.6795,0,0
3.6800000000000002,0,0
3.6804999999999999,0,0
3.681,0,0
3.6815000000000002,0,0
3.6819999999999999,0,0
3.6825000000000001,0,0
3.6829999999999998,0,0
3.6835,0,0
3.6840000000000002,0,0
3.6844999999999999,0,0
3.6850000000000001,0,0
3.6855000000000002,0,0
3.6859999999999999,0,0
3.6865000000000001,0,0
3.6869999999999998,0,0
3.6875,0,0
3.6880000000000002,0,0
3.6884999999999999,0,0
3.6890000000000001,0,0
3.6894999999999998,0,0
3.6899999999999999,0,0
3.6905000000000001,0,0
3.6909999999999998,0,0
3.6915,0,0
3.6920000000000002,0,0
3.6924999999999999,0,0
3.6930000000000001,0,0
3.6934999999999998,0,0
3.694,0,0
3.6945000000000001,0,0
3.6949999999999998,0,0
3.6955,0,0
3.6960000000000002,0,0
3.6964999999999999,0,0
3.6970000000000001,0,0
3.6974999999999998,0,0
3.698,0,0
3.6985000000000001,0,0
3.6989999999999998,0,0
3.6995,0,0
3.7000000000000002,0,0
3.7004999999999999,0,0
3.7010000000000001,0,0
3.7014999999999998,0,0
3.702,0,0
3.7025000000000001,0,0
3.7029999999999998,0,0
3.7035,0,0
3.7040000000000002,0,0
3.7044999999999999,0,0
3.7050000000000001,0,0
3.7054999999999998,0,0
3.706,0,0
3.7065000000000001,0,0
3.7069999999999999,0,0
3.7075,0,0
3.7080000000000002,0,0
3.7084999999999999,0,0
3.7090000000000001,0,0
3.7094999999999998,0,0
3.71,0,0
3.7105000000000001,0,0
3.7109999999999999,0,0
3.7115,0,0
3.7120000000000002,0,0
3.7124999999999999,0,0
3.7130000000000001,0,0
3.7134999999999998,0,0
3.714,0,0
3.7145000000000001,0,0
3.7149999999999999,0,0
3.7155,0,0
3.7160000000000002,0,0
3.7164999999999999,0,0
3.7170000000000001,0,0
3.7174999999999998,0,0
3.718,0,0
3.7185000000000001,0,0
3.7189999999999999,0,0
3.7195,0,0
3.7200000000000002,0,0
3.7204999999999999,0,0
3.7210000000000001,0,0
3.7214999999999998,0,0
3.722,0,0
3.7225000000000001,0,0
3.7229999999999999,0,0
3.7235,0,0
3.7240000000000002,0,0
3.7244999999999999,0,0
3.7250000000000001,0,0
3.7254999999999998,0,0
3.726,0,0
3.7265000000000001,0,0
3.7269999999999999,0,0
3.7275,0,0
3.7280000000000002,0,0
3.7284999999999999,0,0
3.7290000000000001,0,0
3.7294999999999998,0,0
3.73,0,0
3.7305000000000001,0,0
3.7309999999999999,0,0
3.7315,0,0
3.7320000000000002,0,0
3.7324999999999999,0,0
3.7330000000000001,0,0
3.7334999999999998,0,0
3.734,0,0
3.7345000000000002,0,0
3.7349999999999999,0,0
3.7355,0,0
3.7360000000000002,0,0
3.7364999999999999,0,0
3.7370000000000001,0,0
3.7374999999999998,0,0
3.738,0,0
3.7385000000000002,0,0
3.7389999999999999,0,0
3.7395,0,0
3.7400000000000002,0,0
3.7404999999999999,0,0
3.7410000000000001,0,0
3.7414999999999998,0,0
3.742,0,0
3.7425000000000002,0,0
3.7429999999999999,0,0
3.7435,0,0
3.7440000000000002,0,0
3.7444999999999999,0,0
3.7450000000000001,0,0
3.7454999999999998,0,0
3.746,0,0
3.7465000000000002,0,0
3.7469999999999999,0,0
3.7475000000000001,0,0
3.7480000000000002,0,0
3.7484999999999999,0,0
3.7490000000000001,0,0
3.7494999999999998,0,0
3.75,0,0
3.7505000000000002,0,0
3.7509999999999999,0,0
3.7515000000000001,0,0
3.7519999999999998,0,0
3.7524999999999999,0,0
3.7530000000000001,0,0
3.7534999999999998,0,0
3.754,0,0
3.7545000000000002,0,0
3.7549999999999999,0,0
3.7555000000000001,0,0
3.7559999999999998,0,0
3.7565,0,0
3.7570000000000001,0,0
3.7574999999999998,0,0
3.758,0,0
3.7585000000000002,0,0
3.7589999999999999,0,0
3.7595000000000001,0,0
3.7599999999999998,0,0
3.7605,0,0
3.7610000000000001,0,0
3.7614999999999998,0,0
3.762,0,0
3.7625000000000002,0,0
3.7629999999999999,0,0
3.7635000000000001,0,0
3.7639999999999998,0,0
3.7645,0,0
3.7650000000000001,0,0
3.7654999999999998,0,0
3.766,0,0
3.7665000000000002,0,0
3.7669999999999999,0,0
3.7675000000000001,0,0
3.7679999999999998,0,0
3.7685,0,0
3.7690000000000001,0,0
3.7694999999999999,0,0
3.77,0,0
3.7705000000000002,0,0
3.7709999999999999,0,0
3.7715000000000001,0,0
3.7719999999999998,0,0
3.7725,0,0
3.7730000000000001,0,0
3.7734999999999999,0,0
3.774,0,0
3.7745000000000002,0,0
3.7749999999999999,0,0
3.7755000000000001,0,0
3.7759999999999998,0,0
3.7765,0,0
3.7770000000000001,0,0
3.7774999999999999,0,0
3.778,0,0
3.7785000000000002,0,0
3.7789999999999999,0,0
3.7795000000000001,0,0
3.7799999999999998,0,0
3.7805,0,0
3.7810000000000001,0,0
3.7814999999999999,0,0
3.782,0,0
3.7825000000000002,0,0
3.7829999999999999,0,0
3.7835000000000001,0,0
3.7839999999999998,0,0
3.7845,0,0
3.7850000000000001,0,0
3.7854999999999999,0,0
3.786,0,0
3.7865000000000002,0,0
3.7869999999999999,0,0
3.7875000000000001,0,0
3.7879999999999998,0,0
3.7885,0,0
3.7890000000000001,0,0
3.7894999999999999,0,0
3.79,0,0
3.7905000000000002,0,0
3.7909999999999999,0,0
3.7915000000000001,0,0
3.7919999999999998,0,0
3.7925,0,0
3.7930000000000001,0,0
3.7934999999999999,0,0
3.794,0,0
3.7945000000000002,0,0
3.7949999999999999,0,0
3.7955000000000001,0,0
3.7959999999999998,0,0
3.7965,0,0
3.7970000000000002,0,0
3.7974999999999999,0,0
3.798,0,0
3.7985000000000002,0,0
3.7989999999999999,0,0
3.7995000000000001,0,0
3.7999999999999998,0,0
3.8005,0,0
3.8010000000000002,0,0
3.8014999999999999,0,0
3.802,0,0
3.8025000000000002,0,0
3.8029999999999999,0,0
3.8035000000000001,0,0
3.8039999999999998,0,0
3.8045,0,0
3.8050000000000002,0,0
3.8054999999999999,0,0
3.806,0,0
3.8065000000000002,0,0
3.8069999999999999,0,0
3.8075000000000001,0,0
3.8079999999999998,0,0
3.8085,0,0
3.8090000000000002,0,0
3.8094999999999999,0,0
3.8100000000000001,0,0
3.8105000000000002,0,0
3.8109999999999999,0,0
3.8115000000000001,0,0
3.8119999999999998,0,0
3.8125,0,0
3.8130000000000002,0,0
3.8134999999999999,0,0
3.8140000000000001,0,0
3.8144999999999998,0,0
3.8149999999999999,0,0
3.8155000000000001,0,0
3.8159999999999998,0,0
3.8165,0,0
3.8170000000000002,0,0
3.8174999999999999,0,0
3.8180000000000001,0,0
3.8184999999999998,0,0
3.819,0,0
3.8195000000000001,0,0
3.8199999999999998,0,0
3.8205,0,0
3.8210000000000002,0,0
3.8214999999999999,0,0
3.8220000000000001,0,0
3.8224999999999998,0,0
3.823,0,0
3.8235000000000001,0,0
3.8239999999999998,0,0
3.8245,0,0
3.8250000000000002,0,0
3.8254999999999999,0,0
3.8260000000000001,0,0
3.8264999999999998,0,0
3.827,0,0
3.8275000000000001,0,0
3.8279999999999998,0,0
3.8285,0,0
3.8290000000000002,0,0
3.8294999999999999,0,0
3.8300000000000001,0,0
3.8304999999999998,0,0
3.831,0,0
3.8315000000000001,0,0
3.8319999999999999,0,0
3.8325,0,0
3.8330000000000002,0,0
3.8334999999999999,0,0
3.8340000000000001,0,0
3.8344999999999998,0,0
3.835,0,0
3.8355000000000001,0,0
3.8359999999999999,0,0
3.8365,0,0
3.8370000000000002,0,0
3.8374999999999999,0,0
3.8380000000000001,0,0
3.8384999999999998,0,0
3.839,0,0
3.8395000000000001,0,0
3.8399999999999999,0,0
3.8405,0,0
3.8410000000000002,0,0
3.8414999999999999,0,0
3.8420000000000001,0,0
3.8424999999999998,0,0
3.843,0,0
3.8435000000000001,0,0
3.8439999999999999,0,0
3.8445,0,0
3.8450000000000002,0,0
3.8454999999999999,0,0
3.8460000000000001,0,0
3.8464999999999998,0,0
3.847,0,0
3.8475000000000001,0,0
3.8479999999999999,0,0
3.8485,0,0
3.8490000000000002,0,0
3.8494999999999999,0,0
3.8500000000000001,0,0
3.8504999999999998,0,0
3.851,0,0
3.8515000000000001,0,0
3.8519999999999999,0,0
3.8525,0,0
3.8530000000000002,0,0
3.8534999999999999,0,0
3.8540000000000001,0,0
3.8544999999999998,0,0
3.855,0,0
3.8555000000000001,0,0
3.8559999999999999,0,0
3.8565,0,0
3.8570000000000002,0,0
3.8574999999999999,0,0
3.8580000000000001,0,0
3.8584999999999998,0,0
3.859,0,0
3.8595000000000002,0,0
3.8599999999999999,0,0
3.8605,0,0
3.8610000000000002,0,0
3.8614999999999999,0,0
3.8620000000000001,0,0
3.8624999999999998,0,0
3.863,0,0
3.8635000000000002,0,0
3.8639999999999999,0,0
3.8645,0,0
3.8650000000000002,0,0
3.8654999999999999,0,0
3.8660000000000001,0,0
3.8664999999999998,0,0
3.867,0,0
3.8675000000000002,0,0
3.8679999999999999,0,0
3.8685,0,0
3.8690000000000002,0,0
3.8694999999999999,0,0
3.8700000000000001,0,0
3.8704999999999998,0,0
3.871,0,0
3.8715000000000002,0,0
3.8719999999999999,0,0
3.8725000000000001,0,0
3.8730000000000002,0,0
3.8734999999999999,0,0
3.8740000000000001,0,0
3.8744999999999998,0,0
3.875,0,0
3.8755000000000002,0,0
3.8759999999999999,0,0
3.8765000000000001,0,0
3.8769999999999998,0,0
3.8774999999999999,0,0
3.8780000000000001,0,0
3.8784999999999998,0,0
3.879,0,0
3.8795000000000002,0,0
3.8799999999999999,0,0
3.8805000000000001,0,0
3.8809999999999998,0,0
3.8815,0,0
3.8820000000000001,0,0
3.8824999999999998,0,0
3.883,0,0
3.8835000000000002,0,0
3.8839999999999999,0,0
3.8845000000000001,0,0
3.8849999999999998,0,0
3.8855,0,0
3.8860000000000001,0,0
3.8864999999999998,0,0
3.887,0,0
3.8875000000000002,0,0
3.8879999999999999,0,0
3.8885000000000001,0,0
3.8889999999999998,0,0
3.8895,0,0
3.8900000000000001,0,0
3.8904999999999998,0,0
3.891,0,0
3.8915000000000002,0,0
3.8919999999999999,0,0
3.8925000000000001,0,0
3.8929999999999998,0,0
3.8935,0,0
3.8940000000000001,0,0
3.8944999999999999,0,0
3.895,0,0
3.8955000000000002,0,0
3.8959999999999999,0,0
3.8965000000000001,0,0
3.8969999999999998,0,0
3.8975,0,0
3.8980000000000001,0,0
3.8984999999999999,0,0
3.899,0,0
3.8995000000000002,0,0
3.8999999999999999,0,0
3.9005000000000001,0,0
3.9009999999999998,0,0
3.9015,0,0
3.9020000000000001,0,0
3.9024999999999999,0,0
3.903,0,0
3.9035000000000002,0,0
3.9039999999999999,0,0
3.9045000000000001,0,0
3.9049999999999998,0,0
3.9055,0,0
3.9060000000000001,0,0
3.9064999999999999,0,0
3.907,0,0
3.9075000000000002,0,0
3.9079999999999999,0,0
3.9085000000000001,0,0
3.9089999999999998,0,0
3.9095,0,0
3.9100000000000001,0,0
3.9104999999999999,0,0
3.911,0,0
3.9115000000000002,0,0
3.9119999999999999,0,0
3.9125000000000001,0,0
3.9129999999999998,0,0
3.9135,0,0
3.9140000000000001,0,0
3.9144999999999999,0,0
3.915,0,0
3.9155000000000002,0,0
3.9159999999999999,0,0
3.9165000000000001,0,0
3.9169999999999998,0,0
3.9175,0,0
3.9180000000000001,0,0
3.9184999999999999,0,0
3.919,0,0
3.9195000000000002,0,0
3.9199999999999999,0,0
3.9205000000000001,0,0
3.9209999999999998,0,0
3.9215,0,0
3.9220000000000002,0,0
3.9224999999999999,0,0
3.923,0,0
3.9235000000000002,0,0
3.9239999999999999,0,0
3.9245000000000001,0,0
3.9249999999999998,0,0
3.9255,0,0
3.9260000000000002,0,0
3.9264999999999999,0,0
3.927,0,0
3.9275000000000002,0,0
3.9279999999999999,0,0
3.9285000000000001,0,0
3.9289999999999998,0,0
3.9295,0,0
3.9300000000000002,0,0
3.9304999999999999,0,0
3.931,0,0
3.9315000000000002,0,0
3.9319999999999999,0,0
3.9325000000000001,0,0
3.9329999999999998,0,0
3.9335,0,0
3.9340000000000002,0,0
3.9344999999999999,0,0
3.9350000000000001,0,0
3.9355000000000002,0,0
3.9359999999999999,0,0
3.9365000000000001,0,0
3.9369999999999998,0,0
3.9375,0,0
3.9380000000000002,0,0
3.9384999999999999,0,0
3.9390000000000001,0,0
3.9394999999999998,0,0
3.9399999999999999,0,0
3.9405000000000001,0,0
3.9409999999999998,0,0
3.9415,0,0
3.9420000000000002,0,0
3.9424999999999999,0,0
3.9430000000000001,0,0
3.9434999999999998,0,0
3.944,0,0
3.9445000000000001,0,0
3.9449999999999998,0,0
3.9455,0,0
3.9460000000000002,0,0
3.9464999999999999,0,0
3.9470000000000001,0,0
3.9474999999999998,0,0
3.948,0,0
3.9485000000000001,0,0
3.9489999999999998,0,0
3.9495,0,0
3.9500000000000002,0,0
3.9504999999999999,0,0
3.9510000000000001,0,0
3.9514999999999998,0,0
3.952,0,0
3.9525000000000001,0,0
3.9529999999999998,0,0
3.9535,0,0
3.9540000000000002,0,0
3.9544999999999999,0,0
3.9550000000000001,0,0
3.9554999999999998,0,0
3.956,0,0
3.9565000000000001,0,0
3.9569999999999999,0,0
3.9575,0,0
3.9580000000000002,0,0
3.9584999999999999,0,0
3.9590000000000001,0,0
3.9594999999999998,0,0
3.96,0,0
3.9605000000000001,0,0
3.9609999999999999,0,0
3.9615,0,0
3.9620000000000002,0,0
3.9624999999999999,0,0
3.9630000000000001,0,0
3.9634999999999998,0,0
3.964,0,0
3.9645000000000001,0,0
3.9649999999999999,0,0
3.9655,0,0
3.9660000000000002,0,0
3.9664999999999999,0,0
3.9670000000000001,0,0
3.9674999999999998,0,0
3.968,0,0
3.9685000000000001,0,0
3.9689999999999999,0,0
3.9695,0,0
3.9700000000000002,0,0
3.9704999999999999,0,0
3.9710000000000001,0,0
3.9714999999999998,0,0
3.972,0,0
3.9725000000000001,0,0
3.9729999999999999,0,0
3.9735,0,0
3.9740000000000002,0,0
3.9744999999999999,0,0
3.9750000000000001,0,0
3.9754999999999998,0,0
3.976,0,0
3.9765000000000001,0,0
3.9769999999999999,0,0
3.9775,0,0
3.9780000000000002,0,0
3.9784999999999999,0,0
3.9790000000000001,0,0
3.9794999999999998,0,0
3.98,0,0
3.9805000000000001,0,0
3.9809999999999999,0,0
3.9815,0,0
3.9820000000000002,0,0
3.9824999999999999,0,0
3.9830000000000001,0,0
3.9834999999999998,0,0
3.984,0,0
3.9845000000000002,0,0
3.9849999999999999,0,0
3.9855,0,0
3.9860000000000002,0,0
3.9864999999999999,0,0
3.9870000000000001,0,0
3.9874999999999998,0,0
3.988,0,0
3.9885000000000002,0,0
3.9889999999999999,0,0
3.9895,0,0
3.9900000000000002,0,0
3.9904999999999999,0,0
3.9910000000000001,0,0
3.9914999999999998,0,0
3.992,0,0
3.9925000000000002,0,0
3.9929999999999999,0,0
3.9935,0,0
3.9940000000000002,0,0
3.9944999999999999,0,0
3.9950000000000001,0,0
3.9954999999999998,0,0
3.996,0,0
3.9965000000000002,0,0
3.9969999999999999,0,0
3.9975000000000001,0,0
3.9980000000000002,0,0
3.9984999999999999,0,0
3.9990000000000001,0,0
3.9994999999999998,0,0
4,0,0
4.0004999999999997,0,0
4.0010000000000003,0,0
4.0015000000000001,0,0
4.0019999999999998,0,0
4.0025000000000004,0,0
4.0030000000000001,0,0
4.0034999999999998,0,0
4.0039999999999996,0,0
4.0045000000000002,0,0
4.0049999999999999,0,0
4.0054999999999996,0,0
4.0060000000000002,0,0
4.0065,0,0
4.0069999999999997,0,0
4.0075000000000003,0,0
4.008,0,0
4.0084999999999997,0,0
4.0090000000000003,0,0
4.0095000000000001,0,0
4.0099999999999998,0,0
4.0105000000000004,0,0
4.0110000000000001,0,0
4.0114999999999998,0,0
4.0119999999999996,0,0
4.0125000000000002,0,0
4.0129999999999999,0,0
4.0134999999999996,0,0
4.0140000000000002,0,0
4.0145,0,0
4.0149999999999997,0,0
4.0155000000000003,0,0
4.016,0,0
4.0164999999999997,0,0
4.0170000000000003,0,0
4.0175000000000001,0,0
4.0179999999999998,0,0
4.0185000000000004,0,0
4.0190000000000001,0,0
4.0194999999999999,0,0
4.0199999999999996,0,0
4.0205000000000002,0,0
4.0209999999999999,0,0
4.0214999999999996,0,0
4.0220000000000002,0,0
4.0225,0,0
4.0229999999999997,0,0
4.0235000000000003,0,0
4.024,0,0
4.0244999999999997,0,0
4.0250000000000004,0,0
4.0255000000000001,0,0
4.0259999999999998,0,0
4.0265000000000004,0,0
4.0270000000000001,0,0
4.0274999999999999,0,0
4.0279999999999996,0,0
4.0285000000000002,0,0
4.0289999999999999,0,0
4.0294999999999996,0,0
4.0300000000000002,0,0
4.0305,0,0
4.0309999999999997,0,0
4.0315000000000003,0,0
4.032,0,0
4.0324999999999998,0,0
4.0330000000000004,0,0
4.0335000000000001,0,0
4.0339999999999998,0,0
4.0345000000000004,0,0
4.0350000000000001,0,0
4.0354999999999999,0,0
4.0359999999999996,0,0
4.0365000000000002,0,0
4.0369999999999999,0,0
4.0374999999999996,0,0
4.0380000000000003,0,0
4.0385,0,0
4.0389999999999997,0,0
4.0395000000000003,0,0
4.04,0,0
4.0404999999999998,0,0
4.0410000000000004,0,0
4.0415000000000001,0,0
4.0419999999999998,0,0
4.0425000000000004,0,0
4.0430000000000001,0,0
4.0434999999999999,0,0
4.0439999999999996,0,0
4.0445000000000002,0,0
4.0449999999999999,0,0
4.0454999999999997,0,0
4.0460000000000003,0,0
4.0465,0,0
4.0469999999999997,0,0
4.0475000000000003,0,0
4.048,0,0
4.0484999999999998,0,0
4.0490000000000004,0,0
4.0495000000000001,0,0
4.0499999999999998,0,0
4.0505000000000004,0,0
4.0510000000000002,0,0
4.0514999999999999,0,0
4.0519999999999996,0,0
4.0525000000000002,0,0
4.0529999999999999,0,0
4.0534999999999997,0,0
4.0540000000000003,0,0
4.0545,0,0
4.0549999999999997,0,0
4.0555000000000003,0,0
4.056,0,0
4.0564999999999998,0,0
4.0570000000000004,0,0
4.0575000000000001,0,0
4.0579999999999998,0,0
4.0585000000000004,0,0
4.0590000000000002,0,0
4.0594999999999999,0,0
4.0599999999999996,0,0
4.0605000000000002,0,0
4.0609999999999999,0,0
4.0614999999999997,0,0
4.0620000000000003,0,0
4.0625,0,0
4.0629999999999997,0,0
4.0635000000000003,0,0
4.0640000000000001,0,0
4.0644999999999998,0,0
4.0650000000000004,0,0
4.0655000000000001,0,0
4.0659999999999998,0,0
4.0664999999999996,0,0
4.0670000000000002,0,0
4.0674999999999999,0,0
4.0679999999999996,0,0
4.0685000000000002,0,0
4.069,0,0
4.0694999999999997,0,0
4.0700000000000003,0,0
4.0705,0,0
4.0709999999999997,0,0
4.0715000000000003,0,0
4.0720000000000001,0,0
4.0724999999999998,0,0
4.0730000000000004,0,0
4.0735000000000001,0,0
4.0739999999999998,0,0
4.0744999999999996,0,0
4.0750000000000002,0,0
4.0754999999999999,0,0
4.0759999999999996,0,0
4.0765000000000002,0,0
4.077,0,0
4.0774999999999997,0,0
4.0780000000000003,0,0
4.0785,0,0
4.0789999999999997,0,0
4.0795000000000003,0,0
4.0800000000000001,0,0
4.0804999999999998,0,0
4.0810000000000004,0,0
4.0815000000000001,0,0
4.0819999999999999,0,0
4.0824999999999996,0,0
4.0830000000000002,0,0
4.0834999999999999,0,0
4.0839999999999996,0,0
4.0845000000000002,0,0
4.085,0,0
4.0854999999999997,0,0
4.0860000000000003,0,0
4.0865,0,0
4.0869999999999997,0,0
4.0875000000000004,0,0
4.0880000000000001,0,0
4.0884999999999998,0,0
4.0890000000000004,0,0
4.0895000000000001,0,0
4.0899999999999999,0,0
4.0904999999999996,0,0
4.0910000000000002,0,0
4.0914999999999999,0,0
4.0919999999999996,0,0
4.0925000000000002,0,0
4.093,0,0
4.0934999999999997,0,0
4.0940000000000003,0,0
4.0945,0,0
4.0949999999999998,0,0
4.0955000000000004,0,0
4.0960000000000001,0,0
4.0964999999999998,0,0
4.0970000000000004,0,0
4.0975000000000001,0,0
4.0979999999999999,0,0
4.0984999999999996,0,0
4.0990000000000002,0,0
4.0994999999999999,0,0
4.0999999999999996,0,0
4.1005000000000003,0,0
4.101,0,0
4.1014999999999997,0,0
4.1020000000000003,0,0
4.1025,0,0
4.1029999999999998,0,0
4.1035000000000004,0,0
4.1040000000000001,0,0
4.1044999999999998,0,0
4.1050000000000004,0,0
4.1055000000000001,0,0
4.1059999999999999,0,0
4.1064999999999996,0,0
4.1070000000000002,0,0
4.1074999999999999,0,0
4.1079999999999997,0,0
4.1085000000000003,0,0
4.109,0,0
4.1094999999999997,0,0
4.1100000000000003,0,0
4.1105,0,0
4.1109999999999998,0,0
4.1115000000000004,0,0
4.1120000000000001,0,0
4.1124999999999998,0,0
4.1130000000000004,0,0
4.1135000000000002,0,0
4.1139999999999999,0,0
4.1144999999999996,0,0
4.1150000000000002,0,0
4.1154999999999999,0,0
4.1159999999999997,0,0
4.1165000000000003,0,0
4.117,0,0
4.1174999999999997,0,0
4.1180000000000003,0,0
4.1185,0,0
4.1189999999999998,0,0
4.1195000000000004,0,0
4.1200000000000001,0,0
4.1204999999999998,0,0
4.1210000000000004,0,0
4.1215000000000002,0,0
4.1219999999999999,0,0
4.1224999999999996,0,0
4.1230000000000002,0,0
4.1234999999999999,0,0
4.1239999999999997,0,0
4.1245000000000003,0,0
4.125,0,0
4.1254999999999997,0,1.1102230246251566e-17
4.1260000000000003,0,2.2204460492503132e-17
4.1265000000000001,0,4.4408920985006264e-17
4.1269999999999998,0,8.8817841970012528e-17
4.1275000000000004,0,1.6653345369377348e-16
4.1280000000000001,0,2.8865798640254071e-16
4.1284999999999998,0,4.6629367034256577e-16
4.1289999999999996,0,7.3274719625260328e-16
4.1295000000000002,0,1.1324274851176596e-15
4.1299999999999999,0,1.7319479184152442e-15
4.1304999999999996,0,2.6090241078691179e-15
4.1310000000000002,0,3.8746783559417962e-15
4.1315,0,5.6954441163270527e-15
4.1319999999999997,0,8.2822637637036672e-15
4.1325000000000003,0,1.1923795284474182e-14
4.133,0,1.7030821197749902e-14
4.1334999999999997,0,2.4125146325104653e-14
4.1340000000000003,0,3.3906211172052278e-14
4.1345000000000001,0,4.7328807539770425e-14
4.1349999999999998,0,6.563638521583926e-14
4.1355000000000004,0,9.0449869816211508e-14
4.1360000000000001,0,1.2387868508767496e-13
4.1364999999999998,0,1.6868728636154629e-13
4.1369999999999996,0,2.2841728508637972e-13
4.1375000000000002,0,3.0762059566313839e-13
4.1379999999999999,0,4.1212588897110435e-13
4.1384999999999996,0,5.4933835258452746e-13
4.1390000000000002,0,7.2866157552198272e-13
4.1395,0,9.619305352259743e-13
4.1399999999999997,0,1.2640333224567257e-12
4.1405000000000003,0,1.6535772751069544e-12
4.141,0,2.1537549521610798e-12
4.1414999999999997,0,2.7933433344173864e-12
4.1420000000000003,0,3.6079250698151099e-12
4.1425000000000001,0,4.641320661136206e-12
4.1429999999999998,0,5.9473093116935159e-12
4.1435000000000004,0,7.5916828379263282e-12
4.1440000000000001,0,9.6545882399823316e-12
4.1444999999999999,0,1.2233392077121153e-11
4.1449999999999996,0,1.5445988932327737e-11
4.1455000000000002,0,1.9434598375056565e-11
4.1459999999999999,0,2.4370339080093117e-11
4.1464999999999996,0,3.0458391364618363e-11
4.1470000000000002,0,3.7944092312613975e-11
4.1475,0,4.7119896873226706e-11
4.1479999999999997,0,5.8333471386617925e-11
4.1485000000000003,0,7.199686402614702e-11
4.149,0,8.8597162939407786e-11
4.1494999999999997,0,1.0870858657696658e-10
4.1500000000000004,0,1.3300626156009797e-10
4.1505000000000001,0,1.6228192123435293e-10
4.1509999999999998,0,1.9746169144241322e-10
4.1515000000000004,0,2.3962620776529775e-10
4.1520000000000001,0,2.9003331958321609e-10
4.1524999999999999,0,3.5014369181851634e-10
4.1529999999999996,0,4.2164953750756239e-10
4.1535000000000002,0,5.0650685867736913e-10
4.1539999999999999,0,6.0697143977606063e-10
4.1544999999999996,0,7.2563913766643393e-10
4.1550000000000002,0,8.6549071243169349e-10
4.1555,0,1.0299416763892566e-09
4.1559999999999997,0,1.2228976054018404e-09
4.1565000000000003,0,1.4488154009839604e-09
4.157,0,1.7127710472131241e-09
4.1574999999999998,0,2.0205342177170849e-09
4.1580000000000004,0,2.3786506875289603e-09
4.1585000000000001,0,2.7945327274458977e-09
4.1589999999999998,0,3.2765583912741648e-09
4.1595000000000004,0,3.8341802843788738e-09
4.1600000000000001,0,4.4780445573877616e-09
4.1604999999999999,0,5.2201207467739156e-09
4.1609999999999996,0,6.0738434393137199e-09
4.1615000000000002,0,7.0542663599404424e-09
4.1619999999999999,0,8.1782299377053385e-09
4.1624999999999996,0,9.464543027082329e-09
4.1630000000000003,0,1.0934179850430325e-08
4.1635,0,1.2610493083098363e-08
4.1639999999999997,0,1.4519444024863049e-08
4.1645000000000003,0,1.6689850912410263e-08
4.165,0,1.9153656405368479e-08
4.1654999999999998,0,2.1946215411627889e-08
4.1660000000000004,0,2.5106604195634929e-08
4.1665000000000001,0,2.8677952124134265e-08
4.1669999999999998,0,3.2707797126274582e-08
4.1675000000000004,0,3.7248465989403459e-08
4.1680000000000001,0,4.2357480845023329e-08
4.1684999999999999,0,4.8097993088358493e-08
4.1689999999999996,0,5.453924585285819e-08
4.1695000000000002,0,6.1757066527334817e-08
4.1699999999999999,0,6.9834390403755725e-08
4.1704999999999997,0,7.8861816965591913e-08
4.1710000000000003,0,8.8938199915844507e-08
4.1715,0,1.001712724990611e-07
4.1719999999999997,0,1.1267830917205401e-07
4.1725000000000003,0,1.2658682514432583e-07
4.173,0,1.4203531495393662e-07
4.1734999999999998,0,1.5917403142218234e-07
4.1740000000000004,0,1.7816580619722799e-07
4.1745000000000001,0,1.9918691313014492e-07
4.1749999999999998,0,2.224279757379044e-07
4.1755000000000004,0,2.4809491980803957e-07
4.1760000000000002,0,2.7640997229960718e-07
4.1764999999999999,0,3.0761270768397965e-07
4.1769999999999996,0,3.4196114253592922e-07
4.1775000000000002,0,3.7973287944081944e-07
4.1779999999999999,0,4.2122630110608129e-07
4.1784999999999997,0,4.6676181534310859e-07
4.1790000000000003,0,5.1668315166342187e-07
4.1795,0,5.7135871005531409e-07
4.1799999999999997,0,6.3118296254049968e-07
4.1805000000000003,0,6.9657790759958258e-07
4.181,0,7.6799457809917371e-07
4.1814999999999998,0,8.4591460260963201e-07
4.1820000000000004,0,9.3085182005792073e-07
4.1825000000000001,0,1.0233539477599863e-06
4.1829999999999998,0,1.1240043023885703e-06
4.1835000000000004,0,1.2334235734656752e-06
4.1840000000000002,0,1.3522716487024411e-06
4.1844999999999999,0,1.4812494904536955e-06
4.1849999999999996,0,1.6211010622990686e-06
4.1855000000000002,0,1.7726153044739234e-06
4.1859999999999999,0,1.9366281570509793e-06
4.1864999999999997,0,2.1140246289519384e-06
4.1870000000000003,0,2.3057409113902417e-06
4.1875,0,2.5127665335911154e-06
4.1879999999999997,0,2.7361465585906687e-06
4.1885000000000003,0,2.9769838168380859e-06
4.1890000000000001,0,3.2364411750140929e-06
4.1894999999999998,0,3.5157438370125858e-06
4.1900000000000004,0,3.8161816743431663e-06
4.1905000000000001,0,4.1391115824462862e-06
4.1909999999999998,0,4.4859598595348158e-06
4.1914999999999996,0,4.8582246042427887e-06
4.1920000000000002,0,5.2574781280845249e-06
4.1924999999999999,0,5.6853693786163007e-06
4.1929999999999996,0,6.1436263689040873e-06
4.1935000000000002,0,6.6340586087010319e-06
4.194,0,7.158559532494113e-06
4.1944999999999997,0,7.7191089195127745e-06
4.1950000000000003,0,8.3177753003482728e-06
4.1955,0,8.9567183449767999e-06
4.1959999999999997,0,9.6381912263687749e-06
4.1965000000000003,0,1.0364542954099942e-05
4.1970000000000001,0,1.1138220672002319e-05
4.1974999999999998,0,1.1961771913693297e-05
4.1980000000000004,0,1.2837846809887754e-05
4.1985000000000001,0,1.3769200240976164e-05
4.1989999999999998,0,1.4758693928473843e-05
4.1994999999999996,0,1.5809298458813183e-05
4.2000000000000002,0,1.6924095232562219e-05
4.2004999999999999,0,1.8106278332596926e-05
4.2009999999999996,0,1.9359156304143977e-05
4.2015000000000002,0,2.0686153839921672e-05
4.202,0,2.2090813363473406e-05
4.2024999999999997,0,2.3576796503699259e-05
4.2030000000000003,0,2.5147885453680187e-05
4.2035,0,2.680798420687802e-05
4.2039999999999997,0,2.8561119663872425e-05
4.2045000000000003,0,3.0411442602673588e-05
4.2050000000000001,0,3.2363228506016031e-05
4.2054999999999998,0,3.4420878238849983e-05
4.2060000000000004,0,3.6588918569557816e-05
4.2065000000000001,0,3.8872002528433927e-05
4.2069999999999999,0,4.1274909597088796e-05
4.2074999999999996,0,4.3802545722859688e-05
4.2080000000000002,0,4.6459943152010738e-05
4.2084999999999999,0,4.9252260076293464e-05
4.2089999999999996,0,5.21847800871722e-05
4.2095000000000002,0,5.5262911432529818e-05
4.21,0,5.8492186070890909e-05
4.2104999999999997,0,6.1878258518310863e-05
4.2110000000000003,0,6.5426904483667508e-05
4.2115,0,6.9144019288092107e-05
4.2119999999999997,0,7.3035616064842662e-05
4.2125000000000004,0,7.7107823736066722e-05
4.2130000000000001,0,8.1366884763467426e-05
4.2134999999999998,0,8.5819152670041363e-05
4.2140000000000004,0,9.0471089330546034e-05
4.2145000000000001,0,9.5329262028853728e-05
4.2149999999999999,0,0.00010040034028048206
4.2154999999999996,0,0.00010569109241926888
4.2160000000000002,0,0.00011120838194742522
4.2164999999999999,0,0.00011695916364881098
4.2169999999999996,0,0.00012295047946536686
4.2175000000000002,0,0.00012918945413766813
4.218,0,0.00013568329061022232
4.2184999999999997,0,0.00014243926520356441
4.2190000000000003,0,0.00014946472255463749
4.2195,0,0.00015676707032832304
4.2199999999999998,0,0.0001643537737028078
4.2205000000000004,0,0.00017223234963226197
4.2210000000000001,0,0.00018041036089067042
4.2214999999999998,0,0.00018889540990124631
4.2220000000000004,0,0.00019769513235596837
4.2225000000000001,0,0.00020681719063077032
4.2229999999999999,0,0.00021626926700190062
4.2234999999999996,0,0.00022605905666960301
4.2240000000000002,0,0.00023619426059576787
4.2244999999999999,0,0.00024668257816248265
4.2249999999999996,0,0.00025753169966016289
4.2255000000000003,0,0.00026874929861785412
4.226,0,0.00028034302399533307
4.2264999999999997,0,0.00029232049226585177
4.2270000000000003,0,0.00030468927942988165
4.2275,0,0.00031745691301270361
4.2279999999999998,0,0.00033063086411156962
4.2285000000000004,0,0.00034421853957050663
4.2290000000000001,0,0.0003582272743716475
4.2294999999999998,0,0.00037266432434132082
4.2300000000000004,0,0.00038753685927566116
4.2305000000000001,0,0.00040285195659413021
4.2309999999999999,0,0.00041861659563056095
4.2314999999999996,0,0.00043483765266851828
4.2320000000000002,0,0.0004515218968229484
4.2324999999999999,0,0.00046867598686133326
4.2329999999999997,0,0.00048630646904681554
4.2335000000000003,0,0.000504419776072329
4.234,0,0.00052302222713924702
4.2344999999999997,0,0.00054212002921711906
4.2350000000000003,0,0.0005617192795023707
4.2355,0,0.00058182596907502271
4.2359999999999998,0,0.00060244598773253613
4.2365000000000004,0,0.00062358512996038009
4.2370000000000001,0,0.0006452491019795281
4.2374999999999998,0,0.00066744352979242194
4.2380000000000004,0,0.00069017396813154659
4.2385000000000002,0,0.00071344591019811832
4.2389999999999999,0,0.00073726479806393022
4.2394999999999996,0,0.00076163603359604706
4.2400000000000002,0,0.00078656498975330222
4.2404999999999999,0,0.00081205702209389272
4.2409999999999997,0,0.00083811748032707194
4.2415000000000003,0,0.0008647517197361565
4.242,0,0.00089196511229816533
4.2424999999999997,0,0.00091976305732437429
4.2430000000000003,0,0.00094815099144754942
4.2435,0,0.00097713439778529532
4.2439999999999998,0,0.0010067188141142601
4.2445000000000004,0,0.0010369098398969379
4.2450000000000001,0,0.001067713142011939
4.2454999999999998,0,0.0010991344590484896
4.2460000000000004,0,0.0011311796040381129
4.2465000000000002,0,0.0011638544655084959
4.2469999999999999,0,0.0011971650067591709
4.2474999999999996,0,0.0012311172632726187
4.2480000000000002,0,0.00126571733818992
4.2484999999999999,0,0.0013009713957958912
4.2489999999999997,0,0.0013368856529746508
4.2495000000000003,0,0.0013734663686124859
4.25,0,0.0014107198309416757
4.2504999999999997,0,0.0014486523428343112
4.2510000000000003,0,0.0014872702050712449
4.2515000000000001,0,0.0015265796976266844
4.2519999999999998,0,0.0015665870590234054
4.2525000000000004,0,0.0016072984638280997
4.2530000000000001,0,0.0016487199983692524
4.2534999999999998,0,0.0016908576347731351
4.2539999999999996,0,0.0017337172034246561
4.2545000000000002,0,0.0017773043639706331
4.2549999999999999,0,0.0018216245749931969
4.2554999999999996,0,0.0018666830624889496
4.2560000000000002,0,0.0019124847872978412
4.2565,0,0.0019590344116317991
4.2569999999999997,0,0.0020063362648586104
4.2575000000000003,0,0.0020543943087010684
4.258,0,0.0021032121020144847
4.2584999999999997,0,0.0021527927653077318
4.2590000000000003,0,0.0022031389451744434
4.2595000000000001,0,0.002254252778800636
4.2599999999999998,0,0.0023061358587145196
4.2605000000000004,0,0.0023587891979422793
4.2610000000000001,0,0.0024122131957307834
4.2614999999999998,0,0.0024664076039949802
4.2619999999999996,0,0.0025213714946429209
4.2625000000000002,0,0.0025771032279266692
4.2629999999999999,0,0.0026336004219613242
4.2634999999999996,0,0.0026908599235480946
4.2640000000000002,0,0.0027488777804305252
4.2645,0,0.002807649215105379
4.2649999999999997,0,0.0028671686003016949
4.2655000000000003,0,0.0029274294362336972
4.266,0,0.0029884243297242487
4.2664999999999997,0,0.0030501449752867614
4.2670000000000003,0,0.0031125821382446796
4.2675000000000001,0,0.0031757256399582044
4.2679999999999998,0,0.0032395643452187485
4.2685000000000004,0,0.0033040861518621734
4.2690000000000001,0,0.0033692779826428711
4.2694999999999999,0,0.0034351257794009381
4.2699999999999996,0,0.0035016144995461016
4.2705000000000002,0,0.0035687281148723883
4.2709999999999999,0,0.0036364496127095471
4.2714999999999996,0,0.0037047609994074969
4.2720000000000002,0,0.0037736433061425489
4.2725,0,0.0038430765970256741
4.2729999999999997,0,0.0039130399794853003
4.2735000000000003,0,0.0039835116168894236
4.274,0,0.0040544687433651475
4.2744999999999997,0,0.0041258876807665377
4.2750000000000004,0,0.0041977438577353032
4.2755000000000001,0,0.0042700118307931302
4.2759999999999998,0,0.0043426653073985414
4.2765000000000004,0,0.0044156771708960593
4.2770000000000001,0,0.0044890195072807889
4.2774999999999999,0,0.0045626636336970061
4.2779999999999996,0,0.0046365801285854881
4.2785000000000002,1,0.0047107388633908509
4.2789999999999999,1,0.0047851090357369785
4.2794999999999996,0,-0.0052074359474391096
4.2800000000000002,0,-0.015149630659778267
4.2805,0,-0.014070617802338004
4.2809999999999997,0,-0.013041732715488941
4.2815000000000003,0,-0.012060498529932361
4.282,0,-0.01112456435066379
4.2824999999999998,0,-0.010231698940021039
4.2830000000000004,0,-0.0093797847138750497
4.2835000000000001,0,-0.0085668120353737942
4.2839999999999998,0,-0.0077908737914353151
4.2845000000000004,0,-0.0070501602379291041
4.2850000000000001,0,-0.0063429541001924217
4.2854999999999999,0,-0.0056676259161991703
4.2859999999999996,0,-0.0050226296103358823
4.2865000000000002,0,-0.0044064982863448289
4.2869999999999999,0,-0.0038178402285687697
4.2874999999999996,0,-0.0032553351011766819
4.2880000000000003,0,-0.0027177303355683247
4.2885,0,-0.0022038376966477479
4.2889999999999997,0,-0.0017125300191199954
4.2895000000000003,0,-0.0012427381054122555
4.29,0,-0.0007934477772383985
4.2904999999999998,0,-0.00036369707322611025
4.2910000000000004,0,4.7426414593731982e-05
4.2915000000000001,0,0.00044078807227785342
4.2919999999999998,0,0.00081720866994074994
4.2925000000000004,0,0.0011774666483792885
4.2930000000000001,0,0.0015223002922192142
4.2934999999999999,0,0.0018524097951583718
4.2939999999999996,0,0.0021684592226035469
4.2945000000000002,0,0.0024710783767349143
4.2949999999999999,0,0.0027608645687816845
4.2954999999999997,0,0.0030383843030544868
4.2960000000000003,0,0.0033041748770556655
4.2965,0,0.0035587459017734301
4.2969999999999997,0,0.0038025807460633776
4.2975000000000003,0,0.00403613790882742
4.298,0,0.0042598523225174101
4.2984999999999998,0,0.0044741365913164577
4.2990000000000004,0,0.0046793821671856526
4.2995000000000001,1,0.0048759604668077829
4.2999999999999998,1,0.0050642239323097525
4.3005000000000004,0,-0.004917747757070756
4.3010000000000002,0,-0.014848361962017331
4.3014999999999999,0,-0.013637305954149581
4.3019999999999996,0,-0.012468399711157341
4.3025000000000002,0,-0.011341601040697823
4.3029999999999999,0,-0.010256689237739692
4.3034999999999997,0,-0.0092132905128669666
4.3040000000000003,0,-0.0082109004780019923
4.3045,0,-0.0072489040277484594
4.3049999999999997,0,-0.006326592913224449
4.3055000000000003,0,-0.0054431812694220481
4.306,0,-0.004597819325984698
4.3064999999999998,0,-0.0037896055041796162
4.3070000000000004,0,-0.0030175970791850638
4.3075000000000001,0,-0.0022808195661368157
4.3079999999999998,0,-0.0015782749702746956
4.3085000000000004,0,-0.00090894902565111788
4.3090000000000002,0,-0.00027181753291198872
4.3094999999999999,0,0.00033414810561513961
4.3099999999999996,0,0.00090997606611248338
4.3105000000000002,0,0.0014566899208796503
4.3109999999999999,0,0.0019753050239376567
4.3114999999999997,0,0.0024668254026830039
4.3120000000000003,0,0.0029322411002693392
4.3125,0,0.0033725259192748601
4.3129999999999997,0,0.0037886355224369785
4.3135000000000003,0,0.0041815058508855585
4.3140000000000001,0,0.0045520518244452244
4.3144999999999998,1,0.0049011662922701094
4.3150000000000004,1,0.0052297192053695988
4.3155000000000001,0,-0.0047393970166144991
4.3159999999999998,0,-0.014659012738380828
4.3164999999999996,0,-0.013362786470056186
4.3170000000000002,0,-0.012135099860427689
4.3174999999999999,0,-0.010972642800552036
4.3179999999999996,0,-0.0098722576898115037
4.3185000000000002,0,-0.0088309328919209725
4.319,0,-0.0078457964328895406
4.3194999999999997,0,-0.0069141099355969236
4.3200000000000003,0,-0.0060332627853372459
4.3205,0,-0.0052007665204413132
4.3209999999999997,0,-0.004414249441913232
4.3215000000000003,0,-0.0036714514358912155
4.3220000000000001,0,-0.0029702190026631549
4.3224999999999998,0,-0.0023085004859294766
4.3230000000000004,0,-0.0016843414959974655
4.3235000000000001,0,-0.0010958805206162437
4.3239999999999998,0,-0.00054134471720705961
4.3244999999999996,0,-1.9045880312773545e-05
4.3250000000000002,0,0.00047262342182495808
4.3254999999999999,0,0.0009351935475516715
4.3259999999999996,0,0.001370121324828799
4.3265000000000002,0,0.0017787934427620055
4.327,0,0.002162529697256943
4.3274999999999997,0,0.0025225860962942992
4.3280000000000003,0,0.0028601578301745145
4.3285,0,0.0031763821119392575
4.3289999999999997,0,0.0034723408930300015
4.3295000000000003,0,0.0037490634590951364
4.3300000000000001,0,0.0040075289107098563
4.3304999999999998,0,0.0042486685336231679
4.3310000000000004,0,0.0044733680629996612
4.3315000000000001,0,0.0046824698459766558
4.3319999999999999,1,0.0048767749067119334
4.3324999999999996,1,0.0050570449179553664
4.3330000000000002,0,-0.0049262591655364618
4.3334999999999999,0,-0.014860074164394787
4.3339999999999996,0,-0.013705784305923374
4.3345000000000002,0,-0.012613435983861776
4.335,0,-0.011579907913878562
4.3354999999999997,0,-0.010602234578230285
4.3360000000000003,0,-0.0096775984825467794
4.3365,0,-0.0088033227948707271
4.3369999999999997,0,-0.0079768643482649344
4.3375000000000004,0,-0.0071958069892024802
4.3380000000000001,0,-0.0064578552548157694
4.3384999999999998,0,-0.005760828362898129
4.3390000000000004,0,-0.0051026544993327374
4.3395000000000001,0,-0.0044813653883646106
4.3399999999999999,0,-0.0038950911318410553
4.3404999999999996,0,-0.0033420553042159185
4.3410000000000002,0,-0.0028205702907570184
4.3414999999999999,0,-0.0023290328570043316
4.3419999999999996,0,-0.0018659199381095503
4.3425000000000002,0,-0.0014297846372378076
4.343,0,-0.0010192524227429888
4.3434999999999997,0,-0.00063301751432489619
4.3440000000000003,0,-0.00026983944885727862
4.3445,0,7.1460182972271635e-05
4.3449999999999998,0,0.0003920008376367856
4.3455000000000004,0,0.00069284596537311227
4.3460000000000001,0,0.00097500581003718829
4.3464999999999998,0,0.0012394400694619944
4.3470000000000004,0,0.0014870604232142593
4.3475000000000001,0,0.0017187329343082204
4.3479999999999999,0,0.0019352803311137312
4.3484999999999996,0,0.0021374841753910691
4.3490000000000002,0,0.0023260869220928073
4.3494999999999999,0,0.0025017938762972982
4.3499999999999996,0,0.0026652750523752933
4.3505000000000003,0,0.0028171669402396681
4.351,0,0.0029580741832911594
4.3514999999999997,0,0.0030885711724453089
4.3520000000000003,0,0.0032092035604106895
4.3525,0,0.0033204897001833157
4.3529999999999998,0,0.0034229220115261638
4.3535000000000004,0,0.0035169682790183289
4.3540000000000001,0,0.0036030728850803607
4.3544999999999998,0,0.0036816579812149254
4.3550000000000004,0,0.0037531246005426009
4.3555000000000001,0,0.0038178537145594381
4.3559999999999999,0,0.0038762072368987875
4.3564999999999996,0,0.0039285289767433283
4.3570000000000002,0,0.003975145544400505
4.3574999999999999,0,0.004016367211431904
4.3579999999999997,0,0.0040524887276077613
4.3585000000000003,0,0.0040837900968457852
4.359,0,0.0041105373141861468
4.3594999999999997,0,0.0041329830657528266
4.3600000000000003,0,0.00415136739355475
4.3605,0,0.0041659183268884844
4.3609999999999998,0,0.0041768524820156583
4.3615000000000004,0,0.0041843756317065609
4.3620000000000001,0,0.0041886832461612957
4.3624999999999998,0,0.0041899610067446134
4.3630000000000004,0,0.0041883852938997658
4.3635000000000002,0,0.0041841236505377969
4.3639999999999999,0,0.004177335222134859
4.3644999999999996,0,0.0041681711747084457
4.3650000000000002,0,0.0041567750917844374
4.3654999999999999,0,0.0041432833514122528
4.3659999999999997,0,0.0041278254842320953
4.3665000000000003,0,0.0041105245135480643
4.367,0,0.004091497278313194
4.3674999999999997,0,0.0040708547398876412
4.3680000000000003,0,0.0040487022733875387
4.3685,0,0.0040251399444010683
4.3689999999999998,0,0.0040002627718102816
4.3695000000000004,0,0.0039741609774185506
4.3700000000000001,0,0.0039469202230505542
4.3704999999999998,0,0.0039186218357559642
4.3710000000000004,0,0.0038893430217179837
4.3715000000000002,0,0.0038591570694371915
4.3719999999999999,0,0.0038281335427317376
4.3724999999999996,0,0.003796338464069249
4.3730000000000002,0,0.0037638344887179986
4.3734999999999999,0,0.0037306810701821513
4.3739999999999997,0,0.0036969346173611585
4.3745000000000003,0,0.0036626486438516735
4.375,0,0.0036278739097898027
4.3754999999999997,0,0.003592658556610129
4.3760000000000003,0,0.0035570482350801734
4.3765000000000001,0,0.0035210862269505539
4.3769999999999998,0,0.0034848135605432097
4.3775000000000004,0,0.0034482691205849013
4.3780000000000001,0,0.0034114897525764241
4.3784999999999998,0,0.0033745103619745474
4.3789999999999996,0,0.0033373640084486734
4.3795000000000002,0,0.0033000819954612016
4.3799999999999999,0,0.0032626939554085245
4.3804999999999996,0,0.0032252279305465814
4.3810000000000002,0,0.0031877104499144606
4.3815,0,0.0031501666024583487
4.3819999999999997,0,0.0031126201065474813
4.3825000000000003,0,0.003075093376064686
4.383,0,0.0030376075832446057
4.3834999999999997,0,0.0030001827184233942
4.3840000000000003,0,0.0029628376468563864
4.3845000000000001,0,0.0029255901627511238
4.3849999999999998,0,0.0028884570406565446
4.3855000000000004,0,0.0028514540843414538
4.3860000000000001,0,0.0028145961732888303
4.3864999999999998,0,0.0027778973069260138
4.3869999999999996,0,0.0027413706467047994
4.3875000000000002,0,0.0027050285561395883
4.3879999999999999,0,0.0026688826389060006
4.3884999999999996,0,0.0026329437750976848
4.3890000000000002,0,0.0025972221557337806
4.3895,0,0.0025617273156042673
4.3899999999999997,0,0.002526468164537088
4.3905000000000003,0,0.0024914530171660011
4.391,0,0.0024566896212734448
4.3914999999999997,0,0.002422185184780423
4.3920000000000003,0,0.002387946401450658
4.3925000000000001,0,0.0023539794753730469
4.3929999999999998,0,0.0023202901442829992
4.3935000000000004,0,0.0022868837017810616
4.3940000000000001,0,0.0022537650185028959
4.3944999999999999,0,0.0022209385622930953
4.3949999999999996,0,0.0021884084174316866
4.3955000000000002,0,0.0021561783029608872
4.3959999999999999,0,0.0021242515901556346
4.3964999999999996,0,0.0020926313191808156
4.3970000000000002,0,0.0020613202149749378
4.3975,0,0.0020303207023978252
4.3979999999999997,0,0.0019996349206793497
4.3985000000000003,0,0.0019692647372023695
4.399,0,0.0019392117606530923
4.3994999999999997,0,0.0019094773535691667
4.4000000000000004,0,0.0018800626443153279
4.4005000000000001,0,0.0018509685385138086
4.4009999999999998,0,0.0018221957299560775
4.4015000000000004,0,0.0017937447110212058
4.4020000000000001,0,0.0017656157826241082
4.4024999999999999,0,0.0017378090637166666
4.4029999999999996,0,0.0017103245003628254
4.4035000000000002,0,0.001683161874408179
4.4039999999999999,0,0.0016563208117633455
4.4044999999999996,0,0.0016298007903191691
4.4050000000000002,0,0.0016036011475117017
4.4055,0,0.0015777210875528747
4.4059999999999997,0,0.0015521596883430356
4.4065000000000003,0,0.0015269159080799511
4.407,0,0.001501988591578607
4.4074999999999998,0,0.0014773764763152397
4.4080000000000004,0,0.0014530781982080797
4.4085000000000001,0,0.0014290922971475829
4.4089999999999998,0,0.0014054172222869865
4.4095000000000004,0,0.0013820513371044841
4.4100000000000001,0,0.0013589929242476706
4.4104999999999999,0,0.0013362401901694688
4.4109999999999996,0,0.0013137912695657338
4.4115000000000002,0,0.001291644229622868
4.4119999999999999,0,0.0012697970740843446
4.4124999999999996,0,0.0012482477471438824
4.4130000000000003,0,0.0012269941371733871
4.4135,0,0.0012060340802925729
4.4139999999999997,0,0.0011853653637872719
4.4145000000000003,0,0.0011649857293835608
4.415,0,0.0011448928763830636
4.4154999999999998,0,0.0011250844646662705
4.4160000000000004,0,0.0011055581175693052
4.4165000000000001,0,0.0010863114246392747
4.4169999999999998,0,0.0010673419442738473
4.4175000000000004,0,0.0010486472062495645
4.4180000000000001,0,0.0010302247141439791
4.4184999999999999,0,0.001012071947655635
4.4189999999999996,0,0.00099418636482645484
4.4195000000000002,0,0.00097656540417067066
4.4199999999999999,0,0.00095920648671387059
4.4204999999999997,0,0.00094210701794583684
4.4210000000000003,0,0.00092526438969116049
4.4215,0,0.00090867598190041976
4.4219999999999997,0,0.00089233916436542993
4.4225000000000003,0,0.00087625129836158553
4.423,0,0.00086040973822019138
4.4234999999999998,0,0.00084481183283343644
4.4240000000000004,0,0.00082945492709483035
4.4245000000000001,0,0.00081433636327763457
4.4249999999999998,0,0.00079945348235366254
4.4255000000000004,0,0.00078480362525463749
4.4260000000000002,0,0.00077038413407873871
4.4264999999999999,0,0.0007561923532437675
4.4269999999999996,0,0.00074222563058972128
4.4275000000000002,0,0.00072848131843220585
4.4279999999999999,0,0.00071495677456866473
4.4284999999999997,0,0.00070164936323940941
4.4290000000000003,0,0.00068855645604464226
4.4295,0,0.00067567543281987774
4.4299999999999997,0,0.00066300368247041992
4.4305000000000003,0,0.00065053860376722565
4.431,0,0.00063827760610505322
4.4314999999999998,0,0.00062621811022444134
4.4320000000000004,0,0.0006143575488989139
4.4325000000000001,0,0.00060269336758850267
4.4329999999999998,0,0.00059122302506097184
4.4335000000000004,0,0.00057994399398197949
4.4340000000000002,0,0.00056885376147483015
4.4344999999999999,0,0.00055794982965158275
4.4349999999999996,0,0.00054722971611607105
4.4355000000000002,0,0.00053669095443997783
4.4359999999999999,0,0.00052633109461304168
4.4364999999999997,0,0.00051614770346780636
4.4370000000000003,0,0.00050613836508081047
4.4375,0,0.00049630068114994155
4.4379999999999997,0,0.0004866322713495519
4.4385000000000003,0,0.00047713077366378086
4.4390000000000001,0,0.0004677938446990937
4.4394999999999998,0,0.00045861915997644773
4.4400000000000004,0,0.00044960441420404117
4.4405000000000001,0,0.00044074732153142059
4.4409999999999998,0,0.00043204561578528142
4.4414999999999996,0,0.00042349705068779332
4.4420000000000002,0,0.00041509940005818313
4.4424999999999999,0,0.00040685045799800925
4.4429999999999996,0,0.00039874803906063682
4.4435000000000002,0,0.00039078997840578109
4.444,0,0.00038297413193925098
4.4444999999999997,0,0.00037529837643885956
4.4450000000000003,0,0.00036776060966642321
4.4455,0,0.00036035875046710466
4.4459999999999997,0,0.00035309073885574359
4.4465000000000003,0,0.00034595453609143068
4.4470000000000001,0,0.0003389481247399684
4.4474999999999998,0,0.00033206950872538554
4.4480000000000004,0,0.00032531671337050484
4.4485000000000001,0,0.00031868778542684109
4.4489999999999998,0,0.00031218079309476289
4.4494999999999996,0,0.00030579382603362903
4.4500000000000002,0,0.00029952499536290978
4.4504999999999999,0,0.00029337243365404884
4.4509999999999996,0,0.00028733429491384355
4.4515000000000002,0,0.00028140875455955338
4.452,0,0.00027559400938594882
4.4524999999999997,0,0.00026988827752471022
4.4530000000000003,0,0.00026428979839641096
4.4535,0,0.0002587968326557055
4.4539999999999997,0,0.00025340766212927912
4.4545000000000003,0,0.00024812058974778007
4.4550000000000001,0,0.00024293393947109055
4.4554999999999998,0,0.00023784605620799092
4.4560000000000004,0,0.00023285530572980662
4.4565000000000001,0,0.00022796007457885902
4.4569999999999999,0,0.00022315876997140992
4.4574999999999996,0,0.00021844981969577627
4.4580000000000002,0,0.00021383167200562659
4.4584999999999999,0,0.00020930279550869236
4.4589999999999996,0,0.00020486167905120478
4.4595000000000002,0,0.00020050683159802407
4.46,0,0.00019623678210907159
4.4604999999999997,0,0.00019205007941182074
4.4610000000000003,0,0.00018794529207032394
4.4615,0,0.00018392100825066483
4.4619999999999997,0,0.00017997583558364559
4.4625000000000004,0,0.00017610840102393331
4.4630000000000001,0,0.00017231735070666332
4.4634999999999998,0,0.00016860134980126729
4.4640000000000004,0,0.00016495908236279221
4.4645000000000001,0,0.00016138925118073245
4.4649999999999999,0,0.00015789057762558568
4.4654999999999996,0,0.00015446180149355503
4.4660000000000002,0,0.00015110168084906395
4.4664999999999999,0,0.00014780899186537245
4.4669999999999996,0,0.00014458252866391685
4.4675000000000002,0,0.00014142110315149559
4.468,0,0.0001383235448564779
4.4684999999999997,0,0.00013528870076345845
4.4690000000000003,0,0.00013231543514685695
4.4695,0,0.000129402629403097
4.4699999999999998,0,0.00012654918188222952
4.4705000000000004,0,0.00012375400771831303
4.4710000000000001,0,0.00012101603865917187
4.4714999999999998,0,0.00011833422289543316
4.4720000000000004,0,0.00011570752488896386
4.4725000000000001,0,0.00011313492520079738
4.4729999999999999,0,0.00011061542031868266
4.4734999999999996,0,0.0001081480224842557
4.4740000000000002,0,0.00010573175951995583
4.4744999999999999,0,0.00010336567465586421
4.4749999999999996,0,0.00010104882635630918
4.4755000000000003,0,9.8780288146638195e-05
4.476,0,9.6559148439889769e-05
4.4764999999999997,0,9.4384510363643148e-05
4.4770000000000003,0,9.2255491587145411e-05
4.4775,0,9.0171224148494214e-05
4.4779999999999998,0,8.8130854282431062e-05
4.4785000000000004,0,8.613354224817904e-05
4.4790000000000001,0,8.417846215796887e-05
4.4794999999999998,0,8.2264801806031235e-05
4.4800000000000004,0,8.0391762498011057e-05
4.4805000000000001,0,7.8558558881047794e-05
4.4809999999999999,0,7.6764418774477591e-05
4.4814999999999996,0,7.5008583001368032e-05
4.4820000000000002,0,7.3290305220630181e-05
4.4824999999999999,0,7.1608851759807918e-05
4.4829999999999997,0,6.9963501449143989e-05
4.4835000000000003,0,6.8353545455868137e-05
4.484,0,6.6778287120039526e-05
4.4844999999999997,0,6.5237041790755507e-05
4.4850000000000003,0,6.3729136663681632e-05
4.4855,0,6.2253910619569647e-05
4.4859999999999998,0,6.0810714063641579e-05
4.4865000000000004,0,5.9398908766195023e-05
4.4870000000000001,0,5.8017867704118765e-05
4.4874999999999998,0,5.6666974903762932e-05
4.4880000000000004,0,5.5345625284752842e-05
4.4885000000000002,0,5.4053224505201666e-05
4.4889999999999999,0,5.2789188807866869e-05
4.4894999999999996,0,5.1552944867605534e-05
4.4900000000000002,0,5.0343929640139787e-05
4.4904999999999999,0,4.9161590212065676e-05
4.4909999999999997,0,4.8005383652016675e-05
4.4915000000000003,0,4.687477686322605e-05
4.492,0,4.5769246437321608e-05
4.4924999999999997,0,4.4688278509630305e-05
4.4930000000000003,0,4.3631368615415497e-05
4.4935,0,4.2598021547946005e-05
4.4939999999999998,0,4.1587751217464496e-05
4.4945000000000004,0,4.0600080511943301e-05
4.4950000000000001,0,3.9634541158783956e-05
4.4954999999999998,0,3.8690673588326342e-05
4.4960000000000004,0,3.7768026798468136e-05
4.4965000000000002,0,3.6866158220738576e-05
4.4969999999999999,0,3.5984633587826667e-05
4.4974999999999996,0,3.5123026802530433e-05
4.4980000000000002,0,3.4280919807916367e-05
4.4984999999999999,0,3.345790245928848e-05
4.4989999999999997,0,3.2653572397212115e-05
4.4995000000000003,0,3.186753492208094e-05
4.5,0,3.109940287023827e-05
4.5004999999999997,0,3.0348796491286301e-05
4.5010000000000003,0,2.9615343326983014e-05
4.5015000000000001,0,2.8898678091626717e-05
4.5019999999999998,0,2.8198442553573066e-05
4.5025000000000004,0,2.75142854185062e-05
4.5030000000000001,0,2.6845862213886738e-05
4.5034999999999998,0,2.6192835174998484e-05
4.5039999999999996,0,2.5554873132271894e-05
4.5045000000000002,0,2.4931651400061928e-05
4.5049999999999999,0,2.4322851666891411e-05
4.5054999999999996,0,2.3728161886926723e-05
4.5060000000000002,0,2.3147276173074437e-05
4.5065,0,2.2579894691387991e-05
4.5069999999999997,0,2.2025723556728936e-05
4.5075000000000003,0,2.1484474730026902e-05
4.508,0,2.0955865916560957e-05
4.5084999999999997,0,2.0439620466117248e-05
4.5090000000000003,0,1.9935467274068141e-05
4.5095000000000001,0,1.9443140683961246e-05
4.5099999999999998,0,1.8962380391529533e-05
4.5105000000000004,0,1.8492931349944898e-05
4.5110000000000001,0,1.8034543676204162e-05
4.5114999999999998,0,1.7586972559335835e-05
4.5119999999999996,0,1.7149978169439529e-05
4.5125000000000002,0,1.6723325568146487e-05
4.5129999999999999,0,1.6306784620523375e-05
4.5134999999999996,0,1.5900129908152927e-05
4.5140000000000002,0,1.5503140643435832e-05
4.5145,0,1.5115600585091649e-05
4.5149999999999997,0,1.4737297955236262e-05
4.5155000000000003,0,1.4368025357303082e-05
4.516,0,1.4007579695451967e-05
4.5164999999999997,0,1.3655762094966217e-05
4.5170000000000003,0,1.3312377824126198e-05
4.5175000000000001,0,1.2977236217148746e-05
4.5179999999999998,0,1.265015059819241e-05
4.5185000000000004,0,1.2330938206750464e-05
4.5190000000000001,0,1.201942012403201e-05
4.5194999999999999,0,1.171542120063096e-05
4.5199999999999996,0,1.141876998509428e-05
4.5205000000000002,0,1.112929865404455e-05
4.5209999999999999,0,1.0846842942979773e-05
4.5214999999999996,0,1.0571242078438737e-05
4.5220000000000002,0,1.0302338711021264e-05
4.5225,0,1.0039978849840647e-05
4.5229999999999997,0,9.7840117976755174e-06
4.5235000000000003,0,9.5342900874206819e-06
4.524,0,9.290669419548259e-06
4.5244999999999997,0,9.0530086004458894e-06
4.5250000000000004,0,8.8211694819095847e-06
4.5255000000000001,0,8.5950169016579821e-06
4.5259999999999998,0,8.3744186248124745e-06
4.5265000000000004,0,8.159245286243344e-06
4.5270000000000001,0,7.9493703340594031e-06
4.5274999999999999,0,7.7446699739969205e-06
4.5279999999999996,0,7.545023114752247e-06
4.5285000000000002,0,7.3503113141915047e-06
4.5289999999999999,0,7.1604187265816851e-06
4.5294999999999996,0,6.9752320506322183e-06
4.5300000000000002,0,6.7946404786134448e-06
4.5305,0,6.6185356461634369e-06
4.5309999999999997,0,6.4468115829385834e-06
4.5315000000000003,0,6.2793646644410121e-06
4.532,0,6.1160935643456146e-06
4.5324999999999998,0,5.9568992079039873e-06
4.5330000000000004,0,5.8016847260811133e-06
4.5335000000000001,0,5.6503554104248014e-06
4.5339999999999998,0,5.5028186690453399e-06
4.5345000000000004,0,5.3589839828949161e-06
4.5350000000000001,0,5.2187628634237092e-06
4.5354999999999999,0,5.082068810480234e-06
4.5359999999999996,0,4.9488172713219035e-06
4.5365000000000002,0,4.8189256001363031e-06
4.5369999999999999,0,4.6923130186282693e-06
4.5374999999999996,0,4.5689005769178339e-06
4.5380000000000003,0,4.4486111153929638e-06
4.5385,0,4.3313692273949655e-06
4.5389999999999997,0,4.2171012222591567e-06
4.5395000000000003,0,4.105735089343643e-06
4.54,0,3.9972004625798972e-06
4.5404999999999998,0,3.8914285858004939e-06
4.5410000000000004,0,3.7883522785664426e-06
4.5415000000000001,0,3.6879059027383755e-06
4.5419999999999998,0,3.5900253296472507e-06
4.5425000000000004,0,3.4946479079867034e-06
4.5430000000000001,0,3.4017124322049953e-06
4.5434999999999999,0,3.311159111518691e-06
4.5439999999999996,0,3.2229295396146717e-06
4.5445000000000002,0,3.1369666647407256e-06
4.5449999999999999,0,3.0532147606954217e-06
4.5454999999999997,0,2.9716193979845153e-06
4.5460000000000003,0,2.8921274159210419e-06
4.5465,0,2.814686894891949e-06
4.5469999999999997,0,2.7392471296128209e-06
4.5475000000000003,0,2.6657586024936287e-06
4.548,0,2.5941729577261263e-06
4.5484999999999998,0,2.5244429758930485e-06
4.5490000000000004,0,2.4565225490769115e-06
4.5495000000000001,0,2.3903666563462876e-06
4.5499999999999998,0,2.3259313398860116e-06
4.5505000000000004,0,2.2631736815714731e-06
4.5510000000000002,0,2.2020517798648775e-06
4.5514999999999999,0,2.1425247273887393e-06
4.5519999999999996,0,2.0845525888102403e-06
4.5525000000000002,0,2.0280963792695951e-06
4.5529999999999999,0,1.9731180431303839e-06
4.5534999999999997,0,1.9195804332960976e-06
4.5540000000000003,0,1.8674472907709295e-06
4.5545,0,1.8166832248533993e-06
4.5549999999999997,0,1.7672536936852446e-06
4.5555000000000003,0,1.7191249849224377e-06
4.556,0,1.6722641972499731e-06
4.5564999999999998,0,1.626639221941062e-06
4.5570000000000004,0,1.5822187249270314e-06
4.5575000000000001,0,1.5389721293446179e-06
4.5579999999999998,0,1.4968695981498747e-06
4.5585000000000004,0,1.4558820173871112e-06
4.5590000000000002,0,1.4159809797020806e-06
4.5594999999999999,0,1.3771387681660307e-06
4.5599999999999996,0,1.3393283404328215e-06
4.5605000000000002,0,1.3025233133734382e-06
4.5609999999999999,0,1.2666979478326291e-06
4.5614999999999997,0,1.2318271339184506e-06
4.5620000000000003,0,1.1978863762918123e-06
4.5625,0,1.1648517802553826e-06
4.5629999999999997,0,1.1327000376537555e-06
4.5635000000000003,0,1.1014084132399126e-06
4.5640000000000001,0,1.0709547315634893e-06
4.5644999999999998,0,1.0413173638479379e-06
4.5650000000000004,0,1.0124752152007587e-06
4.5655000000000001,0,9.8440771225671861e-07
4.5659999999999998,0,9.5709479089878249e-07
4.5664999999999996,0,9.3051688435652482e-07
4.5670000000000002,0,9.0465491161539899e-07
4.5674999999999999,0,8.7949026588152175e-07
4.5679999999999996,0,8.5500480349054444e-07
4.5685000000000002,0,8.3118083296085386e-07
4.569,0,8.0800110437984072e-07
4.5694999999999997,0,7.8544879879016709e-07
4.5700000000000003,0,7.6350751816445243e-07
4.5705,0,7.4216127533555114e-07
4.5709999999999997,0,7.213944842154874e-07
4.5715000000000003,0,7.0119195029194618e-07
4.5720000000000001,0,6.8153886119137756e-07
4.5724999999999998,0,6.6242077773059904e-07
4.5730000000000004,0,6.4382362480186472e-07
4.5735000000000001,0,6.2573368269092096e-07
4.5739999999999998,0,6.0813757865041394e-07
4.5744999999999996,0,5.9102227847329656e-07
4.5750000000000002,0,5.7437507839930295e-07
4.5754999999999999,0,5.5818359695480879e-07
4.5759999999999996,0,5.4243576748103099e-07
4.5765000000000002,0,5.2711983027364791e-07
4.577,0,5.1222432523312378e-07
4.5774999999999997,0,4.9773808462605369e-07
4.5780000000000003,0,4.8365022591312363e-07
4.5785,0,4.6995014482131834e-07
4.5789999999999997,0,4.5662750864927658e-07
4.5795000000000003,0,4.4367224956154415e-07
4.5800000000000001,0,4.3107455803825802e-07
4.5804999999999998,0,4.1882487672451063e-07
4.5810000000000004,0,4.0691389412428337e-07
4.5815000000000001,0,3.9533253863854868e-07
4.5819999999999999,0,3.8407197258116808e-07
4.5824999999999996,0,3.7312358646124367e-07
4.5830000000000002,0,3.6247899337649159e-07
4.5834999999999999,0,3.5213002353984279e-07
4.5839999999999996,0,3.4206871876163445e-07
4.5845000000000002,0,3.3228732740919755e-07
4.585,0,3.2277829924431957e-07
4.5854999999999997,0,3.1353428018299214e-07
4.5860000000000003,0,3.0454810777680309e-07
4.5865,0,2.9581280612811512e-07
4.5869999999999997,0,2.8732158150468481e-07
4.5875000000000004,0,2.7906781754349905e-07
4.5880000000000001,0,2.710450710097234e-07
4.5884999999999998,0,2.6324706740021855e-07
4.5890000000000004,0,2.5566769660256841e-07
4.5895000000000001,0,2.4830100893158401e-07
4.5899999999999999,0,2.4114121093266051e-07
4.5904999999999996,0,2.3418266166252976e-07
4.5910000000000002,0,2.2741986864804887e-07
4.5914999999999999,0,2.2084748420025945e-07
4.5919999999999996,0,2.1446030177285635e-07
4.5925000000000002,0,2.0825325244278048e-07
4.593,0,2.0222140122427846e-07
4.5934999999999997,0,1.9635994387146026e-07
4.5940000000000003,0,1.9066420354763024e-07
4.5945,0,1.8512962739469786e-07
4.5949999999999998,0,1.797517836021889e-07
4.5955000000000004,0,1.7452635820980332e-07
4.5960000000000001,0,1.6944915205430177e-07
4.5964999999999998,0,1.6451607787182354e-07
4.5970000000000004,0,1.5972315752232903e-07
4.5975000000000001,0,1.5506651908081536e-07
4.5979999999999999,0,1.5054239410616788e-07
4.5984999999999996,0,1.4614711504323808e-07
4.5990000000000002,0,1.4187711260271741e-07
4.5994999999999999,0,1.3772891328533986e-07
4.5999999999999996,0,1.3369913672844902e-07
4.6005000000000003,0,1.2978449347444966e-07
4.601,0,1.2598178257272606e-07
4.6014999999999997,0,1.2228788927037825e-07
4.6020000000000003,0,1.1869978288059357e-07
4.6025,0,1.1521451436236063e-07
4.6029999999999998,0,1.1182921445529459e-07
4.6035000000000004,0,1.0854109138147549e-07
4.6040000000000001,0,1.0534742900247807e-07
4.6044999999999998,0,1.0224558482097023e-07
4.6050000000000004,0,9.9232987926800573e-08
4.6055000000000001,0,9.6307137320561509e-08
4.6059999999999999,0,9.3465599859676726e-08
4.6064999999999996,0,9.0706008715191191e-08
4.6070000000000002,0,8.8026061451085272e-08
4.6074999999999999,0,8.5423518347838007e-08
4.6079999999999997,0,8.2896200914728271e-08
4.6085000000000003,0,8.0441990113477854e-08
4.609,0,7.8058824737325949e-08
4.6094999999999997,0,7.5744700156477046e-08
4.6100000000000003,0,7.3497666619459778e-08
4.6105,0,7.1315827698814618e-08
4.6109999999999998,0,6.9197339214177594e-08
4.6115000000000004,0,6.7140407522536807e-08
4.6120000000000001,0,6.5143288363600502e-08
4.6124999999999998,0,6.32042854054049e-08
4.6130000000000004,0,6.1321749145193399e-08
4.6135000000000002,0,5.9494075577148918e-08
4.6139999999999999,0,5.7719704915637496e-08
4.6144999999999996,0,5.5997120496087405e-08
4.6150000000000002,0,5.4324847520437205e-08
4.6154999999999999,0,5.2701452168957273e-08
4.6159999999999997,0,5.1125540245777756e-08
4.6165000000000003,0,4.9595756257403424e-08
4.617,0,4.8110782324695121e-08
4.6174999999999997,0,4.6669337172566827e-08
4.6180000000000003,0,4.5270175130784905e-08
4.6185,0,4.3912085301300863e-08
4.6189999999999998,0,4.2593890459130532e-08
4.6195000000000004,0,4.1314446197482368e-08
4.6200000000000001,0,4.0072640106192384e-08
4.6204999999999998,0,3.8867390783625667e-08
4.6210000000000004,0,3.769764709282697e-08
4.6215000000000002,0,3.6562387339955649e-08
4.6219999999999999,0,3.5460618419413949e-08
4.6224999999999996,0,3.4391375069997562e-08
4.6230000000000002,0,3.3353719097739544e-08
4.6234999999999999,0,3.2346738743083139e-08
4.6239999999999997,0,3.1369547826010093e-08
4.6245000000000003,0,3.0421285079906825e-08
4.625,0,2.9501113518737297e-08
4.6254999999999997,0,2.8608219759806984e-08
4.6260000000000003,0,2.7741813335424582e-08
4.6265000000000001,0,2.6901126093381578e-08
4.6269999999999998,0,2.6085411608534059e-08
4.6275000000000004,0,2.529394458328227e-08
4.6280000000000001,0,2.4526020203641253e-08
4.6284999999999998,0,2.3780953661844961e-08
4.6289999999999996,0,2.3058079556825817e-08
4.6295000000000002,0,2.235675137240989e-08
4.6299999999999999,0,2.1676340955512074e-08
4.6304999999999996,0,2.1016238005433509e-08
4.6310000000000002,0,2.0375849607567887e-08
4.6315,0,1.9754599700494423e-08
4.6319999999999997,0,1.9151928654093098e-08
4.6325000000000003,0,1.8567292758842058e-08
4.633,0,1.8000163914955181e-08
4.6334999999999997,0,1.7450029077270558e-08
4.6340000000000003,0,1.6916389833365742e-08
4.6345000000000001,0,1.6398762092695306e-08
4.6349999999999998,0,1.5896675598092713e-08
4.6355000000000004,0,1.5409673559396707e-08
4.6360000000000001,0,1.493731229817996e-08
4.6364999999999998,0,1.4479160881375463e-08
4.6369999999999996,0,1.4034800777107392e-08
4.6375000000000002,0,1.3603825477215281e-08
4.6379999999999999,0,1.3185840130880423e-08
4.6384999999999996,0,1.2780461322581261e-08
4.6390000000000002,0,1.2387316683515336e-08
4.6395,0,1.200604451412346e-08
4.6399999999999997,0,1.1636293661965168e-08
4.6405000000000003,0,1.1277723055425071e-08
4.641,0,1.0930001514974919e-08
4.6414999999999997,0,1.0592807420106708e-08
4.6420000000000003,0,1.0265828487288076e-08
4.6425000000000001,0,9.948761492406532e-09
4.6429999999999998,0,9.6413119710092587e-09
4.6435000000000004,0,9.3431940628718728e-09
4.6440000000000001,0,9.0541301345226092e-09
4.6444999999999999,0,8.7738507126289271e-09
4.6449999999999996,0,8.5020941176239259e-09
4.6455000000000002,0,8.2386063193773399e-09
4.6459999999999999,0,7.9831406374353271e-09
4.6464999999999996,0,7.7354576411003958e-09
4.6470000000000002,0,7.4953248607734224e-09
4.6475,0,7.2625166103179598e-09
4.6479999999999997,0,7.0368138316290182e-09
4.6485000000000003,0,6.8180038614862323e-09
4.649,0,6.6058802428159426e-09
4.6494999999999997,0,6.4002426025666635e-09
4.6500000000000004,0,6.2008964296644823e-09
4.6505000000000001,0,6.0076528973773694e-09
4.6509999999999998,0,5.8203287522928801e-09
4.6515000000000004,0,5.6387461144780101e-09
4.6520000000000001,0,5.4627323331502e-09
4.6524999999999999,0,5.292119853450572e-09
4.6529999999999996,0,5.1267460610127099e-09
4.6535000000000002,0,4.9664530932247432e-09
4.6539999999999999,0,4.8110877726159632e-09
4.6544999999999996,0,4.6605014292211422e-09
4.6550000000000002,0,4.5145498117626918e-09
4.6555,0,4.373092921117205e-09
4.6559999999999997,0,4.2359948881909304e-09
4.6565000000000003,0,4.1031238406930015e-09
4.657,0,3.9743518809309816e-09
4.6574999999999998,0,3.8495548415617975e-09
4.6580000000000004,0,3.728612274489507e-09
4.6585000000000001,0,3.6114072954340772e-09
4.6589999999999998,0,3.4978264840113129e-09
4.6595000000000004,0,3.3877597949150129e-09
4.6600000000000001,0,3.28110049130359e-09
4.6604999999999999,0,3.1777449560621562e-09
4.6609999999999996,0,3.0775926918025222e-09
4.6615000000000002,0,2.9805461765342046e-09
4.6619999999999999,0,2.8865108414599661e-09
4.6624999999999996,0,2.7953949044423608e-09
4.6630000000000003,0,2.7071093255948144e-09
4.6635,0,2.6215677517704707e-09
4.6639999999999997,0,2.5386863722332009e-09
4.6645000000000003,0,2.4583839075553725e-09
4.665,0,2.3805815319022371e-09
4.6654999999999998,0,2.3052027620096284e-09
4.6660000000000004,0,2.2321734016728103e-09
4.6665000000000001,0,2.1614214862353265e-09
4.6669999999999998,0,2.0928772492823098e-09
4.6675000000000004,0,2.0264729672092586e-09
4.6680000000000001,0,1.9621429592220354e-09
4.6684999999999999,0,1.8998235762346383e-09
4.6689999999999996,0,1.8394530232335172e-09
4.6695000000000002,0,1.7809714147887235e-09
4.6699999999999999,0,1.7243206307249181e-09
4.6704999999999997,0,1.669444305019141e-09
4.6710000000000003,0,1.6162878369030409e-09
4.6715,0,1.5647981910227315e-09
4.6719999999999997,0,1.5149240084610938e-09
4.6725000000000003,0,1.4666154291020917e-09
4.673,0,1.4198241360396935e-09
4.6734999999999998,0,1.3745032778622602e-09
4.6740000000000004,0,1.3306073909369332e-09
4.6745000000000001,0,1.2880924105118652e-09
4.6749999999999998,0,1.2469156152050687e-09
4.6755000000000004,0,1.2070355714932646e-09
4.6760000000000002,0,1.1684121115074219e-09
4.6764999999999999,0,1.1310062775216068e-09
4.6769999999999996,0,1.0947803330552119e-09
4.6775000000000002,0,1.0596976518506552e-09
4.6779999999999999,0,1.0257227289756088e-09
4.6784999999999997,0,9.9282115861853981e-10
4.6790000000000003,0,9.6095957857755825e-10
4.6795,0,9.3010562585149616e-10
4.6799999999999997,0,9.0022794774213821e-10
4.6805000000000003,0,8.7129616854753069e-10
4.681,0,8.4328078964190918e-10
4.6814999999999998,0,8.1615325608908051e-10
4.6820000000000004,0,7.8988587892681039e-10
4.6825000000000001,0,7.6445180186013319e-10
4.6829999999999998,0,7.3982502346581218e-10
4.6835000000000004,0,7.1598030837449753e-10
4.6840000000000002,0,6.928932094751872e-10
4.6844999999999999,0,6.7054001240407501e-10
4.6849999999999996,0,6.4889776885124206e-10
4.6855000000000002,0,6.2794421884504461e-10
4.6859999999999999,0,6.076577907521141e-10
4.6864999999999997,0,5.8801755686843647e-10
4.6870000000000003,0,5.6900324452158198e-10
4.6875,0,5.5059522496847539e-10
4.6879999999999997,0,5.3277445788424418e-10
4.6885000000000003,0,5.1552249136221915e-10
4.6890000000000001,0,4.9882145081170395e-10
4.6894999999999998,0,4.82654005651284e-10
4.6900000000000004,0,4.6700336930882717e-10
4.6905000000000001,0,4.5185325481256198e-10
4.6909999999999998,0,4.3718790809776921e-10
4.6914999999999996,0,4.229920524956299e-10
4.6920000000000002,0,4.0925088873322577e-10
4.6924999999999999,0,3.9595005052461829e-10
4.6929999999999996,0,3.8307563787753908e-10
4.6935000000000002,0,3.7061419488892965e-10
4.694,0,3.5855266533602046e-10
4.6944999999999997,0,3.4687840377856104e-10
4.6950000000000003,0,3.3557915335435948e-10
4.6955,0,3.2464303467705236e-10
4.6959999999999997,0,3.1405856804056499e-10
4.6965000000000003,0,3.0381461790796036e-10
4.6970000000000001,0,2.9390037070697874e-10
4.6974999999999998,0,2.8430537923895829e-10
4.6980000000000004,0,2.7501949606545394e-10
4.6985000000000001,0,2.6603292901938859e-10
4.6989999999999998,0,2.573361412849806e-10
4.6994999999999996,0,2.4891992911335591e-10
4.7000000000000002,0,2.4077538851585699e-10
4.7004999999999999,0,2.3289385975289177e-10
4.7009999999999996,0,2.2526697174285459e-10
4.7015000000000002,0,2.1788661985766566e-10
4.702,0,2.1074494371831065e-10
4.7024999999999997,0,2.0383431609261038e-10
4.7030000000000003,0,1.9714739840637207e-10
4.7035,0,1.9067702972108691e-10
4.7039999999999997,0,1.844163044495417e-10
4.7045000000000003,0,1.7835851684466774e-10
4.7050000000000001,0,1.724971832040012e-10
4.7054999999999998,0,1.668260196652227e-10
4.7060000000000004,0,1.6133895330838756e-10
4.7065000000000001,0,1.5603006664477447e-10
4.7069999999999999,0,1.5089366423026718e-10
4.7074999999999996,0,1.4592422825643326e-10
4.7080000000000002,0,1.4111639634606377e-10
4.7084999999999999,0,1.3646499485986395e-10
4.7089999999999996,0,1.3196500558976255e-10
4.7095000000000002,0,1.2761155465668139e-10
4.71,0,1.2339993471499611e-10
4.7104999999999997,0,1.1932558274807548e-10
4.7110000000000003,0,1.1538409117051174e-10
4.7115,0,1.1157119672589033e-10
4.7119999999999997,0,1.0788272497563866e-10
4.7125000000000004,0,1.0431471242355883e-10
4.7130000000000001,0,1.008632399823739e-10
4.7134999999999998,0,9.7524588404951376e-11
4.7140000000000004,0,9.4295105057540246e-11
4.7145000000000001,0,9.1171248328691942e-11
4.7149999999999999,0,8.8149643140411629e-11
4.7154999999999996,0,8.5226947721395161e-11
4.7160000000000002,0,8.2399997936022368e-11
4.7164999999999999,0,7.9665674057594058e-11
4.7169999999999996,0,7.7021000688404229e-11
4.7175000000000002,0,7.4463069044128355e-11
4.718,0,7.1989059158283913e-11
4.7184999999999997,0,6.9596262086690788e-11
4.7190000000000003,0,6.7282068805241124e-11
4.7195,0,6.5043892494287553e-11
4.7199999999999998,0,6.2879290663175885e-11
4.7205000000000004,0,6.0785876332403177e-11
4.7210000000000001,0,5.8761340238078216e-11
4.7214999999999998,0,5.6803428627461015e-11
4.7220000000000004,0,5.4909998770114042e-11
4.7225000000000001,0,5.3078930140060265e-11
4.7229999999999999,0,5.1308213233625109e-11
4.7234999999999996,0,4.9595882956054993e-11
4.7240000000000002,0,4.794002972374756e-11
4.7244999999999999,0,4.6338821668712171e-11
4.7249999999999996,0,4.479046022964894e-11
4.7255000000000003,0,4.3293224560869704e-11
4.726,0,4.184548263452825e-11
4.7264999999999997,0,4.0445591320548147e-11
4.7270000000000003,0,3.9091974102234418e-11
4.7275,0,3.7783154382964315e-11
4.7279999999999998,0,3.651765556611508e-11
4.7285000000000004,0,3.5294056566215201e-11
4.7290000000000001,0,3.4110980706714147e-11
4.7294999999999998,0,3.2967106822212598e-11
4.7300000000000004,0,3.1861158156232249e-11
4.7305000000000001,0,3.0791891258985517e-11
4.7309999999999999,0,2.9758107089605802e-11
4.7314999999999996,0,2.8758628811687005e-11
4.7320000000000002,0,2.7792357304434744e-11
4.7324999999999999,0,2.6858182344824399e-11
4.7329999999999997,0,2.5955049220982572e-11
4.7335000000000003,0,2.5081936527726612e-11
4.734,0,2.4237856166564599e-11
4.7344999999999997,0,2.3421875550155846e-11
4.7350000000000003,0,2.2633050988929426e-11
4.7355,0,2.1870516508926131e-11
4.7359999999999998,0,2.1133372829496011e-11
4.7365000000000004,0,2.0420809487831092e-11
4.7370000000000001,0,1.9732004918893154e-11
4.7374999999999998,0,1.9066170864334707e-11
4.7380000000000004,0,1.8422552372499013e-11
4.7385000000000002,0,1.7800438900650307e-11
4.7389999999999999,0,1.7199086599362091e-11
4.7394999999999996,0,1.6617840437049837e-11
4.7400000000000002,0,1.605600097320803e-11
4.7404999999999999,0,1.5512946482942881e-11
4.7409999999999997,0,1.4988066343590845e-11
4.7415000000000003,0,1.4480761034718626e-11
4.742,0,1.3990442138123171e-11
4.7424999999999997,0,1.3516532337831678e-11
4.7430000000000003,0,1.3058498726792322e-11
4.7435,0,1.2615819500183533e-11
4.7439999999999998,0,1.2187983955413984e-11
4.7445000000000004,0,1.1774503594352837e-11
4.7450000000000001,0,1.1374889918869257e-11
4.7454999999999998,0,1.0988698839753396e-11
4.7460000000000004,0,1.0615475165565158e-11
4.7465000000000002,0,1.0254785909324937e-11
4.7469999999999999,0,9.9062313907438686e-12
4.7474999999999996,0,9.5693897250725961e-12
4.7480000000000002,0,9.2438834364827471e-12
4.7484999999999999,0,8.9293350491459481e-12
4.7489999999999997,0,8.6253559850035802e-12
4.7495000000000003,0,8.3316242793785029e-12
4.75,0,8.0477846609028347e-12
4.7504999999999997,0,7.7735151648994367e-12
4.7510000000000003,0,7.508482724460918e-12
4.7515000000000001,0,7.2523986816008804e-12
4.7519999999999998,0,7.0049521738724252e-12
4.7525000000000004,0,6.7658545432891516e-12
4.7530000000000001,0,6.5348393363251487e-12
4.7534999999999998,0,6.3116178949940149e-12
4.7539999999999996,0,6.0959459702303322e-12
4.7545000000000002,0,5.8875571085081903e-12
4.7549999999999999,0,5.6862181629924182e-12
4.7554999999999996,0,5.4916959868478446e-12
4.7560000000000002,0,5.3037685354695439e-12
4.7565,0,5.1221804575618535e-12
4.7569999999999997,0,4.9467541174408326e-12
4.7575000000000003,0,4.7772785727318025e-12
4.758,0,4.613531778829838e-12
4.7584999999999997,0,4.4553361000509993e-12
4.7590000000000003,0,4.3025250029415926e-12
4.7595000000000001,0,4.1548875451269397e-12
4.7599999999999998,0,4.0122682953835923e-12
4.7605000000000004,0,3.8744896180276104e-12
4.7610000000000001,0,3.7413738773750541e-12
4.7614999999999998,0,3.6128100511234606e-12
4.7619999999999996,0,3.4885982991283981e-12
4.7625000000000002,0,3.3686164968571574e-12
4.7629999999999999,0,3.252709213086291e-12
4.7634999999999996,0,3.140743221052844e-12
4.7640000000000002,0,3.0326074984543538e-12
4.7645,0,2.928146614067373e-12
4.7649999999999997,0,2.827260647819685e-12
4.7655000000000003,0,2.7298052707180888e-12
4.766,0,2.6356694604601216e-12
4.7664999999999997,0,2.5447310925130752e-12
4.7670000000000003,0,2.4569013490349788e-12
4.7675000000000001,0,2.3720803099536169e-12
4.7679999999999998,0,2.2901569529665268e-12
4.7685000000000004,0,2.2110202557712453e-12
4.7690000000000001,0,2.1345925027560498e-12
4.7694999999999999,0,2.0607848760789695e-12
4.7699999999999996,0,1.9894863534375418e-12
4.7705000000000002,0,1.9206414236805356e-12
4.7709999999999999,0,1.8541501667357353e-12
4.7714999999999996,0,1.78992376476117e-12
4.7720000000000002,0,1.7279067066056087e-12
4.7725,0,1.6680101744270815e-12
4.7729999999999997,0,1.6101786570743571e-12
4.7735000000000003,0,1.5543233367054654e-12
4.774,0,1.5003775999389291e-12
4.7744999999999997,0,1.4482859356235167e-12
4.7750000000000004,0,1.3979817303777508e-12
4.7755000000000001,0,1.3493983708201539e-12
4.7759999999999998,0,1.3024914480297411e-12
4.7765000000000004,0,1.2571832463947886e-12
4.7770000000000001,0,1.2134404592245574e-12
4.7774999999999999,0,1.1712075753678163e-12
4.7779999999999996,0,1.1304179814430881e-12
4.7785000000000002,0,1.0910383707596339e-12
4.7789999999999999,0,1.0530132321662223e-12
4.7794999999999996,0,1.0162981567418683e-12
4.7800000000000002,0,9.8084873556558713e-13
4.7805,0,9.4662055971639343e-13
4.7809999999999997,0,9.1355811804305635e-13
4.7815000000000003,0,8.8165030831532929e-13
4.782,0,8.508416193819812e-13
4.7824999999999998,0,8.2110984678251949e-13
4.7830000000000004,0,7.92399479365713e-13
4.7835000000000001,0,7.6467721044082286e-13
4.7839999999999998,0,7.3792083554735659e-13
4.7845000000000004,0,7.1207484353408292e-13
4.7850000000000001,0,6.8712813217075567e-13
4.7854999999999999,0,6.6304739476663597e-13
4.7859999999999996,0,6.3978822240073894e-13
4.7865000000000002,0,6.1733951284281829e-13
4.7869999999999999,0,5.9567906163238145e-13
4.7874999999999996,0,5.7476245984844354e-13
4.7880000000000003,0,5.5456750303051198e-13
4.7885,0,5.3507198671809419e-13
4.7889999999999997,0,5.1625370645069779e-13
4.7895000000000003,0,4.9809045776783019e-13
4.79,0,4.8056003620899901e-13
4.7904999999999998,0,4.6362913508346537e-13
4.7910000000000004,0,4.4728665216098309e-13
4.7915000000000001,0,4.3151038298105957e-13
4.7919999999999998,0,4.1628922531344869e-13
4.7925000000000004,0,4.015898724674116e-13
4.7930000000000001,0,3.8740122221270213e-13
4.7934999999999999,0,3.7372327454932017e-13
4.7939999999999996,0,3.6050051832603457e-13
4.7945000000000002,0,3.4774405577309151e-13
4.7949999999999999,0,3.3543168242999857e-13
4.7954999999999997,0,3.235411938362631e-13
4.7960000000000003,0,3.1206148776163902e-13
4.7965,0,3.0099256420612618e-13
4.7969999999999997,0,2.9031221870923219e-13
4.7975000000000003,0,2.7999824681046448e-13
4.798,0,2.7005064850982309e-13
4.7984999999999998,0,2.6044721934681548e-13
4.7990000000000004,0,2.5117685709119543e-13
4.7995000000000001,0,2.4223956174296292e-13
4.7999999999999998,0,2.3361312884162542e-13
4.8005000000000004,0,2.2528645615693677e-13
4.8010000000000002,0,2.1724844145865063e-13
4.8014999999999999,0,2.094879825165208e-13
4.8019999999999996,0,2.0199397710030099e-13
4.8025000000000002,0,1.9475532297974497e-13
4.8029999999999999,0,1.8778312238509899e-13
4.8034999999999997,0,1.8105517085587052e-13
4.8040000000000003,0,1.7456036616181336e-13
4.8045,0,1.6829870830292749e-13
4.8049999999999997,0,1.6224799281872039e-13
4.8055000000000003,0,1.5641932193943832e-13
4.806,0,1.5079049120458877e-13
4.8064999999999998,0,1.4536150061417174e-13
4.8070000000000004,0,1.40121247937941e-13
4.8075000000000001,0,1.3505863094565029e-13
4.8079999999999998,0,1.3018475186754585e-13
4.8085000000000004,0,1.2548850847338144e-13
4.8090000000000002,0,1.2094769630266456e-13
4.8094999999999999,0,1.165623153553952e-13
4.8099999999999996,0,1.1233236563157333e-13
4.8105000000000002,0,1.0824674490095276e-13
4.8109999999999999,0,1.0431655539377971e-13
4.8114999999999997,0,1.0053069487980792e-13
4.8120000000000003,0,9.6878061128791162e-14
4.8125,0,9.3347551910483157e-14
4.8129999999999997,0,8.9939167224883934e-14
4.8135000000000003,0,8.6652907071993468e-14
4.8140000000000001,0,8.3488771451811772e-14
4.8144999999999998,0,8.0424555903846337e-14
4.8150000000000004,0,7.7471362658343418e-14
4.8155000000000001,0,7.4629191715303028e-14
4.8159999999999998,0,7.1886940844478886e-14
4.8164999999999996,0,6.9233507815624764e-14
4.8170000000000002,0,6.6679994858986904e-14
4.8174999999999999,0,6.4215299744319052e-14
4.8179999999999996,0,6.1850524701867473e-14
4.8185000000000002,0,5.9563465271139648e-14
4.819,0,5.7354121452135589e-14
4.8194999999999997,0,5.5222493244855284e-14
4.8200000000000003,0,5.3168580649298744e-14
4.8205,0,5.1181281435219717e-14
4.8209999999999997,0,4.9271697832864449e-14
4.8215000000000003,0,4.743982984223294e-14
4.8220000000000001,0,4.566347300283269e-14
4.8224999999999998,0,4.3953729544909945e-14
4.8230000000000004,0,4.2299497238218464e-14
4.8235000000000001,0,4.0711878313004489e-14
4.8239999999999998,0,3.9179770539021772e-14
4.8244999999999996,0,3.7692071686024065e-14
4.8250000000000002,0,3.6270986214503863e-14
4.8254999999999999,0,3.4894309663968671e-14
4.8259999999999996,0,3.3562042034418483e-14
4.8265000000000002,0,3.2285285556099553e-14
4.827,0,3.1052937998765627e-14
4.8274999999999997,0,2.9864999362416711e-14
4.8280000000000003,0,2.8721469647052798e-14
4.8285,0,2.7611246622427642e-14
4.8289999999999997,0,2.6545432518787492e-14
4.8295000000000003,0,2.5512925105886099e-14
4.8300000000000001,0,2.4524826613969709e-14
4.8304999999999998,0,2.3570034812792075e-14
4.8310000000000004,0,2.2659651932599444e-14
4.8315000000000001,0,2.178257574314557e-14
4.8319999999999999,0,2.0927704014184201e-14
4.8324999999999996,0,2.0117241206207835e-14
4.8330000000000002,0,1.9328982858723975e-14
4.8334999999999999,0,1.8562928971732616e-14
4.8339999999999996,0,1.7830181775480013e-14
4.8345000000000002,0,1.7130741269966167e-14
4.835,0,1.6442402994698568e-14
4.8354999999999997,0,1.5787371410169725e-14
4.8360000000000003,0,1.5165646516379638e-14
4.8365,0,1.4555023852835802e-14
4.8369999999999997,0,1.3966605649784469e-14
4.8375000000000004,0,1.3389289676979387e-14
4.8380000000000001,0,1.2856382625159312e-14
4.8384999999999998,0,1.2334577803585489e-14
4.8390000000000004,0,1.1834977442504168e-14
4.8395000000000001,0,1.13464793116691e-14
4.8399999999999999,0,1.0891287871572785e-14
4.8404999999999996,0,1.0436096431476471e-14
4.8410000000000002,0,1.000310945187266e-14
4.8414999999999999,0,9.5812247025151006e-15
4.8419999999999996,0,9.1815444136500449e-15
4.8425000000000002,0,8.7929663550312401e-15
4.843,0,8.4154905266586863e-15
4.8434999999999997,0,8.0602191587786359e-15
4.8440000000000003,0,7.716050021144838e-15
4.8445,0,7.3940853440035419e-15
4.8449999999999998,0,7.0721206668622475e-15
4.8455000000000004,0,6.7612582199672032e-15
4.8460000000000001,0,6.4614980033184114e-15
4.8464999999999998,0,6.1728400169158705e-15
4.8470000000000004,0,5.9063864910058331e-15
4.8475000000000001,0,5.6510351953420466e-15
4.8479999999999999,0,5.4067861299245127e-15
4.8484999999999996,0,5.1736392947532296e-15
4.8490000000000002,0,4.9404924595819466e-15
4.8494999999999999,0,4.7073456244106636e-15
4.8499999999999996,0,4.496403249731884e-15
4.8505000000000003,0,4.2854608750531044e-15
4.851,0,4.0856207306205758e-15
4.8514999999999997,0,3.8857805861880479e-15
4.8520000000000003,0,3.7081449022480227e-15
4.8525,0,3.5416114485542492e-15
4.8529999999999998,0,3.3750779948604757e-15
4.8535000000000004,0,3.219646771412954e-15
4.8540000000000001,0,3.0642155479654322e-15
4.8544999999999998,0,2.9198865547641618e-15
4.8550000000000004,0,2.7755575615628914e-15
4.8555000000000001,0,2.6312285683616209e-15
4.8559999999999999,0,2.4980018054066022e-15
4.8564999999999996,0,2.3758772726978348e-15
4.8570000000000002,0,2.2537527399890679e-15
4.8574999999999999,0,2.1316282072803005e-15
4.8579999999999997,0,2.0206059048177848e-15
4.8585000000000003,0,1.9095836023552692e-15
4.859,0,1.7985612998927535e-15
4.8594999999999997,0,1.6986412276764896e-15
4.8600000000000003,0,1.609823385706477e-15
4.8605,0,1.5210055437364644e-15
4.8609999999999998,0,1.432187701766452e-15
4.8615000000000004,0,1.3544720900426909e-15
4.8620000000000001,0,1.27675647831893e-15
4.8624999999999998,0,1.2101430968414207e-15
4.8630000000000004,0,1.1435297153639113e-15
4.8635000000000002,0,1.0769163338864018e-15
4.8639999999999999,0,1.0103029524088924e-15
4.8644999999999996,0,9.5479180117763459e-16
4.8650000000000002,0,8.9928064994637676e-16
4.8654999999999999,0,8.4376949871511893e-16
4.8659999999999997,0,7.9936057773011273e-16
4.8665000000000003,0,7.5495165674510643e-16
4.867,0,7.1054273576010023e-16
4.8674999999999997,0,6.6613381477509392e-16
4.8680000000000003,0,6.2172489379008762e-16
4.8685,0,5.7731597280508142e-16
4.8689999999999998,0,5.3290705182007512e-16
4.8695000000000004,0,4.9960036108132044e-16
4.8700000000000001,0,4.6629367034256577e-16
4.8704999999999998,0,4.3298697960381104e-16
4.8710000000000004,0,3.9968028886505636e-16
4.8715000000000002,0,3.6637359812630164e-16
4.8719999999999999,0,3.3306690738754696e-16
4.8724999999999996,0,2.9976021664879229e-16
4.8730000000000002,0,2.6645352591003756e-16
4.8734999999999999,0,2.3314683517128288e-16
4.8739999999999997,0,2.1094237467877973e-16
4.8745000000000003,0,1.9984014443252818e-16
4.875,0,1.8873791418627661e-16
4.8754999999999997,0,1.7763568394002506e-16
4.8760000000000003,0,1.6653345369377348e-16
4.8765000000000001,0,1.5543122344752191e-16
4.8769999999999998,0,1.4432899320127036e-16
4.8775000000000004,0,1.3322676295501878e-16
4.8780000000000001,0,1.2212453270876723e-16
4.8784999999999998,0,1.1102230246251565e-16
4.8789999999999996,0,9.9920072216264091e-17
4.8795000000000002,0,8.8817841970012528e-17
4.8799999999999999,0,7.7715611723760953e-17
4.8804999999999996,0,6.661338147750939e-17
4.8810000000000002,0,5.5511151231257827e-17
4.8815,0,4.4408920985006264e-17
4.8819999999999997,0,3.3306690738754695e-17
4.8825000000000003,0,2.2204460492503132e-17
4.883,0,1.1102230246251566e-17
4.8834999999999997,0,0
4.8840000000000003,0,0
4.8845000000000001,0,0
4.8849999999999998,0,0
4.8855000000000004,0,0
4.8860000000000001,0,0
4.8864999999999998,0,0
4.8869999999999996,0,0
4.8875000000000002,0,0
4.8879999999999999,0,0
4.8884999999999996,0,0
4.8890000000000002,0,0
4.8895,0,0
4.8899999999999997,0,0
4.8905000000000003,0,0
4.891,0,0
4.8914999999999997,0,0
4.8920000000000003,0,0
4.8925000000000001,0,0
4.8929999999999998,0,0
4.8935000000000004,0,0
4.8940000000000001,0,0
4.8944999999999999,0,0
4.8949999999999996,0,0
4.8955000000000002,0,0
4.8959999999999999,0,0
4.8964999999999996,0,0
4.8970000000000002,0,0
4.8975,0,0
4.8979999999999997,0,0
4.8985000000000003,0,0
4.899,0,0
4.8994999999999997,0,0
4.9000000000000004,0,0
4.9005000000000001,0,0
4.9009999999999998,0,0
4.9015000000000004,0,0
4.9020000000000001,0,0
4.9024999999999999,0,0
4.9029999999999996,0,0
4.9035000000000002,0,0
4.9039999999999999,0,0
4.9044999999999996,0,0
4.9050000000000002,0,0
4.9055,0,0
4.9059999999999997,0,0
4.9065000000000003,0,0
4.907,0,0
4.9074999999999998,0,0
4.9080000000000004,0,0
4.9085000000000001,0,0
4.9089999999999998,0,0
4.9095000000000004,0,0
4.9100000000000001,0,0
4.9104999999999999,0,0
4.9109999999999996,0,0
4.9115000000000002,0,0
4.9119999999999999,0,0
4.9124999999999996,0,0
4.9130000000000003,0,0
4.9135,0,0
4.9139999999999997,0,0
4.9145000000000003,0,0
4.915,0,0
4.9154999999999998,0,0
4.9160000000000004,0,0
4.9165000000000001,0,0
4.9169999999999998,0,0
4.9175000000000004,0,0
4.9180000000000001,0,0
4.9184999999999999,0,0
4.9189999999999996,0,0
4.9195000000000002,0,0
4.9199999999999999,0,0
4.9204999999999997,0,0
4.9210000000000003,0,0
4.9215,0,0
4.9219999999999997,0,0
4.9225000000000003,0,0
4.923,0,0
4.9234999999999998,0,0
4.9240000000000004,0,0
4.9245000000000001,0,0
4.9249999999999998,0,0
4.9255000000000004,0,0
4.9260000000000002,0,0
4.9264999999999999,0,0
4.9269999999999996,0,0
4.9275000000000002,0,0
4.9279999999999999,0,0
4.9284999999999997,0,0
4.9290000000000003,0,0
4.9295,0,0
4.9299999999999997,0,0
4.9305000000000003,0,0
4.931,0,0
4.9314999999999998,0,0
4.9320000000000004,0,0
4.9325000000000001,0,0
4.9329999999999998,0,0
4.9335000000000004,0,0
4.9340000000000002,0,0
4.9344999999999999,0,0
4.9349999999999996,0,0
4.9355000000000002,0,0
4.9359999999999999,0,0
4.9364999999999997,0,0
4.9370000000000003,0,0
4.9375,0,0
4.9379999999999997,0,0
4.9385000000000003,0,0
4.9390000000000001,0,0
4.9394999999999998,0,0
4.9400000000000004,0,0
4.9405000000000001,0,0
4.9409999999999998,0,0
4.9414999999999996,0,0
4.9420000000000002,0,0
4.9424999999999999,0,0
4.9429999999999996,0,0
4.9435000000000002,0,0
4.944,0,0
4.9444999999999997,0,0
4.9450000000000003,0,0
4.9455,0,0
4.9459999999999997,0,0
4.9465000000000003,0,0
4.9470000000000001,0,0
4.9474999999999998,0,0
4.9480000000000004,0,0
4.9485000000000001,0,0
4.9489999999999998,0,0
4.9494999999999996,0,0
4.9500000000000002,0,0
4.9504999999999999,0,0
4.9509999999999996,0,0
4.9515000000000002,0,0
4.952,0,0
4.9524999999999997,0,0
4.9530000000000003,0,0
4.9535,0,0
4.9539999999999997,0,0
4.9545000000000003,0,0
4.9550000000000001,0,0
4.9554999999999998,0,0
4.9560000000000004,0,0
4.9565000000000001,0,0
4.9569999999999999,0,0
4.9574999999999996,0,0
4.9580000000000002,0,0
4.9584999999999999,0,0
4.9589999999999996,0,0
4.9595000000000002,0,0
4.96,0,0
4.9604999999999997,0,0
4.9610000000000003,0,0
4.9615,0,0
4.9619999999999997,0,0
4.9625000000000004,0,0
4.9630000000000001,0,0
4.9634999999999998,0,0
4.9640000000000004,0,0
4.9645000000000001,0,0
4.9649999999999999,0,0
4.9654999999999996,0,0
4.9660000000000002,0,0
4.9664999999999999,0,0
4.9669999999999996,0,0
4.9675000000000002,0,0
4.968,0,0
4.9684999999999997,0,0
4.9690000000000003,0,0
4.9695,0,0
4.9699999999999998,0,0
4.9705000000000004,0,0
4.9710000000000001,0,0
4.9714999999999998,0,0
4.9720000000000004,0,0
4.9725000000000001,0,0
4.9729999999999999,0,0
4.9734999999999996,0,0
4.9740000000000002,0,0
4.9744999999999999,0,0
4.9749999999999996,0,0
4.9755000000000003,0,0
4.976,0,0
4.9764999999999997,0,0
4.9770000000000003,0,0
4.9775,0,0
4.9779999999999998,0,0
4.9785000000000004,0,0
4.9790000000000001,0,0
4.9794999999999998,0,0
4.9800000000000004,0,0
4.9805000000000001,0,0
4.9809999999999999,0,0
4.9814999999999996,0,0
4.9820000000000002,0,0
4.9824999999999999,0,0
4.9829999999999997,0,0
4.9835000000000003,0,0
4.984,0,0
4.9844999999999997,0,0
4.9850000000000003,0,0
4.9855,0,0
4.9859999999999998,0,0
4.9865000000000004,0,0
4.9870000000000001,0,0
4.9874999999999998,0,0
4.9880000000000004,0,0
4.9885000000000002,0,0
4.9889999999999999,0,0
4.9894999999999996,0,0
4.9900000000000002,0,0
4.9904999999999999,0,0
4.9909999999999997,0,0
4.9915000000000003,0,0
4.992,0,0
4.9924999999999997,0,0
4.9930000000000003,0,0
4.9935,0,0
4.9939999999999998,0,0
4.9945000000000004,0,0
4.9950000000000001,0,0
4.9954999999999998,0,0
4.9960000000000004,0,0
4.9965000000000002,0,0
4.9969999999999999,0,0
4.9974999999999996,0,0
4.9980000000000002,0,0
4.9984999999999999,0,0
4.9989999999999997,0,0
4.9995000000000003,0,0
5,0,0
5.0004999999999997,0,0
5.0010000000000003,0,0
5.0015000000000001,0,0
5.0019999999999998,0,0
5.0025000000000004,0,0
5.0030000000000001,0,0
5.0034999999999998,0,0
5.0039999999999996,0,0
5.0045000000000002,0,0
5.0049999999999999,0,0
5.0054999999999996,0,0
5.0060000000000002,0,0
5.0065,0,0
5.0069999999999997,0,0
5.0075000000000003,0,0
5.008,0,0
5.0084999999999997,0,0
5.0090000000000003,0,0
5.0095000000000001,0,0
5.0099999999999998,0,0
5.0105000000000004,0,0
5.0110000000000001,0,0
5.0114999999999998,0,0
5.0119999999999996,0,0
5.0125000000000002,0,0
5.0129999999999999,0,0
5.0134999999999996,0,0
5.0140000000000002,0,0
5.0145,0,0
5.0149999999999997,0,0
5.0155000000000003,0,0
5.016,0,0
5.0164999999999997,0,0
5.0170000000000003,0,0
5.0175000000000001,0,0
5.0179999999999998,0,0
5.0185000000000004,0,0
5.0190000000000001,0,0
5.0194999999999999,0,0
5.0199999999999996,0,0
5.0205000000000002,0,0
5.0209999999999999,0,0
5.0214999999999996,0,0
5.0220000000000002,0,0
5.0225,0,0
5.0229999999999997,0,0
5.0235000000000003,0,0
5.024,0,0
5.0244999999999997,0,0
5.0250000000000004,0,0
5.0255000000000001,0,0
5.0259999999999998,0,0
5.0265000000000004,0,0
5.0270000000000001,0,0
5.0274999999999999,0,0
5.0279999999999996,0,0
5.0285000000000002,0,0
5.0289999999999999,0,0
5.0294999999999996,0,0
5.0300000000000002,0,0
5.0305,0,0
5.0309999999999997,0,0
5.0315000000000003,0,0
5.032,0,0
5.0324999999999998,0,0
5.0330000000000004,0,0
5.0335000000000001,0,0
5.0339999999999998,0,0
5.0345000000000004,0,0
5.0350000000000001,0,0
5.0354999999999999,0,0
5.0359999999999996,0,0
5.0365000000000002,0,0
5.0369999999999999,0,0
5.0374999999999996,0,0
5.0380000000000003,0,0
5.0385,0,0
5.0389999999999997,0,0
5.0395000000000003,0,0
5.04,0,0
5.0404999999999998,0,0
5.0410000000000004,0,0
5.0415000000000001,0,0
5.0419999999999998,0,0
5.0425000000000004,0,0
5.0430000000000001,0,0
5.0434999999999999,0,0
5.0439999999999996,0,0
5.0445000000000002,0,0
5.0449999999999999,0,0
5.0454999999999997,0,0
5.0460000000000003,0,0
5.0465,0,0
5.0469999999999997,0,0
5.0475000000000003,0,0
5.048,0,0
5.0484999999999998,0,0
5.0490000000000004,0,0
5.0495000000000001,0,0
5.0499999999999998,0,0
5.0505000000000004,0,0
5.0510000000000002,0,0
5.0514999999999999,0,0
5.0519999999999996,0,0
5.0525000000000002,0,0
5.0529999999999999,0,0
5.0534999999999997,0,0
5.0540000000000003,0,0
5.0545,0,0
5.0549999999999997,0,0
5.0555000000000003,0,0
5.056,0,0
5.0564999999999998,0,0
5.0570000000000004,0,0
5.0575000000000001,0,0
5.0579999999999998,0,0
5.0585000000000004,0,0
5.0590000000000002,0,0
5.0594999999999999,0,0
5.0599999999999996,0,0
5.0605000000000002,0,0
5.0609999999999999,0,0
5.0614999999999997,0,0
5.0620000000000003,0,0
5.0625,0,0
5.0629999999999997,0,0
5.0635000000000003,0,0
5.0640000000000001,0,0
5.0644999999999998,0,0
5.0650000000000004,0,0
5.0655000000000001,0,0
5.0659999999999998,0,0
5.0664999999999996,0,0
5.0670000000000002,0,0
5.0674999999999999,0,0
5.0679999999999996,0,0
5.0685000000000002,0,0
5.069,0,0
5.0694999999999997,0,0
5.0700000000000003,0,0
5.0705,0,0
5.0709999999999997,0,0
5.0715000000000003,0,0
5.0720000000000001,0,0
5.0724999999999998,0,0
5.0730000000000004,0,0
5.0735000000000001,0,0
5.0739999999999998,0,0
5.0744999999999996,0,0
5.0750000000000002,0,0
5.0754999999999999,0,0
5.0759999999999996,0,0
5.0765000000000002,0,0
5.077,0,0
5.0774999999999997,0,0
5.0780000000000003,0,0
5.0785,0,0
5.0789999999999997,0,0
5.0795000000000003,0,0
5.0800000000000001,0,0
5.0804999999999998,0,0
5.0810000000000004,0,0
5.0815000000000001,0,0
5.0819999999999999,0,0
5.0824999999999996,0,0
5.0830000000000002,0,0
5.0834999999999999,0,0
5.0839999999999996,0,0
5.0845000000000002,0,0
5.085,0,0
5.0854999999999997,0,0
5.0860000000000003,0,0
5.0865,0,0
5.0869999999999997,0,0
5.0875000000000004,0,0
5.0880000000000001,0,0
5.0884999999999998,0,0
5.0890000000000004,0,0
5.0895000000000001,0,0
5.0899999999999999,0,0
5.0904999999999996,0,0
5.0910000000000002,0,0
5.0914999999999999,0,0
5.0919999999999996,0,0
5.0925000000000002,0,0
5.093,0,0
5.0934999999999997,0,0
5.0940000000000003,0,0
5.0945,0,0
5.0949999999999998,0,0
5.0955000000000004,0,0
5.0960000000000001,0,0
5.0964999999999998,0,0
5.0970000000000004,0,0
5.0975000000000001,0,0
5.0979999999999999,0,0
5.0984999999999996,0,0
5.0990000000000002,0,0
5.0994999999999999,0,0
5.0999999999999996,0,0
5.1005000000000003,0,0
5.101,0,0
5.1014999999999997,0,0
5.1020000000000003,0,0
5.1025,0,0
5.1029999999999998,0,0
5.1035000000000004,0,0
5.1040000000000001,0,0
5.1044999999999998,0,0
5.1050000000000004,0,0
5.1055000000000001,0,0
5.1059999999999999,0,0
5.1064999999999996,0,0
5.1070000000000002,0,0
5.1074999999999999,0,0
5.1079999999999997,0,0
5.1085000000000003,0,0
5.109,0,0
5.1094999999999997,0,0
5.1100000000000003,0,0
5.1105,0,0
5.1109999999999998,0,0
5.1115000000000004,0,0
5.1120000000000001,0,0
5.1124999999999998,0,0
5.1130000000000004,0,0
5.1135000000000002,0,0
5.1139999999999999,0,0
5.1144999999999996,0,0
5.1150000000000002,0,0
5.1154999999999999,0,0
5.1159999999999997,0,0
5.1165000000000003,0,0
5.117,0,0
5.1174999999999997,0,0
5.1180000000000003,0,0
5.1185,0,0
5.1189999999999998,0,0
5.1195000000000004,0,0
5.1200000000000001,0,0
5.1204999999999998,0,0
5.1210000000000004,0,0
5.1215000000000002,0,0
5.1219999999999999,0,0
5.1224999999999996,0,0
5.1230000000000002,0,0
5.1234999999999999,0,0
5.1239999999999997,0,0
5.1245000000000003,0,0
5.125,0,0
5.1254999999999997,0,0
5.1260000000000003,0,0
5.1265000000000001,0,0
5.1269999999999998,0,0
5.1275000000000004,0,0
5.1280000000000001,0,0
5.1284999999999998,0,0
5.1289999999999996,0,0
5.1295000000000002,0,0
5.1299999999999999,0,0
5.1304999999999996,0,0
5.1310000000000002,0,0
5.1315,0,0
5.1319999999999997,0,0
5.1325000000000003,0,0
5.133,0,0
5.1334999999999997,0,0
5.1340000000000003,0,0
5.1345000000000001,0,0
5.1349999999999998,0,0
5.1355000000000004,0,0
5.1360000000000001,0,0
5.1364999999999998,0,0
5.1369999999999996,0,0
5.1375000000000002,0,0
5.1379999999999999,0,0
5.1384999999999996,0,0
5.1390000000000002,0,0
5.1395,0,0
5.1399999999999997,0,0
5.1405000000000003,0,0
5.141,0,0
5.1414999999999997,0,0
5.1420000000000003,0,0
5.1425000000000001,0,0
5.1429999999999998,0,0
5.1435000000000004,0,0
5.1440000000000001,0,0
5.1444999999999999,0,0
5.1449999999999996,0,0
5.1455000000000002,0,0
5.1459999999999999,0,0
5.1464999999999996,0,0
5.1470000000000002,0,0
5.1475,0,0
5.1479999999999997,0,0
5.1485000000000003,0,0
5.149,0,0
5.1494999999999997,0,0
5.1500000000000004,0,0
5.1505000000000001,0,0
5.1509999999999998,0,0
5.1515000000000004,0,0
5.1520000000000001,0,0
5.1524999999999999,0,0
5.1529999999999996,0,0
5.1535000000000002,0,0
5.1539999999999999,0,0
5.1544999999999996,0,0
5.1550000000000002,0,0
5.1555,0,0
5.1559999999999997,0,0
5.1565000000000003,0,0
5.157,0,0
5.1574999999999998,0,0
5.1580000000000004,0,0
5.1585000000000001,0,0
5.1589999999999998,0,0
5.1595000000000004,0,0
5.1600000000000001,0,0
5.1604999999999999,0,0
5.1609999999999996,0,0
5.1615000000000002,0,0
5.1619999999999999,0,0
5.1624999999999996,0,0
5.1630000000000003,0,0
5.1635,0,0
5.1639999999999997,0,0
5.1645000000000003,0,0
5.165,0,0
5.1654999999999998,0,0
5.1660000000000004,0,0
5.1665000000000001,0,0
5.1669999999999998,0,0
5.1675000000000004,0,0
5.1680000000000001,0,0
5.1684999999999999,0,0
5.1689999999999996,0,0
5.1695000000000002,0,0
5.1699999999999999,0,0
5.1704999999999997,0,0
5.1710000000000003,0,0
5.1715,0,0
5.1719999999999997,0,0
5.1725000000000003,0,0
5.173,0,0
5.1734999999999998,0,0
5.1740000000000004,0,0
5.1745000000000001,0,0
5.1749999999999998,0,0
5.1755000000000004,0,0
5.1760000000000002,0,0
5.1764999999999999,0,0
5.1769999999999996,0,0
5.1775000000000002,0,0
5.1779999999999999,0,0
5.1784999999999997,0,0
5.1790000000000003,0,0
5.1795,0,0
5.1799999999999997,0,0
5.1805000000000003,0,0
5.181,0,0
5.1814999999999998,0,0
5.1820000000000004,0,0
5.1825000000000001,0,0
5.1829999999999998,0,0
5.1835000000000004,0,0
5.1840000000000002,0,0
5.1844999999999999,0,0
5.1849999999999996,0,0
5.1855000000000002,0,0
5.1859999999999999,0,0
5.1864999999999997,0,0
5.1870000000000003,0,0
5.1875,0,0
5.1879999999999997,0,0
5.1885000000000003,0,0
5.1890000000000001,0,0
5.1894999999999998,0,0
5.1900000000000004,0,0
5.1905000000000001,0,0
5.1909999999999998,0,0
5.1914999999999996,0,0
5.1920000000000002,0,0
5.1924999999999999,0,0
5.1929999999999996,0,0
5.1935000000000002,0,0
5.194,0,0
5.1944999999999997,0,0
5.1950000000000003,0,0
5.1955,0,0
5.1959999999999997,0,0
5.1965000000000003,0,0
5.1970000000000001,0,0
5.1974999999999998,0,0
5.1980000000000004,0,0
5.1985000000000001,0,0
5.1989999999999998,0,0
5.1994999999999996,0,0
5.2000000000000002,0,0
5.2004999999999999,0,0
5.2009999999999996,0,0
5.2015000000000002,0,0
5.202,0,0
5.2024999999999997,0,0
5.2030000000000003,0,0
5.2035,0,0
5.2039999999999997,0,0
5.2045000000000003,0,0
5.2050000000000001,0,0
5.2054999999999998,0,0
5.2060000000000004,0,0
5.2065000000000001,0,0
5.2069999999999999,0,0
5.2074999999999996,0,0
5.2080000000000002,0,0
5.2084999999999999,0,0
5.2089999999999996,0,0
5.2095000000000002,0,0
5.21,0,0
5.2104999999999997,0,0
5.2110000000000003,0,0
5.2115,0,0
5.2119999999999997,0,0
5.2125000000000004,0,0
5.2130000000000001,0,0
5.2134999999999998,0,0
5.2140000000000004,0,0
5.2145000000000001,0,0
5.2149999999999999,0,0
5.2154999999999996,0,0
5.2160000000000002,0,0
5.2164999999999999,0,0
5.2169999999999996,0,0
5.2175000000000002,0,0
5.218,0,0
5.2184999999999997,0,0
5.2190000000000003,0,0
5.2195,0,0
5.2199999999999998,0,0
5.2205000000000004,0,0
5.2210000000000001,0,0
5.2214999999999998,0,0
5.2220000000000004,0,0
5.2225000000000001,0,0
5.2229999999999999,0,0
5.2234999999999996,0,0
5.2240000000000002,0,0
5.2244999999999999,0,0
5.2249999999999996,0,0
5.2255000000000003,0,0
5.226,0,0
5.2264999999999997,0,0
5.2270000000000003,0,0
5.2275,0,0
5.2279999999999998,0,0
5.2285000000000004,0,0
5.2290000000000001,0,0
5.2294999999999998,0,0
5.2300000000000004,0,0
5.2305000000000001,0,0
5.2309999999999999,0,0
5.2314999999999996,0,0
5.2320000000000002,0,0
5.2324999999999999,0,0
5.2329999999999997,0,0
5.2335000000000003,0,0
5.234,0,0
5.2344999999999997,0,0
5.2350000000000003,0,0
5.2355,0,0
5.2359999999999998,0,0
5.2365000000000004,0,0
5.2370000000000001,0,0
5.2374999999999998,0,0
5.2380000000000004,0,0
5.2385000000000002,0,0
5.2389999999999999,0,0
5.2394999999999996,0,0
5.2400000000000002,0,0
5.2404999999999999,0,0
5.2409999999999997,0,0
5.2415000000000003,0,0
5.242,0,0
5.2424999999999997,0,0
5.2430000000000003,0,0
5.2435,0,0
5.2439999999999998,0,0
5.2445000000000004,0,0
5.2450000000000001,0,0
5.2454999999999998,0,0
5.2460000000000004,0,0
5.2465000000000002,0,0
5.2469999999999999,0,0
5.2474999999999996,0,0
5.2480000000000002,0,0
5.2484999999999999,0,0
5.2489999999999997,0,0
5.2495000000000003,0,0
5.25,0,0
5.2504999999999997,0,0
5.2510000000000003,0,0
5.2515000000000001,0,0
5.2519999999999998,0,0
5.2525000000000004,0,0
5.2530000000000001,0,0
5.2534999999999998,0,0
5.2539999999999996,0,0
5.2545000000000002,0,0
5.2549999999999999,0,0
5.2554999999999996,0,0
5.2560000000000002,0,0
5.2565,0,0
5.2569999999999997,0,0
5.2575000000000003,0,0
5.258,0,0
5.2584999999999997,0,0
5.2590000000000003,0,0
5.2595000000000001,0,0
5.2599999999999998,0,0
5.2605000000000004,0,0
5.2610000000000001,0,0
5.2614999999999998,0,0
5.2619999999999996,0,0
5.2625000000000002,0,0
5.2629999999999999,0,0
5.2634999999999996,0,0
5.2640000000000002,0,0
5.2645,0,0
5.2649999999999997,0,0
5.2655000000000003,0,0
5.266,0,0
5.2664999999999997,0,0
5.2670000000000003,0,0
5.2675000000000001,0,0
5.2679999999999998,0,0
5.2685000000000004,0,0
5.2690000000000001,0,0
5.2694999999999999,0,0
5.2699999999999996,0,0
5.2705000000000002,0,0
5.2709999999999999,0,0
5.2714999999999996,0,0
5.2720000000000002,0,0
5.2725,0,0
5.2729999999999997,0,0
5.2735000000000003,0,0
5.274,0,0
5.2744999999999997,0,0
5.2750000000000004,0,0
5.2755000000000001,0,0
5.2759999999999998,0,0
5.2765000000000004,0,0
5.2770000000000001,0,0
5.2774999999999999,0,0
5.2779999999999996,0,0
5.2785000000000002,0,0
5.2789999999999999,0,0
5.2794999999999996,0,0
5.2800000000000002,0,0
5.2805,0,0
5.2809999999999997,0,0
5.2815000000000003,0,0
5.282,0,0
5.2824999999999998,0,0
5.2830000000000004,0,0
5.2835000000000001,0,0
5.2839999999999998,0,0
5.2845000000000004,0,0
5.2850000000000001,0,0
5.2854999999999999,0,0
5.2859999999999996,0,0
5.2865000000000002,0,0
5.2869999999999999,0,0
5.2874999999999996,0,0
5.2880000000000003,0,0
5.2885,0,0
5.2889999999999997,0,0
5.2895000000000003,0,0
5.29,0,0
5.2904999999999998,0,0
5.2910000000000004,0,0
5.2915000000000001,0,0
5.2919999999999998,0,0
5.2925000000000004,0,0
5.2930000000000001,0,0
5.2934999999999999,0,0
5.2939999999999996,0,0
5.2945000000000002,0,0
5.2949999999999999,0,0
5.2954999999999997,0,0
5.2960000000000003,0,0
5.2965,0,0
5.2969999999999997,0,0
5.2975000000000003,0,0
5.298,0,0
5.2984999999999998,0,0
5.2990000000000004,0,0
5.2995000000000001,0,0
5.2999999999999998,0,0
5.3005000000000004,0,0
5.3010000000000002,0,0
5.3014999999999999,0,0
5.3019999999999996,0,0
5.3025000000000002,0,0
5.3029999999999999,0,0
5.3034999999999997,0,0
5.3040000000000003,0,0
5.3045,0,0
5.3049999999999997,0,0
5.3055000000000003,0,0
5.306,0,0
5.3064999999999998,0,0
5.3070000000000004,0,0
5.3075000000000001,0,0
5.3079999999999998,0,0
5.3085000000000004,0,0
5.3090000000000002,0,0
5.3094999999999999,0,0
5.3099999999999996,0,0
5.3105000000000002,0,0
5.3109999999999999,0,0
5.3114999999999997,0,0
5.3120000000000003,0,0
5.3125,0,0
5.3129999999999997,0,0
5.3135000000000003,0,0
5.3140000000000001,0,0
5.3144999999999998,0,0
5.3150000000000004,0,0
5.3155000000000001,0,0
5.3159999999999998,0,0
5.3164999999999996,0,0
5.3170000000000002,0,0
5.3174999999999999,0,0
5.3179999999999996,0,0
5.3185000000000002,0,0
5.319,0,0
5.3194999999999997,0,0
5.3200000000000003,0,0
5.3205,0,0
5.3209999999999997,0,0
5.3215000000000003,0,0
5.3220000000000001,0,0
5.3224999999999998,0,0
5.3230000000000004,0,0
5.3235000000000001,0,0
5.3239999999999998,0,0
5.3244999999999996,0,0
5.3250000000000002,0,0
5.3254999999999999,0,0
5.3259999999999996,0,0
5.3265000000000002,0,0
5.327,0,0
5.3274999999999997,0,0
5.3280000000000003,0,0
5.3285,0,0
5.3289999999999997,0,0
5.3295000000000003,0,0
5.3300000000000001,0,0
5.3304999999999998,0,0
5.3310000000000004,0,0
5.3315000000000001,0,0
5.3319999999999999,0,0
5.3324999999999996,0,0
5.3330000000000002,0,0
5.3334999999999999,0,0
5.3339999999999996,0,0
5.3345000000000002,0,0
5.335,0,0
5.3354999999999997,0,0
5.3360000000000003,0,0
5.3365,0,0
5.3369999999999997,0,0
5.3375000000000004,0,0
5.3380000000000001,0,0
5.3384999999999998,0,0
5.3390000000000004,0,0
5.3395000000000001,0,0
5.3399999999999999,0,0
5.3404999999999996,0,0
5.3410000000000002,0,0
5.3414999999999999,0,0
5.3419999999999996,0,0
5.3425000000000002,0,0
5.343,0,0
5.3434999999999997,0,0
5.3440000000000003,0,0
5.3445,0,0
5.3449999999999998,0,0
5.3455000000000004,0,0
5.3460000000000001,0,0
5.3464999999999998,0,0
5.3470000000000004,0,0
5.3475000000000001,0,0
5.3479999999999999,0,0
5.3484999999999996,0,0
5.3490000000000002,0,0
5.3494999999999999,0,0
5.3499999999999996,0,0
5.3505000000000003,0,0
5.351,0,0
5.3514999999999997,0,0
5.3520000000000003,0,0
5.3525,0,0
5.3529999999999998,0,0
5.3535000000000004,0,0
5.3540000000000001,0,0
5.3544999999999998,0,0
5.3550000000000004,0,0
5.3555000000000001,0,0
5.3559999999999999,0,0
5.3564999999999996,0,0
5.3570000000000002,0,0
5.3574999999999999,0,0
5.3579999999999997,0,0
5.3585000000000003,0,0
5.359,0,0
5.3594999999999997,0,0
5.3600000000000003,0,0
5.3605,0,0
5.3609999999999998,0,0
5.3615000000000004,0,0
5.3620000000000001,0,0
5.3624999999999998,0,0
5.3630000000000004,0,0
5.3635000000000002,0,0
5.3639999999999999,0,0
5.3644999999999996,0,0
5.3650000000000002,0,0
5.3654999999999999,0,0
5.3659999999999997,0,0
5.3665000000000003,0,0
5.367,0,0
5.3674999999999997,0,0
5.3680000000000003,0,0
5.3685,0,0
5.3689999999999998,0,0
5.3695000000000004,0,0
5.3700000000000001,0,0
5.3704999999999998,0,0
5.3710000000000004,0,0
5.3715000000000002,0,0
5.3719999999999999,0,0
5.3724999999999996,0,0
5.3730000000000002,0,0
5.3734999999999999,0,0
5.3739999999999997,0,0
5.3745000000000003,0,0
5.375,0,0
5.3754999999999997,0,0
5.3760000000000003,0,0
5.3765000000000001,0,0
5.3769999999999998,0,0
5.3775000000000004,0,0
5.3780000000000001,0,0
5.3784999999999998,0,0
5.3789999999999996,0,0
5.3795000000000002,0,0
5.3799999999999999,0,0
5.3804999999999996,0,0
5.3810000000000002,0,0
5.3815,0,0
5.3819999999999997,0,0
5.3825000000000003,0,0
5.383,0,0
5.3834999999999997,0,0
5.3840000000000003,0,0
5.3845000000000001,0,0
5.3849999999999998,0,0
5.3855000000000004,0,0
5.3860000000000001,0,0
5.3864999999999998,0,0
5.3869999999999996,0,0
5.3875000000000002,0,0
5.3879999999999999,0,0
5.3884999999999996,0,0
5.3890000000000002,0,0
5.3895,0,0
5.3899999999999997,0,0
5.3905000000000003,0,0
5.391,0,0
5.3914999999999997,0,0
5.3920000000000003,0,0
5.3925000000000001,0,0
5.3929999999999998,0,0
5.3935000000000004,0,0
5.3940000000000001,0,0
5.3944999999999999,0,0
5.3949999999999996,0,0
5.3955000000000002,0,0
5.3959999999999999,0,0
5.3964999999999996,0,0
5.3970000000000002,0,0
5.3975,0,0
5.3979999999999997,0,0
5.3985000000000003,0,0
5.399,0,0
5.3994999999999997,0,0
5.4000000000000004,0,0
5.4005000000000001,0,0
5.4009999999999998,0,0
5.4015000000000004,0,0
5.4020000000000001,0,0
5.4024999999999999,0,0
5.4029999999999996,0,0
5.4035000000000002,0,0
5.4039999999999999,0,0
5.4044999999999996,0,0
5.4050000000000002,0,0
5.4055,0,0
5.4059999999999997,0,0
5.4065000000000003,0,0
5.407,0,0
5.4074999999999998,0,0
5.4080000000000004,0,0
5.4085000000000001,0,0
5.4089999999999998,0,0
5.4095000000000004,0,0
5.4100000000000001,0,0
5.4104999999999999,0,0
5.4109999999999996,0,0
5.4115000000000002,0,0
5.4119999999999999,0,0
5.4124999999999996,0,0
5.4130000000000003,0,0
5.4135,0,0
5.4139999999999997,0,0
5.4145000000000003,0,0
5.415,0,0
5.4154999999999998,0,0
5.4160000000000004,0,0
5.4165000000000001,0,0
5.4169999999999998,0,0
5.4175000000000004,0,0
5.4180000000000001,0,0
5.4184999999999999,0,0
5.4189999999999996,0,0
5.4195000000000002,0,0
5.4199999999999999,0,0
5.4204999999999997,0,0
5.4210000000000003,0,0
5.4215,0,0
5.4219999999999997,0,0
5.4225000000000003,0,0
5.423,0,0
5.4234999999999998,0,0
5.4240000000000004,0,0
5.4245000000000001,0,0
5.4249999999999998,0,0
5.4255000000000004,0,0
5.4260000000000002,0,0
5.4264999999999999,0,0
5.4269999999999996,0,0
5.4275000000000002,0,0
5.4279999999999999,0,0
5.4284999999999997,0,0
5.4290000000000003,0,0
5.4295,0,0
5.4299999999999997,0,0
5.4305000000000003,0,0
5.431,0,0
5.4314999999999998,0,0
5.4320000000000004,0,0
5.4325000000000001,0,0
5.4329999999999998,0,0
5.4335000000000004,0,0
5.4340000000000002,0,0
5.4344999999999999,0,0
5.4349999999999996,0,0
5.4355000000000002,0,0
5.4359999999999999,0,0
5.4364999999999997,0,0
5.4370000000000003,0,0
5.4375,0,0
5.4379999999999997,0,0
5.4385000000000003,0,0
5.4390000000000001,0,0
5.4394999999999998,0,0
5.4400000000000004,0,0
5.4405000000000001,0,0
5.4409999999999998,0,0
5.4414999999999996,0,0
5.4420000000000002,0,0
5.4424999999999999,0,0
5.4429999999999996,0,0
5.4435000000000002,0,0
5.444,0,0
5.4444999999999997,0,0
5.4450000000000003,0,0
5.4455,0,0
5.4459999999999997,0,0
5.4465000000000003,0,0
5.4470000000000001,0,0
5.4474999999999998,0,0
5.4480000000000004,0,0
5.4485000000000001,0,0
5.4489999999999998,0,0
5.4494999999999996,0,0
5.4500000000000002,0,0
5.4504999999999999,0,0
5.4509999999999996,0,0
5.4515000000000002,0,0
5.452,0,0
5.4524999999999997,0,0
5.4530000000000003,0,0
5.4535,0,0
5.4539999999999997,0,0
5.4545000000000003,0,0
5.4550000000000001,0,0
5.4554999999999998,0,0
5.4560000000000004,0,0
5.4565000000000001,0,0
5.4569999999999999,0,0
5.4574999999999996,0,0
5.4580000000000002,0,0
5.4584999999999999,0,0
5.4589999999999996,0,0
5.4595000000000002,0,0
5.46,0,0
5.4604999999999997,0,0
5.4610000000000003,0,0
5.4615,0,0
5.4619999999999997,0,0
5.4625000000000004,0,0
5.4630000000000001,0,0
5.4634999999999998,0,0
5.4640000000000004,0,0
5.4645000000000001,0,0
5.4649999999999999,0,0
5.4654999999999996,0,0
5.4660000000000002,0,0
5.4664999999999999,0,0
5.4669999999999996,0,0
5.4675000000000002,0,0
5.468,0,0
5.4684999999999997,0,0
5.4690000000000003,0,0
5.4695,0,0
5.4699999999999998,0,0
5.4705000000000004,0,0
5.4710000000000001,0,0
5.4714999999999998,0,0
5.4720000000000004,0,0
5.4725000000000001,0,0
5.4729999999999999,0,0
5.4734999999999996,0,0
5.4740000000000002,0,0
5.4744999999999999,0,0
5.4749999999999996,0,0
5.4755000000000003,0,0
5.476,0,0
5.4764999999999997,0,0
5.4770000000000003,0,0
5.4775,0,0
5.4779999999999998,0,0
5.4785000000000004,0,0
5.4790000000000001,0,0
5.4794999999999998,0,0
5.4800000000000004,0,0
5.4805000000000001,0,0
5.4809999999999999,0,0
5.4814999999999996,0,0
5.4820000000000002,0,0
5.4824999999999999,0,0
5.4829999999999997,0,0
5.4835000000000003,0,0
5.484,0,0
5.4844999999999997,0,0
5.4850000000000003,0,0
5.4855,0,0
5.4859999999999998,0,0
5.4865000000000004,0,0
5.4870000000000001,0,0
5.4874999999999998,0,0
5.4880000000000004,0,0
5.4885000000000002,0,0
5.4889999999999999,0,0
5.4894999999999996,0,0
5.4900000000000002,0,0
5.4904999999999999,0,0
5.4909999999999997,0,0
5.4915000000000003,0,0
5.492,0,0
5.4924999999999997,0,0
5.4930000000000003,0,0
5.4935,0,0
5.4939999999999998,0,0
5.4945000000000004,0,0
5.4950000000000001,0,0
5.4954999999999998,0,0
5.4960000000000004,0,0
5.4965000000000002,0,0
5.4969999999999999,0,0
5.4974999999999996,0,0
5.4980000000000002,0,0
5.4984999999999999,0,0
5.4989999999999997,0,0
5.4995000000000003,0,0
5.5,0,0
5.5004999999999997,0,0
5.5010000000000003,0,0
5.5015000000000001,0,0
5.5019999999999998,0,0
5.5025000000000004,0,0
5.5030000000000001,0,0
5.5034999999999998,0,0
5.5039999999999996,0,0
5.5045000000000002,0,0
5.5049999999999999,0,0
5.5054999999999996,0,0
5.5060000000000002,0,0
5.5065,0,0
5.5069999999999997,0,0
5.5075000000000003,0,0
5.508,0,0
5.5084999999999997,0,0
5.5090000000000003,0,0
5.5095000000000001,0,0
5.5099999999999998,0,0
5.5105000000000004,0,0
5.5110000000000001,0,0
5.5114999999999998,0,0
5.5119999999999996,0,0
5.5125000000000002,0,0
5.5129999999999999,0,0
5.5134999999999996,0,0
5.5140000000000002,0,0
5.5145,0,0
5.5149999999999997,0,0
5.5155000000000003,0,0
5.516,0,0
5.5164999999999997,0,0
5.5170000000000003,0,0
5.5175000000000001,0,0
5.5179999999999998,0,0
5.5185000000000004,0,0
5.5190000000000001,0,0
5.5194999999999999,0,0
5.5199999999999996,0,0
5.5205000000000002,0,0
5.5209999999999999,0,0
5.5214999999999996,0,0
5.5220000000000002,0,0
5.5225,0,0
5.5229999999999997,0,0
5.5235000000000003,0,0
5.524,0,0
5.5244999999999997,0,0
5.5250000000000004,0,0
5.5255000000000001,0,0
5.5259999999999998,0,0
5.5265000000000004,0,0
5.5270000000000001,0,0
5.5274999999999999,0,0
5.5279999999999996,0,0
5.5285000000000002,0,0
5.5289999999999999,0,0
5.5294999999999996,0,0
5.5300000000000002,0,0
5.5305,0,0
5.5309999999999997,0,0
5.5315000000000003,0,0
5.532,0,0
5.5324999999999998,0,0
5.5330000000000004,0,0
5.5335000000000001,0,0
5.5339999999999998,0,0
5.5345000000000004,0,0
5.5350000000000001,0,0
5.5354999999999999,0,0
5.5359999999999996,0,0
5.5365000000000002,0,0
5.5369999999999999,0,0
5.5374999999999996,0,0
5.5380000000000003,0,0
5.5385,0,0
5.5389999999999997,0,0
5.5395000000000003,0,0
5.54,0,0
5.5404999999999998,0,0
5.5410000000000004,0,0
5.5415000000000001,0,0
5.5419999999999998,0,0
5.5425000000000004,0,0
5.5430000000000001,0,0
5.5434999999999999,0,0
5.5439999999999996,0,0
5.5445000000000002,0,0
5.5449999999999999,0,0
5.5454999999999997,0,0
5.5460000000000003,0,0
5.5465,0,0
5.5469999999999997,0,0
5.5475000000000003,0,0
5.548,0,0
5.5484999999999998,0,0
5.5490000000000004,0,0
5.5495000000000001,0,0
5.5499999999999998,0,0
5.5505000000000004,0,0
5.5510000000000002,0,0
5.5514999999999999,0,0
5.5519999999999996,0,0
5.5525000000000002,0,0
5.5529999999999999,0,0
5.5534999999999997,0,0
5.5540000000000003,0,0
5.5545,0,0
5.5549999999999997,0,0
5.5555000000000003,0,0
5.556,0,0
5.5564999999999998,0,0
5.5570000000000004,0,0
5.5575000000000001,0,0
5.5579999999999998,0,0
5.5585000000000004,0,0
5.5590000000000002,0,0
5.5594999999999999,0,0
5.5599999999999996,0,0
5.5605000000000002,0,0
5.5609999999999999,0,0
5.5614999999999997,0,0
5.5620000000000003,0,0
5.5625,0,0
5.5629999999999997,0,0
5.5635000000000003,0,0
5.5640000000000001,0,0
5.5644999999999998,0,0
5.5650000000000004,0,0
5.5655000000000001,0,0
5.5659999999999998,0,0
5.5664999999999996,0,0
5.5670000000000002,0,0
5.5674999999999999,0,0
5.5679999999999996,0,0
5.5685000000000002,0,0
5.569,0,0
5.5694999999999997,0,0
5.5700000000000003,0,0
5.5705,0,0
5.5709999999999997,0,0
5.5715000000000003,0,0
5.5720000000000001,0,0
5.5724999999999998,0,0
5.5730000000000004,0,0
5.5735000000000001,0,0
5.5739999999999998,0,0
5.5744999999999996,0,0
5.5750000000000002,0,0
5.5754999999999999,0,0
5.5759999999999996,0,0
5.5765000000000002,0,0
5.577,0,0
5.5774999999999997,0,0
5.5780000000000003,0,0
5.5785,0,0
5.5789999999999997,0,0
5.5795000000000003,0,0
5.5800000000000001,0,0
5.5804999999999998,0,0
5.5810000000000004,0,0
5.5815000000000001,0,0
5.5819999999999999,0,0
5.5824999999999996,0,0
5.5830000000000002,0,0
5.5834999999999999,0,0
5.5839999999999996,0,0
5.5845000000000002,0,0
5.585,0,0
5.5854999999999997,0,0
5.5860000000000003,0,0
5.5865,0,0
5.5869999999999997,0,0
5.5875000000000004,0,0
5.5880000000000001,0,0
5.5884999999999998,0,0
5.5890000000000004,0,0
5.5895000000000001,0,0
5.5899999999999999,0,0
5.5904999999999996,0,0
5.5910000000000002,0,0
5.5914999999999999,0,0
5.5919999999999996,0,0
5.5925000000000002,0,0
5.593,0,0
5.5934999999999997,0,0
5.5940000000000003,0,0
5.5945,0,0
5.5949999999999998,0,0
5.5955000000000004,0,0
5.5960000000000001,0,0
5.5964999999999998,0,0
5.5970000000000004,0,0
5.5975000000000001,0,0
5.5979999999999999,0,0
5.5984999999999996,0,0
5.5990000000000002,0,0
5.5994999999999999,0,0
5.5999999999999996,0,0
5.6005000000000003,0,0
5.601,0,0
5.6014999999999997,0,0
5.6020000000000003,0,0
5.6025,0,0
5.6029999999999998,0,0
5.6035000000000004,0,0
5.6040000000000001,0,0
5.6044999999999998,0,0
5.6050000000000004,0,0
5.6055000000000001,0,0
5.6059999999999999,0,0
5.6064999999999996,0,0
5.6070000000000002,0,0
5.6074999999999999,0,0
5.6079999999999997,0,0
5.6085000000000003,0,0
5.609,0,0
5.6094999999999997,0,0
5.6100000000000003,0,0
5.6105,0,0
5.6109999999999998,0,0
5.6115000000000004,0,0
5.6120000000000001,0,0
5.6124999999999998,0,0
5.6130000000000004,0,0
5.6135000000000002,0,0
5.6139999999999999,0,0
5.6144999999999996,0,0
5.6150000000000002,0,0
5.6154999999999999,0,0
5.6159999999999997,0,0
5.6165000000000003,0,0
5.617,0,0
5.6174999999999997,0,0
5.6180000000000003,0,0
5.6185,0,0
5.6189999999999998,0,0
5.6195000000000004,0,0
5.6200000000000001,0,0
5.6204999999999998,0,0
5.6210000000000004,0,0
5.6215000000000002,0,0
5.6219999999999999,0,0
5.6224999999999996,0,0
5.6230000000000002,0,0
5.6234999999999999,0,0
5.6239999999999997,0,0
5.6245000000000003,0,0
5.625,0,0
5.6254999999999997,0,0
5.6260000000000003,0,0
5.6265000000000001,0,0
5.6269999999999998,0,0
5.6275000000000004,0,0
5.6280000000000001,0,0
5.6284999999999998,0,0
5.6289999999999996,0,0
5.6295000000000002,0,0
5.6299999999999999,0,0
5.6304999999999996,0,0
5.6310000000000002,0,0
5.6315,0,0
5.6319999999999997,0,0
5.6325000000000003,0,0
5.633,0,0
5.6334999999999997,0,0
5.6340000000000003,0,0
5.6345000000000001,0,0
5.6349999999999998,0,0
5.6355000000000004,0,0
5.6360000000000001,0,0
5.6364999999999998,0,0
5.6369999999999996,0,0
5.6375000000000002,0,0
5.6379999999999999,0,0
5.6384999999999996,0,0
5.6390000000000002,0,0
5.6395,0,0
5.6399999999999997,0,0
5.6405000000000003,0,0
5.641,0,0
5.6414999999999997,0,0
5.6420000000000003,0,0
5.6425000000000001,0,0
5.6429999999999998,0,0
5.6435000000000004,0,0
5.6440000000000001,0,0
5.6444999999999999,0,0
5.6449999999999996,0,0
5.6455000000000002,0,0
5.6459999999999999,0,0
5.6464999999999996,0,0
5.6470000000000002,0,0
5.6475,0,0
5.6479999999999997,0,0
5.6485000000000003,0,0
5.649,0,0
5.6494999999999997,0,0
5.6500000000000004,0,0
5.6505000000000001,0,0
5.6509999999999998,0,0
5.6515000000000004,0,0
5.6520000000000001,0,0
5.6524999999999999,0,0
5.6529999999999996,0,0
5.6535000000000002,0,0
5.6539999999999999,0,0
5.6544999999999996,0,0
5.6550000000000002,0,0
5.6555,0,0
5.6559999999999997,0,0
5.6565000000000003,0,0
5.657,0,0
5.6574999999999998,0,0
5.6580000000000004,0,0
5.6585000000000001,0,0
5.6589999999999998,0,0
5.6595000000000004,0,0
5.6600000000000001,0,0
5.6604999999999999,0,0
5.6609999999999996,0,0
5.6615000000000002,0,0
5.6619999999999999,0,0
5.6624999999999996,0,0
5.6630000000000003,0,0
5.6635,0,0
5.6639999999999997,0,0
5.6645000000000003,0,0
5.665,0,0
5.6654999999999998,0,0
5.6660000000000004,0,0
5.6665000000000001,0,0
5.6669999999999998,0,0
5.6675000000000004,0,0
5.6680000000000001,0,0
5.6684999999999999,0,0
5.6689999999999996,0,0
5.6695000000000002,0,0
5.6699999999999999,0,0
5.6704999999999997,0,0
5.6710000000000003,0,0
5.6715,0,0
5.6719999999999997,0,0
5.6725000000000003,0,0
5.673,0,0
5.6734999999999998,0,0
5.6740000000000004,0,0
5.6745000000000001,0,0
5.6749999999999998,0,0
5.6755000000000004,0,0
5.6760000000000002,0,0
5.6764999999999999,0,0
5.6769999999999996,0,0
5.6775000000000002,0,0
5.6779999999999999,0,0
5.6784999999999997,0,0
5.6790000000000003,0,0
5.6795,0,0
5.6799999999999997,0,0
5.6805000000000003,0,0
5.681,0,0
5.6814999999999998,0,0
5.6820000000000004,0,0
5.6825000000000001,0,0
5.6829999999999998,0,0
5.6835000000000004,0,0
5.6840000000000002,0,0
5.6844999999999999,0,0
5.6849999999999996,0,0
5.6855000000000002,0,0
5.6859999999999999,0,0
5.6864999999999997,0,0
5.6870000000000003,0,0
5.6875,0,0
5.6879999999999997,0,0
5.6885000000000003,0,0
5.6890000000000001,0,0
5.6894999999999998,0,0
5.6900000000000004,0,0
5.6905000000000001,0,0
5.6909999999999998,0,0
5.6914999999999996,0,0
5.6920000000000002,0,0
5.6924999999999999,0,0
5.6929999999999996,0,0
5.6935000000000002,0,0
5.694,0,0
5.6944999999999997,0,0
5.6950000000000003,0,0
5.6955,0,0
5.6959999999999997,0,0
5.6965000000000003,0,0
5.6970000000000001,0,0
5.6974999999999998,0,0
5.6980000000000004,0,0
5.6985000000000001,0,0
5.6989999999999998,0,0
5.6994999999999996,0,0
5.7000000000000002,0,0
5.7004999999999999,0,0
5.7009999999999996,0,0
5.7015000000000002,0,0
5.702,0,0
5.7024999999999997,0,0
5.7030000000000003,0,0
5.7035,0,0
5.7039999999999997,0,0
5.7045000000000003,0,0
5.7050000000000001,0,0
5.7054999999999998,0,0
5.7060000000000004,0,0
5.7065000000000001,0,0
5.7069999999999999,0,0
5.7074999999999996,0,0
5.7080000000000002,0,0
5.7084999999999999,0,0
5.7089999999999996,0,0
5.7095000000000002,0,0
5.71,0,0
5.7104999999999997,0,0
5.7110000000000003,0,0
5.7115,0,0
5.7119999999999997,0,0
5.7125000000000004,0,0
5.7130000000000001,0,0
5.7134999999999998,0,0
5.7140000000000004,0,0
5.7145000000000001,0,0
5.7149999999999999,0,0
5.7154999999999996,0,0
5.7160000000000002,0,0
5.7164999999999999,0,0
5.7169999999999996,0,0
5.7175000000000002,0,0
5.718,0,0
5.7184999999999997,0,0
5.7190000000000003,0,0
5.7195,0,0
5.7199999999999998,0,0
5.7205000000000004,0,0
5.7210000000000001,0,0
5.7214999999999998,0,0
5.7220000000000004,0,0
5.7225000000000001,0,0
5.7229999999999999,0,0
5.7234999999999996,0,0
5.7240000000000002,0,0
5.7244999999999999,0,0
5.7249999999999996,0,0
5.7255000000000003,0,0
5.726,0,0
5.7264999999999997,0,0
5.7270000000000003,0,0
5.7275,0,0
5.7279999999999998,0,0
5.7285000000000004,0,0
5.7290000000000001,0,0
5.7294999999999998,0,0
5.7300000000000004,0,0
5.7305000000000001,0,0
5.7309999999999999,0,0
5.7314999999999996,0,0
5.7320000000000002,0,0
5.7324999999999999,0,0
5.7329999999999997,0,0
5.7335000000000003,0,0
5.734,0,0
5.7344999999999997,0,0
5.7350000000000003,0,0
5.7355,0,0
5.7359999999999998,0,0
5.7365000000000004,0,0
5.7370000000000001,0,0
5.7374999999999998,0,0
5.7380000000000004,0,0
5.7385000000000002,0,0
5.7389999999999999,0,0
5.7394999999999996,0,0
5.7400000000000002,0,0
5.7404999999999999,0,0
5.7409999999999997,0,0
5.7415000000000003,0,0
5.742,0,0
5.7424999999999997,0,0
5.7430000000000003,0,0
5.7435,0,0
5.7439999999999998,0,0
5.7445000000000004,0,0
5.7450000000000001,0,0
5.7454999999999998,0,0
5.7460000000000004,0,0
5.7465000000000002,0,0
5.7469999999999999,0,0
5.7474999999999996,0,0
5.7480000000000002,0,0
5.7484999999999999,0,0
5.7489999999999997,0,0
5.7495000000000003,0,0
5.75,0,0
5.7504999999999997,0,0
5.7510000000000003,0,0
5.7515000000000001,0,0
5.7519999999999998,0,0
5.7525000000000004,0,0
5.7530000000000001,0,0
5.7534999999999998,0,0
5.7539999999999996,0,0
5.7545000000000002,0,0
5.7549999999999999,0,0
5.7554999999999996,0,0
5.7560000000000002,0,0
5.7565,0,0
5.7569999999999997,0,0
5.7575000000000003,0,0
5.758,0,0
5.7584999999999997,0,0
5.7590000000000003,0,0
5.7595000000000001,0,0
5.7599999999999998,0,0
5.7605000000000004,0,0
5.7610000000000001,0,0
5.7614999999999998,0,0
5.7619999999999996,0,0
5.7625000000000002,0,0
5.7629999999999999,0,0
5.7634999999999996,0,0
5.7640000000000002,0,0
5.7645,0,0
5.7649999999999997,0,0
5.7655000000000003,0,0
5.766,0,0
5.7664999999999997,0,0
5.7670000000000003,0,0
5.7675000000000001,0,0
5.7679999999999998,0,0
5.7685000000000004,0,0
5.7690000000000001,0,0
5.7694999999999999,0,0
5.7699999999999996,0,0
5.7705000000000002,0,0
5.7709999999999999,0,0
5.7714999999999996,0,0
5.7720000000000002,0,0
5.7725,0,0
5.7729999999999997,0,0
5.7735000000000003,0,0
5.774,0,0
5.7744999999999997,0,0
5.7750000000000004,0,0
5.7755000000000001,0,0
5.7759999999999998,0,0
5.7765000000000004,0,0
5.7770000000000001,0,0
5.7774999999999999,0,0
5.7779999999999996,0,0
5.7785000000000002,0,0
5.7789999999999999,0,0
5.7794999999999996,0,0
5.7800000000000002,0,0
5.7805,0,0
5.7809999999999997,0,0
5.7815000000000003,0,0
5.782,0,0
5.7824999999999998,0,0
5.7830000000000004,0,0
5.7835000000000001,0,0
5.7839999999999998,0,0
5.7845000000000004,0,0
5.7850000000000001,0,0
5.7854999999999999,0,0
5.7859999999999996,0,0
5.7865000000000002,0,0
5.7869999999999999,0,0
5.7874999999999996,0,0
5.7880000000000003,0,0
5.7885,0,0
5.7889999999999997,0,0
5.7895000000000003,0,0
5.79,0,0
5.7904999999999998,0,0
5.7910000000000004,0,0
5.7915000000000001,0,0
5.7919999999999998,0,0
5.7925000000000004,0,0
5.7930000000000001,0,0
5.7934999999999999,0,0
5.7939999999999996,0,0
5.7945000000000002,0,0
5.7949999999999999,0,0
5.7954999999999997,0,0
5.7960000000000003,0,0
5.7965,0,0
5.7969999999999997,0,0
5.7975000000000003,0,0
5.798,0,0
5.7984999999999998,0,0
5.7990000000000004,0,0
5.7995000000000001,0,0
5.7999999999999998,0,0
5.8005000000000004,0,0
5.8010000000000002,0,0
5.8014999999999999,0,0
5.8019999999999996,0,0
5.8025000000000002,0,0
5.8029999999999999,0,0
5.8034999999999997,0,0
5.8040000000000003,0,0
5.8045,0,0
5.8049999999999997,0,0
5.8055000000000003,0,0
5.806,0,0
5.8064999999999998,0,0
5.8070000000000004,0,0
5.8075000000000001,0,0
5.8079999999999998,0,0
5.8085000000000004,0,0
5.8090000000000002,0,0
5.8094999999999999,0,0
5.8099999999999996,0,0
5.8105000000000002,0,0
5.8109999999999999,0,0
5.8114999999999997,0,0
5.8120000000000003,0,0
5.8125,0,0
5.8129999999999997,0,0
5.8135000000000003,0,0
5.8140000000000001,0,0
5.8144999999999998,0,0
5.8150000000000004,0,0
5.8155000000000001,0,0
5.8159999999999998,0,0
5.8164999999999996,0,0
5.8170000000000002,0,0
5.8174999999999999,0,0
5.8179999999999996,0,0
5.8185000000000002,0,0
5.819,0,0
5.8194999999999997,0,0
5.8200000000000003,0,0
5.8205,0,0
5.8209999999999997,0,0
5.8215000000000003,0,0
5.8220000000000001,0,0
5.8224999999999998,0,0
5.8230000000000004,0,0
5.8235000000000001,0,0
5.8239999999999998,0,0
5.8244999999999996,0,0
5.8250000000000002,0,0
5.8254999999999999,0,0
5.8259999999999996,0,0
5.8265000000000002,0,0
5.827,0,0
5.8274999999999997,0,0
5.8280000000000003,0,0
5.8285,0,0
5.8289999999999997,0,0
5.8295000000000003,0,0
5.8300000000000001,0,0
5.8304999999999998,0,0
5.8310000000000004,0,0
5.8315000000000001,0,0
5.8319999999999999,0,0
5.8324999999999996,0,0
5.8330000000000002,0,0
5.8334999999999999,0,0
5.8339999999999996,0,0
5.8345000000000002,0,0
5.835,0,0
5.8354999999999997,0,0
5.8360000000000003,0,0
5.8365,0,0
5.8369999999999997,0,0
5.8375000000000004,0,0
5.8380000000000001,0,0
5.8384999999999998,0,0
5.8390000000000004,0,0
5.8395000000000001,0,0
5.8399999999999999,0,0
5.8404999999999996,0,0
5.8410000000000002,0,0
5.8414999999999999,0,0
5.8419999999999996,0,0
5.8425000000000002,0,0
5.843,0,0
5.8434999999999997,0,0
5.8440000000000003,0,0
5.8445,0,0
5.8449999999999998,0,0
5.8455000000000004,0,0
5.8460000000000001,0,0
5.8464999999999998,0,0
5.8470000000000004,0,0
5.8475000000000001,0,0
5.8479999999999999,0,0
5.8484999999999996,0,0
5.8490000000000002,0,0
5.8494999999999999,0,0
5.8499999999999996,0,0
5.8505000000000003,0,0
5.851,0,0
5.8514999999999997,0,0
5.8520000000000003,0,0
5.8525,0,0
5.8529999999999998,0,0
5.8535000000000004,0,0
5.8540000000000001,0,0
5.8544999999999998,0,0
5.8550000000000004,0,0
5.8555000000000001,0,0
5.8559999999999999,0,0
5.8564999999999996,0,0
5.8570000000000002,0,0
5.8574999999999999,0,0
5.8579999999999997,0,0
5.8585000000000003,0,0
5.859,0,0
5.8594999999999997,0,0
5.8600000000000003,0,0
5.8605,0,0
5.8609999999999998,0,0
5.8615000000000004,0,0
5.8620000000000001,0,0
5.8624999999999998,0,0
5.8630000000000004,0,0
5.8635000000000002,0,0
5.8639999999999999,0,0
5.8644999999999996,0,0
5.8650000000000002,0,0
5.8654999999999999,0,0
5.8659999999999997,0,0
5.8665000000000003,0,0
5.867,0,0
5.8674999999999997,0,0
5.8680000000000003,0,0
5.8685,0,0
5.8689999999999998,0,0
5.8695000000000004,0,0
5.8700000000000001,0,0
5.8704999999999998,0,0
5.8710000000000004,0,0
5.8715000000000002,0,0
5.8719999999999999,0,0
5.8724999999999996,0,0
5.8730000000000002,0,0
5.8734999999999999,0,0
5.8739999999999997,0,0
5.8745000000000003,0,0
5.875,0,0
5.8754999999999997,0,0
5.8760000000000003,0,0
5.8765000000000001,0,0
5.8769999999999998,0,0
5.8775000000000004,0,0
5.8780000000000001,0,0
5.8784999999999998,0,0
5.8789999999999996,0,0
5.8795000000000002,0,0
5.8799999999999999,0,0
5.8804999999999996,0,0
5.8810000000000002,0,0
5.8815,0,0
5.8819999999999997,0,0
5.8825000000000003,0,0
5.883,0,0
5.8834999999999997,0,0
5.8840000000000003,0,0
5.8845000000000001,0,0
5.8849999999999998,0,0
5.8855000000000004,0,0
5.8860000000000001,0,0
5.8864999999999998,0,0
5.8869999999999996,0,0
5.8875000000000002,0,0
5.8879999999999999,0,0
5.8884999999999996,0,0
5.8890000000000002,0,0
5.8895,0,0
5.8899999999999997,0,0
5.8905000000000003,0,0
5.891,0,0
5.8914999999999997,0,0
5.8920000000000003,0,0
5.8925000000000001,0,0
5.8929999999999998,0,0
5.8935000000000004,0,0
5.8940000000000001,0,0
5.8944999999999999,0,0
5.8949999999999996,0,0
5.8955000000000002,0,0
5.8959999999999999,0,0
5.8964999999999996,0,0
5.8970000000000002,0,0
5.8975,0,0
5.8979999999999997,0,0
5.8985000000000003,0,0
5.899,0,0
5.8994999999999997,0,0
5.9000000000000004,0,0
5.9005000000000001,0,0
5.9009999999999998,0,0
5.9015000000000004,0,0
5.9020000000000001,0,0
5.9024999999999999,0,0
5.9029999999999996,0,0
5.9035000000000002,0,0
5.9039999999999999,0,0
5.9044999999999996,0,0
5.9050000000000002,0,0
5.9055,0,0
5.9059999999999997,0,0
5.9065000000000003,0,0
5.907,0,0
5.9074999999999998,0,0
5.9080000000000004,0,0
5.9085000000000001,0,0
5.9089999999999998,0,0
5.9095000000000004,0,0
5.9100000000000001,0,0
5.9104999999999999,0,0
5.9109999999999996,0,0
5.9115000000000002,0,0
5.9119999999999999,0,0
5.9124999999999996,0,0
5.9130000000000003,0,0
5.9135,0,0
5.9139999999999997,0,0
5.9145000000000003,0,0
5.915,0,0
5.9154999999999998,0,0
5.9160000000000004,0,0
5.9165000000000001,0,0
5.9169999999999998,0,0
5.9175000000000004,0,0
5.9180000000000001,0,0
5.9184999999999999,0,0
5.9189999999999996,0,0
5.9195000000000002,0,0
5.9199999999999999,0,0
5.9204999999999997,0,0
5.9210000000000003,0,0
5.9215,0,0
5.9219999999999997,0,0
5.9225000000000003,0,0
5.923,0,0
5.9234999999999998,0,0
5.9240000000000004,0,0
5.9245000000000001,0,0
5.9249999999999998,0,0
5.9255000000000004,0,0
5.9260000000000002,0,0
5.9264999999999999,0,0
5.9269999999999996,0,0
5.9275000000000002,0,0
5.9279999999999999,0,0
5.9284999999999997,0,0
5.9290000000000003,0,0
5.9295,0,0
5.9299999999999997,0,0
5.9305000000000003,0,0
5.931,0,0
5.9314999999999998,0,0
5.9320000000000004,0,0
5.9325000000000001,0,0
5.9329999999999998,0,0
5.9335000000000004,0,0
5.9340000000000002,0,0
5.9344999999999999,0,0
5.9349999999999996,0,0
5.9355000000000002,0,0
5.9359999999999999,0,0
5.9364999999999997,0,0
5.9370000000000003,0,0
5.9375,0,0
5.9379999999999997,0,0
5.9385000000000003,0,0
5.9390000000000001,0,0
5.9394999999999998,0,0
5.9400000000000004,0,0
5.9405000000000001,0,0
5.9409999999999998,0,0
5.9414999999999996,0,0
5.9420000000000002,0,0
5.9424999999999999,0,0
5.9429999999999996,0,0
5.9435000000000002,0,0
5.944,0,0
5.9444999999999997,0,0
5.9450000000000003,0,0
5.9455,0,0
5.9459999999999997,0,0
5.9465000000000003,0,0
5.9470000000000001,0,0
5.9474999999999998,0,0
5.9480000000000004,0,0
5.9485000000000001,0,0
5.9489999999999998,0,0
5.9494999999999996,0,0
5.9500000000000002,0,0
5.9504999999999999,0,0
5.9509999999999996,0,0
5.9515000000000002,0,0
5.952,0,0
5.9524999999999997,0,0
5.9530000000000003,0,0
5.9535,0,0
5.9539999999999997,0,0
5.9545000000000003,0,0
5.9550000000000001,0,0
5.9554999999999998,0,0
5.9560000000000004,0,0
5.9565000000000001,0,0
5.9569999999999999,0,0
5.9574999999999996,0,0
5.9580000000000002,0,0
5.9584999999999999,0,0
5.9589999999999996,0,0
5.9595000000000002,0,0
5.96,0,0
5.9604999999999997,0,0
5.9610000000000003,0,0
5.9615,0,0
5.9619999999999997,0,0
5.9625000000000004,0,0
5.9630000000000001,0,0
5.9634999999999998,0,0
5.9640000000000004,0,0
5.9645000000000001,0,0
5.9649999999999999,0,0
5.9654999999999996,0,0
5.9660000000000002,0,0
5.9664999999999999,0,0
5.9669999999999996,0,0
5.9675000000000002,0,0
5.968,0,0
5.9684999999999997,0,0
5.9690000000000003,0,0
5.9695,0,0
5.9699999999999998,0,0
5.9705000000000004,0,0
5.9710000000000001,0,0
5.9714999999999998,0,0
5.9720000000000004,0,0
5.9725000000000001,0,0
5.9729999999999999,0,0
5.9734999999999996,0,0
5.9740000000000002,0,0
5.9744999999999999,0,0
5.9749999999999996,0,0
5.9755000000000003,0,0
5.976,0,0
5.9764999999999997,0,0
5.9770000000000003,0,0
5.9775,0,0
5.9779999999999998,0,0
5.9785000000000004,0,0
5.9790000000000001,0,0
5.9794999999999998,0,0
5.9800000000000004,0,0
5.9805000000000001,0,0
5.9809999999999999,0,0
5.9814999999999996,0,0
5.9820000000000002,0,0
5.9824999999999999,0,0
5.9829999999999997,0,0
5.9835000000000003,0,0
5.984,0,0
5.9844999999999997,0,0
5.9850000000000003,0,0
5.9855,0,0
5.9859999999999998,0,0
5.9865000000000004,0,0
5.9870000000000001,0,0
5.9874999999999998,0,0
5.9880000000000004,0,0
5.9885000000000002,0,0
5.9889999999999999,0,0
5.9894999999999996,0,0
5.9900000000000002,0,0
5.9904999999999999,0,0
5.9909999999999997,0,0
5.9915000000000003,0,0
5.992,0,0
5.9924999999999997,0,0
5.9930000000000003,0,0
5.9935,0,0
5.9939999999999998,0,0
5.9945000000000004,0,0
5.9950000000000001,0,0
5.9954999999999998,0,0
5.9960000000000004,0,0
5.9965000000000002,0,0
5.9969999999999999,0,0
5.9974999999999996,0,0
5.9980000000000002,0,0
5.9984999999999999,0,0
5.9989999999999997,0,0
5.9995000000000003,0,0
6,0,0
6.0004999999999997,0,0
6.0010000000000003,0,0
6.0015000000000001,0,0
6.0019999999999998,0,0
6.0025000000000004,0,0
6.0030000000000001,0,0
6.0034999999999998,0,0
6.0039999999999996,0,0
6.0045000000000002,0,0
6.0049999999999999,0,0
6.0054999999999996,0,0
6.0060000000000002,0,0
6.0065,0,0
6.0069999999999997,0,0
6.0075000000000003,0,0
6.008,0,0
6.0084999999999997,0,0
6.0090000000000003,0,0
6.0095000000000001,0,0
6.0099999999999998,0,0
6.0105000000000004,0,0
6.0110000000000001,0,0
6.0114999999999998,0,0
6.0119999999999996,0,0
6.0125000000000002,0,0
6.0129999999999999,0,0
6.0134999999999996,0,0
6.0140000000000002,0,0
6.0145,0,0
6.0149999999999997,0,0
6.0155000000000003,0,0
6.016,0,0
6.0164999999999997,0,0
6.0170000000000003,0,0
6.0175000000000001,0,0
6.0179999999999998,0,0
6.0185000000000004,0,0
6.0190000000000001,0,0
6.0194999999999999,0,0
6.0199999999999996,0,0
6.0205000000000002,0,0
6.0209999999999999,0,0
6.0214999999999996,0,0
6.0220000000000002,0,0
6.0225,0,0
6.0229999999999997,0,0
6.0235000000000003,0,0
6.024,0,0
6.0244999999999997,0,0
6.0250000000000004,0,0
6.0255000000000001,0,0
6.0259999999999998,0,0
6.0265000000000004,0,0
6.0270000000000001,0,0
6.0274999999999999,0,0
6.0279999999999996,0,0
6.0285000000000002,0,0
6.0289999999999999,0,0
6.0294999999999996,0,0
6.0300000000000002,0,0
6.0305,0,0
6.0309999999999997,0,0
6.0315000000000003,0,0
6.032,0,0
6.0324999999999998,0,0
6.0330000000000004,0,0
6.0335000000000001,0,0
6.0339999999999998,0,0
6.0345000000000004,0,0
6.0350000000000001,0,0
6.0354999999999999,0,0
6.0359999999999996,0,0
6.0365000000000002,0,0
6.0369999999999999,0,0
6.0374999999999996,0,0
6.0380000000000003,0,0
6.0385,0,0
6.0389999999999997,0,0
6.0395000000000003,0,0
6.04,0,0
6.0404999999999998,0,0
6.0410000000000004,0,0
6.0415000000000001,0,0
6.0419999999999998,0,0
6.0425000000000004,0,0
6.0430000000000001,0,0
6.0434999999999999,0,0
6.0439999999999996,0,0
6.0445000000000002,0,0
6.0449999999999999,0,0
6.0454999999999997,0,0
6.0460000000000003,0,0
6.0465,0,0
6.0469999999999997,0,0
6.0475000000000003,0,0
6.048,0,0
6.0484999999999998,0,0
6.0490000000000004,0,0
6.0495000000000001,0,0
6.0499999999999998,0,0
6.0505000000000004,0,0
6.0510000000000002,0,0
6.0514999999999999,0,0
6.0519999999999996,0,0
6.0525000000000002,0,0
6.0529999999999999,0,0
6.0534999999999997,0,0
6.0540000000000003,0,0
6.0545,0,0
6.0549999999999997,0,0
6.0555000000000003,0,0
6.056,0,0
6.0564999999999998,0,0
6.0570000000000004,0,0
6.0575000000000001,0,0
6.0579999999999998,0,0
6.0585000000000004,0,0
6.0590000000000002,0,0
6.0594999999999999,0,0
6.0599999999999996,0,0
6.0605000000000002,0,0
6.0609999999999999,0,0
6.0614999999999997,0,0
6.0620000000000003,0,0
6.0625,0,0
6.0629999999999997,0,0
6.0635000000000003,0,0
6.0640000000000001,0,0
6.0644999999999998,0,0
6.0650000000000004,0,0
6.0655000000000001,0,0
6.0659999999999998,0,0
6.0664999999999996,0,0
6.0670000000000002,0,0
6.0674999999999999,0,0
6.0679999999999996,0,0
6.0685000000000002,0,0
6.069,0,0
6.0694999999999997,0,0
6.0700000000000003,0,0
6.0705,0,0
6.0709999999999997,0,0
6.0715000000000003,0,0
6.0720000000000001,0,0
6.0724999999999998,0,0
6.0730000000000004,0,0
6.0735000000000001,0,0
6.0739999999999998,0,0
6.0744999999999996,0,0
6.0750000000000002,0,0
6.0754999999999999,0,0
6.0759999999999996,0,0
6.0765000000000002,0,0
6.077,0,0
6.0774999999999997,0,0
6.0780000000000003,0,0
6.0785,0,0
6.0789999999999997,0,0
6.0795000000000003,0,0
6.0800000000000001,0,0
6.0804999999999998,0,0
6.0810000000000004,0,0
6.0815000000000001,0,0
6.0819999999999999,0,0
6.0824999999999996,0,0
6.0830000000000002,0,0
6.0834999999999999,0,0
6.0839999999999996,0,0
6.0845000000000002,0,0
6.085,0,0
6.0854999999999997,0,0
6.0860000000000003,0,0
6.0865,0,0
6.0869999999999997,0,0
6.0875000000000004,0,0
6.0880000000000001,0,0
6.0884999999999998,0,0
6.0890000000000004,0,0
6.0895000000000001,0,0
6.0899999999999999,0,0
6.0904999999999996,0,0
6.0910000000000002,0,0
6.0914999999999999,0,0
6.0919999999999996,0,0
6.0925000000000002,0,0
6.093,0,0
6.0934999999999997,0,0
6.0940000000000003,0,0
6.0945,0,0
6.0949999999999998,0,0
6.0955000000000004,0,0
6.0960000000000001,0,0
6.0964999999999998,0,0
6.0970000000000004,0,0
6.0975000000000001,0,0
6.0979999999999999,0,0
6.0984999999999996,0,0
6.0990000000000002,0,0
6.0994999999999999,0,0
6.0999999999999996,0,0
6.1005000000000003,0,0
6.101,0,0
6.1014999999999997,0,0
6.1020000000000003,0,0
6.1025,0,0
6.1029999999999998,0,0
6.1035000000000004,0,0
6.1040000000000001,0,0
6.1044999999999998,0,0
6.1050000000000004,0,0
6.1055000000000001,0,0
6.1059999999999999,0,0
6.1064999999999996,0,0
6.1070000000000002,0,0
6.1074999999999999,0,0
6.1079999999999997,0,0
6.1085000000000003,0,0
6.109,0,0
6.1094999999999997,0,0
6.1100000000000003,0,0
6.1105,0,0
6.1109999999999998,0,0
6.1115000000000004,0,0
6.1120000000000001,0,0
6.1124999999999998,0,0
6.1130000000000004,0,0
6.1135000000000002,0,0
6.1139999999999999,0,0
6.1144999999999996,0,0
6.1150000000000002,0,0
6.1154999999999999,0,0
6.1159999999999997,0,0
6.1165000000000003,0,0
6.117,0,0
6.1174999999999997,0,0
6.1180000000000003,0,0
6.1185,0,0
6.1189999999999998,0,0
6.1195000000000004,0,0
6.1200000000000001,0,0
6.1204999999999998,0,0
6.1210000000000004,0,0
6.1215000000000002,0,0
6.1219999999999999,0,0
6.1224999999999996,0,0
6.1230000000000002,0,0
6.1234999999999999,0,0
6.1239999999999997,0,0
6.1245000000000003,0,0
6.125,0,0
6.1254999999999997,0,1.1102230246251566e-17
6.1260000000000003,0,2.2204460492503132e-17
6.1265000000000001,0,4.4408920985006264e-17
6.1269999999999998,0,8.8817841970012528e-17
6.1275000000000004,0,1.6653345369377348e-16
6.1280000000000001,0,2.8865798640254071e-16
6.1284999999999998,0,4.6629367034256577e-16
6.1289999999999996,0,7.3274719625260328e-16
6.1295000000000002,0,1.1324274851176596e-15
6.1299999999999999,0,1.7319479184152442e-15
6.1304999999999996,0,2.6090241078691179e-15
6.1310000000000002,0,3.8746783559417962e-15
6.1315,0,5.6954441163270527e-15
6.1319999999999997,0,8.2822637637036672e-15
6.1325000000000003,0,1.1923795284474182e-14
6.133,0,1.7030821197749902e-14
6.1334999999999997,0,2.4125146325104653e-14
6.1340000000000003,0,3.3906211172052278e-14
6.1345000000000001,0,4.7328807539770425e-14
6.1349999999999998,0,6.563638521583926e-14
6.1355000000000004,0,9.0449869816211508e-14
6.1360000000000001,0,1.2387868508767496e-13
6.1364999999999998,0,1.6868728636154629e-13
6.1369999999999996,0,2.2841728508637972e-13
6.1375000000000002,0,3.0762059566313839e-13
6.1379999999999999,0,4.1212588897110435e-13
6.1384999999999996,0,5.4933835258452746e-13
6.1390000000000002,0,7.2866157552198272e-13
6.1395,0,9.619305352259743e-13
6.1399999999999997,0,1.2640333224567257e-12
6.1405000000000003,0,1.6535772751069544e-12
6.141,0,2.1537549521610798e-12
6.1414999999999997,0,2.7933433344173864e-12
6.1420000000000003,0,3.6079250698151099e-12
6.1425000000000001,0,4.641320661136206e-12
6.1429999999999998,0,5.9473093116935159e-12
6.1435000000000004,0,7.5916828379263282e-12
6.1440000000000001,0,9.6545882399823316e-12
6.1444999999999999,0,1.2233392077121153e-11
6.1449999999999996,0,1.5445988932327737e-11
6.1455000000000002,0,1.9434598375056565e-11
6.1459999999999999,0,2.4370339080093117e-11
6.1464999999999996,0,3.0458391364618363e-11
6.1470000000000002,0,3.7944092312613975e-11
6.1475,0,4.7119896873226706e-11
6.1479999999999997,0,5.8333471386617925e-11
6.1485000000000003,0,7.199686402614702e-11
6.149,0,8.8597162939407786e-11
6.1494999999999997,0,1.0870858657696658e-10
6.1500000000000004,0,1.3300626156009797e-10
6.1505000000000001,0,1.6228192123435293e-10
6.1509999999999998,0,1.9746169144241322e-10
6.1515000000000004,0,2.3962620776529775e-10
6.1520000000000001,0,2.9003331958321609e-10
6.1524999999999999,0,3.5014369181851634e-10
6.1529999999999996,0,4.2164953750756239e-10
6.1535000000000002,0,5.0650685867736913e-10
6.1539999999999999,0,6.0697143977606063e-10
6.1544999999999996,0,7.2563913766643393e-10
6.1550000000000002,0,8.6549071243169349e-10
6.1555,0,1.0299416763892566e-09
6.1559999999999997,0,1.2228976054018404e-09
6.1565000000000003,0,1.4488154009839604e-09
6.157,0,1.7127710472131241e-09
6.1574999999999998,0,2.0205342177170849e-09
6.1580000000000004,0,2.3786506875289603e-09
6.1585000000000001,0,2.7945327274458977e-09
6.1589999999999998,0,3.2765583912741648e-09
6.1595000000000004,0,3.8341802843788738e-09
6.1600000000000001,0,4.4780445573877616e-09
6.1604999999999999,0,5.2201207467739156e-09
6.1609999999999996,0,6.0738434393137199e-09
6.1615000000000002,0,7.0542663599404424e-09
6.1619999999999999,0,8.1782299377053385e-09
6.1624999999999996,0,9.464543027082329e-09
6.1630000000000003,0,1.0934179850430325e-08
6.1635,0,1.2610493083098363e-08
6.1639999999999997,0,1.4519444024863049e-08
6.1645000000000003,0,1.6689850912410263e-08
6.165,0,1.9153656405368479e-08
6.1654999999999998,0,2.1946215411627889e-08
6.1660000000000004,0,2.5106604195634929e-08
6.1665000000000001,0,2.8677952124134265e-08
6.1669999999999998,0,3.2707797126274582e-08
6.1675000000000004,0,3.7248465989403459e-08
6.1680000000000001,0,4.2357480845023329e-08
6.1684999999999999,0,4.8097993088358493e-08
6.1689999999999996,0,5.453924585285819e-08
6.1695000000000002,0,6.1757066527334817e-08
6.1699999999999999,0,6.9834390403755725e-08
6.1704999999999997,0,7.8861816965591913e-08
6.1710000000000003,0,8.8938199915844507e-08
6.1715,0,1.001712724990611e-07
6.1719999999999997,0,1.1267830917205401e-07
6.1725000000000003,0,1.2658682514432583e-07
6.173,0,1.4203531495393662e-07
6.1734999999999998,0,1.5917403142218234e-07
6.1740000000000004,0,1.7816580619722799e-07
6.1745000000000001,0,1.9918691313014492e-07
6.1749999999999998,0,2.224279757379044e-07
6.1755000000000004,0,2.4809491980803957e-07
6.1760000000000002,0,2.7640997229960718e-07
6.1764999999999999,0,3.0761270768397965e-07
6.1769999999999996,0,3.4196114253592922e-07
6.1775000000000002,0,3.7973287944081944e-07
6.1779999999999999,0,4.2122630110608129e-07
6.1784999999999997,0,4.6676181534310859e-07
6.1790000000000003,0,5.1668315166342187e-07
6.1795,0,5.7135871005531409e-07
6.1799999999999997,0,6.3118296254049968e-07
6.1805000000000003,0,6.9657790759958258e-07
6.181,0,7.6799457809917371e-07
6.1814999999999998,0,8.4591460260963201e-07
6.1820000000000004,0,9.3085182005792073e-07
6.1825000000000001,0,1.0233539477599863e-06
6.1829999999999998,0,1.1240043023885703e-06
6.1835000000000004,0,1.2334235734656752e-06
6.1840000000000002,0,1.3522716487024411e-06
6.1844999999999999,0,1.4812494904536955e-06
6.1849999999999996,0,1.6211010622990686e-06
6.1855000000000002,0,1.7726153044739234e-06
6.1859999999999999,0,1.9366281570509793e-06
6.1864999999999997,0,2.1140246289519384e-06
6.1870000000000003,0,2.3057409113902417e-06
6.1875,0,2.5127665335911154e-06
6.1879999999999997,0,2.7361465585906687e-06
6.1885000000000003,0,2.9769838168380859e-06
6.1890000000000001,0,3.2364411750140929e-06
6.1894999999999998,0,3.5157438370125858e-06
6.1900000000000004,0,3.8161816743431663e-06
6.1905000000000001,0,4.1391115824462862e-06
6.1909999999999998,0,4.4859598595348158e-06
6.1914999999999996,0,4.8582246042427887e-06
6.1920000000000002,0,5.2574781280845249e-06
6.1924999999999999,0,5.6853693786163007e-06
6.1929999999999996,0,6.1436263689040873e-06
6.1935000000000002,0,6.6340586087010319e-06
6.194,0,7.158559532494113e-06
6.1944999999999997,0,7.7191089195127745e-06
6.1950000000000003,0,8.3177753003482728e-06
6.1955,0,8.9567183449767999e-06
6.1959999999999997,0,9.6381912263687749e-06
6.1965000000000003,0,1.0364542954099942e-05
6.1970000000000001,0,1.1138220672002319e-05
6.1974999999999998,0,1.1961771913693297e-05
6.1980000000000004,0,1.2837846809887754e-05
6.1985000000000001,0,1.3769200240976164e-05
6.1989999999999998,0,1.4758693928473843e-05
6.1994999999999996,0,1.5809298458813183e-05
6.2000000000000002,0,1.6924095232562219e-05
6.2004999999999999,0,1.8106278332596926e-05
6.2009999999999996,0,1.9359156304143977e-05
6.2015000000000002,0,2.0686153839921672e-05
6.202,0,2.2090813363473406e-05
6.2024999999999997,0,2.3576796503699259e-05
6.2030000000000003,0,2.5147885453680187e-05
6.2035,0,2.680798420687802e-05
6.2039999999999997,0,2.8561119663872425e-05
6.2045000000000003,0,3.0411442602673588e-05
6.2050000000000001,0,3.2363228506016031e-05
6.2054999999999998,0,3.4420878238849983e-05
6.2060000000000004,0,3.6588918569557816e-05
6.2065000000000001,0,3.8872002528433927e-05
6.2069999999999999,0,4.1274909597088796e-05
6.2074999999999996,0,4.3802545722859688e-05
6.2080000000000002,0,4.6459943152010738e-05
6.2084999999999999,0,4.9252260076293464e-05
6.2089999999999996,0,5.21847800871722e-05
6.2095000000000002,0,5.5262911432529818e-05
6.21,0,5.8492186070890909e-05
6.2104999999999997,0,6.1878258518310863e-05
6.2110000000000003,0,6.5426904483667508e-05
6.2115,0,6.9144019288092107e-05
6.2119999999999997,0,7.3035616064842662e-05
6.2125000000000004,0,7.7107823736066722e-05
6.2130000000000001,0,8.1366884763467426e-05
6.2134999999999998,0,8.5819152670041363e-05
6.2140000000000004,0,9.0471089330546034e-05
6.2145000000000001,0,9.5329262028853728e-05
6.2149999999999999,0,0.00010040034028048206
6.2154999999999996,0,0.00010569109241926888
6.2160000000000002,0,0.00011120838194742522
6.2164999999999999,0,0.00011695916364881098
6.2169999999999996,0,0.00012295047946536686
6.2175000000000002,0,0.00012918945413766813
6.218,0,0.00013568329061022232
6.2184999999999997,0,0.00014243926520356441
6.2190000000000003,0,0.00014946472255463749
6.2195,0,0.00015676707032832304
6.2199999999999998,0,0.0001643537737028078
6.2205000000000004,0,0.00017223234963226197
6.2210000000000001,0,0.00018041036089067042
6.2214999999999998,0,0.00018889540990124631
6.2220000000000004,0,0.00019769513235596837
6.2225000000000001,0,0.00020681719063077032
6.2229999999999999,0,0.00021626926700190062
6.2234999999999996,0,0.00022605905666960301
6.2240000000000002,0,0.00023619426059576787
6.2244999999999999,0,0.00024668257816248265
6.2249999999999996,0,0.00025753169966016289
6.2255000000000003,0,0.00026874929861785412
6.226,0,0.00028034302399533307
6.2264999999999997,0,0.00029232049226585177
6.2270000000000003,0,0.00030468927942988165
6.2275,0,0.00031745691301270361
6.2279999999999998,0,0.00033063086411156962
6.2285000000000004,0,0.00034421853957050663
6.2290000000000001,0,0.0003582272743716475
6.2294999999999998,0,0.00037266432434132082
6.2300000000000004,0,0.00038753685927566116
6.2305000000000001,0,0.00040285195659413021
6.2309999999999999,0,0.00041861659563056095
6.2314999999999996,0,0.00043483765266851828
6.2320000000000002,0,0.0004515218968229484
6.2324999999999999,0,0.00046867598686133326
6.2329999999999997,0,0.00048630646904681554
6.2335000000000003,0,0.000504419776072329
6.234,0,0.00052302222713924702
6.2344999999999997,0,0.00054212002921711906
6.2350000000000003,0,0.0005617192795023707
6.2355,0,0.00058182596907502271
6.2359999999999998,0,0.00060244598773253613
6.2365000000000004,0,0.00062358512996038009
6.2370000000000001,0,0.0006452491019795281
6.2374999999999998,0,0.00066744352979242194
6.2380000000000004,0,0.00069017396813154659
6.2385000000000002,0,0.00071344591019811832
6.2389999999999999,0,0.00073726479806393022
6.2394999999999996,0,0.00076163603359604706
6.2400000000000002,0,0.00078656498975330222
6.2404999999999999,0,0.00081205702209389272
6.2409999999999997,0,0.00083811748032707194
6.2415000000000003,0,0.0008647517197361565
6.242,0,0.00089196511229816533
6.2424999999999997,0,0.00091976305732437429
6.2430000000000003,0,0.00094815099144754942
6.2435,0,0.00097713439778529532
6.2439999999999998,0,0.0010067188141142601
6.2445000000000004,0,0.0010369098398969379
6.2450000000000001,0,0.001067713142011939
6.2454999999999998,0,0.0010991344590484896
6.2460000000000004,0,0.0011311796040381129
6.2465000000000002,0,0.0011638544655084959
6.2469999999999999,0,0.0011971650067591709
6.2474999999999996,0,0.0012311172632726187
6.2480000000000002,0,0.00126571733818992
6.2484999999999999,0,0.0013009713957958912
6.2489999999999997,0,0.0013368856529746508
6.2495000000000003,0,0.0013734663686124859
6.25,0,0.0014107198309416757
6.2504999999999997,0,0.0014486523428343112
6.2510000000000003,0,0.0014872702050712449
6.2515000000000001,0,0.0015265796976266844
6.2519999999999998,0,0.0015665870590234054
6.2525000000000004,0,0.0016072984638280997
6.2530000000000001,0,0.0016487199983692524
6.2534999999999998,0,0.0016908576347731351
6.2539999999999996,0,0.0017337172034246561
6.2545000000000002,0,0.0017773043639706331
6.2549999999999999,0,0.0018216245749931969
6.2554999999999996,0,0.0018666830624889496
6.2560000000000002,0,0.0019124847872978412
6.2565,0,0.0019590344116317991
6.2569999999999997,0,0.0020063362648586104
6.2575000000000003,0,0.0020543943087010684
6.258,0,0.0021032121020144847
6.2584999999999997,0,0.0021527927653077318
6.2590000000000003,0,0.0022031389451744434
6.2595000000000001,0,0.002254252778800636
6.2599999999999998,0,0.0023061358587145196
6.2605000000000004,0,0.0023587891979422793
6.2610000000000001,0,0.0024122131957307834
6.2614999999999998,0,0.0024664076039949802
6.2619999999999996,0,0.0025213714946429209
6.2625000000000002,0,0.0025771032279266692
6.2629999999999999,0,0.0026336004219613242
6.2634999999999996,0,0.0026908599235480946
6.2640000000000002,0,0.0027488777804305252
6.2645,0,0.002807649215105379
6.2649999999999997,0,0.0028671686003016949
6.2655000000000003,0,0.0029274294362336972
6.266,0,0.0029884243297242487
6.2664999999999997,0,0.0030501449752867614
6.2670000000000003,0,0.0031125821382446796
6.2675000000000001,0,0.0031757256399582044
6.2679999999999998,0,0.0032395643452187485
6.2685000000000004,0,0.0033040861518621734
6.2690000000000001,0,0.0033692779826428711
6.2694999999999999,0,0.0034351257794009381
6.2699999999999996,0,0.0035016144995461016
6.2705000000000002,0,0.0035687281148723883
6.2709999999999999,0,0.0036364496127095471
6.2714999999999996,0,0.0037047609994074969
6.2720000000000002,0,0.0037736433061425489
6.2725,0,0.0038430765970256741
6.2729999999999997,0,0.0039130399794853003
6.2735000000000003,0,0.0039835116168894236
6.274,0,0.0040544687433651475
6.2744999999999997,0,0.0041258876807665377
6.2750000000000004,0,0.0041977438577353032
6.2755000000000001,0,0.0042700118307931302
6.2759999999999998,0,0.0043426653073985414
6.2765000000000004,0,0.0044156771708960593
6.2770000000000001,0,0.0044890195072807889
6.2774999999999999,0,0.0045626636336970061
6.2779999999999996,0,0.0046365801285854881
6.2785000000000002,1,0.0047107388633908509
6.2789999999999999,1,0.0047851090357369785
6.2794999999999996,0,-0.0052074359474391096
6.2800000000000002,0,-0.015149630659778267
6.2805,0,-0.014070617802338004
6.2809999999999997,0,-0.013041732715488941
6.2815000000000003,0,-0.012060498529932361
6.282,0,-0.01112456435066379
6.2824999999999998,0,-0.010231698940021039
6.2830000000000004,0,-0.0093797847138750497
6.2835000000000001,0,-0.0085668120353737942
6.2839999999999998,0,-0.0077908737914353151
6.2845000000000004,0,-0.0070501602379291041
6.2850000000000001,0,-0.0063429541001924217
6.2854999999999999,0,-0.0056676259161991703
6.2859999999999996,0,-0.0050226296103358823
6.2865000000000002,0,-0.0044064982863448289
6.2869999999999999,0,-0.0038178402285687697
6.2874999999999996,0,-0.0032553351011766819
6.2880000000000003,0,-0.0027177303355683247
6.2885,0,-0.0022038376966477479
6.2889999999999997,0,-0.0017125300191199954
6.2895000000000003,0,-0.0012427381054122555
6.29,0,-0.0007934477772383985
6.2904999999999998,0,-0.00036369707322611025
6.2910000000000004,0,4.7426414593731982e-05
6.2915000000000001,0,0.00044078807227785342
6.2919999999999998,0,0.00081720866994074994
6.2925000000000004,0,0.0011774666483792885
6.2930000000000001,0,0.0015223002922192142
6.2934999999999999,0,0.0018524097951583718
6.2939999999999996,0,0.0021684592226035469
6.2945000000000002,0,0.0024710783767349143
6.2949999999999999,0,0.0027608645687816845
6.2954999999999997,0,0.0030383843030544868
6.2960000000000003,0,0.0033041748770556655
6.2965,0,0.0035587459017734301
6.2969999999999997,0,0.0038025807460633776
6.2975000000000003,0,0.00403613790882742
6.298,0,0.0042598523225174101
6.2984999999999998,0,0.0044741365913164577
6.2990000000000004,0,0.0046793821671856526
6.2995000000000001,1,0.0048759604668077829
6.2999999999999998,1,0.0050642239323097525
6.3005000000000004,0,-0.004917747757070756
6.3010000000000002,0,-0.014848361962017331
6.3014999999999999,0,-0.013637305954149581
6.3019999999999996,0,-0.012468399711157341
6.3025000000000002,0,-0.011341601040697823
6.3029999999999999,0,-0.010256689237739692
6.3034999999999997,0,-0.0092132905128669666
6.3040000000000003,0,-0.0082109004780019923
6.3045,0,-0.0072489040277484594
6.3049999999999997,0,-0.006326592913224449
6.3055000000000003,0,-0.0054431812694220481
6.306,0,-0.004597819325984698
6.3064999999999998,0,-0.0037896055041796162
6.3070000000000004,0,-0.0030175970791850638
6.3075000000000001,0,-0.0022808195661368157
6.3079999999999998,0,-0.0015782749702746956
6.3085000000000004,0,-0.00090894902565111788
6.3090000000000002,0,-0.00027181753291198872
6.3094999999999999,0,0.00033414810561513961
6.3099999999999996,0,0.00090997606611248338
6.3105000000000002,0,0.0014566899208796503
6.3109999999999999,0,0.0019753050239376567
6.3114999999999997,0,0.0024668254026830039
6.3120000000000003,0,0.0029322411002693392
6.3125,0,0.0033725259192748601
6.3129999999999997,0,0.0037886355224369785
6.3135000000000003,0,0.0041815058508855585
6.3140000000000001,0,0.0045520518244452244
6.3144999999999998,1,0.0049011662922701094
6.3150000000000004,1,0.0052297192053695988
6.3155000000000001,0,-0.0047393970166144991
6.3159999999999998,0,-0.014659012738380828
6.3164999999999996,0,-0.013362786470056186
6.3170000000000002,0,-0.012135099860427689
6.3174999999999999,0,-0.010972642800552036
6.3179999999999996,0,-0.0098722576898115037
6.3185000000000002,0,-0.0088309328919209725
6.319,0,-0.0078457964328895406
6.3194999999999997,0,-0.0069141099355969236
6.3200000000000003,0,-0.0060332627853372459
6.3205,0,-0.0052007665204413132
6.3209999999999997,0,-0.004414249441913232
6.3215000000000003,0,-0.0036714514358912155
6.3220000000000001,0,-0.0029702190026631549
6.3224999999999998,0,-0.0023085004859294766
6.3230000000000004,0,-0.0016843414959974655
6.3235000000000001,0,-0.0010958805206162437
6.3239999999999998,0,-0.00054134471720705961
6.3244999999999996,0,-1.9045880312773545e-05
6.3250000000000002,0,0.00047262342182495808
6.3254999999999999,0,0.0009351935475516715
6.3259999999999996,0,0.001370121324828799
6.3265000000000002,0,0.0017787934427620055
6.327,0,0.002162529697256943
6.3274999999999997,0,0.0025225860962942992
6.3280000000000003,0,0.0028601578301745145
6.3285,0,0.0031763821119392575
6.3289999999999997,0,0.0034723408930300015
6.3295000000000003,0,0.0037490634590951364
6.3300000000000001,0,0.0040075289107098563
6.3304999999999998,0,0.0042486685336231679
6.3310000000000004,0,0.0044733680629996612
6.3315000000000001,0,0.0046824698459766558
6.3319999999999999,1,0.0048767749067119334
6.3324999999999996,1,0.0050570449179553664
6.3330000000000002,0,-0.0049262591655364618
6.3334999999999999,0,-0.014860074164394787
6.3339999999999996,0,-0.013705784305923374
6.3345000000000002,0,-0.012613435983861776
6.335,0,-0.011579907913878562
6.3354999999999997,0,-0.010602234578230285
6.3360000000000003,0,-0.0096775984825467794
6.3365,0,-0.0088033227948707271
6.3369999999999997,0,-0.0079768643482649344
6.3375000000000004,0,-0.0071958069892024802
6.3380000000000001,0,-0.0064578552548157694
6.3384999999999998,0,-0.005760828362898129
6.3390000000000004,0,-0.0051026544993327374
6.3395000000000001,0,-0.0044813653883646106
6.3399999999999999,0,-0.0038950911318410553
6.3404999999999996,0,-0.0033420553042159185
6.3410000000000002,0,-0.0028205702907570184
6.3414999999999999,0,-0.0023290328570043316
6.3419999999999996,0,-0.0018659199381095503
6.3425000000000002,0,-0.0014297846372378076
6.343,0,-0.0010192524227429888
6.3434999999999997,0,-0.00063301751432489619
6.3440000000000003,0,-0.00026983944885727862
6.3445,0,7.1460182972271635e-05
6.3449999999999998,0,0.0003920008376367856
6.3455000000000004,0,0.00069284596537311227
6.3460000000000001,0,0.00097500581003718829
6.3464999999999998,0,0.0012394400694619944
6.3470000000000004,0,0.0014870604232142593
6.3475000000000001,0,0.0017187329343082204
6.3479999999999999,0,0.0019352803311137312
6.3484999999999996,0,0.0021374841753910691
6.3490000000000002,0,0.0023260869220928073
6.3494999999999999,0,0.0025017938762972982
6.3499999999999996,0,0.0026652750523752933
6.3505000000000003,0,0.0028171669402396681
6.351,0,0.0029580741832911594
6.3514999999999997,0,0.0030885711724453089
6.3520000000000003,0,0.0032092035604106895
6.3525,0,0.0033204897001833157
6.3529999999999998,0,0.0034229220115261638
6.3535000000000004,0,0.0035169682790183289
6.3540000000000001,0,0.0036030728850803607
6.3544999999999998,0,0.0036816579812149254
6.3550000000000004,0,0.0037531246005426009
6.3555000000000001,0,0.0038178537145594381
6.3559999999999999,0,0.0038762072368987875
6.3564999999999996,0,0.0039285289767433283
6.3570000000000002,0,0.003975145544400505
6.3574999999999999,0,0.004016367211431904
6.3579999999999997,0,0.0040524887276077613
6.3585000000000003,0,0.0040837900968457852
6.359,0,0.0041105373141861468
6.3594999999999997,0,0.0041329830657528266
6.3600000000000003,0,0.00415136739355475
6.3605,0,0.0041659183268884844
6.3609999999999998,0,0.0041768524820156583
6.3615000000000004,0,0.0041843756317065609
6.3620000000000001,0,0.0041886832461612957
6.3624999999999998,0,0.0041899610067446134
6.3630000000000004,0,0.0041883852938997658
6.3635000000000002,0,0.0041841236505377969
6.3639999999999999,0,0.004177335222134859
6.3644999999999996,0,0.0041681711747084457
6.3650000000000002,0,0.0041567750917844374
6.3654999999999999,0,0.0041432833514122528
6.3659999999999997,0,0.0041278254842320953
6.3665000000000003,0,0.0041105245135480643
6.367,0,0.004091497278313194
6.3674999999999997,0,0.0040708547398876412
6.3680000000000003,0,0.0040487022733875387
6.3685,0,0.0040251399444010683
6.3689999999999998,0,0.0040002627718102816
6.3695000000000004,0,0.0039741609774185506
6.3700000000000001,0,0.0039469202230505542
6.3704999999999998,0,0.0039186218357559642
6.3710000000000004,0,0.0038893430217179837
6.3715000000000002,0,0.0038591570694371915
6.3719999999999999,0,0.0038281335427317376
6.3724999999999996,0,0.003796338464069249
6.3730000000000002,0,0.0037638344887179986
6.3734999999999999,0,0.0037306810701821513
6.3739999999999997,0,0.0036969346173611585
6.3745000000000003,0,0.0036626486438516735
6.375,0,0.0036278739097898027
6.3754999999999997,0,0.003592658556610129
6.3760000000000003,0,0.0035570482350801734
6.3765000000000001,0,0.0035210862269505539
6.3769999999999998,0,0.0034848135605432097
6.3775000000000004,0,0.0034482691205849013
6.3780000000000001,0,0.0034114897525764241
6.3784999999999998,0,0.0033745103619745474
6.3789999999999996,0,0.0033373640084486734
6.3795000000000002,0,0.0033000819954612016
6.3799999999999999,0,0.0032626939554085245
6.3804999999999996,0,0.0032252279305465814
6.3810000000000002,0,0.0031877104499144606
6.3815,0,0.0031501666024583487
6.3819999999999997,0,0.0031126201065474813
6.3825000000000003,0,0.003075093376064686
6.383,0,0.0030376075832446057
6.3834999999999997,0,0.0030001827184233942
6.3840000000000003,0,0.0029628376468563864
6.3845000000000001,0,0.0029255901627511238
6.3849999999999998,0,0.0028884570406565446
6.3855000000000004,0,0.0028514540843414538
6.3860000000000001,0,0.0028145961732888303
6.3864999999999998,0,0.0027778973069260138
6.3869999999999996,0,0.0027413706467047994
6.3875000000000002,0,0.0027050285561395883
6.3879999999999999,0,0.0026688826389060006
6.3884999999999996,0,0.0026329437750976848
6.3890000000000002,0,0.0025972221557337806
6.3895,0,0.0025617273156042673
6.3899999999999997,0,0.002526468164537088
6.3905000000000003,0,0.0024914530171660011
6.391,0,0.0024566896212734448
6.3914999999999997,0,0.002422185184780423
6.3920000000000003,0,0.002387946401450658
6.3925000000000001,0,0.0023539794753730469
6.3929999999999998,0,0.0023202901442829992
6.3935000000000004,0,0.0022868837017810616
6.3940000000000001,0,0.0022537650185028959
6.3944999999999999,0,0.0022209385622930953
6.3949999999999996,0,0.0021884084174316866
6.3955000000000002,0,0.0021561783029608872
6.3959999999999999,0,0.0021242515901556346
6.3964999999999996,0,0.0020926313191808156
6.3970000000000002,0,0.0020613202149749378
6.3975,0,0.0020303207023978252
6.3979999999999997,0,0.0019996349206793497
6.3985000000000003,0,0.0019692647372023695
6.399,0,0.0019392117606530923
6.3994999999999997,0,0.0019094773535691667
6.4000000000000004,0,0.0018800626443153279
6.4005000000000001,0,0.0018509685385138086
6.4009999999999998,0,0.0018221957299560775
6.4015000000000004,0,0.0017937447110212058
6.4020000000000001,0,0.0017656157826241082
6.4024999999999999,0,0.0017378090637166666
6.4029999999999996,0,0.0017103245003628254
6.4035000000000002,0,0.001683161874408179
6.4039999999999999,0,0.0016563208117633455
6.4044999999999996,0,0.0016298007903191691
6.4050000000000002,0,0.0016036011475117017
6.4055,0,0.0015777210875528747
6.4059999999999997,0,0.0015521596883430356
6.4065000000000003,0,0.0015269159080799511
6.407,0,0.001501988591578607
6.4074999999999998,0,0.0014773764763152397
6.4080000000000004,0,0.0014530781982080797
6.4085000000000001,0,0.0014290922971475829
6.4089999999999998,0,0.0014054172222869865
6.4095000000000004,0,0.0013820513371044841
6.4100000000000001,0,0.0013589929242476706
6.4104999999999999,0,0.0013362401901694688
6.4109999999999996,0,0.0013137912695657338
6.4115000000000002,0,0.001291644229622868
6.4119999999999999,0,0.0012697970740843446
6.4124999999999996,0,0.0012482477471438824
6.4130000000000003,0,0.0012269941371733871
6.4135,0,0.0012060340802925729
6.4139999999999997,0,0.0011853653637872719
6.4145000000000003,0,0.0011649857293835608
6.415,0,0.0011448928763830636
6.4154999999999998,0,0.0011250844646662705
6.4160000000000004,0,0.0011055581175693052
6.4165000000000001,0,0.0010863114246392747
6.4169999999999998,0,0.0010673419442738473
6.4175000000000004,0,0.0010486472062495645
6.4180000000000001,0,0.0010302247141439791
6.4184999999999999,0,0.001012071947655635
6.4189999999999996,0,0.00099418636482645484
6.4195000000000002,0,0.00097656540417067066
6.4199999999999999,0,0.00095920648671387059
6.4204999999999997,0,0.00094210701794583684
6.4210000000000003,0,0.00092526438969116049
6.4215,0,0.00090867598190041976
6.4219999999999997,0,0.00089233916436542993
6.4225000000000003,0,0.00087625129836158553
6.423,0,0.00086040973822019138
6.4234999999999998,0,0.00084481183283343644
6.4240000000000004,0,0.00082945492709483035
6.4245000000000001,0,0.00081433636327763457
6.4249999999999998,0,0.00079945348235366254
6.4255000000000004,0,0.00078480362525463749
6.4260000000000002,0,0.00077038413407873871
6.4264999999999999,0,0.0007561923532437675
6.4269999999999996,0,0.00074222563058972128
6.4275000000000002,0,0.00072848131843220585
6.4279999999999999,0,0.00071495677456866473
6.4284999999999997,0,0.00070164936323940941
6.4290000000000003,0,0.00068855645604464226
6.4295,0,0.00067567543281987774
6.4299999999999997,0,0.00066300368247041992
6.4305000000000003,0,0.00065053860376722565
6.431,0,0.00063827760610505322
6.4314999999999998,0,0.00062621811022444134
6.4320000000000004,0,0.0006143575488989139
6.4325000000000001,0,0.00060269336758850267
6.4329999999999998,0,0.00059122302506097184
6.4335000000000004,0,0.00057994399398197949
6.4340000000000002,0,0.00056885376147483015
6.4344999999999999,0,0.00055794982965158275
6.4349999999999996,0,0.00054722971611607105
6.4355000000000002,0,0.00053669095443997783
6.4359999999999999,0,0.00052633109461304168
6.4364999999999997,0,0.00051614770346780636
6.4370000000000003,0,0.00050613836508081047
6.4375,0,0.00049630068114994155
6.4379999999999997,0,0.0004866322713495519
6.4385000000000003,0,0.00047713077366378086
6.4390000000000001,0,0.0004677938446990937
6.4394999999999998,0,0.00045861915997644773
6.4400000000000004,0,0.00044960441420404117
6.4405000000000001,0,0.00044074732153142059
6.4409999999999998,0,0.00043204561578528142
6.4414999999999996,0,0.00042349705068779332
6.4420000000000002,0,0.00041509940005818313
6.4424999999999999,0,0.00040685045799800925
6.4429999999999996,0,0.00039874803906063682
6.4435000000000002,0,0.00039078997840578109
6.444,0,0.00038297413193925098
6.4444999999999997,0,0.00037529837643885956
6.4450000000000003,0,0.00036776060966642321
6.4455,0,0.00036035875046710466
6.4459999999999997,0,0.00035309073885574359
6.4465000000000003,0,0.00034595453609143068
6.4470000000000001,0,0.0003389481247399684
6.4474999999999998,0,0.00033206950872538554
6.4480000000000004,0,0.00032531671337050484
6.4485000000000001,0,0.00031868778542684109
6.4489999999999998,0,0.00031218079309476289
6.4494999999999996,0,0.00030579382603362903
6.4500000000000002,0,0.00029952499536290978
6.4504999999999999,0,0.00029337243365404884
6.4509999999999996,0,0.00028733429491384355
6.4515000000000002,0,0.00028140875455955338
6.452,0,0.00027559400938594882
6.4524999999999997,0,0.00026988827752471022
6.4530000000000003,0,0.00026428979839641096
6.4535,0,0.0002587968326557055
6.4539999999999997,0,0.00025340766212927912
6.4545000000000003,0,0.00024812058974778007
6.4550000000000001,0,0.00024293393947109055
6.4554999999999998,0,0.00023784605620799092
6.4560000000000004,0,0.00023285530572980662
6.4565000000000001,0,0.00022796007457885902
6.4569999999999999,0,0.00022315876997140992
6.4574999999999996,0,0.00021844981969577627
6.4580000000000002,0,0.00021383167200562659
6.4584999999999999,0,0.00020930279550869236
6.4589999999999996,0,0.00020486167905120478
6.4595000000000002,0,0.00020050683159802407
6.46,0,0.00019623678210907159
6.4604999999999997,0,0.00019205007941182074
6.4610000000000003,0,0.00018794529207032394
6.4615,0,0.00018392100825066483
6.4619999999999997,0,0.00017997583558364559
6.4625000000000004,0,0.00017610840102393331
6.4630000000000001,0,0.00017231735070666332
6.4634999999999998,0,0.00016860134980126729
6.4640000000000004,0,0.00016495908236279221
6.4645000000000001,0,0.00016138925118073245
6.4649999999999999,0,0.00015789057762558568
6.4654999999999996,0,0.00015446180149355503
6.4660000000000002,0,0.00015110168084906395
6.4664999999999999,0,0.00014780899186537245
6.4669999999999996,0,0.00014458252866391685
6.4675000000000002,0,0.00014142110315149559
6.468,0,0.0001383235448564779
6.4684999999999997,0,0.00013528870076345845
6.4690000000000003,0,0.00013231543514685695
6.4695,0,0.000129402629403097
6.4699999999999998,0,0.00012654918188222952
6.4705000000000004,0,0.00012375400771831303
6.4710000000000001,0,0.00012101603865917187
6.4714999999999998,0,0.00011833422289543316
6.4720000000000004,0,0.00011570752488896386
6.4725000000000001,0,0.00011313492520079738
6.4729999999999999,0,0.00011061542031868266
6.4734999999999996,0,0.0001081480224842557
6.4740000000000002,0,0.00010573175951995583
6.4744999999999999,0,0.00010336567465586421
6.4749999999999996,0,0.00010104882635630918
6.4755000000000003,0,9.8780288146638195e-05
6.476,0,9.6559148439889769e-05
6.4764999999999997,0,9.4384510363643148e-05
6.4770000000000003,0,9.2255491587145411e-05
6.4775,0,9.0171224148494214e-05
6.4779999999999998,0,8.8130854282431062e-05
6.4785000000000004,0,8.613354224817904e-05
6.4790000000000001,0,8.417846215796887e-05
6.4794999999999998,0,8.2264801806031235e-05
6.4800000000000004,0,8.0391762498011057e-05
6.4805000000000001,0,7.8558558881047794e-05
6.4809999999999999,0,7.6764418774477591e-05
6.4814999999999996,0,7.5008583001368032e-05
6.4820000000000002,0,7.3290305220630181e-05
6.4824999999999999,0,7.1608851759807918e-05
6.4829999999999997,0,6.9963501449143989e-05
6.4835000000000003,0,6.8353545455868137e-05
6.484,0,6.6778287120039526e-05
6.4844999999999997,0,6.5237041790755507e-05
6.4850000000000003,0,6.3729136663681632e-05
6.4855,0,6.2253910619569647e-05
6.4859999999999998,0,6.0810714063641579e-05
6.4865000000000004,0,5.9398908766195023e-05
6.4870000000000001,0,5.8017867704118765e-05
6.4874999999999998,0,5.6666974903762932e-05
6.4880000000000004,0,5.5345625284752842e-05
6.4885000000000002,0,5.4053224505201666e-05
6.4889999999999999,0,5.2789188807866869e-05
6.4894999999999996,0,5.1552944867605534e-05
6.4900000000000002,0,5.0343929640139787e-05
6.4904999999999999,0,4.9161590212065676e-05
6.4909999999999997,0,4.8005383652016675e-05
6.4915000000000003,0,4.687477686322605e-05
6.492,0,4.5769246437321608e-05
6.4924999999999997,0,4.4688278509630305e-05
6.4930000000000003,0,4.3631368615415497e-05
6.4935,0,4.2598021547946005e-05
6.4939999999999998,0,4.1587751217464496e-05
6.4945000000000004,0,4.0600080511943301e-05
6.4950000000000001,0,3.9634541158783956e-05
6.4954999999999998,0,3.8690673588326342e-05
6.4960000000000004,0,3.7768026798468136e-05
6.4965000000000002,0,3.6866158220738576e-05
6.4969999999999999,0,3.5984633587826667e-05
6.4974999999999996,0,3.5123026802530433e-05
6.4980000000000002,0,3.4280919807916367e-05
6.4984999999999999,0,3.345790245928848e-05
6.4989999999999997,0,3.2653572397212115e-05
6.4995000000000003,0,3.186753492208094e-05
6.5,0,3.109940287023827e-05
6.5004999999999997,0,3.0348796491286301e-05
6.5010000000000003,0,2.9615343326983014e-05
6.5015000000000001,0,2.8898678091626717e-05
6.5019999999999998,0,2.8198442553573066e-05
6.5025000000000004,0,2.75142854185062e-05
6.5030000000000001,0,2.6845862213886738e-05
6.5034999999999998,0,2.6192835174998484e-05
6.5039999999999996,0,2.5554873132271894e-05
6.5045000000000002,0,2.4931651400061928e-05
6.5049999999999999,0,2.4322851666891411e-05
6.5054999999999996,0,2.3728161886926723e-05
6.5060000000000002,0,2.3147276173074437e-05
6.5065,0,2.2579894691387991e-05
6.5069999999999997,0,2.2025723556728936e-05
6.5075000000000003,0,2.1484474730026902e-05
6.508,0,2.0955865916560957e-05
6.5084999999999997,0,2.0439620466117248e-05
6.5090000000000003,0,1.9935467274068141e-05
6.5095000000000001,0,1.9443140683961246e-05
6.5099999999999998,0,1.8962380391529533e-05
6.5105000000000004,0,1.8492931349944898e-05
6.5110000000000001,0,1.8034543676204162e-05
6.5114999999999998,0,1.7586972559335835e-05
6.5119999999999996,0,1.7149978169439529e-05
6.5125000000000002,0,1.6723325568146487e-05
6.5129999999999999,0,1.6306784620523375e-05
6.5134999999999996,0,1.5900129908152927e-05
6.5140000000000002,0,1.5503140643435832e-05
6.5145,0,1.5115600585091649e-05
6.5149999999999997,0,1.4737297955236262e-05
6.5155000000000003,0,1.4368025357303082e-05
6.516,0,1.4007579695451967e-05
6.5164999999999997,0,1.3655762094966217e-05
6.5170000000000003,0,1.3312377824126198e-05
6.5175000000000001,0,1.2977236217148746e-05
6.5179999999999998,0,1.265015059819241e-05
6.5185000000000004,0,1.2330938206750464e-05
6.5190000000000001,0,1.201942012403201e-05
6.5194999999999999,0,1.171542120063096e-05
6.5199999999999996,0,1.141876998509428e-05
6.5205000000000002,0,1.112929865404455e-05
6.5209999999999999,0,1.0846842942979773e-05
6.5214999999999996,0,1.0571242078438737e-05
6.5220000000000002,0,1.0302338711021264e-05
6.5225,0,1.0039978849840647e-05
6.5229999999999997,0,9.7840117976755174e-06
6.5235000000000003,0,9.5342900874206819e-06
6.524,0,9.290669419548259e-06
6.5244999999999997,0,9.0530086004458894e-06
6.5250000000000004,0,8.8211694819095847e-06
6.5255000000000001,0,8.5950169016579821e-06
6.5259999999999998,0,8.3744186248124745e-06
6.5265000000000004,0,8.159245286243344e-06
6.5270000000000001,0,7.9493703340594031e-06
6.5274999999999999,0,7.7446699739969205e-06
6.5279999999999996,0,7.545023114752247e-06
6.5285000000000002,0,7.3503113141915047e-06
6.5289999999999999,0,7.1604187265816851e-06
6.5294999999999996,0,6.9752320506322183e-06
6.5300000000000002,0,6.7946404786134448e-06
6.5305,0,6.6185356461634369e-06
6.5309999999999997,0,6.4468115829385834e-06
6.5315000000000003,0,6.2793646644410121e-06
6.532,0,6.1160935643456146e-06
6.5324999999999998,0,5.9568992079039873e-06
6.5330000000000004,0,5.8016847260811133e-06
6.5335000000000001,0,5.6503554104248014e-06
6.5339999999999998,0,5.5028186690453399e-06
6.5345000000000004,0,5.3589839828949161e-06
6.5350000000000001,0,5.2187628634237092e-06
6.5354999999999999,0,5.082068810480234e-06
6.5359999999999996,0,4.9488172713219035e-06
6.5365000000000002,0,4.8189256001363031e-06
6.5369999999999999,0,4.6923130186282693e-06
6.5374999999999996,0,4.5689005769178339e-06
6.5380000000000003,0,4.4486111153929638e-06
6.5385,0,4.3313692273949655e-06
6.5389999999999997,0,4.2171012222591567e-06
6.5395000000000003,0,4.105735089343643e-06
6.54,0,3.9972004625798972e-06
6.5404999999999998,0,3.8914285858004939e-06
6.5410000000000004,0,3.7883522785664426e-06
6.5415000000000001,0,3.6879059027383755e-06
6.5419999999999998,0,3.5900253296472507e-06
6.5425000000000004,0,3.4946479079867034e-06
6.5430000000000001,0,3.4017124322049953e-06
6.5434999999999999,0,3.311159111518691e-06
6.5439999999999996,0,3.2229295396146717e-06
6.5445000000000002,0,3.1369666647407256e-06
6.5449999999999999,0,3.0532147606954217e-06
6.5454999999999997,0,2.9716193979845153e-06
6.5460000000000003,0,2.8921274159210419e-06
6.5465,0,2.814686894891949e-06
6.5469999999999997,0,2.7392471296128209e-06
6.5475000000000003,0,2.6657586024936287e-06
6.548,0,2.5941729577261263e-06
6.5484999999999998,0,2.5244429758930485e-06
6.5490000000000004,0,2.4565225490769115e-06
6.5495000000000001,0,2.3903666563462876e-06
6.5499999999999998,0,2.3259313398860116e-06
6.5505000000000004,0,2.2631736815714731e-06
6.5510000000000002,0,2.2020517798648775e-06
6.5514999999999999,0,2.1425247273887393e-06
6.5519999999999996,0,2.0845525888102403e-06
6.5525000000000002,0,2.0280963792695951e-06
6.5529999999999999,0,1.9731180431303839e-06
6.5534999999999997,0,1.9195804332960976e-06
6.5540000000000003,0,1.8674472907709295e-06
6.5545,0,1.8166832248533993e-06
6.5549999999999997,0,1.7672536936852446e-06
6.5555000000000003,0,1.7191249849224377e-06
6.556,0,1.6722641972499731e-06
6.5564999999999998,0,1.626639221941062e-06
6.5570000000000004,0,1.5822187249270314e-06
6.5575000000000001,0,1.5389721293446179e-06
6.5579999999999998,0,1.4968695981498747e-06
6.5585000000000004,0,1.4558820173871112e-06
6.5590000000000002,0,1.4159809797020806e-06
6.5594999999999999,0,1.3771387681660307e-06
6.5599999999999996,0,1.3393283404328215e-06
6.5605000000000002,0,1.3025233133734382e-06
6.5609999999999999,0,1.2666979478326291e-06
6.5614999999999997,0,1.2318271339184506e-06
6.5620000000000003,0,1.1978863762918123e-06
6.5625,0,1.1648517802553826e-06
6.5629999999999997,0,1.1327000376537555e-06
6.5635000000000003,0,1.1014084132399126e-06
6.5640000000000001,0,1.0709547315634893e-06
6.5644999999999998,0,1.0413173638479379e-06
6.5650000000000004,0,1.0124752152007587e-06
6.5655000000000001,0,9.8440771225671861e-07
6.5659999999999998,0,9.5709479089878249e-07
6.5664999999999996,0,9.3051688435652482e-07
6.5670000000000002,0,9.0465491161539899e-07
6.5674999999999999,0,8.7949026588152175e-07
6.5679999999999996,0,8.5500480349054444e-07
6.5685000000000002,0,8.3118083296085386e-07
6.569,0,8.0800110437984072e-07
6.5694999999999997,0,7.8544879879016709e-07
6.5700000000000003,0,7.6350751816445243e-07
6.5705,0,7.4216127533555114e-07
6.5709999999999997,0,7.213944842154874e-07
6.5715000000000003,0,7.0119195029194618e-07
6.5720000000000001,0,6.8153886119137756e-07
6.5724999999999998,0,6.6242077773059904e-07
6.5730000000000004,0,6.4382362480186472e-07
6.5735000000000001,0,6.2573368269092096e-07
6.5739999999999998,0,6.0813757865041394e-07
6.5744999999999996,0,5.9102227847329656e-07
6.5750000000000002,0,5.7437507839930295e-07
6.5754999999999999,0,5.5818359695480879e-07
6.5759999999999996,0,5.4243576748103099e-07
6.5765000000000002,0,5.2711983027364791e-07
6.577,0,5.1222432523312378e-07
6.5774999999999997,0,4.9773808462605369e-07
6.5780000000000003,0,4.8365022591312363e-07
6.5785,0,4.6995014482131834e-07
6.5789999999999997,0,4.5662750864927658e-07
6.5795000000000003,0,4.4367224956154415e-07
6.5800000000000001,0,4.3107455803825802e-07
6.5804999999999998,0,4.1882487672451063e-07
6.5810000000000004,0,4.0691389412428337e-07
6.5815000000000001,0,3.9533253863854868e-07
6.5819999999999999,0,3.8407197258116808e-07
6.5824999999999996,0,3.7312358646124367e-07
6.5830000000000002,0,3.6247899337649159e-07
6.5834999999999999,0,3.5213002353984279e-07
6.5839999999999996,0,3.4206871876163445e-07
6.5845000000000002,0,3.3228732740919755e-07
6.585,0,3.2277829924431957e-07
6.5854999999999997,0,3.1353428018299214e-07
6.5860000000000003,0,3.0454810777680309e-07
6.5865,0,2.9581280612811512e-07
6.5869999999999997,0,2.8732158150468481e-07
6.5875000000000004,0,2.7906781754349905e-07
6.5880000000000001,0,2.710450710097234e-07
6.5884999999999998,0,2.6324706740021855e-07
6.5890000000000004,0,2.5566769660256841e-07
6.5895000000000001,0,2.4830100893158401e-07
6.5899999999999999,0,2.4114121093266051e-07
6.5904999999999996,0,2.3418266166252976e-07
6.5910000000000002,0,2.2741986864804887e-07
6.5914999999999999,0,2.2084748420025945e-07
6.5919999999999996,0,2.1446030177285635e-07
6.5925000000000002,0,2.0825325244278048e-07
6.593,0,2.0222140122427846e-07
6.5934999999999997,0,1.9635994387146026e-07
6.5940000000000003,0,1.9066420354763024e-07
6.5945,0,1.8512962739469786e-07
6.5949999999999998,0,1.797517836021889e-07
6.5955000000000004,0,1.7452635820980332e-07
6.5960000000000001,0,1.6944915205430177e-07
6.5964999999999998,0,1.6451607787182354e-07
6.5970000000000004,0,1.5972315752232903e-07
6.5975000000000001,0,1.5506651908081536e-07
6.5979999999999999,0,1.5054239410616788e-07
6.5984999999999996,0,1.4614711504323808e-07
6.5990000000000002,0,1.4187711260271741e-07
6.5994999999999999,0,1.3772891328533986e-07
6.5999999999999996,0,1.3369913672844902e-07
6.6005000000000003,0,1.2978449347444966e-07
6.601,0,1.2598178257272606e-07
6.6014999999999997,0,1.2228788927037825e-07
6.6020000000000003,0,1.1869978288059357e-07
6.6025,0,1.1521451436236063e-07
6.6029999999999998,0,1.1182921445529459e-07
6.6035000000000004,0,1.0854109138147549e-07
6.6040000000000001,0,1.0534742900247807e-07
6.6044999999999998,0,1.0224558482097023e-07
6.6050000000000004,0,9.9232987926800573e-08
6.6055000000000001,0,9.6307137320561509e-08
6.6059999999999999,0,9.3465599859676726e-08
6.6064999999999996,0,9.0706008715191191e-08
6.6070000000000002,0,8.8026061451085272e-08
6.6074999999999999,0,8.5423518347838007e-08
6.6079999999999997,0,8.2896200914728271e-08
6.6085000000000003,0,8.0441990113477854e-08
6.609,0,7.8058824737325949e-08
6.6094999999999997,0,7.5744700156477046e-08
6.6100000000000003,0,7.3497666619459778e-08
6.6105,0,7.1315827698814618e-08
6.6109999999999998,0,6.9197339214177594e-08
6.6115000000000004,0,6.7140407522536807e-08
6.6120000000000001,0,6.5143288363600502e-08
6.6124999999999998,0,6.32042854054049e-08
6.6130000000000004,0,6.1321749145193399e-08
6.6135000000000002,0,5.9494075577148918e-08
6.6139999999999999,0,5.7719704915637496e-08
6.6144999999999996,0,5.5997120496087405e-08
6.6150000000000002,0,5.4324847520437205e-08
6.6154999999999999,0,5.2701452168957273e-08
6.6159999999999997,0,5.1125540245777756e-08
6.6165000000000003,0,4.9595756257403424e-08
6.617,0,4.8110782324695121e-08
6.6174999999999997,0,4.6669337172566827e-08
6.6180000000000003,0,4.5270175130784905e-08
6.6185,0,4.3912085301300863e-08
6.6189999999999998,0,4.2593890459130532e-08
6.6195000000000004,0,4.1314446197482368e-08
6.6200000000000001,0,4.0072640106192384e-08
6.6204999999999998,0,3.8867390783625667e-08
6.6210000000000004,0,3.769764709282697e-08
6.6215000000000002,0,3.6562387339955649e-08
6.6219999999999999,0,3.5460618419413949e-08
6.6224999999999996,0,3.4391375069997562e-08
6.6230000000000002,0,3.3353719097739544e-08
6.6234999999999999,0,3.2346738743083139e-08
6.6239999999999997,0,3.1369547826010093e-08
6.6245000000000003,0,3.0421285079906825e-08
6.625,0,2.9501113518737297e-08
6.6254999999999997,0,2.8608219759806984e-08
6.6260000000000003,0,2.7741813335424582e-08
6.6265000000000001,0,2.6901126093381578e-08
6.6269999999999998,0,2.6085411608534059e-08
6.6275000000000004,0,2.529394458328227e-08
6.6280000000000001,0,2.4526020203641253e-08
6.6284999999999998,0,2.3780953661844961e-08
6.6289999999999996,0,2.3058079556825817e-08
6.6295000000000002,0,2.235675137240989e-08
6.6299999999999999,0,2.1676340955512074e-08
6.6304999999999996,0,2.1016238005433509e-08
6.6310000000000002,0,2.0375849607567887e-08
6.6315,0,1.9754599700494423e-08
6.6319999999999997,0,1.9151928654093098e-08
6.6325000000000003,0,1.8567292758842058e-08
6.633,0,1.8000163914955181e-08
6.6334999999999997,0,1.7450029077270558e-08
6.6340000000000003,0,1.6916389833365742e-08
6.6345000000000001,0,1.6398762092695306e-08
6.6349999999999998,0,1.5896675598092713e-08
6.6355000000000004,0,1.5409673559396707e-08
6.6360000000000001,0,1.493731229817996e-08
6.6364999999999998,0,1.4479160881375463e-08
6.6369999999999996,0,1.4034800777107392e-08
6.6375000000000002,0,1.3603825477215281e-08
6.6379999999999999,0,1.3185840130880423e-08
6.6384999999999996,0,1.2780461322581261e-08
6.6390000000000002,0,1.2387316683515336e-08
6.6395,0,1.200604451412346e-08
6.6399999999999997,0,1.1636293661965168e-08
6.6405000000000003,0,1.1277723055425071e-08
6.641,0,1.0930001514974919e-08
6.6414999999999997,0,1.0592807420106708e-08
6.6420000000000003,0,1.0265828487288076e-08
6.6425000000000001,0,9.948761492406532e-09
6.6429999999999998,0,9.6413119710092587e-09
6.6435000000000004,0,9.3431940628718728e-09
6.6440000000000001,0,9.0541301345226092e-09
6.6444999999999999,0,8.7738507126289271e-09
6.6449999999999996,0,8.5020941176239259e-09
6.6455000000000002,0,8.2386063193773399e-09
6.6459999999999999,0,7.9831406374353271e-09
6.6464999999999996,0,7.7354576411003958e-09
6.6470000000000002,0,7.4953248607734224e-09
6.6475,0,7.2625166103179598e-09
6.6479999999999997,0,7.0368138316290182e-09
6.6485000000000003,0,6.8180038614862323e-09
6.649,0,6.6058802428159426e-09
6.6494999999999997,0,6.4002426025666635e-09
6.6500000000000004,0,6.2008964296644823e-09
6.6505000000000001,0,6.0076528973773694e-09
6.6509999999999998,0,5.8203287522928801e-09
6.6515000000000004,0,5.6387461144780101e-09
6.6520000000000001,0,5.4627323331502e-09
6.6524999999999999,0,5.292119853450572e-09
6.6529999999999996,0,5.1267460610127099e-09
6.6535000000000002,0,4.9664530932247432e-09
6.6539999999999999,0,4.8110877726159632e-09
6.6544999999999996,0,4.6605014292211422e-09
6.6550000000000002,0,4.5145498117626918e-09
6.6555,0,4.373092921117205e-09
6.6559999999999997,0,4.2359948881909304e-09
6.6565000000000003,0,4.1031238406930015e-09
6.657,0,3.9743518809309816e-09
6.6574999999999998,0,3.8495548415617975e-09
6.6580000000000004,0,3.728612274489507e-09
6.6585000000000001,0,3.6114072954340772e-09
6.6589999999999998,0,3.4978264840113129e-09
6.6595000000000004,0,3.3877597949150129e-09
6.6600000000000001,0,3.28110049130359e-09
6.6604999999999999,0,3.1777449560621562e-09
6.6609999999999996,0,3.0775926918025222e-09
6.6615000000000002,0,2.9805461765342046e-09
6.6619999999999999,0,2.8865108414599661e-09
6.6624999999999996,0,2.7953949044423608e-09
6.6630000000000003,0,2.7071093255948144e-09
6.6635,0,2.6215677517704707e-09
6.6639999999999997,0,2.5386863722332009e-09
6.6645000000000003,0,2.4583839075553725e-09
6.665,0,2.3805815319022371e-09
6.6654999999999998,0,2.3052027620096284e-09
6.6660000000000004,0,2.2321734016728103e-09
6.6665000000000001,0,2.1614214862353265e-09
6.6669999999999998,0,2.0928772492823098e-09
6.6675000000000004,0,2.0264729672092586e-09
6.6680000000000001,0,1.9621429592220354e-09
6.6684999999999999,0,1.8998235762346383e-09
6.6689999999999996,0,1.8394530232335172e-09
6.6695000000000002,0,1.7809714147887235e-09
6.6699999999999999,0,1.7243206307249181e-09
6.6704999999999997,0,1.669444305019141e-09
6.6710000000000003,0,1.6162878369030409e-09
6.6715,0,1.5647981910227315e-09
6.6719999999999997,0,1.5149240084610938e-09
6.6725000000000003,0,1.4666154291020917e-09
6.673,0,1.4198241360396935e-09
6.6734999999999998,0,1.3745032778622602e-09
6.6740000000000004,0,1.3306073909369332e-09
6.6745000000000001,0,1.2880924105118652e-09
6.6749999999999998,0,1.2469156152050687e-09
6.6755000000000004,0,1.2070355714932646e-09
6.6760000000000002,0,1.1684121115074219e-09
6.6764999999999999,0,1.1310062775216068e-09
6.6769999999999996,0,1.0947803330552119e-09
6.6775000000000002,0,1.0596976518506552e-09
6.6779999999999999,0,1.0257227289756088e-09
6.6784999999999997,0,9.9282115861853981e-10
6.6790000000000003,0,9.6095957857755825e-10
6.6795,0,9.3010562585149616e-10
6.6799999999999997,0,9.0022794774213821e-10
6.6805000000000003,0,8.7129616854753069e-10
6.681,0,8.4328078964190918e-10
6.6814999999999998,0,8.1615325608908051e-10
6.6820000000000004,0,7.8988587892681039e-10
6.6825000000000001,0,7.6445180186013319e-10
6.6829999999999998,0,7.3982502346581218e-10
6.6835000000000004,0,7.1598030837449753e-10
6.6840000000000002,0,6.928932094751872e-10
6.6844999999999999,0,6.7054001240407501e-10
6.6849999999999996,0,6.4889776885124206e-10
6.6855000000000002,0,6.2794421884504461e-10
6.6859999999999999,0,6.076577907521141e-10
6.6864999999999997,0,5.8801755686843647e-10
6.6870000000000003,0,5.6900324452158198e-10
6.6875,0,5.5059522496847539e-10
6.6879999999999997,0,5.3277445788424418e-10
6.6885000000000003,0,5.1552249136221915e-10
6.6890000000000001,0,4.9882145081170395e-10
6.6894999999999998,0,4.82654005651284e-10
6.6900000000000004,0,4.6700336930882717e-10
6.6905000000000001,0,4.5185325481256198e-10
6.6909999999999998,0,4.3718790809776921e-10
6.6914999999999996,0,4.229920524956299e-10
6.6920000000000002,0,4.0925088873322577e-10
6.6924999999999999,0,3.9595005052461829e-10
6.6929999999999996,0,3.8307563787753908e-10
6.6935000000000002,0,3.7061419488892965e-10
6.694,0,3.5855266533602046e-10
6.6944999999999997,0,3.4687840377856104e-10
6.6950000000000003,0,3.3557915335435948e-10
6.6955,0,3.2464303467705236e-10
6.6959999999999997,0,3.1405856804056499e-10
6.6965000000000003,0,3.0381461790796036e-10
6.6970000000000001,0,2.9390037070697874e-10
6.6974999999999998,0,2.8430537923895829e-10
6.6980000000000004,0,2.7501949606545394e-10
6.6985000000000001,0,2.6603292901938859e-10
6.6989999999999998,0,2.573361412849806e-10
6.6994999999999996,0,2.4891992911335591e-10
6.7000000000000002,0,2.4077538851585699e-10
6.7004999999999999,0,2.3289385975289177e-10
6.7009999999999996,0,2.2526697174285459e-10
6.7015000000000002,0,2.1788661985766566e-10
6.702,0,2.1074494371831065e-10
6.7024999999999997,0,2.0383431609261038e-10
6.7030000000000003,0,1.9714739840637207e-10
6.7035,0,1.9067702972108691e-10
6.7039999999999997,0,1.844163044495417e-10
6.7045000000000003,0,1.7835851684466774e-10
6.7050000000000001,0,1.724971832040012e-10
6.7054999999999998,0,1.668260196652227e-10
6.7060000000000004,0,1.6133895330838756e-10
6.7065000000000001,0,1.5603006664477447e-10
6.7069999999999999,0,1.5089366423026718e-10
6.7074999999999996,0,1.4592422825643326e-10
6.7080000000000002,0,1.4111639634606377e-10
6.7084999999999999,0,1.3646499485986395e-10
6.7089999999999996,0,1.3196500558976255e-10
6.7095000000000002,0,1.2761155465668139e-10
6.71,0,1.2339993471499611e-10
6.7104999999999997,0,1.1932558274807548e-10
6.7110000000000003,0,1.1538409117051174e-10
6.7115,0,1.1157119672589033e-10
6.7119999999999997,0,1.0788272497563866e-10
6.7125000000000004,0,1.0431471242355883e-10
6.7130000000000001,0,1.008632399823739e-10
6.7134999999999998,0,9.7524588404951376e-11
6.7140000000000004,0,9.4295105057540246e-11
6.7145000000000001,0,9.1171248328691942e-11
6.7149999999999999,0,8.8149643140411629e-11
6.7154999999999996,0,8.5226947721395161e-11
6.7160000000000002,0,8.2399997936022368e-11
6.7164999999999999,0,7.9665674057594058e-11
6.7169999999999996,0,7.7021000688404229e-11
6.7175000000000002,0,7.4463069044128355e-11
6.718,0,7.1989059158283913e-11
6.7184999999999997,0,6.9596262086690788e-11
6.7190000000000003,0,6.7282068805241124e-11
6.7195,0,6.5043892494287553e-11
6.7199999999999998,0,6.2879290663175885e-11
6.7205000000000004,0,6.0785876332403177e-11
6.7210000000000001,0,5.8761340238078216e-11
6.7214999999999998,0,5.6803428627461015e-11
6.7220000000000004,0,5.4909998770114042e-11
6.7225000000000001,0,5.3078930140060265e-11
6.7229999999999999,0,5.1308213233625109e-11
6.7234999999999996,0,4.9595882956054993e-11
6.7240000000000002,0,4.794002972374756e-11
6.7244999999999999,0,4.6338821668712171e-11
6.7249999999999996,0,4.479046022964894e-11
6.7255000000000003,0,4.3293224560869704e-11
6.726,0,4.184548263452825e-11
6.7264999999999997,0,4.0445591320548147e-11
6.7270000000000003,0,3.9091974102234418e-11
6.7275,0,3.7783154382964315e-11
6.7279999999999998,0,3.651765556611508e-11
6.7285000000000004,0,3.5294056566215201e-11
6.7290000000000001,0,3.4110980706714147e-11
6.7294999999999998,0,3.2967106822212598e-11
6.7300000000000004,0,3.1861158156232249e-11
6.7305000000000001,0,3.0791891258985517e-11
6.7309999999999999,0,2.9758107089605802e-11
6.7314999999999996,0,2.8758628811687005e-11
6.7320000000000002,0,2.7792357304434744e-11
6.7324999999999999,0,2.6858182344824399e-11
6.7329999999999997,0,2.5955049220982572e-11
6.7335000000000003,0,2.5081936527726612e-11
6.734,0,2.4237856166564599e-11
6.7344999999999997,0,2.3421875550155846e-11
6.7350000000000003,0,2.2633050988929426e-11
6.7355,0,2.1870516508926131e-11
6.7359999999999998,0,2.1133372829496011e-11
6.7365000000000004,0,2.0420809487831092e-11
6.7370000000000001,0,1.9732004918893154e-11
6.7374999999999998,0,1.9066170864334707e-11
6.7380000000000004,0,1.8422552372499013e-11
6.7385000000000002,0,1.7800438900650307e-11
6.7389999999999999,0,1.7199086599362091e-11
6.7394999999999996,0,1.6617840437049837e-11
6.7400000000000002,0,1.605600097320803e-11
6.7404999999999999,0,1.5512946482942881e-11
6.7409999999999997,0,1.4988066343590845e-11
6.7415000000000003,0,1.4480761034718626e-11
6.742,0,1.3990442138123171e-11
6.7424999999999997,0,1.3516532337831678e-11
6.7430000000000003,0,1.3058498726792322e-11
6.7435,0,1.2615819500183533e-11
6.7439999999999998,0,1.2187983955413984e-11
6.7445000000000004,0,1.1774503594352837e-11
6.7450000000000001,0,1.1374889918869257e-11
6.7454999999999998,0,1.0988698839753396e-11
6.7460000000000004,0,1.0615475165565158e-11
6.7465000000000002,0,1.0254785909324937e-11
6.7469999999999999,0,9.9062313907438686e-12
6.7474999999999996,0,9.5693897250725961e-12
6.7480000000000002,0,9.2438834364827471e-12
6.7484999999999999,0,8.9293350491459481e-12
6.7489999999999997,0,8.6253559850035802e-12
6.7495000000000003,0,8.3316242793785029e-12
6.75,0,8.0477846609028347e-12
6.7504999999999997,0,7.7735151648994367e-12
6.7510000000000003,0,7.508482724460918e-12
6.7515000000000001,0,7.2523986816008804e-12
6.7519999999999998,0,7.0049521738724252e-12
6.7525000000000004,0,6.7658545432891516e-12
6.7530000000000001,0,6.5348393363251487e-12
6.7534999999999998,0,6.3116178949940149e-12
6.7539999999999996,0,6.0959459702303322e-12
6.7545000000000002,0,5.8875571085081903e-12
6.7549999999999999,0,5.6862181629924182e-12
6.7554999999999996,0,5.4916959868478446e-12
6.7560000000000002,0,5.3037685354695439e-12
6.7565,0,5.1221804575618535e-12
6.7569999999999997,0,4.9467541174408326e-12
6.7575000000000003,0,4.7772785727318025e-12
6.758,0,4.613531778829838e-12
6.7584999999999997,0,4.4553361000509993e-12
6.7590000000000003,0,4.3025250029415926e-12
6.7595000000000001,0,4.1548875451269397e-12
6.7599999999999998,0,4.0122682953835923e-12
6.7605000000000004,0,3.8744896180276104e-12
6.7610000000000001,0,3.7413738773750541e-12
6.7614999999999998,0,3.6128100511234606e-12
6.7619999999999996,0,3.4885982991283981e-12
6.7625000000000002,0,3.3686164968571574e-12
6.7629999999999999,0,3.252709213086291e-12
6.7634999999999996,0,3.140743221052844e-12
6.7640000000000002,0,3.0326074984543538e-12
6.7645,0,2.928146614067373e-12
6.7649999999999997,0,2.827260647819685e-12
6.7655000000000003,0,2.7298052707180888e-12
6.766,0,2.6356694604601216e-12
6.7664999999999997,0,2.5447310925130752e-12
6.7670000000000003,0,2.4569013490349788e-12
6.7675000000000001,0,2.3720803099536169e-12
6.7679999999999998,0,2.2901569529665268e-12
6.7685000000000004,0,2.2110202557712453e-12
6.7690000000000001,0,2.1345925027560498e-12
6.7694999999999999,0,2.0607848760789695e-12
6.7699999999999996,0,1.9894863534375418e-12
6.7705000000000002,0,1.9206414236805356e-12
6.7709999999999999,0,1.8541501667357353e-12
6.7714999999999996,0,1.78992376476117e-12
6.7720000000000002,0,1.7279067066056087e-12
6.7725,0,1.6680101744270815e-12
6.7729999999999997,0,1.6101786570743571e-12
6.7735000000000003,0,1.5543233367054654e-12
6.774,0,1.5003775999389291e-12
6.7744999999999997,0,1.4482859356235167e-12
6.7750000000000004,0,1.3979817303777508e-12
6.7755000000000001,0,1.3493983708201539e-12
6.7759999999999998,0,1.3024914480297411e-12
6.7765000000000004,0,1.2571832463947886e-12
6.7770000000000001,0,1.2134404592245574e-12
6.7774999999999999,0,1.1712075753678163e-12
6.7779999999999996,0,1.1304179814430881e-12
6.7785000000000002,0,1.0910383707596339e-12
6.7789999999999999,0,1.0530132321662223e-12
6.7794999999999996,0,1.0162981567418683e-12
6.7800000000000002,0,9.8084873556558713e-13
6.7805,0,9.4662055971639343e-13
6.7809999999999997,0,9.1355811804305635e-13
6.7815000000000003,0,8.8165030831532929e-13
6.782,0,8.508416193819812e-13
6.7824999999999998,0,8.2110984678251949e-13
6.7830000000000004,0,7.92399479365713e-13
6.7835000000000001,0,7.6467721044082286e-13
6.7839999999999998,0,7.3792083554735659e-13
6.7845000000000004,0,7.1207484353408292e-13
6.7850000000000001,0,6.8712813217075567e-13
6.7854999999999999,0,6.6304739476663597e-13
6.7859999999999996,0,6.3978822240073894e-13
6.7865000000000002,0,6.1733951284281829e-13
6.7869999999999999,0,5.9567906163238145e-13
6.7874999999999996,0,5.7476245984844354e-13
6.7880000000000003,0,5.5456750303051198e-13
6.7885,0,5.3507198671809419e-13
6.7889999999999997,0,5.1625370645069779e-13
6.7895000000000003,0,4.9809045776783019e-13
6.79,0,4.8056003620899901e-13
6.7904999999999998,0,4.6362913508346537e-13
6.7910000000000004,0,4.4728665216098309e-13
6.7915000000000001,0,4.3151038298105957e-13
6.7919999999999998,0,4.1628922531344869e-13
6.7925000000000004,0,4.015898724674116e-13
6.7930000000000001,0,3.8740122221270213e-13
6.7934999999999999,0,3.7372327454932017e-13
6.7939999999999996,0,3.6050051832603457e-13
6.7945000000000002,0,3.4774405577309151e-13
6.7949999999999999,0,3.3543168242999857e-13
6.7954999999999997,0,3.235411938362631e-13
6.7960000000000003,0,3.1206148776163902e-13
6.7965,0,3.0099256420612618e-13
6.7969999999999997,0,2.9031221870923219e-13
6.7975000000000003,0,2.7999824681046448e-13
6.798,0,2.7005064850982309e-13
6.7984999999999998,0,2.6044721934681548e-13
6.7990000000000004,0,2.5117685709119543e-13
6.7995000000000001,0,2.4223956174296292e-13
6.7999999999999998,0,2.3361312884162542e-13
6.8005000000000004,0,2.2528645615693677e-13
6.8010000000000002,0,2.1724844145865063e-13
6.8014999999999999,0,2.094879825165208e-13
6.8019999999999996,0,2.0199397710030099e-13
6.8025000000000002,0,1.9475532297974497e-13
6.8029999999999999,0,1.8778312238509899e-13
6.8034999999999997,0,1.8105517085587052e-13
6.8040000000000003,0,1.7456036616181336e-13
6.8045,0,1.6829870830292749e-13
6.8049999999999997,0,1.6224799281872039e-13
6.8055000000000003,0,1.5641932193943832e-13
6.806,0,1.5079049120458877e-13
6.8064999999999998,0,1.4536150061417174e-13
6.8070000000000004,0,1.40121247937941e-13
6.8075000000000001,0,1.3505863094565029e-13
6.8079999999999998,0,1.3018475186754585e-13
6.8085000000000004,0,1.2548850847338144e-13
6.8090000000000002,0,1.2094769630266456e-13
6.8094999999999999,0,1.165623153553952e-13
6.8099999999999996,0,1.1233236563157333e-13
6.8105000000000002,0,1.0824674490095276e-13
6.8109999999999999,0,1.0431655539377971e-13
6.8114999999999997,0,1.0053069487980792e-13
6.8120000000000003,0,9.6878061128791162e-14
6.8125,0,9.3347551910483157e-14
6.8129999999999997,0,8.9939167224883934e-14
6.8135000000000003,0,8.6652907071993468e-14
6.8140000000000001,0,8.3488771451811772e-14
6.8144999999999998,0,8.0424555903846337e-14
6.8150000000000004,0,7.7471362658343418e-14
6.8155000000000001,0,7.4629191715303028e-14
6.8159999999999998,0,7.1886940844478886e-14
6.8164999999999996,0,6.9233507815624764e-14
6.8170000000000002,0,6.6679994858986904e-14
6.8174999999999999,0,6.4215299744319052e-14
6.8179999999999996,0,6.1850524701867473e-14
6.8185000000000002,0,5.9563465271139648e-14
6.819,0,5.7354121452135589e-14
6.8194999999999997,0,5.5222493244855284e-14
6.8200000000000003,0,5.3168580649298744e-14
6.8205,0,5.1181281435219717e-14
6.8209999999999997,0,4.9271697832864449e-14
6.8215000000000003,0,4.743982984223294e-14
6.8220000000000001,0,4.566347300283269e-14
6.8224999999999998,0,4.3953729544909945e-14
6.8230000000000004,0,4.2299497238218464e-14
6.8235000000000001,0,4.0711878313004489e-14
6.8239999999999998,0,3.9179770539021772e-14
6.8244999999999996,0,3.7692071686024065e-14
6.8250000000000002,0,3.6270986214503863e-14
6.8254999999999999,0,3.4894309663968671e-14
6.8259999999999996,0,3.3562042034418483e-14
6.8265000000000002,0,3.2285285556099553e-14
6.827,0,3.1052937998765627e-14
6.8274999999999997,0,2.9864999362416711e-14
6.8280000000000003,0,2.8721469647052798e-14
6.8285,0,2.7611246622427642e-14
6.8289999999999997,0,2.6545432518787492e-14
6.8295000000000003,0,2.5512925105886099e-14
6.8300000000000001,0,2.4524826613969709e-14
6.8304999999999998,0,2.3570034812792075e-14
6.8310000000000004,0,2.2659651932599444e-14
6.8315000000000001,0,2.178257574314557e-14
6.8319999999999999,0,2.0927704014184201e-14
6.8324999999999996,0,2.0117241206207835e-14
6.8330000000000002,0,1.9328982858723975e-14
6.8334999999999999,0,1.8562928971732616e-14
6.8339999999999996,0,1.7830181775480013e-14
6.8345000000000002,0,1.7130741269966167e-14
6.835,0,1.6442402994698568e-14
6.8354999999999997,0,1.5787371410169725e-14
6.8360000000000003,0,1.5165646516379638e-14
6.8365,0,1.4555023852835802e-14
6.8369999999999997,0,1.3966605649784469e-14
6.8375000000000004,0,1.3389289676979387e-14
6.8380000000000001,0,1.2856382625159312e-14
6.8384999999999998,0,1.2334577803585489e-14
6.8390000000000004,0,1.1834977442504168e-14
6.8395000000000001,0,1.13464793116691e-14
6.8399999999999999,0,1.0891287871572785e-14
6.8404999999999996,0,1.0436096431476471e-14
6.8410000000000002,0,1.000310945187266e-14
6.8414999999999999,0,9.5812247025151006e-15
6.8419999999999996,0,9.1815444136500449e-15
6.8425000000000002,0,8.7929663550312401e-15
6.843,0,8.4154905266586863e-15
6.8434999999999997,0,8.0602191587786359e-15
6.8440000000000003,0,7.716050021144838e-15
6.8445,0,7.3940853440035419e-15
6.8449999999999998,0,7.0721206668622475e-15
6.8455000000000004,0,6.7612582199672032e-15
6.8460000000000001,0,6.4614980033184114e-15
6.8464999999999998,0,6.1728400169158705e-15
6.8470000000000004,0,5.9063864910058331e-15
6.8475000000000001,0,5.6510351953420466e-15
6.8479999999999999,0,5.4067861299245127e-15
6.8484999999999996,0,5.1736392947532296e-15
6.8490000000000002,0,4.9404924595819466e-15
6.8494999999999999,0,4.7073456244106636e-15
6.8499999999999996,0,4.496403249731884e-15
6.8505000000000003,0,4.2854608750531044e-15
6.851,0,4.0856207306205758e-15
6.8514999999999997,0,3.8857805861880479e-15
6.8520000000000003,0,3.7081449022480227e-15
6.8525,0,3.5416114485542492e-15
6.8529999999999998,0,3.3750779948604757e-15
6.8535000000000004,0,3.219646771412954e-15
6.8540000000000001,0,3.0642155479654322e-15
6.8544999999999998,0,2.9198865547641618e-15
6.8550000000000004,0,2.7755575615628914e-15
6.8555000000000001,0,2.6312285683616209e-15
6.8559999999999999,0,2.4980018054066022e-15
6.8564999999999996,0,2.3758772726978348e-15
6.8570000000000002,0,2.2537527399890679e-15
6.8574999999999999,0,2.1316282072803005e-15
6.8579999999999997,0,2.0206059048177848e-15
6.8585000000000003,0,1.9095836023552692e-15
6.859,0,1.7985612998927535e-15
6.8594999999999997,0,1.6986412276764896e-15
6.8600000000000003,0,1.609823385706477e-15
6.8605,0,1.5210055437364644e-15
6.8609999999999998,0,1.432187701766452e-15
6.8615000000000004,0,1.3544720900426909e-15
6.8620000000000001,0,1.27675647831893e-15
6.8624999999999998,0,1.2101430968414207e-15
6.8630000000000004,0,1.1435297153639113e-15
6.8635000000000002,0,1.0769163338864018e-15
6.8639999999999999,0,1.0103029524088924e-15
6.8644999999999996,0,9.5479180117763459e-16
6.8650000000000002,0,8.9928064994637676e-16
6.8654999999999999,0,8.4376949871511893e-16
6.8659999999999997,0,7.9936057773011273e-16
6.8665000000000003,0,7.5495165674510643e-16
6.867,0,7.1054273576010023e-16
6.8674999999999997,0,6.6613381477509392e-16
6.8680000000000003,0,6.2172489379008762e-16
6.8685,0,5.7731597280508142e-16
6.8689999999999998,0,5.3290705182007512e-16
6.8695000000000004,0,4.9960036108132044e-16
6.8700000000000001,0,4.6629367034256577e-16
6.8704999999999998,0,4.3298697960381104e-16
6.8710000000000004,0,3.9968028886505636e-16
6.8715000000000002,0,3.6637359812630164e-16
6.8719999999999999,0,3.3306690738754696e-16
6.8724999999999996,0,2.9976021664879229e-16
6.8730000000000002,0,2.6645352591003756e-16
6.8734999999999999,0,2.3314683517128288e-16
6.8739999999999997,0,2.1094237467877973e-16
6.8745000000000003,0,1.9984014443252818e-16
6.875,0,1.8873791418627661e-16
6.8754999999999997,0,1.7763568394002506e-16
6.8760000000000003,0,1.6653345369377348e-16
6.8765000000000001,0,1.5543122344752191e-16
6.8769999999999998,0,1.4432899320127036e-16
6.8775000000000004,0,1.3322676295501878e-16
6.8780000000000001,0,1.2212453270876723e-16
6.8784999999999998,0,1.1102230246251565e-16
6.8789999999999996,0,9.9920072216264091e-17
6.8795000000000002,0,8.8817841970012528e-17
6.8799999999999999,0,7.7715611723760953e-17
6.8804999999999996,0,6.661338147750939e-17
6.8810000000000002,0,5.5511151231257827e-17
6.8815,0,4.4408920985006264e-17
6.8819999999999997,0,3.3306690738754695e-17
6.8825000000000003,0,2.2204460492503132e-17
6.883,0,1.1102230246251566e-17
6.8834999999999997,0,0
6.8840000000000003,0,0
6.8845000000000001,0,0
6.8849999999999998,0,0
6.8855000000000004,0,0
6.8860000000000001,0,0
6.8864999999999998,0,0
6.8869999999999996,0,0
6.8875000000000002,0,0
6.8879999999999999,0,0
6.8884999999999996,0,0
6.8890000000000002,0,0
6.8895,0,0
6.8899999999999997,0,0
6.8905000000000003,0,0
6.891,0,0
6.8914999999999997,0,0
6.8920000000000003,0,0
6.8925000000000001,0,0
6.8929999999999998,0,0
6.8935000000000004,0,0
6.8940000000000001,0,0
6.8944999999999999,0,0
6.8949999999999996,0,0
6.8955000000000002,0,0
6.8959999999999999,0,0
6.8964999999999996,0,0
6.8970000000000002,0,0
6.8975,0,0
6.8979999999999997,0,0
6.8985000000000003,0,0
6.899,0,0
6.8994999999999997,0,0
6.9000000000000004,0,0
6.9005000000000001,0,0
6.9009999999999998,0,0
6.9015000000000004,0,0
6.9020000000000001,0,0
6.9024999999999999,0,0
6.9029999999999996,0,0
6.9035000000000002,0,0
6.9039999999999999,0,0
6.9044999999999996,0,0
6.9050000000000002,0,0
6.9055,0,0
6.9059999999999997,0,0
6.9065000000000003,0,0
6.907,0,0
6.9074999999999998,0,0
6.9080000000000004,0,0
6.9085000000000001,0,0
6.9089999999999998,0,0
6.9095000000000004,0,0
6.9100000000000001,0,0
6.9104999999999999,0,0
6.9109999999999996,0,0
6.9115000000000002,0,0
6.9119999999999999,0,0
6.9124999999999996,0,0
6.9130000000000003,0,0
6.9135,0,0
6.9139999999999997,0,0
6.9145000000000003,0,0
6.915,0,0
6.9154999999999998,0,0
6.9160000000000004,0,0
6.9165000000000001,0,0
6.9169999999999998,0,0
6.9175000000000004,0,0
6.9180000000000001,0,0
6.9184999999999999,0,0
6.9189999999999996,0,0
6.9195000000000002,0,0
6.9199999999999999,0,0
6.9204999999999997,0,0
6.9210000000000003,0,0
6.9215,0,0
6.9219999999999997,0,0
6.9225000000000003,0,0
6.923,0,0
6.9234999999999998,0,0
6.9240000000000004,0,0
6.9245000000000001,0,0
6.9249999999999998,0,0
6.9255000000000004,0,0
6.9260000000000002,0,0
6.9264999999999999,0,0
6.9269999999999996,0,0
6.9275000000000002,0,0
6.9279999999999999,0,0
6.9284999999999997,0,0
6.9290000000000003,0,0
6.9295,0,0
6.9299999999999997,0,0
6.9305000000000003,0,0
6.931,0,0
6.9314999999999998,0,0
6.9320000000000004,0,0
6.9325000000000001,0,0
6.9329999999999998,0,0
6.9335000000000004,0,0
6.9340000000000002,0,0
6.9344999999999999,0,0
6.9349999999999996,0,0
6.9355000000000002,0,0
6.9359999999999999,0,0
6.9364999999999997,0,0
6.9370000000000003,0,0
6.9375,0,0
6.9379999999999997,0,0
6.9385000000000003,0,0
6.9390000000000001,0,0
6.9394999999999998,0,0
6.9400000000000004,0,0
6.9405000000000001,0,0
6.9409999999999998,0,0
6.9414999999999996,0,0
6.9420000000000002,0,0
6.9424999999999999,0,0
6.9429999999999996,0,0
6.9435000000000002,0,0
6.944,0,0
6.9444999999999997,0,0
6.9450000000000003,0,0
6.9455,0,0
6.9459999999999997,0,0
6.9465000000000003,0,0
6.9470000000000001,0,0
6.9474999999999998,0,0
6.9480000000000004,0,0
6.9485000000000001,0,0
6.9489999999999998,0,0
6.9494999999999996,0,0
6.9500000000000002,0,0
6.9504999999999999,0,0
6.9509999999999996,0,0
6.9515000000000002,0,0
6.952,0,0
6.9524999999999997,0,0
6.9530000000000003,0,0
6.9535,0,0
6.9539999999999997,0,0
6.9545000000000003,0,0
6.9550000000000001,0,0
6.9554999999999998,0,0
6.9560000000000004,0,0
6.9565000000000001,0,0
6.9569999999999999,0,0
6.9574999999999996,0,0
6.9580000000000002,0,0
6.9584999999999999,0,0
6.9589999999999996,0,0
6.9595000000000002,0,0
6.96,0,0
6.9604999999999997,0,0
6.9610000000000003,0,0
6.9615,0,0
6.9619999999999997,0,0
6.9625000000000004,0,0
6.9630000000000001,0,0
6.9634999999999998,0,0
6.9640000000000004,0,0
6.9645000000000001,0,0
6.9649999999999999,0,0
6.9654999999999996,0,0
6.9660000000000002,0,0
6.9664999999999999,0,0
6.9669999999999996,0,0
6.9675000000000002,0,0
6.968,0,0
6.9684999999999997,0,0
6.9690000000000003,0,0
6.9695,0,0
6.9699999999999998,0,0
6.9705000000000004,0,0
6.9710000000000001,0,0
6.9714999999999998,0,0
6.9720000000000004,0,0
6.9725000000000001,0,0
6.9729999999999999,0,0
6.9734999999999996,0,0
6.9740000000000002,0,0
6.9744999999999999,0,0
6.9749999999999996,0,0
6.9755000000000003,0,0
6.976,0,0
6.9764999999999997,0,0
6.9770000000000003,0,0
6.9775,0,0
6.9779999999999998,0,0
6.9785000000000004,0,0
6.9790000000000001,0,0
6.9794999999999998,0,0
6.9800000000000004,0,0
6.9805000000000001,0,0
6.9809999999999999,0,0
6.9814999999999996,0,0
6.9820000000000002,0,0
6.9824999999999999,0,0
6.9829999999999997,0,0
6.9835000000000003,0,0
6.984,0,0
6.9844999999999997,0,0
6.9850000000000003,0,0
6.9855,0,0
6.9859999999999998,0,0
6.9865000000000004,0,0
6.9870000000000001,0,0
6.9874999999999998,0,0
6.9880000000000004,0,0
6.9885000000000002,0,0
6.9889999999999999,0,0
6.9894999999999996,0,0
6.9900000000000002,0,0
6.9904999999999999,0,0
6.9909999999999997,0,0
6.9915000000000003,0,0
6.992,0,0
6.9924999999999997,0,0
6.9930000000000003,0,0
6.9935,0,0
6.9939999999999998,0,0
6.9945000000000004,0,0
6.9950000000000001,0,0
6.9954999999999998,0,0
6.9960000000000004,0,0
6.9965000000000002,0,0
6.9969999999999999,0,0
6.9974999999999996,0,0
6.9980000000000002,0,0
6.9984999999999999,0,0
6.9989999999999997,0,0
6.9995000000000003,0,0
7,0,0
7.0004999999999997,0,0
7.0010000000000003,0,0
7.0015000000000001,0,0
7.0019999999999998,0,0
7.0025000000000004,0,0
7.0030000000000001,0,0
7.0034999999999998,0,0
7.0039999999999996,0,0
7.0045000000000002,0,0
7.0049999999999999,0,0
7.0054999999999996,0,0
7.0060000000000002,0,0
7.0065,0,0
7.0069999999999997,0,0
7.0075000000000003,0,0
7.008,0,0
7.0084999999999997,0,0
7.0090000000000003,0,0
7.0095000000000001,0,0
7.0099999999999998,0,0
7.0105000000000004,0,0
7.0110000000000001,0,0
7.0114999999999998,0,0
7.0119999999999996,0,0
7.0125000000000002,0,0
7.0129999999999999,0,0
7.0134999999999996,0,0
7.0140000000000002,0,0
7.0145,0,0
7.0149999999999997,0,0
7.0155000000000003,0,0
7.016,0,0
7.0164999999999997,0,0
7.0170000000000003,0,0
7.0175000000000001,0,0
7.0179999999999998,0,0
7.0185000000000004,0,0
7.0190000000000001,0,0
7.0194999999999999,0,0
7.0199999999999996,0,0
7.0205000000000002,0,0
7.0209999999999999,0,0
7.0214999999999996,0,0
7.0220000000000002,0,0
7.0225,0,0
7.0229999999999997,0,0
7.0235000000000003,0,0
7.024,0,0
7.0244999999999997,0,0
7.0250000000000004,0,0
7.0255000000000001,0,0
7.0259999999999998,0,0
7.0265000000000004,0,0
7.0270000000000001,0,0
7.0274999999999999,0,0
7.0279999999999996,0,0
7.0285000000000002,0,0
7.0289999999999999,0,0
7.0294999999999996,0,0
7.0300000000000002,0,0
7.0305,0,0
7.0309999999999997,0,0
7.0315000000000003,0,0
7.032,0,0
7.0324999999999998,0,0
7.0330000000000004,0,0
7.0335000000000001,0,0
7.0339999999999998,0,0
7.0345000000000004,0,0
7.0350000000000001,0,0
7.0354999999999999,0,0
7.0359999999999996,0,0
7.0365000000000002,0,0
7.0369999999999999,0,0
7.0374999999999996,0,0
7.0380000000000003,0,0
7.0385,0,0
7.0389999999999997,0,0
7.0395000000000003,0,0
7.04,0,0
7.0404999999999998,0,0
7.0410000000000004,0,0
7.0415000000000001,0,0
7.0419999999999998,0,0
7.0425000000000004,0,0
7.0430000000000001,0,0
7.0434999999999999,0,0
7.0439999999999996,0,0
7.0445000000000002,0,0
7.0449999999999999,0,0
7.0454999999999997,0,0
7.0460000000000003,0,0
7.0465,0,0
7.0469999999999997,0,0
7.0475000000000003,0,0
7.048,0,0
7.0484999999999998,0,0
7.0490000000000004,0,0
7.0495000000000001,0,0
7.0499999999999998,0,0
7.0505000000000004,0,0
7.0510000000000002,0,0
7.0514999999999999,0,0
7.0519999999999996,0,0
7.0525000000000002,0,0
7.0529999999999999,0,0
7.0534999999999997,0,0
7.0540000000000003,0,0
7.0545,0,0
7.0549999999999997,0,0
7.0555000000000003,0,0
7.056,0,0
7.0564999999999998,0,0
7.0570000000000004,0,0
7.0575000000000001,0,0
7.0579999999999998,0,0
7.0585000000000004,0,0
7.0590000000000002,0,0
7.0594999999999999,0,0
7.0599999999999996,0,0
7.0605000000000002,0,0
7.0609999999999999,0,0
7.0614999999999997,0,0
7.0620000000000003,0,0
7.0625,0,0
7.0629999999999997,0,0
7.0635000000000003,0,0
7.0640000000000001,0,0
7.0644999999999998,0,0
7.0650000000000004,0,0
7.0655000000000001,0,0
7.0659999999999998,0,0
7.0664999999999996,0,0
7.0670000000000002,0,0
7.0674999999999999,0,0
7.0679999999999996,0,0
7.0685000000000002,0,0
7.069,0,0
7.0694999999999997,0,0
7.0700000000000003,0,0
7.0705,0,0
7.0709999999999997,0,0
7.0715000000000003,0,0
7.0720000000000001,0,0
7.0724999999999998,0,0
7.0730000000000004,0,0
7.0735000000000001,0,0
7.0739999999999998,0,0
7.0744999999999996,0,0
7.0750000000000002,0,0
7.0754999999999999,0,0
7.0759999999999996,0,0
7.0765000000000002,0,0
7.077,0,0
7.0774999999999997,0,0
7.0780000000000003,0,0
7.0785,0,0
7.0789999999999997,0,0
7.0795000000000003,0,0
7.0800000000000001,0,0
7.0804999999999998,0,0
7.0810000000000004,0,0
7.0815000000000001,0,0
7.0819999999999999,0,0
7.0824999999999996,0,0
7.0830000000000002,0,0
7.0834999999999999,0,0
7.0839999999999996,0,0
7.0845000000000002,0,0
7.085,0,0
7.0854999999999997,0,0
7.0860000000000003,0,0
7.0865,0,0
7.0869999999999997,0,0
7.0875000000000004,0,0
7.0880000000000001,0,0
7.0884999999999998,0,0
7.0890000000000004,0,0
7.0895000000000001,0,0
7.0899999999999999,0,0
7.0904999999999996,0,0
7.0910000000000002,0,0
7.0914999999999999,0,0
7.0919999999999996,0,0
7.0925000000000002,0,0
7.093,0,0
7.0934999999999997,0,0
7.0940000000000003,0,0
7.0945,0,0
7.0949999999999998,0,0
7.0955000000000004,0,0
7.0960000000000001,0,0
7.0964999999999998,0,0
7.0970000000000004,0,0
7.0975000000000001,0,0
7.0979999999999999,0,0
7.0984999999999996,0,0
7.0990000000000002,0,0
7.0994999999999999,0,0
7.0999999999999996,0,0
7.1005000000000003,0,0
7.101,0,0
7.1014999999999997,0,0
7.1020000000000003,0,0
7.1025,0,0
7.1029999999999998,0,0
7.1035000000000004,0,0
7.1040000000000001,0,0
7.1044999999999998,0,0
7.1050000000000004,0,0
7.1055000000000001,0,0
7.1059999999999999,0,0
7.1064999999999996,0,0
7.1070000000000002,0,0
7.1074999999999999,0,0
7.1079999999999997,0,0
7.1085000000000003,0,0
7.109,0,0
7.1094999999999997,0,0
7.1100000000000003,0,0
7.1105,0,0
7.1109999999999998,0,0
7.1115000000000004,0,0
7.1120000000000001,0,0
7.1124999999999998,0,0
7.1130000000000004,0,0
7.1135000000000002,0,0
7.1139999999999999,0,0
7.1144999999999996,0,0
7.1150000000000002,0,0
7.1154999999999999,0,0
7.1159999999999997,0,0
7.1165000000000003,0,0
7.117,0,0
7.1174999999999997,0,0
7.1180000000000003,0,0
7.1185,0,0
7.1189999999999998,0,0
7.1195000000000004,0,0
7.1200000000000001,0,0
7.1204999999999998,0,0
7.1210000000000004,0,0
7.1215000000000002,0,0
7.1219999999999999,0,0
7.1224999999999996,0,0
7.1230000000000002,0,0
7.1234999999999999,0,0
7.1239999999999997,0,0
7.1245000000000003,0,0
7.125,0,0
7.1254999999999997,0,0
7.1260000000000003,0,0
7.1265000000000001,0,0
7.1269999999999998,0,0
7.1275000000000004,0,0
7.1280000000000001,0,0
7.1284999999999998,0,0
7.1289999999999996,0,0
7.1295000000000002,0,0
7.1299999999999999,0,0
7.1304999999999996,0,0
7.1310000000000002,0,0
7.1315,0,0
7.1319999999999997,0,0
7.1325000000000003,0,0
7.133,0,0
7.1334999999999997,0,0
7.1340000000000003,0,0
7.1345000000000001,0,0
7.1349999999999998,0,0
7.1355000000000004,0,0
7.1360000000000001,0,0
7.1364999999999998,0,0
7.1369999999999996,0,0
7.1375000000000002,0,0
7.1379999999999999,0,0
7.1384999999999996,0,0
7.1390000000000002,0,0
7.1395,0,0
7.1399999999999997,0,0
7.1405000000000003,0,0
7.141,0,0
7.1414999999999997,0,0
7.1420000000000003,0,0
7.1425000000000001,0,0
7.1429999999999998,0,0
7.1435000000000004,0,0
7.1440000000000001,0,0
7.1444999999999999,0,0
7.1449999999999996,0,0
7.1455000000000002,0,0
7.1459999999999999,0,0
7.1464999999999996,0,0
7.1470000000000002,0,0
7.1475,0,0
7.1479999999999997,0,0
7.1485000000000003,0,0
7.149,0,0
7.1494999999999997,0,0
7.1500000000000004,0,0
7.1505000000000001,0,0
7.1509999999999998,0,0
7.1515000000000004,0,0
7.1520000000000001,0,0
7.1524999999999999,0,0
7.1529999999999996,0,0
7.1535000000000002,0,0
7.1539999999999999,0,0
7.1544999999999996,0,0
7.1550000000000002,0,0
7.1555,0,0
7.1559999999999997,0,0
7.1565000000000003,0,0
7.157,0,0
7.1574999999999998,0,0
7.1580000000000004,0,0
7.1585000000000001,0,0
7.1589999999999998,0,0
7.1595000000000004,0,0
7.1600000000000001,0,0
7.1604999999999999,0,0
7.1609999999999996,0,0
7.1615000000000002,0,0
7.1619999999999999,0,0
7.1624999999999996,0,0
7.1630000000000003,0,0
7.1635,0,0
7.1639999999999997,0,0
7.1645000000000003,0,0
7.165,0,0
7.1654999999999998,0,0
7.1660000000000004,0,0
7.1665000000000001,0,0
7.1669999999999998,0,0
7.1675000000000004,0,0
7.1680000000000001,0,0
7.1684999999999999,0,0
7.1689999999999996,0,0
7.1695000000000002,0,0
7.1699999999999999,0,0
7.1704999999999997,0,0
7.1710000000000003,0,0
7.1715,0,0
7.1719999999999997,0,0
7.1725000000000003,0,0
7.173,0,0
7.1734999999999998,0,0
7.1740000000000004,0,0
7.1745000000000001,0,0
7.1749999999999998,0,0
7.1755000000000004,0,0
7.1760000000000002,0,0
7.1764999999999999,0,0
7.1769999999999996,0,0
7.1775000000000002,0,0
7.1779999999999999,0,0
7.1784999999999997,0,0
7.1790000000000003,0,0
7.1795,0,0
7.1799999999999997,0,0
7.1805000000000003,0,0
7.181,0,0
7.1814999999999998,0,0
7.1820000000000004,0,0
7.1825000000000001,0,0
7.1829999999999998,0,0
7.1835000000000004,0,0
7.1840000000000002,0,0
7.1844999999999999,0,0
7.1849999999999996,0,0
7.1855000000000002,0,0
7.1859999999999999,0,0
7.1864999999999997,0,0
7.1870000000000003,0,0
7.1875,0,0
7.1879999999999997,0,0
7.1885000000000003,0,0
7.1890000000000001,0,0
7.1894999999999998,0,0
7.1900000000000004,0,0
7.1905000000000001,0,0
7.1909999999999998,0,0
7.1914999999999996,0,0
7.1920000000000002,0,0
7.1924999999999999,0,0
7.1929999999999996,0,0
7.1935000000000002,0,0
7.194,0,0
7.1944999999999997,0,0
7.1950000000000003,0,0
7.1955,0,0
7.1959999999999997,0,0
7.1965000000000003,0,0
7.1970000000000001,0,0
7.1974999999999998,0,0
7.1980000000000004,0,0
7.1985000000000001,0,0
7.1989999999999998,0,0
7.1994999999999996,0,0
7.2000000000000002,0,0
7.2004999999999999,0,0
7.2009999999999996,0,0
7.2015000000000002,0,0
7.202,0,0
7.2024999999999997,0,0
7.2030000000000003,0,0
7.2035,0,0
7.2039999999999997,0,0
7.2045000000000003,0,0
7.2050000000000001,0,0
7.2054999999999998,0,0
7.2060000000000004,0,0
7.2065000000000001,0,0
7.2069999999999999,0,0
7.2074999999999996,0,0
7.2080000000000002,0,0
7.2084999999999999,0,0
7.2089999999999996,0,0
7.2095000000000002,0,0
7.21,0,0
7.2104999999999997,0,0
7.2110000000000003,0,0
7.2115,0,0
7.2119999999999997,0,0
7.2125000000000004,0,0
7.2130000000000001,0,0
7.2134999999999998,0,0
7.2140000000000004,0,0
7.2145000000000001,0,0
7.2149999999999999,0,0
7.2154999999999996,0,0
7.2160000000000002,0,0
7.2164999999999999,0,0
7.2169999999999996,0,0
7.2175000000000002,0,0
7.218,0,0
7.2184999999999997,0,0
7.2190000000000003,0,0
7.2195,0,0
7.2199999999999998,0,0
7.2205000000000004,0,0
7.2210000000000001,0,0
7.2214999999999998,0,0
7.2220000000000004,0,0
7.2225000000000001,0,0
7.2229999999999999,0,0
7.2234999999999996,0,0
7.2240000000000002,0,0
7.2244999999999999,0,0
7.2249999999999996,0,0
7.2255000000000003,0,0
7.226,0,0
7.2264999999999997,0,0
7.2270000000000003,0,0
7.2275,0,0
7.2279999999999998,0,0
7.2285000000000004,0,0
7.2290000000000001,0,0
7.2294999999999998,0,0
7.2300000000000004,0,0
7.2305000000000001,0,0
7.2309999999999999,0,0
7.2314999999999996,0,0
7.2320000000000002,0,0
7.2324999999999999,0,0
7.2329999999999997,0,0
7.2335000000000003,0,0
7.234,0,0
7.2344999999999997,0,0
7.2350000000000003,0,0
7.2355,0,0
7.2359999999999998,0,0
7.2365000000000004,0,0
7.2370000000000001,0,0
7.2374999999999998,0,0
7.2380000000000004,0,0
7.2385000000000002,0,0
7.2389999999999999,0,0
7.2394999999999996,0,0
7.2400000000000002,0,0
7.2404999999999999,0,0
7.2409999999999997,0,0
7.2415000000000003,0,0
7.242,0,0
7.2424999999999997,0,0
7.2430000000000003,0,0
7.2435,0,0
7.2439999999999998,0,0
7.2445000000000004,0,0
7.2450000000000001,0,0
7.2454999999999998,0,0
7.2460000000000004,0,0
7.2465000000000002,0,0
7.2469999999999999,0,0
7.2474999999999996,0,0
7.2480000000000002,0,0
7.2484999999999999,0,0
7.2489999999999997,0,0
7.2495000000000003,0,0
7.25,0,0
7.2504999999999997,0,0
7.2510000000000003,0,0
7.2515000000000001,0,0
7.2519999999999998,0,0
7.2525000000000004,0,0
7.2530000000000001,0,0
7.2534999999999998,0,0
7.2539999999999996,0,0
7.2545000000000002,0,0
7.2549999999999999,0,0
7.2554999999999996,0,0
7.2560000000000002,0,0
7.2565,0,0
7.2569999999999997,0,0
7.2575000000000003,0,0
7.258,0,0
7.2584999999999997,0,0
7.2590000000000003,0,0
7.2595000000000001,0,0
7.2599999999999998,0,0
7.2605000000000004,0,0
7.2610000000000001,0,0
7.2614999999999998,0,0
7.2619999999999996,0,0
7.2625000000000002,0,0
7.2629999999999999,0,0
7.2634999999999996,0,0
7.2640000000000002,0,0
7.2645,0,0
7.2649999999999997,0,0
7.2655000000000003,0,0
7.266,0,0
7.2664999999999997,0,0
7.2670000000000003,0,0
7.2675000000000001,0,0
7.2679999999999998,0,0
7.2685000000000004,0,0
7.2690000000000001,0,0
7.2694999999999999,0,0
7.2699999999999996,0,0
7.2705000000000002,0,0
7.2709999999999999,0,0
7.2714999999999996,0,0
7.2720000000000002,0,0
7.2725,0,0
7.2729999999999997,0,0
7.2735000000000003,0,0
7.274,0,0
7.2744999999999997,0,0
7.2750000000000004,0,0
7.2755000000000001,0,0
7.2759999999999998,0,0
7.2765000000000004,0,0
7.2770000000000001,0,0
7.2774999999999999,0,0
7.2779999999999996,0,0
7.2785000000000002,0,0
7.2789999999999999,0,0
7.2794999999999996,0,0
7.2800000000000002,0,0
7.2805,0,0
7.2809999999999997,0,0
7.2815000000000003,0,0
7.282,0,0
7.2824999999999998,0,0
7.2830000000000004,0,0
7.2835000000000001,0,0
7.2839999999999998,0,0
7.2845000000000004,0,0
7.2850000000000001,0,0
7.2854999999999999,0,0
7.2859999999999996,0,0
7.2865000000000002,0,0
7.2869999999999999,0,0
7.2874999999999996,0,0
7.2880000000000003,0,0
7.2885,0,0
7.2889999999999997,0,0
7.2895000000000003,0,0
7.29,0,0
7.2904999999999998,0,0
7.2910000000000004,0,0
7.2915000000000001,0,0
7.2919999999999998,0,0
7.2925000000000004,0,0
7.2930000000000001,0,0
7.2934999999999999,0,0
7.2939999999999996,0,0
7.2945000000000002,0,0
7.2949999999999999,0,0
7.2954999999999997,0,0
7.2960000000000003,0,0
7.2965,0,0
7.2969999999999997,0,0
7.2975000000000003,0,0
7.298,0,0
7.2984999999999998,0,0
7.2990000000000004,0,0
7.2995000000000001,0,0
7.2999999999999998,0,0
7.3005000000000004,0,0
7.3010000000000002,0,0
7.3014999999999999,0,0
7.3019999999999996,0,0
7.3025000000000002,0,0
7.3029999999999999,0,0
7.3034999999999997,0,0
7.3040000000000003,0,0
7.3045,0,0
7.3049999999999997,0,0
7.3055000000000003,0,0
7.306,0,0
7.3064999999999998,0,0
7.3070000000000004,0,0
7.3075000000000001,0,0
7.3079999999999998,0,0
7.3085000000000004,0,0
7.3090000000000002,0,0
7.3094999999999999,0,0
7.3099999999999996,0,0
7.3105000000000002,0,0
7.3109999999999999,0,0
7.3114999999999997,0,0
7.3120000000000003,0,0
7.3125,0,0
7.3129999999999997,0,0
7.3135000000000003,0,0
7.3140000000000001,0,0
7.3144999999999998,0,0
7.3150000000000004,0,0
7.3155000000000001,0,0
7.3159999999999998,0,0
7.3164999999999996,0,0
7.3170000000000002,0,0
7.3174999999999999,0,0
7.3179999999999996,0,0
7.3185000000000002,0,0
7.319,0,0
7.3194999999999997,0,0
7.3200000000000003,0,0
7.3205,0,0
7.3209999999999997,0,0
7.3215000000000003,0,0
7.3220000000000001,0,0
7.3224999999999998,0,0
7.3230000000000004,0,0
7.3235000000000001,0,0
7.3239999999999998,0,0
7.3244999999999996,0,0
7.3250000000000002,0,0
7.3254999999999999,0,0
7.3259999999999996,0,0
7.3265000000000002,0,0
7.327,0,0
7.3274999999999997,0,0
7.3280000000000003,0,0
7.3285,0,0
7.3289999999999997,0,0
7.3295000000000003,0,0
7.3300000000000001,0,0
7.3304999999999998,0,0
7.3310000000000004,0,0
7.3315000000000001,0,0
7.3319999999999999,0,0
7.3324999999999996,0,0
7.3330000000000002,0,0
7.3334999999999999,0,0
7.3339999999999996,0,0
7.3345000000000002,0,0
7.335,0,0
7.3354999999999997,0,0
7.3360000000000003,0,0
7.3365,0,0
7.3369999999999997,0,0
7.3375000000000004,0,0
7.3380000000000001,0,0
7.3384999999999998,0,0
7.3390000000000004,0,0
7.3395000000000001,0,0
7.3399999999999999,0,0
7.3404999999999996,0,0
7.3410000000000002,0,0
7.3414999999999999,0,0
7.3419999999999996,0,0
7.3425000000000002,0,0
7.343,0,0
7.3434999999999997,0,0
7.3440000000000003,0,0
7.3445,0,0
7.3449999999999998,0,0
7.3455000000000004,0,0
7.3460000000000001,0,0
7.3464999999999998,0,0
7.3470000000000004,0,0
7.3475000000000001,0,0
7.3479999999999999,0,0
7.3484999999999996,0,0
7.3490000000000002,0,0
7.3494999999999999,0,0
7.3499999999999996,0,0
7.3505000000000003,0,0
7.351,0,0
7.3514999999999997,0,0
7.3520000000000003,0,0
7.3525,0,0
7.3529999999999998,0,0
7.3535000000000004,0,0
7.3540000000000001,0,0
7.3544999999999998,0,0
7.3550000000000004,0,0
7.3555000000000001,0,0
7.3559999999999999,0,0
7.3564999999999996,0,0
7.3570000000000002,0,0
7.3574999999999999,0,0
7.3579999999999997,0,0
7.3585000000000003,0,0
7.359,0,0
7.3594999999999997,0,0
7.3600000000000003,0,0
7.3605,0,0
7.3609999999999998,0,0
7.3615000000000004,0,0
7.3620000000000001,0,0
7.3624999999999998,0,0
7.3630000000000004,0,0
7.3635000000000002,0,0
7.3639999999999999,0,0
7.3644999999999996,0,0
7.3650000000000002,0,0
7.3654999999999999,0,0
7.3659999999999997,0,0
7.3665000000000003,0,0
7.367,0,0
7.3674999999999997,0,0
7.3680000000000003,0,0
7.3685,0,0
7.3689999999999998,0,0
7.3695000000000004,0,0
7.3700000000000001,0,0
7.3704999999999998,0,0
7.3710000000000004,0,0
7.3715000000000002,0,0
7.3719999999999999,0,0
7.3724999999999996,0,0
7.3730000000000002,0,0
7.3734999999999999,0,0
7.3739999999999997,0,0
7.3745000000000003,0,0
7.375,0,0
7.3754999999999997,0,0
7.3760000000000003,0,0
7.3765000000000001,0,0
7.3769999999999998,0,0
7.3775000000000004,0,0
7.3780000000000001,0,0
7.3784999999999998,0,0
7.3789999999999996,0,0
7.3795000000000002,0,0
7.3799999999999999,0,0
7.3804999999999996,0,0
7.3810000000000002,0,0
7.3815,0,0
7.3819999999999997,0,0
7.3825000000000003,0,0
7.383,0,0
7.3834999999999997,0,0
7.3840000000000003,0,0
7.3845000000000001,0,0
7.3849999999999998,0,0
7.3855000000000004,0,0
7.3860000000000001,0,0
7.3864999999999998,0,0
7.3869999999999996,0,0
7.3875000000000002,0,0
7.3879999999999999,0,0
7.3884999999999996,0,0
7.3890000000000002,0,0
7.3895,0,0
7.3899999999999997,0,0
7.3905000000000003,0,0
7.391,0,0
7.3914999999999997,0,0
7.3920000000000003,0,0
7.3925000000000001,0,0
7.3929999999999998,0,0
7.3935000000000004,0,0
7.3940000000000001,0,0
7.3944999999999999,0,0
7.3949999999999996,0,0
7.3955000000000002,0,0
7.3959999999999999,0,0
7.3964999999999996,0,0
7.3970000000000002,0,0
7.3975,0,0
7.3979999999999997,0,0
7.3985000000000003,0,0
7.399,0,0
7.3994999999999997,0,0
7.4000000000000004,0,0
7.4005000000000001,0,0
7.4009999999999998,0,0
7.4015000000000004,0,0
7.4020000000000001,0,0
7.4024999999999999,0,0
7.4029999999999996,0,0
7.4035000000000002,0,0
7.4039999999999999,0,0
7.4044999999999996,0,0
7.4050000000000002,0,0
7.4055,0,0
7.4059999999999997,0,0
7.4065000000000003,0,0
7.407,0,0
7.4074999999999998,0,0
7.4080000000000004,0,0
7.4085000000000001,0,0
7.4089999999999998,0,0
7.4095000000000004,0,0
7.4100000000000001,0,0
7.4104999999999999,0,0
7.4109999999999996,0,0
7.4115000000000002,0,0
7.4119999999999999,0,0
7.4124999999999996,0,0
7.4130000000000003,0,0
7.4135,0,0
7.4139999999999997,0,0
7.4145000000000003,0,0
7.415,0,0
7.4154999999999998,0,0
7.4160000000000004,0,0
7.4165000000000001,0,0
7.4169999999999998,0,0
7.4175000000000004,0,0
7.4180000000000001,0,0
7.4184999999999999,0,0
7.4189999999999996,0,0
7.4195000000000002,0,0
7.4199999999999999,0,0
7.4204999999999997,0,0
7.4210000000000003,0,0
7.4215,0,0
7.4219999999999997,0,0
7.4225000000000003,0,0
7.423,0,0
7.4234999999999998,0,0
7.4240000000000004,0,0
7.4245000000000001,0,0
7.4249999999999998,0,0
7.4255000000000004,0,0
7.4260000000000002,0,0
7.4264999999999999,0,0
7.4269999999999996,0,0
7.4275000000000002,0,0
7.4279999999999999,0,0
7.4284999999999997,0,0
7.4290000000000003,0,0
7.4295,0,0
7.4299999999999997,0,0
7.4305000000000003,0,0
7.431,0,0
7.4314999999999998,0,0
7.4320000000000004,0,0
7.4325000000000001,0,0
7.4329999999999998,0,0
7.4335000000000004,0,0
7.4340000000000002,0,0
7.4344999999999999,0,0
7.4349999999999996,0,0
7.4355000000000002,0,0
7.4359999999999999,0,0
7.4364999999999997,0,0
7.4370000000000003,0,0
7.4375,0,0
7.4379999999999997,0,0
7.4385000000000003,0,0
7.4390000000000001,0,0
7.4394999999999998,0,0
7.4400000000000004,0,0
7.4405000000000001,0,0
7.4409999999999998,0,0
7.4414999999999996,0,0
7.4420000000000002,0,0
7.4424999999999999,0,0
7.4429999999999996,0,0
7.4435000000000002,0,0
7.444,0,0
7.4444999999999997,0,0
7.4450000000000003,0,0
7.4455,0,0
7.4459999999999997,0,0
7.4465000000000003,0,0
7.4470000000000001,0,0
7.4474999999999998,0,0
7.4480000000000004,0,0
7.4485000000000001,0,0
7.4489999999999998,0,0
7.4494999999999996,0,0
7.4500000000000002,0,0
7.4504999999999999,0,0
7.4509999999999996,0,0
7.4515000000000002,0,0
7.452,0,0
7.4524999999999997,0,0
7.4530000000000003,0,0
7.4535,0,0
7.4539999999999997,0,0
7.4545000000000003,0,0
7.4550000000000001,0,0
7.4554999999999998,0,0
7.4560000000000004,0,0
7.4565000000000001,0,0
7.4569999999999999,0,0
7.4574999999999996,0,0
7.4580000000000002,0,0
7.4584999999999999,0,0
7.4589999999999996,0,0
7.4595000000000002,0,0
7.46,0,0
7.4604999999999997,0,0
7.4610000000000003,0,0
7.4615,0,0
7.4619999999999997,0,0
7.4625000000000004,0,0
7.4630000000000001,0,0
7.4634999999999998,0,0
7.4640000000000004,0,0
7.4645000000000001,0,0
7.4649999999999999,0,0
7.4654999999999996,0,0
7.4660000000000002,0,0
7.4664999999999999,0,0
7.4669999999999996,0,0
7.4675000000000002,0,0
7.468,0,0
7.4684999999999997,0,0
7.4690000000000003,0,0
7.4695,0,0
7.4699999999999998,0,0
7.4705000000000004,0,0
7.4710000000000001,0,0
7.4714999999999998,0,0
7.4720000000000004,0,0
7.4725000000000001,0,0
7.4729999999999999,0,0
7.4734999999999996,0,0
7.4740000000000002,0,0
7.4744999999999999,0,0
7.4749999999999996,0,0
7.4755000000000003,0,0
7.476,0,0
7.4764999999999997,0,0
7.4770000000000003,0,0
7.4775,0,0
7.4779999999999998,0,0
7.4785000000000004,0,0
7.4790000000000001,0,0
7.4794999999999998,0,0
7.4800000000000004,0,0
7.4805000000000001,0,0
7.4809999999999999,0,0
7.4814999999999996,0,0
7.4820000000000002,0,0
7.4824999999999999,0,0
7.4829999999999997,0,0
7.4835000000000003,0,0
7.484,0,0
7.4844999999999997,0,0
7.4850000000000003,0,0
7.4855,0,0
7.4859999999999998,0,0
7.4865000000000004,0,0
7.4870000000000001,0,0
7.4874999999999998,0,0
7.4880000000000004,0,0
7.4885000000000002,0,0
7.4889999999999999,0,0
7.4894999999999996,0,0
7.4900000000000002,0,0
7.4904999999999999,0,0
7.4909999999999997,0,0
7.4915000000000003,0,0
7.492,0,0
7.4924999999999997,0,0
7.4930000000000003,0,0
7.4935,0,0
7.4939999999999998,0,0
7.4945000000000004,0,0
7.4950000000000001,0,0
7.4954999999999998,0,0
7.4960000000000004,0,0
7.4965000000000002,0,0
7.4969999999999999,0,0
7.4974999999999996,0,0
7.4980000000000002,0,0
7.4984999999999999,0,0
7.4989999999999997,0,0
7.4995000000000003,0,0
7.5,0,0
7.5004999999999997,0,0
7.5010000000000003,0,0
7.5015000000000001,0,0
7.5019999999999998,0,0
7.5025000000000004,0,0
7.5030000000000001,0,0
7.5034999999999998,0,0
7.5039999999999996,0,0
7.5045000000000002,0,0
7.5049999999999999,0,0
7.5054999999999996,0,0
7.5060000000000002,0,0
7.5065,0,0
7.5069999999999997,0,0
7.5075000000000003,0,0
7.508,0,0
7.5084999999999997,0,0
7.5090000000000003,0,0
7.5095000000000001,0,0
7.5099999999999998,0,0
7.5105000000000004,0,0
7.5110000000000001,0,0
7.5114999999999998,0,0
7.5119999999999996,0,0
7.5125000000000002,0,0
7.5129999999999999,0,0
7.5134999999999996,0,0
7.5140000000000002,0,0
7.5145,0,0
7.5149999999999997,0,0
7.5155000000000003,0,0
7.516,0,0
7.5164999999999997,0,0
7.5170000000000003,0,0
7.5175000000000001,0,0
7.5179999999999998,0,0
7.5185000000000004,0,0
7.5190000000000001,0,0
7.5194999999999999,0,0
7.5199999999999996,0,0
7.5205000000000002,0,0
7.5209999999999999,0,0
7.5214999999999996,0,0
7.5220000000000002,0,0
7.5225,0,0
7.5229999999999997,0,0
7.5235000000000003,0,0
7.524,0,0
7.5244999999999997,0,0
7.5250000000000004,0,0
7.5255000000000001,0,0
7.5259999999999998,0,0
7.5265000000000004,0,0
7.5270000000000001,0,0
7.5274999999999999,0,0
7.5279999999999996,0,0
7.5285000000000002,0,0
7.5289999999999999,0,0
7.5294999999999996,0,0
7.5300000000000002,0,0
7.5305,0,0
7.5309999999999997,0,0
7.5315000000000003,0,0
7.532,0,0
7.5324999999999998,0,0
7.5330000000000004,0,0
7.5335000000000001,0,0
7.5339999999999998,0,0
7.5345000000000004,0,0
7.5350000000000001,0,0
7.5354999999999999,0,0
7.5359999999999996,0,0
7.5365000000000002,0,0
7.5369999999999999,0,0
7.5374999999999996,0,0
7.5380000000000003,0,0
7.5385,0,0
7.5389999999999997,0,0
7.5395000000000003,0,0
7.54,0,0
7.5404999999999998,0,0
7.5410000000000004,0,0
7.5415000000000001,0,0
7.5419999999999998,0,0
7.5425000000000004,0,0
7.5430000000000001,0,0
7.5434999999999999,0,0
7.5439999999999996,0,0
7.5445000000000002,0,0
7.5449999999999999,0,0
7.5454999999999997,0,0
7.5460000000000003,0,0
7.5465,0,0
7.5469999999999997,0,0
7.5475000000000003,0,0
7.548,0,0
7.5484999999999998,0,0
7.5490000000000004,0,0
7.5495000000000001,0,0
7.5499999999999998,0,0
7.5505000000000004,0,0
7.5510000000000002,0,0
7.5514999999999999,0,0
7.5519999999999996,0,0
7.5525000000000002,0,0
7.5529999999999999,0,0
7.5534999999999997,0,0
7.5540000000000003,0,0
7.5545,0,0
7.5549999999999997,0,0
7.5555000000000003,0,0
7.556,0,0
7.5564999999999998,0,0
7.5570000000000004,0,0
7.5575000000000001,0,0
7.5579999999999998,0,0
7.5585000000000004,0,0
7.5590000000000002,0,0
7.5594999999999999,0,0
7.5599999999999996,0,0
7.5605000000000002,0,0
7.5609999999999999,0,0
7.5614999999999997,0,0
7.5620000000000003,0,0
7.5625,0,0
7.5629999999999997,0,0
7.5635000000000003,0,0
7.5640000000000001,0,0
7.5644999999999998,0,0
7.5650000000000004,0,0
7.5655000000000001,0,0
7.5659999999999998,0,0
7.5664999999999996,0,0
7.5670000000000002,0,0
7.5674999999999999,0,0
7.5679999999999996,0,0
7.5685000000000002,0,0
7.569,0,0
7.5694999999999997,0,0
7.5700000000000003,0,0
7.5705,0,0
7.5709999999999997,0,0
7.5715000000000003,0,0
7.5720000000000001,0,0
7.5724999999999998,0,0
7.5730000000000004,0,0
7.5735000000000001,0,0
7.5739999999999998,0,0
7.5744999999999996,0,0
7.5750000000000002,0,0
7.5754999999999999,0,0
7.5759999999999996,0,0
7.5765000000000002,0,0
7.577,0,0
7.5774999999999997,0,0
7.5780000000000003,0,0
7.5785,0,0
7.5789999999999997,0,0
7.5795000000000003,0,0
7.5800000000000001,0,0
7.5804999999999998,0,0
7.5810000000000004,0,0
7.5815000000000001,0,0
7.5819999999999999,0,0
7.5824999999999996,0,0
7.5830000000000002,0,0
7.5834999999999999,0,0
7.5839999999999996,0,0
7.5845000000000002,0,0
7.585,0,0
7.5854999999999997,0,0
7.5860000000000003,0,0
7.5865,0,0
7.5869999999999997,0,0
7.5875000000000004,0,0
7.5880000000000001,0,0
7.5884999999999998,0,0
7.5890000000000004,0,0
7.5895000000000001,0,0
7.5899999999999999,0,0
7.5904999999999996,0,0
7.5910000000000002,0,0
7.5914999999999999,0,0
7.5919999999999996,0,0
7.5925000000000002,0,0
7.593,0,0
7.5934999999999997,0,0
7.5940000000000003,0,0
7.5945,0,0
7.5949999999999998,0,0
7.5955000000000004,0,0
7.5960000000000001,0,0
7.5964999999999998,0,0
7.5970000000000004,0,0
7.5975000000000001,0,0
7.5979999999999999,0,0
7.5984999999999996,0,0
7.5990000000000002,0,0
7.5994999999999999,0,0
7.5999999999999996,0,0
7.6005000000000003,0,0
7.601,0,0
7.6014999999999997,0,0
7.6020000000000003,0,0
7.6025,0,0
7.6029999999999998,0,0
7.6035000000000004,0,0
7.6040000000000001,0,0
7.6044999999999998,0,0
7.6050000000000004,0,0
7.6055000000000001,0,0
7.6059999999999999,0,0
7.6064999999999996,0,0
7.6070000000000002,0,0
7.6074999999999999,0,0
7.6079999999999997,0,0
7.6085000000000003,0,0
7.609,0,0
7.6094999999999997,0,0
7.6100000000000003,0,0
7.6105,0,0
7.6109999999999998,0,0
7.6115000000000004,0,0
7.6120000000000001,0,0
7.6124999999999998,0,0
7.6130000000000004,0,0
7.6135000000000002,0,0
7.6139999999999999,0,0
7.6144999999999996,0,0
7.6150000000000002,0,0
7.6154999999999999,0,0
7.6159999999999997,0,0
7.6165000000000003,0,0
7.617,0,0
7.6174999999999997,0,0
7.6180000000000003,0,0
7.6185,0,0
7.6189999999999998,0,0
7.6195000000000004,0,0
7.6200000000000001,0,0
7.6204999999999998,0,0
7.6210000000000004,0,0
7.6215000000000002,0,0
7.6219999999999999,0,0
7.6224999999999996,0,0
7.6230000000000002,0,0
7.6234999999999999,0,0
7.6239999999999997,0,0
7.6245000000000003,0,0
7.625,0,0
7.6254999999999997,0,0
7.6260000000000003,0,0
7.6265000000000001,0,0
7.6269999999999998,0,0
7.6275000000000004,0,0
7.6280000000000001,0,0
7.6284999999999998,0,0
7.6289999999999996,0,0
7.6295000000000002,0,0
7.6299999999999999,0,0
7.6304999999999996,0,0
7.6310000000000002,0,0
7.6315,0,0
7.6319999999999997,0,0
7.6325000000000003,0,0
7.633,0,0
7.6334999999999997,0,0
7.6340000000000003,0,0
7.6345000000000001,0,0
7.6349999999999998,0,0
7.6355000000000004,0,0
7.6360000000000001,0,0
7.6364999999999998,0,0
7.6369999999999996,0,0
7.6375000000000002,0,0
7.6379999999999999,0,0
7.6384999999999996,0,0
7.6390000000000002,0,0
7.6395,0,0
7.6399999999999997,0,0
7.6405000000000003,0,0
7.641,0,0
7.6414999999999997,0,0
7.6420000000000003,0,0
7.6425000000000001,0,0
7.6429999999999998,0,0
7.6435000000000004,0,0
7.6440000000000001,0,0
7.6444999999999999,0,0
7.6449999999999996,0,0
7.6455000000000002,0,0
7.6459999999999999,0,0
7.6464999999999996,0,0
7.6470000000000002,0,0
7.6475,0,0
7.6479999999999997,0,0
7.6485000000000003,0,0
7.649,0,0
7.6494999999999997,0,0
7.6500000000000004,0,0
7.6505000000000001,0,0
7.6509999999999998,0,0
7.6515000000000004,0,0
7.6520000000000001,0,0
7.6524999999999999,0,0
7.6529999999999996,0,0
7.6535000000000002,0,0
7.6539999999999999,0,0
7.6544999999999996,0,0
7.6550000000000002,0,0
7.6555,0,0
7.6559999999999997,0,0
7.6565000000000003,0,0
7.657,0,0
7.6574999999999998,0,0
7.6580000000000004,0,0
7.6585000000000001,0,0
7.6589999999999998,0,0
7.6595000000000004,0,0
7.6600000000000001,0,0
7.6604999999999999,0,0
7.6609999999999996,0,0
7.6615000000000002,0,0
7.6619999999999999,0,0
7.6624999999999996,0,0
7.6630000000000003,0,0
7.6635,0,0
7.6639999999999997,0,0
7.6645000000000003,0,0
7.665,0,0
7.6654999999999998,0,0
7.6660000000000004,0,0
7.6665000000000001,0,0
7.6669999999999998,0,0
7.6675000000000004,0,0
7.6680000000000001,0,0
7.6684999999999999,0,0
7.6689999999999996,0,0
7.6695000000000002,0,0
7.6699999999999999,0,0
7.6704999999999997,0,0
7.6710000000000003,0,0
7.6715,0,0
7.6719999999999997,0,0
7.6725000000000003,0,0
7.673,0,0
7.6734999999999998,0,0
7.6740000000000004,0,0
7.6745000000000001,0,0
7.6749999999999998,0,0
7.6755000000000004,0,0
7.6760000000000002,0,0
7.6764999999999999,0,0
7.6769999999999996,0,0
7.6775000000000002,0,0
7.6779999999999999,0,0
7.6784999999999997,0,0
7.6790000000000003,0,0
7.6795,0,0
7.6799999999999997,0,0
7.6805000000000003,0,0
7.681,0,0
7.6814999999999998,0,0
7.6820000000000004,0,0
7.6825000000000001,0,0
7.6829999999999998,0,0
7.6835000000000004,0,0
7.6840000000000002,0,0
7.6844999999999999,0,0
7.6849999999999996,0,0
7.6855000000000002,0,0
7.6859999999999999,0,0
7.6864999999999997,0,0
7.6870000000000003,0,0
7.6875,0,0
7.6879999999999997,0,0
7.6885000000000003,0,0
7.6890000000000001,0,0
7.6894999999999998,0,0
7.6900000000000004,0,0
7.6905000000000001,0,0
7.6909999999999998,0,0
7.6914999999999996,0,0
7.6920000000000002,0,0
7.6924999999999999,0,0
7.6929999999999996,0,0
7.6935000000000002,0,0
7.694,0,0
7.6944999999999997,0,0
7.6950000000000003,0,0
7.6955,0,0
7.6959999999999997,0,0
7.6965000000000003,0,0
7.6970000000000001,0,0
7.6974999999999998,0,0
7.6980000000000004,0,0
7.6985000000000001,0,0
7.6989999999999998,0,0
7.6994999999999996,0,0
7.7000000000000002,0,0
7.7004999999999999,0,0
7.7009999999999996,0,0
7.7015000000000002,0,0
7.702,0,0
7.7024999999999997,0,0
7.7030000000000003,0,0
7.7035,0,0
7.7039999999999997,0,0
7.7045000000000003,0,0
7.7050000000000001,0,0
7.7054999999999998,0,0
7.7060000000000004,0,0
7.7065000000000001,0,0
7.7069999999999999,0,0
7.7074999999999996,0,0
7.7080000000000002,0,0
7.7084999999999999,0,0
7.7089999999999996,0,0
7.7095000000000002,0,0
7.71,0,0
7.7104999999999997,0,0
7.7110000000000003,0,0
7.7115,0,0
7.7119999999999997,0,0
7.7125000000000004,0,0
7.7130000000000001,0,0
7.7134999999999998,0,0
7.7140000000000004,0,0
7.7145000000000001,0,0
7.7149999999999999,0,0
7.7154999999999996,0,0
7.7160000000000002,0,0
7.7164999999999999,0,0
7.7169999999999996,0,0
7.7175000000000002,0,0
7.718,0,0
7.7184999999999997,0,0
7.7190000000000003,0,0
7.7195,0,0
7.7199999999999998,0,0
7.7205000000000004,0,0
7.7210000000000001,0,0
7.7214999999999998,0,0
7.7220000000000004,0,0
7.7225000000000001,0,0
7.7229999999999999,0,0
7.7234999999999996,0,0
7.7240000000000002,0,0
7.7244999999999999,0,0
7.7249999999999996,0,0
7.7255000000000003,0,0
7.726,0,0
7.7264999999999997,0,0
7.7270000000000003,0,0
7.7275,0,0
7.7279999999999998,0,0
7.7285000000000004,0,0
7.7290000000000001,0,0
7.7294999999999998,0,0
7.7300000000000004,0,0
7.7305000000000001,0,0
7.7309999999999999,0,0
7.7314999999999996,0,0
7.7320000000000002,0,0
7.7324999999999999,0,0
7.7329999999999997,0,0
7.7335000000000003,0,0
7.734,0,0
7.7344999999999997,0,0
7.7350000000000003,0,0
7.7355,0,0
7.7359999999999998,0,0
7.7365000000000004,0,0
7.7370000000000001,0,0
7.7374999999999998,0,0
7.7380000000000004,0,0
7.7385000000000002,0,0
7.7389999999999999,0,0
7.7394999999999996,0,0
7.7400000000000002,0,0
7.7404999999999999,0,0
7.7409999999999997,0,0
7.7415000000000003,0,0
7.742,0,0
7.7424999999999997,0,0
7.7430000000000003,0,0
7.7435,0,0
7.7439999999999998,0,0
7.7445000000000004,0,0
7.7450000000000001,0,0
7.7454999999999998,0,0
7.7460000000000004,0,0
7.7465000000000002,0,0
7.7469999999999999,0,0
7.7474999999999996,0,0
7.7480000000000002,0,0
7.7484999999999999,0,0
7.7489999999999997,0,0
7.7495000000000003,0,0
7.75,0,0
7.7504999999999997,0,0
7.7510000000000003,0,0
7.7515000000000001,0,0
7.7519999999999998,0,0
7.7525000000000004,0,0
7.7530000000000001,0,0
7.7534999999999998,0,0
7.7539999999999996,0,0
7.7545000000000002,0,0
7.7549999999999999,0,0
7.7554999999999996,0,0
7.7560000000000002,0,0
7.7565,0,0
7.7569999999999997,0,0
7.7575000000000003,0,0
7.758,0,0
7.7584999999999997,0,0
7.7590000000000003,0,0
7.7595000000000001,0,0
7.7599999999999998,0,0
7.7605000000000004,0,0
7.7610000000000001,0,0
7.7614999999999998,0,0
7.7619999999999996,0,0
7.7625000000000002,0,0
7.7629999999999999,0,0
7.7634999999999996,0,0
7.7640000000000002,0,0
7.7645,0,0
7.7649999999999997,0,0
7.7655000000000003,0,0
7.766,0,0
7.7664999999999997,0,0
7.7670000000000003,0,0
7.7675000000000001,0,0
7.7679999999999998,0,0
7.7685000000000004,0,0
7.7690000000000001,0,0
7.7694999999999999,0,0
7.7699999999999996,0,0
7.7705000000000002,0,0
7.7709999999999999,0,0
7.7714999999999996,0,0
7.7720000000000002,0,0
7.7725,0,0
7.7729999999999997,0,0
7.7735000000000003,0,0
7.774,0,0
7.7744999999999997,0,0
7.7750000000000004,0,0
7.7755000000000001,0,0
7.7759999999999998,0,0
7.7765000000000004,0,0
7.7770000000000001,0,0
7.7774999999999999,0,0
7.7779999999999996,0,0
7.7785000000000002,0,0
7.7789999999999999,0,0
7.7794999999999996,0,0
7.7800000000000002,0,0
7.7805,0,0
7.7809999999999997,0,0
7.7815000000000003,0,0
7.782,0,0
7.7824999999999998,0,0
7.7830000000000004,0,0
7.7835000000000001,0,0
7.7839999999999998,0,0
7.7845000000000004,0,0
7.7850000000000001,0,0
7.7854999999999999,0,0
7.7859999999999996,0,0
7.7865000000000002,0,0
7.7869999999999999,0,0
7.7874999999999996,0,0
7.7880000000000003,0,0
7.7885,0,0
7.7889999999999997,0,0
7.7895000000000003,0,0
7.79,0,0
7.7904999999999998,0,0
7.7910000000000004,0,0
7.7915000000000001,0,0
7.7919999999999998,0,0
7.7925000000000004,0,0
7.7930000000000001,0,0
7.7934999999999999,0,0
7.7939999999999996,0,0
7.7945000000000002,0,0
7.7949999999999999,0,0
7.7954999999999997,0,0
7.7960000000000003,0,0
7.7965,0,0
7.7969999999999997,0,0
7.7975000000000003,0,0
7.798,0,0
7.7984999999999998,0,0
7.7990000000000004,0,0
7.7995000000000001,0,0
7.7999999999999998,0,0
7.8005000000000004,0,0
7.8010000000000002,0,0
7.8014999999999999,0,0
7.8019999999999996,0,0
7.8025000000000002,0,0
7.8029999999999999,0,0
7.8034999999999997,0,0
7.8040000000000003,0,0
7.8045,0,0
7.8049999999999997,0,0
7.8055000000000003,0,0
7.806,0,0
7.8064999999999998,0,0
7.8070000000000004,0,0
7.8075000000000001,0,0
7.8079999999999998,0,0
7.8085000000000004,0,0
7.8090000000000002,0,0
7.8094999999999999,0,0
7.8099999999999996,0,0
7.8105000000000002,0,0
7.8109999999999999,0,0
7.8114999999999997,0,0
7.8120000000000003,0,0
7.8125,0,0
7.8129999999999997,0,0
7.8135000000000003,0,0
7.8140000000000001,0,0
7.8144999999999998,0,0
7.8150000000000004,0,0
7.8155000000000001,0,0
7.8159999999999998,0,0
7.8164999999999996,0,0
7.8170000000000002,0,0
7.8174999999999999,0,0
7.8179999999999996,0,0
7.8185000000000002,0,0
7.819,0,0
7.8194999999999997,0,0
7.8200000000000003,0,0
7.8205,0,0
7.8209999999999997,0,0
7.8215000000000003,0,0
7.8220000000000001,0,0
7.8224999999999998,0,0
7.8230000000000004,0,0
7.8235000000000001,0,0
7.8239999999999998,0,0
7.8244999999999996,0,0
7.8250000000000002,0,0
7.8254999999999999,0,0
7.8259999999999996,0,0
7.8265000000000002,0,0
7.827,0,0
7.8274999999999997,0,0
7.8280000000000003,0,0
7.8285,0,0
7.8289999999999997,0,0
7.8295000000000003,0,0
7.8300000000000001,0,0
7.8304999999999998,0,0
7.8310000000000004,0,0
7.8315000000000001,0,0
7.8319999999999999,0,0
7.8324999999999996,0,0
7.8330000000000002,0,0
7.8334999999999999,0,0
7.8339999999999996,0,0
7.8345000000000002,0,0
7.835,0,0
7.8354999999999997,0,0
7.8360000000000003,0,0
7.8365,0,0
7.8369999999999997,0,0
7.8375000000000004,0,0
7.8380000000000001,0,0
7.8384999999999998,0,0
7.8390000000000004,0,0
7.8395000000000001,0,0
7.8399999999999999,0,0
7.8404999999999996,0,0
7.8410000000000002,0,0
7.8414999999999999,0,0
7.8419999999999996,0,0
7.8425000000000002,0,0
7.843,0,0
7.8434999999999997,0,0
7.8440000000000003,0,0
7.8445,0,0
7.8449999999999998,0,0
7.8455000000000004,0,0
7.8460000000000001,0,0
7.8464999999999998,0,0
7.8470000000000004,0,0
7.8475000000000001,0,0
7.8479999999999999,0,0
7.8484999999999996,0,0
7.8490000000000002,0,0
7.8494999999999999,0,0
7.8499999999999996,0,0
7.8505000000000003,0,0
7.851,0,0
7.8514999999999997,0,0
7.8520000000000003,0,0
7.8525,0,0
7.8529999999999998,0,0
7.8535000000000004,0,0
7.8540000000000001,0,0
7.8544999999999998,0,0
7.8550000000000004,0,0
7.8555000000000001,0,0
7.8559999999999999,0,0
7.8564999999999996,0,0
7.8570000000000002,0,0
7.8574999999999999,0,0
7.8579999999999997,0,0
7.8585000000000003,0,0
7.859,0,0
7.8594999999999997,0,0
7.8600000000000003,0,0
7.8605,0,0
7.8609999999999998,0,0
7.8615000000000004,0,0
7.8620000000000001,0,0
7.8624999999999998,0,0
7.8630000000000004,0,0
7.8635000000000002,0,0
7.8639999999999999,0,0
7.8644999999999996,0,0
7.8650000000000002,0,0
7.8654999999999999,0,0
7.8659999999999997,0,0
7.8665000000000003,0,0
7.867,0,0
7.8674999999999997,0,0
7.8680000000000003,0,0
7.8685,0,0
7.8689999999999998,0,0
7.8695000000000004,0,0
7.8700000000000001,0,0
7.8704999999999998,0,0
7.8710000000000004,0,0
7.8715000000000002,0,0
7.8719999999999999,0,0
7.8724999999999996,0,0
7.8730000000000002,0,0
7.8734999999999999,0,0
7.8739999999999997,0,0
7.8745000000000003,0,0
7.875,0,0
7.8754999999999997,0,0
7.8760000000000003,0,0
7.8765000000000001,0,0
7.8769999999999998,0,0
7.8775000000000004,0,0
7.8780000000000001,0,0
7.8784999999999998,0,0
7.8789999999999996,0,0
7.8795000000000002,0,0
7.8799999999999999,0,0
7.8804999999999996,0,0
7.8810000000000002,0,0
7.8815,0,0
7.8819999999999997,0,0
7.8825000000000003,0,0
7.883,0,0
7.8834999999999997,0,0
7.8840000000000003,0,0
7.8845000000000001,0,0
7.8849999999999998,0,0
7.8855000000000004,0,0
7.8860000000000001,0,0
7.8864999999999998,0,0
7.8869999999999996,0,0
7.8875000000000002,0,0
7.8879999999999999,0,0
7.8884999999999996,0,0
7.8890000000000002,0,0
7.8895,0,0
7.8899999999999997,0,0
7.8905000000000003,0,0
7.891,0,0
7.8914999999999997,0,0
7.8920000000000003,0,0
7.8925000000000001,0,0
7.8929999999999998,0,0
7.8935000000000004,0,0
7.8940000000000001,0,0
7.8944999999999999,0,0
7.8949999999999996,0,0
7.8955000000000002,0,0
7.8959999999999999,0,0
7.8964999999999996,0,0
7.8970000000000002,0,0
7.8975,0,0
7.8979999999999997,0,0
7.8985000000000003,0,0
7.899,0,0
7.8994999999999997,0,0
7.9000000000000004,0,0
7.9005000000000001,0,0
7.9009999999999998,0,0
7.9015000000000004,0,0
7.9020000000000001,0,0
7.9024999999999999,0,0
7.9029999999999996,0,0
7.9035000000000002,0,0
7.9039999999999999,0,0
7.9044999999999996,0,0
7.9050000000000002,0,0
7.9055,0,0
7.9059999999999997,0,0
7.9065000000000003,0,0
7.907,0,0
7.9074999999999998,0,0
7.9080000000000004,0,0
7.9085000000000001,0,0
7.9089999999999998,0,0
7.9095000000000004,0,0
7.9100000000000001,0,0
7.9104999999999999,0,0
7.9109999999999996,0,0
7.9115000000000002,0,0
7.9119999999999999,0,0
7.9124999999999996,0,0
7.9130000000000003,0,0
7.9135,0,0
7.9139999999999997,0,0
7.9145000000000003,0,0
7.915,0,0
7.9154999999999998,0,0
7.9160000000000004,0,0
7.9165000000000001,0,0
7.9169999999999998,0,0
7.9175000000000004,0,0
7.9180000000000001,0,0
7.9184999999999999,0,0
7.9189999999999996,0,0
7.9195000000000002,0,0
7.9199999999999999,0,0
7.9204999999999997,0,0
7.9210000000000003,0,0
7.9215,0,0
7.9219999999999997,0,0
7.9225000000000003,0,0
7.923,0,0
7.9234999999999998,0,0
7.9240000000000004,0,0
7.9245000000000001,0,0
7.9249999999999998,0,0
7.9255000000000004,0,0
7.9260000000000002,0,0
7.9264999999999999,0,0
7.9269999999999996,0,0
7.9275000000000002,0,0
7.9279999999999999,0,0
7.9284999999999997,0,0
7.9290000000000003,0,0
7.9295,0,0
7.9299999999999997,0,0
7.9305000000000003,0,0
7.931,0,0
7.9314999999999998,0,0
7.9320000000000004,0,0
7.9325000000000001,0,0
7.9329999999999998,0,0
7.9335000000000004,0,0
7.9340000000000002,0,0
7.9344999999999999,0,0
7.9349999999999996,0,0
7.9355000000000002,0,0
7.9359999999999999,0,0
7.9364999999999997,0,0
7.9370000000000003,0,0
7.9375,0,0
7.9379999999999997,0,0
7.9385000000000003,0,0
7.9390000000000001,0,0
7.9394999999999998,0,0
7.9400000000000004,0,0
7.9405000000000001,0,0
7.9409999999999998,0,0
7.9414999999999996,0,0
7.9420000000000002,0,0
7.9424999999999999,0,0
7.9429999999999996,0,0
7.9435000000000002,0,0
7.944,0,0
7.9444999999999997,0,0
7.9450000000000003,0,0
7.9455,0,0
7.9459999999999997,0,0
7.9465000000000003,0,0
7.9470000000000001,0,0
7.9474999999999998,0,0
7.9480000000000004,0,0
7.9485000000000001,0,0
7.9489999999999998,0,0
7.9494999999999996,0,0
7.9500000000000002,0,0
7.9504999999999999,0,0
7.9509999999999996,0,0
7.9515000000000002,0,0
7.952,0,0
7.9524999999999997,0,0
7.9530000000000003,0,0
7.9535,0,0
7.9539999999999997,0,0
7.9545000000000003,0,0
7.9550000000000001,0,0
7.9554999999999998,0,0
7.9560000000000004,0,0
7.9565000000000001,0,0
7.9569999999999999,0,0
7.9574999999999996,0,0
7.9580000000000002,0,0
7.9584999999999999,0,0
7.9589999999999996,0,0
7.9595000000000002,0,0
7.96,0,0
7.9604999999999997,0,0
7.9610000000000003,0,0
7.9615,0,0
7.9619999999999997,0,0
7.9625000000000004,0,0
7.9630000000000001,0,0
7.9634999999999998,0,0
7.9640000000000004,0,0
7.9645000000000001,0,0
7.9649999999999999,0,0
7.9654999999999996,0,0
7.9660000000000002,0,0
7.9664999999999999,0,0
7.9669999999999996,0,0
7.9675000000000002,0,0
7.968,0,0
7.9684999999999997,0,0
7.9690000000000003,0,0
7.9695,0,0
7.9699999999999998,0,0
7.9705000000000004,0,0
7.9710000000000001,0,0
7.9714999999999998,0,0
7.9720000000000004,0,0
7.9725000000000001,0,0
7.9729999999999999,0,0
7.9734999999999996,0,0
7.9740000000000002,0,0
7.9744999999999999,0,0
7.9749999999999996,0,0
7.9755000000000003,0,0
7.976,0,0
7.9764999999999997,0,0
7.9770000000000003,0,0
7.9775,0,0
7.9779999999999998,0,0
7.9785000000000004,0,0
7.9790000000000001,0,0
7.9794999999999998,0,0
7.9800000000000004,0,0
7.9805000000000001,0,0
7.9809999999999999,0,0
7.9814999999999996,0,0
7.9820000000000002,0,0
7.9824999999999999,0,0
7.9829999999999997,0,0
7.9835000000000003,0,0
7.984,0,0
7.9844999999999997,0,0
7.9850000000000003,0,0
7.9855,0,0
7.9859999999999998,0,0
7.9865000000000004,0,0
7.9870000000000001,0,0
7.9874999999999998,0,0
7.9880000000000004,0,0
7.9885000000000002,0,0
7.9889999999999999,0,0
7.9894999999999996,0,0
7.9900000000000002,0,0
7.9904999999999999,0,0
7.9909999999999997,0,0
7.9915000000000003,0,0
7.992,0,0
7.9924999999999997,0,0
7.9930000000000003,0,0
7.9935,0,0
7.9939999999999998,0,0
7.9945000000000004,0,0
7.9950000000000001,0,0
7.9954999999999998,0,0
7.9960000000000004,0,0
7.9965000000000002,0,0
7.9969999999999999,0,0
7.9974999999999996,0,0
7.9980000000000002,0,0
7.9984999999999999,0,0
7.9989999999999997,0,0
7.9995000000000003,0,0
8,0,0
8.0005000000000006,0,0
8.0009999999999994,0,0
8.0015000000000001,0,0
8.0020000000000007,0,0
8.0024999999999995,0,0
8.0030000000000001,0,0
8.0035000000000007,0,0
8.0039999999999996,0,0
8.0045000000000002,0,0
8.0050000000000008,0,0
8.0054999999999996,0,0
8.0060000000000002,0,0
8.0065000000000008,0,0
8.0069999999999997,0,0
8.0075000000000003,0,0
8.0079999999999991,0,0
8.0084999999999997,0,0
8.0090000000000003,0,0
8.0094999999999992,0,0
8.0099999999999998,0,0
8.0105000000000004,0,0
8.0109999999999992,0,0
8.0114999999999998,0,0
8.0120000000000005,0,0
8.0124999999999993,0,0
8.0129999999999999,0,0
8.0135000000000005,0,0
8.0139999999999993,0,0
8.0145,0,0
8.0150000000000006,0,0
8.0154999999999994,0,0
8.016,0,0
8.0165000000000006,0,0
8.0169999999999995,0,0
8.0175000000000001,0,0
8.0180000000000007,0,0
8.0184999999999995,0,0
8.0190000000000001,0,0
8.0195000000000007,0,0
8.0199999999999996,0,0
8.0205000000000002,0,0
8.0210000000000008,0,0
8.0214999999999996,0,0
8.0220000000000002,0,0
8.0225000000000009,0,0
8.0229999999999997,0,0
8.0235000000000003,0,0
8.0239999999999991,0,0
8.0244999999999997,0,0
8.0250000000000004,0,0
8.0254999999999992,0,0
8.0259999999999998,0,0
8.0265000000000004,0,0
8.0269999999999992,0,0
8.0274999999999999,0,0
8.0280000000000005,0,0
8.0284999999999993,0,0
8.0289999999999999,0,0
8.0295000000000005,0,0
8.0299999999999994,0,0
8.0305,0,0
8.0310000000000006,0,0
8.0314999999999994,0,0
8.032,0,0
8.0325000000000006,0,0
8.0329999999999995,0,0
8.0335000000000001,0,0
8.0340000000000007,0,0
8.0344999999999995,0,0
8.0350000000000001,0,0
8.0355000000000008,0,0
8.0359999999999996,0,0
8.0365000000000002,0,0
8.0370000000000008,0,0
8.0374999999999996,0,0
8.0380000000000003,0,0
8.0385000000000009,0,0
8.0389999999999997,0,0
8.0395000000000003,0,0
8.0399999999999991,0,0
8.0404999999999998,0,0
8.0410000000000004,0,0
8.0414999999999992,0,0
8.0419999999999998,0,0
8.0425000000000004,0,0
8.0429999999999993,0,0
8.0434999999999999,0,0
8.0440000000000005,0,0
8.0444999999999993,0,0
8.0449999999999999,0,0
8.0455000000000005,0,0
8.0459999999999994,0,0
8.0465,0,0
8.0470000000000006,0,0
8.0474999999999994,0,0
8.048,0,0
8.0485000000000007,0,0
8.0489999999999995,0,0
8.0495000000000001,0,0
8.0500000000000007,0,0
8.0504999999999995,0,0
8.0510000000000002,0,0
8.0515000000000008,0,0
8.0519999999999996,0,0
8.0525000000000002,0,0
8.0530000000000008,0,0
8.0534999999999997,0,0
8.0540000000000003,0,0
8.0545000000000009,0,0
8.0549999999999997,0,0
8.0555000000000003,0,0
8.0559999999999992,0,0
8.0564999999999998,0,0
8.0570000000000004,0,0
8.0574999999999992,0,0
8.0579999999999998,0,0
8.0585000000000004,0,0
8.0589999999999993,0,0
8.0594999999999999,0,0
8.0600000000000005,0,0
8.0604999999999993,0,0
8.0609999999999999,0,0
8.0615000000000006,0,0
8.0619999999999994,0,0
8.0625,0,0
8.0630000000000006,0,0
8.0634999999999994,0,0
8.0640000000000001,0,0
8.0645000000000007,0,0
8.0649999999999995,0,0
8.0655000000000001,0,0
8.0660000000000007,0,0
8.0664999999999996,0,0
8.0670000000000002,0,0
8.0675000000000008,0,0
8.0679999999999996,0,0
8.0685000000000002,0,0
8.0690000000000008,0,0
8.0694999999999997,0,0
8.0700000000000003,0,0
8.0704999999999991,0,0
8.0709999999999997,0,0
8.0715000000000003,0,0
8.0719999999999992,0,0
8.0724999999999998,0,0
8.0730000000000004,0,0
8.0734999999999992,0,0
8.0739999999999998,0,0
8.0745000000000005,0,0
8.0749999999999993,0,0
8.0754999999999999,0,0
8.0760000000000005,0,0
8.0764999999999993,0,0
8.077,0,0
8.0775000000000006,0,0
8.0779999999999994,0,0
8.0785,0,0
8.0790000000000006,0,0
8.0794999999999995,0,0
8.0800000000000001,0,0
8.0805000000000007,0,0
8.0809999999999995,0,0
8.0815000000000001,0,0
8.0820000000000007,0,0
8.0824999999999996,0,0
8.0830000000000002,0,0
8.0835000000000008,0,0
8.0839999999999996,0,0
8.0845000000000002,0,0
8.0850000000000009,0,0
8.0854999999999997,0,0
8.0860000000000003,0,0
8.0864999999999991,0,0
8.0869999999999997,0,0
8.0875000000000004,0,0
8.0879999999999992,0,0
8.0884999999999998,0,0
8.0890000000000004,0,0
8.0894999999999992,0,0
8.0899999999999999,0,0
8.0905000000000005,0,0
8.0909999999999993,0,0
8.0914999999999999,0,0
8.0920000000000005,0,0
8.0924999999999994,0,0
8.093,0,0
8.0935000000000006,0,0
8.0939999999999994,0,0
8.0945,0,0
8.0950000000000006,0,0
8.0954999999999995,0,0
8.0960000000000001,0,0
8.0965000000000007,0,0
8.0969999999999995,0,0
8.0975000000000001,0,0
8.0980000000000008,0,0
8.0984999999999996,0,0
8.0990000000000002,0,0
8.0995000000000008,0,0
8.0999999999999996,0,0
8.1005000000000003,0,0
8.1010000000000009,0,0
8.1014999999999997,0,0
8.1020000000000003,0,0
8.1024999999999991,0,0
8.1029999999999998,0,0
8.1035000000000004,0,0
8.1039999999999992,0,0
8.1044999999999998,0,0
8.1050000000000004,0,0
8.1054999999999993,0,0
8.1059999999999999,0,0
8.1065000000000005,0,0
8.1069999999999993,0,0
8.1074999999999999,0,0
8.1080000000000005,0,0
8.1084999999999994,0,0
8.109,0,0
8.1095000000000006,0,0
8.1099999999999994,0,0
8.1105,0,0
8.1110000000000007,0,0
8.1114999999999995,0,0
8.1120000000000001,0,0
8.1125000000000007,0,0
8.1129999999999995,0,0
8.1135000000000002,0,0
8.1140000000000008,0,0
8.1144999999999996,0,0
8.1150000000000002,0,0
8.1155000000000008,0,0
8.1159999999999997,0,0
8.1165000000000003,0,0
8.1170000000000009,0,0
8.1174999999999997,0,0
8.1180000000000003,0,0
8.1184999999999992,0,0
8.1189999999999998,0,0
8.1195000000000004,0,0
8.1199999999999992,0,0
8.1204999999999998,0,0
8.1210000000000004,0,0
8.1214999999999993,0,0
8.1219999999999999,0,0
8.1225000000000005,0,0
8.1229999999999993,0,0
8.1234999999999999,0,0
8.1240000000000006,0,0
8.1244999999999994,0,0
8.125,0,0
8.1255000000000006,0,1.1102230246251566e-17
8.1259999999999994,0,2.2204460492503132e-17
8.1265000000000001,0,4.4408920985006264e-17
8.1270000000000007,0,8.8817841970012528e-17
8.1274999999999995,0,1.6653345369377348e-16
8.1280000000000001,0,2.8865798640254071e-16
8.1285000000000007,0,4.6629367034256577e-16
8.1289999999999996,0,7.3274719625260328e-16
8.1295000000000002,0,1.1324274851176596e-15
8.1300000000000008,0,1.7319479184152442e-15
8.1304999999999996,0,2.6090241078691179e-15
8.1310000000000002,0,3.8746783559417962e-15
8.1315000000000008,0,5.6954441163270527e-15
8.1319999999999997,0,8.2822637637036672e-15
8.1325000000000003,0,1.1923795284474182e-14
8.1329999999999991,0,1.7030821197749902e-14
8.1334999999999997,0,2.4125146325104653e-14
8.1340000000000003,0,3.3906211172052278e-14
8.1344999999999992,0,4.7328807539770425e-14
8.1349999999999998,0,6.563638521583926e-14
8.1355000000000004,0,9.0449869816211508e-14
8.1359999999999992,0,1.2387868508767496e-13
8.1364999999999998,0,1.6868728636154629e-13
8.1370000000000005,0,2.2841728508637972e-13
8.1374999999999993,0,3.0762059566313839e-13
8.1379999999999999,0,4.1212588897110435e-13
8.1385000000000005,0,5.4933835258452746e-13
8.1389999999999993,0,7.2866157552198272e-13
8.1395,0,9.619305352259743e-13
8.1400000000000006,0,1.2640333224567257e-12
8.1404999999999994,0,1.6535772751069544e-12
8.141,0,2.1537549521610798e-12
8.1415000000000006,0,2.7933433344173864e-12
8.1419999999999995,0,3.6079250698151099e-12
8.1425000000000001,0,4.641320661136206e-12
8.1430000000000007,0,5.9473093116935159e-12
8.1434999999999995,0,7.5916828379263282e-12
8.1440000000000001,0,9.6545882399823316e-12
8.1445000000000007,0,1.2233392077121153e-11
8.1449999999999996,0,1.5445988932327737e-11
8.1455000000000002,0,1.9434598375056565e-11
8.1460000000000008,0,2.4370339080093117e-11
8.1464999999999996,0,3.0458391364618363e-11
8.1470000000000002,0,3.7944092312613975e-11
8.1475000000000009,0,4.7119896873226706e-11
8.1479999999999997,0,5.8333471386617925e-11
8.1485000000000003,0,7.199686402614702e-11
8.1489999999999991,0,8.8597162939407786e-11
8.1494999999999997,0,1.0870858657696658e-10
8.1500000000000004,0,1.3300626156009797e-10
8.1504999999999992,0,1.6228192123435293e-10
8.1509999999999998,0,1.9746169144241322e-10
8.1515000000000004,0,2.3962620776529775e-10
8.1519999999999992,0,2.9003331958321609e-10
8.1524999999999999,0,3.5014369181851634e-10
8.1530000000000005,0,4.2164953750756239e-10
8.1534999999999993,0,5.0650685867736913e-10
8.1539999999999999,0,6.0697143977606063e-10
8.1545000000000005,0,7.2563913766643393e-10
8.1549999999999994,0,8.6549071243169349e-10
8.1555,0,1.0299416763892566e-09
8.1560000000000006,0,1.2228976054018404e-09
8.1564999999999994,0,1.4488154009839604e-09
8.157,0,1.7127710472131241e-09
8.1575000000000006,0,2.0205342177170849e-09
8.1579999999999995,0,2.3786506875289603e-09
8.1585000000000001,0,2.7945327274458977e-09
8.1590000000000007,0,3.2765583912741648e-09
8.1594999999999995,0,3.8341802843788738e-09
8.1600000000000001,0,4.4780445573877616e-09
8.1605000000000008,0,5.2201207467739156e-09
8.1609999999999996,0,6.0738434393137199e-09
8.1615000000000002,0,7.0542663599404424e-09
8.1620000000000008,0,8.1782299377053385e-09
8.1624999999999996,0,9.464543027082329e-09
8.1630000000000003,0,1.0934179850430325e-08
8.1635000000000009,0,1.2610493083098363e-08
8.1639999999999997,0,1.4519444024863049e-08
8.1645000000000003,0,1.6689850912410263e-08
8.1649999999999991,0,1.9153656405368479e-08
8.1654999999999998,0,2.1946215411627889e-08
8.1660000000000004,0,2.5106604195634929e-08
8.1664999999999992,0,2.8677952124134265e-08
8.1669999999999998,0,3.2707797126274582e-08
8.1675000000000004,0,3.7248465989403459e-08
8.1679999999999993,0,4.2357480845023329e-08
8.1684999999999999,0,4.8097993088358493e-08
8.1690000000000005,0,5.453924585285819e-08
8.1694999999999993,0,6.1757066527334817e-08
8.1699999999999999,0,6.9834390403755725e-08
8.1705000000000005,0,7.8861816965591913e-08
8.1709999999999994,0,8.8938199915844507e-08
8.1715,0,1.001712724990611e-07
8.1720000000000006,0,1.1267830917205401e-07
8.1724999999999994,0,1.2658682514432583e-07
8.173,0,1.4203531495393662e-07
8.1735000000000007,0,1.5917403142218234e-07
8.1739999999999995,0,1.7816580619722799e-07
8.1745000000000001,0,1.9918691313014492e-07
8.1750000000000007,0,2.224279757379044e-07
8.1754999999999995,0,2.4809491980803957e-07
8.1760000000000002,0,2.7640997229960718e-07
8.1765000000000008,0,3.0761270768397965e-07
8.1769999999999996,0,3.4196114253592922e-07
8.1775000000000002,0,3.7973287944081944e-07
8.1780000000000008,0,4.2122630110608129e-07
8.1784999999999997,0,4.6676181534310859e-07
8.1790000000000003,0,5.1668315166342187e-07
8.1795000000000009,0,5.7135871005531409e-07
8.1799999999999997,0,6.3118296254049968e-07
8.1805000000000003,0,6.9657790759958258e-07
8.1809999999999992,0,7.6799457809917371e-07
8.1814999999999998,0,8.4591460260963201e-07
8.1820000000000004,0,9.3085182005792073e-07
8.1824999999999992,0,1.0233539477599863e-06
8.1829999999999998,0,1.1240043023885703e-06
8.1835000000000004,0,1.2334235734656752e-06
8.1839999999999993,0,1.3522716487024411e-06
8.1844999999999999,0,1.4812494904536955e-06
8.1850000000000005,0,1.6211010622990686e-06
8.1854999999999993,0,1.7726153044739234e-06
8.1859999999999999,0,1.9366281570509793e-06
8.1865000000000006,0,2.1140246289519384e-06
8.1869999999999994,0,2.3057409113902417e-06
8.1875,0,2.5127665335911154e-06
8.1880000000000006,0,2.7361465585906687e-06
8.1884999999999994,0,2.9769838168380859e-06
8.1890000000000001,0,3.2364411750140929e-06
8.1895000000000007,0,3.5157438370125858e-06
8.1899999999999995,0,3.8161816743431663e-06
8.1905000000000001,0,4.1391115824462862e-06
8.1910000000000007,0,4.4859598595348158e-06
8.1914999999999996,0,4.8582246042427887e-06
8.1920000000000002,0,5.2574781280845249e-06
8.1925000000000008,0,5.6853693786163007e-06
8.1929999999999996,0,6.1436263689040873e-06
8.1935000000000002,0,6.6340586087010319e-06
8.1940000000000008,0,7.158559532494113e-06
8.1944999999999997,0,7.7191089195127745e-06
8.1950000000000003,0,8.3177753003482728e-06
8.1954999999999991,0,8.9567183449767999e-06
8.1959999999999997,0,9.6381912263687749e-06
8.1965000000000003,0,1.0364542954099942e-05
8.1969999999999992,0,1.1138220672002319e-05
8.1974999999999998,0,1.1961771913693297e-05
8.1980000000000004,0,1.2837846809887754e-05
8.1984999999999992,0,1.3769200240976164e-05
8.1989999999999998,0,1.4758693928473843e-05
8.1995000000000005,0,1.5809298458813183e-05
8.1999999999999993,0,1.6924095232562219e-05
8.2004999999999999,0,1.8106278332596926e-05
8.2010000000000005,0,1.9359156304143977e-05
8.2014999999999993,0,2.0686153839921672e-05
8.202,0,2.2090813363473406e-05
8.2025000000000006,0,2.3576796503699259e-05
8.2029999999999994,0,2.5147885453680187e-05
8.2035,0,2.680798420687802e-05
8.2040000000000006,0,2.8561119663872425e-05
8.2044999999999995,0,3.0411442602673588e-05
8.2050000000000001,0,3.2363228506016031e-05
8.2055000000000007,0,3.4420878238849983e-05
8.2059999999999995,0,3.6588918569557816e-05
8.2065000000000001,0,3.8872002528433927e-05
8.2070000000000007,0,4.1274909597088796e-05
8.2074999999999996,0,4.3802545722859688e-05
8.2080000000000002,0,4.6459943152010738e-05
8.2085000000000008,0,4.9252260076293464e-05
8.2089999999999996,0,5.21847800871722e-05
8.2095000000000002,0,5.5262911432529818e-05
8.2100000000000009,0,5.8492186070890909e-05
8.2104999999999997,0,6.1878258518310863e-05
8.2110000000000003,0,6.5426904483667508e-05
8.2114999999999991,0,6.9144019288092107e-05
8.2119999999999997,0,7.3035616064842662e-05
8.2125000000000004,0,7.7107823736066722e-05
8.2129999999999992,0,8.1366884763467426e-05
8.2134999999999998,0,8.5819152670041363e-05
8.2140000000000004,0,9.0471089330546034e-05
8.2144999999999992,0,9.5329262028853728e-05
8.2149999999999999,0,0.00010040034028048206
8.2155000000000005,0,0.00010569109241926888
8.2159999999999993,0,0.00011120838194742522
8.2164999999999999,0,0.00011695916364881098
8.2170000000000005,0,0.00012295047946536686
8.2174999999999994,0,0.00012918945413766813
8.218,0,0.00013568329061022232
8.2185000000000006,0,0.00014243926520356441
8.2189999999999994,0,0.00014946472255463749
8.2195,0,0.00015676707032832304
8.2200000000000006,0,0.0001643537737028078
8.2204999999999995,0,0.00017223234963226197
8.2210000000000001,0,0.00018041036089067042
8.2215000000000007,0,0.00018889540990124631
8.2219999999999995,0,0.00019769513235596837
8.2225000000000001,0,0.00020681719063077032
8.2230000000000008,0,0.00021626926700190062
8.2234999999999996,0,0.00022605905666960301
8.2240000000000002,0,0.00023619426059576787
8.2245000000000008,0,0.00024668257816248265
8.2249999999999996,0,0.00025753169966016289
8.2255000000000003,0,0.00026874929861785412
8.2260000000000009,0,0.00028034302399533307
8.2264999999999997,0,0.00029232049226585177
8.2270000000000003,0,0.00030468927942988165
8.2274999999999991,0,0.00031745691301270361
8.2279999999999998,0,0.00033063086411156962
8.2285000000000004,0,0.00034421853957050663
8.2289999999999992,0,0.0003582272743716475
8.2294999999999998,0,0.00037266432434132082
8.2300000000000004,0,0.00038753685927566116
8.2304999999999993,0,0.00040285195659413021
8.2309999999999999,0,0.00041861659563056095
8.2315000000000005,0,0.00043483765266851828
8.2319999999999993,0,0.0004515218968229484
8.2324999999999999,0,0.00046867598686133326
8.2330000000000005,0,0.00048630646904681554
8.2334999999999994,0,0.000504419776072329
8.234,0,0.00052302222713924702
8.2345000000000006,0,0.00054212002921711906
8.2349999999999994,0,0.0005617192795023707
8.2355,0,0.00058182596907502271
8.2360000000000007,0,0.00060244598773253613
8.2364999999999995,0,0.00062358512996038009
8.2370000000000001,0,0.0006452491019795281
8.2375000000000007,0,0.00066744352979242194
8.2379999999999995,0,0.00069017396813154659
8.2385000000000002,0,0.00071344591019811832
8.2390000000000008,0,0.00073726479806393022
8.2394999999999996,0,0.00076163603359604706
8.2400000000000002,0,0.00078656498975330222
8.2405000000000008,0,0.00081205702209389272
8.2409999999999997,0,0.00083811748032707194
8.2415000000000003,0,0.0008647517197361565
8.2420000000000009,0,0.00089196511229816533
8.2424999999999997,0,0.00091976305732437429
8.2430000000000003,0,0.00094815099144754942
8.2434999999999992,0,0.00097713439778529532
8.2439999999999998,0,0.0010067188141142601
8.2445000000000004,0,0.0010369098398969379
8.2449999999999992,0,0.001067713142011939
8.2454999999999998,0,0.0010991344590484896
8.2460000000000004,0,0.0011311796040381129
8.2464999999999993,0,0.0011638544655084959
8.2469999999999999,0,0.0011971650067591709
8.2475000000000005,0,0.0012311172632726187
8.2479999999999993,0,0.00126571733818992
8.2484999999999999,0,0.0013009713957958912
8.2490000000000006,0,0.0013368856529746508
8.2494999999999994,0,0.0013734663686124859
8.25,0,0.0014107198309416757
8.2505000000000006,0,0.0014486523428343112
8.2509999999999994,0,0.0014872702050712449
8.2515000000000001,0,0.0015265796976266844
8.2520000000000007,0,0.0015665870590234054
8.2524999999999995,0,0.0016072984638280997
8.2530000000000001,0,0.0016487199983692524
8.2535000000000007,0,0.0016908576347731351
8.2539999999999996,0,0.0017337172034246561
8.2545000000000002,0,0.0017773043639706331
8.2550000000000008,0,0.0018216245749931969
8.2554999999999996,0,0.0018666830624889496
8.2560000000000002,0,0.0019124847872978412
8.2565000000000008,0,0.0019590344116317991
8.2569999999999997,0,0.0020063362648586104
8.2575000000000003,0,0.0020543943087010684
8.2579999999999991,0,0.0021032121020144847
8.2584999999999997,0,0.0021527927653077318
8.2590000000000003,0,0.0022031389451744434
8.2594999999999992,0,0.002254252778800636
8.2599999999999998,0,0.0023061358587145196
8.2605000000000004,0,0.0023587891979422793
8.2609999999999992,0,0.0024122131957307834
8.2614999999999998,0,0.0024664076039949802
8.2620000000000005,0,0.0025213714946429209
8.2624999999999993,0,0.0025771032279266692
8.2629999999999999,0,0.0026336004219613242
8.2635000000000005,0,0.0026908599235480946
8.2639999999999993,0,0.0027488777804305252
8.2645,0,0.002807649215105379
8.2650000000000006,0,0.0028671686003016949
8.2654999999999994,0,0.0029274294362336972
8.266,0,0.0029884243297242487
8.2665000000000006,0,0.0030501449752867614
8.2669999999999995,0,0.0031125821382446796
8.2675000000000001,0,0.0031757256399582044
8.2680000000000007,0,0.0032395643452187485
8.2684999999999995,0,0.0033040861518621734
8.2690000000000001,0,0.0033692779826428711
8.2695000000000007,0,0.0034351257794009381
8.2699999999999996,0,0.0035016144995461016
8.2705000000000002,0,0.0035687281148723883
8.2710000000000008,0,0.0036364496127095471
8.2714999999999996,0,0.0037047609994074969
8.2720000000000002,0,0.0037736433061425489
8.2725000000000009,0,0.0038430765970256741
8.2729999999999997,0,0.0039130399794853003
8.2735000000000003,0,0.0039835116168894236
8.2739999999999991,0,0.0040544687433651475
8.2744999999999997,0,0.0041258876807665377
8.2750000000000004,0,0.0041977438577353032
8.2754999999999992,0,0.0042700118307931302
8.2759999999999998,0,0.0043426653073985414
8.2765000000000004,0,0.0044156771708960593
8.2769999999999992,0,0.0044890195072807889
8.2774999999999999,0,0.0045626636336970061
8.2780000000000005,0,0.0046365801285854881
8.2784999999999993,1,0.0047107388633908509
8.2789999999999999,1,0.0047851090357369785
8.2795000000000005,0,-0.0052074359474391096
8.2799999999999994,0,-0.015149630659778267
8.2805,0,-0.014070617802338004
8.2810000000000006,0,-0.013041732715488941
8.2814999999999994,0,-0.012060498529932361
8.282,0,-0.01112456435066379
8.2825000000000006,0,-0.010231698940021039
8.2829999999999995,0,-0.0093797847138750497
8.2835000000000001,0,-0.0085668120353737942
8.2840000000000007,0,-0.0077908737914353151
8.2844999999999995,0,-0.0070501602379291041
8.2850000000000001,0,-0.0063429541001924217
8.2855000000000008,0,-0.0056676259161991703
8.2859999999999996,0,-0.0050226296103358823
8.2865000000000002,0,-0.0044064982863448289
8.2870000000000008,0,-0.0038178402285687697
8.2874999999999996,0,-0.0032553351011766819
8.2880000000000003,0,-0.0027177303355683247
8.2885000000000009,0,-0.0022038376966477479
8.2889999999999997,0,-0.0017125300191199954
8.2895000000000003,0,-0.0012427381054122555
8.2899999999999991,0,-0.0007934477772383985
8.2904999999999998,0,-0.00036369707322611025
8.2910000000000004,0,4.7426414593731982e-05
8.2914999999999992,0,0.00044078807227785342
8.2919999999999998,0,0.00081720866994074994
8.2925000000000004,0,0.0011774666483792885
8.2929999999999993,0,0.0015223002922192142
8.2934999999999999,0,0.0018524097951583718
8.2940000000000005,0,0.0021684592226035469
8.2944999999999993,0,0.0024710783767349143
8.2949999999999999,0,0.0027608645687816845
8.2955000000000005,0,0.0030383843030544868
8.2959999999999994,0,0.0033041748770556655
8.2965,0,0.0035587459017734301
8.2970000000000006,0,0.0038025807460633776
8.2974999999999994,0,0.00403613790882742
8.298,0,0.0042598523225174101
8.2985000000000007,0,0.0044741365913164577
8.2989999999999995,0,0.0046793821671856526
8.2995000000000001,1,0.0048759604668077829
8.3000000000000007,1,0.0050642239323097525
8.3004999999999995,0,-0.004917747757070756
8.3010000000000002,0,-0.014848361962017331
8.3015000000000008,0,-0.013637305954149581
8.3019999999999996,0,-0.012468399711157341
8.3025000000000002,0,-0.011341601040697823
8.3030000000000008,0,-0.010256689237739692
8.3034999999999997,0,-0.0092132905128669666
8.3040000000000003,0,-0.0082109004780019923
8.3045000000000009,0,-0.0072489040277484594
8.3049999999999997,0,-0.006326592913224449
8.3055000000000003,0,-0.0054431812694220481
8.3059999999999992,0,-0.004597819325984698
8.3064999999999998,0,-0.0037896055041796162
8.3070000000000004,0,-0.0030175970791850638
8.3074999999999992,0,-0.0022808195661368157
8.3079999999999998,0,-0.0015782749702746956
8.3085000000000004,0,-0.00090894902565111788
8.3089999999999993,0,-0.00027181753291198872
8.3094999999999999,0,0.00033414810561513961
8.3100000000000005,0,0.00090997606611248338
8.3104999999999993,0,0.0014566899208796503
8.3109999999999999,0,0.0019753050239376567
8.3115000000000006,0,0.0024668254026830039
8.3119999999999994,0,0.0029322411002693392
8.3125,0,0.0033725259192748601
8.3130000000000006,0,0.0037886355224369785
8.3134999999999994,0,0.0041815058508855585
8.3140000000000001,0,0.0045520518244452244
8.3145000000000007,1,0.0049011662922701094
8.3149999999999995,1,0.0052297192053695988
8.3155000000000001,0,-0.0047393970166144991
8.3160000000000007,0,-0.014659012738380828
8.3164999999999996,0,-0.013362786470056186
8.3170000000000002,0,-0.012135099860427689
8.3175000000000008,0,-0.010972642800552036
8.3179999999999996,0,-0.0098722576898115037
8.3185000000000002,0,-0.0088309328919209725
8.3190000000000008,0,-0.0078457964328895406
8.3194999999999997,0,-0.0069141099355969236
8.3200000000000003,0,-0.0060332627853372459
8.3204999999999991,0,-0.0052007665204413132
8.3209999999999997,0,-0.004414249441913232
8.3215000000000003,0,-0.0036714514358912155
8.3219999999999992,0,-0.0029702190026631549
8.3224999999999998,0,-0.0023085004859294766
8.3230000000000004,0,-0.0016843414959974655
8.3234999999999992,0,-0.0010958805206162437
8.3239999999999998,0,-0.00054134471720705961
8.3245000000000005,0,-1.9045880312773545e-05
8.3249999999999993,0,0.00047262342182495808
8.3254999999999999,0,0.0009351935475516715
8.3260000000000005,0,0.001370121324828799
8.3264999999999993,0,0.0017787934427620055
8.327,0,0.002162529697256943
8.3275000000000006,0,0.0025225860962942992
8.3279999999999994,0,0.0028601578301745145
8.3285,0,0.0031763821119392575
8.3290000000000006,0,0.0034723408930300015
8.3294999999999995,0,0.0037490634590951364
8.3300000000000001,0,0.0040075289107098563
8.3305000000000007,0,0.0042486685336231679
8.3309999999999995,0,0.0044733680629996612
8.3315000000000001,0,0.0046824698459766558
8.3320000000000007,1,0.0048767749067119334
8.3324999999999996,1,0.0050570449179553664
8.3330000000000002,0,-0.0049262591655364618
8.3335000000000008,0,-0.014860074164394787
8.3339999999999996,0,-0.013705784305923374
8.3345000000000002,0,-0.012613435983861776
8.3350000000000009,0,-0.011579907913878562
8.3354999999999997,0,-0.010602234578230285
8.3360000000000003,0,-0.0096775984825467794
8.3364999999999991,0,-0.0088033227948707271
8.3369999999999997,0,-0.0079768643482649344
8.3375000000000004,0,-0.0071958069892024802
8.3379999999999992,0,-0.0064578552548157694
8.3384999999999998,0,-0.005760828362898129
8.3390000000000004,0,-0.0051026544993327374
8.3394999999999992,0,-0.0044813653883646106
8.3399999999999999,0,-0.0038950911318410553
8.3405000000000005,0,-0.0033420553042159185
8.3409999999999993,0,-0.0028205702907570184
8.3414999999999999,0,-0.0023290328570043316
8.3420000000000005,0,-0.0018659199381095503
8.3424999999999994,0,-0.0014297846372378076
8.343,0,-0.0010192524227429888
8.3435000000000006,0,-0.00063301751432489619
8.3439999999999994,0,-0.00026983944885727862
8.3445,0,7.1460182972271635e-05
8.3450000000000006,0,0.0003920008376367856
8.3454999999999995,0,0.00069284596537311227
8.3460000000000001,0,0.00097500581003718829
8.3465000000000007,0,0.0012394400694619944
8.3469999999999995,0,0.0014870604232142593
8.3475000000000001,0,0.0017187329343082204
8.3480000000000008,0,0.0019352803311137312
8.3484999999999996,0,0.0021374841753910691
8.3490000000000002,0,0.0023260869220928073
8.3495000000000008,0,0.0025017938762972982
8.3499999999999996,0,0.0026652750523752933
8.3505000000000003,0,0.0028171669402396681
8.3510000000000009,0,0.0029580741832911594
8.3514999999999997,0,0.0030885711724453089
8.3520000000000003,0,0.0032092035604106895
8.3524999999999991,0,0.0033204897001833157
8.3529999999999998,0,0.0034229220115261638
8.3535000000000004,0,0.0035169682790183289
8.3539999999999992,0,0.0036030728850803607
8.3544999999999998,0,0.0036816579812149254
8.3550000000000004,0,0.0037531246005426009
8.3554999999999993,0,0.0038178537145594381
8.3559999999999999,0,0.0038762072368987875
8.3565000000000005,0,0.0039285289767433283
8.3569999999999993,0,0.003975145544400505
8.3574999999999999,0,0.004016367211431904
8.3580000000000005,0,0.0040524887276077613
8.3584999999999994,0,0.0040837900968457852
8.359,0,0.0041105373141861468
8.3595000000000006,0,0.0041329830657528266
8.3599999999999994,0,0.00415136739355475
8.3605,0,0.0041659183268884844
8.3610000000000007,0,0.0041768524820156583
8.3614999999999995,0,0.0041843756317065609
8.3620000000000001,0,0.0041886832461612957
8.3625000000000007,0,0.0041899610067446134
8.3629999999999995,0,0.0041883852938997658
8.3635000000000002,0,0.0041841236505377969
8.3640000000000008,0,0.004177335222134859
8.3644999999999996,0,0.0041681711747084457
8.3650000000000002,0,0.0041567750917844374
8.3655000000000008,0,0.0041432833514122528
8.3659999999999997,0,0.0041278254842320953
8.3665000000000003,0,0.0041105245135480643
8.3670000000000009,0,0.004091497278313194
8.3674999999999997,0,0.0040708547398876412
8.3680000000000003,0,0.0040487022733875387
8.3684999999999992,0,0.0040251399444010683
8.3689999999999998,0,0.0040002627718102816
8.3695000000000004,0,0.0039741609774185506
8.3699999999999992,0,0.0039469202230505542
8.3704999999999998,0,0.0039186218357559642
8.3710000000000004,0,0.0038893430217179837
8.3714999999999993,0,0.0038591570694371915
8.3719999999999999,0,0.0038281335427317376
8.3725000000000005,0,0.003796338464069249
8.3729999999999993,0,0.0037638344887179986
8.3734999999999999,0,0.0037306810701821513
8.3740000000000006,0,0.0036969346173611585
8.3744999999999994,0,0.0036626486438516735
8.375,0,0.0036278739097898027
8.3755000000000006,0,0.003592658556610129
8.3759999999999994,0,0.0035570482350801734
8.3765000000000001,0,0.0035210862269505539
8.3770000000000007,0,0.0034848135605432097
8.3774999999999995,0,0.0034482691205849013
8.3780000000000001,0,0.0034114897525764241
8.3785000000000007,0,0.0033745103619745474
8.3789999999999996,0,0.0033373640084486734
8.3795000000000002,0,0.0033000819954612016
8.3800000000000008,0,0.0032626939554085245
8.3804999999999996,0,0.0032252279305465814
8.3810000000000002,0,0.0031877104499144606
8.3815000000000008,0,0.0031501666024583487
8.3819999999999997,0,0.0031126201065474813
8.3825000000000003,0,0.003075093376064686
8.3829999999999991,0,0.0030376075832446057
8.3834999999999997,0,0.0030001827184233942
8.3840000000000003,0,0.0029628376468563864
8.3844999999999992,0,0.0029255901627511238
8.3849999999999998,0,0.0028884570406565446
8.3855000000000004,0,0.0028514540843414538
8.3859999999999992,0,0.0028145961732888303
8.3864999999999998,0,0.0027778973069260138
8.3870000000000005,0,0.0027413706467047994
8.3874999999999993,0,0.0027050285561395883
8.3879999999999999,0,0.0026688826389060006
8.3885000000000005,0,0.0026329437750976848
8.3889999999999993,0,0.0025972221557337806
8.3895,0,0.0025617273156042673
8.3900000000000006,0,0.002526468164537088
8.3904999999999994,0,0.0024914530171660011
8.391,0,0.0024566896212734448
8.3915000000000006,0,0.002422185184780423
8.3919999999999995,0,0.002387946401450658
8.3925000000000001,0,0.0023539794753730469
8.3930000000000007,0,0.0023202901442829992
8.3934999999999995,0,0.0022868837017810616
8.3940000000000001,0,0.0022537650185028959
8.3945000000000007,0,0.0022209385622930953
8.3949999999999996,0,0.0021884084174316866
8.3955000000000002,0,0.0021561783029608872
8.3960000000000008,0,0.0021242515901556346
8.3964999999999996,0,0.0020926313191808156
8.3970000000000002,0,0.0020613202149749378
8.3975000000000009,0,0.0020303207023978252
8.3979999999999997,0,0.0019996349206793497
8.3985000000000003,0,0.0019692647372023695
8.3989999999999991,0,0.0019392117606530923
8.3994999999999997,0,0.0019094773535691667
8.4000000000000004,0,0.0018800626443153279
8.4004999999999992,0,0.0018509685385138086
8.4009999999999998,0,0.0018221957299560775
8.4015000000000004,0,0.0017937447110212058
8.4019999999999992,0,0.0017656157826241082
8.4024999999999999,0,0.0017378090637166666
8.4030000000000005,0,0.0017103245003628254
8.4034999999999993,0,0.001683161874408179
8.4039999999999999,0,0.0016563208117633455
8.4045000000000005,0,0.0016298007903191691
8.4049999999999994,0,0.0016036011475117017
8.4055,0,0.0015777210875528747
8.4060000000000006,0,0.0015521596883430356
8.4064999999999994,0,0.0015269159080799511
8.407,0,0.001501988591578607
8.4075000000000006,0,0.0014773764763152397
8.4079999999999995,0,0.0014530781982080797
8.4085000000000001,0,0.0014290922971475829
8.4090000000000007,0,0.0014054172222869865
8.4094999999999995,0,0.0013820513371044841
8.4100000000000001,0,0.0013589929242476706
8.4105000000000008,0,0.0013362401901694688
8.4109999999999996,0,0.0013137912695657338
8.4115000000000002,0,0.001291644229622868
8.4120000000000008,0,0.0012697970740843446
8.4124999999999996,0,0.0012482477471438824
8.4130000000000003,0,0.0012269941371733871
8.4135000000000009,0,0.0012060340802925729
8.4139999999999997,0,0.0011853653637872719
8.4145000000000003,0,0.0011649857293835608
8.4149999999999991,0,0.0011448928763830636
8.4154999999999998,0,0.0011250844646662705
8.4160000000000004,0,0.0011055581175693052
8.4164999999999992,0,0.0010863114246392747
8.4169999999999998,0,0.0010673419442738473
8.4175000000000004,0,0.0010486472062495645
8.4179999999999993,0,0.0010302247141439791
8.4184999999999999,0,0.001012071947655635
8.4190000000000005,0,0.00099418636482645484
8.4194999999999993,0,0.00097656540417067066
8.4199999999999999,0,0.00095920648671387059
8.4205000000000005,0,0.00094210701794583684
8.4209999999999994,0,0.00092526438969116049
8.4215,0,0.00090867598190041976
8.4220000000000006,0,0.00089233916436542993
8.4224999999999994,0,0.00087625129836158553
8.423,0,0.00086040973822019138
8.4235000000000007,0,0.00084481183283343644
8.4239999999999995,0,0.00082945492709483035
8.4245000000000001,0,0.00081433636327763457
8.4250000000000007,0,0.00079945348235366254
8.4254999999999995,0,0.00078480362525463749
8.4260000000000002,0,0.00077038413407873871
8.4265000000000008,0,0.0007561923532437675
8.4269999999999996,0,0.00074222563058972128
8.4275000000000002,0,0.00072848131843220585
8.4280000000000008,0,0.00071495677456866473
8.4284999999999997,0,0.00070164936323940941
8.4290000000000003,0,0.00068855645604464226
8.4295000000000009,0,0.00067567543281987774
8.4299999999999997,0,0.00066300368247041992
8.4305000000000003,0,0.00065053860376722565
8.4309999999999992,0,0.00063827760610505322
8.4314999999999998,0,0.00062621811022444134
8.4320000000000004,0,0.0006143575488989139
8.4324999999999992,0,0.00060269336758850267
8.4329999999999998,0,0.00059122302506097184
8.4335000000000004,0,0.00057994399398197949
8.4339999999999993,0,0.00056885376147483015
8.4344999999999999,0,0.00055794982965158275
8.4350000000000005,0,0.00054722971611607105
8.4354999999999993,0,0.00053669095443997783
8.4359999999999999,0,0.00052633109461304168
8.4365000000000006,0,0.00051614770346780636
8.4369999999999994,0,0.00050613836508081047
8.4375,0,0.00049630068114994155
8.4380000000000006,0,0.0004866322713495519
8.4384999999999994,0,0.00047713077366378086
8.4390000000000001,0,0.0004677938446990937
8.4395000000000007,0,0.00045861915997644773
8.4399999999999995,0,0.00044960441420404117
8.4405000000000001,0,0.00044074732153142059
8.4410000000000007,0,0.00043204561578528142
8.4414999999999996,0,0.00042349705068779332
8.4420000000000002,0,0.00041509940005818313
8.4425000000000008,0,0.00040685045799800925
8.4429999999999996,0,0.00039874803906063682
8.4435000000000002,0,0.00039078997840578109
8.4440000000000008,0,0.00038297413193925098
8.4444999999999997,0,0.00037529837643885956
8.4450000000000003,0,0.00036776060966642321
8.4454999999999991,0,0.00036035875046710466
8.4459999999999997,0,0.00035309073885574359
8.4465000000000003,0,0.00034595453609143068
8.4469999999999992,0,0.0003389481247399684
8.4474999999999998,0,0.00033206950872538554
8.4480000000000004,0,0.00032531671337050484
8.4484999999999992,0,0.00031868778542684109
8.4489999999999998,0,0.00031218079309476289
8.4495000000000005,0,0.00030579382603362903
8.4499999999999993,0,0.00029952499536290978
8.4504999999999999,0,0.00029337243365404884
8.4510000000000005,0,0.00028733429491384355
8.4514999999999993,0,0.00028140875455955338
8.452,0,0.00027559400938594882
8.4525000000000006,0,0.00026988827752471022
8.4529999999999994,0,0.00026428979839641096
8.4535,0,0.0002587968326557055
8.4540000000000006,0,0.00025340766212927912
8.4544999999999995,0,0.00024812058974778007
8.4550000000000001,0,0.00024293393947109055
8.4555000000000007,0,0.00023784605620799092
8.4559999999999995,0,0.00023285530572980662
8.4565000000000001,0,0.00022796007457885902
8.4570000000000007,0,0.00022315876997140992
8.4574999999999996,0,0.00021844981969577627
8.4580000000000002,0,0.00021383167200562659
8.4585000000000008,0,0.00020930279550869236
8.4589999999999996,0,0.00020486167905120478
8.4595000000000002,0,0.00020050683159802407
8.4600000000000009,0,0.00019623678210907159
8.4604999999999997,0,0.00019205007941182074
8.4610000000000003,0,0.00018794529207032394
8.4614999999999991,0,0.00018392100825066483
8.4619999999999997,0,0.00017997583558364559
8.4625000000000004,0,0.00017610840102393331
8.4629999999999992,0,0.00017231735070666332
8.4634999999999998,0,0.00016860134980126729
8.4640000000000004,0,0.00016495908236279221
8.4644999999999992,0,0.00016138925118073245
8.4649999999999999,0,0.00015789057762558568
8.4655000000000005,0,0.00015446180149355503
8.4659999999999993,0,0.00015110168084906395
8.4664999999999999,0,0.00014780899186537245
8.4670000000000005,0,0.00014458252866391685
8.4674999999999994,0,0.00014142110315149559
8.468,0,0.0001383235448564779
8.4685000000000006,0,0.00013528870076345845
8.4689999999999994,0,0.00013231543514685695
8.4695,0,0.000129402629403097
8.4700000000000006,0,0.00012654918188222952
8.4704999999999995,0,0.00012375400771831303
8.4710000000000001,0,0.00012101603865917187
8.4715000000000007,0,0.00011833422289543316
8.4719999999999995,0,0.00011570752488896386
8.4725000000000001,0,0.00011313492520079738
8.4730000000000008,0,0.00011061542031868266
8.4734999999999996,0,0.0001081480224842557
8.4740000000000002,0,0.00010573175951995583
8.4745000000000008,0,0.00010336567465586421
8.4749999999999996,0,0.00010104882635630918
8.4755000000000003,0,9.8780288146638195e-05
8.4760000000000009,0,9.6559148439889769e-05
8.4764999999999997,0,9.4384510363643148e-05
8.4770000000000003,0,9.2255491587145411e-05
8.4774999999999991,0,9.0171224148494214e-05
8.4779999999999998,0,8.8130854282431062e-05
8.4785000000000004,0,8.613354224817904e-05
8.4789999999999992,0,8.417846215796887e-05
8.4794999999999998,0,8.2264801806031235e-05
8.4800000000000004,0,8.0391762498011057e-05
8.4804999999999993,0,7.8558558881047794e-05
8.4809999999999999,0,7.6764418774477591e-05
8.4815000000000005,0,7.5008583001368032e-05
8.4819999999999993,0,7.3290305220630181e-05
8.4824999999999999,0,7.1608851759807918e-05
8.4830000000000005,0,6.9963501449143989e-05
8.4834999999999994,0,6.8353545455868137e-05
8.484,0,6.6778287120039526e-05
8.4845000000000006,0,6.5237041790755507e-05
8.4849999999999994,0,6.3729136663681632e-05
8.4855,0,6.2253910619569647e-05
8.4860000000000007,0,6.0810714063641579e-05
8.4864999999999995,0,5.9398908766195023e-05
8.4870000000000001,0,5.8017867704118765e-05
8.4875000000000007,0,5.6666974903762932e-05
8.4879999999999995,0,5.5345625284752842e-05
8.4885000000000002,0,5.4053224505201666e-05
8.4890000000000008,0,5.2789188807866869e-05
8.4894999999999996,0,5.1552944867605534e-05
8.4900000000000002,0,5.0343929640139787e-05
8.4905000000000008,0,4.9161590212065676e-05
8.4909999999999997,0,4.8005383652016675e-05
8.4915000000000003,0,4.687477686322605e-05
8.4920000000000009,0,4.5769246437321608e-05
8.4924999999999997,0,4.4688278509630305e-05
8.4930000000000003,0,4.3631368615415497e-05
8.4934999999999992,0,4.2598021547946005e-05
8.4939999999999998,0,4.1587751217464496e-05
8.4945000000000004,0,4.0600080511943301e-05
8.4949999999999992,0,3.9634541158783956e-05
8.4954999999999998,0,3.8690673588326342e-05
8.4960000000000004,0,3.7768026798468136e-05
8.4964999999999993,0,3.6866158220738576e-05
8.4969999999999999,0,3.5984633587826667e-05
8.4975000000000005,0,3.5123026802530433e-05
8.4979999999999993,0,3.4280919807916367e-05
8.4984999999999999,0,3.345790245928848e-05
8.4990000000000006,0,3.2653572397212115e-05
8.4994999999999994,0,3.186753492208094e-05
8.5,0,3.109940287023827e-05
8.5005000000000006,0,3.0348796491286301e-05
8.5009999999999994,0,2.9615343326983014e-05
8.5015000000000001,0,2.8898678091626717e-05
8.5020000000000007,0,2.8198442553573066e-05
8.5024999999999995,0,2.75142854185062e-05
8.5030000000000001,0,2.6845862213886738e-05
8.5035000000000007,0,2.6192835174998484e-05
8.5039999999999996,0,2.5554873132271894e-05
8.5045000000000002,0,2.4931651400061928e-05
8.5050000000000008,0,2.4322851666891411e-05
8.5054999999999996,0,2.3728161886926723e-05
8.5060000000000002,0,2.3147276173074437e-05
8.5065000000000008,0,2.2579894691387991e-05
8.5069999999999997,0,2.2025723556728936e-05
8.5075000000000003,0,2.1484474730026902e-05
8.5079999999999991,0,2.0955865916560957e-05
8.5084999999999997,0,2.0439620466117248e-05
8.5090000000000003,0,1.9935467274068141e-05
8.5094999999999992,0,1.9443140683961246e-05
8.5099999999999998,0,1.8962380391529533e-05
8.5105000000000004,0,1.8492931349944898e-05
8.5109999999999992,0,1.8034543676204162e-05
8.5114999999999998,0,1.7586972559335835e-05
8.5120000000000005,0,1.7149978169439529e-05
8.5124999999999993,0,1.6723325568146487e-05
8.5129999999999999,0,1.6306784620523375e-05
8.5135000000000005,0,1.5900129908152927e-05
8.5139999999999993,0,1.5503140643435832e-05
8.5145,0,1.5115600585091649e-05
8.5150000000000006,0,1.4737297955236262e-05
8.5154999999999994,0,1.4368025357303082e-05
8.516,0,1.4007579695451967e-05
8.5165000000000006,0,1.3655762094966217e-05
8.5169999999999995,0,1.3312377824126198e-05
8.5175000000000001,0,1.2977236217148746e-05
8.5180000000000007,0,1.265015059819241e-05
8.5184999999999995,0,1.2330938206750464e-05
8.5190000000000001,0,1.201942012403201e-05
8.5195000000000007,0,1.171542120063096e-05
8.5199999999999996,0,1.141876998509428e-05
8.5205000000000002,0,1.112929865404455e-05
8.5210000000000008,0,1.0846842942979773e-05
8.5214999999999996,0,1.0571242078438737e-05
8.5220000000000002,0,1.0302338711021264e-05
8.5225000000000009,0,1.0039978849840647e-05
8.5229999999999997,0,9.7840117976755174e-06
8.5235000000000003,0,9.5342900874206819e-06
8.5239999999999991,0,9.290669419548259e-06
8.5244999999999997,0,9.0530086004458894e-06
8.5250000000000004,0,8.8211694819095847e-06
8.5254999999999992,0,8.5950169016579821e-06
8.5259999999999998,0,8.3744186248124745e-06
8.5265000000000004,0,8.159245286243344e-06
8.5269999999999992,0,7.9493703340594031e-06
8.5274999999999999,0,7.7446699739969205e-06
8.5280000000000005,0,7.545023114752247e-06
8.5284999999999993,0,7.3503113141915047e-06
8.5289999999999999,0,7.1604187265816851e-06
8.5295000000000005,0,6.9752320506322183e-06
8.5299999999999994,0,6.7946404786134448e-06
8.5305,0,6.6185356461634369e-06
8.5310000000000006,0,6.4468115829385834e-06
8.5314999999999994,0,6.2793646644410121e-06
8.532,0,6.1160935643456146e-06
8.5325000000000006,0,5.9568992079039873e-06
8.5329999999999995,0,5.8016847260811133e-06
8.5335000000000001,0,5.6503554104248014e-06
8.5340000000000007,0,5.5028186690453399e-06
8.5344999999999995,0,5.3589839828949161e-06
8.5350000000000001,0,5.2187628634237092e-06
8.5355000000000008,0,5.082068810480234e-06
8.5359999999999996,0,4.9488172713219035e-06
8.5365000000000002,0,4.8189256001363031e-06
8.5370000000000008,0,4.6923130186282693e-06
8.5374999999999996,0,4.5689005769178339e-06
8.5380000000000003,0,4.4486111153929638e-06
8.5385000000000009,0,4.3313692273949655e-06
8.5389999999999997,0,4.2171012222591567e-06
8.5395000000000003,0,4.105735089343643e-06
8.5399999999999991,0,3.9972004625798972e-06
8.5404999999999998,0,3.8914285858004939e-06
8.5410000000000004,0,3.7883522785664426e-06
8.5414999999999992,0,3.6879059027383755e-06
8.5419999999999998,0,3.5900253296472507e-06
8.5425000000000004,0,3.4946479079867034e-06
8.5429999999999993,0,3.4017124322049953e-06
8.5434999999999999,0,3.311159111518691e-06
8.5440000000000005,0,3.2229295396146717e-06
8.5444999999999993,0,3.1369666647407256e-06
8.5449999999999999,0,3.0532147606954217e-06
8.5455000000000005,0,2.9716193979845153e-06
8.5459999999999994,0,2.8921274159210419e-06
8.5465,0,2.814686894891949e-06
8.5470000000000006,0,2.7392471296128209e-06
8.5474999999999994,0,2.6657586024936287e-06
8.548,0,2.5941729577261263e-06
8.5485000000000007,0,2.5244429758930485e-06
8.5489999999999995,0,2.4565225490769115e-06
8.5495000000000001,0,2.3903666563462876e-06
8.5500000000000007,0,2.3259313398860116e-06
8.5504999999999995,0,2.2631736815714731e-06
8.5510000000000002,0,2.2020517798648775e-06
8.5515000000000008,0,2.1425247273887393e-06
8.5519999999999996,0,2.0845525888102403e-06
8.5525000000000002,0,2.0280963792695951e-06
8.5530000000000008,0,1.9731180431303839e-06
8.5534999999999997,0,1.9195804332960976e-06
8.5540000000000003,0,1.8674472907709295e-06
8.5545000000000009,0,1.8166832248533993e-06
8.5549999999999997,0,1.7672536936852446e-06
8.5555000000000003,0,1.7191249849224377e-06
8.5559999999999992,0,1.6722641972499731e-06
8.5564999999999998,0,1.626639221941062e-06
8.5570000000000004,0,1.5822187249270314e-06
8.5574999999999992,0,1.5389721293446179e-06
8.5579999999999998,0,1.4968695981498747e-06
8.5585000000000004,0,1.4558820173871112e-06
8.5589999999999993,0,1.4159809797020806e-06
8.5594999999999999,0,1.3771387681660307e-06
8.5600000000000005,0,1.3393283404328215e-06
8.5604999999999993,0,1.3025233133734382e-06
8.5609999999999999,0,1.2666979478326291e-06
8.5615000000000006,0,1.2318271339184506e-06
8.5619999999999994,0,1.1978863762918123e-06
8.5625,0,1.1648517802553826e-06
8.5630000000000006,0,1.1327000376537555e-06
8.5634999999999994,0,1.1014084132399126e-06
8.5640000000000001,0,1.0709547315634893e-06
8.5645000000000007,0,1.0413173638479379e-06
8.5649999999999995,0,1.0124752152007587e-06
8.5655000000000001,0,9.8440771225671861e-07
8.5660000000000007,0,9.5709479089878249e-07
8.5664999999999996,0,9.3051688435652482e-07
8.5670000000000002,0,9.0465491161539899e-07
8.5675000000000008,0,8.7949026588152175e-07
8.5679999999999996,0,8.5500480349054444e-07
8.5685000000000002,0,8.3118083296085386e-07
8.5690000000000008,0,8.0800110437984072e-07
8.5694999999999997,0,7.8544879879016709e-07
8.5700000000000003,0,7.6350751816445243e-07
8.5704999999999991,0,7.4216127533555114e-07
8.5709999999999997,0,7.213944842154874e-07
8.5715000000000003,0,7.0119195029194618e-07
8.5719999999999992,0,6.8153886119137756e-07
8.5724999999999998,0,6.6242077773059904e-07
8.5730000000000004,0,6.4382362480186472e-07
8.5734999999999992,0,6.2573368269092096e-07
8.5739999999999998,0,6.0813757865041394e-07
8.5745000000000005,0,5.9102227847329656e-07
8.5749999999999993,0,5.7437507839930295e-07
8.5754999999999999,0,5.5818359695480879e-07
8.5760000000000005,0,5.4243576748103099e-07
8.5764999999999993,0,5.2711983027364791e-07
8.577,0,5.1222432523312378e-07
8.5775000000000006,0,4.9773808462605369e-07
8.5779999999999994,0,4.8365022591312363e-07
8.5785,0,4.6995014482131834e-07
8.5790000000000006,0,4.5662750864927658e-07
8.5794999999999995,0,4.4367224956154415e-07
8.5800000000000001,0,4.3107455803825802e-07
8.5805000000000007,0,4.1882487672451063e-07
8.5809999999999995,0,4.0691389412428337e-07
8.5815000000000001,0,3.9533253863854868e-07
8.5820000000000007,0,3.8407197258116808e-07
8.5824999999999996,0,3.7312358646124367e-07
8.5830000000000002,0,3.6247899337649159e-07
8.5835000000000008,0,3.5213002353984279e-07
8.5839999999999996,0,3.4206871876163445e-07
8.5845000000000002,0,3.3228732740919755e-07
8.5850000000000009,0,3.2277829924431957e-07
8.5854999999999997,0,3.1353428018299214e-07
8.5860000000000003,0,3.0454810777680309e-07
8.5864999999999991,0,2.9581280612811512e-07
8.5869999999999997,0,2.8732158150468481e-07
8.5875000000000004,0,2.7906781754349905e-07
8.5879999999999992,0,2.710450710097234e-07
8.5884999999999998,0,2.6324706740021855e-07
8.5890000000000004,0,2.5566769660256841e-07
8.5894999999999992,0,2.4830100893158401e-07
8.5899999999999999,0,2.4114121093266051e-07
8.5905000000000005,0,2.3418266166252976e-07
8.5909999999999993,0,2.2741986864804887e-07
8.5914999999999999,0,2.2084748420025945e-07
8.5920000000000005,0,2.1446030177285635e-07
8.5924999999999994,0,2.0825325244278048e-07
8.593,0,2.0222140122427846e-07
8.5935000000000006,0,1.9635994387146026e-07
8.5939999999999994,0,1.9066420354763024e-07
8.5945,0,1.8512962739469786e-07
8.5950000000000006,0,1.797517836021889e-07
8.5954999999999995,0,1.7452635820980332e-07
8.5960000000000001,0,1.6944915205430177e-07
8.5965000000000007,0,1.6451607787182354e-07
8.5969999999999995,0,1.5972315752232903e-07
8.5975000000000001,0,1.5506651908081536e-07
8.5980000000000008,0,1.5054239410616788e-07
8.5984999999999996,0,1.4614711504323808e-07
8.5990000000000002,0,1.4187711260271741e-07
8.5995000000000008,0,1.3772891328533986e-07
8.5999999999999996,0,1.3369913672844902e-07
8.6005000000000003,0,1.2978449347444966e-07
8.6010000000000009,0,1.2598178257272606e-07
8.6014999999999997,0,1.2228788927037825e-07
8.6020000000000003,0,1.1869978288059357e-07
8.6024999999999991,0,1.1521451436236063e-07
8.6029999999999998,0,1.1182921445529459e-07
8.6035000000000004,0,1.0854109138147549e-07
8.6039999999999992,0,1.0534742900247807e-07
8.6044999999999998,0,1.0224558482097023e-07
8.6050000000000004,0,9.9232987926800573e-08
8.6054999999999993,0,9.6307137320561509e-08
8.6059999999999999,0,9.3465599859676726e-08
8.6065000000000005,0,9.0706008715191191e-08
8.6069999999999993,0,8.8026061451085272e-08
8.6074999999999999,0,8.5423518347838007e-08
8.6080000000000005,0,8.2896200914728271e-08
8.6084999999999994,0,8.0441990113477854e-08
8.609,0,7.8058824737325949e-08
8.6095000000000006,0,7.5744700156477046e-08
8.6099999999999994,0,7.3497666619459778e-08
8.6105,0,7.1315827698814618e-08
8.6110000000000007,0,6.9197339214177594e-08
8.6114999999999995,0,6.7140407522536807e-08
8.6120000000000001,0,6.5143288363600502e-08
8.6125000000000007,0,6.32042854054049e-08
8.6129999999999995,0,6.1321749145193399e-08
8.6135000000000002,0,5.9494075577148918e-08
8.6140000000000008,0,5.7719704915637496e-08
8.6144999999999996,0,5.5997120496087405e-08
8.6150000000000002,0,5.4324847520437205e-08
8.6155000000000008,0,5.2701452168957273e-08
8.6159999999999997,0,5.1125540245777756e-08
8.6165000000000003,0,4.9595756257403424e-08
8.6170000000000009,0,4.8110782324695121e-08
8.6174999999999997,0,4.6669337172566827e-08
8.6180000000000003,0,4.5270175130784905e-08
8.6184999999999992,0,4.3912085301300863e-08
8.6189999999999998,0,4.2593890459130532e-08
8.6195000000000004,0,4.1314446197482368e-08
8.6199999999999992,0,4.0072640106192384e-08
8.6204999999999998,0,3.8867390783625667e-08
8.6210000000000004,0,3.769764709282697e-08
8.6214999999999993,0,3.6562387339955649e-08
8.6219999999999999,0,3.5460618419413949e-08
8.6225000000000005,0,3.4391375069997562e-08
8.6229999999999993,0,3.3353719097739544e-08
8.6234999999999999,0,3.2346738743083139e-08
8.6240000000000006,0,3.1369547826010093e-08
8.6244999999999994,0,3.0421285079906825e-08
8.625,0,2.9501113518737297e-08
8.6255000000000006,0,2.8608219759806984e-08
8.6259999999999994,0,2.7741813335424582e-08
8.6265000000000001,0,2.6901126093381578e-08
8.6270000000000007,0,2.6085411608534059e-08
8.6274999999999995,0,2.529394458328227e-08
8.6280000000000001,0,2.4526020203641253e-08
8.6285000000000007,0,2.3780953661844961e-08
8.6289999999999996,0,2.3058079556825817e-08
8.6295000000000002,0,2.235675137240989e-08
8.6300000000000008,0,2.1676340955512074e-08
8.6304999999999996,0,2.1016238005433509e-08
8.6310000000000002,0,2.0375849607567887e-08
8.6315000000000008,0,1.9754599700494423e-08
8.6319999999999997,0,1.9151928654093098e-08
8.6325000000000003,0,1.8567292758842058e-08
8.6329999999999991,0,1.8000163914955181e-08
8.6334999999999997,0,1.7450029077270558e-08
8.6340000000000003,0,1.6916389833365742e-08
8.6344999999999992,0,1.6398762092695306e-08
8.6349999999999998,0,1.5896675598092713e-08
8.6355000000000004,0,1.5409673559396707e-08
8.6359999999999992,0,1.493731229817996e-08
8.6364999999999998,0,1.4479160881375463e-08
8.6370000000000005,0,1.4034800777107392e-08
8.6374999999999993,0,1.3603825477215281e-08
8.6379999999999999,0,1.3185840130880423e-08
8.6385000000000005,0,1.2780461322581261e-08
8.6389999999999993,0,1.2387316683515336e-08
8.6395,0,1.200604451412346e-08
8.6400000000000006,0,1.1636293661965168e-08
8.6404999999999994,0,1.1277723055425071e-08
8.641,0,1.0930001514974919e-08
8.6415000000000006,0,1.0592807420106708e-08
8.6419999999999995,0,1.0265828487288076e-08
8.6425000000000001,0,9.948761492406532e-09
8.6430000000000007,0,9.6413119710092587e-09
8.6434999999999995,0,9.3431940628718728e-09
8.6440000000000001,0,9.0541301345226092e-09
8.6445000000000007,0,8.7738507126289271e-09
8.6449999999999996,0,8.5020941176239259e-09
8.6455000000000002,0,8.2386063193773399e-09
8.6460000000000008,0,7.9831406374353271e-09
8.6464999999999996,0,7.7354576411003958e-09
8.6470000000000002,0,7.4953248607734224e-09
8.6475000000000009,0,7.2625166103179598e-09
8.6479999999999997,0,7.0368138316290182e-09
8.6485000000000003,0,6.8180038614862323e-09
8.6489999999999991,0,6.6058802428159426e-09
8.6494999999999997,0,6.4002426025666635e-09
8.6500000000000004,0,6.2008964296644823e-09
8.6504999999999992,0,6.0076528973773694e-09
8.6509999999999998,0,5.8203287522928801e-09
8.6515000000000004,0,5.6387461144780101e-09
8.6519999999999992,0,5.4627323331502e-09
8.6524999999999999,0,5.292119853450572e-09
8.6530000000000005,0,5.1267460610127099e-09
8.6534999999999993,0,4.9664530932247432e-09
8.6539999999999999,0,4.8110877726159632e-09
8.6545000000000005,0,4.6605014292211422e-09
8.6549999999999994,0,4.5145498117626918e-09
8.6555,0,4.373092921117205e-09
8.6560000000000006,0,4.2359948881909304e-09
8.6564999999999994,0,4.1031238406930015e-09
8.657,0,3.9743518809309816e-09
8.6575000000000006,0,3.8495548415617975e-09
8.6579999999999995,0,3.728612274489507e-09
8.6585000000000001,0,3.6114072954340772e-09
8.6590000000000007,0,3.4978264840113129e-09
8.6594999999999995,0,3.3877597949150129e-09
8.6600000000000001,0,3.28110049130359e-09
8.6605000000000008,0,3.1777449560621562e-09
8.6609999999999996,0,3.0775926918025222e-09
8.6615000000000002,0,2.9805461765342046e-09
8.6620000000000008,0,2.8865108414599661e-09
8.6624999999999996,0,2.7953949044423608e-09
8.6630000000000003,0,2.7071093255948144e-09
8.6635000000000009,0,2.6215677517704707e-09
8.6639999999999997,0,2.5386863722332009e-09
8.6645000000000003,0,2.4583839075553725e-09
8.6649999999999991,0,2.3805815319022371e-09
8.6654999999999998,0,2.3052027620096284e-09
8.6660000000000004,0,2.2321734016728103e-09
8.6664999999999992,0,2.1614214862353265e-09
8.6669999999999998,0,2.0928772492823098e-09
8.6675000000000004,0,2.0264729672092586e-09
8.6679999999999993,0,1.9621429592220354e-09
8.6684999999999999,0,1.8998235762346383e-09
8.6690000000000005,0,1.8394530232335172e-09
8.6694999999999993,0,1.7809714147887235e-09
8.6699999999999999,0,1.7243206307249181e-09
8.6705000000000005,0,1.669444305019141e-09
8.6709999999999994,0,1.6162878369030409e-09
8.6715,0,1.5647981910227315e-09
8.6720000000000006,0,1.5149240084610938e-09
8.6724999999999994,0,1.4666154291020917e-09
8.673,0,1.4198241360396935e-09
8.6735000000000007,0,1.3745032778622602e-09
8.6739999999999995,0,1.3306073909369332e-09
8.6745000000000001,0,1.2880924105118652e-09
8.6750000000000007,0,1.2469156152050687e-09
8.6754999999999995,0,1.2070355714932646e-09
8.6760000000000002,0,1.1684121115074219e-09
8.6765000000000008,0,1.1310062775216068e-09
8.6769999999999996,0,1.0947803330552119e-09
8.6775000000000002,0,1.0596976518506552e-09
8.6780000000000008,0,1.0257227289756088e-09
8.6784999999999997,0,9.9282115861853981e-10
8.6790000000000003,0,9.6095957857755825e-10
8.6795000000000009,0,9.3010562585149616e-10
8.6799999999999997,0,9.0022794774213821e-10
8.6805000000000003,0,8.7129616854753069e-10
8.6809999999999992,0,8.4328078964190918e-10
8.6814999999999998,0,8.1615325608908051e-10
8.6820000000000004,0,7.8988587892681039e-10
8.6824999999999992,0,7.6445180186013319e-10
8.6829999999999998,0,7.3982502346581218e-10
8.6835000000000004,0,7.1598030837449753e-10
8.6839999999999993,0,6.928932094751872e-10
8.6844999999999999,0,6.7054001240407501e-10
8.6850000000000005,0,6.4889776885124206e-10
8.6854999999999993,0,6.2794421884504461e-10
8.6859999999999999,0,6.076577907521141e-10
8.6865000000000006,0,5.8801755686843647e-10
8.6869999999999994,0,5.6900324452158198e-10
8.6875,0,5.5059522496847539e-10
8.6880000000000006,0,5.3277445788424418e-10
8.6884999999999994,0,5.1552249136221915e-10
8.6890000000000001,0,4.9882145081170395e-10
8.6895000000000007,0,4.82654005651284e-10
8.6899999999999995,0,4.6700336930882717e-10
8.6905000000000001,0,4.5185325481256198e-10
8.6910000000000007,0,4.3718790809776921e-10
8.6914999999999996,0,4.229920524956299e-10
8.6920000000000002,0,4.0925088873322577e-10
8.6925000000000008,0,3.9595005052461829e-10
8.6929999999999996,0,3.8307563787753908e-10
8.6935000000000002,0,3.7061419488892965e-10
8.6940000000000008,0,3.5855266533602046e-10
8.6944999999999997,0,3.4687840377856104e-10
8.6950000000000003,0,3.3557915335435948e-10
8.6954999999999991,0,3.2464303467705236e-10
8.6959999999999997,0,3.1405856804056499e-10
8.6965000000000003,0,3.0381461790796036e-10
8.6969999999999992,0,2.9390037070697874e-10
8.6974999999999998,0,2.8430537923895829e-10
8.6980000000000004,0,2.7501949606545394e-10
8.6984999999999992,0,2.6603292901938859e-10
8.6989999999999998,0,2.573361412849806e-10
8.6995000000000005,0,2.4891992911335591e-10
8.6999999999999993,0,2.4077538851585699e-10
8.7004999999999999,0,2.3289385975289177e-10
8.7010000000000005,0,2.2526697174285459e-10
8.7014999999999993,0,2.1788661985766566e-10
8.702,0,2.1074494371831065e-10
8.7025000000000006,0,2.0383431609261038e-10
8.7029999999999994,0,1.9714739840637207e-10
8.7035,0,1.9067702972108691e-10
8.7040000000000006,0,1.844163044495417e-10
8.7044999999999995,0,1.7835851684466774e-10
8.7050000000000001,0,1.724971832040012e-10
8.7055000000000007,0,1.668260196652227e-10
8.7059999999999995,0,1.6133895330838756e-10
8.7065000000000001,0,1.5603006664477447e-10
8.7070000000000007,0,1.5089366423026718e-10
8.7074999999999996,0,1.4592422825643326e-10
8.7080000000000002,0,1.4111639634606377e-10
8.7085000000000008,0,1.3646499485986395e-10
8.7089999999999996,0,1.3196500558976255e-10
8.7095000000000002,0,1.2761155465668139e-10
8.7100000000000009,0,1.2339993471499611e-10
8.7104999999999997,0,1.1932558274807548e-10
8.7110000000000003,0,1.1538409117051174e-10
8.7114999999999991,0,1.1157119672589033e-10
8.7119999999999997,0,1.0788272497563866e-10
8.7125000000000004,0,1.0431471242355883e-10
8.7129999999999992,0,1.008632399823739e-10
8.7134999999999998,0,9.7524588404951376e-11
8.7140000000000004,0,9.4295105057540246e-11
8.7144999999999992,0,9.1171248328691942e-11
8.7149999999999999,0,8.8149643140411629e-11
8.7155000000000005,0,8.5226947721395161e-11
8.7159999999999993,0,8.2399997936022368e-11
8.7164999999999999,0,7.9665674057594058e-11
8.7170000000000005,0,7.7021000688404229e-11
8.7174999999999994,0,7.4463069044128355e-11
8.718,0,7.1989059158283913e-11
8.7185000000000006,0,6.9596262086690788e-11
8.7189999999999994,0,6.7282068805241124e-11
8.7195,0,6.5043892494287553e-11
8.7200000000000006,0,6.2879290663175885e-11
8.7204999999999995,0,6.0785876332403177e-11
8.7210000000000001,0,5.8761340238078216e-11
8.7215000000000007,0,5.6803428627461015e-11
8.7219999999999995,0,5.4909998770114042e-11
8.7225000000000001,0,5.3078930140060265e-11
8.7230000000000008,0,5.1308213233625109e-11
8.7234999999999996,0,4.9595882956054993e-11
8.7240000000000002,0,4.794002972374756e-11
8.7245000000000008,0,4.6338821668712171e-11
8.7249999999999996,0,4.479046022964894e-11
8.7255000000000003,0,4.3293224560869704e-11
8.7260000000000009,0,4.184548263452825e-11
8.7264999999999997,0,4.0445591320548147e-11
8.7270000000000003,0,3.9091974102234418e-11
8.7274999999999991,0,3.7783154382964315e-11
8.7279999999999998,0,3.651765556611508e-11
8.7285000000000004,0,3.5294056566215201e-11
8.7289999999999992,0,3.4110980706714147e-11
8.7294999999999998,0,3.2967106822212598e-11
8.7300000000000004,0,3.1861158156232249e-11
8.7304999999999993,0,3.0791891258985517e-11
8.7309999999999999,0,2.9758107089605802e-11
8.7315000000000005,0,2.8758628811687005e-11
8.7319999999999993,0,2.7792357304434744e-11
8.7324999999999999,0,2.6858182344824399e-11
8.7330000000000005,0,2.5955049220982572e-11
8.7334999999999994,0,2.5081936527726612e-11
8.734,0,2.4237856166564599e-11
8.7345000000000006,0,2.3421875550155846e-11
8.7349999999999994,0,2.2633050988929426e-11
8.7355,0,2.1870516508926131e-11
8.7360000000000007,0,2.1133372829496011e-11
8.7364999999999995,0,2.0420809487831092e-11
8.7370000000000001,0,1.9732004918893154e-11
8.7375000000000007,0,1.9066170864334707e-11
8.7379999999999995,0,1.8422552372499013e-11
8.7385000000000002,0,1.7800438900650307e-11
8.7390000000000008,0,1.7199086599362091e-11
8.7394999999999996,0,1.6617840437049837e-11
8.7400000000000002,0,1.605600097320803e-11
8.7405000000000008,0,1.5512946482942881e-11
8.7409999999999997,0,1.4988066343590845e-11
8.7415000000000003,0,1.4480761034718626e-11
8.7420000000000009,0,1.3990442138123171e-11
8.7424999999999997,0,1.3516532337831678e-11
8.7430000000000003,0,1.3058498726792322e-11
8.7434999999999992,0,1.2615819500183533e-11
8.7439999999999998,0,1.2187983955413984e-11
8.7445000000000004,0,1.1774503594352837e-11
8.7449999999999992,0,1.1374889918869257e-11
8.7454999999999998,0,1.0988698839753396e-11
8.7460000000000004,0,1.0615475165565158e-11
8.7464999999999993,0,1.0254785909324937e-11
8.7469999999999999,0,9.9062313907438686e-12
8.7475000000000005,0,9.5693897250725961e-12
8.7479999999999993,0,9.2438834364827471e-12
8.7484999999999999,0,8.9293350491459481e-12
8.7490000000000006,0,8.6253559850035802e-12
8.7494999999999994,0,8.3316242793785029e-12
8.75,0,8.0477846609028347e-12
8.7505000000000006,0,7.7735151648994367e-12
8.7509999999999994,0,7.508482724460918e-12
8.7515000000000001,0,7.2523986816008804e-12
8.7520000000000007,0,7.0049521738724252e-12
8.7524999999999995,0,6.7658545432891516e-12
8.7530000000000001,0,6.5348393363251487e-12
8.7535000000000007,0,6.3116178949940149e-12
8.7539999999999996,0,6.0959459702303322e-12
8.7545000000000002,0,5.8875571085081903e-12
8.7550000000000008,0,5.6862181629924182e-12
8.7554999999999996,0,5.4916959868478446e-12
8.7560000000000002,0,5.3037685354695439e-12
8.7565000000000008,0,5.1221804575618535e-12
8.7569999999999997,0,4.9467541174408326e-12
8.7575000000000003,0,4.7772785727318025e-12
8.7579999999999991,0,4.613531778829838e-12
8.7584999999999997,0,4.4553361000509993e-12
8.7590000000000003,0,4.3025250029415926e-12
8.7594999999999992,0,4.1548875451269397e-12
8.7599999999999998,0,4.0122682953835923e-12
8.7605000000000004,0,3.8744896180276104e-12
8.7609999999999992,0,3.7413738773750541e-12
8.7614999999999998,0,3.6128100511234606e-12
8.7620000000000005,0,3.4885982991283981e-12
8.7624999999999993,0,3.3686164968571574e-12
8.7629999999999999,0,3.252709213086291e-12
8.7635000000000005,0,3.140743221052844e-12
8.7639999999999993,0,3.0326074984543538e-12
8.7645,0,2.928146614067373e-12
8.7650000000000006,0,2.827260647819685e-12
8.7654999999999994,0,2.7298052707180888e-12
8.766,0,2.6356694604601216e-12
8.7665000000000006,0,2.5447310925130752e-12
8.7669999999999995,0,2.4569013490349788e-12
8.7675000000000001,0,2.3720803099536169e-12
8.7680000000000007,0,2.2901569529665268e-12
8.7684999999999995,0,2.2110202557712453e-12
8.7690000000000001,0,2.1345925027560498e-12
8.7695000000000007,0,2.0607848760789695e-12
8.7699999999999996,0,1.9894863534375418e-12
8.7705000000000002,0,1.9206414236805356e-12
8.7710000000000008,0,1.8541501667357353e-12
8.7714999999999996,0,1.78992376476117e-12
8.7720000000000002,0,1.7279067066056087e-12
8.7725000000000009,0,1.6680101744270815e-12
8.7729999999999997,0,1.6101786570743571e-12
8.7735000000000003,0,1.5543233367054654e-12
8.7739999999999991,0,1.5003775999389291e-12
8.7744999999999997,0,1.4482859356235167e-12
8.7750000000000004,0,1.3979817303777508e-12
8.7754999999999992,0,1.3493983708201539e-12
8.7759999999999998,0,1.3024914480297411e-12
8.7765000000000004,0,1.2571832463947886e-12
8.7769999999999992,0,1.2134404592245574e-12
8.7774999999999999,0,1.1712075753678163e-12
8.7780000000000005,0,1.1304179814430881e-12
8.7784999999999993,0,1.0910383707596339e-12
8.7789999999999999,0,1.0530132321662223e-12
8.7795000000000005,0,1.0162981567418683e-12
8.7799999999999994,0,9.8084873556558713e-13
8.7805,0,9.4662055971639343e-13
8.7810000000000006,0,9.1355811804305635e-13
8.7814999999999994,0,8.8165030831532929e-13
8.782,0,8.508416193819812e-13
8.7825000000000006,0,8.2110984678251949e-13
8.7829999999999995,0,7.92399479365713e-13
8.7835000000000001,0,7.6467721044082286e-13
8.7840000000000007,0,7.3792083554735659e-13
8.7844999999999995,0,7.1207484353408292e-13
8.7850000000000001,0,6.8712813217075567e-13
8.7855000000000008,0,6.6304739476663597e-13
8.7859999999999996,0,6.3978822240073894e-13
8.7865000000000002,0,6.1733951284281829e-13
8.7870000000000008,0,5.9567906163238145e-13
8.7874999999999996,0,5.7476245984844354e-13
8.7880000000000003,0,5.5456750303051198e-13
8.7885000000000009,0,5.3507198671809419e-13
8.7889999999999997,0,5.1625370645069779e-13
8.7895000000000003,0,4.9809045776783019e-13
8.7899999999999991,0,4.8056003620899901e-13
8.7904999999999998,0,4.6362913508346537e-13
8.7910000000000004,0,4.4728665216098309e-13
8.7914999999999992,0,4.3151038298105957e-13
8.7919999999999998,0,4.1628922531344869e-13
8.7925000000000004,0,4.015898724674116e-13
8.7929999999999993,0,3.8740122221270213e-13
8.7934999999999999,0,3.7372327454932017e-13
8.7940000000000005,0,3.6050051832603457e-13
8.7944999999999993,0,3.4774405577309151e-13
8.7949999999999999,0,3.3543168242999857e-13
8.7955000000000005,0,3.235411938362631e-13
8.7959999999999994,0,3.1206148776163902e-13
8.7965,0,3.0099256420612618e-13
8.7970000000000006,0,2.9031221870923219e-13
8.7974999999999994,0,2.7999824681046448e-13
8.798,0,2.7005064850982309e-13
8.7985000000000007,0,2.6044721934681548e-13
8.7989999999999995,0,2.5117685709119543e-13
8.7995000000000001,0,2.4223956174296292e-13
8.8000000000000007,0,2.3361312884162542e-13
8.8004999999999995,0,2.2528645615693677e-13
8.8010000000000002,0,2.1724844145865063e-13
8.8015000000000008,0,2.094879825165208e-13
8.8019999999999996,0,2.0199397710030099e-13
8.8025000000000002,0,1.9475532297974497e-13
8.8030000000000008,0,1.8778312238509899e-13
8.8034999999999997,0,1.8105517085587052e-13
8.8040000000000003,0,1.7456036616181336e-13
8.8045000000000009,0,1.6829870830292749e-13
8.8049999999999997,0,1.6224799281872039e-13
8.8055000000000003,0,1.5641932193943832e-13
8.8059999999999992,0,1.5079049120458877e-13
8.8064999999999998,0,1.4536150061417174e-13
8.8070000000000004,0,1.40121247937941e-13
8.8074999999999992,0,1.3505863094565029e-13
8.8079999999999998,0,1.3018475186754585e-13
8.8085000000000004,0,1.2548850847338144e-13
8.8089999999999993,0,1.2094769630266456e-13
8.8094999999999999,0,1.165623153553952e-13
8.8100000000000005,0,1.1233236563157333e-13
8.8104999999999993,0,1.0824674490095276e-13
8.8109999999999999,0,1.0431655539377971e-13
8.8115000000000006,0,1.0053069487980792e-13
8.8119999999999994,0,9.6878061128791162e-14
8.8125,0,9.3347551910483157e-14
8.8130000000000006,0,8.9939167224883934e-14
8.8134999999999994,0,8.6652907071993468e-14
8.8140000000000001,0,8.3488771451811772e-14
8.8145000000000007,0,8.0424555903846337e-14
8.8149999999999995,0,7.7471362658343418e-14
8.8155000000000001,0,7.4629191715303028e-14
8.8160000000000007,0,7.1886940844478886e-14
8.8164999999999996,0,6.9233507815624764e-14
8.8170000000000002,0,6.6679994858986904e-14
8.8175000000000008,0,6.4215299744319052e-14
8.8179999999999996,0,6.1850524701867473e-14
8.8185000000000002,0,5.9563465271139648e-14
8.8190000000000008,0,5.7354121452135589e-14
8.8194999999999997,0,5.5222493244855284e-14
8.8200000000000003,0,5.3168580649298744e-14
8.8204999999999991,0,5.1181281435219717e-14
8.8209999999999997,0,4.9271697832864449e-14
8.8215000000000003,0,4.743982984223294e-14
8.8219999999999992,0,4.566347300283269e-14
8.8224999999999998,0,4.3953729544909945e-14
8.8230000000000004,0,4.2299497238218464e-14
8.8234999999999992,0,4.0711878313004489e-14
8.8239999999999998,0,3.9179770539021772e-14
8.8245000000000005,0,3.7692071686024065e-14
8.8249999999999993,0,3.6270986214503863e-14
8.8254999999999999,0,3.4894309663968671e-14
8.8260000000000005,0,3.3562042034418483e-14
8.8264999999999993,0,3.2285285556099553e-14
8.827,0,3.1052937998765627e-14
8.8275000000000006,0,2.9864999362416711e-14
8.8279999999999994,0,2.8721469647052798e-14
8.8285,0,2.7611246622427642e-14
8.8290000000000006,0,2.6545432518787492e-14
8.8294999999999995,0,2.5512925105886099e-14
8.8300000000000001,0,2.4524826613969709e-14
8.8305000000000007,0,2.3570034812792075e-14
8.8309999999999995,0,2.2659651932599444e-14
8.8315000000000001,0,2.178257574314557e-14
8.8320000000000007,0,2.0927704014184201e-14
8.8324999999999996,0,2.0117241206207835e-14
8.8330000000000002,0,1.9328982858723975e-14
8.8335000000000008,0,1.8562928971732616e-14
8.8339999999999996,0,1.7830181775480013e-14
8.8345000000000002,0,1.7130741269966167e-14
8.8350000000000009,0,1.6442402994698568e-14
8.8354999999999997,0,1.5787371410169725e-14
8.8360000000000003,0,1.5165646516379638e-14
8.8364999999999991,0,1.4555023852835802e-14
8.8369999999999997,0,1.3966605649784469e-14
8.8375000000000004,0,1.3389289676979387e-14
8.8379999999999992,0,1.2856382625159312e-14
8.8384999999999998,0,1.2334577803585489e-14
8.8390000000000004,0,1.1834977442504168e-14
8.8394999999999992,0,1.13464793116691e-14
8.8399999999999999,0,1.0891287871572785e-14
8.8405000000000005,0,1.0436096431476471e-14
8.8409999999999993,0,1.000310945187266e-14
8.8414999999999999,0,9.5812247025151006e-15
8.8420000000000005,0,9.1815444136500449e-15
8.8424999999999994,0,8.7929663550312401e-15
8.843,0,8.4154905266586863e-15
8.8435000000000006,0,8.0602191587786359e-15
8.8439999999999994,0,7.716050021144838e-15
8.8445,0,7.3940853440035419e-15
8.8450000000000006,0,7.0721206668622475e-15
8.8454999999999995,0,6.7612582199672032e-15
8.8460000000000001,0,6.4614980033184114e-15
8.8465000000000007,0,6.1728400169158705e-15
8.8469999999999995,0,5.9063864910058331e-15
8.8475000000000001,0,5.6510351953420466e-15
8.8480000000000008,0,5.4067861299245127e-15
8.8484999999999996,0,5.1736392947532296e-15
8.8490000000000002,0,4.9404924595819466e-15
8.8495000000000008,0,4.7073456244106636e-15
8.8499999999999996,0,4.496403249731884e-15
8.8505000000000003,0,4.2854608750531044e-15
8.8510000000000009,0,4.0856207306205758e-15
8.8514999999999997,0,3.8857805861880479e-15
8.8520000000000003,0,3.7081449022480227e-15
8.8524999999999991,0,3.5416114485542492e-15
8.8529999999999998,0,3.3750779948604757e-15
8.8535000000000004,0,3.219646771412954e-15
8.8539999999999992,0,3.0642155479654322e-15
8.8544999999999998,0,2.9198865547641618e-15
8.8550000000000004,0,2.7755575615628914e-15
8.8554999999999993,0,2.6312285683616209e-15
8.8559999999999999,0,2.4980018054066022e-15
8.8565000000000005,0,2.3758772726978348e-15
8.8569999999999993,0,2.2537527399890679e-15
8.8574999999999999,0,2.1316282072803005e-15
8.8580000000000005,0,2.0206059048177848e-15
8.8584999999999994,0,1.9095836023552692e-15
8.859,0,1.7985612998927535e-15
8.8595000000000006,0,1.6986412276764896e-15
8.8599999999999994,0,1.609823385706477e-15
8.8605,0,1.5210055437364644e-15
8.8610000000000007,0,1.432187701766452e-15
8.8614999999999995,0,1.3544720900426909e-15
8.8620000000000001,0,1.27675647831893e-15
8.8625000000000007,0,1.2101430968414207e-15
8.8629999999999995,0,1.1435297153639113e-15
8.8635000000000002,0,1.0769163338864018e-15
8.8640000000000008,0,1.0103029524088924e-15
8.8644999999999996,0,9.5479180117763459e-16
8.8650000000000002,0,8.9928064994637676e-16
8.8655000000000008,0,8.4376949871511893e-16
8.8659999999999997,0,7.9936057773011273e-16
8.8665000000000003,0,7.5495165674510643e-16
8.8670000000000009,0,7.1054273576010023e-16
8.8674999999999997,0,6.6613381477509392e-16
8.8680000000000003,0,6.2172489379008762e-16
8.8684999999999992,0,5.7731597280508142e-16
8.8689999999999998,0,5.3290705182007512e-16
8.8695000000000004,0,4.9960036108132044e-16
8.8699999999999992,0,4.6629367034256577e-16
8.8704999999999998,0,4.3298697960381104e-16
8.8710000000000004,0,3.9968028886505636e-16
8.8714999999999993,0,3.6637359812630164e-16
8.8719999999999999,0,3.3306690738754696e-16
8.8725000000000005,0,2.9976021664879229e-16
8.8729999999999993,0,2.6645352591003756e-16
8.8734999999999999,0,2.3314683517128288e-16
8.8740000000000006,0,2.1094237467877973e-16
8.8744999999999994,0,1.9984014443252818e-16
8.875,0,1.8873791418627661e-16
8.8755000000000006,0,1.7763568394002506e-16
8.8759999999999994,0,1.6653345369377348e-16
8.8765000000000001,0,1.5543122344752191e-16
8.8770000000000007,0,1.4432899320127036e-16
8.8774999999999995,0,1.3322676295501878e-16
8.8780000000000001,0,1.2212453270876723e-16
8.8785000000000007,0,1.1102230246251565e-16
8.8789999999999996,0,9.9920072216264091e-17
8.8795000000000002,0,8.8817841970012528e-17
8.8800000000000008,0,7.7715611723760953e-17
8.8804999999999996,0,6.661338147750939e-17
8.8810000000000002,0,5.5511151231257827e-17
8.8815000000000008,0,4.4408920985006264e-17
8.8819999999999997,0,3.3306690738754695e-17
8.8825000000000003,0,2.2204460492503132e-17
8.8829999999999991,0,1.1102230246251566e-17
8.8834999999999997,0,0
8.8840000000000003,0,0
8.8844999999999992,0,0
8.8849999999999998,0,0
8.8855000000000004,0,0
8.8859999999999992,0,0
8.8864999999999998,0,0
8.8870000000000005,0,0
8.8874999999999993,0,0
8.8879999999999999,0,0
8.8885000000000005,0,0
8.8889999999999993,0,0
8.8895,0,0
8.8900000000000006,0,0
8.8904999999999994,0,0
8.891,0,0
8.8915000000000006,0,0
8.8919999999999995,0,0
8.8925000000000001,0,0
8.8930000000000007,0,0
8.8934999999999995,0,0
8.8940000000000001,0,0
8.8945000000000007,0,0
8.8949999999999996,0,0
8.8955000000000002,0,0
8.8960000000000008,0,0
8.8964999999999996,0,0
8.8970000000000002,0,0
8.8975000000000009,0,0
8.8979999999999997,0,0
8.8985000000000003,0,0
8.8989999999999991,0,0
8.8994999999999997,0,0
8.9000000000000004,0,0
8.9004999999999992,0,0
8.9009999999999998,0,0
8.9015000000000004,0,0
8.9019999999999992,0,0
8.9024999999999999,0,0
8.9030000000000005,0,0
8.9034999999999993,0,0
8.9039999999999999,0,0
8.9045000000000005,0,0
8.9049999999999994,0,0
8.9055,0,0
8.9060000000000006,0,0
8.9064999999999994,0,0
8.907,0,0
8.9075000000000006,0,0
8.9079999999999995,0,0
8.9085000000000001,0,0
8.9090000000000007,0,0
8.9094999999999995,0,0
8.9100000000000001,0,0
8.9105000000000008,0,0
8.9109999999999996,0,0
8.9115000000000002,0,0
8.9120000000000008,0,0
8.9124999999999996,0,0
8.9130000000000003,0,0
8.9135000000000009,0,0
8.9139999999999997,0,0
8.9145000000000003,0,0
8.9149999999999991,0,0
8.9154999999999998,0,0
8.9160000000000004,0,0
8.9164999999999992,0,0
8.9169999999999998,0,0
8.9175000000000004,0,0
8.9179999999999993,0,0
8.9184999999999999,0,0
8.9190000000000005,0,0
8.9194999999999993,0,0
8.9199999999999999,0,0
8.9205000000000005,0,0
8.9209999999999994,0,0
8.9215,0,0
8.9220000000000006,0,0
8.9224999999999994,0,0
8.923,0,0
8.9235000000000007,0,0
8.9239999999999995,0,0
8.9245000000000001,0,0
8.9250000000000007,0,0
8.9254999999999995,0,0
8.9260000000000002,0,0
8.9265000000000008,0,0
8.9269999999999996,0,0
8.9275000000000002,0,0
8.9280000000000008,0,0
8.9284999999999997,0,0
8.9290000000000003,0,0
8.9295000000000009,0,0
8.9299999999999997,0,0
8.9305000000000003,0,0
8.9309999999999992,0,0
8.9314999999999998,0,0
8.9320000000000004,0,0
8.9324999999999992,0,0
8.9329999999999998,0,0
8.9335000000000004,0,0
8.9339999999999993,0,0
8.9344999999999999,0,0
8.9350000000000005,0,0
8.9354999999999993,0,0
8.9359999999999999,0,0
8.9365000000000006,0,0
8.9369999999999994,0,0
8.9375,0,0
8.9380000000000006,0,0
8.9384999999999994,0,0
8.9390000000000001,0,0
8.9395000000000007,0,0
8.9399999999999995,0,0
8.9405000000000001,0,0
8.9410000000000007,0,0
8.9414999999999996,0,0
8.9420000000000002,0,0
8.9425000000000008,0,0
8.9429999999999996,0,0
8.9435000000000002,0,0
8.9440000000000008,0,0
8.9444999999999997,0,0
8.9450000000000003,0,0
8.9454999999999991,0,0
8.9459999999999997,0,0
8.9465000000000003,0,0
8.9469999999999992,0,0
8.9474999999999998,0,0
8.9480000000000004,0,0
8.9484999999999992,0,0
8.9489999999999998,0,0
8.9495000000000005,0,0
8.9499999999999993,0,0
8.9504999999999999,0,0
8.9510000000000005,0,0
8.9514999999999993,0,0
8.952,0,0
8.9525000000000006,0,0
8.9529999999999994,0,0
8.9535,0,0
8.9540000000000006,0,0
8.9544999999999995,0,0
8.9550000000000001,0,0
8.9555000000000007,0,0
8.9559999999999995,0,0
8.9565000000000001,0,0
8.9570000000000007,0,0
8.9574999999999996,0,0
8.9580000000000002,0,0
8.9585000000000008,0,0
8.9589999999999996,0,0
8.9595000000000002,0,0
8.9600000000000009,0,0
8.9604999999999997,0,0
8.9610000000000003,0,0
8.9614999999999991,0,0
8.9619999999999997,0,0
8.9625000000000004,0,0
8.9629999999999992,0,0
8.9634999999999998,0,0
8.9640000000000004,0,0
8.9644999999999992,0,0
8.9649999999999999,0,0
8.9655000000000005,0,0
8.9659999999999993,0,0
8.9664999999999999,0,0
8.9670000000000005,0,0
8.9674999999999994,0,0
8.968,0,0
8.9685000000000006,0,0
8.9689999999999994,0,0
8.9695,0,0
8.9700000000000006,0,0
8.9704999999999995,0,0
8.9710000000000001,0,0
8.9715000000000007,0,0
8.9719999999999995,0,0
8.9725000000000001,0,0
8.9730000000000008,0,0
8.9734999999999996,0,0
8.9740000000000002,0,0
8.9745000000000008,0,0
8.9749999999999996,0,0
8.9755000000000003,0,0
8.9760000000000009,0,0
8.9764999999999997,0,0
8.9770000000000003,0,0
8.9774999999999991,0,0
8.9779999999999998,0,0
8.9785000000000004,0,0
8.9789999999999992,0,0
8.9794999999999998,0,0
8.9800000000000004,0,0
8.9804999999999993,0,0
8.9809999999999999,0,0
8.9815000000000005,0,0
8.9819999999999993,0,0
8.9824999999999999,0,0
8.9830000000000005,0,0
8.9834999999999994,0,0
8.984,0,0
8.9845000000000006,0,0
8.9849999999999994,0,0
8.9855,0,0
8.9860000000000007,0,0
8.9864999999999995,0,0
8.9870000000000001,0,0
8.9875000000000007,0,0
8.9879999999999995,0,0
8.9885000000000002,0,0
8.9890000000000008,0,0
8.9894999999999996,0,0
8.9900000000000002,0,0
8.9905000000000008,0,0
8.9909999999999997,0,0
8.9915000000000003,0,0
8.9920000000000009,0,0
8.9924999999999997,0,0
8.9930000000000003,0,0
8.9934999999999992,0,0
8.9939999999999998,0,0
8.9945000000000004,0,0
8.9949999999999992,0,0
8.9954999999999998,0,0
8.9960000000000004,0,0
8.9964999999999993,0,0
8.9969999999999999,0,0
8.9975000000000005,0,0
8.9979999999999993,0,0
8.9984999999999999,0,0
8.9990000000000006,0,0
8.9994999999999994,0,0
9,0,0
9.0005000000000006,0,0
9.0009999999999994,0,0
9.0015000000000001,0,0
9.0020000000000007,0,0
9.0024999999999995,0,0
9.0030000000000001,0,0
9.0035000000000007,0,0
9.0039999999999996,0,0
9.0045000000000002,0,0
9.0050000000000008,0,0
9.0054999999999996,0,0
9.0060000000000002,0,0
9.0065000000000008,0,0
9.0069999999999997,0,0
9.0075000000000003,0,0
9.0079999999999991,0,0
9.0084999999999997,0,0
9.0090000000000003,0,0
9.0094999999999992,0,0
9.0099999999999998,0,0
9.0105000000000004,0,0
9.0109999999999992,0,0
9.0114999999999998,0,0
9.0120000000000005,0,0
9.0124999999999993,0,0
9.0129999999999999,0,0
9.0135000000000005,0,0
9.0139999999999993,0,0
9.0145,0,0
9.0150000000000006,0,0
9.0154999999999994,0,0
9.016,0,0
9.0165000000000006,0,0
9.0169999999999995,0,0
9.0175000000000001,0,0
9.0180000000000007,0,0
9.0184999999999995,0,0
9.0190000000000001,0,0
9.0195000000000007,0,0
9.0199999999999996,0,0
9.0205000000000002,0,0
9.0210000000000008,0,0
9.0214999999999996,0,0
9.0220000000000002,0,0
9.0225000000000009,0,0
9.0229999999999997,0,0
9.0235000000000003,0,0
9.0239999999999991,0,0
9.0244999999999997,0,0
9.0250000000000004,0,0
9.0254999999999992,0,0
9.0259999999999998,0,0
9.0265000000000004,0,0
9.0269999999999992,0,0
9.0274999999999999,0,0
9.0280000000000005,0,0
9.0284999999999993,0,0
9.0289999999999999,0,0
9.0295000000000005,0,0
9.0299999999999994,0,0
9.0305,0,0
9.0310000000000006,0,0
9.0314999999999994,0,0
9.032,0,0
9.0325000000000006,0,0
9.0329999999999995,0,0
9.0335000000000001,0,0
9.0340000000000007,0,0
9.0344999999999995,0,0
9.0350000000000001,0,0
9.0355000000000008,0,0
9.0359999999999996,0,0
9.0365000000000002,0,0
9.0370000000000008,0,0
9.0374999999999996,0,0
9.0380000000000003,0,0
9.0385000000000009,0,0
9.0389999999999997,0,0
9.0395000000000003,0,0
9.0399999999999991,0,0
9.0404999999999998,0,0
9.0410000000000004,0,0
9.0414999999999992,0,0
9.0419999999999998,0,0
9.0425000000000004,0,0
9.0429999999999993,0,0
9.0434999999999999,0,0
9.0440000000000005,0,0
9.0444999999999993,0,0
9.0449999999999999,0,0
9.0455000000000005,0,0
9.0459999999999994,0,0
9.0465,0,0
9.0470000000000006,0,0
9.0474999999999994,0,0
9.048,0,0
9.0485000000000007,0,0
9.0489999999999995,0,0
9.0495000000000001,0,0
9.0500000000000007,0,0
9.0504999999999995,0,0
9.0510000000000002,0,0
9.0515000000000008,0,0
9.0519999999999996,0,0
9.0525000000000002,0,0
9.0530000000000008,0,0
9.0534999999999997,0,0
9.0540000000000003,0,0
9.0545000000000009,0,0
9.0549999999999997,0,0
9.0555000000000003,0,0
9.0559999999999992,0,0
9.0564999999999998,0,0
9.0570000000000004,0,0
9.0574999999999992,0,0
9.0579999999999998,0,0
9.0585000000000004,0,0
9.0589999999999993,0,0
9.0594999999999999,0,0
9.0600000000000005,0,0
9.0604999999999993,0,0
9.0609999999999999,0,0
9.0615000000000006,0,0
9.0619999999999994,0,0
9.0625,0,0
9.0630000000000006,0,0
9.0634999999999994,0,0
9.0640000000000001,0,0
9.0645000000000007,0,0
9.0649999999999995,0,0
9.0655000000000001,0,0
9.0660000000000007,0,0
9.0664999999999996,0,0
9.0670000000000002,0,0
9.0675000000000008,0,0
9.0679999999999996,0,0
9.0685000000000002,0,0
9.0690000000000008,0,0
9.0694999999999997,0,0
9.0700000000000003,0,0
9.0704999999999991,0,0
9.0709999999999997,0,0
9.0715000000000003,0,0
9.0719999999999992,0,0
9.0724999999999998,0,0
9.0730000000000004,0,0
9.0734999999999992,0,0
9.0739999999999998,0,0
9.0745000000000005,0,0
9.0749999999999993,0,0
9.0754999999999999,0,0
9.0760000000000005,0,0
9.0764999999999993,0,0
9.077,0,0
9.0775000000000006,0,0
9.0779999999999994,0,0
9.0785,0,0
9.0790000000000006,0,0
9.0794999999999995,0,0
9.0800000000000001,0,0
9.0805000000000007,0,0
9.0809999999999995,0,0
9.0815000000000001,0,0
9.0820000000000007,0,0
9.0824999999999996,0,0
9.0830000000000002,0,0
9.0835000000000008,0,0
9.0839999999999996,0,0
9.0845000000000002,0,0
9.0850000000000009,0,0
9.0854999999999997,0,0
9.0860000000000003,0,0
9.0864999999999991,0,0
9.0869999999999997,0,0
9.0875000000000004,0,0
9.0879999999999992,0,0
9.0884999999999998,0,0
9.0890000000000004,0,0
9.0894999999999992,0,0
9.0899999999999999,0,0
9.0905000000000005,0,0
9.0909999999999993,0,0
9.0914999999999999,0,0
9.0920000000000005,0,0
9.0924999999999994,0,0
9.093,0,0
9.0935000000000006,0,0
9.0939999999999994,0,0
9.0945,0,0
9.0950000000000006,0,0
9.0954999999999995,0,0
9.0960000000000001,0,0
9.0965000000000007,0,0
9.0969999999999995,0,0
9.0975000000000001,0,0
9.0980000000000008,0,0
9.0984999999999996,0,0
9.0990000000000002,0,0
9.0995000000000008,0,0
9.0999999999999996,0,0
9.1005000000000003,0,0
9.1010000000000009,0,0
9.1014999999999997,0,0
9.1020000000000003,0,0
9.1024999999999991,0,0
9.1029999999999998,0,0
9.1035000000000004,0,0
9.1039999999999992,0,0
9.1044999999999998,0,0
9.1050000000000004,0,0
9.1054999999999993,0,0
9.1059999999999999,0,0
9.1065000000000005,0,0
9.1069999999999993,0,0
9.1074999999999999,0,0
9.1080000000000005,0,0
9.1084999999999994,0,0
9.109,0,0
9.1095000000000006,0,0
9.1099999999999994,0,0
9.1105,0,0
9.1110000000000007,0,0
9.1114999999999995,0,0
9.1120000000000001,0,0
9.1125000000000007,0,0
9.1129999999999995,0,0
9.1135000000000002,0,0
9.1140000000000008,0,0
9.1144999999999996,0,0
9.1150000000000002,0,0
9.1155000000000008,0,0
9.1159999999999997,0,0
9.1165000000000003,0,0
9.1170000000000009,0,0
9.1174999999999997,0,0
9.1180000000000003,0,0
9.1184999999999992,0,0
9.1189999999999998,0,0
9.1195000000000004,0,0
9.1199999999999992,0,0
9.1204999999999998,0,0
9.1210000000000004,0,0
9.1214999999999993,0,0
9.1219999999999999,0,0
9.1225000000000005,0,0
9.1229999999999993,0,0
9.1234999999999999,0,0
9.1240000000000006,0,0
9.1244999999999994,0,0
9.125,0,0
9.1255000000000006,0,0
9.1259999999999994,0,0
9.1265000000000001,0,0
9.1270000000000007,0,0
9.1274999999999995,0,0
9.1280000000000001,0,0
9.1285000000000007,0,0
9.1289999999999996,0,0
9.1295000000000002,0,0
9.1300000000000008,0,0
9.1304999999999996,0,0
9.1310000000000002,0,0
9.1315000000000008,0,0
9.1319999999999997,0,0
9.1325000000000003,0,0
9.1329999999999991,0,0
9.1334999999999997,0,0
9.1340000000000003,0,0
9.1344999999999992,0,0
9.1349999999999998,0,0
9.1355000000000004,0,0
9.1359999999999992,0,0
9.1364999999999998,0,0
9.1370000000000005,0,0
9.1374999999999993,0,0
9.1379999999999999,0,0
9.1385000000000005,0,0
9.1389999999999993,0,0
9.1395,0,0
9.1400000000000006,0,0
9.1404999999999994,0,0
9.141,0,0
9.1415000000000006,0,0
9.1419999999999995,0,0
9.1425000000000001,0,0
9.1430000000000007,0,0
9.1434999999999995,0,0
9.1440000000000001,0,0
9.1445000000000007,0,0
9.1449999999999996,0,0
9.1455000000000002,0,0
9.1460000000000008,0,0
9.1464999999999996,0,0
9.1470000000000002,0,0
9.1475000000000009,0,0
9.1479999999999997,0,0
9.1485000000000003,0,0
9.1489999999999991,0,0
9.1494999999999997,0,0
9.1500000000000004,0,0
9.1504999999999992,0,0
9.1509999999999998,0,0
9.1515000000000004,0,0
9.1519999999999992,0,0
9.1524999999999999,0,0
9.1530000000000005,0,0
9.1534999999999993,0,0
9.1539999999999999,0,0
9.1545000000000005,0,0
9.1549999999999994,0,0
9.1555,0,0
9.1560000000000006,0,0
9.1564999999999994,0,0
9.157,0,0
9.1575000000000006,0,0
9.1579999999999995,0,0
9.1585000000000001,0,0
9.1590000000000007,0,0
9.1594999999999995,0,0
9.1600000000000001,0,0
9.1605000000000008,0,0
9.1609999999999996,0,0
9.1615000000000002,0,0
9.1620000000000008,0,0
9.1624999999999996,0,0
9.1630000000000003,0,0
9.1635000000000009,0,0
9.1639999999999997,0,0
9.1645000000000003,0,0
9.1649999999999991,0,0
9.1654999999999998,0,0
9.1660000000000004,0,0
9.1664999999999992,0,0
9.1669999999999998,0,0
9.1675000000000004,0,0
9.1679999999999993,0,0
9.1684999999999999,0,0
9.1690000000000005,0,0
9.1694999999999993,0,0
9.1699999999999999,0,0
9.1705000000000005,0,0
9.1709999999999994,0,0
9.1715,0,0
9.1720000000000006,0,0
9.1724999999999994,0,0
9.173,0,0
9.1735000000000007,0,0
9.1739999999999995,0,0
9.1745000000000001,0,0
9.1750000000000007,0,0
9.1754999999999995,0,0
9.1760000000000002,0,0
9.1765000000000008,0,0
9.1769999999999996,0,0
9.1775000000000002,0,0
9.1780000000000008,0,0
9.1784999999999997,0,0
9.1790000000000003,0,0
9.1795000000000009,0,0
9.1799999999999997,0,0
9.1805000000000003,0,0
9.1809999999999992,0,0
9.1814999999999998,0,0
9.1820000000000004,0,0
9.1824999999999992,0,0
9.1829999999999998,0,0
9.1835000000000004,0,0
9.1839999999999993,0,0
9.1844999999999999,0,0
9.1850000000000005,0,0
9.1854999999999993,0,0
9.1859999999999999,0,0
9.1865000000000006,0,0
9.1869999999999994,0,0
9.1875,0,0
9.1880000000000006,0,0
9.1884999999999994,0,0
9.1890000000000001,0,0
9.1895000000000007,0,0
9.1899999999999995,0,0
9.1905000000000001,0,0
9.1910000000000007,0,0
9.1914999999999996,0,0
9.1920000000000002,0,0
9.1925000000000008,0,0
9.1929999999999996,0,0
9.1935000000000002,0,0
9.1940000000000008,0,0
9.1944999999999997,0,0
9.1950000000000003,0,0
9.1954999999999991,0,0
9.1959999999999997,0,0
9.1965000000000003,0,0
9.1969999999999992,0,0
9.1974999999999998,0,0
9.1980000000000004,0,0
9.1984999999999992,0,0
9.1989999999999998,0,0
9.1995000000000005,0,0
9.1999999999999993,0,0
9.2004999999999999,0,0
9.2010000000000005,0,0
9.2014999999999993,0,0
9.202,0,0
9.2025000000000006,0,0
9.2029999999999994,0,0
9.2035,0,0
9.2040000000000006,0,0
9.2044999999999995,0,0
9.2050000000000001,0,0
9.2055000000000007,0,0
9.2059999999999995,0,0
9.2065000000000001,0,0
9.2070000000000007,0,0
9.2074999999999996,0,0
9.2080000000000002,0,0
9.2085000000000008,0,0
9.2089999999999996,0,0
9.2095000000000002,0,0
9.2100000000000009,0,0
9.2104999999999997,0,0
9.2110000000000003,0,0
9.2114999999999991,0,0
9.2119999999999997,0,0
9.2125000000000004,0,0
9.2129999999999992,0,0
9.2134999999999998,0,0
9.2140000000000004,0,0
9.2144999999999992,0,0
9.2149999999999999,0,0
9.2155000000000005,0,0
9.2159999999999993,0,0
9.2164999999999999,0,0
9.2170000000000005,0,0
9.2174999999999994,0,0
9.218,0,0
9.2185000000000006,0,0
9.2189999999999994,0,0
9.2195,0,0
9.2200000000000006,0,0
9.2204999999999995,0,0
9.2210000000000001,0,0
9.2215000000000007,0,0
9.2219999999999995,0,0
9.2225000000000001,0,0
9.2230000000000008,0,0
9.2234999999999996,0,0
9.2240000000000002,0,0
9.2245000000000008,0,0
9.2249999999999996,0,0
9.2255000000000003,0,0
9.2260000000000009,0,0
9.2264999999999997,0,0
9.2270000000000003,0,0
9.2274999999999991,0,0
9.2279999999999998,0,0
9.2285000000000004,0,0
9.2289999999999992,0,0
9.2294999999999998,0,0
9.2300000000000004,0,0
9.2304999999999993,0,0
9.2309999999999999,0,0
9.2315000000000005,0,0
9.2319999999999993,0,0
9.2324999999999999,0,0
9.2330000000000005,0,0
9.2334999999999994,0,0
9.234,0,0
9.2345000000000006,0,0
9.2349999999999994,0,0
9.2355,0,0
9.2360000000000007,0,0
9.2364999999999995,0,0
9.2370000000000001,0,0
9.2375000000000007,0,0
9.2379999999999995,0,0
9.2385000000000002,0,0
9.2390000000000008,0,0
9.2394999999999996,0,0
9.2400000000000002,0,0
9.2405000000000008,0,0
9.2409999999999997,0,0
9.2415000000000003,0,0
9.2420000000000009,0,0
9.2424999999999997,0,0
9.2430000000000003,0,0
9.2434999999999992,0,0
9.2439999999999998,0,0
9.2445000000000004,0,0
9.2449999999999992,0,0
9.2454999999999998,0,0
9.2460000000000004,0,0
9.2464999999999993,0,0
9.2469999999999999,0,0
9.2475000000000005,0,0
9.2479999999999993,0,0
9.2484999999999999,0,0
9.2490000000000006,0,0
9.2494999999999994,0,0
9.25,0,0
9.2505000000000006,0,0
9.2509999999999994,0,0
9.2515000000000001,0,0
9.2520000000000007,0,0
9.2524999999999995,0,0
9.2530000000000001,0,0
9.2535000000000007,0,0
9.2539999999999996,0,0
9.2545000000000002,0,0
9.2550000000000008,0,0
9.2554999999999996,0,0
9.2560000000000002,0,0
9.2565000000000008,0,0
9.2569999999999997,0,0
9.2575000000000003,0,0
9.2579999999999991,0,0
9.2584999999999997,0,0
9.2590000000000003,0,0
9.2594999999999992,0,0
9.2599999999999998,0,0
9.2605000000000004,0,0
9.2609999999999992,0,0
9.2614999999999998,0,0
9.2620000000000005,0,0
9.2624999999999993,0,0
9.2629999999999999,0,0
9.2635000000000005,0,0
9.2639999999999993,0,0
9.2645,0,0
9.2650000000000006,0,0
9.2654999999999994,0,0
9.266,0,0
9.2665000000000006,0,0
9.2669999999999995,0,0
9.2675000000000001,0,0
9.2680000000000007,0,0
9.2684999999999995,0,0
9.2690000000000001,0,0
9.2695000000000007,0,0
9.2699999999999996,0,0
9.2705000000000002,0,0
9.2710000000000008,0,0
9.2714999999999996,0,0
9.2720000000000002,0,0
9.2725000000000009,0,0
9.2729999999999997,0,0
9.2735000000000003,0,0
9.2739999999999991,0,0
9.2744999999999997,0,0
9.2750000000000004,0,0
9.2754999999999992,0,0
9.2759999999999998,0,0
9.2765000000000004,0,0
9.2769999999999992,0,0
9.2774999999999999,0,0
9.2780000000000005,0,0
9.2784999999999993,0,0
9.2789999999999999,0,0
9.2795000000000005,0,0
9.2799999999999994,0,0
9.2805,0,0
9.2810000000000006,0,0
9.2814999999999994,0,0
9.282,0,0
9.2825000000000006,0,0
9.2829999999999995,0,0
9.2835000000000001,0,0
9.2840000000000007,0,0
9.2844999999999995,0,0
9.2850000000000001,0,0
9.2855000000000008,0,0
9.2859999999999996,0,0
9.2865000000000002,0,0
9.2870000000000008,0,0
9.2874999999999996,0,0
9.2880000000000003,0,0
9.2885000000000009,0,0
9.2889999999999997,0,0
9.2895000000000003,0,0
9.2899999999999991,0,0
9.2904999999999998,0,0
9.2910000000000004,0,0
9.2914999999999992,0,0
9.2919999999999998,0,0
9.2925000000000004,0,0
9.2929999999999993,0,0
9.2934999999999999,0,0
9.2940000000000005,0,0
9.2944999999999993,0,0
9.2949999999999999,0,0
9.2955000000000005,0,0
9.2959999999999994,0,0
9.2965,0,0
9.2970000000000006,0,0
9.2974999999999994,0,0
9.298,0,0
9.2985000000000007,0,0
9.2989999999999995,0,0
9.2995000000000001,0,0
9.3000000000000007,0,0
9.3004999999999995,0,0
9.3010000000000002,0,0
9.3015000000000008,0,0
9.3019999999999996,0,0
9.3025000000000002,0,0
9.3030000000000008,0,0
9.3034999999999997,0,0
9.3040000000000003,0,0
9.3045000000000009,0,0
9.3049999999999997,0,0
9.3055000000000003,0,0
9.3059999999999992,0,0
9.3064999999999998,0,0
9.3070000000000004,0,0
9.3074999999999992,0,0
9.3079999999999998,0,0
9.3085000000000004,0,0
9.3089999999999993,0,0
9.3094999999999999,0,0
9.3100000000000005,0,0
9.3104999999999993,0,0
9.3109999999999999,0,0
9.3115000000000006,0,0
9.3119999999999994,0,0
9.3125,0,0
9.3130000000000006,0,0
9.3134999999999994,0,0
9.3140000000000001,0,0
9.3145000000000007,0,0
9.3149999999999995,0,0
9.3155000000000001,0,0
9.3160000000000007,0,0
9.3164999999999996,0,0
9.3170000000000002,0,0
9.3175000000000008,0,0
9.3179999999999996,0,0
9.3185000000000002,0,0
9.3190000000000008,0,0
9.3194999999999997,0,0
9.3200000000000003,0,0
9.3204999999999991,0,0
9.3209999999999997,0,0
9.3215000000000003,0,0
9.3219999999999992,0,0
9.3224999999999998,0,0
9.3230000000000004,0,0
9.3234999999999992,0,0
9.3239999999999998,0,0
9.3245000000000005,0,0
9.3249999999999993,0,0
9.3254999999999999,0,0
9.3260000000000005,0,0
9.3264999999999993,0,0
9.327,0,0
9.3275000000000006,0,0
9.3279999999999994,0,0
9.3285,0,0
9.3290000000000006,0,0
9.3294999999999995,0,0
9.3300000000000001,0,0
9.3305000000000007,0,0
9.3309999999999995,0,0
9.3315000000000001,0,0
9.3320000000000007,0,0
9.3324999999999996,0,0
9.3330000000000002,0,0
9.3335000000000008,0,0
9.3339999999999996,0,0
9.3345000000000002,0,0
9.3350000000000009,0,0
9.3354999999999997,0,0
9.3360000000000003,0,0
9.3364999999999991,0,0
9.3369999999999997,0,0
9.3375000000000004,0,0
9.3379999999999992,0,0
9.3384999999999998,0,0
9.3390000000000004,0,0
9.3394999999999992,0,0
9.3399999999999999,0,0
9.3405000000000005,0,0
9.3409999999999993,0,0
9.3414999999999999,0,0
9.3420000000000005,0,0
9.3424999999999994,0,0
9.343,0,0
9.3435000000000006,0,0
9.3439999999999994,0,0
9.3445,0,0
9.3450000000000006,0,0
9.3454999999999995,0,0
9.3460000000000001,0,0
9.3465000000000007,0,0
9.3469999999999995,0,0
9.3475000000000001,0,0
9.3480000000000008,0,0
9.3484999999999996,0,0
9.3490000000000002,0,0
9.3495000000000008,0,0
9.3499999999999996,0,0
9.3505000000000003,0,0
9.3510000000000009,0,0
9.3514999999999997,0,0
9.3520000000000003,0,0
9.3524999999999991,0,0
9.3529999999999998,0,0
9.3535000000000004,0,0
9.3539999999999992,0,0
9.3544999999999998,0,0
9.3550000000000004,0,0
9.3554999999999993,0,0
9.3559999999999999,0,0
9.3565000000000005,0,0
9.3569999999999993,0,0
9.3574999999999999,0,0
9.3580000000000005,0,0
9.3584999999999994,0,0
9.359,0,0
9.3595000000000006,0,0
9.3599999999999994,0,0
9.3605,0,0
9.3610000000000007,0,0
9.3614999999999995,0,0
9.3620000000000001,0,0
9.3625000000000007,0,0
9.3629999999999995,0,0
9.3635000000000002,0,0
9.3640000000000008,0,0
9.3644999999999996,0,0
9.3650000000000002,0,0
9.3655000000000008,0,0
9.3659999999999997,0,0
9.3665000000000003,0,0
9.3670000000000009,0,0
9.3674999999999997,0,0
9.3680000000000003,0,0
9.3684999999999992,0,0
9.3689999999999998,0,0
9.3695000000000004,0,0
9.3699999999999992,0,0
9.3704999999999998,0,0
9.3710000000000004,0,0
9.3714999999999993,0,0
9.3719999999999999,0,0
9.3725000000000005,0,0
9.3729999999999993,0,0
9.3734999999999999,0,0
9.3740000000000006,0,0
9.3744999999999994,0,0
9.375,0,0
9.3755000000000006,0,0
9.3759999999999994,0,0
9.3765000000000001,0,0
9.3770000000000007,0,0
9.3774999999999995,0,0
9.3780000000000001,0,0
9.3785000000000007,0,0
9.3789999999999996,0,0
9.3795000000000002,0,0
9.3800000000000008,0,0
9.3804999999999996,0,0
9.3810000000000002,0,0
9.3815000000000008,0,0
9.3819999999999997,0,0
9.3825000000000003,0,0
9.3829999999999991,0,0
9.3834999999999997,0,0
9.3840000000000003,0,0
9.3844999999999992,0,0
9.3849999999999998,0,0
9.3855000000000004,0,0
9.3859999999999992,0,0
9.3864999999999998,0,0
9.3870000000000005,0,0
9.3874999999999993,0,0
9.3879999999999999,0,0
9.3885000000000005,0,0
9.3889999999999993,0,0
9.3895,0,0
9.3900000000000006,0,0
9.3904999999999994,0,0
9.391,0,0
9.3915000000000006,0,0
9.3919999999999995,0,0
9.3925000000000001,0,0
9.3930000000000007,0,0
9.3934999999999995,0,0
9.3940000000000001,0,0
9.3945000000000007,0,0
9.3949999999999996,0,0
9.3955000000000002,0,0
9.3960000000000008,0,0
9.3964999999999996,0,0
9.3970000000000002,0,0
9.3975000000000009,0,0
9.3979999999999997,0,0
9.3985000000000003,0,0
9.3989999999999991,0,0
9.3994999999999997,0,0
9.4000000000000004,0,0
9.4004999999999992,0,0
9.4009999999999998,0,0
9.4015000000000004,0,0
9.4019999999999992,0,0
9.4024999999999999,0,0
9.4030000000000005,0,0
9.4034999999999993,0,0
9.4039999999999999,0,0
9.4045000000000005,0,0
9.4049999999999994,0,0
9.4055,0,0
9.4060000000000006,0,0
9.4064999999999994,0,0
9.407,0,0
9.4075000000000006,0,0
9.4079999999999995,0,0
9.4085000000000001,0,0
9.4090000000000007,0,0
9.4094999999999995,0,0
9.4100000000000001,0,0
9.4105000000000008,0,0
9.4109999999999996,0,0
9.4115000000000002,0,0
9.4120000000000008,0,0
9.4124999999999996,0,0
9.4130000000000003,0,0
9.4135000000000009,0,0
9.4139999999999997,0,0
9.4145000000000003,0,0
9.4149999999999991,0,0
9.4154999999999998,0,0
9.4160000000000004,0,0
9.4164999999999992,0,0
9.4169999999999998,0,0
9.4175000000000004,0,0
9.4179999999999993,0,0
9.4184999999999999,0,0
9.4190000000000005,0,0
9.4194999999999993,0,0
9.4199999999999999,0,0
9.4205000000000005,0,0
9.4209999999999994,0,0
9.4215,0,0
9.4220000000000006,0,0
9.4224999999999994,0,0
9.423,0,0
9.4235000000000007,0,0
9.4239999999999995,0,0
9.4245000000000001,0,0
9.4250000000000007,0,0
9.4254999999999995,0,0
9.4260000000000002,0,0
9.4265000000000008,0,0
9.4269999999999996,0,0
9.4275000000000002,0,0
9.4280000000000008,0,0
9.4284999999999997,0,0
9.4290000000000003,0,0
9.4295000000000009,0,0
9.4299999999999997,0,0
9.4305000000000003,0,0
9.4309999999999992,0,0
9.4314999999999998,0,0
9.4320000000000004,0,0
9.4324999999999992,0,0
9.4329999999999998,0,0
9.4335000000000004,0,0
9.4339999999999993,0,0
9.4344999999999999,0,0
9.4350000000000005,0,0
9.4354999999999993,0,0
9.4359999999999999,0,0
9.4365000000000006,0,0
9.4369999999999994,0,0
9.4375,0,0
9.4380000000000006,0,0
9.4384999999999994,0,0
9.4390000000000001,0,0
9.4395000000000007,0,0
9.4399999999999995,0,0
9.4405000000000001,0,0
9.4410000000000007,0,0
9.4414999999999996,0,0
9.4420000000000002,0,0
9.4425000000000008,0,0
9.4429999999999996,0,0
9.4435000000000002,0,0
9.4440000000000008,0,0
9.4444999999999997,0,0
9.4450000000000003,0,0
9.4454999999999991,0,0
9.4459999999999997,0,0
9.4465000000000003,0,0
9.4469999999999992,0,0
9.4474999999999998,0,0
9.4480000000000004,0,0
9.4484999999999992,0,0
9.4489999999999998,0,0
9.4495000000000005,0,0
9.4499999999999993,0,0
9.4504999999999999,0,0
9.4510000000000005,0,0
9.4514999999999993,0,0
9.452,0,0
9.4525000000000006,0,0
9.4529999999999994,0,0
9.4535,0,0
9.4540000000000006,0,0
9.4544999999999995,0,0
9.4550000000000001,0,0
9.4555000000000007,0,0
9.4559999999999995,0,0
9.4565000000000001,0,0
9.4570000000000007,0,0
9.4574999999999996,0,0
9.4580000000000002,0,0
9.4585000000000008,0,0
9.4589999999999996,0,0
9.4595000000000002,0,0
9.4600000000000009,0,0
9.4604999999999997,0,0
9.4610000000000003,0,0
9.4614999999999991,0,0
9.4619999999999997,0,0
9.4625000000000004,0,0
9.4629999999999992,0,0
9.4634999999999998,0,0
9.4640000000000004,0,0
9.4644999999999992,0,0
9.4649999999999999,0,0
9.4655000000000005,0,0
9.4659999999999993,0,0
9.4664999999999999,0,0
9.4670000000000005,0,0
9.4674999999999994,0,0
9.468,0,0
9.4685000000000006,0,0
9.4689999999999994,0,0
9.4695,0,0
9.4700000000000006,0,0
9.4704999999999995,0,0
9.4710000000000001,0,0
9.4715000000000007,0,0
9.4719999999999995,0,0
9.4725000000000001,0,0
9.4730000000000008,0,0
9.4734999999999996,0,0
9.4740000000000002,0,0
9.4745000000000008,0,0
9.4749999999999996,0,0
9.4755000000000003,0,0
9.4760000000000009,0,0
9.4764999999999997,0,0
9.4770000000000003,0,0
9.4774999999999991,0,0
9.4779999999999998,0,0
9.4785000000000004,0,0
9.4789999999999992,0,0
9.4794999999999998,0,0
9.4800000000000004,0,0
9.4804999999999993,0,0
9.4809999999999999,0,0
9.4815000000000005,0,0
9.4819999999999993,0,0
9.4824999999999999,0,0
9.4830000000000005,0,0
9.4834999999999994,0,0
9.484,0,0
9.4845000000000006,0,0
9.4849999999999994,0,0
9.4855,0,0
9.4860000000000007,0,0
9.4864999999999995,0,0
9.4870000000000001,0,0
9.4875000000000007,0,0
9.4879999999999995,0,0
9.4885000000000002,0,0
9.4890000000000008,0,0
9.4894999999999996,0,0
9.4900000000000002,0,0
9.4905000000000008,0,0
9.4909999999999997,0,0
9.4915000000000003,0,0
9.4920000000000009,0,0
9.4924999999999997,0,0
9.4930000000000003,0,0
9.4934999999999992,0,0
9.4939999999999998,0,0
9.4945000000000004,0,0
9.4949999999999992,0,0
9.4954999999999998,0,0
9.4960000000000004,0,0
9.4964999999999993,0,0
9.4969999999999999,0,0
9.4975000000000005,0,0
9.4979999999999993,0,0
9.4984999999999999,0,0
9.4990000000000006,0,0
9.4994999999999994,0,0
9.5,0,0
9.5005000000000006,0,0
9.5009999999999994,0,0
9.5015000000000001,0,0
9.5020000000000007,0,0
9.5024999999999995,0,0
9.5030000000000001,0,0
9.5035000000000007,0,0
9.5039999999999996,0,0
9.5045000000000002,0,0
9.5050000000000008,0,0
9.5054999999999996,0,0
9.5060000000000002,0,0
9.5065000000000008,0,0
9.5069999999999997,0,0
9.5075000000000003,0,0
9.5079999999999991,0,0
9.5084999999999997,0,0
9.5090000000000003,0,0
9.5094999999999992,0,0
9.5099999999999998,0,0
9.5105000000000004,0,0
9.5109999999999992,0,0
9.5114999999999998,0,0
9.5120000000000005,0,0
9.5124999999999993,0,0
9.5129999999999999,0,0
9.5135000000000005,0,0
9.5139999999999993,0,0
9.5145,0,0
9.5150000000000006,0,0
9.5154999999999994,0,0
9.516,0,0
9.5165000000000006,0,0
9.5169999999999995,0,0
9.5175000000000001,0,0
9.5180000000000007,0,0
9.5184999999999995,0,0
9.5190000000000001,0,0
9.5195000000000007,0,0
9.5199999999999996,0,0
9.5205000000000002,0,0
9.5210000000000008,0,0
9.5214999999999996,0,0
9.5220000000000002,0,0
9.5225000000000009,0,0
9.5229999999999997,0,0
9.5235000000000003,0,0
9.5239999999999991,0,0
9.5244999999999997,0,0
9.5250000000000004,0,0
9.5254999999999992,0,0
9.5259999999999998,0,0
9.5265000000000004,0,0
9.5269999999999992,0,0
9.5274999999999999,0,0
9.5280000000000005,0,0
9.5284999999999993,0,0
9.5289999999999999,0,0
9.5295000000000005,0,0
9.5299999999999994,0,0
9.5305,0,0
9.5310000000000006,0,0
9.5314999999999994,0,0
9.532,0,0
9.5325000000000006,0,0
9.5329999999999995,0,0
9.5335000000000001,0,0
9.5340000000000007,0,0
9.5344999999999995,0,0
9.5350000000000001,0,0
9.5355000000000008,0,0
9.5359999999999996,0,0
9.5365000000000002,0,0
9.5370000000000008,0,0
9.5374999999999996,0,0
9.5380000000000003,0,0
9.5385000000000009,0,0
9.5389999999999997,0,0
9.5395000000000003,0,0
9.5399999999999991,0,0
9.5404999999999998,0,0
9.5410000000000004,0,0
9.5414999999999992,0,0
9.5419999999999998,0,0
9.5425000000000004,0,0
9.5429999999999993,0,0
9.5434999999999999,0,0
9.5440000000000005,0,0
9.5444999999999993,0,0
9.5449999999999999,0,0
9.5455000000000005,0,0
9.5459999999999994,0,0
9.5465,0,0
9.5470000000000006,0,0
9.5474999999999994,0,0
9.548,0,0
9.5485000000000007,0,0
9.5489999999999995,0,0
9.5495000000000001,0,0
9.5500000000000007,0,0
9.5504999999999995,0,0
9.5510000000000002,0,0
9.5515000000000008,0,0
9.5519999999999996,0,0
9.5525000000000002,0,0
9.5530000000000008,0,0
9.5534999999999997,0,0
9.5540000000000003,0,0
9.5545000000000009,0,0
9.5549999999999997,0,0
9.5555000000000003,0,0
9.5559999999999992,0,0
9.5564999999999998,0,0
9.5570000000000004,0,0
9.5574999999999992,0,0
9.5579999999999998,0,0
9.5585000000000004,0,0
9.5589999999999993,0,0
9.5594999999999999,0,0
9.5600000000000005,0,0
9.5604999999999993,0,0
9.5609999999999999,0,0
9.5615000000000006,0,0
9.5619999999999994,0,0
9.5625,0,0
9.5630000000000006,0,0
9.5634999999999994,0,0
9.5640000000000001,0,0
9.5645000000000007,0,0
9.5649999999999995,0,0
9.5655000000000001,0,0
9.5660000000000007,0,0
9.5664999999999996,0,0
9.5670000000000002,0,0
9.5675000000000008,0,0
9.5679999999999996,0,0
9.5685000000000002,0,0
9.5690000000000008,0,0
9.5694999999999997,0,0
9.5700000000000003,0,0
9.5704999999999991,0,0
9.5709999999999997,0,0
9.5715000000000003,0,0
9.5719999999999992,0,0
9.5724999999999998,0,0
9.5730000000000004,0,0
9.5734999999999992,0,0
9.5739999999999998,0,0
9.5745000000000005,0,0
9.5749999999999993,0,0
9.5754999999999999,0,0
9.5760000000000005,0,0
9.5764999999999993,0,0
9.577,0,0
9.5775000000000006,0,0
9.5779999999999994,0,0
9.5785,0,0
9.5790000000000006,0,0
9.5794999999999995,0,0
9.5800000000000001,0,0
9.5805000000000007,0,0
9.5809999999999995,0,0
9.5815000000000001,0,0
9.5820000000000007,0,0
9.5824999999999996,0,0
9.5830000000000002,0,0
9.5835000000000008,0,0
9.5839999999999996,0,0
9.5845000000000002,0,0
9.5850000000000009,0,0
9.5854999999999997,0,0
9.5860000000000003,0,0
9.5864999999999991,0,0
9.5869999999999997,0,0
9.5875000000000004,0,0
9.5879999999999992,0,0
9.5884999999999998,0,0
9.5890000000000004,0,0
9.5894999999999992,0,0
9.5899999999999999,0,0
9.5905000000000005,0,0
9.5909999999999993,0,0
9.5914999999999999,0,0
9.5920000000000005,0,0
9.5924999999999994,0,0
9.593,0,0
9.5935000000000006,0,0
9.5939999999999994,0,0
9.5945,0,0
9.5950000000000006,0,0
9.5954999999999995,0,0
9.5960000000000001,0,0
9.5965000000000007,0,0
9.5969999999999995,0,0
9.5975000000000001,0,0
9.5980000000000008,0,0
9.5984999999999996,0,0
9.5990000000000002,0,0
9.5995000000000008,0,0
9.5999999999999996,0,0
9.6005000000000003,0,0
9.6010000000000009,0,0
9.6014999999999997,0,0
9.6020000000000003,0,0
9.6024999999999991,0,0
9.6029999999999998,0,0
9.6035000000000004,0,0
9.6039999999999992,0,0
9.6044999999999998,0,0
9.6050000000000004,0,0
9.6054999999999993,0,0
9.6059999999999999,0,0
9.6065000000000005,0,0
9.6069999999999993,0,0
9.6074999999999999,0,0
9.6080000000000005,0,0
9.6084999999999994,0,0
9.609,0,0
9.6095000000000006,0,0
9.6099999999999994,0,0
9.6105,0,0
9.6110000000000007,0,0
9.6114999999999995,0,0
9.6120000000000001,0,0
9.6125000000000007,0,0
9.6129999999999995,0,0
9.6135000000000002,0,0
9.6140000000000008,0,0
9.6144999999999996,0,0
9.6150000000000002,0,0
9.6155000000000008,0,0
9.6159999999999997,0,0
9.6165000000000003,0,0
9.6170000000000009,0,0
9.6174999999999997,0,0
9.6180000000000003,0,0
9.6184999999999992,0,0
9.6189999999999998,0,0
9.6195000000000004,0,0
9.6199999999999992,0,0
9.6204999999999998,0,0
9.6210000000000004,0,0
9.6214999999999993,0,0
9.6219999999999999,0,0
9.6225000000000005,0,0
9.6229999999999993,0,0
9.6234999999999999,0,0
9.6240000000000006,0,0
9.6244999999999994,0,0
9.625,0,0
9.6255000000000006,0,0
9.6259999999999994,0,0
9.6265000000000001,0,0
9.6270000000000007,0,0
9.6274999999999995,0,0
9.6280000000000001,0,0
9.6285000000000007,0,0
9.6289999999999996,0,0
9.6295000000000002,0,0
9.6300000000000008,0,0
9.6304999999999996,0,0
9.6310000000000002,0,0
9.6315000000000008,0,0
9.6319999999999997,0,0
9.6325000000000003,0,0
9.6329999999999991,0,0
9.6334999999999997,0,0
9.6340000000000003,0,0
9.6344999999999992,0,0
9.6349999999999998,0,0
9.6355000000000004,0,0
9.6359999999999992,0,0
9.6364999999999998,0,0
9.6370000000000005,0,0
9.6374999999999993,0,0
9.6379999999999999,0,0
9.6385000000000005,0,0
9.6389999999999993,0,0
9.6395,0,0
9.6400000000000006,0,0
9.6404999999999994,0,0
9.641,0,0
9.6415000000000006,0,0
9.6419999999999995,0,0
9.6425000000000001,0,0
9.6430000000000007,0,0
9.6434999999999995,0,0
9.6440000000000001,0,0
9.6445000000000007,0,0
9.6449999999999996,0,0
9.6455000000000002,0,0
9.6460000000000008,0,0
9.6464999999999996,0,0
9.6470000000000002,0,0
9.6475000000000009,0,0
9.6479999999999997,0,0
9.6485000000000003,0,0
9.6489999999999991,0,0
9.6494999999999997,0,0
9.6500000000000004,0,0
9.6504999999999992,0,0
9.6509999999999998,0,0
9.6515000000000004,0,0
9.6519999999999992,0,0
9.6524999999999999,0,0
9.6530000000000005,0,0
9.6534999999999993,0,0
9.6539999999999999,0,0
9.6545000000000005,0,0
9.6549999999999994,0,0
9.6555,0,0
9.6560000000000006,0,0
9.6564999999999994,0,0
9.657,0,0
9.6575000000000006,0,0
9.6579999999999995,0,0
9.6585000000000001,0,0
9.6590000000000007,0,0
9.6594999999999995,0,0
9.6600000000000001,0,0
9.6605000000000008,0,0
9.6609999999999996,0,0
9.6615000000000002,0,0
9.6620000000000008,0,0
9.6624999999999996,0,0
9.6630000000000003,0,0
9.6635000000000009,0,0
9.6639999999999997,0,0
9.6645000000000003,0,0
9.6649999999999991,0,0
9.6654999999999998,0,0
9.6660000000000004,0,0
9.6664999999999992,0,0
9.6669999999999998,0,0
9.6675000000000004,0,0
9.6679999999999993,0,0
9.6684999999999999,0,0
9.6690000000000005,0,0
9.6694999999999993,0,0
9.6699999999999999,0,0
9.6705000000000005,0,0
9.6709999999999994,0,0
9.6715,0,0
9.6720000000000006,0,0
9.6724999999999994,0,0
9.673,0,0
9.6735000000000007,0,0
9.6739999999999995,0,0
9.6745000000000001,0,0
9.6750000000000007,0,0
9.6754999999999995,0,0
9.6760000000000002,0,0
9.6765000000000008,0,0
9.6769999999999996,0,0
9.6775000000000002,0,0
9.6780000000000008,0,0
9.6784999999999997,0,0
9.6790000000000003,0,0
9.6795000000000009,0,0
9.6799999999999997,0,0
9.6805000000000003,0,0
9.6809999999999992,0,0
9.6814999999999998,0,0
9.6820000000000004,0,0
9.6824999999999992,0,0
9.6829999999999998,0,0
9.6835000000000004,0,0
9.6839999999999993,0,0
9.6844999999999999,0,0
9.6850000000000005,0,0
9.6854999999999993,0,0
9.6859999999999999,0,0
9.6865000000000006,0,0
9.6869999999999994,0,0
9.6875,0,0
9.6880000000000006,0,0
9.6884999999999994,0,0
9.6890000000000001,0,0
9.6895000000000007,0,0
9.6899999999999995,0,0
9.6905000000000001,0,0
9.6910000000000007,0,0
9.6914999999999996,0,0
9.6920000000000002,0,0
9.6925000000000008,0,0
9.6929999999999996,0,0
9.6935000000000002,0,0
9.6940000000000008,0,0
9.6944999999999997,0,0
9.6950000000000003,0,0
9.6954999999999991,0,0
9.6959999999999997,0,0
9.6965000000000003,0,0
9.6969999999999992,0,0
9.6974999999999998,0,0
9.6980000000000004,0,0
9.6984999999999992,0,0
9.6989999999999998,0,0
9.6995000000000005,0,0
9.6999999999999993,0,0
9.7004999999999999,0,0
9.7010000000000005,0,0
9.7014999999999993,0,0
9.702,0,0
9.7025000000000006,0,0
9.7029999999999994,0,0
9.7035,0,0
9.7040000000000006,0,0
9.7044999999999995,0,0
9.7050000000000001,0,0
9.7055000000000007,0,0
9.7059999999999995,0,0
9.7065000000000001,0,0
9.7070000000000007,0,0
9.7074999999999996,0,0
9.7080000000000002,0,0
9.7085000000000008,0,0
9.7089999999999996,0,0
9.7095000000000002,0,0
9.7100000000000009,0,0
9.7104999999999997,0,0
9.7110000000000003,0,0
9.7114999999999991,0,0
9.7119999999999997,0,0
9.7125000000000004,0,0
9.7129999999999992,0,0
9.7134999999999998,0,0
9.7140000000000004,0,0
9.7144999999999992,0,0
9.7149999999999999,0,0
9.7155000000000005,0,0
9.7159999999999993,0,0
9.7164999999999999,0,0
9.7170000000000005,0,0
9.7174999999999994,0,0
9.718,0,0
9.7185000000000006,0,0
9.7189999999999994,0,0
9.7195,0,0
9.7200000000000006,0,0
9.7204999999999995,0,0
9.7210000000000001,0,0
9.7215000000000007,0,0
9.7219999999999995,0,0
9.7225000000000001,0,0
9.7230000000000008,0,0
9.7234999999999996,0,0
9.7240000000000002,0,0
9.7245000000000008,0,0
9.7249999999999996,0,0
9.7255000000000003,0,0
9.7260000000000009,0,0
9.7264999999999997,0,0
9.7270000000000003,0,0
9.7274999999999991,0,0
9.7279999999999998,0,0
9.7285000000000004,0,0
9.7289999999999992,0,0
9.7294999999999998,0,0
9.7300000000000004,0,0
9.7304999999999993,0,0
9.7309999999999999,0,0
9.7315000000000005,0,0
9.7319999999999993,0,0
9.7324999999999999,0,0
9.7330000000000005,0,0
9.7334999999999994,0,0
9.734,0,0
9.7345000000000006,0,0
9.7349999999999994,0,0
9.7355,0,0
9.7360000000000007,0,0
9.7364999999999995,0,0
9.7370000000000001,0,0
9.7375000000000007,0,0
9.7379999999999995,0,0
9.7385000000000002,0,0
9.7390000000000008,0,0
9.7394999999999996,0,0
9.7400000000000002,0,0
9.7405000000000008,0,0
9.7409999999999997,0,0
9.7415000000000003,0,0
9.7420000000000009,0,0
9.7424999999999997,0,0
9.7430000000000003,0,0
9.7434999999999992,0,0
9.7439999999999998,0,0
9.7445000000000004,0,0
9.7449999999999992,0,0
9.7454999999999998,0,0
9.7460000000000004,0,0
9.7464999999999993,0,0
9.7469999999999999,0,0
9.7475000000000005,0,0
9.7479999999999993,0,0
9.7484999999999999,0,0
9.7490000000000006,0,0
9.7494999999999994,0,0
9.75,0,0
9.7505000000000006,0,0
9.7509999999999994,0,0
9.7515000000000001,0,0
9.7520000000000007,0,0
9.7524999999999995,0,0
9.7530000000000001,0,0
9.7535000000000007,0,0
9.7539999999999996,0,0
9.7545000000000002,0,0
9.7550000000000008,0,0
9.7554999999999996,0,0
9.7560000000000002,0,0
9.7565000000000008,0,0
9.7569999999999997,0,0
9.7575000000000003,0,0
9.7579999999999991,0,0
9.7584999999999997,0,0
9.7590000000000003,0,0
9.7594999999999992,0,0
9.7599999999999998,0,0
9.7605000000000004,0,0
9.7609999999999992,0,0
9.7614999999999998,0,0
9.7620000000000005,0,0
9.7624999999999993,0,0
9.7629999999999999,0,0
9.7635000000000005,0,0
9.7639999999999993,0,0
9.7645,0,0
9.7650000000000006,0,0
9.7654999999999994,0,0
9.766,0,0
9.7665000000000006,0,0
9.7669999999999995,0,0
9.7675000000000001,0,0
9.7680000000000007,0,0
9.7684999999999995,0,0
9.7690000000000001,0,0
9.7695000000000007,0,0
9.7699999999999996,0,0
9.7705000000000002,0,0
9.7710000000000008,0,0
9.7714999999999996,0,0
9.7720000000000002,0,0
9.7725000000000009,0,0
9.7729999999999997,0,0
9.7735000000000003,0,0
9.7739999999999991,0,0
9.7744999999999997,0,0
9.7750000000000004,0,0
9.7754999999999992,0,0
9.7759999999999998,0,0
9.7765000000000004,0,0
9.7769999999999992,0,0
9.7774999999999999,0,0
9.7780000000000005,0,0
9.7784999999999993,0,0
9.7789999999999999,0,0
9.7795000000000005,0,0
9.7799999999999994,0,0
9.7805,0,0
9.7810000000000006,0,0
9.7814999999999994,0,0
9.782,0,0
9.7825000000000006,0,0
9.7829999999999995,0,0
9.7835000000000001,0,0
9.7840000000000007,0,0
9.7844999999999995,0,0
9.7850000000000001,0,0
9.7855000000000008,0,0
9.7859999999999996,0,0
9.7865000000000002,0,0
9.7870000000000008,0,0
9.7874999999999996,0,0
9.7880000000000003,0,0
9.7885000000000009,0,0
9.7889999999999997,0,0
9.7895000000000003,0,0
9.7899999999999991,0,0
9.7904999999999998,0,0
9.7910000000000004,0,0
9.7914999999999992,0,0
9.7919999999999998,0,0
9.7925000000000004,0,0
9.7929999999999993,0,0
9.7934999999999999,0,0
9.7940000000000005,0,0
9.7944999999999993,0,0
9.7949999999999999,0,0
9.7955000000000005,0,0
9.7959999999999994,0,0
9.7965,0,0
9.7970000000000006,0,0
9.7974999999999994,0,0
9.798,0,0
9.7985000000000007,0,0
9.7989999999999995,0,0
9.7995000000000001,0,0
9.8000000000000007,0,0
9.8004999999999995,0,0
9.8010000000000002,0,0
9.8015000000000008,0,0
9.8019999999999996,0,0
9.8025000000000002,0,0
9.8030000000000008,0,0
9.8034999999999997,0,0
9.8040000000000003,0,0
9.8045000000000009,0,0
9.8049999999999997,0,0
9.8055000000000003,0,0
9.8059999999999992,0,0
9.8064999999999998,0,0
9.8070000000000004,0,0
9.8074999999999992,0,0
9.8079999999999998,0,0
9.8085000000000004,0,0
9.8089999999999993,0,0
9.8094999999999999,0,0
9.8100000000000005,0,0
9.8104999999999993,0,0
9.8109999999999999,0,0
9.8115000000000006,0,0
9.8119999999999994,0,0
9.8125,0,0
9.8130000000000006,0,0
9.8134999999999994,0,0
9.8140000000000001,0,0
9.8145000000000007,0,0
9.8149999999999995,0,0
9.8155000000000001,0,0
9.8160000000000007,0,0
9.8164999999999996,0,0
9.8170000000000002,0,0
9.8175000000000008,0,0
9.8179999999999996,0,0
9.8185000000000002,0,0
9.8190000000000008,0,0
9.8194999999999997,0,0
9.8200000000000003,0,0
9.8204999999999991,0,0
9.8209999999999997,0,0
9.8215000000000003,0,0
9.8219999999999992,0,0
9.8224999999999998,0,0
9.8230000000000004,0,0
9.8234999999999992,0,0
9.8239999999999998,0,0
9.8245000000000005,0,0
9.8249999999999993,0,0
9.8254999999999999,0,0
9.8260000000000005,0,0
9.8264999999999993,0,0
9.827,0,0
9.8275000000000006,0,0
9.8279999999999994,0,0
9.8285,0,0
9.8290000000000006,0,0
9.8294999999999995,0,0
9.8300000000000001,0,0
9.8305000000000007,0,0
9.8309999999999995,0,0
9.8315000000000001,0,0
9.8320000000000007,0,0
9.8324999999999996,0,0
9.8330000000000002,0,0
9.8335000000000008,0,0
9.8339999999999996,0,0
9.8345000000000002,0,0
9.8350000000000009,0,0
9.8354999999999997,0,0
9.8360000000000003,0,0
9.8364999999999991,0,0
9.8369999999999997,0,0
9.8375000000000004,0,0
9.8379999999999992,0,0
9.8384999999999998,0,0
9.8390000000000004,0,0
9.8394999999999992,0,0
9.8399999999999999,0,0
9.8405000000000005,0,0
9.8409999999999993,0,0
9.8414999999999999,0,0
9.8420000000000005,0,0
9.8424999999999994,0,0
9.843,0,0
9.8435000000000006,0,0
9.8439999999999994,0,0
9.8445,0,0
9.8450000000000006,0,0
9.8454999999999995,0,0
9.8460000000000001,0,0
9.8465000000000007,0,0
9.8469999999999995,0,0
9.8475000000000001,0,0
9.8480000000000008,0,0
9.8484999999999996,0,0
9.8490000000000002,0,0
9.8495000000000008,0,0
9.8499999999999996,0,0
9.8505000000000003,0,0
9.8510000000000009,0,0
9.8514999999999997,0,0
9.8520000000000003,0,0
9.8524999999999991,0,0
9.8529999999999998,0,0
9.8535000000000004,0,0
9.8539999999999992,0,0
9.8544999999999998,0,0
9.8550000000000004,0,0
9.8554999999999993,0,0
9.8559999999999999,0,0
9.8565000000000005,0,0
9.8569999999999993,0,0
9.8574999999999999,0,0
9.8580000000000005,0,0
9.8584999999999994,0,0
9.859,0,0
9.8595000000000006,0,0
9.8599999999999994,0,0
9.8605,0,0
9.8610000000000007,0,0
9.8614999999999995,0,0
9.8620000000000001,0,0
9.8625000000000007,0,0
9.8629999999999995,0,0
9.8635000000000002,0,0
9.8640000000000008,0,0
9.8644999999999996,0,0
9.8650000000000002,0,0
9.8655000000000008,0,0
9.8659999999999997,0,0
9.8665000000000003,0,0
9.8670000000000009,0,0
9.8674999999999997,0,0
9.8680000000000003,0,0
9.8684999999999992,0,0
9.8689999999999998,0,0
9.8695000000000004,0,0
9.8699999999999992,0,0
9.8704999999999998,0,0
9.8710000000000004,0,0
9.8714999999999993,0,0
9.8719999999999999,0,0
9.8725000000000005,0,0
9.8729999999999993,0,0
9.8734999999999999,0,0
9.8740000000000006,0,0
9.8744999999999994,0,0
9.875,0,0
9.8755000000000006,0,0
9.8759999999999994,0,0
9.8765000000000001,0,0
9.8770000000000007,0,0
9.8774999999999995,0,0
9.8780000000000001,0,0
9.8785000000000007,0,0
9.8789999999999996,0,0
9.8795000000000002,0,0
9.8800000000000008,0,0
9.8804999999999996,0,0
9.8810000000000002,0,0
9.8815000000000008,0,0
9.8819999999999997,0,0
9.8825000000000003,0,0
9.8829999999999991,0,0
9.8834999999999997,0,0
9.8840000000000003,0,0
9.8844999999999992,0,0
9.8849999999999998,0,0
9.8855000000000004,0,0
9.8859999999999992,0,0
9.8864999999999998,0,0
9.8870000000000005,0,0
9.8874999999999993,0,0
9.8879999999999999,0,0
9.8885000000000005,0,0
9.8889999999999993,0,0
9.8895,0,0
9.8900000000000006,0,0
9.8904999999999994,0,0
9.891,0,0
9.8915000000000006,0,0
9.8919999999999995,0,0
9.8925000000000001,0,0
9.8930000000000007,0,0
9.8934999999999995,0,0
9.8940000000000001,0,0
9.8945000000000007,0,0
9.8949999999999996,0,0
9.8955000000000002,0,0
9.8960000000000008,0,0
9.8964999999999996,0,0
9.8970000000000002,0,0
9.8975000000000009,0,0
9.8979999999999997,0,0
9.8985000000000003,0,0
9.8989999999999991,0,0
9.8994999999999997,0,0
9.9000000000000004,0,0
9.9004999999999992,0,0
9.9009999999999998,0,0
9.9015000000000004,0,0
9.9019999999999992,0,0
9.9024999999999999,0,0
9.9030000000000005,0,0
9.9034999999999993,0,0
9.9039999999999999,0,0
9.9045000000000005,0,0
9.9049999999999994,0,0
9.9055,0,0
9.9060000000000006,0,0
9.9064999999999994,0,0
9.907,0,0
9.9075000000000006,0,0
9.9079999999999995,0,0
9.9085000000000001,0,0
9.9090000000000007,0,0
9.9094999999999995,0,0
9.9100000000000001,0,0
9.9105000000000008,0,0
9.9109999999999996,0,0
9.9115000000000002,0,0
9.9120000000000008,0,0
9.9124999999999996,0,0
9.9130000000000003,0,0
9.9135000000000009,0,0
9.9139999999999997,0,0
9.9145000000000003,0,0
9.9149999999999991,0,0
9.9154999999999998,0,0
9.9160000000000004,0,0
9.9164999999999992,0,0
9.9169999999999998,0,0
9.9175000000000004,0,0
9.9179999999999993,0,0
9.9184999999999999,0,0
9.9190000000000005,0,0
9.9194999999999993,0,0
9.9199999999999999,0,0
9.9205000000000005,0,0
9.9209999999999994,0,0
9.9215,0,0
9.9220000000000006,0,0
9.9224999999999994,0,0
9.923,0,0
9.9235000000000007,0,0
9.9239999999999995,0,0
9.9245000000000001,0,0
9.9250000000000007,0,0
9.9254999999999995,0,0
9.9260000000000002,0,0
9.9265000000000008,0,0
9.9269999999999996,0,0
9.9275000000000002,0,0
9.9280000000000008,0,0
9.9284999999999997,0,0
9.9290000000000003,0,0
9.9295000000000009,0,0
9.9299999999999997,0,0
9.9305000000000003,0,0
9.9309999999999992,0,0
9.9314999999999998,0,0
9.9320000000000004,0,0
9.9324999999999992,0,0
9.9329999999999998,0,0
9.9335000000000004,0,0
9.9339999999999993,0,0
9.9344999999999999,0,0
9.9350000000000005,0,0
9.9354999999999993,0,0
9.9359999999999999,0,0
9.9365000000000006,0,0
9.9369999999999994,0,0
9.9375,0,0
9.9380000000000006,0,0
9.9384999999999994,0,0
9.9390000000000001,0,0
9.9395000000000007,0,0
9.9399999999999995,0,0
9.9405000000000001,0,0
9.9410000000000007,0,0
9.9414999999999996,0,0
9.9420000000000002,0,0
9.9425000000000008,0,0
9.9429999999999996,0,0
9.9435000000000002,0,0
9.9440000000000008,0,0
9.9444999999999997,0,0
9.9450000000000003,0,0
9.9454999999999991,0,0
9.9459999999999997,0,0
9.9465000000000003,0,0
9.9469999999999992,0,0
9.9474999999999998,0,0
9.9480000000000004,0,0
9.9484999999999992,0,0
9.9489999999999998,0,0
9.9495000000000005,0,0
9.9499999999999993,0,0
9.9504999999999999,0,0
9.9510000000000005,0,0
9.9514999999999993,0,0
9.952,0,0
9.9525000000000006,0,0
9.9529999999999994,0,0
9.9535,0,0
9.9540000000000006,0,0
9.9544999999999995,0,0
9.9550000000000001,0,0
9.9555000000000007,0,0
9.9559999999999995,0,0
9.9565000000000001,0,0
9.9570000000000007,0,0
9.9574999999999996,0,0
9.9580000000000002,0,0
9.9585000000000008,0,0
9.9589999999999996,0,0
9.9595000000000002,0,0
9.9600000000000009,0,0
9.9604999999999997,0,0
9.9610000000000003,0,0
9.9614999999999991,0,0
9.9619999999999997,0,0
9.9625000000000004,0,0
9.9629999999999992,0,0
9.9634999999999998,0,0
9.9640000000000004,0,0
9.9644999999999992,0,0
9.9649999999999999,0,0
9.9655000000000005,0,0
9.9659999999999993,0,0
9.9664999999999999,0,0
9.9670000000000005,0,0
9.9674999999999994,0,0
9.968,0,0
9.9685000000000006,0,0
9.9689999999999994,0,0
9.9695,0,0
9.9700000000000006,0,0
9.9704999999999995,0,0
9.9710000000000001,0,0
9.9715000000000007,0,0
9.9719999999999995,0,0
9.9725000000000001,0,0
9.9730000000000008,0,0
9.9734999999999996,0,0
9.9740000000000002,0,0
9.9745000000000008,0,0
9.9749999999999996,0,0
9.9755000000000003,0,0
9.9760000000000009,0,0
9.9764999999999997,0,0
9.9770000000000003,0,0
9.9774999999999991,0,0
9.9779999999999998,0,0
9.9785000000000004,0,0
9.9789999999999992,0,0
9.9794999999999998,0,0
9.9800000000000004,0,0
9.9804999999999993,0,0
9.9809999999999999,0,0
9.9815000000000005,0,0
9.9819999999999993,0,0
9.9824999999999999,0,0
9.9830000000000005,0,0
9.9834999999999994,0,0
9.984,0,0
9.9845000000000006,0,0
9.9849999999999994,0,0
9.9855,0,0
9.9860000000000007,0,0
9.9864999999999995,0,0
9.9870000000000001,0,0
9.9875000000000007,0,0
9.9879999999999995,0,0
9.9885000000000002,0,0
9.9890000000000008,0,0
9.9894999999999996,0,0
9.9900000000000002,0,0
9.9905000000000008,0,0
9.9909999999999997,0,0
9.9915000000000003,0,0
9.9920000000000009,0,0
9.9924999999999997,0,0
9.9930000000000003,0,0
9.9934999999999992,0,0
9.9939999999999998,0,0
9.9945000000000004,0,0
9.9949999999999992,0,0
9.9954999999999998,0,0
9.9960000000000004,0,0
9.9964999999999993,0,0
9.9969999999999999,0,0
9.9975000000000005,0,0
9.9979999999999993,0,0
9.9984999999999999,0,0
9.9990000000000006,0,0
9.9994999999999994,0,0
10,0,0
10.000500000000001,0,0
10.000999999999999,0,0
10.0015,0,0
10.002000000000001,0,0
10.0025,0,0
10.003,0,0
10.003500000000001,0,0
10.004,0,0
10.0045,0,0
10.005000000000001,0,0
10.0055,0,0
10.006,0,0
10.006500000000001,0,0
10.007,0,0
10.0075,0,0
10.007999999999999,0,0
10.0085,0,0
10.009,0,0
10.009499999999999,0,0
10.01,0,0
10.0105,0,0
10.010999999999999,0,0
10.0115,0,0
10.012,0,0
10.012499999999999,0,0
10.013,0,0
10.013500000000001,0,0
10.013999999999999,0,0
10.0145,0,0
10.015000000000001,0,0
10.015499999999999,0,0
10.016,0,0
10.016500000000001,0,0
10.016999999999999,0,0
10.0175,0,0
10.018000000000001,0,0
10.0185,0,0
10.019,0,0
10.019500000000001,0,0
10.02,0,0
10.0205,0,0
10.021000000000001,0,0
10.0215,0,0
10.022,0,0
10.022500000000001,0,0
10.023,0,0
10.0235,0,0
10.023999999999999,0,0
10.0245,0,0
10.025,0,0
10.025499999999999,0,0
10.026,0,0
10.0265,0,0
10.026999999999999,0,0
10.0275,0,0
10.028,0,0
10.028499999999999,0,0
10.029,0,0
10.029500000000001,0,0
10.029999999999999,0,0
10.0305,0,0
10.031000000000001,0,0
10.031499999999999,0,0
10.032,0,0
10.032500000000001,0,0
10.032999999999999,0,0
10.0335,0,0
10.034000000000001,0,0
10.0345,0,0
10.035,0,0
10.035500000000001,0,0
10.036,0,0
10.0365,0,0
10.037000000000001,0,0
10.0375,0,0
10.038,0,0
10.038500000000001,0,0
10.039,0,0
10.0395,0,0
10.039999999999999,0,0
10.0405,0,0
10.041,0,0
10.041499999999999,0,0
10.042,0,0
10.0425,0,0
10.042999999999999,0,0
10.0435,0,0
10.044,0,0
10.044499999999999,0,0
10.045,0,0
10.045500000000001,0,0
10.045999999999999,0,0
10.0465,0,0
10.047000000000001,0,0
10.047499999999999,0,0
10.048,0,0
10.048500000000001,0,0
10.048999999999999,0,0
10.0495,0,0
10.050000000000001,0,0
10.0505,0,0
10.051,0,0
10.051500000000001,0,0
10.052,0,0
10.0525,0,0
10.053000000000001,0,0
10.0535,0,0
10.054,0,0
10.054500000000001,0,0
10.055,0,0
10.0555,0,0
10.055999999999999,0,0
10.0565,0,0
10.057,0,0
10.057499999999999,0,0
10.058,0,0
10.0585,0,0
10.058999999999999,0,0
10.0595,0,0
10.06,0,0
10.060499999999999,0,0
10.061,0,0
10.061500000000001,0,0
10.061999999999999,0,0
10.0625,0,0
10.063000000000001,0,0
10.063499999999999,0,0
10.064,0,0
10.064500000000001,0,0
10.065,0,0
10.0655,0,0
10.066000000000001,0,0
10.0665,0,0
10.067,0,0
10.067500000000001,0,0
10.068,0,0
10.0685,0,0
10.069000000000001,0,0
10.0695,0,0
10.07,0,0
10.070499999999999,0,0
10.071,0,0
10.0715,0,0
10.071999999999999,0,0
10.0725,0,0
10.073,0,0
10.073499999999999,0,0
10.074,0,0
10.0745,0,0
10.074999999999999,0,0
10.0755,0,0
10.076000000000001,0,0
10.076499999999999,0,0
10.077,0,0
10.077500000000001,0,0
10.077999999999999,0,0
10.0785,0,0
10.079000000000001,0,0
10.079499999999999,0,0
10.08,0,0
10.080500000000001,0,0
10.081,0,0
10.0815,0,0
10.082000000000001,0,0
10.0825,0,0
10.083,0,0
10.083500000000001,0,0
10.084,0,0
10.0845,0,0
10.085000000000001,0,0
10.0855,0,0
10.086,0,0
10.086499999999999,0,0
10.087,0,0
10.0875,0,0
10.087999999999999,0,0
10.0885,0,0
10.089,0,0
10.089499999999999,0,0
10.09,0,0
10.0905,0,0
10.090999999999999,0,0
10.0915,0,0
10.092000000000001,0,0
10.092499999999999,0,0
10.093,0,0
10.093500000000001,0,0
10.093999999999999,0,0
10.0945,0,0
10.095000000000001,0,0
10.095499999999999,0,0
10.096,0,0
10.096500000000001,0,0
10.097,0,0
10.0975,0,0
10.098000000000001,0,0
10.0985,0,0
10.099,0,0
10.099500000000001,0,0
10.1,0,0
10.1005,0,0
10.101000000000001,0,0
10.1015,0,0
10.102,0,0
10.102499999999999,0,0
10.103,0,0
10.1035,0,0
10.103999999999999,0,0
10.1045,0,0
10.105,0,0
10.105499999999999,0,0
10.106,0,0
10.1065,0,0
10.106999999999999,0,0
10.1075,0,0
10.108000000000001,0,0
10.108499999999999,0,0
10.109,0,0
10.109500000000001,0,0
10.109999999999999,0,0
10.1105,0,0
10.111000000000001,0,0
10.111499999999999,0,0
10.112,0,0
10.112500000000001,0,0
10.113,0,0
10.1135,0,0
10.114000000000001,0,0
10.1145,0,0
10.115,0,0
10.115500000000001,0,0
10.116,0,0
10.1165,0,0
10.117000000000001,0,0
10.1175,0,0
10.118,0,0
10.118499999999999,0,0
10.119,0,0
10.1195,0,0
10.119999999999999,0,0
10.1205,0,0
10.121,0,0
10.121499999999999,0,0
10.122,0,0
10.1225,0,0
10.122999999999999,0,0
10.1235,0,0
10.124000000000001,0,0
10.124499999999999,0,0
10.125,0,0
10.125500000000001,0,1.1102230246251566e-17
10.125999999999999,0,2.2204460492503132e-17
10.1265,0,4.4408920985006264e-17
10.127000000000001,0,8.8817841970012528e-17
10.1275,0,1.6653345369377348e-16
10.128,0,2.8865798640254071e-16
10.128500000000001,0,4.6629367034256577e-16
10.129,0,7.3274719625260328e-16
10.1295,0,1.1324274851176596e-15
10.130000000000001,0,1.7319479184152442e-15
10.1305,0,2.6090241078691179e-15
10.131,0,3.8746783559417962e-15
10.131500000000001,0,5.6954441163270527e-15
10.132,0,8.2822637637036672e-15
10.1325,0,1.1923795284474182e-14
10.132999999999999,0,1.7030821197749902e-14
10.1335,0,2.4125146325104653e-14
10.134,0,3.3906211172052278e-14
10.134499999999999,0,4.7328807539770425e-14
10.135,0,6.563638521583926e-14
10.1355,0,9.0449869816211508e-14
10.135999999999999,0,1.2387868508767496e-13
10.1365,0,1.6868728636154629e-13
10.137,0,2.2841728508637972e-13
10.137499999999999,0,3.0762059566313839e-13
10.138,0,4.1212588897110435e-13
10.138500000000001,0,5.4933835258452746e-13
10.138999999999999,0,7.2866157552198272e-13
10.1395,0,9.619305352259743e-13
10.140000000000001,0,1.2640333224567257e-12
10.140499999999999,0,1.6535772751069544e-12
10.141,0,2.1537549521610798e-12
10.141500000000001,0,2.7933433344173864e-12
10.141999999999999,0,3.6079250698151099e-12
10.1425,0,4.641320661136206e-12
10.143000000000001,0,5.9473093116935159e-12
10.1435,0,7.5916828379263282e-12
10.144,0,9.6545882399823316e-12
10.144500000000001,0,1.2233392077121153e-11
10.145,0,1.5445988932327737e-11
10.1455,0,1.9434598375056565e-11
10.146000000000001,0,2.4370339080093117e-11
10.1465,0,3.0458391364618363e-11
10.147,0,3.7944092312613975e-11
10.147500000000001,0,4.7119896873226706e-11
10.148,0,5.8333471386617925e-11
10.1485,0,7.199686402614702e-11
10.148999999999999,0,8.8597162939407786e-11
10.1495,0,1.0870858657696658e-10
10.15,0,1.3300626156009797e-10
10.150499999999999,0,1.6228192123435293e-10
10.151,0,1.9746169144241322e-10
10.1515,0,2.3962620776529775e-10
10.151999999999999,0,2.9003331958321609e-10
10.1525,0,3.5014369181851634e-10
10.153,0,4.2164953750756239e-10
10.153499999999999,0,5.0650685867736913e-10
10.154,0,6.0697143977606063e-10
10.154500000000001,0,7.2563913766643393e-10
10.154999999999999,0,8.6549071243169349e-10
10.1555,0,1.0299416763892566e-09
10.156000000000001,0,1.2228976054018404e-09
10.156499999999999,0,1.4488154009839604e-09
10.157,0,1.7127710472131241e-09
10.157500000000001,0,2.0205342177170849e-09
10.157999999999999,0,2.3786506875289603e-09
10.1585,0,2.7945327274458977e-09
10.159000000000001,0,3.2765583912741648e-09
10.1595,0,3.8341802843788738e-09
10.16,0,4.4780445573877616e-09
10.160500000000001,0,5.2201207467739156e-09
10.161,0,6.0738434393137199e-09
10.1615,0,7.0542663599404424e-09
10.162000000000001,0,8.1782299377053385e-09
10.1625,0,9.464543027082329e-09
10.163,0,1.0934179850430325e-08
10.163500000000001,0,1.2610493083098363e-08
10.164,0,1.4519444024863049e-08
10.1645,0,1.6689850912410263e-08
10.164999999999999,0,1.9153656405368479e-08
10.1655,0,2.1946215411627889e-08
10.166,0,2.5106604195634929e-08
10.166499999999999,0,2.8677952124134265e-08
10.167,0,3.2707797126274582e-08
10.1675,0,3.7248465989403459e-08
10.167999999999999,0,4.2357480845023329e-08
10.1685,0,4.8097993088358493e-08
10.169,0,5.453924585285819e-08
10.169499999999999,0,6.1757066527334817e-08
10.17,0,6.9834390403755725e-08
10.170500000000001,0,7.8861816965591913e-08
10.170999999999999,0,8.8938199915844507e-08
10.1715,0,1.001712724990611e-07
10.172000000000001,0,1.1267830917205401e-07
10.172499999999999,0,1.2658682514432583e-07
10.173,0,1.4203531495393662e-07
10.173500000000001,0,1.5917403142218234e-07
10.173999999999999,0,1.7816580619722799e-07
10.1745,0,1.9918691313014492e-07
10.175000000000001,0,2.224279757379044e-07
10.1755,0,2.4809491980803957e-07
10.176,0,2.7640997229960718e-07
10.176500000000001,0,3.0761270768397965e-07
10.177,0,3.4196114253592922e-07
10.1775,0,3.7973287944081944e-07
10.178000000000001,0,4.2122630110608129e-07
10.1785,0,4.6676181534310859e-07
10.179,0,5.1668315166342187e-07
10.179500000000001,0,5.7135871005531409e-07
10.18,0,6.3118296254049968e-07
10.1805,0,6.9657790759958258e-07
10.180999999999999,0,7.6799457809917371e-07
10.1815,0,8.4591460260963201e-07
10.182,0,9.3085182005792073e-07
10.182499999999999,0,1.0233539477599863e-06
10.183,0,1.1240043023885703e-06
10.1835,0,1.2334235734656752e-06
10.183999999999999,0,1.3522716487024411e-06
10.1845,0,1.4812494904536955e-06
10.185,0,1.6211010622990686e-06
10.185499999999999,0,1.7726153044739234e-06
10.186,0,1.9366281570509793e-06
10.186500000000001,0,2.1140246289519384e-06
10.186999999999999,0,2.3057409113902417e-06
10.1875,0,2.5127665335911154e-06
10.188000000000001,0,2.7361465585906687e-06
10.188499999999999,0,2.9769838168380859e-06
10.189,0,3.2364411750140929e-06
10.189500000000001,0,3.5157438370125858e-06
10.19,0,3.8161816743431663e-06
10.1905,0,4.1391115824462862e-06
10.191000000000001,0,4.4859598595348158e-06
10.1915,0,4.8582246042427887e-06
10.192,0,5.2574781280845249e-06
10.192500000000001,0,5.6853693786163007e-06
10.193,0,6.1436263689040873e-06
10.1935,0,6.6340586087010319e-06
10.194000000000001,0,7.158559532494113e-06
10.1945,0,7.7191089195127745e-06
10.195,0,8.3177753003482728e-06
10.195499999999999,0,8.9567183449767999e-06
10.196,0,9.6381912263687749e-06
10.1965,0,1.0364542954099942e-05
10.196999999999999,0,1.1138220672002319e-05
10.1975,0,1.1961771913693297e-05
10.198,0,1.2837846809887754e-05
10.198499999999999,0,1.3769200240976164e-05
10.199,0,1.4758693928473843e-05
10.1995,0,1.5809298458813183e-05
10.199999999999999,0,1.6924095232562219e-05
10.2005,0,1.8106278332596926e-05
10.201000000000001,0,1.9359156304143977e-05
10.201499999999999,0,2.0686153839921672e-05
10.202,0,2.2090813363473406e-05
10.202500000000001,0,2.3576796503699259e-05
10.202999999999999,0,2.5147885453680187e-05
10.2035,0,2.680798420687802e-05
10.204000000000001,0,2.8561119663872425e-05
10.204499999999999,0,3.0411442602673588e-05
10.205,0,3.2363228506016031e-05
10.205500000000001,0,3.4420878238849983e-05
10.206,0,3.6588918569557816e-05
10.2065,0,3.8872002528433927e-05
10.207000000000001,0,4.1274909597088796e-05
10.2075,0,4.3802545722859688e-05
10.208,0,4.6459943152010738e-05
10.208500000000001,0,4.9252260076293464e-05
10.209,0,5.21847800871722e-05
10.2095,0,5.5262911432529818e-05
10.210000000000001,0,5.8492186070890909e-05
10.2105,0,6.1878258518310863e-05
10.211,0,6.5426904483667508e-05
10.211499999999999,0,6.9144019288092107e-05
10.212,0,7.3035616064842662e-05
10.2125,0,7.7107823736066722e-05
10.212999999999999,0,8.1366884763467426e-05
10.2135,0,8.5819152670041363e-05
10.214,0,9.0471089330546034e-05
10.214499999999999,0,9.5329262028853728e-05
10.215,0,0.00010040034028048206
10.2155,0,0.00010569109241926888
10.215999999999999,0,0.00011120838194742522
10.2165,0,0.00011695916364881098
10.217000000000001,0,0.00012295047946536686
10.217499999999999,0,0.00012918945413766813
10.218,0,0.00013568329061022232
10.218500000000001,0,0.00014243926520356441
10.218999999999999,0,0.00014946472255463749
10.2195,0,0.00015676707032832304
10.220000000000001,0,0.0001643537737028078
10.220499999999999,0,0.00017223234963226197
10.221,0,0.00018041036089067042
10.221500000000001,0,0.00018889540990124631
10.222,0,0.00019769513235596837
10.2225,0,0.00020681719063077032
10.223000000000001,0,0.00021626926700190062
10.2235,0,0.00022605905666960301
10.224,0,0.00023619426059576787
10.224500000000001,0,0.00024668257816248265
10.225,0,0.00025753169966016289
10.2255,0,0.00026874929861785412
10.226000000000001,0,0.00028034302399533307
10.2265,0,0.00029232049226585177
10.227,0,0.00030468927942988165
10.227499999999999,0,0.00031745691301270361
10.228,0,0.00033063086411156962
10.2285,0,0.00034421853957050663
10.228999999999999,0,0.0003582272743716475
10.2295,0,0.00037266432434132082
10.23,0,0.00038753685927566116
10.230499999999999,0,0.00040285195659413021
10.231,0,0.00041861659563056095
10.2315,0,0.00043483765266851828
10.231999999999999,0,0.0004515218968229484
10.2325,0,0.00046867598686133326
10.233000000000001,0,0.00048630646904681554
10.233499999999999,0,0.000504419776072329
10.234,0,0.00052302222713924702
10.234500000000001,0,0.00054212002921711906
10.234999999999999,0,0.0005617192795023707
10.2355,0,0.00058182596907502271
10.236000000000001,0,0.00060244598773253613
10.236499999999999,0,0.00062358512996038009
10.237,0,0.0006452491019795281
10.237500000000001,0,0.00066744352979242194
10.238,0,0.00069017396813154659
10.2385,0,0.00071344591019811832
10.239000000000001,0,0.00073726479806393022
10.2395,0,0.00076163603359604706
10.24,0,0.00078656498975330222
10.240500000000001,0,0.00081205702209389272
10.241,0,0.00083811748032707194
10.2415,0,0.0008647517197361565
10.242000000000001,0,0.00089196511229816533
10.2425,0,0.00091976305732437429
10.243,0,0.00094815099144754942
10.243499999999999,0,0.00097713439778529532
10.244,0,0.0010067188141142601
10.2445,0,0.0010369098398969379
10.244999999999999,0,0.001067713142011939
10.2455,0,0.0010991344590484896
10.246,0,0.0011311796040381129
10.246499999999999,0,0.0011638544655084959
10.247,0,0.0011971650067591709
10.2475,0,0.0012311172632726187
10.247999999999999,0,0.00126571733818992
10.2485,0,0.0013009713957958912
10.249000000000001,0,0.0013368856529746508
10.249499999999999,0,0.0013734663686124859
10.25,0,0.0014107198309416757
10.250500000000001,0,0.0014486523428343112
10.250999999999999,0,0.0014872702050712449
10.2515,0,0.0015265796976266844
10.252000000000001,0,0.0015665870590234054
10.2525,0,0.0016072984638280997
10.253,0,0.0016487199983692524
10.253500000000001,0,0.0016908576347731351
10.254,0,0.0017337172034246561
10.2545,0,0.0017773043639706331
10.255000000000001,0,0.0018216245749931969
10.2555,0,0.0018666830624889496
10.256,0,0.0019124847872978412
10.256500000000001,0,0.0019590344116317991
10.257,0,0.0020063362648586104
10.2575,0,0.0020543943087010684
10.257999999999999,0,0.0021032121020144847
10.2585,0,0.0021527927653077318
10.259,0,0.0022031389451744434
10.259499999999999,0,0.002254252778800636
10.26,0,0.0023061358587145196
10.2605,0,0.0023587891979422793
10.260999999999999,0,0.0024122131957307834
10.2615,0,0.0024664076039949802
10.262,0,0.0025213714946429209
10.262499999999999,0,0.0025771032279266692
10.263,0,0.0026336004219613242
10.263500000000001,0,0.0026908599235480946
10.263999999999999,0,0.0027488777804305252
10.2645,0,0.002807649215105379
10.265000000000001,0,0.0028671686003016949
10.265499999999999,0,0.0029274294362336972
10.266,0,0.0029884243297242487
10.266500000000001,0,0.0030501449752867614
10.266999999999999,0,0.0031125821382446796
10.2675,0,0.0031757256399582044
10.268000000000001,0,0.0032395643452187485
10.2685,0,0.0033040861518621734
10.269,0,0.0033692779826428711
10.269500000000001,0,0.0034351257794009381
10.27,0,0.0035016144995461016
10.2705,0,0.0035687281148723883
10.271000000000001,0,0.0036364496127095471
10.2715,0,0.0037047609994074969
10.272,0,0.0037736433061425489
10.272500000000001,0,0.0038430765970256741
10.273,0,0.0039130399794853003
10.2735,0,0.0039835116168894236
10.273999999999999,0,0.0040544687433651475
10.2745,0,0.0041258876807665377
10.275,0,0.0041977438577353032
10.275499999999999,0,0.0042700118307931302
10.276,0,0.0043426653073985414
10.2765,0,0.0044156771708960593
10.276999999999999,0,0.0044890195072807889
10.2775,0,0.0045626636336970061
10.278,0,0.0046365801285854881
10.278499999999999,1,0.0047107388633908509
10.279,1,0.0047851090357369785
10.279500000000001,0,-0.0052074359474391096
10.279999999999999,0,-0.015149630659778267
10.2805,0,-0.014070617802338004
10.281000000000001,0,-0.013041732715488941
10.281499999999999,0,-0.012060498529932361
10.282,0,-0.01112456435066379
10.282500000000001,0,-0.010231698940021039
10.282999999999999,0,-0.0093797847138750497
10.2835,0,-0.0085668120353737942
10.284000000000001,0,-0.0077908737914353151
10.2845,0,-0.0070501602379291041
10.285,0,-0.0063429541001924217
10.285500000000001,0,-0.0056676259161991703
10.286,0,-0.0050226296103358823
10.2865,0,-0.0044064982863448289
10.287000000000001,0,-0.0038178402285687697
10.2875,0,-0.0032553351011766819
10.288,0,-0.0027177303355683247
10.288500000000001,0,-0.0022038376966477479
10.289,0,-0.0017125300191199954
10.2895,0,-0.0012427381054122555
10.289999999999999,0,-0.0007934477772383985
10.2905,0,-0.00036369707322611025
10.291,0,4.7426414593731982e-05
10.291499999999999,0,0.00044078807227785342
10.292,0,0.00081720866994074994
10.2925,0,0.0011774666483792885
10.292999999999999,0,0.0015223002922192142
10.2935,0,0.0018524097951583718
10.294,0,0.0021684592226035469
10.294499999999999,0,0.0024710783767349143
10.295,0,0.0027608645687816845
10.295500000000001,0,0.0030383843030544868
10.295999999999999,0,0.0033041748770556655
10.2965,0,0.0035587459017734301
10.297000000000001,0,0.0038025807460633776
10.297499999999999,0,0.00403613790882742
10.298,0,0.0042598523225174101
10.298500000000001,0,0.0044741365913164577
10.298999999999999,0,0.0046793821671856526
10.2995,1,0.0048759604668077829
10.300000000000001,1,0.0050642239323097525
10.3005,0,-0.004917747757070756
10.301,0,-0.014848361962017331
10.301500000000001,0,-0.013637305954149581
10.302,0,-0.012468399711157341
10.3025,0,-0.011341601040697823
10.303000000000001,0,-0.010256689237739692
10.3035,0,-0.0092132905128669666
10.304,0,-0.0082109004780019923
10.304500000000001,0,-0.0072489040277484594
10.305,0,-0.006326592913224449
10.3055,0,-0.0054431812694220481
10.305999999999999,0,-0.004597819325984698
10.3065,0,-0.0037896055041796162
10.307,0,-0.0030175970791850638
10.307499999999999,0,-0.0022808195661368157
10.308,0,-0.0015782749702746956
10.3085,0,-0.00090894902565111788
10.308999999999999,0,-0.00027181753291198872
10.3095,0,0.00033414810561513961
10.31,0,0.00090997606611248338
10.310499999999999,0,0.0014566899208796503
10.311,0,0.0019753050239376567
10.311500000000001,0,0.0024668254026830039
10.311999999999999,0,0.0029322411002693392
10.3125,0,0.0033725259192748601
10.313000000000001,0,0.0037886355224369785
10.313499999999999,0,0.0041815058508855585
10.314,0,0.0045520518244452244
10.314500000000001,1,0.0049011662922701094
10.315,1,0.0052297192053695988
10.3155,0,-0.0047393970166144991
10.316000000000001,0,-0.014659012738380828
10.3165,0,-0.013362786470056186
10.317,0,-0.012135099860427689
10.317500000000001,0,-0.010972642800552036
10.318,0,-0.0098722576898115037
10.3185,0,-0.0088309328919209725
10.319000000000001,0,-0.0078457964328895406
10.3195,0,-0.0069141099355969236
10.32,0,-0.0060332627853372459
10.320499999999999,0,-0.0052007665204413132
10.321,0,-0.004414249441913232
10.3215,0,-0.0036714514358912155
10.321999999999999,0,-0.0029702190026631549
10.3225,0,-0.0023085004859294766
10.323,0,-0.0016843414959974655
10.323499999999999,0,-0.0010958805206162437
10.324,0,-0.00054134471720705961
10.3245,0,-1.9045880312773545e-05
10.324999999999999,0,0.00047262342182495808
10.3255,0,0.0009351935475516715
10.326000000000001,0,0.001370121324828799
10.326499999999999,0,0.0017787934427620055
10.327,0,0.002162529697256943
10.327500000000001,0,0.0025225860962942992
10.327999999999999,0,0.0028601578301745145
10.3285,0,0.0031763821119392575
10.329000000000001,0,0.0034723408930300015
10.329499999999999,0,0.0037490634590951364
10.33,0,0.0040075289107098563
10.330500000000001,0,0.0042486685336231679
10.331,0,0.0044733680629996612
10.3315,0,0.0046824698459766558
10.332000000000001,1,0.0048767749067119334
10.3325,1,0.0050570449179553664
10.333,0,-0.0049262591655364618
10.333500000000001,0,-0.014860074164394787
10.334,0,-0.013705784305923374
10.3345,0,-0.012613435983861776
10.335000000000001,0,-0.011579907913878562
10.3355,0,-0.010602234578230285
10.336,0,-0.0096775984825467794
10.336499999999999,0,-0.0088033227948707271
10.337,0,-0.0079768643482649344
10.3375,0,-0.0071958069892024802
10.337999999999999,0,-0.0064578552548157694
10.3385,0,-0.005760828362898129
10.339,0,-0.0051026544993327374
10.339499999999999,0,-0.0044813653883646106
10.34,0,-0.0038950911318410553
10.3405,0,-0.0033420553042159185
10.340999999999999,0,-0.0028205702907570184
10.3415,0,-0.0023290328570043316
10.342000000000001,0,-0.0018659199381095503
10.342499999999999,0,-0.0014297846372378076
10.343,0,-0.0010192524227429888
10.343500000000001,0,-0.00063301751432489619
10.343999999999999,0,-0.00026983944885727862
10.3445,0,7.1460182972271635e-05
10.345000000000001,0,0.0003920008376367856
10.345499999999999,0,0.00069284596537311227
10.346,0,0.00097500581003718829
10.346500000000001,0,0.0012394400694619944
10.347,0,0.0014870604232142593
10.3475,0,0.0017187329343082204
10.348000000000001,0,0.0019352803311137312
10.3485,0,0.0021374841753910691
10.349,0,0.0023260869220928073
10.349500000000001,0,0.0025017938762972982
10.35,0,0.0026652750523752933
10.3505,0,0.0028171669402396681
10.351000000000001,0,0.0029580741832911594
10.3515,0,0.0030885711724453089
10.352,0,0.0032092035604106895
10.352499999999999,0,0.0033204897001833157
10.353,0,0.0034229220115261638
10.3535,0,0.0035169682790183289
10.353999999999999,0,0.0036030728850803607
10.3545,0,0.0036816579812149254
10.355,0,0.0037531246005426009
10.355499999999999,0,0.0038178537145594381
10.356,0,0.0038762072368987875
10.3565,0,0.0039285289767433283
10.356999999999999,0,0.003975145544400505
10.3575,0,0.004016367211431904
10.358000000000001,0,0.0040524887276077613
10.358499999999999,0,0.0040837900968457852
10.359,0,0.0041105373141861468
10.359500000000001,0,0.0041329830657528266
10.359999999999999,0,0.00415136739355475
10.3605,0,0.0041659183268884844
10.361000000000001,0,0.0041768524820156583
10.361499999999999,0,0.0041843756317065609
10.362,0,0.0041886832461612957
10.362500000000001,0,0.0041899610067446134
10.363,0,0.0041883852938997658
10.3635,0,0.0041841236505377969
10.364000000000001,0,0.004177335222134859
10.3645,0,0.0041681711747084457
10.365,0,0.0041567750917844374
10.365500000000001,0,0.0041432833514122528
10.366,0,0.0041278254842320953
10.3665,0,0.0041105245135480643
10.367000000000001,0,0.004091497278313194
10.3675,0,0.0040708547398876412
10.368,0,0.0040487022733875387
10.368499999999999,0,0.0040251399444010683
10.369,0,0.0040002627718102816
10.3695,0,0.0039741609774185506
10.369999999999999,0,0.0039469202230505542
10.3705,0,0.0039186218357559642
10.371,0,0.0038893430217179837
10.371499999999999,0,0.0038591570694371915
10.372,0,0.0038281335427317376
10.3725,0,0.003796338464069249
10.372999999999999,0,0.0037638344887179986
10.3735,0,0.0037306810701821513
10.374000000000001,0,0.0036969346173611585
10.374499999999999,0,0.0036626486438516735
10.375,0,0.0036278739097898027
10.375500000000001,0,0.003592658556610129
10.375999999999999,0,0.0035570482350801734
10.3765,0,0.0035210862269505539
10.377000000000001,0,0.0034848135605432097
10.3775,0,0.0034482691205849013
10.378,0,0.0034114897525764241
10.378500000000001,0,0.0033745103619745474
10.379,0,0.0033373640084486734
10.3795,0,0.0033000819954612016
10.380000000000001,0,0.0032626939554085245
10.3805,0,0.0032252279305465814
10.381,0,0.0031877104499144606
10.381500000000001,0,0.0031501666024583487
10.382,0,0.0031126201065474813
10.3825,0,0.003075093376064686
10.382999999999999,0,0.0030376075832446057
10.3835,0,0.0030001827184233942
10.384,0,0.0029628376468563864
10.384499999999999,0,0.0029255901627511238
10.385,0,0.0028884570406565446
10.3855,0,0.0028514540843414538
10.385999999999999,0,0.0028145961732888303
10.3865,0,0.0027778973069260138
10.387,0,0.0027413706467047994
10.387499999999999,0,0.0027050285561395883
10.388,0,0.0026688826389060006
10.388500000000001,0,0.0026329437750976848
10.388999999999999,0,0.0025972221557337806
10.3895,0,0.0025617273156042673
10.390000000000001,0,0.002526468164537088
10.390499999999999,0,0.0024914530171660011
10.391,0,0.0024566896212734448
10.391500000000001,0,0.002422185184780423
10.391999999999999,0,0.002387946401450658
10.3925,0,0.0023539794753730469
10.393000000000001,0,0.0023202901442829992
10.3935,0,0.0022868837017810616
10.394,0,0.0022537650185028959
10.394500000000001,0,0.0022209385622930953
10.395,0,0.0021884084174316866
10.3955,0,0.0021561783029608872
10.396000000000001,0,0.0021242515901556346
10.3965,0,0.0020926313191808156
10.397,0,0.0020613202149749378
10.397500000000001,0,0.0020303207023978252
10.398,0,0.0019996349206793497
10.3985,0,0.0019692647372023695
10.398999999999999,0,0.0019392117606530923
10.3995,0,0.0019094773535691667
10.4,0,0.0018800626443153279
10.400499999999999,0,0.0018509685385138086
10.401,0,0.0018221957299560775
10.4015,0,0.0017937447110212058
10.401999999999999,0,0.0017656157826241082
10.4025,0,0.0017378090637166666
10.403,0,0.0017103245003628254
10.403499999999999,0,0.001683161874408179
10.404,0,0.0016563208117633455
10.404500000000001,0,0.0016298007903191691
10.404999999999999,0,0.0016036011475117017
10.4055,0,0.0015777210875528747
10.406000000000001,0,0.0015521596883430356
10.406499999999999,0,0.0015269159080799511
10.407,0,0.001501988591578607
10.407500000000001,0,0.0014773764763152397
10.407999999999999,0,0.0014530781982080797
10.4085,0,0.0014290922971475829
10.409000000000001,0,0.0014054172222869865
10.4095,0,0.0013820513371044841
10.41,0,0.0013589929242476706
10.410500000000001,0,0.0013362401901694688
10.411,0,0.0013137912695657338
10.4115,0,0.001291644229622868
10.412000000000001,0,0.0012697970740843446
10.4125,0,0.0012482477471438824
10.413,0,0.0012269941371733871
10.413500000000001,0,0.0012060340802925729
10.414,0,0.0011853653637872719
10.4145,0,0.0011649857293835608
10.414999999999999,0,0.0011448928763830636
10.4155,0,0.0011250844646662705
10.416,0,0.0011055581175693052
10.416499999999999,0,0.0010863114246392747
10.417,0,0.0010673419442738473
10.4175,0,0.0010486472062495645
10.417999999999999,0,0.0010302247141439791
10.4185,0,0.001012071947655635
10.419,0,0.00099418636482645484
10.419499999999999,0,0.00097656540417067066
10.42,0,0.00095920648671387059
10.420500000000001,0,0.00094210701794583684
10.420999999999999,0,0.00092526438969116049
10.4215,0,0.00090867598190041976
10.422000000000001,0,0.00089233916436542993
10.422499999999999,0,0.00087625129836158553
10.423,0,0.00086040973822019138
10.423500000000001,0,0.00084481183283343644
10.423999999999999,0,0.00082945492709483035
10.4245,0,0.00081433636327763457
10.425000000000001,0,0.00079945348235366254
10.4255,0,0.00078480362525463749
10.426,0,0.00077038413407873871
10.426500000000001,0,0.0007561923532437675
10.427,0,0.00074222563058972128
10.4275,0,0.00072848131843220585
10.428000000000001,0,0.00071495677456866473
10.4285,0,0.00070164936323940941
10.429,0,0.00068855645604464226
10.429500000000001,0,0.00067567543281987774
10.43,0,0.00066300368247041992
10.4305,0,0.00065053860376722565
10.430999999999999,0,0.00063827760610505322
10.4315,0,0.00062621811022444134
10.432,0,0.0006143575488989139
10.432499999999999,0,0.00060269336758850267
10.433,0,0.00059122302506097184
10.4335,0,0.00057994399398197949
10.433999999999999,0,0.00056885376147483015
10.4345,0,0.00055794982965158275
10.435,0,0.00054722971611607105
10.435499999999999,0,0.00053669095443997783
10.436,0,0.00052633109461304168
10.436500000000001,0,0.00051614770346780636
10.436999999999999,0,0.00050613836508081047
10.4375,0,0.00049630068114994155
10.438000000000001,0,0.0004866322713495519
10.438499999999999,0,0.00047713077366378086
10.439,0,0.0004677938446990937
10.439500000000001,0,0.00045861915997644773
10.44,0,0.00044960441420404117
10.4405,0,0.00044074732153142059
10.441000000000001,0,0.00043204561578528142
10.4415,0,0.00042349705068779332
10.442,0,0.00041509940005818313
10.442500000000001,0,0.00040685045799800925
10.443,0,0.00039874803906063682
10.4435,0,0.00039078997840578109
10.444000000000001,0,0.00038297413193925098
10.4445,0,0.00037529837643885956
10.445,0,0.00036776060966642321
10.445499999999999,0,0.00036035875046710466
10.446,0,0.00035309073885574359
10.4465,0,0.00034595453609143068
10.446999999999999,0,0.0003389481247399684
10.4475,0,0.00033206950872538554
10.448,0,0.00032531671337050484
10.448499999999999,0,0.00031868778542684109
10.449,0,0.00031218079309476289
10.4495,0,0.00030579382603362903
10.449999999999999,0,0.00029952499536290978
10.4505,0,0.00029337243365404884
10.451000000000001,0,0.00028733429491384355
10.451499999999999,0,0.00028140875455955338
10.452,0,0.00027559400938594882
10.452500000000001,0,0.00026988827752471022
10.452999999999999,0,0.00026428979839641096
10.4535,0,0.0002587968326557055
10.454000000000001,0,0.00025340766212927912
10.454499999999999,0,0.00024812058974778007
10.455,0,0.00024293393947109055
10.455500000000001,0,0.00023784605620799092
10.456,0,0.00023285530572980662
10.4565,0,0.00022796007457885902
10.457000000000001,0,0.00022315876997140992
10.4575,0,0.00021844981969577627
10.458,0,0.00021383167200562659
10.458500000000001,0,0.00020930279550869236
10.459,0,0.00020486167905120478
10.4595,0,0.00020050683159802407
10.460000000000001,0,0.00019623678210907159
10.4605,0,0.00019205007941182074
10.461,0,0.00018794529207032394
10.461499999999999,0,0.00018392100825066483
10.462,0,0.00017997583558364559
10.4625,0,0.00017610840102393331
10.462999999999999,0,0.00017231735070666332
10.4635,0,0.00016860134980126729
10.464,0,0.00016495908236279221
10.464499999999999,0,0.00016138925118073245
10.465,0,0.00015789057762558568
10.4655,0,0.00015446180149355503
10.465999999999999,0,0.00015110168084906395
10.4665,0,0.00014780899186537245
10.467000000000001,0,0.00014458252866391685
10.467499999999999,0,0.00014142110315149559
10.468,0,0.0001383235448564779
10.468500000000001,0,0.00013528870076345845
10.468999999999999,0,0.00013231543514685695
10.4695,0,0.000129402629403097
10.470000000000001,0,0.00012654918188222952
10.470499999999999,0,0.00012375400771831303
10.471,0,0.00012101603865917187
10.471500000000001,0,0.00011833422289543316
10.472,0,0.00011570752488896386
10.4725,0,0.00011313492520079738
10.473000000000001,0,0.00011061542031868266
10.4735,0,0.0001081480224842557
10.474,0,0.00010573175951995583
10.474500000000001,0,0.00010336567465586421
10.475,0,0.00010104882635630918
10.4755,0,9.8780288146638195e-05
10.476000000000001,0,9.6559148439889769e-05
10.4765,0,9.4384510363643148e-05
10.477,0,9.2255491587145411e-05
10.477499999999999,0,9.0171224148494214e-05
10.478,0,8.8130854282431062e-05
10.4785,0,8.613354224817904e-05
10.478999999999999,0,8.417846215796887e-05
10.4795,0,8.2264801806031235e-05
10.48,0,8.0391762498011057e-05
10.480499999999999,0,7.8558558881047794e-05
10.481,0,7.6764418774477591e-05
10.4815,0,7.5008583001368032e-05
10.481999999999999,0,7.3290305220630181e-05
10.4825,0,7.1608851759807918e-05
10.483000000000001,0,6.9963501449143989e-05
10.483499999999999,0,6.8353545455868137e-05
10.484,0,6.6778287120039526e-05
10.484500000000001,0,6.5237041790755507e-05
10.484999999999999,0,6.3729136663681632e-05
10.4855,0,6.2253910619569647e-05
10.486000000000001,0,6.0810714063641579e-05
10.486499999999999,0,5.9398908766195023e-05
10.487,0,5.8017867704118765e-05
10.487500000000001,0,5.6666974903762932e-05
10.488,0,5.5345625284752842e-05
10.4885,0,5.4053224505201666e-05
10.489000000000001,0,5.2789188807866869e-05
10.4895,0,5.1552944867605534e-05
10.49,0,5.0343929640139787e-05
10.490500000000001,0,4.9161590212065676e-05
10.491,0,4.8005383652016675e-05
10.4915,0,4.687477686322605e-05
10.492000000000001,0,4.5769246437321608e-05
10.4925,0,4.4688278509630305e-05
10.493,0,4.3631368615415497e-05
10.493499999999999,0,4.2598021547946005e-05
10.494,0,4.1587751217464496e-05
10.4945,0,4.0600080511943301e-05
10.494999999999999,0,3.9634541158783956e-05
10.4955,0,3.8690673588326342e-05
10.496,0,3.7768026798468136e-05
10.496499999999999,0,3.6866158220738576e-05
10.497,0,3.5984633587826667e-05
10.4975,0,3.5123026802530433e-05
10.497999999999999,0,3.4280919807916367e-05
10.4985,0,3.345790245928848e-05
10.499000000000001,0,3.2653572397212115e-05
10.499499999999999,0,3.186753492208094e-05
