model_time,"class1_ltz","class2_ltz","or1_inh1_in","or1_inh1_out","or1_inh1_inputmirror","target_soma","target_inh_channel"
0,0,0,0,0,0,0,1
0.00050000000000000001,0,0,0,0,0,0,1
0.001,0,0,0,0,0,0,1
0.0015,0,0,0,0,0,0,1
0.002,0,0,0,0,0,0,1
0.0025000000000000001,0,0,0,0,0,0,1
0.0030000000000000001,0,0,0,0,0,0,1
0.0035000000000000001,0,0,0,0,0,0,1
0.0040000000000000001,0,0,0,0,0,0,1
0.0044999999999999997,0,0,0,0,0,0,1
0.0050000000000000001,0,0,0,0,0,0,1
0.0054999999999999997,0,0,0,0,0,0,1
0.0060000000000000001,0,0,0,0,0,0,1
0.0064999999999999997,0,0,0,0,0,0,1
0.0070000000000000001,0,0,0,0,0,0,1
0.0074999999999999997,0,0,0,0,0,0,1
0.0080000000000000002,0,0,0,0,0,0,1
0.0085000000000000006,0,0,0,0,0,0,1
0.0089999999999999993,0,0,0,0,0,0,1
0.0094999999999999998,0,0,0,0,0,0,1
0.01,0,0,0,0,0,0,1
0.010500000000000001,0,0,0,0,0,0,1
0.010999999999999999,0,0,0,0,0,0,1
0.0115,0,0,0,0,0,0,1
0.012,0,0,0,0,0,0,1
0.012500000000000001,0,0,0,0,0,0,1
0.012999999999999999,0,0,0,0,0,0,1
0.0135,0,0,0,0,0,0,1
0.014,0,0,0,0,0,0,1
0.014500000000000001,0,0,0,0,0,0,1
0.014999999999999999,0,0,0,0,0,0,1
0.0155,0,0,0,0,0,0,1
0.016,0,0,0,0,0,0,1
0.016500000000000001,0,0,0,0,0,0,1
0.017000000000000001,0,0,0,0,0,0,1
0.017500000000000002,0,0,0,0,0,0,1
0.017999999999999999,0,0,0,0,0,0,1
0.018499999999999999,0,0,0,0,0,0,1
0.019,0,0,0,0,0,0,1
0.0195,0,0,0,0,0,0,1
0.02,0,0,0,0,0,0,1
0.020500000000000001,0,0,0,0,0,0,1
0.021000000000000001,0,0,0,0,0,0,1
0.021499999999999998,0,0,0,0,0,0,1
0.021999999999999999,0,0,0,0,0,0,1
0.022499999999999999,0,0,0,0,0,0,1
0.023,0,0,0,0,0,0,1
0.0235,0,0,0,0,0,0,1
0.024,0,0,0,0,0,0,1
0.024500000000000001,0,0,0,0,0,0,1
0.025000000000000001,0,0,0,0,0,0,1
0.025499999999999998,0,0,0,0,0,0,1
0.025999999999999999,0,0,0,0,0,0,1
0.026499999999999999,0,0,0,0,0,0,1
0.027,0,0,0,0,0,0,1
0.0275,0,0,0,0,0,0,1
0.028000000000000001,0,0,0,0,0,0,1
0.028500000000000001,0,0,0,0,0,0,1
0.029000000000000001,0,0,0,0,0,0,1
0.029499999999999998,0,0,0,0,0,0,1
0.029999999999999999,0,0,0,0,0,0,1
0.030499999999999999,0,0,0,0,0,0,1
0.031,0,0,0,0,0,0,1
0.0315,0,0,0,0,0,0,1
0.032000000000000001,0,0,0,0,0,0,1
0.032500000000000001,0,0,0,0,0,0,1
0.033000000000000002,0,0,0,0,0,0,1
0.033500000000000002,0,0,0,0,0,0,1
0.034000000000000002,0,0,0,0,0,0,1
0.034500000000000003,0,0,0,0,0,0,1
0.035000000000000003,0,0,0,0,0,0,1
0.035499999999999997,0,0,0,0,0,0,1
0.035999999999999997,0,0,0,0,0,0,1
0.036499999999999998,0,0,0,0,0,0,1
0.036999999999999998,0,0,0,0,0,0,1
0.037499999999999999,0,0,0,0,0,0,1
0.037999999999999999,0,0,0,0,0,0,1
0.0385,0,0,0,0,0,0,1
0.039,0,0,0,0,0,0,1
0.0395,0,0,0,0,0,0,1
0.040000000000000001,0,0,0,0,0,0,1
0.040500000000000001,0,0,0,0,0,0,1
0.041000000000000002,0,0,0,0,0,0,1
0.041500000000000002,0,0,0,0,0,0,1
0.042000000000000003,0,0,0,0,0,0,1
0.042500000000000003,0,0,0,0,0,0,1
0.042999999999999997,0,0,0,0,0,0,1
0.043499999999999997,0,0,0,0,0,0,1
0.043999999999999997,0,0,0,0,0,0,1
0.044499999999999998,0,0,0,0,0,0,1
0.044999999999999998,0,0,0,0,0,0,1
0.045499999999999999,0,0,0,0,0,0,1
0.045999999999999999,0,0,0,0,0,0,1
0.0465,0,0,0,0,0,0,1
0.047,0,0,0,0,0,0,1
0.047500000000000001,0,0,0,0,0,0,1
0.048000000000000001,0,0,0,0,0,0,1
0.048500000000000001,0,0,0,0,0,0,1
0.049000000000000002,0,0,0,0,0,0,1
0.049500000000000002,0,0,0,0,0,0,1
0.050000000000000003,0,0,0,0,0,0,1
0.050500000000000003,0,0,0,0,0,0,1
0.050999999999999997,0,0,0,0,0,0,1
0.051499999999999997,0,0,0,0,0,0,1
0.051999999999999998,0,0,0,0,0,0,1
0.052499999999999998,0,0,0,0,0,0,1
0.052999999999999999,0,0,0,0,0,0,1
0.053499999999999999,0,0,0,0,0,0,1
0.053999999999999999,0,0,0,0,0,0,1
0.0545,0,0,0,0,0,0,1
0.055,0,0,0,0,0,0,1
0.055500000000000001,0,0,0,0,0,0,1
0.056000000000000001,0,0,0,0,0,0,1
0.056500000000000002,0,0,0,0,0,0,1
0.057000000000000002,0,0,0,0,0,0,1
0.057500000000000002,0,0,0,0,0,0,1
0.058000000000000003,0,0,0,0,0,0,1
0.058500000000000003,0,0,0,0,0,0,1
0.058999999999999997,0,0,0,0,0,0,1
0.059499999999999997,0,0,0,0,0,0,1
0.059999999999999998,0,0,0,0,0,0,1
0.060499999999999998,0,0,0,0,0,0,1
0.060999999999999999,0,0,0,0,0,0,1
0.061499999999999999,0,0,0,0,0,0,1
0.062,0,0,0,0,0,0,1
0.0625,0,0,0,0,0,0,1
0.063,0,0,0,0,0,0,1
0.063500000000000001,0,0,0,0,0,0,1
0.064000000000000001,0,0,0,0,0,0,1
0.064500000000000002,0,0,0,0,0,0,1
0.065000000000000002,0,0,0,0,0,0,1
0.065500000000000003,0,0,0,0,0,0,1
0.066000000000000003,0,0,0,0,0,0,1
0.066500000000000004,0,0,0,0,0,0,1
0.067000000000000004,0,0,0,0,0,0,1
0.067500000000000004,0,0,0,0,0,0,1
0.068000000000000005,0,0,0,0,0,0,1
0.068500000000000005,0,0,0,0,0,0,1
0.069000000000000006,0,0,0,0,0,0,1
0.069500000000000006,0,0,0,0,0,0,1
0.070000000000000007,0,0,0,0,0,0,1
0.070499999999999993,0,0,0,0,0,0,1
0.070999999999999994,0,0,0,0,0,0,1
0.071499999999999994,0,0,0,0,0,0,1
0.071999999999999995,0,0,0,0,0,0,1
0.072499999999999995,0,0,0,0,0,0,1
0.072999999999999995,0,0,0,0,0,0,1
0.073499999999999996,0,0,0,0,0,0,1
0.073999999999999996,0,0,0,0,0,0,1
0.074499999999999997,0,0,0,0,0,0,1
0.074999999999999997,0,0,0,0,0,0,1
0.075499999999999998,0,0,0,0,0,0,1
0.075999999999999998,0,0,0,0,0,0,1
0.076499999999999999,0,0,0,0,0,0,1
0.076999999999999999,0,0,0,0,0,0,1
0.077499999999999999,0,0,0,0,0,0,1
0.078,0,0,0,0,0,0,1
0.0785,0,0,0,0,0,0,1
0.079000000000000001,0,0,0,0,0,0,1
0.079500000000000001,0,0,0,0,0,0,1
0.080000000000000002,0,0,0,0,0,0,1
0.080500000000000002,0,0,0,0,0,0,1
0.081000000000000003,0,0,0,0,0,0,1
0.081500000000000003,0,0,0,0,0,0,1
0.082000000000000003,0,0,0,0,0,0,1
0.082500000000000004,0,0,0,0,0,0,1
0.083000000000000004,0,0,0,0,0,0,1
0.083500000000000005,0,0,0,0,0,0,1
0.084000000000000005,0,0,0,0,0,0,1
0.084500000000000006,0,0,0,0,0,0,1
0.085000000000000006,0,0,0,0,0,0,1
0.085500000000000007,0,0,0,0,0,0,1
0.085999999999999993,0,0,0,0,0,0,1
0.086499999999999994,0,0,0,0,0,0,1
0.086999999999999994,0,0,0,0,0,0,1
0.087499999999999994,0,0,0,0,0,0,1
0.087999999999999995,0,0,0,0,0,0,1
0.088499999999999995,0,0,0,0,0,0,1
0.088999999999999996,0,0,0,0,0,0,1
0.089499999999999996,0,0,0,0,0,0,1
0.089999999999999997,0,0,0,0,0,0,1
0.090499999999999997,0,0,0,0,0,0,1
0.090999999999999998,0,0,0,0,0,0,1
0.091499999999999998,0,0,0,0,0,0,1
0.091999999999999998,0,0,0,0,0,0,1
0.092499999999999999,0,0,0,0,0,0,1
0.092999999999999999,0,0,0,0,0,0,1
0.0935,0,0,0,0,0,0,1
0.094,0,0,0,0,0,0,1
0.094500000000000001,0,0,0,0,0,0,1
0.095000000000000001,0,0,0,0,0,0,1
0.095500000000000002,0,0,0,0,0,0,1
0.096000000000000002,0,0,0,0,0,0,1
0.096500000000000002,0,0,0,0,0,0,1
0.097000000000000003,0,0,0,0,0,0,1
0.097500000000000003,0,0,0,0,0,0,1
0.098000000000000004,0,0,0,0,0,0,1
0.098500000000000004,0,0,0,0,0,0,1
0.099000000000000005,0,0,0,0,0,0,1
0.099500000000000005,0,0,0,0,0,0,1
0.10000000000000001,0,0,0,0,0,0,1
0.10050000000000001,0,0,0,0,0,0,1
0.10100000000000001,0,0,0,0,0,0,1
0.10150000000000001,0,0,0,0,0,0,1
0.10199999999999999,0,0,0,0,0,0,1
0.10249999999999999,0,0,0,0,0,0,1
0.10299999999999999,0,0,0,0,0,0,1
0.10349999999999999,0,0,0,0,0,0,1
0.104,0,0,0,0,0,0,1
0.1045,0,0,0,0,0,0,1
0.105,0,0,0,0,0,0,1
0.1055,0,0,0,0,0,0,1
0.106,0,0,0,0,0,0,1
0.1065,0,0,0,0,0,0,1
0.107,0,0,0,0,0,0,1
0.1075,0,0,0,0,0,0,1
0.108,0,0,0,0,0,0,1
0.1085,0,0,0,0,0,0,1
0.109,0,0,0,0,0,0,1
0.1095,0,0,0,0,0,0,1
0.11,0,0,0,0,0,0,1
0.1105,0,0,0,0,0,0,1
0.111,0,0,0,0,0,0,1
0.1115,0,0,0,0,0,0,1
0.112,0,0,0,0,0,0,1
0.1125,0,0,0,0,0,0,1
0.113,0,0,0,0,0,0,1
0.1135,0,0,0,0,0,0,1
0.114,0,0,0,0,0,0,1
0.1145,0,0,0,0,0,0,1
0.115,0,0,0,0,0,0,1
0.11550000000000001,0,0,0,0,0,0,1
0.11600000000000001,0,0,0,0,0,0,1
0.11650000000000001,0,0,0,0,0,0,1
0.11700000000000001,0,0,0,0,0,0,1
0.11749999999999999,0,0,0,0,0,0,1
0.11799999999999999,0,0,0,0,0,0,1
0.11849999999999999,0,0,0,0,0,0,1
0.11899999999999999,0,0,0,0,0,0,1
0.1195,0,0,0,0,0,0,1
0.12,0,0,0,0,0,0,1
0.1205,0,0,0,0,0,0,1
0.121,0,0,0,0,0,0,1
0.1215,0,0,0,0,0,0,1
0.122,0,0,0,0,0,0,1
0.1225,0,0,0,0,0,0,1
0.123,0,0,0,0,0,0,1
0.1235,0,0,0,0,0,0,1
0.124,0,0,0,0,0,0,1
0.1245,0,0,0,0,0,0,1
0.125,0,0,0,0,0,0,1
0.1255,0,0,0,0,0,0,1
0.126,0,0,0,0,0,0,1
0.1265,0,0,0,0,0,0,1
0.127,0,0,0,0,0,0,1
0.1275,0,0,0,0,0,0,1
0.128,0,0,0,0,0,0,1
0.1285,0,0,0,0,0,0,1
0.129,0,0,0,0,0,0,1
0.1295,0,0,0,0,0,0,1
0.13,0,0,0,0,0,0,1
0.1305,0,0,0,0,0,0,1
0.13100000000000001,0,0,0,0,0,0,1
0.13150000000000001,0,0,0,0,0,0,1
0.13200000000000001,0,0,0,0,0,0,1
0.13250000000000001,0,0,0,0,0,0,1
0.13300000000000001,0,0,0,0,0,0,1
0.13350000000000001,0,0,0,0,0,0,1
0.13400000000000001,0,0,0,0,0,0,1
0.13450000000000001,0,0,0,0,0,0,1
0.13500000000000001,0,0,0,0,0,0,1
0.13550000000000001,0,0,0,0,0,0,1
0.13600000000000001,0,0,0,0,0,0,1
0.13650000000000001,0,0,0,0,0,0,1
0.13700000000000001,0,0,0,0,0,0,1
0.13750000000000001,0,0,0,0,0,0,1
0.13800000000000001,0,0,0,0,0,0,1
0.13850000000000001,0,0,0,0,0,0,1
0.13900000000000001,0,0,0,0,0,0,1
0.13950000000000001,0,0,0,0,0,0,1
0.14000000000000001,0,0,0,0,0,0,1
0.14050000000000001,0,0,0,0,0,0,1
0.14099999999999999,0,0,0,0,0,0,1
0.14149999999999999,0,0,0,0,0,0,1
0.14199999999999999,0,0,0,0,0,0,1
0.14249999999999999,0,0,0,0,0,0,1
0.14299999999999999,0,0,0,0,0,0,1
0.14349999999999999,0,0,0,0,0,0,1
0.14399999999999999,0,0,0,0,0,0,1
0.14449999999999999,0,0,0,0,0,0,1
0.14499999999999999,0,0,0,0,0,0,1
0.14549999999999999,0,0,0,0,0,0,1
0.14599999999999999,0,0,0,0,0,0,1
0.14649999999999999,0,0,0,0,0,0,1
0.14699999999999999,0,0,0,0,0,0,1
0.14749999999999999,0,0,0,0,0,0,1
0.14799999999999999,0,0,0,0,0,0,1
0.14849999999999999,0,0,0,0,0,0,1
0.14899999999999999,0,0,0,0,0,0,1
0.14949999999999999,0,0,0,0,0,0,1
0.14999999999999999,0,0,0,0,0,0,1
0.15049999999999999,0,0,0,0,0,0,1
0.151,0,0,0,0,0,0,1
0.1515,0,0,0,0,0,0,1
0.152,0,0,0,0,0,0,1
0.1525,0,0,0,0,0,0,1
0.153,0,0,0,0,0,0,1
0.1535,0,0,0,0,0,0,1
0.154,0,0,0,0,0,0,1
0.1545,0,0,0,0,0,0,1
0.155,0,0,0,0,0,0,1
0.1555,0,0,0,0,0,0,1
0.156,0,0,0,0,0,0,1
0.1565,0,0,0,0,0,0,1
0.157,0,0,0,0,0,0,1
0.1575,0,0,0,0,0,0,1
0.158,0,0,0,0,0,0,1
0.1585,0,0,0,0,0,0,1
0.159,0,0,0,0,0,0,1
0.1595,0,0,0,0,0,0,1
0.16,0,0,0,0,0,0,1
0.1605,0,0,0,0,0,0,1
0.161,0,0,0,0,0,0,1
0.1615,0,0,0,0,0,0,1
0.16200000000000001,0,0,0,0,0,0,1
0.16250000000000001,0,0,0,0,0,0,1
0.16300000000000001,0,0,0,0,0,0,1
0.16350000000000001,0,0,0,0,0,0,1
0.16400000000000001,0,0,0,0,0,0,1
0.16450000000000001,0,0,0,0,0,0,1
0.16500000000000001,0,0,0,0,0,0,1
0.16550000000000001,0,0,0,0,0,0,1
0.16600000000000001,0,0,0,0,0,0,1
0.16650000000000001,0,0,0,0,0,0,1
0.16700000000000001,0,0,0,0,0,0,1
0.16750000000000001,0,0,0,0,0,0,1
0.16800000000000001,0,0,0,0,0,0,1
0.16850000000000001,0,0,0,0,0,0,1
0.16900000000000001,0,0,0,0,0,0,1
0.16950000000000001,0,0,0,0,1,0,1
0.17000000000000001,0,0,0,0,1,0,1
0.17050000000000001,0,0,0,0,0,0,1
0.17100000000000001,0,0,0,0,0,0,1
0.17150000000000001,0,0,0,0,0,0,1
0.17199999999999999,0,0,0,0,0,0,1
0.17249999999999999,0,0,0,0,0,0,1
0.17299999999999999,0,0,0,0,0,0,1
0.17349999999999999,0,0,0,0,0,0,1
0.17399999999999999,0,0,0,0,0,0,1
0.17449999999999999,0,0,0,0,0,0,1
0.17499999999999999,0,0,0,0,0,0,1
0.17549999999999999,0,0,0,0,0,0,1
0.17599999999999999,0,0,0,0,0,0,1
0.17649999999999999,0,0,0,0,0,0,1
0.17699999999999999,0,0,0,0,0,0,1
0.17749999999999999,0,0,0,0,0,0,1
0.17799999999999999,0,0,0,0,0,0,1
0.17849999999999999,0,0,0,0,0,0,1
0.17899999999999999,0,0,0,0,0,0,1
0.17949999999999999,0,0,0,0,0,0,1
0.17999999999999999,0,0,0,0,0,0,1
0.18049999999999999,0,0,0,0,0,0,1
0.18099999999999999,0,0,0,0,0,0,1
0.18149999999999999,0,0,0,0,0,0,1
0.182,0,0,0,0,0,0,1
0.1825,0,0,0,0,0,0,1
0.183,0,0,0,0,0,0,1
0.1835,0,0,0,0,0,0,1
0.184,0,0,0,0,0,0,1
0.1845,0,0,0,0,0,0,1
0.185,0,0,0,0,0,0,1
0.1855,0,0,0,0,0,0,1
0.186,0,0,0,0,0,0,1
0.1865,0,0,0,0,0,0,1
0.187,0,0,0,0,0,0,1
0.1875,0,0,0,0,0,0,1
0.188,0,0,0,0,0,0,1
0.1885,0,0,0,0,0,0,1
0.189,0,0,0,0,0,0,1
0.1895,0,0,0,0,0,0,1
0.19,0,0,0,0,0,0,1
0.1905,0,0,0,0,0,0,1
0.191,0,0,0,0,0,0,1
0.1915,0,0,0,0,0,0,1
0.192,0,0,0,0,0,0,1
0.1925,0,0,0,0,0,0,1
0.193,0,0,0,0,0,0,1
0.19350000000000001,0,0,0,0,0,0,1
0.19400000000000001,0,0,0,0,0,0,1
0.19450000000000001,0,0,0,0,0,0,1
0.19500000000000001,0,0,0,0,0,0,1
0.19550000000000001,0,0,0,0,0,0,1
0.19600000000000001,0,0,0,0,0,0,1
0.19650000000000001,0,0,0,0,0,0,1
0.19700000000000001,0,0,0,0,0,0,1
0.19750000000000001,0,0,0,0,0,0,1
0.19800000000000001,0,0,0,0,0,0,1
0.19850000000000001,0,0,0,0,0,0,1
0.19900000000000001,0,0,0,0,0,0,1
0.19950000000000001,0,0,0,0,0,0,1
0.20000000000000001,0,0,0,0,0,0,1
0.20050000000000001,0,0,0,0,0,0,1
0.20100000000000001,0,0,0,0,0,0,1
0.20150000000000001,0,0,0,0,0,0,1
0.20200000000000001,0,0,0,0,0,0,1
0.20250000000000001,0,0,0,0,0,0,1
0.20300000000000001,0,0,0,0,0,0,1
0.20349999999999999,0,0,0,0,0,0,1
0.20399999999999999,0,0,0,0,0,0,1
0.20449999999999999,0,0,0,0,0,0,1
0.20499999999999999,0,0,0,0,0,0,1
0.20549999999999999,0,0,0,0,0,0,1
0.20599999999999999,0,0,0,0,0,0,1
0.20649999999999999,0,0,0,0,0,0,1
0.20699999999999999,0,0,0,0,0,0,1
0.20749999999999999,0,0,0,0,0,0,1
0.20799999999999999,0,0,0,0,0,0,1
0.20849999999999999,0,0,0,0,0,0,1
0.20899999999999999,0,0,0,0,1,0.0030759870200107731,1
0.20949999999999999,0,0,0,0,1,0.0076349307225141994,1
0.20999999999999999,0,0,0,0,0,0.011423346969650527,1
0.21049999999999999,0,0,0,0,0,0.014550109475088391,1
0.21099999999999999,0,0,0,0,0,0.017108032160355724,1
0.21149999999999999,1,0,0,0,0,0.019176537544998706,1
0.21199999999999999,1,0,0,0,0,-0.18432580193704851,0.90000000000000002
0.21249999999999999,0,0,0,0,0,-0.3769195633878818,0.80500000000000005
0.21299999999999999,0,0,0,0,0,-0.35512634624228201,0.81475000000000009
0.2135,0,0,0,0,0,-0.33477282743893877,0.82401250000000004
0.214,0,0,0,0,0,-0.31574222984630806,0.83281187500000009
0.2145,0,0,0,0,0,-0.29792989446836904,0.84117128125000007
0.215,0,0,0,0,0,-0.28124170129646953,0.84911271718750003
0.2155,0,0,0,0,0,-0.26559273578408471,0.85665708132812501
0.216,0,0,0,0,0,-0.25090615737934707,0.86382422726171881
0.2165,0,0,0,0,0,-0.23711223509840718,0.87063301589863284
0.217,0,0,0,0,0,-0.22414752184949616,0.87710136510370118
0.2175,0,0,0,0,0,-0.21195414453958439,0.88324629684851608
0.218,0,0,0,0,0,-0.20047919122785252,0.88908398200609029
0.2185,0,0,0,0,0,-0.18967417997258418,0.89462978290578576
0.219,0,0,0,0,0,-0.17949459673410284,0.89989829376049646
0.2195,0,0,0,0,0,-0.16989949188728715,0.90490337907247165
0.22,0,0,0,0,0,-0.16085112667233992,0.90965821011884807
0.2205,0,0,0,0,0,-0.15231466235690927,0.91417529961290567
0.221,0,0,0,0,0,-0.14425788606284839,0.91846653463226036
0.2215,0,0,0,0,0,-0.13665096817905076,0.92254320790064737
0.222,0,0,0,0,0,-0.12946624707911314,0.92641604750561501
0.2225,0,0,0,0,0,-0.12267803752168704,0.93009524513033426
0.223,0,0,0,0,0,-0.11626245965825555,0.93359048287381752
0.2235,0,0,0,0,0,-0.11019728602844914,0.93691095873012664
0.224,0,0,0,0,0,-0.10107896352774814,0.94006541079362027
0.22450000000000001,0,0,0,0,0,-0.090675479532989933,0.94306214025393931
0.22500000000000001,0,0,0,0,0,-0.081428918865937838,0.94590903324124231
0.22550000000000001,0,0,0,0,0,-0.073195961472829141,0.94861358157918019
0.22600000000000001,0,0,0,0,0,-0.065853720067634791,0.95118290250022119
0.22650000000000001,0,0,0,0,0,-0.059296345515937321,0.9536237573752101
0.22700000000000001,0,0,0,0,0,-0.053432279594734178,0.95594256950644962
0.22750000000000001,0,0,0,0,0,-0.048182017224472462,0.9581454410311272
0.22800000000000001,0,0,0,0,0,-0.043476272347399481,0.96023816897957082
0.22850000000000001,0,0,0,0,0,-0.039254465667154737,0.96222626053059224
0.22900000000000001,0,0,0,0,0,-0.035463470620148874,0.96411494750406268
0.22950000000000001,0,0,0,0,0,-0.032056567759368271,0.9659092001288595
0.23000000000000001,0,0,0,0,0,-0.028992568307472322,0.96761374012241652
0.23050000000000001,0,0,0,0,0,-0.026235075787787165,0.96923305311629571
0.23100000000000001,0,0,0,0,0,-0.023751860963092675,0.97077140046048094
0.23150000000000001,0,0,0,0,1,-0.021514330242298096,0.9722328304374569
0.23200000000000001,0,0,0,0,1,-0.019497071581462078,0.97362118891558402
0.23250000000000001,0,0,0,0,0,-0.017677464953603561,0.97494012946980479
0.23300000000000001,0,0,0,0,0,-0.016035346876663303,0.97619312299631456
0.23350000000000001,0,0,0,0,0,-0.014552720411563635,0.97738346684649879
0.23400000000000001,0,0,0,0,0,-0.013213503580091768,0.97851429350417385
0.23449999999999999,0,0,0,0,0,-0.01200331038790603,0.97958857882896511
0.23499999999999999,0,0,0,0,0,-0.010909259635113466,0.98060914988751691
0.23549999999999999,0,0,0,0,0,-0.0099198075050923595,0.98157869239314111
0.23599999999999999,0,0,0,0,0,-0.0090246005801120077,0.98249975777348408
0.23649999999999999,0,0,0,0,0,-0.0082143464700723534,0.98337476988480987
0.23699999999999999,0,0,0,0,0,-0.0074806996820916405,0.98420603139056939
0.23749999999999999,0,0,0,0,0,-0.0068161607224918042,0.98499572982104089
0.23799999999999999,0,0,0,0,0,-0.0062139867238309998,0.98574594332998888
0.23849999999999999,0,0,0,0,0,-0.0026127907548764151,0.98645864616348944
0.23899999999999999,0,0,0,0,0,0.0024063743759479284,0.98713571385531496
0.23949999999999999,0,0,0,0,0,0.0066112468380530309,0.9877789281625492
0.23999999999999999,0,0,0,0,0,0.01011593887745077,0.98838998175442172
0.24049999999999999,0,0,0,0,0,0.013017679133292104,0.98897048266670062
0.24099999999999999,0,0,0,0,0,0.015399643379871986,0.98952195853336555
0.24149999999999999,1,0,0,0,0,0.017333243496478579,0.9900458606066973
0.24199999999999999,1,0,0,0,0,-0.18598222183208257,0.89054356757636244
0.24249999999999999,0,0,0,0,0,-0.37843315652354215,0.79601638919754425
0.24299999999999999,0,0,0,0,0,-0.35676416802373756,0.80621556973766706
0.24349999999999999,0,0,0,0,0,-0.33650293544301135,0.81590479125078375
0.24399999999999999,0,0,0,0,0,-0.31753790577546881,0.82510955168824451
0.2445,0,0,0,0,0,-0.29976881822623724,0.83385407410383228
0.245,0,0,0,0,0,-0.28310526340322884,0.8421613703986407
0.2455,0,0,0,0,0,-0.26746546294897944,0.85005330187870864
0.246,0,0,0,0,0,-0.252775231035135,0.85755063678477317
0.2465,0,0,0,0,0,-0.23896708662289678,0.86467310494553451
0.247,0,0,0,0,0,-0.22597949129704342,0.87143944969825782
0.2475,0,0,0,0,0,-0.21375619216574326,0.8778674772133449
0.248,0,0,0,0,0,-0.20224565305397479,0.88397410335267768
0.2485,0,0,0,0,0,-0.19140056021166529,0.88977539818504381
0.249,0,0,0,0,0,-0.18117739116732512,0.89528662827579164
0.2495,0,0,0,0,0,-0.17153603730652545,0.90052229686200203
0.25,0,0,0,0,0,-0.16243947233710532,0.90549618201890192
0.2505,0,0,0,0,0,-0.15385346009367662,0.91022137291795679
0.251,0,0,0,0,0,-0.14574629619092094,0.91471030427205891
0.2515,0,0,0,0,0,-0.1380885789041183,0.91897478905845598
0.252,0,0,0,0,0,-0.13085300537247657,0.92302604960553314
0.2525,0,0,0,0,0,-0.12058324851273428,0.92687474712525653
0.253,0,0,0,0,0,-0.10907435135337351,0.93053100976899372
0.2535,0,0,0,0,0,-0.098796475605125278,0.93400445928054399
0.254,0,0,0,0,0,-0.089599575264479259,0.93730423631651683
0.2545,0,0,0,0,0,-0.081354911355214221,0.94043902450069095
0.255,0,0,0,0,0,-0.073951507918478709,0.94341707327565638
0.2555,0,0,0,0,0,-0.067293285564042793,0.94624621961187361
0.25600000000000001,0,0,0,0,0,-0.061296727870701395,0.94893390863127991
0.25650000000000001,0,0,0,0,0,-0.055888969673622113,0.95148721319971596
0.25700000000000001,0,0,0,0,0,-0.051006221547744812,0.95391285253973013
0.25750000000000001,0,0,0,0,0,-0.046592463865193001,0.95621720991274362
0.25800000000000001,0,0,0,0,0,-0.042598358298043149,0.95840634941710645
0.25850000000000001,0,0,0,0,0,-0.038980335729180249,0.96048603194625115
0.25900000000000001,0,0,0,0,0,-0.035699828076928175,0.96246173034893856
0.25950000000000001,0,0,0,0,0,-0.03272261815959665,0.96433864383149159
0.26000000000000001,0,0,0,0,0,-0.030018286886549728,0.966121711639917
0.26050000000000001,0,0,0,0,0,-0.027559741107101243,0.96781562605792115
0.26100000000000001,0,0,0,0,0,-0.025322808635482863,0.96942484475502511
0.26150000000000001,0,0,0,0,0,-0.023285889493916412,0.97095360251727381
0.26200000000000001,0,0,0,0,0,-0.021429654424174549,0.9724059223914101
0.26250000000000001,0,0,0,0,0,-0.019736783323707652,0.97378562627183962
0.26300000000000001,0,0,0,0,0,-0.015089927052581498,0.9750963449582476
0.26350000000000001,0,0,0,0,0,-0.0090986724126712604,0.97634152771033522
0.26400000000000001,0,0,0,0,0,-0.0040161887169156696,0.97752445132481847
0.26450000000000001,0,0,0,0,0,0.00028349135460503661,0.9786482287585776
0.26500000000000001,0,0,0,0,0,0.0039075588553005858,0.97971581732064872
0.26550000000000001,0,0,0,0,0,0.0069476225406269743,0.98073002645461627
0.26600000000000001,0,0,0,0,0,0.009482281985232488,0.98169352513188546
0.26650000000000001,0,0,0,0,0,0.011579214447783981,0.98260884887529121
0.26700000000000002,0,0,0,0,0,0.013296878265320444,0.98347840643152662
0.26750000000000002,0,0,0,0,0,0.017819432847584471,0.98430448610995025
0.26800000000000002,1,0,0,0,0,0.023508089147137978,0.98508926180445278
0.26850000000000002,1,0,0,0,0,-0.18311173897015487,0.8858347987142301
0.26900000000000002,0,0,0,0,0,-0.37776975423101811,0.7915430587785186
0.26950000000000002,0,0,0,0,0,-0.35230293028600856,0.80196590583959271
0.27000000000000002,0,0,0,0,0,-0.32893921794716774,0.81186761054761303
0.27050000000000002,0,0,0,0,0,-0.30745635983922137,0.82127423002023237
0.27100000000000002,0,0,0,0,0,-0.28766196480166006,0.83021051851922079
0.27150000000000002,0,0,0,0,0,-0.26938861939571368,0.83869999259325978
0.27200000000000002,0,0,0,0,0,-0.25248992808429915,0.84676499296359675
0.27250000000000002,0,0,0,0,0,-0.23683728468615284,0.8544267433154169
0.27300000000000002,0,0,0,0,0,-0.22231722358320249,0.86170540614964608
0.27350000000000002,0,0,0,0,0,-0.2088292335375147,0.8686201358421638
0.27400000000000002,0,0,0,0,0,-0.19628394293355023,0.87518912905005564
0.27450000000000002,0,0,0,0,0,-0.18460160500790124,0.88142967259755289
0.27500000000000002,0,0,0,0,0,-0.17371082675332261,0.88735818896767527
0.27550000000000002,0,0,0,0,0,-0.16354749684464032,0.89299027951929155
0.27600000000000002,0,0,0,0,0,-0.15405387698041795,0.89834076554332698
0.27650000000000002,0,0,0,0,0,-0.14517782809394275,0.9034237272661606
0.27700000000000002,0,0,0,0,0,-0.13687214842758544,0.90825254090285257
0.27750000000000002,0,0,0,0,0,-0.12909400483631495,0.91283991385770991
0.27800000000000002,0,0,0,0,0,-0.12180444215350295,0.91719791816482443
0.27850000000000003,0,0,0,0,0,-0.11496795821588934,0.92133802225658323
0.27900000000000003,0,0,0,0,0,-0.10855213435802225,0.92527112114375409
0.27950000000000003,0,0,0,0,0,-0.10252731296739515,0.92900756508656634
0.28000000000000003,0,0,0,0,0,-0.096866315130816005,0.93255718683223798
0.28050000000000003,0,0,0,0,0,-0.088238874913762699,0.93592932749062607
0.28100000000000003,0,0,0,0,0,-0.078368402854786412,0.93913286111609473
0.28149999999999997,0,0,0,0,0,-0.069638752861277409,0.94217621806028995
0.28199999999999997,0,0,0,0,0,-0.061905944043245786,0.94506740715727544
0.28249999999999997,0,0,0,0,0,-0.055046770425603908,0.94781403679941167
0.28299999999999997,0,0,0,0,0,-0.048955309929409996,0.95042333495944109
0.28349999999999997,0,0,0,0,0,-0.043540106987486005,0.952902168211469
0.28399999999999997,0,0,0,0,0,-0.038721883645195909,0.95525705980089559
0.28449999999999998,0,0,0,0,0,-0.034431668128876103,0.95749420681085085
0.28499999999999998,0,0,0,0,0,-0.030609255354784648,0.95961949647030831
0.28549999999999998,0,0,0,0,0,-0.027201933037801496,0.96163852164679287
0.28599999999999998,0,0,0,0,0,-0.024163421607283353,0.96355659556445328
0.28649999999999998,0,0,0,0,0,-0.021452987245546451,0.96537876578623061
0.28699999999999998,0,0,0,0,0,-0.019034695901595677,0.96710982749691909
0.28749999999999998,0,0,0,0,0,-0.016876782734717821,0.96875433612207318
0.28799999999999998,0,0,0,0,0,-0.01495111657806536,0.97031661931596958
0.28849999999999998,0,0,0,0,0,-0.013232743029444327,0.97180078835017114
0.28899999999999998,0,0,0,0,0,-0.011699492935474787,0.97321074893266257
0.28949999999999998,0,0,0,0,0,-0.010331645532075551,0.97455021148602949
0.28999999999999998,0,0,0,0,0,-0.0091116374872913797,0.97582270091172807
0.29049999999999998,0,0,0,0,0,-0.0080238106749654925,0.9770315658661417
0.29099999999999998,0,0,0,0,0,-0.0070541927763612122,0.97817998757283464
0.29149999999999998,0,0,0,0,0,-0.006190305828360998,0.97927098819419289
0.29199999999999998,0,0,0,0,0,-0.0054209986630276985,0.98030743878448323
0.29249999999999998,0,0,0,0,0,-0.0047362998543613033,0.98129206684525905
0.29299999999999998,0,0,0,0,0,-0.0041272883354476209,0.98222746350299606
0.29349999999999998,0,0,0,0,0,-0.0035859792975752036,0.9831160903278463
0.29399999999999998,0,0,0,0,0,-0.0031052233517252503,0.98396028581145401
0.29449999999999998,0,0,0,0,0,0.00035143593480269075,0.98476227152088136
0.29499999999999998,0,0,0,0,0,0.0052177764287226758,0.98552415794483728
0.29549999999999998,0,0,0,0,0,0.0092792956991749609,0.98624795004759547
0.29599999999999999,0,0,0,0,0,0.012649277982558327,0.9869355525452157
0.29649999999999999,0,0,0,0,0,0.015424220919179388,0.98758877491795494
0.29699999999999999,1,0,0,0,0,0.017686653887028947,0.9882093361720572
0.29749999999999999,1,0,0,0,0,-0.18593610967978624,0.88879886936345431
0.29799999999999999,0,0,0,0,0,-0.3785937727599088,0.79435892589528156
0.29849999999999999,0,0,0,0,0,-0.35658284351641079,0.8046409796005175
0.29899999999999999,0,0,0,0,0,-0.33603831415905949,0.81440893062049158
0.29949999999999999,0,0,0,0,0,-0.31683995475837945,0.82368848408946704
0.29999999999999999,0,0,0,0,0,-0.2988801561790172,0.83250405988499365
0.30049999999999999,0,0,0,0,0,-0.28206226647689836,0.84087885689074393
0.30099999999999999,0,0,0,0,0,-0.26629918905964323,0.8488349140462067
0.30149999999999999,0,0,0,0,0,-0.25151219564152894,0.85639316834389634
0.30199999999999999,0,0,0,0,0,-0.23762991634523789,0.86357350992670157
0.30249999999999999,0,0,0,0,0,-0.22458747661581557,0.87039483443036647
0.30299999999999999,0,0,0,0,0,-0.21232575638172724,0.87687509270884811
0.30349999999999999,0,0,0,0,0,-0.20079075147350622,0.88303133807340572
0.30399999999999999,0,0,0,0,0,-0.18993302095758724,0.88887977116973549
0.30449999999999999,0,0,0,0,0,-0.17970720696405562,0.89443578261124868
0.30499999999999999,0,0,0,0,1,-0.1700716159376362,0.89971399348068626
0.30549999999999999,0,0,0,0,1,-0.1609878521412732,0.90472829380665198
0.30599999999999999,0,0,0,0,0,-0.15242049578415684,0.90949187911631935
0.30649999999999999,0,0,0,0,0,-0.14433681940359222,0.9140172851605034
0.307,0,0,0,0,0,-0.13670653715953163,0.91831642090247823
0.3075,0,0,0,0,0,-0.12605602818903794,0.92240059985735434
0.308,0,0,0,0,0,-0.11418880925522024,0.92628056986448659
0.3085,0,0,0,0,0,-0.10358211648722737,0.92996654137126222
0.309,0,0,0,0,0,-0.094082592433532009,0.93346821430269911
0.3095,0,0,0,0,0,-0.085558686965239605,0.93679480358756417
0.31,0,0,0,0,0,-0.077897019747530716,0.93995506340818602
0.3105,0,0,0,0,0,-0.067491424475179307,0.94295731023777674
0.311,0,0,0,0,0,-0.056194160490633416,0.9458094447258879
0.3115,0,0,0,0,0,-0.046449314783853057,0.94851897248959349
0.312,0,0,0,0,0,-0.0380357069977173,0.95109302386511385
0.3125,0,0,0,0,0,-0.030767896347318135,0.95353837267185815
0.313,0,0,0,0,0,-0.024489485554937795,0.95586145403826528
0.3135,0,0,0,0,0,-0.019067852197307555,0.95806838133635197
0.314,0,0,0,0,0,-0.014389970515406136,0.96016496226953441
0.3145,0,0,0,0,0,-0.010359073170751798,0.96215671415605764
0.315,0,0,0,0,0,-0.0068919650329780646,0.96404887844825471
0.3155,0,0,0,0,0,-0.0039168468632281295,0.96584643452584196
0.316,0,0,0,0,0,-0.0013715405414862492,0.96755411279954984
0.3165,0,0,0,0,0,0.00079796736987813865,0.96917640715957232
0.317,0,0,0,0,0,0.0026387280697031112,0.9707175868015937
0.3175,0,0,0,0,0,0.0041918290523681456,0.972181707461514
0.318,0,0,0,0,0,0.0054932279609606338,0.97357262208843831
0.31850000000000001,0,0,0,0,0,0.0065744526682336435,0.97489399098401641
0.31900000000000001,0,0,0,0,0,0.0074631920788373884,0.97614929143481555
0.31950000000000001,0,0,0,0,0,0.0081837971694628253,0.9773418268630748
0.32000000000000001,0,0,0,0,0,0.0087577079009886205,0.97847473551992104
0.32050000000000001,0,0,0,0,0,0.0092038185916450965,0.97955099874392504
0.32100000000000001,0,0,0,0,0,0.0095387919397492693,0.98057344880672881
0.32150000000000001,0,0,0,0,0,0.012764056211029051,0.98154477636639237
0.32200000000000001,0,0,0,0,0,0.017335495651471078,0.9824675375480727
0.32250000000000001,1,0,0,0,0,0.021078672320530845,0.9833441606706691
0.32300000000000001,1,0,0,0,0,-0.18403986551750173,0.88417695263713569
0.32350000000000001,0,0,0,0,0,-0.37771878119321411,0.78996810500527892
0.32400000000000001,0,0,0,0,0,-0.35416850423699853,0.80046969975501503
0.32450000000000001,0,0,0,0,0,-0.3323649605189628,0.81044621476726431
0.32500000000000001,0,0,0,0,0,-0.31214442507241336,0.81992390402890114
0.32550000000000001,0,0,0,0,0,-0.29336283008935804,0.82892770882745603
0.32600000000000001,0,0,0,0,0,-0.27589284767986533,0.83748132338608328
0.32650000000000001,0,0,0,0,0,-0.25962148144800012,0.8456072572167791
0.32700000000000001,0,0,0,0,0,-0.24444806675042663,0.85332689435594011
0.32750000000000001,0,0,0,0,0,-0.2302826011540634,0.86066054963814309
0.32800000000000001,0,0,0,0,0,-0.21704434319812327,0.86762752215623595
0.32850000000000001,0,0,0,0,0,-0.20466063036044801,0.87424614604842421
0.32900000000000001,0,0,0,0,0,-0.19306587705789047,0.88053383874600299
0.32950000000000002,0,0,0,0,0,-0.1822007212629223,0.8865071468087028
0.33000000000000002,0,0,0,0,0,-0.17201129440550089,0.89218178946826765
0.33050000000000002,0,0,0,0,0,-0.16244859403426337,0.89757269999485423
0.33100000000000002,0,0,0,0,0,-0.15346794252398921,0.90269406499511151
0.33150000000000002,0,0,0,0,0,-0.14502851815693374,0.9075593617453559
0.33200000000000002,0,0,0,0,0,-0.13709294734210486,0.91218139365808815
0.33250000000000002,0,0,0,0,0,-0.12962694869793845,0.91657232397518373
0.33300000000000002,0,0,0,0,0,-0.12259902130981637,0.92074370777642456
0.33350000000000002,0,0,0,0,0,-0.11598017076188782,0.92470652238760331
0.33400000000000002,0,0,0,0,0,-0.10974366759307441,0.92847119626822316
0.33450000000000002,0,0,0,0,0,-0.10386483368733468,0.93204763645481203
0.33500000000000002,0,0,0,0,0,-0.098320852815468096,0.9354452546320714
0.33550000000000002,0,0,0,0,0,-0.093090602129473621,0.93867299190046782
0.33600000000000002,0,0,0,0,0,-0.088154501894115112,0.94173934230544443
0.33650000000000002,0,0,0,0,0,-0.080211517755365391,0.9446523751901722
0.33700000000000002,0,0,0,0,0,-0.070971407079472137,0.94741975643066356
0.33750000000000002,0,0,0,0,0,-0.062810317523606551,0.95004876860913035
0.33800000000000002,0,0,0,0,0,-0.055592095499743088,0.95254633017867385
0.33850000000000002,0,0,0,0,0,-0.049200100933932789,0.95491901366974019
0.33900000000000002,0,0,0,0,0,-0.043533960405945926,0.95717306298625315
0.33950000000000002,0,0,0,0,0,-0.038506940381318633,0.9593144098369405
0.34000000000000002,0,0,0,0,0,-0.034043808219499816,0.96134868934509343
0.34050000000000002,0,0,0,0,0,-0.030079079468106729,0.96328125487783878
0.34100000000000003,0,0,0,0,0,-0.026555573046012304,0.96511719213394687
0.34150000000000003,0,0,0,0,0,-0.023423213350062033,0.96686133252724948
0.34200000000000003,0,0,0,0,0,-0.020638031574329752,0.96851826590088697
0.34250000000000003,0,0,0,0,0,-0.018161328676963739,0.97009235260584259
0.34300000000000003,0,0,0,0,0,-0.015958970246578441,0.97158773497555051
0.34350000000000003,0,0,0,0,0,-0.014000789579172945,0.97300834822677296
0.34399999999999997,0,0,0,0,0,-0.012260080000095042,0.97435793081543431
0.34449999999999997,0,0,0,0,0,-0.010713161168180663,0.97564003427466262
0.34499999999999997,0,0,0,0,0,-0.0093390070167155281,0.97685803256092951
0.34549999999999997,0,0,0,0,0,-0.0081189252962996505,0.97801513093288306
0.34599999999999997,0,0,0,0,0,-0.0070362805231810599,0.97911437438623894
0.34649999999999997,0,0,0,0,0,-0.0060762536064009609,0.98015865566692695
0.34699999999999998,0,0,0,0,0,-0.0052256326074218151,0.98115072288358063
0.34749999999999998,0,0,0,0,0,-0.0044726300379964723,0.9820931867394016
0.34799999999999998,0,0,0,0,0,-0.0038067228733414948,0.98298852740243148
0.34849999999999998,0,0,0,0,0,-0.0032185120852146198,0.98383910103230987
0.34899999999999998,0,0,0,0,0,-0.0026995990122148372,0.98464714598069436
0.34949999999999998,0,0,0,0,0,-0.0022424763052966146,0.98541478868165966
0.34999999999999998,0,0,0,0,0,-0.0018404315330874388,0.9861440492475767
0.35049999999999998,0,0,0,0,0,-0.0014874618183522426,0.9868368467851979
0.35099999999999998,0,0,0,0,0,-0.0011781981151779419,0.98749500444593796
0.35149999999999998,0,0,0,0,0,-0.00090783793519044753,0.98812025422364103
0.35199999999999998,0,0,0,0,0,-0.00067208549759545377,0.98871424151245901
0.35249999999999998,0,0,0,0,0,-0.0004670984178590798,0.98927852943683603
0.35299999999999998,0,0,0,0,0,-0.00028944016809928641,0.98981460296499424
0.35349999999999998,0,0,0,0,0,-0.00013603764253666828,0.9903238728167445
0.35399999999999998,0,0,0,0,0,-4.1432467070556811e-06,0.99080767917590729
0.35449999999999998,0,0,0,0,0,0.00010869899791210447,0.99126729521711188
0.35499999999999998,0,0,0,0,0,0.00020468377963844819,0.99170393045625627
0.35549999999999998,0,0,0,0,0,0.00028577164458765125,0.99211873393344341
0.35599999999999998,0,0,0,0,0,0.00035371331230549252,0.99251279723677122
0.35649999999999998,0,0,0,0,0,0.00041007146403859718,0.99288715737493261
0.35699999999999998,0,0,0,0,0,0.00045624027356427899,0.99324279950618599
0.35749999999999998,0,0,0,0,0,0.00049346291988450197,0.99358065953087671
0.35799999999999998,0,0,0,0,0,0.00052284729430529531,0.9939016265543329
0.35849999999999999,0,0,0,0,0,0.00054538009092530704,0.99420654522661622
0.35899999999999999,0,0,0,0,0,0.00056193944888949243,0.99449621796528542
0.35949999999999999,0,0,0,0,0,0.00057330629654506193,0.99477140706702116
0.35999999999999999,0,0,0,0,0,0.00058017453153891285,0.99503283671367015
0.36049999999999999,0,0,0,0,0,0.00058316015664305887,0.99528119487798661
0.36099999999999999,0,0,0,0,0,0.00058280947845557041,0.99551713513408724
0.36149999999999999,0,0,0,0,0,0.00057960646489152445,0.99574127837738291
0.36199999999999999,0,0,0,0,0,0.00057397934738834255,0.99595421445851373
0.36249999999999999,0,0,0,0,0,0.00056630654484379761,0.99615650373558806
0.36299999999999999,0,0,0,0,0,0.00055692197836054724,0.99634867854880871
0.36349999999999999,0,0,0,0,0,0.00054611983877650427,0.99653124462136833
0.36399999999999999,0,0,0,0,0,0.0005341588626157634,0.99670468239029997
0.36449999999999999,0,0,0,0,0,0.00052126616641823276,0.99686944827078494
0.36499999999999999,0,0,0,0,0,0.00050764068432040954,0.99702597585724573
0.36549999999999999,0,0,0,0,0,0.00049345624920360542,0.99717467706438345
0.36599999999999999,0,0,0,0,0,0.00047886435364075108,0.99731594321116424
0.36649999999999999,0,0,0,0,0,0.00046399662320251167,0.997450146050606
0.36699999999999999,0,0,0,0,0,0.00044896703139563066,0.9975776387480757
0.36749999999999999,0,0,0,0,0,0.00043387388254667592,0.99769875681067188
0.36799999999999999,0,0,0,0,0,0.00041880158629115094,0.99781381897013832
0.36849999999999999,0,0,0,0,0,0.00040382224493884511,0.99792312802163141
0.36899999999999999,0,0,0,0,0,0.00038899707284167917,0.99802697162054987
0.3695,0,0,0,0,0,0.00037437766496095648,0.99812562303952235
0.37,0,0,0,0,0,0.00036000713009620711,0.99821934188754624
0.3705,0,0,0,0,0,0.0003459211026763942,0.99830837479316892
0.371,0,0,0,0,0,0.00033214864561270652,0.99839295605351053
0.3715,0,0,0,0,0,0.00031871305544683981,0.99847330825083502
0.372,0,0,0,0,0,0.00030563257989513204,0.99854964283829328
0.3725,0,0,0,0,0,0.00029292105686562486,0.99862216069637866
0.373,0,0,0,0,0,0.00028058848310541507,0.99869105266155977
0.3735,0,0,0,0,0,0.00026864151980887652,0.99875650002848182
0.374,0,0,0,0,0,0.00025708394177426097,0.99881867502705768
0.3745,0,0,0,0,0,0.00024591703602316883,0.99887774127570483
0.375,0,0,0,0,0,0.00023513995519774955,0.9989338542119196
0.3755,0,0,0,0,0,0.0002247500305089245,0.99898716150132361
0.376,0,0,0,0,0,0.00021474304851887283,0.99903780342625748
0.3765,0,0,0,0,0,0.0002051134956040368,0.99908591325494456
0.377,0,0,0,0,0,0.00019585477355199554,0.99913161759219737
0.3775,0,0,0,0,0,0.00018695938938695367,0.99917503671258756
0.378,0,0,0,0,0,0.00017841912220462053,0.99921628487695824
0.3785,0,0,0,0,0,0.00017022516950671029,0.99925547063311038
0.379,0,0,0,0,0,0.00016236827526872055,0.99929269710145485
0.3795,0,0,0,0,0,0.00015483884174471996,0.99932806224638215
0.38,0,0,0,0,0,0.00014762702680115591,0.99936165913406305
0.3805,0,0,0,0,0,0.00014072282838839545,0.99939357617735991
0.38100000000000001,0,0,0,0,0,0.00013411615758773809,0.99942389736849191
0.38150000000000001,0,0,0,0,0,0.00012779690152209255,0.99945270250006735
0.38200000000000001,0,0,0,0,0,0.00012175497728272866,0.99948006737506401
0.38250000000000001,0,0,0,0,0,0.00011598037790283566,0.99950606400631081
0.38300000000000001,0,0,0,0,0,0.00011046321129803971,0.99953076080599523
0.38350000000000001,0,0,0,0,0,0.00010519373299844315,0.9995542227656955
0.38400000000000001,0,0,0,0,0,0.00010016237340593204,0.99957651162741068
0.38450000000000001,0,0,0,0,0,9.5359760234114965e-05,0.99959768604604016
0.38500000000000001,0,0,0,0,0,9.0776736714093254e-05,0.99961780174373815
0.38550000000000001,0,0,0,0,0,8.6404376090420953e-05,0.99963691165655122
0.38600000000000001,0,0,0,0,0,8.2233992870106576e-05,0.99965506607372367
0.38650000000000001,0,0,0,0,0,7.8257151238436684e-05,0.99967231277003754
0.38700000000000001,0,0,0,0,0,7.4465671010659484e-05,0.99968869713153563
0.38750000000000001,0,0,0,0,0,7.0851631445933982e-05,0.9997042622749589
0.38800000000000001,0,0,0,0,0,6.740737321353496e-05,0.9997190491612109
0.38850000000000001,0,0,0,0,0,6.4125498770328804e-05,0.99973309670315036
0.38900000000000001,0,0,0,0,0,6.0998871375783636e-05,0.99974644186799289
0.38950000000000001,0,0,0,0,0,5.8020612948128658e-05,0.9997591197745932
0.39000000000000001,0,0,0,0,0,5.5184100939964509e-05,0.9997711637858635
0.39050000000000001,0,0,0,0,0,5.2482964389866105e-05,0.99978260559657028
0.39100000000000001,0,0,0,0,0,4.9911079290754223e-05,0.99979347531674179
0.39150000000000001,0,0,0,0,0,4.7462563394717883e-05,0.99980380155090465
0.39200000000000002,0,0,0,0,0,4.5131770564865725e-05,0.99981361147335945
0.39250000000000002,0,0,0,0,0,4.2913284764800608e-05,0.99982293089969143
0.39300000000000002,0,0,0,0,0,4.0801913771093545e-05,0.99983178435470688
0.39350000000000002,0,0,0,0,0,3.879268267759084e-05,0.99984019513697153
0.39400000000000002,0,0,0,0,0,3.688082725672448e-05,0.99984818538012299
0.39450000000000002,0,0,0,0,0,3.5061787229562213e-05,0.99985577611111687
0.39500000000000002,0,0,0,0,0,3.3331199492669938e-05,0.999862987305561
0.39550000000000002,0,0,0,0,0,3.1684891341532406e-05,0.99986983794028295
0.39600000000000002,0,0,0,0,0,3.0118873724727102e-05,0.9998763460432688
0.39650000000000002,0,0,0,0,0,2.862933455816119e-05,0.99988252874110539
0.39700000000000002,0,0,0,0,0,2.7212632124018477e-05,0.99988840230405007
0.39750000000000002,0,0,0,0,0,2.586528857573267e-05,0.99989398218884762
0.39800000000000002,0,0,0,0,0,2.4583983564419043e-05,0.99989928307940523
0.39850000000000002,0,0,0,0,0,2.3365548003417835e-05,0.99990431892543497
0.39900000000000002,0,0,0,0,0,2.2206957979720165e-05,0.99990910297916324
0.39950000000000002,0,0,0,0,0,2.110532882304561e-05,0.99991364783020509
0.40000000000000002,0,0,0,0,0,2.0057909338455637e-05,0.99991796543869482
0.40050000000000002,0,0,0,0,0,1.9062076208165024e-05,0.99992206716676013
0.40100000000000002,0,0,0,0,0,1.8115328565437849e-05,0.99992596380842214
0.40150000000000002,0,0,0,0,0,1.7215282743343607e-05,0.99992966561800101
0.40200000000000002,0,0,0,0,0,1.6359667199150607e-05,0.99993318233710093
0.40250000000000002,0,0,0,0,0,1.554631761324643e-05,0.99993652322024584
0.40300000000000002,0,0,0,0,0,1.4773172163917714e-05,0.99993969705923358
0.40350000000000003,0,0,0,0,0,1.4038266973548374e-05,0.99994271220627196
0.40400000000000003,0,0,0,0,0,1.3339731726236259e-05,0.9999455765959584
0.40450000000000003,0,0,0,0,0,1.2675785452720412e-05,0.99994829776616045
0.40500000000000003,0,0,0,0,0,1.2044732480176457e-05,0.99995088287785239
0.40550000000000003,0,0,0,0,0,1.1444958541995121e-05,0.99995333873395975
0.40600000000000003,0,0,0,0,0,1.0874927045767535e-05,0.99995567179726175
0.40649999999999997,0,0,0,0,0,1.0333175492815982e-05,0.99995788820739862
0.40699999999999997,0,0,0,0,0,9.8183120474937269e-06,0.99995999379702871
0.40749999999999997,0,0,0,0,0,9.3290122499256611e-06,0.99996199410717723
0.40799999999999997,0,0,0,0,0,8.8640158689701209e-06,0.99996389440181832
0.40849999999999997,0,0,0,0,0,8.4221238901838191e-06,0.99996569968172744
0.40899999999999997,0,0,0,0,0,8.0021956341269629e-06,0.99996741469764105
0.40949999999999998,0,0,0,0,0,7.6031460015668628e-06,0.99996904396275899
0.40999999999999998,0,0,0,0,0,7.2239428395848293e-06,0.999970591764621
0.41049999999999998,0,0,0,0,0,6.8636044251446648e-06,0.9999720621763899
0.41099999999999998,0,0,0,0,0,6.5211970615708381e-06,0.9999734590675704
0.41149999999999998,0,0,0,0,0,6.1958327828293136e-06,0.99997478611419188
0.41199999999999998,0,0,0,0,0,5.8866671626134348e-06,0.99997604680848229
0.41249999999999998,0,0,0,0,0,5.5928972232388574e-06,0.99997724446805814
0.41299999999999998,0,0,0,0,0,5.3137594404617516e-06,0.99997838224465518
0.41349999999999998,0,0,0,0,0,5.0485278403344935e-06,0.99997946313242247
0.41399999999999998,0,0,0,0,0,4.7965121841020419e-06,0.99998048997580136
0.41449999999999998,0,0,0,0,0,4.557056238030377e-06,0.99998146547701128
0.41499999999999998,0,0,0,0,0,4.3295361238371299e-06,0.99998239220316076
0.41549999999999998,0,0,0,0,0,4.1133587461716914e-06,0.99998327259300268
0.41599999999999998,0,0,0,0,0,3.9079602951463954e-06,0.99998410896335255
0.41649999999999998,0,0,0,0,0,3.71280481858971e-06,0.99998490351518488
0.41699999999999998,0,0,0,0,0,3.5273828624671211e-06,0.99998565833942565
0.41749999999999998,0,0,0,0,0,3.3512101760280189e-06,0.99998637542245439
0.41799999999999998,0,0,0,0,0,3.1838264785699621e-06,0.9999870566513317
0.41849999999999998,0,0,0,0,0,3.0247942851557852e-06,0.99998770381876512
0.41899999999999998,0,0,0,0,0,2.8736977886190118e-06,0.99998831862782689
0.41949999999999998,0,0,0,0,0,2.7301417953040641e-06,0.99998890269643559
0.41999999999999998,0,0,0,0,0,2.5937507122097969e-06,0.99998945756161384
0.42049999999999998,0,0,0,0,0,2.4641675827608012e-06,0.99998998468353317
0.42099999999999999,0,0,0,0,0,2.3410531693190961e-06,0.99999048544935654
0.42149999999999999,0,0,0,0,0,2.2240850799937206e-06,0.99999096117688868
0.42199999999999999,0,0,0,0,0,2.1129569384159552e-06,0.99999141311804429
0.42249999999999999,0,0,0,0,0,2.0073775927054172e-06,0.99999184246214212
0.42299999999999999,0,0,0,0,0,1.9070703642931619e-06,0.99999225033903505
0.42349999999999999,0,0,0,0,0,1.8117723321608992e-06,0.99999263782208325
0.42399999999999999,0,0,0,0,0,1.7212336530514349e-06,0.99999300593097906
0.42449999999999999,0,0,0,0,0,1.6352169142086481e-06,0.99999335563443015
0.42499999999999999,0,0,0,0,0,1.5534965178698457e-06,0.99999368785270859
0.42549999999999999,0,0,0,0,0,1.4758580965112955e-06,0.99999400346007317
0.42599999999999999,0,0,0,0,0,1.4020979558493352e-06,0.99999430328706951
0.42649999999999999,0,0,0,0,0,1.3320225458191004e-06,0.99999458812271602
0.42699999999999999,0,0,0,0,0,1.2654479575324729e-06,0.99999485871658023
0.42749999999999999,0,0,0,0,0,1.2021994446609341e-06,0.99999511578075118
0.42799999999999999,0,0,0,0,0,1.1421109690212816e-06,0.99999535999171363
0.42849999999999999,0,0,0,0,0,1.085024767477627e-06,0.99999559199212795
0.42899999999999999,0,0,0,0,0,1.0307909413809213e-06,0.99999581239252155
0.42949999999999999,0,0,0,0,0,9.7926706532636132e-07,0.99999602177289548
0.42999999999999999,0,0,0,0,0,9.303178161168546e-07,0.99999622068425076
0.43049999999999999,0,0,0,0,0,8.8381461882391932e-07,0.99999640965003822
0.43099999999999999,0,0,0,0,0,8.3963531205544228e-07,0.99999658916753631
0.43149999999999999,0,0,0,0,0,7.9766382821144788e-07,0.99999675970915947
0.432,0,0,0,0,0,7.5778989039321232e-07,0.99999692172370147
0.4325,0,0,0,0,0,7.1990872407834416e-07,0.99999707563751639
0.433,0,0,0,0,0,6.8392078333978645e-07,0.99999722185564055
0.4335,0,0,0,0,0,6.4973149005442821e-07,0.9999973607628585
0.434,0,0,0,0,0,6.1725098687848146e-07,0.99999749272471561
0.4345,0,0,0,0,0,5.8639390176917772e-07,0.99999761808847987
0.435,0,0,0,0,0,5.5707912438585083e-07,0.99999773718405582
0.4355,0,0,0,0,0,5.2922959414836157e-07,0.999997850324853
0.436,0,0,0,0,0,5.0277209784344024e-07,0.99999795780861034
0.4365,0,0,0,0,0,4.7763707800019262e-07,0.9999980599181798
0.437,0,0,0,0,0,4.5375845059147935e-07,0.99999815692227079
0.4375,0,0,0,0,0,4.3107343195014636e-07,0.9999982490761572
0.438,0,0,0,0,0,4.0952237390090573e-07,0.99999833662234938
0.4385,0,0,0,0,0,3.8904860744093384e-07,0.99999841979123194
0.439,0,0,0,0,0,3.69598293969986e-07,0.99999849880167035
0.4395,0,0,0,0,0,3.5112028451411703e-07,0.99999857386158686
0.44,0,0,0,0,0,3.3356598505562829e-07,0.99999864516850756
0.4405,0,0,0,0,0,3.1688922896844218e-07,0.99999871291008213
0.441,0,0,0,0,0,3.0104615644788169e-07,0.99999877726457798
0.4415,0,0,0,0,0,2.8599509860338657e-07,0.99999883840134907
0.442,0,0,0,0,0,2.7169646865665698e-07,0.9999988964812816
0.4425,0,0,0,0,0,2.5811265780273374e-07,0.99999895165721753
0.443,0,0,0,0,0,2.4520793617810455e-07,0.9999990040743566
0.44350000000000001,0,0,0,0,0,2.3294835960196991e-07,0.99999905387063881
0.44400000000000001,0,0,0,0,0,2.2130167975920045e-07,0.99999910117710689
0.44450000000000001,0,0,0,0,0,2.1023726015645394e-07,0.99999914611825158
0.44500000000000001,0,0,0,0,0,1.997259949648722e-07,0.99999918881233896
0.44550000000000001,0,0,0,0,0,1.8974023330287082e-07,0.99999922937172203
0.44600000000000001,0,0,0,0,0,1.8025370596141954e-07,0.99999926790313598
0.44650000000000001,0,0,0,0,0,1.7124145645919242e-07,0.99999930450797914
0.44700000000000001,0,0,0,0,0,1.6267977598349859e-07,0.99999933928258022
0.44750000000000001,0,0,0,0,0,1.5454614032961445e-07,0.99999937231845126
0.44800000000000001,0,0,0,0,0,1.4681915105896337e-07,0.99999940370252871
0.44850000000000001,0,0,0,0,0,1.3947847943285296e-07,0.99999943351740228
0.44900000000000001,0,0,0,0,0,1.3250481289972527e-07,0.99999946184153221
0.44950000000000001,0,0,0,0,0,1.2587980391387532e-07,0.99999948874945566
0.45000000000000001,0,0,0,0,0,1.1958602219586112e-07,0.99999951431198286
0.45050000000000001,0,0,0,0,0,1.1360690865824807e-07,0.99999953859638369
0.45100000000000001,0,0,0,0,0,1.0792673199588876e-07,0.99999956166656445
0.45150000000000001,0,0,0,0,0,1.0253054738562639e-07,0.99999958358323626
0.45200000000000001,0,0,0,0,0,9.7404156740310555e-08,0.99999960440407443
0.45250000000000001,0,0,0,0,0,9.2534071960415076e-08,0.99999962418387067
0.45300000000000001,0,0,0,0,0,8.7907479184856641e-08,0.99999964297467714
0.45350000000000001,0,0,0,0,0,8.3512204929192535e-08,0.99999966082594327
0.45400000000000001,0,0,0,0,0,7.9336684444264449e-08,0.99999967778464616
0.45450000000000002,0,0,0,0,0,7.5369930963020693e-08,0.99999969389541388
0.45500000000000002,0,0,0,0,0,7.1601507056762159e-08,0.99999970920064318
0.45550000000000002,0,0,0,0,0,6.8021497212633619e-08,0.99999972374061108
0.45600000000000002,0,0,0,0,0,6.4620481188271128e-08,0.99999973755358051
0.45650000000000002,0,0,0,0,0,6.1389510142006998e-08,0.99999975067590152
0.45700000000000002,0,0,0,0,0,5.8320082318985556e-08,0.99999976314210648
0.45750000000000002,0,0,0,0,0,5.5404121068747259e-08,0.99999977498500114
0.45800000000000002,0,0,0,0,0,5.2633953639968922e-08,0.99999978623575114
0.45850000000000002,0,0,0,0,0,5.0002290752360068e-08,0.99999979692396357
0.45900000000000002,0,0,0,0,0,4.7502207500826898e-08,0.99999980707776537
0.45950000000000002,0,0,0,0,0,4.5127125258836998e-08,0.99999981672387706
0.46000000000000002,0,0,0,0,0,4.2870794358940145e-08,0.99999982588768321
0.46050000000000002,0,0,0,0,0,4.0727277550445251e-08,0.99999983459329911
0.46100000000000002,0,0,0,0,0,3.8690934234253405e-08,0.99999984286363419
0.46150000000000002,0,0,0,0,0,3.6756406029958555e-08,0.9999998507204525
0.46200000000000002,0,0,0,0,0,3.4918602342948191e-08,0.99999985818442982
0.46250000000000002,0,0,0,0,0,3.3172687152749347e-08,0.99999986527520834
0.46300000000000002,0,0,0,0,0,3.1514066245463823e-08,0.99999987201144791
0.46350000000000002,0,0,0,0,0,2.9938375112337212e-08,0.99999987841087556
0.46400000000000002,0,0,0,0,0,2.8441467292417144e-08,0.99999988449033184
0.46450000000000002,0,0,0,0,0,2.7019403714412249e-08,0.99999989026581526
0.46500000000000002,0,0,0,0,0,2.5668442371618028e-08,0.99999989575252446
0.46550000000000002,0,0,0,0,0,2.4385028218887328e-08,0.99999990096489821
0.46600000000000003,0,0,0,0,0,2.316578395777924e-08,0.99999990591665333
0.46650000000000003,0,0,0,0,0,2.2007501265797202e-08,0.99999991062082072
0.46700000000000003,0,0,0,0,0,2.0907132025627106e-08,0.9999999150897797
0.46750000000000003,0,0,0,0,0,1.9861780664598427e-08,0.99999991933529075
0.46800000000000003,0,0,0,0,0,1.8868696272100749e-08,0.99999992336852617
0.46850000000000003,0,0,0,0,0,1.7925265716201011e-08,0.99999992720009989
0.46899999999999997,0,0,0,0,0,1.7029006205149244e-08,0.99999993084009486
0.46949999999999997,0,0,0,0,0,1.6177559292174237e-08,0.99999993429809009
0.46999999999999997,0,0,0,0,0,1.5368684436189994e-08,0.99999993758318562
0.47049999999999997,0,0,0,0,0,1.4600253006591402e-08,0.99999994070402631
0.47099999999999997,0,0,0,0,0,1.3870242954183709e-08,0.99999994366882505
0.47149999999999997,0,0,0,0,0,1.3176733038022803e-08,0.99999994648538382
0.47199999999999998,0,0,0,0,0,1.251789849554541e-08,0.99999994916111468
0.47249999999999998,0,0,0,0,0,1.1892005491453972e-08,0.999999951703059
0.47299999999999998,0,0,0,0,0,1.1297406898869156e-08,0.9999999541179061
0.47349999999999998,0,0,0,0,0,1.0732537969460054e-08,0.99999995641201078
0.47399999999999998,0,0,0,0,0,1.01959123366413e-08,0.99999995859141022
0.47449999999999998,0,0,0,0,0,9.686117907747871e-09,0.99999996066183972
0.47499999999999998,0,0,0,0,0,9.2018130892768113e-09,0.99999996262874769
0.47549999999999998,0,0,0,0,0,8.7417234562181534e-09,0.99999996449731032
0.47599999999999998,0,0,0,0,0,8.304638199341241e-09,0.99999996627244481
0.47649999999999998,0,0,0,0,0,7.8894071275925626e-09,0.99999996795882262
0.47699999999999998,0,0,0,0,0,7.4949374484489795e-09,0.99999996956088144
0.47749999999999998,0,0,0,0,0,7.1201912144047697e-09,0.99999997108283734
0.47799999999999998,0,0,0,0,0,6.7641822143471586e-09,0.99999997252869544
0.47849999999999998,0,0,0,0,0,6.4259736420879676e-09,0.9999999739022607
0.47899999999999998,0,0,0,0,0,6.1046754318283547e-09,0.99999997520714767
0.47949999999999998,0,0,0,0,0,5.7994420377127653e-09,0.99999997644679028
0.47999999999999998,0,0,0,0,0,5.5094703244051857e-09,0.99999997762445081
0.48049999999999998,0,0,0,0,0,5.2339972356207909e-09,0.99999997874322832
0.48099999999999998,0,0,0,0,0,4.9722976847021982e-09,0.99999997980606692
0.48149999999999998,0,0,0,0,0,4.7236831113295352e-09,0.99999998081576358
0.48199999999999998,0,0,0,0,0,4.4874991500520878e-09,0.9999999817749754
0.48249999999999998,0,0,0,0,0,4.2631244090429732e-09,0.99999998268622659
0.48299999999999998,0,0,0,0,0,4.0499683606753933e-09,0.99999998355191522
0.48349999999999999,0,0,0,0,0,3.8474701202773076e-09,0.99999998437431947
0.48399999999999999,0,0,0,0,0,3.6550967807968959e-09,0.99999998515560351
0.48449999999999999,0,0,0,0,0,3.4723420805349292e-09,0.99999998589782335
0.48499999999999999,0,0,0,0,0,3.2987251818994423e-09,0.99999998660293221
0.48549999999999999,0,0,0,0,0,3.133789006071197e-09,0.99999998727278561
0.48599999999999999,0,0,0,0,0,2.9770996778921699e-09,0.99999998790914635
0.48649999999999999,0,0,0,0,0,2.8282447495087126e-09,0.99999998851368899
0.48699999999999999,0,0,0,0,0,2.68683264526004e-09,0.99999998908800458
0.48749999999999999,0,0,0,0,0,2.552491107365995e-09,0.99999998963360437
0.48799999999999999,0,0,0,0,0,2.4248666408155373e-09,0.9999999901519242
0.48849999999999999,0,0,0,0,0,2.3036234031437175e-09,0.99999999064432799
0.48899999999999999,0,0,0,0,0,2.1884423162532585e-09,0.99999999111211157
0.48949999999999999,0,0,0,0,0,2.0790202892584375e-09,0.99999999155650598
0.48999999999999999,0,0,0,0,0,1.9750693303066669e-09,0.99999999197868072
0.49049999999999999,0,0,0,0,0,1.8763158804446789e-09,0.99999999237974668
0.49099999999999999,0,0,0,0,0,1.7825001474847113e-09,0.99999999276075935
0.49149999999999999,0,0,0,0,0,1.693375106803785e-09,0.99999999312272136
0.49199999999999999,0,0,0,0,0,1.6087063903214016e-09,0.9999999934665853
0.49249999999999999,0,0,0,0,0,1.5282710652542164e-09,0.99999999379325599
0.49299999999999999,0,0,0,0,0,1.4518575230937358e-09,0.99999999410359319
0.49349999999999999,0,0,0,0,0,1.3792647024502003e-09,0.99999999439841358
0.49399999999999999,0,0,0,0,0,1.3103014229187693e-09,0.99999999467849288
0.4945,0,0,0,0,0,1.2447863850795216e-09,0.99999999494456826
0.495,0,0,0,0,0,1.1825470602744304e-09,0.99999999519733984
0.4955,0,0,0,0,0,1.1234196906073635e-09,0.99999999543747287
0.496,0,0,0,0,0,1.0672487338325709e-09,0.99999999566559927
0.4965,0,0,0,0,0,1.0138863082431726e-09,0.99999999588231936
0.497,0,0,0,0,0,9.6319208164885595e-10,0.99999999608820345
0.4975,0,0,0,0,0,9.1503249421975852e-10,0.99999999628379332
0.498,0,0,0,0,0,8.6928086950877059e-10,0.99999999646960369
0.4985,0,0,0,0,0,8.258168593400228e-10,0.99999999664612349
0.499,0,0,0,0,0,7.8452611074197875e-10,0.99999999681381735
0.4995,0,0,0,0,0,7.4529982185822519e-10,0.99999999697312647
0.5,0,0,0,0,0,7.0803485296977442e-10,0.99999999712447019
0.50049999999999994,0,0,0,0,0,6.7263317138355205e-10,0.99999999726824673
0.501,0,0,0,0,0,6.3900151836548957e-10,0.99999999740483436
0.50149999999999995,0,0,0,0,0,6.0705152016282682e-10,0.99999999753459268
0.502,0,0,0,0,0,5.766990218702972e-10,0.99999999765786307
0.50249999999999995,0,0,0,0,0,5.4786408743012771e-10,0.99999999777496995
0.503,0,0,0,0,0,5.2047077758743399e-10,0.9999999978862214
0.50349999999999995,0,0,0,0,0,4.9444726091252278e-10,0.99999999799191031
0.504,0,0,0,0,0,4.6972492562247226e-10,0.99999999809231477
0.50449999999999995,0,0,0,0,0,4.4623871264803938e-10,0.99999999818769902
0.505,0,0,0,0,0,4.2392678256675254e-10,0.9999999982783141
0.50549999999999995,0,0,0,0,0,4.0273040458060905e-10,0.99999999836439835
0.50600000000000001,0,0,0,0,0,3.825939565160752e-10,0.99999999844617848
0.50649999999999995,0,0,0,0,0,3.6346425869027144e-10,0.99999999852386956
0.50700000000000001,0,0,0,0,0,3.4529101800018225e-10,0.99999999859767608
0.50749999999999995,0,0,0,0,0,3.2802649485574875e-10,0.99999999866779232
0.50800000000000001,0,0,0,0,0,3.1162517011296131e-10,0.99999999873440271
0.50849999999999995,0,0,0,0,0,2.9604385609616202e-10,0.99999999879768253
0.50900000000000001,0,0,0,0,0,2.8124169659804465e-10,0.99999999885779844
0.50949999999999995,0,0,0,0,0,2.6717961176814242e-10,0.99999999891490854
0.51000000000000001,0,0,0,0,0,2.538206311797353e-10,0.99999999896916314
0.51049999999999995,0,0,0,0,0,2.4112967178524514e-10,0.99999999902070502
0.51100000000000001,0,0,0,0,0,2.2907320484932825e-10,0.99999999906966974
0.51149999999999995,0,0,0,0,0,2.1761958901578282e-10,0.99999999911618631
0.51200000000000001,0,0,0,0,0,2.0673862621833905e-10,0.99999999916037696
0.51249999999999996,0,0,0,0,0,1.9640178372526407e-10,0.99999999920235816
0.51300000000000001,0,0,0,0,0,1.865817500501521e-10,0.99999999924224026
0.51349999999999996,0,0,0,0,0,1.7725265699652937e-10,0.99999999928012828
0.51400000000000001,0,0,0,0,0,1.6838996863555167e-10,0.99999999931612182
0.51449999999999996,0,0,0,0,0,1.5997048130600433e-10,0.99999999935031569
0.51500000000000001,0,0,0,0,0,1.5197199054739485e-10,0.99999999938279993
0.51549999999999996,0,0,0,0,0,1.4437340212225536e-10,0.99999999941365991
0.51600000000000001,0,0,0,0,0,1.3715473201614259e-10,0.99999999944297691
0.51649999999999996,0,0,0,0,0,1.3029699541533546e-10,0.99999999947082807
0.51700000000000002,0,0,0,0,0,1.2378220670683504e-10,0.99999999949728668
0.51749999999999996,0,0,0,0,0,1.1759304641145718e-10,0.99999999952242236
0.51800000000000002,0,0,0,0,0,1.1171341629534481e-10,0.99999999954630125
0.51849999999999996,0,0,0,0,0,1.0612777323615319e-10,0.99999999956898622
0.51900000000000002,0,0,0,0,0,1.0082135126765479e-10,0.99999999959053687
0.51949999999999996,0,0,0,0,0,9.5780272602041805e-11,0.99999999961101005
0.52000000000000002,0,0,0,0,0,9.0991325585321192e-11,0.9999999996304596
0.52049999999999996,0,0,0,0,0,8.6441742652709763e-11,0.9999999996489366
0.52100000000000002,0,0,0,0,0,8.2119644417844029e-11,0.99999999966648978
0.52149999999999996,0,0,0,0,0,7.8013706605872812e-11,0.99999999968316533
0.52200000000000002,0,0,0,0,0,7.4113049031154787e-11,0.9999999996990071
0.52249999999999996,0,0,0,0,0,7.040734661956094e-11,0.99999999971405673
0.52300000000000002,0,0,0,0,0,6.6886940430777031e-11,0.99999999972835385
0.52349999999999997,0,0,0,0,0,6.3542615613698672e-11,0.99999999974193621
0.52400000000000002,0,0,0,0,0,6.0365490384128861e-11,0.99999999975483944
0.52449999999999997,0,0,0,0,0,5.7347238069382911e-11,0.99999999976709752
0.52500000000000002,0,0,0,0,0,5.4479865063683519e-11,0.99999999977874265
0.52549999999999997,0,0,0,0,0,5.1755821850463235e-11,0.99999999978980547
0.52600000000000002,0,0,0,0,0,4.9168003002364458e-11,0.99999999980031518
0.52649999999999997,0,0,0,0,0,4.6709636158936974e-11,0.99999999981029941
0.52700000000000002,0,0,0,0,0,4.4374171004335494e-11,0.99999999981978449
0.52749999999999997,0,0,0,0,0,4.2155501311924581e-11,0.99999999982879528
0.52800000000000002,0,0,0,0,0,4.0047742899673722e-11,0.99999999983735555
0.52849999999999997,0,0,0,0,0,3.8045455674762252e-11,0.99999999984548782
0.52900000000000003,0,0,0,0,0,3.6143199544369509e-11,0.99999999985321342
0.52949999999999997,0,0,0,0,0,3.4336089527187141e-11,0.99999999986055277
0.53000000000000003,0,0,0,0,0,3.2619240641906799e-11,0.99999999986752508
0.53049999999999997,0,0,0,0,0,3.0988211996429982e-11,0.99999999987414878
0.53100000000000003,0,0,0,0,0,2.9438784743263113e-11,0.9999999998804413
0.53149999999999997,0,0,0,0,0,2.7966740034912618e-11,0.99999999988641919
0.53200000000000003,0,0,0,0,0,2.6568414135397234e-11,0.9999999998920982
0.53249999999999997,0,0,0,0,0,2.5240032286433234e-11,0.99999999989749333
0.53300000000000003,0,0,0,0,0,2.3978041774341818e-11,0.99999999990261867
0.53349999999999997,0,0,0,0,0,2.2779222952351574e-11,0.99999999990748778
0.53400000000000003,0,0,0,0,0,2.1640245151388626e-11,0.99999999991211341
0.53449999999999998,0,0,0,0,0,2.0558221791588949e-11,0.99999999991650779
0.53500000000000003,0,0,0,0,0,1.9530377315390979e-11,0.99999999992068245
0.53549999999999998,0,0,0,0,0,1.8553825142930691e-11,0.99999999992464828
0.53600000000000003,0,0,0,0,0,1.762612278355391e-11,0.99999999992841582
0.53649999999999998,0,0,0,0,0,1.6744827746606461e-11,0.99999999993199506
0.53700000000000003,0,0,0,0,0,1.590760856373663e-11,0.99999999993539535
0.53749999999999998,0,0,0,0,0,1.5112133766592706e-11,0.99999999993862554
0.53800000000000003,0,0,0,0,0,1.4356515976032824e-11,0.99999999994169431
0.53849999999999998,0,0,0,0,0,1.3638756790612661e-11,0.99999999994460964
0.53900000000000003,0,0,0,0,0,1.2956857808887889e-11,0.9999999999473792
0.53949999999999998,0,0,0,0,0,1.2308931651716648e-11,0.99999999995001021
0.54000000000000004,0,0,0,0,0,1.1693424006864461e-11,0.99999999995250966
0.54049999999999998,0,0,0,0,0,1.1108780562096854e-11,0.9999999999548842
0.54100000000000004,0,0,0,0,0,1.0553335982876888e-11,0.99999999995713995
0.54149999999999998,0,0,0,0,0,1.0025646979272551e-11,0.9999999999592829
0.54200000000000004,0,0,0,0,0,9.5242702613518304e-12,0.99999999996131872
0.54249999999999998,0,0,0,0,0,9.0480956060901008e-12,0.99999999996325284
0.54300000000000004,0,0,0,0,0,8.5956797235553495e-12,0.99999999996509015
0.54349999999999998,0,0,0,0,0,8.1659123907229514e-12,0.99999999996683564
0.54400000000000004,0,0,0,0,0,7.7575723622658188e-12,0.99999999996849387
0.54449999999999998,0,0,0,0,0,7.3696604374617891e-12,0.99999999997006916
0.54500000000000004,0,0,0,0,0,7.0011774155886997e-12,0.99999999997156575
0.54549999999999998,0,0,0,0,0,6.6511240959243878e-12,0.9999999999729875
0.54600000000000004,0,0,0,0,0,6.3185012777466909e-12,0.99999999997433808
0.54649999999999999,0,0,0,0,0,6.0025318049383714e-12,0.99999999997562117
0.54700000000000004,0,0,0,0,0,5.702327499079729e-12,0.99999999997684008
0.54749999999999999,0,0,0,0,0,5.4172222263559888e-12,0.99999999997799804
0.54800000000000004,0,0,0,0,0,5.1463278083474506e-12,0.99999999997909816
0.54849999999999999,0,0,0,0,0,4.8889781112393393e-12,0.99999999998014322
0.54900000000000004,0,0,0,0,0,4.6445070012168799e-12,0.99999999998113609
0.54949999999999999,0,0,0,0,0,4.4123593667677596e-12,0.99999999998207934
0.55000000000000004,0,0,0,0,0,4.191758051774741e-12,0.9999999999829754
0.55049999999999999,0,0,0,0,0,3.9821479447255115e-12,0.9999999999838266
0.55100000000000005,0,0,0,0,0,3.7830849564102209e-12,0.99999999998463529
0.55149999999999999,0,0,0,0,0,3.5940139753165568e-12,0.99999999998540356
0.55200000000000005,0,0,0,0,0,3.4143798899322064e-12,0.99999999998613343
0.55249999999999999,0,0,0,0,0,3.2436275887448573e-12,0.99999999998682676
0.55300000000000005,0,0,0,0,0,3.081424004847122e-12,0.99999999998748546
0.55349999999999999,0,0,0,0,0,2.9273250490291503e-12,0.99999999998811118
0.55400000000000005,0,0,0,0,0,2.7808866320810921e-12,0.99999999998870559
0.55449999999999999,0,0,0,0,0,2.6418867093980225e-12,0.99999999998927036
0.55500000000000005,0,0,0,0,0,2.5097701694676289e-12,0.99999999998980682
0.55549999999999999,0,0,0,0,0,2.3843149676849862e-12,0.99999999999031652
0.55600000000000005,0,0,0,0,0,2.2650770148402444e-12,0.99999999999080069
0.55649999999999999,0,0,0,0,0,2.1518342663284784e-12,0.99999999999126066
0.55700000000000005,0,0,0,0,0,2.0442536552423007e-12,0.99999999999169764
0.5575,0,0,0,0,0,1.9420021146743238e-12,0.99999999999211275
0.55800000000000005,0,0,0,0,0,1.8448576000196226e-12,0.9999999999925071
0.5585,0,0,0,0,0,1.7527090889757346e-12,0.99999999999288181
0.55900000000000005,0,0,0,0,0,1.6651124923328098e-12,0.99999999999323774
0.5595,0,0,0,0,0,1.581845765485923e-12,0.99999999999357581
0.56000000000000005,0,0,0,0,0,1.5026868638301494e-12,0.99999999999389699
0.5605,0,0,0,0,0,1.4276357873654888e-12,0.99999999999420219
0.56100000000000005,0,0,0,0,0,1.3562484468820912e-12,0.99999999999449207
0.5615,0,0,0,0,0,1.2885248423799567e-12,0.99999999999476752
0.56200000000000006,0,0,0,0,0,1.2241319069516976e-12,0.9999999999950292
0.5625,0,0,0,0,0,1.1629586182948515e-12,0.99999999999527778
0.56299999999999994,0,0,0,0,0,1.1048939541069558e-12,0.99999999999551392
0.5635,0,0,0,0,0,1.049604847480623e-12,0.99999999999573819
0.56399999999999995,0,0,0,0,0,9.9709129841585309e-13,0.99999999999595124
0.5645,0,0,0,0,0,9.4724228461018356e-13,0.99999999999615363
0.56499999999999995,0,0,0,0,0,8.9983576145868938e-13,0.99999999999634592
0.5655,0,0,0,0,0,8.5487172896137054e-13,0.99999999999652867
0.56599999999999995,0,0,0,0,0,8.1212814251330201e-13,0.99999999999670219
0.5665,0,0,0,0,0,7.7149397981202128e-13,0.99999999999686706
0.56699999999999995,0,0,0,0,0,7.3296924085752835e-13,0.99999999999702371
0.5675,0,0,0,0,0,6.9622085874243567e-13,0.99999999999717248
0.56799999999999995,0,0,0,0,0,6.6135985576920575e-13,0.99999999999731382
0.56850000000000001,0,0,0,0,0,6.2827520963537609e-13,0.99999999999744815
0.56899999999999995,0,0,0,0,0,5.9685589803848416e-13,0.99999999999757572
0.56950000000000001,0,0,0,0,0,5.6699089867606745e-13,0.99999999999769695
0.56999999999999995,0,0,0,0,0,5.3856918924566344e-13,0.99999999999781208
0.57050000000000001,0,0,0,0,0,5.1159076974727213e-13,0.99999999999792144
0.57099999999999995,0,0,0,0,0,4.8594461787843102e-13,0.99999999999802536
0.57150000000000001,0,0,0,0,0,4.6163073363914009e-13,0.99999999999812406
0.57199999999999995,0,0,0,0,0,4.3853809472693683e-13,0.99999999999821787
0.57250000000000001,0,0,0,0,0,4.1666670114182125e-13,0.99999999999830702
0.57299999999999995,0,0,0,0,0,3.9579450827886831e-13,0.99999999999839162
0.57350000000000001,0,0,0,0,0,3.75921516138078e-13,0.999999999998472
0.57399999999999995,0,0,0,0,0,3.5715874702191286e-13,0.99999999999854838
0.57450000000000001,0,0,0,0,0,3.3928415632544784e-13,0.99999999999862099
0.57499999999999996,0,0,0,0,0,3.2229774404868294e-13,0.99999999999868994
0.57550000000000001,0,0,0,0,0,3.0619951019161817e-13,0.99999999999875544
0.57599999999999996,0,0,0,0,0,2.9098945475425353e-13,0.99999999999881772
0.57650000000000001,0,0,0,0,0,2.7633451082920146e-13,0.99999999999887679
0.57699999999999996,0,0,0,0,0,2.6256774532384952e-13,0.99999999999893296
0.57750000000000001,0,0,0,0,0,2.4946711363327267e-13,0.99999999999898637
0.57799999999999996,0,0,0,0,0,2.3703261575747092e-13,0.9999999999990371
0.57850000000000001,0,0,0,0,0,2.2526425169644426e-13,0.99999999999908529
0.57899999999999996,0,0,0,0,0,2.1405099914773018e-13,0.99999999999913103
0.57950000000000002,0,0,0,0,0,2.0328183580886616e-13,0.99999999999917444
0.57999999999999996,0,0,0,0,0,1.9317880628477724e-13,0.99999999999921574
0.58050000000000002,0,0,0,0,0,1.8351986597053838e-13,0.99999999999925493
0.58099999999999996,0,0,0,0,0,1.7441603716861209e-13,0.99999999999929223
0.58150000000000002,0,0,0,0,0,1.6575629757653587e-13,0.99999999999932765
0.58199999999999996,0,0,0,0,0,1.5754064719430971e-13,0.99999999999936129
0.58250000000000002,0,0,0,0,0,1.496580637194711e-13,0.99999999999939326
0.58299999999999996,0,0,0,0,0,1.4210854715202004e-13,0.99999999999942357
0.58350000000000002,0,0,0,0,0,1.3500311979441904e-13,0.99999999999945244
0.58399999999999996,0,0,0,0,0,1.283417816466681e-13,0.99999999999947986
0.58450000000000002,0,0,0,0,0,1.2190248810384219e-13,0.99999999999950584
0.58499999999999996,0,0,0,0,0,1.1590728377086634e-13,0.9999999999995306
0.58550000000000002,0,0,0,0,0,1.1002310174035301e-13,0.99999999999955402
0.58599999999999997,0,0,0,0,0,1.0458300891968975e-13,0.99999999999957634
0.58650000000000002,0,0,0,0,0,9.936496070395151e-14,0.99999999999959754
0.58699999999999997,0,0,0,0,0,9.4368957093138306e-14,0.99999999999961764
0.58750000000000002,0,0,0,0,0,8.9594998087250133e-14,0.99999999999963674
0.58799999999999997,0,0,0,0,0,8.5154105988749507e-14,0.99999999999965494
0.58850000000000002,0,0,0,0,0,8.0824236192711396e-14,0.99999999999967215
0.58899999999999997,0,0,0,0,0,7.6827433304060833e-14,0.99999999999968858
0.58950000000000002,0,0,0,0,0,7.2941652717872785e-14,0.99999999999970413
0.58999999999999997,0,0,0,0,0,6.9277916736609768e-14,0.99999999999971889
0.59050000000000002,0,0,0,0,0,6.5836225360271783e-14,0.99999999999973299
0.59099999999999997,0,0,0,0,0,6.2505556286396313e-14,0.99999999999974631
0.59150000000000003,0,0,0,0,0,5.9396931817445875e-14,0.99999999999975897
0.59199999999999997,0,0,0,0,0,5.6510351953420468e-14,0.99999999999977107
0.59250000000000003,0,0,0,0,0,5.3623772089395061e-14,0.99999999999978251
0.59299999999999997,0,0,0,0,0,5.0959236830294685e-14,0.99999999999979339
0.59350000000000003,0,0,0,0,0,4.8405723873656825e-14,0.99999999999980371
0.59399999999999997,0,0,0,0,0,4.5963233219481481e-14,0.99999999999981348
0.59450000000000003,0,0,0,0,0,4.3631764867768652e-14,0.99999999999982281
0.59499999999999997,0,0,0,0,0,4.1522341120980855e-14,0.99999999999983169
0.59550000000000003,0,0,0,0,0,3.9412917374193057e-14,0.99999999999984013
0.59599999999999997,0,0,0,0,0,3.7414515929867775e-14,0.99999999999984812
0.59650000000000003,0,0,0,0,0,3.5527136788005009e-14,0.99999999999985567
0.59699999999999998,0,0,0,0,0,3.3750779948604759e-14,0.99999999999986289
0.59750000000000003,0,0,0,0,0,3.2085445411667024e-14,0.99999999999986977
0.59799999999999998,0,0,0,0,0,3.0531133177191805e-14,0.99999999999987632
0.59850000000000003,0,0,0,0,0,2.9087843245179101e-14,0.99999999999988254
0.59899999999999998,0,0,0,0,0,2.7644553313166398e-14,0.99999999999988842
0.59950000000000003,0,0,0,0,0,2.6201263381153694e-14,0.99999999999989397
0.59999999999999998,0,0,0,0,0,2.4868995751603507e-14,0.9999999999998993
0.60050000000000003,0,0,0,0,0,2.3536728122053319e-14,0.9999999999999043
0.60099999999999998,0,0,0,0,0,2.2315482794965646e-14,0.99999999999990907
0.60150000000000003,0,0,0,0,0,2.120525977034049e-14,0.99999999999991362
0.60199999999999998,0,0,0,0,0,2.0206059048177849e-14,0.99999999999991795
0.60250000000000004,0,0,0,0,0,1.9206858326015208e-14,0.99999999999992206
0.60299999999999998,0,0,0,0,0,1.8207657603852567e-14,0.99999999999992595
0.60350000000000004,0,0,0,0,0,1.7208456881689926e-14,0.99999999999992961
0.60399999999999998,0,0,0,0,0,1.6431300764452317e-14,0.99999999999993316
0.60450000000000004,0,0,0,0,0,1.5543122344752192e-14,0.9999999999999365
0.60499999999999998,0,0,0,0,0,1.4765966227514582e-14,0.99999999999993971
0.60550000000000004,0,0,0,0,0,1.3988810110276972e-14,0.99999999999994271
0.60599999999999998,0,0,0,0,0,1.3322676295501878e-14,0.9999999999999456
0.60650000000000004,0,0,0,0,0,1.2656542480726785e-14,0.99999999999994837
0.60699999999999998,0,0,0,0,0,1.1990408665951691e-14,0.99999999999995093
0.60750000000000004,0,0,0,0,0,1.1324274851176597e-14,0.99999999999995337
0.60799999999999998,0,0,0,0,0,1.0769163338864018e-14,0.9999999999999557
0.60850000000000004,0,0,0,0,0,1.021405182655144e-14,0.99999999999995792
0.60899999999999999,0,0,0,0,0,9.6589403142388619e-15,0.99999999999996003
0.60950000000000004,0,0,0,0,0,9.2148511043887993e-15,0.99999999999996203
0.60999999999999999,0,0,0,0,0,8.7707618945387367e-15,0.99999999999996392
0.61050000000000004,0,0,0,0,0,8.3266726846886741e-15,0.99999999999996569
0.61099999999999999,0,0,0,0,0,7.8825834748386114e-15,0.99999999999996736
0.61150000000000004,0,0,0,0,0,7.5495165674510645e-15,0.99999999999996902
0.61199999999999999,0,0,0,0,0,7.2164496600635175e-15,0.99999999999997058
0.61250000000000004,0,0,0,0,0,6.7723604502134549e-15,0.99999999999997202
0.61299999999999999,0,0,0,0,0,6.4392935428259079e-15,0.99999999999997347
0.61350000000000005,0,0,0,0,0,6.106226635438361e-15,0.9999999999999748
0.61399999999999999,0,0,0,0,0,5.773159728050814e-15,0.99999999999997602
0.61450000000000005,0,0,0,0,0,5.5511151231257827e-15,0.99999999999997724
0.61499999999999999,0,0,0,0,0,5.2180482157382357e-15,0.99999999999997835
0.61550000000000005,0,0,0,0,0,4.9960036108132044e-15,0.99999999999997946
0.61599999999999999,0,0,0,0,0,4.6629367034256575e-15,0.99999999999998046
0.61650000000000005,0,0,0,0,0,4.4408920985006262e-15,0.99999999999998146
0.61699999999999999,0,0,0,0,0,4.2188474935755949e-15,0.99999999999998235
0.61750000000000005,0,0,0,0,0,3.9968028886505635e-15,0.99999999999998324
0.61799999999999999,0,0,0,0,0,3.8857805861880479e-15,0.99999999999998412
0.61850000000000005,0,0,0,0,0,3.6637359812630166e-15,0.9999999999999849
0.61899999999999999,0,0,0,0,0,3.5527136788005009e-15,0.99999999999998568
0.61950000000000005,0,0,0,0,0,3.3306690738754696e-15,0.99999999999998634
0.62,0,0,0,0,0,3.1086244689504383e-15,0.99999999999998701
0.62050000000000005,0,0,0,0,0,2.9976021664879227e-15,0.99999999999998768
0.621,0,0,0,0,0,2.886579864025407e-15,0.99999999999998834
0.62150000000000005,0,0,0,0,0,2.6645352591003757e-15,0.9999999999999889
0.622,0,0,0,0,0,2.55351295663786e-15,0.99999999999998945
0.62250000000000005,0,0,0,0,0,2.4424906541753444e-15,0.99999999999999001
0.623,0,0,0,0,0,2.3314683517128287e-15,0.99999999999999056
0.62350000000000005,0,0,0,0,0,2.2204460492503131e-15,0.99999999999999101
0.624,0,0,0,0,0,2.1094237467877974e-15,0.99999999999999145
0.62450000000000006,0,0,0,0,0,1.9984014443252818e-15,0.9999999999999919
0.625,0,0,0,0,0,1.8873791418627661e-15,0.99999999999999234
0.62549999999999994,0,0,0,0,0,1.7763568394002505e-15,0.99999999999999267
0.626,0,0,0,0,0,1.6653345369377348e-15,0.99999999999999301
0.62649999999999995,0,0,0,0,0,1.5543122344752192e-15,0.99999999999999334
0.627,0,0,0,0,0,1.4432899320127035e-15,0.99999999999999367
0.62749999999999995,0,0,0,0,0,1.3322676295501878e-15,0.999999999999994
0.628,0,0,0,0,0,1.3322676295501878e-15,0.99999999999999434
0.62849999999999995,0,0,0,0,0,1.3322676295501878e-15,0.99999999999999467
0.629,0,0,0,0,0,1.2212453270876722e-15,0.99999999999999489
0.62949999999999995,0,0,0,0,0,1.1102230246251565e-15,0.99999999999999512
0.63,0,0,0,0,0,9.9920072216264089e-16,0.99999999999999534
0.63049999999999995,0,0,0,0,0,8.8817841970012523e-16,0.99999999999999556
0.63100000000000001,0,0,0,0,0,8.8817841970012523e-16,0.99999999999999578
0.63149999999999995,0,0,0,0,0,8.8817841970012523e-16,0.999999999999996
0.63200000000000001,0,0,0,0,0,8.8817841970012523e-16,0.99999999999999623
0.63249999999999995,0,0,0,0,0,8.8817841970012523e-16,0.99999999999999645
0.63300000000000001,0,0,0,0,0,8.8817841970012523e-16,0.99999999999999667
0.63349999999999995,0,0,0,0,0,8.8817841970012523e-16,0.99999999999999689
0.63400000000000001,0,0,0,0,0,7.7715611723760958e-16,0.999999999999997
0.63449999999999995,0,0,0,0,0,6.6613381477509392e-16,0.99999999999999711
0.63500000000000001,0,0,0,0,0,5.5511151231257827e-16,0.99999999999999722
0.63549999999999995,0,0,0,0,0,4.4408920985006262e-16,0.99999999999999734
0.63600000000000001,0,0,0,0,0,4.4408920985006262e-16,0.99999999999999745
0.63649999999999995,0,0,0,0,0,4.4408920985006262e-16,0.99999999999999756
0.63700000000000001,0,0,0,0,0,4.4408920985006262e-16,0.99999999999999767
0.63749999999999996,0,0,0,0,0,4.4408920985006262e-16,0.99999999999999778
0.63800000000000001,0,0,0,0,0,4.4408920985006262e-16,0.99999999999999789
0.63849999999999996,0,0,0,0,0,4.4408920985006262e-16,0.999999999999998
0.63900000000000001,0,0,0,0,0,4.4408920985006262e-16,0.99999999999999811
0.63949999999999996,0,0,0,0,0,4.4408920985006262e-16,0.99999999999999822
0.64000000000000001,0,0,0,0,0,4.4408920985006262e-16,0.99999999999999833
0.64049999999999996,0,0,0,0,0,4.4408920985006262e-16,0.99999999999999845
0.64100000000000001,0,0,0,0,0,4.4408920985006262e-16,0.99999999999999856
0.64149999999999996,0,0,0,0,0,4.4408920985006262e-16,0.99999999999999867
0.64200000000000002,0,0,0,0,0,4.4408920985006262e-16,0.99999999999999878
0.64249999999999996,0,0,0,0,0,4.4408920985006262e-16,0.99999999999999889
0.64300000000000002,0,0,0,0,0,4.4408920985006262e-16,0.999999999999999
0.64349999999999996,0,0,0,0,0,3.3306690738754696e-16,0.999999999999999
0.64400000000000002,0,0,0,0,0,2.2204460492503131e-16,0.999999999999999
0.64449999999999996,0,0,0,0,0,1.1102230246251565e-16,0.999999999999999
0.64500000000000002,0,0,0,0,0,0,0.999999999999999
0.64549999999999996,0,0,0,0,0,0,0.999999999999999
0.64600000000000002,0,0,0,0,0,0,0.999999999999999
0.64649999999999996,0,0,0,0,0,0,0.999999999999999
0.64700000000000002,0,0,0,0,0,0,0.999999999999999
0.64749999999999996,0,0,0,0,0,0,0.999999999999999
0.64800000000000002,0,0,0,0,0,0,0.999999999999999
0.64849999999999997,0,0,0,0,0,0,0.999999999999999
0.64900000000000002,0,0,0,0,0,0,0.999999999999999
0.64949999999999997,0,0,0,0,0,0,0.999999999999999
0.65000000000000002,0,0,0,0,0,0,0.999999999999999
0.65049999999999997,0,0,0,0,0,0,0.999999999999999
0.65100000000000002,0,0,0,0,0,0,0.999999999999999
0.65149999999999997,0,0,0,0,0,0,0.999999999999999
0.65200000000000002,0,0,0,0,0,0,0.999999999999999
0.65249999999999997,0,0,0,0,0,0,0.999999999999999
0.65300000000000002,0,0,0,0,0,0,0.999999999999999
0.65349999999999997,0,0,0,0,0,0,0.999999999999999
0.65400000000000003,0,0,0,0,0,0,0.999999999999999
0.65449999999999997,0,0,0,0,0,0,0.999999999999999
0.65500000000000003,0,0,0,0,0,0,0.999999999999999
0.65549999999999997,0,0,0,0,0,0,0.999999999999999
0.65600000000000003,0,0,0,0,0,0,0.999999999999999
0.65649999999999997,0,0,0,0,0,0,0.999999999999999
0.65700000000000003,0,0,0,0,0,0,0.999999999999999
0.65749999999999997,0,0,0,0,0,0,0.999999999999999
0.65800000000000003,0,0,0,0,0,0,0.999999999999999
0.65849999999999997,0,0,0,0,0,0,0.999999999999999
0.65900000000000003,0,0,0,0,0,0,0.999999999999999
0.65949999999999998,0,0,0,0,0,0,0.999999999999999
0.66000000000000003,0,0,0,0,0,0,0.999999999999999
0.66049999999999998,0,0,0,0,0,0,0.999999999999999
0.66100000000000003,0,0,0,0,0,0,0.999999999999999
0.66149999999999998,0,0,0,0,0,0,0.999999999999999
0.66200000000000003,0,0,0,0,0,0,0.999999999999999
0.66249999999999998,0,0,0,0,0,0,0.999999999999999
0.66300000000000003,0,0,0,0,0,0,0.999999999999999
0.66349999999999998,0,0,0,0,0,0,0.999999999999999
0.66400000000000003,0,0,0,0,0,0,0.999999999999999
0.66449999999999998,0,0,0,0,0,0,0.999999999999999
0.66500000000000004,0,0,0,0,0,0,0.999999999999999
0.66549999999999998,0,0,0,0,0,0,0.999999999999999
0.66600000000000004,0,0,0,0,0,0,0.999999999999999
0.66649999999999998,0,0,0,0,0,0,0.999999999999999
0.66700000000000004,0,0,0,0,0,0,0.999999999999999
0.66749999999999998,0,0,0,0,0,0,0.999999999999999
0.66800000000000004,0,0,0,0,0,0,0.999999999999999
0.66849999999999998,0,0,0,0,0,0,0.999999999999999
0.66900000000000004,0,0,0,0,0,0,0.999999999999999
0.66949999999999998,0,0,0,0,0,0,0.999999999999999
0.67000000000000004,0,0,0,0,0,0,0.999999999999999
0.67049999999999998,0,0,0,0,0,0,0.999999999999999
0.67100000000000004,0,0,0,0,0,0,0.999999999999999
0.67149999999999999,0,0,0,0,0,0,0.999999999999999
0.67200000000000004,0,0,0,0,0,0,0.999999999999999
0.67249999999999999,0,0,0,0,0,0,0.999999999999999
0.67300000000000004,0,0,0,0,0,0,0.999999999999999
0.67349999999999999,0,0,0,0,0,0,0.999999999999999
0.67400000000000004,0,0,0,0,0,0,0.999999999999999
0.67449999999999999,0,0,0,0,0,0,0.999999999999999
0.67500000000000004,0,0,0,0,0,0,0.999999999999999
0.67549999999999999,0,0,0,0,0,0,0.999999999999999
0.67600000000000005,0,0,0,0,0,0,0.999999999999999
0.67649999999999999,0,0,0,0,0,0,0.999999999999999
0.67700000000000005,0,0,0,0,0,0,0.999999999999999
0.67749999999999999,0,0,0,0,0,0,0.999999999999999
0.67800000000000005,0,0,0,0,0,0,0.999999999999999
0.67849999999999999,0,0,0,0,0,0,0.999999999999999
0.67900000000000005,0,0,0,0,0,0,0.999999999999999
0.67949999999999999,0,0,0,0,0,0,0.999999999999999
0.68000000000000005,0,0,0,0,0,0,0.999999999999999
0.68049999999999999,0,0,0,0,0,0,0.999999999999999
0.68100000000000005,0,0,0,0,0,0,0.999999999999999
0.68149999999999999,0,0,0,0,0,0,0.999999999999999
0.68200000000000005,0,0,0,0,0,0,0.999999999999999
0.6825,0,0,0,0,0,0,0.999999999999999
0.68300000000000005,0,0,0,0,0,0,0.999999999999999
0.6835,0,0,0,0,0,0,0.999999999999999
0.68400000000000005,0,0,0,0,0,0,0.999999999999999
0.6845,0,0,0,0,0,0,0.999999999999999
0.68500000000000005,0,0,0,0,0,0,0.999999999999999
0.6855,0,0,0,0,0,0,0.999999999999999
0.68600000000000005,0,0,0,0,0,0,0.999999999999999
0.6865,0,0,0,0,0,0,0.999999999999999
0.68700000000000006,0,0,0,0,0,0,0.999999999999999
0.6875,0,0,0,0,0,0,0.999999999999999
0.68799999999999994,0,0,0,0,0,0,0.999999999999999
0.6885,0,0,0,0,0,0,0.999999999999999
0.68899999999999995,0,0,0,0,0,0,0.999999999999999
0.6895,0,0,0,0,0,0,0.999999999999999
0.68999999999999995,0,0,0,0,0,0,0.999999999999999
0.6905,0,0,0,0,0,0,0.999999999999999
0.69099999999999995,0,0,0,0,0,0,0.999999999999999
0.6915,0,0,0,0,0,0,0.999999999999999
0.69199999999999995,0,0,0,0,0,0,0.999999999999999
0.6925,0,0,0,0,0,0,0.999999999999999
0.69299999999999995,0,0,0,0,0,0,0.999999999999999
0.69350000000000001,0,0,0,0,0,0,0.999999999999999
0.69399999999999995,0,0,0,0,0,0,0.999999999999999
0.69450000000000001,0,0,0,0,0,0,0.999999999999999
0.69499999999999995,0,0,0,0,0,0,0.999999999999999
0.69550000000000001,0,0,0,0,0,0,0.999999999999999
0.69599999999999995,0,0,0,0,0,0,0.999999999999999
0.69650000000000001,0,0,0,0,0,0,0.999999999999999
0.69699999999999995,0,0,0,0,0,0,0.999999999999999
0.69750000000000001,0,0,0,0,0,0,0.999999999999999
0.69799999999999995,0,0,0,0,0,0,0.999999999999999
0.69850000000000001,0,0,0,0,0,0,0.999999999999999
0.69899999999999995,0,0,0,0,0,0,0.999999999999999
0.69950000000000001,0,0,0,0,0,0,0.999999999999999
0.69999999999999996,0,0,0,0,0,0,0.999999999999999
0.70050000000000001,0,0,0,0,0,0,0.999999999999999
0.70099999999999996,0,0,0,0,0,0,0.999999999999999
0.70150000000000001,0,0,0,0,0,0,0.999999999999999
0.70199999999999996,0,0,0,0,0,0,0.999999999999999
0.70250000000000001,0,0,0,0,0,0,0.999999999999999
0.70299999999999996,0,0,0,0,0,0,0.999999999999999
0.70350000000000001,0,0,0,0,0,0,0.999999999999999
0.70399999999999996,0,0,0,0,0,0,0.999999999999999
0.70450000000000002,0,0,0,0,0,0,0.999999999999999
0.70499999999999996,0,0,0,0,0,0,0.999999999999999
0.70550000000000002,0,0,0,0,0,0,0.999999999999999
0.70599999999999996,0,0,0,0,0,0,0.999999999999999
0.70650000000000002,0,0,0,0,0,0,0.999999999999999
0.70699999999999996,0,0,0,0,0,0,0.999999999999999
0.70750000000000002,0,0,0,0,0,0,0.999999999999999
0.70799999999999996,0,0,0,0,0,0,0.999999999999999
0.70850000000000002,0,0,0,0,0,0,0.999999999999999
0.70899999999999996,0,0,0,0,0,0,0.999999999999999
0.70950000000000002,0,0,0,0,0,0,0.999999999999999
0.70999999999999996,0,0,0,0,0,0,0.999999999999999
0.71050000000000002,0,0,0,0,0,0,0.999999999999999
0.71099999999999997,0,0,0,0,0,0,0.999999999999999
0.71150000000000002,0,0,0,0,0,0,0.999999999999999
0.71199999999999997,0,0,0,0,0,0,0.999999999999999
0.71250000000000002,0,0,0,0,0,0,0.999999999999999
0.71299999999999997,0,0,0,0,0,0,0.999999999999999
0.71350000000000002,0,0,0,0,0,0,0.999999999999999
0.71399999999999997,0,0,0,0,0,0,0.999999999999999
0.71450000000000002,0,0,0,0,0,0,0.999999999999999
0.71499999999999997,0,0,0,0,0,0,0.999999999999999
0.71550000000000002,0,0,0,0,0,0,0.999999999999999
0.71599999999999997,0,0,0,0,0,0,0.999999999999999
0.71650000000000003,0,0,0,0,0,0,0.999999999999999
0.71699999999999997,0,0,0,0,0,0,0.999999999999999
0.71750000000000003,0,0,0,0,0,0,0.999999999999999
0.71799999999999997,0,0,0,0,0,0,0.999999999999999
0.71850000000000003,0,0,0,0,0,0,0.999999999999999
0.71899999999999997,0,0,0,0,0,0,0.999999999999999
0.71950000000000003,0,0,0,0,0,0,0.999999999999999
0.71999999999999997,0,0,0,0,0,0,0.999999999999999
0.72050000000000003,0,0,0,0,0,0,0.999999999999999
0.72099999999999997,0,0,0,0,0,0,0.999999999999999
0.72150000000000003,0,0,0,0,0,0,0.999999999999999
0.72199999999999998,0,0,0,0,0,0,0.999999999999999
0.72250000000000003,0,0,0,0,0,0,0.999999999999999
0.72299999999999998,0,0,0,0,0,0,0.999999999999999
0.72350000000000003,0,0,0,0,0,0,0.999999999999999
0.72399999999999998,0,0,0,0,0,0,0.999999999999999
0.72450000000000003,0,0,0,0,0,0,0.999999999999999
0.72499999999999998,0,0,0,0,0,0,0.999999999999999
0.72550000000000003,0,0,0,0,0,0,0.999999999999999
0.72599999999999998,0,0,0,0,0,0,0.999999999999999
0.72650000000000003,0,0,0,0,0,0,0.999999999999999
0.72699999999999998,0,0,0,0,0,0,0.999999999999999
0.72750000000000004,0,0,0,0,0,0,0.999999999999999
0.72799999999999998,0,0,0,0,0,0,0.999999999999999
0.72850000000000004,0,0,0,0,0,0,0.999999999999999
0.72899999999999998,0,0,0,0,0,0,0.999999999999999
0.72950000000000004,0,0,0,0,0,0,0.999999999999999
0.72999999999999998,0,0,0,0,0,0,0.999999999999999
0.73050000000000004,0,0,0,0,0,0,0.999999999999999
0.73099999999999998,0,0,0,0,0,0,0.999999999999999
0.73150000000000004,0,0,0,0,0,0,0.999999999999999
0.73199999999999998,0,0,0,0,0,0,0.999999999999999
0.73250000000000004,0,0,0,0,0,0,0.999999999999999
0.73299999999999998,0,0,0,0,0,0,0.999999999999999
0.73350000000000004,0,0,0,0,0,0,0.999999999999999
0.73399999999999999,0,0,0,0,0,0,0.999999999999999
0.73450000000000004,0,0,0,0,0,0,0.999999999999999
0.73499999999999999,0,0,0,0,0,0,0.999999999999999
0.73550000000000004,0,0,0,0,0,0,0.999999999999999
0.73599999999999999,0,0,0,0,0,0,0.999999999999999
0.73650000000000004,0,0,0,0,0,0,0.999999999999999
0.73699999999999999,0,0,0,0,0,0,0.999999999999999
0.73750000000000004,0,0,0,0,0,0,0.999999999999999
0.73799999999999999,0,0,0,0,0,0,0.999999999999999
0.73850000000000005,0,0,0,0,0,0,0.999999999999999
0.73899999999999999,0,0,0,0,0,0,0.999999999999999
0.73950000000000005,0,0,0,0,0,0,0.999999999999999
0.73999999999999999,0,0,0,0,0,0,0.999999999999999
0.74050000000000005,0,0,0,0,0,0,0.999999999999999
0.74099999999999999,0,0,0,0,0,0,0.999999999999999
0.74150000000000005,0,0,0,0,0,0,0.999999999999999
0.74199999999999999,0,0,0,0,0,0,0.999999999999999
0.74250000000000005,0,0,0,0,0,0,0.999999999999999
0.74299999999999999,0,0,0,0,0,0,0.999999999999999
0.74350000000000005,0,0,0,0,0,0,0.999999999999999
0.74399999999999999,0,0,0,0,0,0,0.999999999999999
0.74450000000000005,0,0,0,0,0,0,0.999999999999999
0.745,0,0,0,0,0,0,0.999999999999999
0.74550000000000005,0,0,0,0,0,0,0.999999999999999
0.746,0,0,0,0,0,0,0.999999999999999
0.74650000000000005,0,0,0,0,0,0,0.999999999999999
0.747,0,0,0,0,0,0,0.999999999999999
0.74750000000000005,0,0,0,0,0,0,0.999999999999999
0.748,0,0,0,0,0,0,0.999999999999999
0.74850000000000005,0,0,0,0,0,0,0.999999999999999
0.749,0,0,0,0,0,0,0.999999999999999
0.74950000000000006,0,0,0,0,0,0,0.999999999999999
0.75,0,0,0,0,0,0,0.999999999999999
0.75049999999999994,0,0,0,0,0,0,0.999999999999999
0.751,0,0,0,0,0,0,0.999999999999999
0.75149999999999995,0,0,0,0,0,0,0.999999999999999
0.752,0,0,0,0,0,0,0.999999999999999
0.75249999999999995,0,0,0,0,0,0,0.999999999999999
0.753,0,0,0,0,0,0,0.999999999999999
0.75349999999999995,0,0,0,0,0,0,0.999999999999999
0.754,0,0,0,0,0,0,0.999999999999999
0.75449999999999995,0,0,0,0,0,0,0.999999999999999
0.755,0,0,0,0,0,0,0.999999999999999
0.75549999999999995,0,0,0,0,0,0,0.999999999999999
0.75600000000000001,0,0,0,0,0,0,0.999999999999999
0.75649999999999995,0,0,0,0,0,0,0.999999999999999
0.75700000000000001,0,0,0,0,0,0,0.999999999999999
0.75749999999999995,0,0,0,0,0,0,0.999999999999999
0.75800000000000001,0,0,0,0,0,0,0.999999999999999
0.75849999999999995,0,0,0,0,0,0,0.999999999999999
0.75900000000000001,0,0,0,0,0,0,0.999999999999999
0.75949999999999995,0,0,0,0,0,0,0.999999999999999
0.76000000000000001,0,0,0,0,0,0,0.999999999999999
0.76049999999999995,0,0,0,0,0,0,0.999999999999999
0.76100000000000001,0,0,0,0,0,0,0.999999999999999
0.76149999999999995,0,0,0,0,0,0,0.999999999999999
0.76200000000000001,0,0,0,0,0,0,0.999999999999999
0.76249999999999996,0,0,0,0,0,0,0.999999999999999
0.76300000000000001,0,0,0,0,0,0,0.999999999999999
0.76349999999999996,0,0,0,0,0,0,0.999999999999999
0.76400000000000001,0,0,0,0,0,0,0.999999999999999
0.76449999999999996,0,0,0,0,0,0,0.999999999999999
0.76500000000000001,0,0,0,0,0,0,0.999999999999999
0.76549999999999996,0,0,0,0,0,0,0.999999999999999
0.76600000000000001,0,0,0,0,0,0,0.999999999999999
0.76649999999999996,0,0,0,0,0,0,0.999999999999999
0.76700000000000002,0,0,0,0,0,0,0.999999999999999
0.76749999999999996,0,0,0,0,0,0,0.999999999999999
0.76800000000000002,0,0,0,0,0,0,0.999999999999999
0.76849999999999996,0,0,0,0,0,0,0.999999999999999
0.76900000000000002,0,0,0,0,0,0,0.999999999999999
0.76949999999999996,0,0,0,0,0,0,0.999999999999999
0.77000000000000002,0,0,0,0,0,0,0.999999999999999
0.77049999999999996,0,0,0,0,0,0,0.999999999999999
0.77100000000000002,0,0,0,0,0,0,0.999999999999999
0.77149999999999996,0,0,0,0,0,0,0.999999999999999
0.77200000000000002,0,0,0,0,0,0,0.999999999999999
0.77249999999999996,0,0,0,0,0,0,0.999999999999999
0.77300000000000002,0,0,0,0,0,0,0.999999999999999
0.77349999999999997,0,0,0,0,0,0,0.999999999999999
0.77400000000000002,0,0,0,0,0,0,0.999999999999999
0.77449999999999997,0,0,0,0,0,0,0.999999999999999
0.77500000000000002,0,0,0,0,0,0,0.999999999999999
0.77549999999999997,0,0,0,0,0,0,0.999999999999999
0.77600000000000002,0,0,0,0,0,0,0.999999999999999
0.77649999999999997,0,0,0,0,0,0,0.999999999999999
0.77700000000000002,0,0,0,0,0,0,0.999999999999999
0.77749999999999997,0,0,0,0,0,0,0.999999999999999
0.77800000000000002,0,0,0,0,0,0,0.999999999999999
0.77849999999999997,0,0,0,0,0,0,0.999999999999999
0.77900000000000003,0,0,0,0,0,0,0.999999999999999
0.77949999999999997,0,0,0,0,0,0,0.999999999999999
0.78000000000000003,0,0,0,0,0,0,0.999999999999999
0.78049999999999997,0,0,0,0,0,0,0.999999999999999
0.78100000000000003,0,0,0,0,0,0,0.999999999999999
0.78149999999999997,0,0,0,0,0,0,0.999999999999999
0.78200000000000003,0,0,0,0,0,0,0.999999999999999
0.78249999999999997,0,0,0,0,0,0,0.999999999999999
0.78300000000000003,0,0,0,0,0,0,0.999999999999999
0.78349999999999997,0,0,0,0,0,0,0.999999999999999
0.78400000000000003,0,0,0,0,0,0,0.999999999999999
0.78449999999999998,0,0,0,0,0,0,0.999999999999999
0.78500000000000003,0,0,0,0,0,0,0.999999999999999
0.78549999999999998,0,0,0,0,0,0,0.999999999999999
0.78600000000000003,0,0,0,0,0,0,0.999999999999999
0.78649999999999998,0,0,0,0,0,0,0.999999999999999
0.78700000000000003,0,0,0,0,0,0,0.999999999999999
0.78749999999999998,0,0,0,0,0,0,0.999999999999999
0.78800000000000003,0,0,0,0,0,0,0.999999999999999
0.78849999999999998,0,0,0,0,0,0,0.999999999999999
0.78900000000000003,0,0,0,0,0,0,0.999999999999999
0.78949999999999998,0,0,0,0,0,0,0.999999999999999
0.79000000000000004,0,0,0,0,0,0,0.999999999999999
0.79049999999999998,0,0,0,0,0,0,0.999999999999999
0.79100000000000004,0,0,0,0,0,0,0.999999999999999
0.79149999999999998,0,0,0,0,0,0,0.999999999999999
0.79200000000000004,0,0,0,0,0,0,0.999999999999999
0.79249999999999998,0,0,0,0,0,0,0.999999999999999
0.79300000000000004,0,0,0,0,0,0,0.999999999999999
0.79349999999999998,0,0,0,0,0,0,0.999999999999999
0.79400000000000004,0,0,0,0,0,0,0.999999999999999
0.79449999999999998,0,0,0,0,0,0,0.999999999999999
0.79500000000000004,0,0,0,0,0,0,0.999999999999999
0.79549999999999998,0,0,0,0,0,0,0.999999999999999
0.79600000000000004,0,0,0,0,0,0,0.999999999999999
0.79649999999999999,0,0,0,0,0,0,0.999999999999999
0.79700000000000004,0,0,0,0,0,0,0.999999999999999
0.79749999999999999,0,0,0,0,0,0,0.999999999999999
0.79800000000000004,0,0,0,0,0,0,0.999999999999999
0.79849999999999999,0,0,0,0,0,0,0.999999999999999
0.79900000000000004,0,0,0,0,0,0,0.999999999999999
0.79949999999999999,0,0,0,0,0,0,0.999999999999999
0.80000000000000004,0,0,0,0,0,0,0.999999999999999
0.80049999999999999,0,0,0,0,0,0,0.999999999999999
0.80100000000000005,0,0,0,0,0,0,0.999999999999999
0.80149999999999999,0,0,0,0,0,0,0.999999999999999
0.80200000000000005,0,0,0,0,0,0,0.999999999999999
0.80249999999999999,0,0,0,0,0,0,0.999999999999999
0.80300000000000005,0,0,0,0,0,0,0.999999999999999
0.80349999999999999,0,0,0,0,0,0,0.999999999999999
0.80400000000000005,0,0,0,0,0,0,0.999999999999999
0.80449999999999999,0,0,0,0,0,0,0.999999999999999
0.80500000000000005,0,0,0,0,0,0,0.999999999999999
0.80549999999999999,0,0,0,0,0,0,0.999999999999999
0.80600000000000005,0,0,0,0,0,0,0.999999999999999
0.80649999999999999,0,0,0,0,0,0,0.999999999999999
0.80700000000000005,0,0,0,0,0,0,0.999999999999999
0.8075,0,0,0,0,0,0,0.999999999999999
0.80800000000000005,0,0,0,0,0,0,0.999999999999999
0.8085,0,0,0,0,0,0,0.999999999999999
0.80900000000000005,0,0,0,0,0,0,0.999999999999999
0.8095,0,0,0,0,0,0,0.999999999999999
0.81000000000000005,0,0,0,0,0,0,0.999999999999999
0.8105,0,0,0,0,0,0,0.999999999999999
0.81100000000000005,0,0,0,0,0,0,0.999999999999999
0.8115,0,0,0,0,0,0,0.999999999999999
0.81200000000000006,0,0,0,0,0,0,0.999999999999999
0.8125,0,0,0,0,0,0,0.999999999999999
0.81299999999999994,0,0,0,0,0,0,0.999999999999999
0.8135,0,0,0,0,0,0,0.999999999999999
0.81399999999999995,0,0,0,0,0,0,0.999999999999999
0.8145,0,0,0,0,0,0,0.999999999999999
0.81499999999999995,0,0,0,0,0,0,0.999999999999999
0.8155,0,0,0,0,0,0,0.999999999999999
0.81599999999999995,0,0,0,0,0,0,0.999999999999999
0.8165,0,0,0,0,0,0,0.999999999999999
0.81699999999999995,0,0,0,0,0,0,0.999999999999999
0.8175,0,0,0,0,0,0,0.999999999999999
0.81799999999999995,0,0,0,0,0,0,0.999999999999999
0.81850000000000001,0,0,0,0,0,0,0.999999999999999
0.81899999999999995,0,0,0,0,0,0,0.999999999999999
0.81950000000000001,0,0,0,0,0,0,0.999999999999999
0.81999999999999995,0,0,0,0,0,0,0.999999999999999
0.82050000000000001,0,0,0,0,0,0,0.999999999999999
0.82099999999999995,0,0,0,0,0,0,0.999999999999999
0.82150000000000001,0,0,0,0,0,0,0.999999999999999
0.82199999999999995,0,0,0,0,0,0,0.999999999999999
0.82250000000000001,0,0,0,0,0,0,0.999999999999999
0.82299999999999995,0,0,0,0,0,0,0.999999999999999
0.82350000000000001,0,0,0,0,0,0,0.999999999999999
0.82399999999999995,0,0,0,0,0,0,0.999999999999999
0.82450000000000001,0,0,0,0,0,0,0.999999999999999
0.82499999999999996,0,0,0,0,0,0,0.999999999999999
0.82550000000000001,0,0,0,0,0,0,0.999999999999999
0.82599999999999996,0,0,0,0,0,0,0.999999999999999
0.82650000000000001,0,0,0,0,0,0,0.999999999999999
0.82699999999999996,0,0,0,0,0,0,0.999999999999999
0.82750000000000001,0,0,0,0,0,0,0.999999999999999
0.82799999999999996,0,0,0,0,0,0,0.999999999999999
0.82850000000000001,0,0,0,0,0,0,0.999999999999999
0.82899999999999996,0,0,0,0,0,0,0.999999999999999
0.82950000000000002,0,0,0,0,0,0,0.999999999999999
0.82999999999999996,0,0,0,0,0,0,0.999999999999999
0.83050000000000002,0,0,0,0,0,0,0.999999999999999
0.83099999999999996,0,0,0,0,0,0,0.999999999999999
0.83150000000000002,0,0,0,0,0,0,0.999999999999999
0.83199999999999996,0,0,0,0,0,0,0.999999999999999
0.83250000000000002,0,0,0,0,0,0,0.999999999999999
0.83299999999999996,0,0,0,0,0,0,0.999999999999999
0.83350000000000002,0,0,0,0,0,0,0.999999999999999
0.83399999999999996,0,0,0,0,0,0,0.999999999999999
0.83450000000000002,0,0,0,0,0,0,0.999999999999999
0.83499999999999996,0,0,0,0,0,0,0.999999999999999
0.83550000000000002,0,0,0,0,0,0,0.999999999999999
0.83599999999999997,0,0,0,0,0,0,0.999999999999999
0.83650000000000002,0,0,0,0,0,0,0.999999999999999
0.83699999999999997,0,0,0,0,0,0,0.999999999999999
0.83750000000000002,0,0,0,0,0,0,0.999999999999999
0.83799999999999997,0,0,0,0,0,0,0.999999999999999
0.83850000000000002,0,0,0,0,0,0,0.999999999999999
0.83899999999999997,0,0,0,0,0,0,0.999999999999999
0.83950000000000002,0,0,0,0,0,0,0.999999999999999
0.83999999999999997,0,0,0,0,0,0,0.999999999999999
0.84050000000000002,0,0,0,0,0,0,0.999999999999999
0.84099999999999997,0,0,0,0,0,0,0.999999999999999
0.84150000000000003,0,0,0,0,0,0,0.999999999999999
0.84199999999999997,0,0,0,0,0,0,0.999999999999999
0.84250000000000003,0,0,0,0,0,0,0.999999999999999
0.84299999999999997,0,0,0,0,0,0,0.999999999999999
0.84350000000000003,0,0,0,0,0,0,0.999999999999999
0.84399999999999997,0,0,0,0,0,0,0.999999999999999
0.84450000000000003,0,0,0,0,0,0,0.999999999999999
0.84499999999999997,0,0,0,0,0,0,0.999999999999999
0.84550000000000003,0,0,0,0,0,0,0.999999999999999
0.84599999999999997,0,0,0,0,0,0,0.999999999999999
0.84650000000000003,0,0,0,0,0,0,0.999999999999999
0.84699999999999998,0,0,0,0,0,0,0.999999999999999
0.84750000000000003,0,0,0,0,0,0,0.999999999999999
0.84799999999999998,0,0,0,0,0,0,0.999999999999999
0.84850000000000003,0,0,0,0,0,0,0.999999999999999
0.84899999999999998,0,0,0,0,0,0,0.999999999999999
0.84950000000000003,0,0,0,0,0,0,0.999999999999999
0.84999999999999998,0,0,0,0,0,0,0.999999999999999
0.85050000000000003,0,0,0,0,0,0,0.999999999999999
0.85099999999999998,0,0,0,0,0,0,0.999999999999999
0.85150000000000003,0,0,0,0,0,0,0.999999999999999
0.85199999999999998,0,0,0,0,0,0,0.999999999999999
0.85250000000000004,0,0,0,0,0,0,0.999999999999999
0.85299999999999998,0,0,0,0,0,0,0.999999999999999
0.85350000000000004,0,0,0,0,0,0,0.999999999999999
0.85399999999999998,0,0,0,0,0,0,0.999999999999999
0.85450000000000004,0,0,0,0,0,0,0.999999999999999
0.85499999999999998,0,0,0,0,0,0,0.999999999999999
0.85550000000000004,0,0,0,0,0,0,0.999999999999999
0.85599999999999998,0,0,0,0,0,0,0.999999999999999
0.85650000000000004,0,0,0,0,0,0,0.999999999999999
0.85699999999999998,0,0,0,0,0,0,0.999999999999999
0.85750000000000004,0,0,0,0,0,0,0.999999999999999
0.85799999999999998,0,0,0,0,0,0,0.999999999999999
0.85850000000000004,0,0,0,0,0,0,0.999999999999999
0.85899999999999999,0,0,0,0,0,0,0.999999999999999
0.85950000000000004,0,0,0,0,0,0,0.999999999999999
0.85999999999999999,0,0,0,0,0,0,0.999999999999999
0.86050000000000004,0,0,0,0,0,0,0.999999999999999
0.86099999999999999,0,0,0,0,0,0,0.999999999999999
0.86150000000000004,0,0,0,0,0,0,0.999999999999999
0.86199999999999999,0,0,0,0,0,0,0.999999999999999
0.86250000000000004,0,0,0,0,0,0,0.999999999999999
0.86299999999999999,0,0,0,0,0,0,0.999999999999999
0.86350000000000005,0,0,0,0,0,0,0.999999999999999
0.86399999999999999,0,0,0,0,0,0,0.999999999999999
0.86450000000000005,0,0,0,0,0,0,0.999999999999999
0.86499999999999999,0,0,0,0,0,0,0.999999999999999
0.86550000000000005,0,0,0,0,0,0,0.999999999999999
0.86599999999999999,0,0,0,0,0,0,0.999999999999999
0.86650000000000005,0,0,0,0,0,0,0.999999999999999
0.86699999999999999,0,0,0,0,0,0,0.999999999999999
0.86750000000000005,0,0,0,0,0,0,0.999999999999999
0.86799999999999999,0,0,0,0,0,0,0.999999999999999
0.86850000000000005,0,0,0,0,0,0,0.999999999999999
0.86899999999999999,0,0,0,0,0,0,0.999999999999999
0.86950000000000005,0,0,0,0,0,0,0.999999999999999
0.87,0,0,0,0,0,0,0.999999999999999
0.87050000000000005,0,0,0,0,0,0,0.999999999999999
0.871,0,0,0,0,0,0,0.999999999999999
0.87150000000000005,0,0,0,0,0,0,0.999999999999999
0.872,0,0,0,0,0,0,0.999999999999999
0.87250000000000005,0,0,0,0,0,0,0.999999999999999
0.873,0,0,0,0,0,0,0.999999999999999
0.87350000000000005,0,0,0,0,0,0,0.999999999999999
0.874,0,0,0,0,0,0,0.999999999999999
0.87450000000000006,0,0,0,0,0,0,0.999999999999999
0.875,0,0,0,0,0,0,0.999999999999999
0.87549999999999994,0,0,0,0,0,0,0.999999999999999
0.876,0,0,0,0,0,0,0.999999999999999
0.87649999999999995,0,0,0,0,0,0,0.999999999999999
0.877,0,0,0,0,0,0,0.999999999999999
0.87749999999999995,0,0,0,0,0,0,0.999999999999999
0.878,0,0,0,0,0,0,0.999999999999999
0.87849999999999995,0,0,0,0,0,0,0.999999999999999
0.879,0,0,0,0,0,0,0.999999999999999
0.87949999999999995,0,0,0,0,0,0,0.999999999999999
0.88,0,0,0,0,0,0,0.999999999999999
0.88049999999999995,0,0,0,0,0,0,0.999999999999999
0.88100000000000001,0,0,0,0,0,0,0.999999999999999
0.88149999999999995,0,0,0,0,0,0,0.999999999999999
0.88200000000000001,0,0,0,0,0,0,0.999999999999999
0.88249999999999995,0,0,0,0,0,0,0.999999999999999
0.88300000000000001,0,0,0,0,0,0,0.999999999999999
0.88349999999999995,0,0,0,0,0,0,0.999999999999999
0.88400000000000001,0,0,0,0,0,0,0.999999999999999
0.88449999999999995,0,0,0,0,0,0,0.999999999999999
0.88500000000000001,0,0,0,0,0,0,0.999999999999999
0.88549999999999995,0,0,0,0,0,0,0.999999999999999
0.88600000000000001,0,0,0,0,0,0,0.999999999999999
0.88649999999999995,0,0,0,0,0,0,0.999999999999999
0.88700000000000001,0,0,0,0,0,0,0.999999999999999
0.88749999999999996,0,0,0,0,0,0,0.999999999999999
0.88800000000000001,0,0,0,0,0,0,0.999999999999999
0.88849999999999996,0,0,0,0,0,0,0.999999999999999
0.88900000000000001,0,0,0,0,0,0,0.999999999999999
0.88949999999999996,0,0,0,0,0,0,0.999999999999999
0.89000000000000001,0,0,0,0,0,0,0.999999999999999
0.89049999999999996,0,0,0,0,0,0,0.999999999999999
0.89100000000000001,0,0,0,0,0,0,0.999999999999999
0.89149999999999996,0,0,0,0,0,0,0.999999999999999
0.89200000000000002,0,0,0,0,0,0,0.999999999999999
0.89249999999999996,0,0,0,0,0,0,0.999999999999999
0.89300000000000002,0,0,0,0,0,0,0.999999999999999
0.89349999999999996,0,0,0,0,0,0,0.999999999999999
0.89400000000000002,0,0,0,0,0,0,0.999999999999999
0.89449999999999996,0,0,0,0,0,0,0.999999999999999
0.89500000000000002,0,0,0,0,0,0,0.999999999999999
0.89549999999999996,0,0,0,0,0,0,0.999999999999999
0.89600000000000002,0,0,0,0,0,0,0.999999999999999
0.89649999999999996,0,0,0,0,0,0,0.999999999999999
0.89700000000000002,0,0,0,0,0,0,0.999999999999999
0.89749999999999996,0,0,0,0,0,0,0.999999999999999
0.89800000000000002,0,0,0,0,0,0,0.999999999999999
0.89849999999999997,0,0,0,0,0,0,0.999999999999999
0.89900000000000002,0,0,0,0,0,0,0.999999999999999
0.89949999999999997,0,0,0,0,0,0,0.999999999999999
0.90000000000000002,0,0,0,0,0,0,0.999999999999999
0.90049999999999997,0,0,0,0,0,0,0.999999999999999
0.90100000000000002,0,0,0,0,0,0,0.999999999999999
0.90149999999999997,0,0,0,0,0,0,0.999999999999999
0.90200000000000002,0,0,0,0,0,0,0.999999999999999
0.90249999999999997,0,0,0,0,0,0,0.999999999999999
0.90300000000000002,0,0,0,0,0,0,0.999999999999999
0.90349999999999997,0,0,0,0,0,0,0.999999999999999
0.90400000000000003,0,0,0,0,0,0,0.999999999999999
0.90449999999999997,0,0,0,0,0,0,0.999999999999999
0.90500000000000003,0,0,0,0,0,0,0.999999999999999
0.90549999999999997,0,0,0,0,0,0,0.999999999999999
0.90600000000000003,0,0,0,0,0,0,0.999999999999999
0.90649999999999997,0,0,0,0,0,0,0.999999999999999
0.90700000000000003,0,0,0,0,0,0,0.999999999999999
0.90749999999999997,0,0,0,0,0,0,0.999999999999999
0.90800000000000003,0,0,0,0,0,0,0.999999999999999
0.90849999999999997,0,0,0,0,0,0,0.999999999999999
0.90900000000000003,0,0,0,0,0,0,0.999999999999999
0.90949999999999998,0,0,0,0,0,0,0.999999999999999
0.91000000000000003,0,0,0,0,0,0,0.999999999999999
0.91049999999999998,0,0,0,0,0,0,0.999999999999999
0.91100000000000003,0,0,0,0,0,0,0.999999999999999
0.91149999999999998,0,0,0,0,0,0,0.999999999999999
0.91200000000000003,0,0,0,0,0,0,0.999999999999999
0.91249999999999998,0,0,0,0,0,0,0.999999999999999
0.91300000000000003,0,0,0,0,0,0,0.999999999999999
0.91349999999999998,0,0,0,0,0,0,0.999999999999999
0.91400000000000003,0,0,0,0,0,0,0.999999999999999
0.91449999999999998,0,0,0,0,0,0,0.999999999999999
0.91500000000000004,0,0,0,0,0,0,0.999999999999999
0.91549999999999998,0,0,0,0,0,0,0.999999999999999
0.91600000000000004,0,0,0,0,0,0,0.999999999999999
0.91649999999999998,0,0,0,0,0,0,0.999999999999999
0.91700000000000004,0,0,0,0,0,0,0.999999999999999
0.91749999999999998,0,0,0,0,0,0,0.999999999999999
0.91800000000000004,0,0,0,0,0,0,0.999999999999999
0.91849999999999998,0,0,0,0,0,0,0.999999999999999
0.91900000000000004,0,0,0,0,0,0,0.999999999999999
0.91949999999999998,0,0,0,0,0,0,0.999999999999999
0.92000000000000004,0,0,0,0,0,0,0.999999999999999
0.92049999999999998,0,0,0,0,0,0,0.999999999999999
0.92100000000000004,0,0,0,0,0,0,0.999999999999999
0.92149999999999999,0,0,0,0,0,0,0.999999999999999
0.92200000000000004,0,0,0,0,0,0,0.999999999999999
0.92249999999999999,0,0,0,0,0,0,0.999999999999999
0.92300000000000004,0,0,0,0,0,0,0.999999999999999
0.92349999999999999,0,0,0,0,0,0,0.999999999999999
0.92400000000000004,0,0,0,0,0,0,0.999999999999999
0.92449999999999999,0,0,0,0,0,0,0.999999999999999
0.92500000000000004,0,0,0,0,0,0,0.999999999999999
0.92549999999999999,0,0,0,0,0,0,0.999999999999999
0.92600000000000005,0,0,0,0,0,0,0.999999999999999
0.92649999999999999,0,0,0,0,0,0,0.999999999999999
0.92700000000000005,0,0,0,0,0,0,0.999999999999999
0.92749999999999999,0,0,0,0,0,0,0.999999999999999
0.92800000000000005,0,0,0,0,0,0,0.999999999999999
0.92849999999999999,0,0,0,0,0,0,0.999999999999999
0.92900000000000005,0,0,0,0,0,0,0.999999999999999
0.92949999999999999,0,0,0,0,0,0,0.999999999999999
0.93000000000000005,0,0,0,0,0,0,0.999999999999999
0.93049999999999999,0,0,0,0,0,0,0.999999999999999
0.93100000000000005,0,0,0,0,0,0,0.999999999999999
0.93149999999999999,0,0,0,0,0,0,0.999999999999999
0.93200000000000005,0,0,0,0,0,0,0.999999999999999
0.9325,0,0,0,0,0,0,0.999999999999999
0.93300000000000005,0,0,0,0,0,0,0.999999999999999
0.9335,0,0,0,0,0,0,0.999999999999999
0.93400000000000005,0,0,0,0,0,0,0.999999999999999
0.9345,0,0,0,0,0,0,0.999999999999999
0.93500000000000005,0,0,0,0,0,0,0.999999999999999
0.9355,0,0,0,0,0,0,0.999999999999999
0.93600000000000005,0,0,0,0,0,0,0.999999999999999
0.9365,0,0,0,0,0,0,0.999999999999999
0.93700000000000006,0,0,0,0,0,0,0.999999999999999
0.9375,0,0,0,0,0,0,0.999999999999999
0.93799999999999994,0,0,0,0,0,0,0.999999999999999
0.9385,0,0,0,0,0,0,0.999999999999999
0.93899999999999995,0,0,0,0,0,0,0.999999999999999
0.9395,0,0,0,0,0,0,0.999999999999999
0.93999999999999995,0,0,0,0,0,0,0.999999999999999
0.9405,0,0,0,0,0,0,0.999999999999999
0.94099999999999995,0,0,0,0,0,0,0.999999999999999
0.9415,0,0,0,0,0,0,0.999999999999999
0.94199999999999995,0,0,0,0,0,0,0.999999999999999
0.9425,0,0,0,0,0,0,0.999999999999999
0.94299999999999995,0,0,0,0,0,0,0.999999999999999
0.94350000000000001,0,0,0,0,0,0,0.999999999999999
0.94399999999999995,0,0,0,0,0,0,0.999999999999999
0.94450000000000001,0,0,0,0,0,0,0.999999999999999
0.94499999999999995,0,0,0,0,0,0,0.999999999999999
0.94550000000000001,0,0,0,0,0,0,0.999999999999999
0.94599999999999995,0,0,0,0,0,0,0.999999999999999
0.94650000000000001,0,0,0,0,0,0,0.999999999999999
0.94699999999999995,0,0,0,0,0,0,0.999999999999999
0.94750000000000001,0,0,0,0,0,0,0.999999999999999
0.94799999999999995,0,0,0,0,0,0,0.999999999999999
0.94850000000000001,0,0,0,0,0,0,0.999999999999999
0.94899999999999995,0,0,0,0,0,0,0.999999999999999
0.94950000000000001,0,0,0,0,0,0,0.999999999999999
0.94999999999999996,0,0,0,0,0,0,0.999999999999999
0.95050000000000001,0,0,0,0,0,0,0.999999999999999
0.95099999999999996,0,0,0,0,0,0,0.999999999999999
0.95150000000000001,0,0,0,0,0,0,0.999999999999999
0.95199999999999996,0,0,0,0,0,0,0.999999999999999
0.95250000000000001,0,0,0,0,0,0,0.999999999999999
0.95299999999999996,0,0,0,0,0,0,0.999999999999999
0.95350000000000001,0,0,0,0,0,0,0.999999999999999
0.95399999999999996,0,0,0,0,0,0,0.999999999999999
0.95450000000000002,0,0,0,0,0,0,0.999999999999999
0.95499999999999996,0,0,0,0,0,0,0.999999999999999
0.95550000000000002,0,0,0,0,0,0,0.999999999999999
0.95599999999999996,0,0,0,0,0,0,0.999999999999999
0.95650000000000002,0,0,0,0,0,0,0.999999999999999
0.95699999999999996,0,0,0,0,0,0,0.999999999999999
0.95750000000000002,0,0,0,0,0,0,0.999999999999999
0.95799999999999996,0,0,0,0,0,0,0.999999999999999
0.95850000000000002,0,0,0,0,0,0,0.999999999999999
0.95899999999999996,0,0,0,0,0,0,0.999999999999999
0.95950000000000002,0,0,0,0,0,0,0.999999999999999
0.95999999999999996,0,0,0,0,0,0,0.999999999999999
0.96050000000000002,0,0,0,0,0,0,0.999999999999999
0.96099999999999997,0,0,0,0,0,0,0.999999999999999
0.96150000000000002,0,0,0,0,0,0,0.999999999999999
0.96199999999999997,0,0,0,0,0,0,0.999999999999999
0.96250000000000002,0,0,0,0,0,0,0.999999999999999
0.96299999999999997,0,0,0,0,0,0,0.999999999999999
0.96350000000000002,0,0,0,0,0,0,0.999999999999999
0.96399999999999997,0,0,0,0,0,0,0.999999999999999
0.96450000000000002,0,0,0,0,0,0,0.999999999999999
0.96499999999999997,0,0,0,0,0,0,0.999999999999999
0.96550000000000002,0,0,0,0,0,0,0.999999999999999
0.96599999999999997,0,0,0,0,0,0,0.999999999999999
0.96650000000000003,0,0,0,0,0,0,0.999999999999999
0.96699999999999997,0,0,0,0,0,0,0.999999999999999
0.96750000000000003,0,0,0,0,0,0,0.999999999999999
0.96799999999999997,0,0,0,0,0,0,0.999999999999999
0.96850000000000003,0,0,0,0,0,0,0.999999999999999
0.96899999999999997,0,0,0,0,0,0,0.999999999999999
0.96950000000000003,0,0,0,0,0,0,0.999999999999999
0.96999999999999997,0,0,0,0,0,0,0.999999999999999
0.97050000000000003,0,0,0,0,0,0,0.999999999999999
0.97099999999999997,0,0,0,0,0,0,0.999999999999999
0.97150000000000003,0,0,0,0,0,0,0.999999999999999
0.97199999999999998,0,0,0,0,0,0,0.999999999999999
0.97250000000000003,0,0,0,0,0,0,0.999999999999999
0.97299999999999998,0,0,0,0,0,0,0.999999999999999
0.97350000000000003,0,0,0,0,0,0,0.999999999999999
0.97399999999999998,0,0,0,0,0,0,0.999999999999999
0.97450000000000003,0,0,0,0,0,0,0.999999999999999
0.97499999999999998,0,0,0,0,0,0,0.999999999999999
0.97550000000000003,0,0,0,0,0,0,0.999999999999999
0.97599999999999998,0,0,0,0,0,0,0.999999999999999
0.97650000000000003,0,0,0,0,0,0,0.999999999999999
0.97699999999999998,0,0,0,0,0,0,0.999999999999999
0.97750000000000004,0,0,0,0,0,0,0.999999999999999
0.97799999999999998,0,0,0,0,0,0,0.999999999999999
0.97850000000000004,0,0,0,0,0,0,0.999999999999999
0.97899999999999998,0,0,0,0,0,0,0.999999999999999
0.97950000000000004,0,0,0,0,0,0,0.999999999999999
0.97999999999999998,0,0,0,0,0,0,0.999999999999999
0.98050000000000004,0,0,0,0,0,0,0.999999999999999
0.98099999999999998,0,0,0,0,0,0,0.999999999999999
0.98150000000000004,0,0,0,0,0,0,0.999999999999999
0.98199999999999998,0,0,0,0,0,0,0.999999999999999
0.98250000000000004,0,0,0,0,0,0,0.999999999999999
0.98299999999999998,0,0,0,0,0,0,0.999999999999999
0.98350000000000004,0,0,0,0,0,0,0.999999999999999
0.98399999999999999,0,0,0,0,0,0,0.999999999999999
0.98450000000000004,0,0,0,0,0,0,0.999999999999999
0.98499999999999999,0,0,0,0,0,0,0.999999999999999
0.98550000000000004,0,0,0,0,0,0,0.999999999999999
0.98599999999999999,0,0,0,0,0,0,0.999999999999999
0.98650000000000004,0,0,0,0,0,0,0.999999999999999
0.98699999999999999,0,0,0,0,0,0,0.999999999999999
0.98750000000000004,0,0,0,0,0,0,0.999999999999999
0.98799999999999999,0,0,0,0,0,0,0.999999999999999
0.98850000000000005,0,0,0,0,0,0,0.999999999999999
0.98899999999999999,0,0,0,0,0,0,0.999999999999999
0.98950000000000005,0,0,0,0,0,0,0.999999999999999
0.98999999999999999,0,0,0,0,0,0,0.999999999999999
0.99050000000000005,0,0,0,0,0,0,0.999999999999999
0.99099999999999999,0,0,0,0,0,0,0.999999999999999
0.99150000000000005,0,0,0,0,0,0,0.999999999999999
0.99199999999999999,0,0,0,0,0,0,0.999999999999999
0.99250000000000005,0,0,0,0,0,0,0.999999999999999
0.99299999999999999,0,0,0,0,0,0,0.999999999999999
0.99350000000000005,0,0,0,0,0,0,0.999999999999999
0.99399999999999999,0,0,0,0,0,0,0.999999999999999
0.99450000000000005,0,0,0,0,0,0,0.999999999999999
0.995,0,0,0,0,0,0,0.999999999999999
0.99550000000000005,0,0,0,0,0,0,0.999999999999999
0.996,0,0,0,0,0,0,0.999999999999999
0.99650000000000005,0,0,0,0,0,0,0.999999999999999
0.997,0,0,0,0,0,0,0.999999999999999
0.99750000000000005,0,0,0,0,0,0,0.999999999999999
0.998,0,0,0,0,0,0,0.999999999999999
0.99850000000000005,0,0,0,0,0,0,0.999999999999999
0.999,0,0,0,0,0,0,0.999999999999999
0.99950000000000006,0,0,0,0,0,0,0.999999999999999
1,0,0,0,0,0,0,0.999999999999999
1.0004999999999999,0,0,0,0,0,0,0.999999999999999
1.0009999999999999,0,0,0,0,0,0,0.999999999999999
1.0015000000000001,0,0,0,0,0,0,0.999999999999999
1.002,0,0,0,0,0,0,0.999999999999999
1.0024999999999999,0,0,0,0,0,0,0.999999999999999
1.0029999999999999,0,0,0,0,0,0,0.999999999999999
1.0035000000000001,0,0,0,0,0,0,0.999999999999999
1.004,0,0,0,0,0,0,0.999999999999999
1.0044999999999999,0,0,0,0,0,0,0.999999999999999
1.0049999999999999,0,0,0,0,0,0,0.999999999999999
1.0055000000000001,0,0,0,0,0,0,0.999999999999999
1.006,0,0,0,0,0,0,0.999999999999999
1.0065,0,0,0,0,0,0,0.999999999999999
1.0069999999999999,0,0,0,0,0,0,0.999999999999999
1.0075000000000001,0,0,0,0,0,0,0.999999999999999
1.008,0,0,0,0,0,0,0.999999999999999
1.0085,0,0,0,0,0,0,0.999999999999999
1.0089999999999999,0,0,0,0,0,0,0.999999999999999
1.0095000000000001,0,0,0,0,0,0,0.999999999999999
1.01,0,0,0,0,0,0,0.999999999999999
1.0105,0,0,0,0,0,0,0.999999999999999
1.0109999999999999,0,0,0,0,0,0,0.999999999999999
1.0115000000000001,0,0,0,0,0,0,0.999999999999999
1.012,0,0,0,0,0,0,0.999999999999999
1.0125,0,0,0,0,0,0,0.999999999999999
1.0129999999999999,0,0,0,0,0,0,0.999999999999999
1.0135000000000001,0,0,0,0,0,0,0.999999999999999
1.014,0,0,0,0,0,0,0.999999999999999
1.0145,0,0,0,0,0,0,0.999999999999999
1.0149999999999999,0,0,0,0,0,0,0.999999999999999
1.0155000000000001,0,0,0,0,0,0,0.999999999999999
1.016,0,0,0,0,0,0,0.999999999999999
1.0165,0,0,0,0,0,0,0.999999999999999
1.0169999999999999,0,0,0,0,0,0,0.999999999999999
1.0175000000000001,0,0,0,0,0,0,0.999999999999999
1.018,0,0,0,0,0,0,0.999999999999999
1.0185,0,0,0,0,0,0,0.999999999999999
1.0189999999999999,0,0,0,0,0,0,0.999999999999999
1.0195000000000001,0,0,0,0,0,0,0.999999999999999
1.02,0,0,0,0,0,0,0.999999999999999
1.0205,0,0,0,0,0,0,0.999999999999999
1.0209999999999999,0,0,0,0,0,0,0.999999999999999
1.0215000000000001,0,0,0,0,0,0,0.999999999999999
1.022,0,0,0,0,0,0,0.999999999999999
1.0225,0,0,0,0,0,0,0.999999999999999
1.0229999999999999,0,0,0,0,0,0,0.999999999999999
1.0235000000000001,0,0,0,0,0,0,0.999999999999999
1.024,0,0,0,0,0,0,0.999999999999999
1.0245,0,0,0,0,0,0,0.999999999999999
1.0249999999999999,0,0,0,0,0,0,0.999999999999999
1.0255000000000001,0,0,0,0,0,0,0.999999999999999
1.026,0,0,0,0,0,0,0.999999999999999
1.0265,0,0,0,0,0,0,0.999999999999999
1.0269999999999999,0,0,0,0,0,0,0.999999999999999
1.0275000000000001,0,0,0,0,0,0,0.999999999999999
1.028,0,0,0,0,0,0,0.999999999999999
1.0285,0,0,0,0,0,0,0.999999999999999
1.0289999999999999,0,0,0,0,0,0,0.999999999999999
1.0295000000000001,0,0,0,0,0,0,0.999999999999999
1.03,0,0,0,0,0,0,0.999999999999999
1.0305,0,0,0,0,0,0,0.999999999999999
1.0309999999999999,0,0,0,0,0,0,0.999999999999999
1.0315000000000001,0,0,0,0,0,0,0.999999999999999
1.032,0,0,0,0,0,0,0.999999999999999
1.0325,0,0,0,0,0,0,0.999999999999999
1.0329999999999999,0,0,0,0,0,0,0.999999999999999
1.0335000000000001,0,0,0,0,0,0,0.999999999999999
1.034,0,0,0,0,0,0,0.999999999999999
1.0345,0,0,0,0,0,0,0.999999999999999
1.0349999999999999,0,0,0,0,0,0,0.999999999999999
1.0355000000000001,0,0,0,0,0,0,0.999999999999999
1.036,0,0,0,0,0,0,0.999999999999999
1.0365,0,0,0,0,0,0,0.999999999999999
1.0369999999999999,0,0,0,0,0,0,0.999999999999999
1.0375000000000001,0,0,0,0,0,0,0.999999999999999
1.038,0,0,0,0,0,0,0.999999999999999
1.0385,0,0,0,0,0,0,0.999999999999999
1.0389999999999999,0,0,0,0,0,0,0.999999999999999
1.0395000000000001,0,0,0,0,0,0,0.999999999999999
1.04,0,0,0,0,0,0,0.999999999999999
1.0405,0,0,0,0,0,0,0.999999999999999
1.0409999999999999,0,0,0,0,0,0,0.999999999999999
1.0415000000000001,0,0,0,0,0,0,0.999999999999999
1.042,0,0,0,0,0,0,0.999999999999999
1.0425,0,0,0,0,0,0,0.999999999999999
1.0429999999999999,0,0,0,0,0,0,0.999999999999999
1.0435000000000001,0,0,0,0,0,0,0.999999999999999
1.044,0,0,0,0,0,0,0.999999999999999
1.0445,0,0,0,0,0,0,0.999999999999999
1.0449999999999999,0,0,0,0,0,0,0.999999999999999
1.0455000000000001,0,0,0,0,0,0,0.999999999999999
1.046,0,0,0,0,0,0,0.999999999999999
1.0465,0,0,0,0,0,0,0.999999999999999
1.0469999999999999,0,0,0,0,0,0,0.999999999999999
1.0475000000000001,0,0,0,0,0,0,0.999999999999999
1.048,0,0,0,0,0,0,0.999999999999999
1.0485,0,0,0,0,0,0,0.999999999999999
1.0489999999999999,0,0,0,0,0,0,0.999999999999999
1.0495000000000001,0,0,0,0,0,0,0.999999999999999
1.05,0,0,0,0,0,0,0.999999999999999
1.0505,0,0,0,0,0,0,0.999999999999999
1.0509999999999999,0,0,0,0,0,0,0.999999999999999
1.0515000000000001,0,0,0,0,0,0,0.999999999999999
1.052,0,0,0,0,0,0,0.999999999999999
1.0525,0,0,0,0,0,0,0.999999999999999
1.0529999999999999,0,0,0,0,0,0,0.999999999999999
1.0535000000000001,0,0,0,0,0,0,0.999999999999999
1.054,0,0,0,0,0,0,0.999999999999999
1.0545,0,0,0,0,0,0,0.999999999999999
1.0549999999999999,0,0,0,0,0,0,0.999999999999999
1.0555000000000001,0,0,0,0,0,0,0.999999999999999
1.056,0,0,0,0,0,0,0.999999999999999
1.0565,0,0,0,0,0,0,0.999999999999999
1.0569999999999999,0,0,0,0,0,0,0.999999999999999
1.0575000000000001,0,0,0,0,0,0,0.999999999999999
1.0580000000000001,0,0,0,0,0,0,0.999999999999999
1.0585,0,0,0,0,0,0,0.999999999999999
1.0589999999999999,0,0,0,0,0,0,0.999999999999999
1.0595000000000001,0,0,0,0,0,0,0.999999999999999
1.0600000000000001,0,0,0,0,0,0,0.999999999999999
1.0605,0,0,0,0,0,0,0.999999999999999
1.0609999999999999,0,0,0,0,0,0,0.999999999999999
1.0615000000000001,0,0,0,0,0,0,0.999999999999999
1.0620000000000001,0,0,0,0,0,0,0.999999999999999
1.0625,0,0,0,0,0,0,0.999999999999999
1.0629999999999999,0,0,0,0,0,0,0.999999999999999
1.0634999999999999,0,0,0,0,0,0,0.999999999999999
1.0640000000000001,0,0,0,0,0,0,0.999999999999999
1.0645,0,0,0,0,0,0,0.999999999999999
1.0649999999999999,0,0,0,0,0,0,0.999999999999999
1.0654999999999999,0,0,0,0,0,0,0.999999999999999
1.0660000000000001,0,0,0,0,0,0,0.999999999999999
1.0665,0,0,0,0,0,0,0.999999999999999
1.0669999999999999,0,0,0,0,0,0,0.999999999999999
1.0674999999999999,0,0,0,0,0,0,0.999999999999999
1.0680000000000001,0,0,0,0,0,0,0.999999999999999
1.0685,0,0,0,0,0,0,0.999999999999999
1.069,0,0,0,0,0,0,0.999999999999999
1.0694999999999999,0,0,0,0,0,0,0.999999999999999
1.0700000000000001,0,0,0,0,0,0,0.999999999999999
1.0705,0,0,0,0,0,0,0.999999999999999
1.071,0,0,0,0,0,0,0.999999999999999
1.0714999999999999,0,0,0,0,0,0,0.999999999999999
1.0720000000000001,0,0,0,0,0,0,0.999999999999999
1.0725,0,0,0,0,0,0,0.999999999999999
1.073,0,0,0,0,0,0,0.999999999999999
1.0734999999999999,0,0,0,0,0,0,0.999999999999999
1.0740000000000001,0,0,0,0,0,0,0.999999999999999
1.0745,0,0,0,0,0,0,0.999999999999999
1.075,0,0,0,0,0,0,0.999999999999999
1.0754999999999999,0,0,0,0,0,0,0.999999999999999
1.0760000000000001,0,0,0,0,0,0,0.999999999999999
1.0765,0,0,0,0,0,0,0.999999999999999
1.077,0,0,0,0,0,0,0.999999999999999
1.0774999999999999,0,0,0,0,0,0,0.999999999999999
1.0780000000000001,0,0,0,0,0,0,0.999999999999999
1.0785,0,0,0,0,0,0,0.999999999999999
1.079,0,0,0,0,0,0,0.999999999999999
1.0794999999999999,0,0,0,0,0,0,0.999999999999999
1.0800000000000001,0,0,0,0,0,0,0.999999999999999
1.0805,0,0,0,0,0,0,0.999999999999999
1.081,0,0,0,0,0,0,0.999999999999999
1.0814999999999999,0,0,0,0,0,0,0.999999999999999
1.0820000000000001,0,0,0,0,0,0,0.999999999999999
1.0825,0,0,0,0,0,0,0.999999999999999
1.083,0,0,0,0,0,0,0.999999999999999
1.0834999999999999,0,0,0,0,0,0,0.999999999999999
1.0840000000000001,0,0,0,0,0,0,0.999999999999999
1.0845,0,0,0,0,0,0,0.999999999999999
1.085,0,0,0,0,0,0,0.999999999999999
1.0854999999999999,0,0,0,0,0,0,0.999999999999999
1.0860000000000001,0,0,0,0,0,0,0.999999999999999
1.0865,0,0,0,0,0,0,0.999999999999999
1.087,0,0,0,0,0,0,0.999999999999999
1.0874999999999999,0,0,0,0,0,0,0.999999999999999
1.0880000000000001,0,0,0,0,0,0,0.999999999999999
1.0885,0,0,0,0,0,0,0.999999999999999
1.089,0,0,0,0,0,0,0.999999999999999
1.0894999999999999,0,0,0,0,0,0,0.999999999999999
1.0900000000000001,0,0,0,0,0,0,0.999999999999999
1.0905,0,0,0,0,0,0,0.999999999999999
1.091,0,0,0,0,0,0,0.999999999999999
1.0914999999999999,0,0,0,0,0,0,0.999999999999999
1.0920000000000001,0,0,0,0,0,0,0.999999999999999
1.0925,0,0,0,0,0,0,0.999999999999999
1.093,0,0,0,0,0,0,0.999999999999999
1.0934999999999999,0,0,0,0,0,0,0.999999999999999
1.0940000000000001,0,0,0,0,0,0,0.999999999999999
1.0945,0,0,0,0,0,0,0.999999999999999
1.095,0,0,0,0,0,0,0.999999999999999
1.0954999999999999,0,0,0,0,0,0,0.999999999999999
1.0960000000000001,0,0,0,0,0,0,0.999999999999999
1.0965,0,0,0,0,0,0,0.999999999999999
1.097,0,0,0,0,0,0,0.999999999999999
1.0974999999999999,0,0,0,0,0,0,0.999999999999999
1.0980000000000001,0,0,0,0,0,0,0.999999999999999
1.0985,0,0,0,0,0,0,0.999999999999999
1.099,0,0,0,0,0,0,0.999999999999999
1.0994999999999999,0,0,0,0,0,0,0.999999999999999
1.1000000000000001,0,0,0,0,0,0,0.999999999999999
1.1005,0,0,0,0,0,0,0.999999999999999
1.101,0,0,0,0,0,0,0.999999999999999
1.1014999999999999,0,0,0,0,0,0,0.999999999999999
1.1020000000000001,0,0,0,0,0,0,0.999999999999999
1.1025,0,0,0,0,0,0,0.999999999999999
1.103,0,0,0,0,0,0,0.999999999999999
1.1034999999999999,0,0,0,0,0,0,0.999999999999999
1.1040000000000001,0,0,0,0,0,0,0.999999999999999
1.1045,0,0,0,0,0,0,0.999999999999999
1.105,0,0,0,0,0,0,0.999999999999999
1.1054999999999999,0,0,0,0,0,0,0.999999999999999
1.1060000000000001,0,0,0,0,0,0,0.999999999999999
1.1065,0,0,0,0,0,0,0.999999999999999
1.107,0,0,0,0,0,0,0.999999999999999
1.1074999999999999,0,0,0,0,0,0,0.999999999999999
1.1080000000000001,0,0,0,0,0,0,0.999999999999999
1.1085,0,0,0,0,0,0,0.999999999999999
1.109,0,0,0,0,0,0,0.999999999999999
1.1094999999999999,0,0,0,0,0,0,0.999999999999999
1.1100000000000001,0,0,0,0,0,0,0.999999999999999
1.1105,0,0,0,0,0,0,0.999999999999999
1.111,0,0,0,0,0,0,0.999999999999999
1.1114999999999999,0,0,0,0,0,0,0.999999999999999
1.1120000000000001,0,0,0,0,0,0,0.999999999999999
1.1125,0,0,0,0,0,0,0.999999999999999
1.113,0,0,0,0,0,0,0.999999999999999
1.1134999999999999,0,0,0,0,0,0,0.999999999999999
1.1140000000000001,0,0,0,0,0,0,0.999999999999999
1.1145,0,0,0,0,0,0,0.999999999999999
1.115,0,0,0,0,0,0,0.999999999999999
1.1154999999999999,0,0,0,0,0,0,0.999999999999999
1.1160000000000001,0,0,0,0,0,0,0.999999999999999
1.1165,0,0,0,0,0,0,0.999999999999999
1.117,0,0,0,0,0,0,0.999999999999999
1.1174999999999999,0,0,0,0,0,0,0.999999999999999
1.1180000000000001,0,0,0,0,0,0,0.999999999999999
1.1185,0,0,0,0,0,0,0.999999999999999
1.119,0,0,0,0,0,0,0.999999999999999
1.1194999999999999,0,0,0,0,0,0,0.999999999999999
1.1200000000000001,0,0,0,0,0,0,0.999999999999999
1.1205000000000001,0,0,0,0,0,0,0.999999999999999
1.121,0,0,0,0,0,0,0.999999999999999
1.1214999999999999,0,0,0,0,0,0,0.999999999999999
1.1220000000000001,0,0,0,0,0,0,0.999999999999999
1.1225000000000001,0,0,0,0,0,0,0.999999999999999
1.123,0,0,0,0,0,0,0.999999999999999
1.1234999999999999,0,0,0,0,0,0,0.999999999999999
1.1240000000000001,0,0,0,0,0,0,0.999999999999999
1.1245000000000001,0,0,0,0,0,0,0.999999999999999
1.125,0,0,0,0,0,0,0.999999999999999
1.1254999999999999,0,0,0,0,0,0,0.999999999999999
1.1259999999999999,0,0,0,0,0,0,0.999999999999999
1.1265000000000001,0,0,0,0,0,0,0.999999999999999
1.127,0,0,0,0,0,0,0.999999999999999
1.1274999999999999,0,0,0,0,0,0,0.999999999999999
1.1279999999999999,0,0,0,0,0,0,0.999999999999999
1.1285000000000001,0,0,0,0,0,0,0.999999999999999
1.129,0,0,0,0,0,0,0.999999999999999
1.1294999999999999,0,0,0,0,0,0,0.999999999999999
1.1299999999999999,0,0,0,0,0,0,0.999999999999999
1.1305000000000001,0,0,0,0,0,0,0.999999999999999
1.131,0,0,0,0,0,0,0.999999999999999
1.1315,0,0,0,0,0,0,0.999999999999999
1.1319999999999999,0,0,0,0,0,0,0.999999999999999
1.1325000000000001,0,0,0,0,0,0,0.999999999999999
1.133,0,0,0,0,0,0,0.999999999999999
1.1335,0,0,0,0,0,0,0.999999999999999
1.1339999999999999,0,0,0,0,0,0,0.999999999999999
1.1345000000000001,0,0,0,0,0,0,0.999999999999999
1.135,0,0,0,0,0,0,0.999999999999999
1.1355,0,0,0,0,0,0,0.999999999999999
1.1359999999999999,0,0,0,0,0,0,0.999999999999999
1.1365000000000001,0,0,0,0,0,0,0.999999999999999
1.137,0,0,0,0,0,0,0.999999999999999
1.1375,0,0,0,0,0,0,0.999999999999999
1.1379999999999999,0,0,0,0,0,0,0.999999999999999
1.1385000000000001,0,0,0,0,0,0,0.999999999999999
1.139,0,0,0,0,0,0,0.999999999999999
1.1395,0,0,0,0,0,0,0.999999999999999
1.1399999999999999,0,0,0,0,0,0,0.999999999999999
1.1405000000000001,0,0,0,0,0,0,0.999999999999999
1.141,0,0,0,0,0,0,0.999999999999999
1.1415,0,0,0,0,0,0,0.999999999999999
1.1419999999999999,0,0,0,0,0,0,0.999999999999999
1.1425000000000001,0,0,0,0,0,0,0.999999999999999
1.143,0,0,0,0,0,0,0.999999999999999
1.1435,0,0,0,0,0,0,0.999999999999999
1.1439999999999999,0,0,0,0,0,0,0.999999999999999
1.1445000000000001,0,0,0,0,0,0,0.999999999999999
1.145,0,0,0,0,0,0,0.999999999999999
1.1455,0,0,0,0,0,0,0.999999999999999
1.1459999999999999,0,0,0,0,0,0,0.999999999999999
1.1465000000000001,0,0,0,0,0,0,0.999999999999999
1.147,0,0,0,0,0,0,0.999999999999999
1.1475,0,0,0,0,0,0,0.999999999999999
1.1479999999999999,0,0,0,0,0,0,0.999999999999999
1.1485000000000001,0,0,0,0,0,0,0.999999999999999
1.149,0,0,0,0,0,0,0.999999999999999
1.1495,0,0,0,0,0,0,0.999999999999999
1.1499999999999999,0,0,0,0,0,0,0.999999999999999
1.1505000000000001,0,0,0,0,0,0,0.999999999999999
1.151,0,0,0,0,0,0,0.999999999999999
1.1515,0,0,0,0,0,0,0.999999999999999
1.1519999999999999,0,0,0,0,0,0,0.999999999999999
1.1525000000000001,0,0,0,0,0,0,0.999999999999999
1.153,0,0,0,0,0,0,0.999999999999999
1.1535,0,0,0,0,0,0,0.999999999999999
1.1539999999999999,0,0,0,0,0,0,0.999999999999999
1.1545000000000001,0,0,0,0,0,0,0.999999999999999
1.155,0,0,0,0,0,0,0.999999999999999
1.1555,0,0,0,0,0,0,0.999999999999999
1.1559999999999999,0,0,0,0,0,0,0.999999999999999
1.1565000000000001,0,0,0,0,0,0,0.999999999999999
1.157,0,0,0,0,0,0,0.999999999999999
1.1575,0,0,0,0,0,0,0.999999999999999
1.1579999999999999,0,0,0,0,0,0,0.999999999999999
1.1585000000000001,0,0,0,0,0,0,0.999999999999999
1.159,0,0,0,0,0,0,0.999999999999999
1.1595,0,0,0,0,0,0,0.999999999999999
1.1599999999999999,0,0,0,0,0,0,0.999999999999999
1.1605000000000001,0,0,0,0,0,0,0.999999999999999
1.161,0,0,0,0,0,0,0.999999999999999
1.1615,0,0,0,0,0,0,0.999999999999999
1.1619999999999999,0,0,0,0,0,0,0.999999999999999
1.1625000000000001,0,0,0,0,0,0,0.999999999999999
1.163,0,0,0,0,0,0,0.999999999999999
1.1635,0,0,0,0,0,0,0.999999999999999
1.1639999999999999,0,0,0,0,0,0,0.999999999999999
1.1645000000000001,0,0,0,0,0,0,0.999999999999999
1.165,0,0,0,0,0,0,0.999999999999999
1.1655,0,0,0,0,0,0,0.999999999999999
1.1659999999999999,0,0,0,0,0,0,0.999999999999999
1.1665000000000001,0,0,0,0,0,0,0.999999999999999
1.167,0,0,0,0,0,0,0.999999999999999
1.1675,0,0,0,0,0,0,0.999999999999999
1.1679999999999999,0,0,0,0,0,0,0.999999999999999
1.1685000000000001,0,0,0,0,0,0,0.999999999999999
1.169,0,0,0,0,0,0,0.999999999999999
1.1695,0,0,0,0,0,0,0.999999999999999
1.1699999999999999,0,0,0,0,0,0,0.999999999999999
1.1705000000000001,0,0,0,0,0,0,0.999999999999999
1.171,0,0,0,0,0,0,0.999999999999999
1.1715,0,0,0,0,0,0,0.999999999999999
1.1719999999999999,0,0,0,0,0,0,0.999999999999999
1.1725000000000001,0,0,0,0,0,0,0.999999999999999
1.173,0,0,0,0,0,0,0.999999999999999
1.1735,0,0,0,0,0,0,0.999999999999999
1.1739999999999999,0,0,0,0,0,0,0.999999999999999
1.1745000000000001,0,0,0,0,0,0,0.999999999999999
1.175,0,0,0,0,0,0,0.999999999999999
1.1755,0,0,0,0,0,0,0.999999999999999
1.1759999999999999,0,0,0,0,0,0,0.999999999999999
1.1765000000000001,0,0,0,0,0,0,0.999999999999999
1.177,0,0,0,0,0,0,0.999999999999999
1.1775,0,0,0,0,0,0,0.999999999999999
1.1779999999999999,0,0,0,0,0,0,0.999999999999999
1.1785000000000001,0,0,0,0,0,0,0.999999999999999
1.179,0,0,0,0,0,0,0.999999999999999
1.1795,0,0,0,0,0,0,0.999999999999999
1.1799999999999999,0,0,0,0,0,0,0.999999999999999
1.1805000000000001,0,0,0,0,0,0,0.999999999999999
1.181,0,0,0,0,0,0,0.999999999999999
1.1815,0,0,0,0,0,0,0.999999999999999
1.1819999999999999,0,0,0,0,0,0,0.999999999999999
1.1825000000000001,0,0,0,0,0,0,0.999999999999999
1.1830000000000001,0,0,0,0,0,0,0.999999999999999
1.1835,0,0,0,0,0,0,0.999999999999999
1.1839999999999999,0,0,0,0,0,0,0.999999999999999
1.1845000000000001,0,0,0,0,0,0,0.999999999999999
1.1850000000000001,0,0,0,0,0,0,0.999999999999999
1.1855,0,0,0,0,0,0,0.999999999999999
1.1859999999999999,0,0,0,0,0,0,0.999999999999999
1.1865000000000001,0,0,0,0,0,0,0.999999999999999
1.1870000000000001,0,0,0,0,0,0,0.999999999999999
1.1875,0,0,0,0,0,0,0.999999999999999
1.1879999999999999,0,0,0,0,0,0,0.999999999999999
1.1884999999999999,0,0,0,0,0,0,0.999999999999999
1.1890000000000001,0,0,0,0,0,0,0.999999999999999
1.1895,0,0,0,0,0,0,0.999999999999999
1.1899999999999999,0,0,0,0,0,0,0.999999999999999
1.1904999999999999,0,0,0,0,0,0,0.999999999999999
1.1910000000000001,0,0,0,0,0,0,0.999999999999999
1.1915,0,0,0,0,0,0,0.999999999999999
1.1919999999999999,0,0,0,0,0,0,0.999999999999999
1.1924999999999999,0,0,0,0,0,0,0.999999999999999
1.1930000000000001,0,0,0,0,0,0,0.999999999999999
1.1935,0,0,0,0,0,0,0.999999999999999
1.194,0,0,0,0,0,0,0.999999999999999
1.1944999999999999,0,0,0,0,0,0,0.999999999999999
1.1950000000000001,0,0,0,0,0,0,0.999999999999999
1.1955,0,0,0,0,0,0,0.999999999999999
1.196,0,0,0,0,0,0,0.999999999999999
1.1964999999999999,0,0,0,0,0,0,0.999999999999999
1.1970000000000001,0,0,0,0,0,0,0.999999999999999
1.1975,0,0,0,0,0,0,0.999999999999999
1.198,0,0,0,0,0,0,0.999999999999999
1.1984999999999999,0,0,0,0,0,0,0.999999999999999
1.1990000000000001,0,0,0,0,0,0,0.999999999999999
1.1995,0,0,0,0,0,0,0.999999999999999
1.2,0,0,0,0,0,0,0.999999999999999
1.2004999999999999,0,0,0,0,0,0,0.999999999999999
1.2010000000000001,0,0,0,0,0,0,0.999999999999999
1.2015,0,0,0,0,0,0,0.999999999999999
1.202,0,0,0,0,0,0,0.999999999999999
1.2024999999999999,0,0,0,0,0,0,0.999999999999999
1.2030000000000001,0,0,0,0,0,0,0.999999999999999
1.2035,0,0,0,0,0,0,0.999999999999999
1.204,0,0,0,0,0,0,0.999999999999999
1.2044999999999999,0,0,0,0,0,0,0.999999999999999
1.2050000000000001,0,0,0,0,0,0,0.999999999999999
1.2055,0,0,0,0,0,0,0.999999999999999
1.206,0,0,0,0,0,0,0.999999999999999
1.2064999999999999,0,0,0,0,0,0,0.999999999999999
1.2070000000000001,0,0,0,0,0,0,0.999999999999999
1.2075,0,0,0,0,0,0,0.999999999999999
1.208,0,0,0,0,0,0,0.999999999999999
1.2084999999999999,0,0,0,0,0,0,0.999999999999999
1.2090000000000001,0,0,0,0,0,0,0.999999999999999
1.2095,0,0,0,0,0,0,0.999999999999999
1.21,0,0,0,0,0,0,0.999999999999999
1.2104999999999999,0,0,0,0,0,0,0.999999999999999
1.2110000000000001,0,0,0,0,0,0,0.999999999999999
1.2115,0,0,0,0,0,0,0.999999999999999
1.212,0,0,0,0,0,0,0.999999999999999
1.2124999999999999,0,0,0,0,0,0,0.999999999999999
1.2130000000000001,0,0,0,0,0,0,0.999999999999999
1.2135,0,0,0,0,0,0,0.999999999999999
1.214,0,0,0,0,0,0,0.999999999999999
1.2144999999999999,0,0,0,0,0,0,0.999999999999999
1.2150000000000001,0,0,0,0,0,0,0.999999999999999
1.2155,0,0,0,0,0,0,0.999999999999999
1.216,0,0,0,0,0,0,0.999999999999999
1.2164999999999999,0,0,0,0,0,0,0.999999999999999
1.2170000000000001,0,0,0,0,0,0,0.999999999999999
1.2175,0,0,0,0,0,0,0.999999999999999
1.218,0,0,0,0,0,0,0.999999999999999
1.2184999999999999,0,0,0,0,0,0,0.999999999999999
1.2190000000000001,0,0,0,0,0,0,0.999999999999999
1.2195,0,0,0,0,0,0,0.999999999999999
1.22,0,0,0,0,0,0,0.999999999999999
1.2204999999999999,0,0,0,0,0,0,0.999999999999999
1.2210000000000001,0,0,0,0,0,0,0.999999999999999
1.2215,0,0,0,0,0,0,0.999999999999999
1.222,0,0,0,0,0,0,0.999999999999999
1.2224999999999999,0,0,0,0,0,0,0.999999999999999
1.2230000000000001,0,0,0,0,0,0,0.999999999999999
1.2235,0,0,0,0,0,0,0.999999999999999
1.224,0,0,0,0,0,0,0.999999999999999
1.2244999999999999,0,0,0,0,0,0,0.999999999999999
1.2250000000000001,0,0,0,0,0,0,0.999999999999999
1.2255,0,0,0,0,0,0,0.999999999999999
1.226,0,0,0,0,0,0,0.999999999999999
1.2264999999999999,0,0,0,0,0,0,0.999999999999999
1.2270000000000001,0,0,0,0,0,0,0.999999999999999
1.2275,0,0,0,0,0,0,0.999999999999999
1.228,0,0,0,0,0,0,0.999999999999999
1.2284999999999999,0,0,0,0,0,0,0.999999999999999
1.2290000000000001,0,0,0,0,0,0,0.999999999999999
1.2295,0,0,0,0,0,0,0.999999999999999
1.23,0,0,0,0,0,0,0.999999999999999
1.2304999999999999,0,0,0,0,0,0,0.999999999999999
1.2310000000000001,0,0,0,0,0,0,0.999999999999999
1.2315,0,0,0,0,0,0,0.999999999999999
1.232,0,0,0,0,0,0,0.999999999999999
1.2324999999999999,0,0,0,0,0,0,0.999999999999999
1.2330000000000001,0,0,0,0,0,0,0.999999999999999
1.2335,0,0,0,0,0,0,0.999999999999999
1.234,0,0,0,0,0,0,0.999999999999999
1.2344999999999999,0,0,0,0,0,0,0.999999999999999
1.2350000000000001,0,0,0,0,0,0,0.999999999999999
1.2355,0,0,0,0,0,0,0.999999999999999
1.236,0,0,0,0,0,0,0.999999999999999
1.2364999999999999,0,0,0,0,0,0,0.999999999999999
1.2370000000000001,0,0,0,0,0,0,0.999999999999999
1.2375,0,0,0,0,0,0,0.999999999999999
1.238,0,0,0,0,0,0,0.999999999999999
1.2384999999999999,0,0,0,0,0,0,0.999999999999999
1.2390000000000001,0,0,0,0,0,0,0.999999999999999
1.2395,0,0,0,0,0,0,0.999999999999999
1.24,0,0,0,0,0,0,0.999999999999999
1.2404999999999999,0,0,0,0,0,0,0.999999999999999
1.2410000000000001,0,0,0,0,0,0,0.999999999999999
1.2415,0,0,0,0,0,0,0.999999999999999
1.242,0,0,0,0,0,0,0.999999999999999
1.2424999999999999,0,0,0,0,0,0,0.999999999999999
1.2430000000000001,0,0,0,0,0,0,0.999999999999999
1.2435,0,0,0,0,0,0,0.999999999999999
1.244,0,0,0,0,0,0,0.999999999999999
1.2444999999999999,0,0,0,0,0,0,0.999999999999999
1.2450000000000001,0,0,0,0,0,0,0.999999999999999
1.2455000000000001,0,0,0,0,0,0,0.999999999999999
1.246,0,0,0,0,0,0,0.999999999999999
1.2464999999999999,0,0,0,0,0,0,0.999999999999999
1.2470000000000001,0,0,0,0,0,0,0.999999999999999
1.2475000000000001,0,0,0,0,0,0,0.999999999999999
1.248,0,0,0,0,0,0,0.999999999999999
1.2484999999999999,0,0,0,0,0,0,0.999999999999999
1.2490000000000001,0,0,0,0,0,0,0.999999999999999
1.2495000000000001,0,0,0,0,0,0,0.999999999999999
1.25,0,0,0,0,0,0,0.999999999999999
1.2504999999999999,0,0,0,0,0,0,0.999999999999999
1.2509999999999999,0,0,0,0,0,0,0.999999999999999
1.2515000000000001,0,0,0,0,0,0,0.999999999999999
1.252,0,0,0,0,0,0,0.999999999999999
1.2524999999999999,0,0,0,0,0,0,0.999999999999999
1.2529999999999999,0,0,0,0,0,0,0.999999999999999
1.2535000000000001,0,0,0,0,0,0,0.999999999999999
1.254,0,0,0,0,0,0,0.999999999999999
1.2544999999999999,0,0,0,0,0,0,0.999999999999999
1.2549999999999999,0,0,0,0,0,0,0.999999999999999
1.2555000000000001,0,0,0,0,0,0,0.999999999999999
1.256,0,0,0,0,0,0,0.999999999999999
1.2565,0,0,0,0,0,0,0.999999999999999
1.2569999999999999,0,0,0,0,0,0,0.999999999999999
1.2575000000000001,0,0,0,0,0,0,0.999999999999999
1.258,0,0,0,0,0,0,0.999999999999999
1.2585,0,0,0,0,0,0,0.999999999999999
1.2589999999999999,0,0,0,0,0,0,0.999999999999999
1.2595000000000001,0,0,0,0,0,0,0.999999999999999
1.26,0,0,0,0,0,0,0.999999999999999
1.2605,0,0,0,0,0,0,0.999999999999999
1.2609999999999999,0,0,0,0,0,0,0.999999999999999
1.2615000000000001,0,0,0,0,0,0,0.999999999999999
1.262,0,0,0,0,0,0,0.999999999999999
1.2625,0,0,0,0,0,0,0.999999999999999
1.2629999999999999,0,0,0,0,0,0,0.999999999999999
1.2635000000000001,0,0,0,0,0,0,0.999999999999999
1.264,0,0,0,0,0,0,0.999999999999999
1.2645,0,0,0,0,0,0,0.999999999999999
1.2649999999999999,0,0,0,0,0,0,0.999999999999999
1.2655000000000001,0,0,0,0,0,0,0.999999999999999
1.266,0,0,0,0,0,0,0.999999999999999
1.2665,0,0,0,0,0,0,0.999999999999999
1.2669999999999999,0,0,0,0,0,0,0.999999999999999
1.2675000000000001,0,0,0,0,0,0,0.999999999999999
1.268,0,0,0,0,0,0,0.999999999999999
1.2685,0,0,0,0,0,0,0.999999999999999
1.2689999999999999,0,0,0,0,0,0,0.999999999999999
1.2695000000000001,0,0,0,0,0,0,0.999999999999999
1.27,0,0,0,0,0,0,0.999999999999999
1.2705,0,0,0,0,0,0,0.999999999999999
1.2709999999999999,0,0,0,0,0,0,0.999999999999999
1.2715000000000001,0,0,0,0,0,0,0.999999999999999
1.272,0,0,0,0,0,0,0.999999999999999
1.2725,0,0,0,0,0,0,0.999999999999999
1.2729999999999999,0,0,0,0,0,0,0.999999999999999
1.2735000000000001,0,0,0,0,0,0,0.999999999999999
1.274,0,0,0,0,0,0,0.999999999999999
1.2745,0,0,0,0,0,0,0.999999999999999
1.2749999999999999,0,0,0,0,0,0,0.999999999999999
1.2755000000000001,0,0,0,0,0,0,0.999999999999999
1.276,0,0,0,0,0,0,0.999999999999999
1.2765,0,0,0,0,0,0,0.999999999999999
1.2769999999999999,0,0,0,0,0,0,0.999999999999999
1.2775000000000001,0,0,0,0,0,0,0.999999999999999
1.278,0,0,0,0,0,0,0.999999999999999
1.2785,0,0,0,0,0,0,0.999999999999999
1.2789999999999999,0,0,0,0,0,0,0.999999999999999
1.2795000000000001,0,0,0,0,0,0,0.999999999999999
1.28,0,0,0,0,0,0,0.999999999999999
1.2805,0,0,0,0,0,0,0.999999999999999
1.2809999999999999,0,0,0,0,0,0,0.999999999999999
1.2815000000000001,0,0,0,0,0,0,0.999999999999999
1.282,0,0,0,0,0,0,0.999999999999999
1.2825,0,0,0,0,0,0,0.999999999999999
1.2829999999999999,0,0,0,0,0,0,0.999999999999999
1.2835000000000001,0,0,0,0,0,0,0.999999999999999
1.284,0,0,0,0,0,0,0.999999999999999
1.2845,0,0,0,0,0,0,0.999999999999999
1.2849999999999999,0,0,0,0,0,0,0.999999999999999
1.2855000000000001,0,0,0,0,0,0,0.999999999999999
1.286,0,0,0,0,0,0,0.999999999999999
1.2865,0,0,0,0,0,0,0.999999999999999
1.2869999999999999,0,0,0,0,0,0,0.999999999999999
1.2875000000000001,0,0,0,0,0,0,0.999999999999999
1.288,0,0,0,0,0,0,0.999999999999999
1.2885,0,0,0,0,0,0,0.999999999999999
1.2889999999999999,0,0,0,0,0,0,0.999999999999999
1.2895000000000001,0,0,0,0,0,0,0.999999999999999
1.29,0,0,0,0,0,0,0.999999999999999
1.2905,0,0,0,0,0,0,0.999999999999999
1.2909999999999999,0,0,0,0,0,0,0.999999999999999
1.2915000000000001,0,0,0,0,0,0,0.999999999999999
1.292,0,0,0,0,0,0,0.999999999999999
1.2925,0,0,0,0,0,0,0.999999999999999
1.2929999999999999,0,0,0,0,0,0,0.999999999999999
1.2935000000000001,0,0,0,0,0,0,0.999999999999999
1.294,0,0,0,0,0,0,0.999999999999999
1.2945,0,0,0,0,0,0,0.999999999999999
1.2949999999999999,0,0,0,0,0,0,0.999999999999999
1.2955000000000001,0,0,0,0,0,0,0.999999999999999
1.296,0,0,0,0,0,0,0.999999999999999
1.2965,0,0,0,0,0,0,0.999999999999999
1.2969999999999999,0,0,0,0,0,0,0.999999999999999
1.2975000000000001,0,0,0,0,0,0,0.999999999999999
1.298,0,0,0,0,0,0,0.999999999999999
1.2985,0,0,0,0,0,0,0.999999999999999
1.2989999999999999,0,0,0,0,0,0,0.999999999999999
1.2995000000000001,0,0,0,0,0,0,0.999999999999999
1.3,0,0,0,0,0,0,0.999999999999999
1.3005,0,0,0,0,0,0,0.999999999999999
1.3009999999999999,0,0,0,0,0,0,0.999999999999999
1.3015000000000001,0,0,0,0,0,0,0.999999999999999
1.302,0,0,0,0,0,0,0.999999999999999
1.3025,0,0,0,0,0,0,0.999999999999999
1.3029999999999999,0,0,0,0,0,0,0.999999999999999
1.3035000000000001,0,0,0,0,0,0,0.999999999999999
1.304,0,0,0,0,0,0,0.999999999999999
1.3045,0,0,0,0,0,0,0.999999999999999
1.3049999999999999,0,0,0,0,0,0,0.999999999999999
1.3055000000000001,0,0,0,0,0,0,0.999999999999999
1.306,0,0,0,0,0,0,0.999999999999999
1.3065,0,0,0,0,0,0,0.999999999999999
1.3069999999999999,0,0,0,0,0,0,0.999999999999999
1.3075000000000001,0,0,0,0,0,0,0.999999999999999
1.3080000000000001,0,0,0,0,0,0,0.999999999999999
1.3085,0,0,0,0,0,0,0.999999999999999
1.3089999999999999,0,0,0,0,0,0,0.999999999999999
1.3095000000000001,0,0,0,0,0,0,0.999999999999999
1.3100000000000001,0,0,0,0,0,0,0.999999999999999
1.3105,0,0,0,0,0,0,0.999999999999999
1.3109999999999999,0,0,0,0,0,0,0.999999999999999
1.3115000000000001,0,0,0,0,0,0,0.999999999999999
1.3120000000000001,0,0,0,0,0,0,0.999999999999999
1.3125,0,0,0,0,0,0,0.999999999999999
1.3129999999999999,0,0,0,0,0,0,0.999999999999999
1.3134999999999999,0,0,0,0,0,0,0.999999999999999
1.3140000000000001,0,0,0,0,0,0,0.999999999999999
1.3145,0,0,0,0,0,0,0.999999999999999
1.3149999999999999,0,0,0,0,0,0,0.999999999999999
1.3154999999999999,0,0,0,0,0,0,0.999999999999999
1.3160000000000001,0,0,0,0,0,0,0.999999999999999
1.3165,0,0,0,0,0,0,0.999999999999999
1.3169999999999999,0,0,0,0,0,0,0.999999999999999
1.3174999999999999,0,0,0,0,0,0,0.999999999999999
1.3180000000000001,0,0,0,0,0,0,0.999999999999999
1.3185,0,0,0,0,0,0,0.999999999999999
1.319,0,0,0,0,0,0,0.999999999999999
1.3194999999999999,0,0,0,0,0,0,0.999999999999999
1.3200000000000001,0,0,0,0,0,0,0.999999999999999
1.3205,0,0,0,0,0,0,0.999999999999999
1.321,0,0,0,0,0,0,0.999999999999999
1.3214999999999999,0,0,0,0,0,0,0.999999999999999
1.3220000000000001,0,0,0,0,0,0,0.999999999999999
1.3225,0,0,0,0,0,0,0.999999999999999
1.323,0,0,0,0,0,0,0.999999999999999
1.3234999999999999,0,0,0,0,0,0,0.999999999999999
1.3240000000000001,0,0,0,0,0,0,0.999999999999999
1.3245,0,0,0,0,0,0,0.999999999999999
1.325,0,0,0,0,0,0,0.999999999999999
1.3254999999999999,0,0,0,0,0,0,0.999999999999999
1.3260000000000001,0,0,0,0,0,0,0.999999999999999
1.3265,0,0,0,0,0,0,0.999999999999999
1.327,0,0,0,0,0,0,0.999999999999999
1.3274999999999999,0,0,0,0,0,0,0.999999999999999
1.3280000000000001,0,0,0,0,0,0,0.999999999999999
1.3285,0,0,0,0,0,0,0.999999999999999
1.329,0,0,0,0,0,0,0.999999999999999
1.3294999999999999,0,0,0,0,0,0,0.999999999999999
1.3300000000000001,0,0,0,0,0,0,0.999999999999999
1.3305,0,0,0,0,0,0,0.999999999999999
1.331,0,0,0,0,0,0,0.999999999999999
1.3314999999999999,0,0,0,0,0,0,0.999999999999999
1.3320000000000001,0,0,0,0,0,0,0.999999999999999
1.3325,0,0,0,0,0,0,0.999999999999999
1.333,0,0,0,0,0,0,0.999999999999999
1.3334999999999999,0,0,0,0,0,0,0.999999999999999
1.3340000000000001,0,0,0,0,0,0,0.999999999999999
1.3345,0,0,0,0,0,0,0.999999999999999
1.335,0,0,0,0,0,0,0.999999999999999
1.3354999999999999,0,0,0,0,0,0,0.999999999999999
1.3360000000000001,0,0,0,0,0,0,0.999999999999999
1.3365,0,0,0,0,0,0,0.999999999999999
1.337,0,0,0,0,0,0,0.999999999999999
1.3374999999999999,0,0,0,0,0,0,0.999999999999999
1.3380000000000001,0,0,0,0,0,0,0.999999999999999
1.3385,0,0,0,0,0,0,0.999999999999999
1.339,0,0,0,0,0,0,0.999999999999999
1.3394999999999999,0,0,0,0,0,0,0.999999999999999
1.3400000000000001,0,0,0,0,0,0,0.999999999999999
1.3405,0,0,0,0,0,0,0.999999999999999
1.341,0,0,0,0,0,0,0.999999999999999
1.3414999999999999,0,0,0,0,0,0,0.999999999999999
1.3420000000000001,0,0,0,0,0,0,0.999999999999999
1.3425,0,0,0,0,0,0,0.999999999999999
1.343,0,0,0,0,0,0,0.999999999999999
1.3434999999999999,0,0,0,0,0,0,0.999999999999999
1.3440000000000001,0,0,0,0,0,0,0.999999999999999
1.3445,0,0,0,0,0,0,0.999999999999999
1.345,0,0,0,0,0,0,0.999999999999999
1.3454999999999999,0,0,0,0,0,0,0.999999999999999
1.3460000000000001,0,0,0,0,0,0,0.999999999999999
1.3465,0,0,0,0,0,0,0.999999999999999
1.347,0,0,0,0,0,0,0.999999999999999
1.3474999999999999,0,0,0,0,0,0,0.999999999999999
1.3480000000000001,0,0,0,0,0,0,0.999999999999999
1.3485,0,0,0,0,0,0,0.999999999999999
1.349,0,0,0,0,0,0,0.999999999999999
1.3494999999999999,0,0,0,0,0,0,0.999999999999999
1.3500000000000001,0,0,0,0,0,0,0.999999999999999
1.3505,0,0,0,0,0,0,0.999999999999999
1.351,0,0,0,0,0,0,0.999999999999999
1.3514999999999999,0,0,0,0,0,0,0.999999999999999
1.3520000000000001,0,0,0,0,0,0,0.999999999999999
1.3525,0,0,0,0,0,0,0.999999999999999
1.353,0,0,0,0,0,0,0.999999999999999
1.3534999999999999,0,0,0,0,0,0,0.999999999999999
1.3540000000000001,0,0,0,0,0,0,0.999999999999999
1.3545,0,0,0,0,0,0,0.999999999999999
1.355,0,0,0,0,0,0,0.999999999999999
1.3554999999999999,0,0,0,0,0,0,0.999999999999999
1.3560000000000001,0,0,0,0,0,0,0.999999999999999
1.3565,0,0,0,0,0,0,0.999999999999999
1.357,0,0,0,0,0,0,0.999999999999999
1.3574999999999999,0,0,0,0,0,0,0.999999999999999
1.3580000000000001,0,0,0,0,0,0,0.999999999999999
1.3585,0,0,0,0,0,0,0.999999999999999
1.359,0,0,0,0,0,0,0.999999999999999
1.3594999999999999,0,0,0,0,0,0,0.999999999999999
1.3600000000000001,0,0,0,0,0,0,0.999999999999999
1.3605,0,0,0,0,0,0,0.999999999999999
1.361,0,0,0,0,0,0,0.999999999999999
1.3614999999999999,0,0,0,0,0,0,0.999999999999999
1.3620000000000001,0,0,0,0,0,0,0.999999999999999
1.3625,0,0,0,0,0,0,0.999999999999999
1.363,0,0,0,0,0,0,0.999999999999999
1.3634999999999999,0,0,0,0,0,0,0.999999999999999
1.3640000000000001,0,0,0,0,0,0,0.999999999999999
1.3645,0,0,0,0,0,0,0.999999999999999
1.365,0,0,0,0,0,0,0.999999999999999
1.3654999999999999,0,0,0,0,0,0,0.999999999999999
1.3660000000000001,0,0,0,0,0,0,0.999999999999999
1.3665,0,0,0,0,0,0,0.999999999999999
1.367,0,0,0,0,0,0,0.999999999999999
1.3674999999999999,0,0,0,0,0,0,0.999999999999999
1.3680000000000001,0,0,0,0,0,0,0.999999999999999
1.3685,0,0,0,0,0,0,0.999999999999999
1.369,0,0,0,0,0,0,0.999999999999999
1.3694999999999999,0,0,0,0,0,0,0.999999999999999
1.3700000000000001,0,0,0,0,0,0,0.999999999999999
1.3705000000000001,0,0,0,0,0,0,0.999999999999999
1.371,0,0,0,0,0,0,0.999999999999999
1.3714999999999999,0,0,0,0,0,0,0.999999999999999
1.3720000000000001,0,0,0,0,0,0,0.999999999999999
1.3725000000000001,0,0,0,0,0,0,0.999999999999999
1.373,0,0,0,0,0,0,0.999999999999999
1.3734999999999999,0,0,0,0,0,0,0.999999999999999
1.3740000000000001,0,0,0,0,0,0,0.999999999999999
1.3745000000000001,0,0,0,0,0,0,0.999999999999999
1.375,0,0,0,0,0,0,0.999999999999999
1.3754999999999999,0,0,0,0,0,0,0.999999999999999
1.3759999999999999,0,0,0,0,0,0,0.999999999999999
1.3765000000000001,0,0,0,0,0,0,0.999999999999999
1.377,0,0,0,0,0,0,0.999999999999999
1.3774999999999999,0,0,0,0,0,0,0.999999999999999
1.3779999999999999,0,0,0,0,0,0,0.999999999999999
1.3785000000000001,0,0,0,0,0,0,0.999999999999999
1.379,0,0,0,0,0,0,0.999999999999999
1.3794999999999999,0,0,0,0,0,0,0.999999999999999
1.3799999999999999,0,0,0,0,0,0,0.999999999999999
1.3805000000000001,0,0,0,0,0,0,0.999999999999999
1.381,0,0,0,0,0,0,0.999999999999999
1.3815,0,0,0,0,0,0,0.999999999999999
1.3819999999999999,0,0,0,0,0,0,0.999999999999999
1.3825000000000001,0,0,0,0,0,0,0.999999999999999
1.383,0,0,0,0,0,0,0.999999999999999
1.3835,0,0,0,0,0,0,0.999999999999999
1.3839999999999999,0,0,0,0,0,0,0.999999999999999
1.3845000000000001,0,0,0,0,0,0,0.999999999999999
1.385,0,0,0,0,0,0,0.999999999999999
1.3855,0,0,0,0,0,0,0.999999999999999
1.3859999999999999,0,0,0,0,0,0,0.999999999999999
1.3865000000000001,0,0,0,0,0,0,0.999999999999999
1.387,0,0,0,0,0,0,0.999999999999999
1.3875,0,0,0,0,0,0,0.999999999999999
1.3879999999999999,0,0,0,0,0,0,0.999999999999999
1.3885000000000001,0,0,0,0,0,0,0.999999999999999
1.389,0,0,0,0,0,0,0.999999999999999
1.3895,0,0,0,0,0,0,0.999999999999999
1.3899999999999999,0,0,0,0,0,0,0.999999999999999
1.3905000000000001,0,0,0,0,0,0,0.999999999999999
1.391,0,0,0,0,0,0,0.999999999999999
1.3915,0,0,0,0,0,0,0.999999999999999
1.3919999999999999,0,0,0,0,0,0,0.999999999999999
1.3925000000000001,0,0,0,0,0,0,0.999999999999999
1.393,0,0,0,0,0,0,0.999999999999999
1.3935,0,0,0,0,0,0,0.999999999999999
1.3939999999999999,0,0,0,0,0,0,0.999999999999999
1.3945000000000001,0,0,0,0,0,0,0.999999999999999
1.395,0,0,0,0,0,0,0.999999999999999
1.3955,0,0,0,0,0,0,0.999999999999999
1.3959999999999999,0,0,0,0,0,0,0.999999999999999
1.3965000000000001,0,0,0,0,0,0,0.999999999999999
1.397,0,0,0,0,0,0,0.999999999999999
1.3975,0,0,0,0,0,0,0.999999999999999
1.3979999999999999,0,0,0,0,0,0,0.999999999999999
1.3985000000000001,0,0,0,0,0,0,0.999999999999999
1.399,0,0,0,0,0,0,0.999999999999999
1.3995,0,0,0,0,0,0,0.999999999999999
1.3999999999999999,0,0,0,0,0,0,0.999999999999999
1.4005000000000001,0,0,0,0,0,0,0.999999999999999
1.401,0,0,0,0,0,0,0.999999999999999
1.4015,0,0,0,0,0,0,0.999999999999999
1.4019999999999999,0,0,0,0,0,0,0.999999999999999
1.4025000000000001,0,0,0,0,0,0,0.999999999999999
1.403,0,0,0,0,0,0,0.999999999999999
1.4035,0,0,0,0,0,0,0.999999999999999
1.4039999999999999,0,0,0,0,0,0,0.999999999999999
1.4045000000000001,0,0,0,0,0,0,0.999999999999999
1.405,0,0,0,0,0,0,0.999999999999999
1.4055,0,0,0,0,0,0,0.999999999999999
1.4059999999999999,0,0,0,0,0,0,0.999999999999999
1.4065000000000001,0,0,0,0,0,0,0.999999999999999
1.407,0,0,0,0,0,0,0.999999999999999
1.4075,0,0,0,0,0,0,0.999999999999999
1.4079999999999999,0,0,0,0,0,0,0.999999999999999
1.4085000000000001,0,0,0,0,0,0,0.999999999999999
1.409,0,0,0,0,0,0,0.999999999999999
1.4095,0,0,0,0,0,0,0.999999999999999
1.4099999999999999,0,0,0,0,0,0,0.999999999999999
1.4105000000000001,0,0,0,0,0,0,0.999999999999999
1.411,0,0,0,0,0,0,0.999999999999999
1.4115,0,0,0,0,0,0,0.999999999999999
1.4119999999999999,0,0,0,0,0,0,0.999999999999999
1.4125000000000001,0,0,0,0,0,0,0.999999999999999
1.413,0,0,0,0,0,0,0.999999999999999
1.4135,0,0,0,0,0,0,0.999999999999999
1.4139999999999999,0,0,0,0,0,0,0.999999999999999
1.4145000000000001,0,0,0,0,0,0,0.999999999999999
1.415,0,0,0,0,0,0,0.999999999999999
1.4155,0,0,0,0,0,0,0.999999999999999
1.4159999999999999,0,0,0,0,0,0,0.999999999999999
1.4165000000000001,0,0,0,0,0,0,0.999999999999999
1.417,0,0,0,0,0,0,0.999999999999999
1.4175,0,0,0,0,0,0,0.999999999999999
1.4179999999999999,0,0,0,0,0,0,0.999999999999999
1.4185000000000001,0,0,0,0,0,0,0.999999999999999
1.419,0,0,0,0,0,0,0.999999999999999
1.4195,0,0,0,0,0,0,0.999999999999999
1.4199999999999999,0,0,0,0,0,0,0.999999999999999
1.4205000000000001,0,0,0,0,0,0,0.999999999999999
1.421,0,0,0,0,0,0,0.999999999999999
1.4215,0,0,0,0,0,0,0.999999999999999
1.4219999999999999,0,0,0,0,0,0,0.999999999999999
1.4225000000000001,0,0,0,0,0,0,0.999999999999999
1.423,0,0,0,0,0,0,0.999999999999999
1.4235,0,0,0,0,0,0,0.999999999999999
1.4239999999999999,0,0,0,0,0,0,0.999999999999999
1.4245000000000001,0,0,0,0,0,0,0.999999999999999
1.425,0,0,0,0,0,0,0.999999999999999
1.4255,0,0,0,0,0,0,0.999999999999999
1.4259999999999999,0,0,0,0,0,0,0.999999999999999
1.4265000000000001,0,0,0,0,0,0,0.999999999999999
1.427,0,0,0,0,0,0,0.999999999999999
1.4275,0,0,0,0,0,0,0.999999999999999
1.4279999999999999,0,0,0,0,0,0,0.999999999999999
1.4285000000000001,0,0,0,0,0,0,0.999999999999999
1.429,0,0,0,0,0,0,0.999999999999999
1.4295,0,0,0,0,0,0,0.999999999999999
1.4299999999999999,0,0,0,0,0,0,0.999999999999999
1.4305000000000001,0,0,0,0,0,0,0.999999999999999
1.431,0,0,0,0,0,0,0.999999999999999
1.4315,0,0,0,0,0,0,0.999999999999999
1.4319999999999999,0,0,0,0,0,0,0.999999999999999
1.4325000000000001,0,0,0,0,0,0,0.999999999999999
1.4330000000000001,0,0,0,0,0,0,0.999999999999999
1.4335,0,0,0,0,0,0,0.999999999999999
1.4339999999999999,0,0,0,0,0,0,0.999999999999999
1.4345000000000001,0,0,0,0,0,0,0.999999999999999
1.4350000000000001,0,0,0,0,0,0,0.999999999999999
1.4355,0,0,0,0,0,0,0.999999999999999
1.4359999999999999,0,0,0,0,0,0,0.999999999999999
1.4365000000000001,0,0,0,0,0,0,0.999999999999999
1.4370000000000001,0,0,0,0,0,0,0.999999999999999
1.4375,0,0,0,0,0,0,0.999999999999999
1.4379999999999999,0,0,0,0,0,0,0.999999999999999
1.4384999999999999,0,0,0,0,0,0,0.999999999999999
1.4390000000000001,0,0,0,0,0,0,0.999999999999999
1.4395,0,0,0,0,0,0,0.999999999999999
1.4399999999999999,0,0,0,0,0,0,0.999999999999999
1.4404999999999999,0,0,0,0,0,0,0.999999999999999
1.4410000000000001,0,0,0,0,0,0,0.999999999999999
1.4415,0,0,0,0,0,0,0.999999999999999
1.4419999999999999,0,0,0,0,0,0,0.999999999999999
1.4424999999999999,0,0,0,0,0,0,0.999999999999999
1.4430000000000001,0,0,0,0,0,0,0.999999999999999
1.4435,0,0,0,0,0,0,0.999999999999999
1.444,0,0,0,0,0,0,0.999999999999999
1.4444999999999999,0,0,0,0,0,0,0.999999999999999
1.4450000000000001,0,0,0,0,0,0,0.999999999999999
1.4455,0,0,0,0,0,0,0.999999999999999
1.446,0,0,0,0,0,0,0.999999999999999
1.4464999999999999,0,0,0,0,0,0,0.999999999999999
1.4470000000000001,0,0,0,0,0,0,0.999999999999999
1.4475,0,0,0,0,0,0,0.999999999999999
1.448,0,0,0,0,0,0,0.999999999999999
1.4484999999999999,0,0,0,0,0,0,0.999999999999999
1.4490000000000001,0,0,0,0,0,0,0.999999999999999
1.4495,0,0,0,0,0,0,0.999999999999999
1.45,0,0,0,0,0,0,0.999999999999999
1.4504999999999999,0,0,0,0,0,0,0.999999999999999
1.4510000000000001,0,0,0,0,0,0,0.999999999999999
1.4515,0,0,0,0,0,0,0.999999999999999
1.452,0,0,0,0,0,0,0.999999999999999
1.4524999999999999,0,0,0,0,0,0,0.999999999999999
1.4530000000000001,0,0,0,0,0,0,0.999999999999999
1.4535,0,0,0,0,0,0,0.999999999999999
1.454,0,0,0,0,0,0,0.999999999999999
1.4544999999999999,0,0,0,0,0,0,0.999999999999999
1.4550000000000001,0,0,0,0,0,0,0.999999999999999
1.4555,0,0,0,0,0,0,0.999999999999999
1.456,0,0,0,0,0,0,0.999999999999999
1.4564999999999999,0,0,0,0,0,0,0.999999999999999
1.4570000000000001,0,0,0,0,0,0,0.999999999999999
1.4575,0,0,0,0,0,0,0.999999999999999
1.458,0,0,0,0,0,0,0.999999999999999
1.4584999999999999,0,0,0,0,0,0,0.999999999999999
1.4590000000000001,0,0,0,0,0,0,0.999999999999999
1.4595,0,0,0,0,0,0,0.999999999999999
1.46,0,0,0,0,0,0,0.999999999999999
1.4604999999999999,0,0,0,0,0,0,0.999999999999999
1.4610000000000001,0,0,0,0,0,0,0.999999999999999
1.4615,0,0,0,0,0,0,0.999999999999999
1.462,0,0,0,0,0,0,0.999999999999999
1.4624999999999999,0,0,0,0,0,0,0.999999999999999
1.4630000000000001,0,0,0,0,0,0,0.999999999999999
1.4635,0,0,0,0,0,0,0.999999999999999
1.464,0,0,0,0,0,0,0.999999999999999
1.4644999999999999,0,0,0,0,0,0,0.999999999999999
1.4650000000000001,0,0,0,0,0,0,0.999999999999999
1.4655,0,0,0,0,0,0,0.999999999999999
1.466,0,0,0,0,0,0,0.999999999999999
1.4664999999999999,0,0,0,0,0,0,0.999999999999999
1.4670000000000001,0,0,0,0,0,0,0.999999999999999
1.4675,0,0,0,0,0,0,0.999999999999999
1.468,0,0,0,0,0,0,0.999999999999999
1.4684999999999999,0,0,0,0,0,0,0.999999999999999
1.4690000000000001,0,0,0,0,0,0,0.999999999999999
1.4695,0,0,0,0,0,0,0.999999999999999
1.47,0,0,0,0,0,0,0.999999999999999
1.4704999999999999,0,0,0,0,0,0,0.999999999999999
1.4710000000000001,0,0,0,0,0,0,0.999999999999999
1.4715,0,0,0,0,0,0,0.999999999999999
1.472,0,0,0,0,0,0,0.999999999999999
1.4724999999999999,0,0,0,0,0,0,0.999999999999999
1.4730000000000001,0,0,0,0,0,0,0.999999999999999
1.4735,0,0,0,0,0,0,0.999999999999999
1.474,0,0,0,0,0,0,0.999999999999999
1.4744999999999999,0,0,0,0,0,0,0.999999999999999
1.4750000000000001,0,0,0,0,0,0,0.999999999999999
1.4755,0,0,0,0,0,0,0.999999999999999
1.476,0,0,0,0,0,0,0.999999999999999
1.4764999999999999,0,0,0,0,0,0,0.999999999999999
1.4770000000000001,0,0,0,0,0,0,0.999999999999999
1.4775,0,0,0,0,0,0,0.999999999999999
1.478,0,0,0,0,0,0,0.999999999999999
1.4784999999999999,0,0,0,0,0,0,0.999999999999999
1.4790000000000001,0,0,0,0,0,0,0.999999999999999
1.4795,0,0,0,0,0,0,0.999999999999999
1.48,0,0,0,0,0,0,0.999999999999999
1.4804999999999999,0,0,0,0,0,0,0.999999999999999
1.4810000000000001,0,0,0,0,0,0,0.999999999999999
1.4815,0,0,0,0,0,0,0.999999999999999
1.482,0,0,0,0,0,0,0.999999999999999
1.4824999999999999,0,0,0,0,0,0,0.999999999999999
1.4830000000000001,0,0,0,0,0,0,0.999999999999999
1.4835,0,0,0,0,0,0,0.999999999999999
1.484,0,0,0,0,0,0,0.999999999999999
1.4844999999999999,0,0,0,0,0,0,0.999999999999999
1.4850000000000001,0,0,0,0,0,0,0.999999999999999
1.4855,0,0,0,0,0,0,0.999999999999999
1.486,0,0,0,0,0,0,0.999999999999999
1.4864999999999999,0,0,0,0,0,0,0.999999999999999
1.4870000000000001,0,0,0,0,0,0,0.999999999999999
1.4875,0,0,0,0,0,0,0.999999999999999
1.488,0,0,0,0,0,0,0.999999999999999
1.4884999999999999,0,0,0,0,0,0,0.999999999999999
1.4890000000000001,0,0,0,0,0,0,0.999999999999999
1.4895,0,0,0,0,0,0,0.999999999999999
1.49,0,0,0,0,0,0,0.999999999999999
1.4904999999999999,0,0,0,0,0,0,0.999999999999999
1.4910000000000001,0,0,0,0,0,0,0.999999999999999
1.4915,0,0,0,0,0,0,0.999999999999999
1.492,0,0,0,0,0,0,0.999999999999999
1.4924999999999999,0,0,0,0,0,0,0.999999999999999
1.4930000000000001,0,0,0,0,0,0,0.999999999999999
1.4935,0,0,0,0,0,0,0.999999999999999
1.494,0,0,0,0,0,0,0.999999999999999
1.4944999999999999,0,0,0,0,0,0,0.999999999999999
1.4950000000000001,0,0,0,0,0,0,0.999999999999999
1.4955000000000001,0,0,0,0,0,0,0.999999999999999
1.496,0,0,0,0,0,0,0.999999999999999
1.4964999999999999,0,0,0,0,0,0,0.999999999999999
1.4970000000000001,0,0,0,0,0,0,0.999999999999999
1.4975000000000001,0,0,0,0,0,0,0.999999999999999
1.498,0,0,0,0,0,0,0.999999999999999
1.4984999999999999,0,0,0,0,0,0,0.999999999999999
1.4990000000000001,0,0,0,0,0,0,0.999999999999999
1.4995000000000001,0,0,0,0,0,0,0.999999999999999
1.5,0,0,0,0,0,0,0.999999999999999
1.5004999999999999,0,0,0,0,0,0,0.999999999999999
1.5009999999999999,0,0,0,0,0,0,0.999999999999999
1.5015000000000001,0,0,0,0,0,0,0.999999999999999
1.502,0,0,0,0,0,0,0.999999999999999
1.5024999999999999,0,0,0,0,0,0,0.999999999999999
1.5029999999999999,0,0,0,0,0,0,0.999999999999999
1.5035000000000001,0,0,0,0,0,0,0.999999999999999
1.504,0,0,0,0,0,0,0.999999999999999
1.5044999999999999,0,0,0,0,0,0,0.999999999999999
1.5049999999999999,0,0,0,0,0,0,0.999999999999999
1.5055000000000001,0,0,0,0,0,0,0.999999999999999
1.506,0,0,0,0,0,0,0.999999999999999
1.5065,0,0,0,0,0,0,0.999999999999999
1.5069999999999999,0,0,0,0,0,0,0.999999999999999
1.5075000000000001,0,0,0,0,0,0,0.999999999999999
1.508,0,0,0,0,0,0,0.999999999999999
1.5085,0,0,0,0,0,0,0.999999999999999
1.5089999999999999,0,0,0,0,0,0,0.999999999999999
1.5095000000000001,0,0,0,0,0,0,0.999999999999999
1.51,0,0,0,0,0,0,0.999999999999999
1.5105,0,0,0,0,0,0,0.999999999999999
1.5109999999999999,0,0,0,0,0,0,0.999999999999999
1.5115000000000001,0,0,0,0,0,0,0.999999999999999
1.512,0,0,0,0,0,0,0.999999999999999
1.5125,0,0,0,0,0,0,0.999999999999999
1.5129999999999999,0,0,0,0,0,0,0.999999999999999
1.5135000000000001,0,0,0,0,0,0,0.999999999999999
1.514,0,0,0,0,0,0,0.999999999999999
1.5145,0,0,0,0,0,0,0.999999999999999
1.5149999999999999,0,0,0,0,0,0,0.999999999999999
1.5155000000000001,0,0,0,0,0,0,0.999999999999999
1.516,0,0,0,0,0,0,0.999999999999999
1.5165,0,0,0,0,0,0,0.999999999999999
1.5169999999999999,0,0,0,0,0,0,0.999999999999999
1.5175000000000001,0,0,0,0,0,0,0.999999999999999
1.518,0,0,0,0,0,0,0.999999999999999
1.5185,0,0,0,0,0,0,0.999999999999999
1.5189999999999999,0,0,0,0,0,0,0.999999999999999
1.5195000000000001,0,0,0,0,0,0,0.999999999999999
1.52,0,0,0,0,0,0,0.999999999999999
1.5205,0,0,0,0,0,0,0.999999999999999
1.5209999999999999,0,0,0,0,0,0,0.999999999999999
1.5215000000000001,0,0,0,0,0,0,0.999999999999999
1.522,0,0,0,0,0,0,0.999999999999999
1.5225,0,0,0,0,0,0,0.999999999999999
1.5229999999999999,0,0,0,0,0,0,0.999999999999999
1.5235000000000001,0,0,0,0,0,0,0.999999999999999
1.524,0,0,0,0,0,0,0.999999999999999
1.5245,0,0,0,0,0,0,0.999999999999999
1.5249999999999999,0,0,0,0,0,0,0.999999999999999
1.5255000000000001,0,0,0,0,0,0,0.999999999999999
1.526,0,0,0,0,0,0,0.999999999999999
1.5265,0,0,0,0,0,0,0.999999999999999
1.5269999999999999,0,0,0,0,0,0,0.999999999999999
1.5275000000000001,0,0,0,0,0,0,0.999999999999999
1.528,0,0,0,0,0,0,0.999999999999999
1.5285,0,0,0,0,0,0,0.999999999999999
1.5289999999999999,0,0,0,0,0,0,0.999999999999999
1.5295000000000001,0,0,0,0,0,0,0.999999999999999
1.53,0,0,0,0,0,0,0.999999999999999
1.5305,0,0,0,0,0,0,0.999999999999999
1.5309999999999999,0,0,0,0,0,0,0.999999999999999
1.5315000000000001,0,0,0,0,0,0,0.999999999999999
1.532,0,0,0,0,0,0,0.999999999999999
1.5325,0,0,0,0,0,0,0.999999999999999
1.5329999999999999,0,0,0,0,0,0,0.999999999999999
1.5335000000000001,0,0,0,0,0,0,0.999999999999999
1.534,0,0,0,0,0,0,0.999999999999999
1.5345,0,0,0,0,0,0,0.999999999999999
1.5349999999999999,0,0,0,0,0,0,0.999999999999999
1.5355000000000001,0,0,0,0,0,0,0.999999999999999
1.536,0,0,0,0,0,0,0.999999999999999
1.5365,0,0,0,0,0,0,0.999999999999999
1.5369999999999999,0,0,0,0,0,0,0.999999999999999
1.5375000000000001,0,0,0,0,0,0,0.999999999999999
1.538,0,0,0,0,0,0,0.999999999999999
1.5385,0,0,0,0,0,0,0.999999999999999
1.5389999999999999,0,0,0,0,0,0,0.999999999999999
1.5395000000000001,0,0,0,0,0,0,0.999999999999999
1.54,0,0,0,0,0,0,0.999999999999999
1.5405,0,0,0,0,0,0,0.999999999999999
1.5409999999999999,0,0,0,0,0,0,0.999999999999999
1.5415000000000001,0,0,0,0,0,0,0.999999999999999
1.542,0,0,0,0,0,0,0.999999999999999
1.5425,0,0,0,0,0,0,0.999999999999999
1.5429999999999999,0,0,0,0,0,0,0.999999999999999
1.5435000000000001,0,0,0,0,0,0,0.999999999999999
1.544,0,0,0,0,0,0,0.999999999999999
1.5445,0,0,0,0,0,0,0.999999999999999
1.5449999999999999,0,0,0,0,0,0,0.999999999999999
1.5455000000000001,0,0,0,0,0,0,0.999999999999999
1.546,0,0,0,0,0,0,0.999999999999999
1.5465,0,0,0,0,0,0,0.999999999999999
1.5469999999999999,0,0,0,0,0,0,0.999999999999999
1.5475000000000001,0,0,0,0,0,0,0.999999999999999
1.548,0,0,0,0,0,0,0.999999999999999
1.5485,0,0,0,0,0,0,0.999999999999999
1.5489999999999999,0,0,0,0,0,0,0.999999999999999
1.5495000000000001,0,0,0,0,0,0,0.999999999999999
1.55,0,0,0,0,0,0,0.999999999999999
1.5505,0,0,0,0,0,0,0.999999999999999
1.5509999999999999,0,0,0,0,0,0,0.999999999999999
1.5515000000000001,0,0,0,0,0,0,0.999999999999999
1.552,0,0,0,0,0,0,0.999999999999999
1.5525,0,0,0,0,0,0,0.999999999999999
1.5529999999999999,0,0,0,0,0,0,0.999999999999999
1.5535000000000001,0,0,0,0,0,0,0.999999999999999
1.554,0,0,0,0,0,0,0.999999999999999
1.5545,0,0,0,0,0,0,0.999999999999999
1.5549999999999999,0,0,0,0,0,0,0.999999999999999
1.5555000000000001,0,0,0,0,0,0,0.999999999999999
1.556,0,0,0,0,0,0,0.999999999999999
1.5565,0,0,0,0,0,0,0.999999999999999
1.5569999999999999,0,0,0,0,0,0,0.999999999999999
1.5575000000000001,0,0,0,0,0,0,0.999999999999999
1.5580000000000001,0,0,0,0,0,0,0.999999999999999
1.5585,0,0,0,0,0,0,0.999999999999999
1.5589999999999999,0,0,0,0,0,0,0.999999999999999
1.5595000000000001,0,0,0,0,0,0,0.999999999999999
1.5600000000000001,0,0,0,0,0,0,0.999999999999999
1.5605,0,0,0,0,0,0,0.999999999999999
1.5609999999999999,0,0,0,0,0,0,0.999999999999999
1.5615000000000001,0,0,0,0,0,0,0.999999999999999
1.5620000000000001,0,0,0,0,0,0,0.999999999999999
1.5625,0,0,0,0,0,0,0.999999999999999
1.5629999999999999,0,0,0,0,0,0,0.999999999999999
1.5634999999999999,0,0,0,0,0,0,0.999999999999999
1.5640000000000001,0,0,0,0,0,0,0.999999999999999
1.5645,0,0,0,0,0,0,0.999999999999999
1.5649999999999999,0,0,0,0,0,0,0.999999999999999
1.5654999999999999,0,0,0,0,0,0,0.999999999999999
1.5660000000000001,0,0,0,0,0,0,0.999999999999999
1.5665,0,0,0,0,0,0,0.999999999999999
1.5669999999999999,0,0,0,0,0,0,0.999999999999999
1.5674999999999999,0,0,0,0,0,0,0.999999999999999
1.5680000000000001,0,0,0,0,0,0,0.999999999999999
1.5685,0,0,0,0,0,0,0.999999999999999
1.569,0,0,0,0,0,0,0.999999999999999
1.5694999999999999,0,0,0,0,0,0,0.999999999999999
1.5700000000000001,0,0,0,0,0,0,0.999999999999999
1.5705,0,0,0,0,0,0,0.999999999999999
1.571,0,0,0,0,0,0,0.999999999999999
1.5714999999999999,0,0,0,0,0,0,0.999999999999999
1.5720000000000001,0,0,0,0,0,0,0.999999999999999
1.5725,0,0,0,0,0,0,0.999999999999999
1.573,0,0,0,0,0,0,0.999999999999999
1.5734999999999999,0,0,0,0,0,0,0.999999999999999
1.5740000000000001,0,0,0,0,0,0,0.999999999999999
1.5745,0,0,0,0,0,0,0.999999999999999
1.575,0,0,0,0,0,0,0.999999999999999
1.5754999999999999,0,0,0,0,0,0,0.999999999999999
1.5760000000000001,0,0,0,0,0,0,0.999999999999999
1.5765,0,0,0,0,0,0,0.999999999999999
1.577,0,0,0,0,0,0,0.999999999999999
1.5774999999999999,0,0,0,0,0,0,0.999999999999999
1.5780000000000001,0,0,0,0,0,0,0.999999999999999
1.5785,0,0,0,0,0,0,0.999999999999999
1.579,0,0,0,0,0,0,0.999999999999999
1.5794999999999999,0,0,0,0,0,0,0.999999999999999
1.5800000000000001,0,0,0,0,0,0,0.999999999999999
1.5805,0,0,0,0,0,0,0.999999999999999
1.581,0,0,0,0,0,0,0.999999999999999
1.5814999999999999,0,0,0,0,0,0,0.999999999999999
1.5820000000000001,0,0,0,0,0,0,0.999999999999999
1.5825,0,0,0,0,0,0,0.999999999999999
1.583,0,0,0,0,0,0,0.999999999999999
1.5834999999999999,0,0,0,0,0,0,0.999999999999999
1.5840000000000001,0,0,0,0,0,0,0.999999999999999
1.5845,0,0,0,0,0,0,0.999999999999999
1.585,0,0,0,0,0,0,0.999999999999999
1.5854999999999999,0,0,0,0,0,0,0.999999999999999
1.5860000000000001,0,0,0,0,0,0,0.999999999999999
1.5865,0,0,0,0,0,0,0.999999999999999
1.587,0,0,0,0,0,0,0.999999999999999
1.5874999999999999,0,0,0,0,0,0,0.999999999999999
1.5880000000000001,0,0,0,0,0,0,0.999999999999999
1.5885,0,0,0,0,0,0,0.999999999999999
1.589,0,0,0,0,0,0,0.999999999999999
1.5894999999999999,0,0,0,0,0,0,0.999999999999999
1.5900000000000001,0,0,0,0,0,0,0.999999999999999
1.5905,0,0,0,0,0,0,0.999999999999999
1.591,0,0,0,0,0,0,0.999999999999999
1.5914999999999999,0,0,0,0,0,0,0.999999999999999
1.5920000000000001,0,0,0,0,0,0,0.999999999999999
1.5925,0,0,0,0,0,0,0.999999999999999
1.593,0,0,0,0,0,0,0.999999999999999
1.5934999999999999,0,0,0,0,0,0,0.999999999999999
1.5940000000000001,0,0,0,0,0,0,0.999999999999999
1.5945,0,0,0,0,0,0,0.999999999999999
1.595,0,0,0,0,0,0,0.999999999999999
1.5954999999999999,0,0,0,0,0,0,0.999999999999999
1.5960000000000001,0,0,0,0,0,0,0.999999999999999
1.5965,0,0,0,0,0,0,0.999999999999999
1.597,0,0,0,0,0,0,0.999999999999999
1.5974999999999999,0,0,0,0,0,0,0.999999999999999
1.5980000000000001,0,0,0,0,0,0,0.999999999999999
1.5985,0,0,0,0,0,0,0.999999999999999
1.599,0,0,0,0,0,0,0.999999999999999
1.5994999999999999,0,0,0,0,0,0,0.999999999999999
1.6000000000000001,0,0,0,0,0,0,0.999999999999999
1.6005,0,0,0,0,0,0,0.999999999999999
1.601,0,0,0,0,0,0,0.999999999999999
1.6014999999999999,0,0,0,0,0,0,0.999999999999999
1.6020000000000001,0,0,0,0,0,0,0.999999999999999
1.6025,0,0,0,0,0,0,0.999999999999999
1.603,0,0,0,0,0,0,0.999999999999999
1.6034999999999999,0,0,0,0,0,0,0.999999999999999
1.6040000000000001,0,0,0,0,0,0,0.999999999999999
1.6045,0,0,0,0,0,0,0.999999999999999
1.605,0,0,0,0,0,0,0.999999999999999
1.6054999999999999,0,0,0,0,0,0,0.999999999999999
1.6060000000000001,0,0,0,0,0,0,0.999999999999999
1.6065,0,0,0,0,0,0,0.999999999999999
1.607,0,0,0,0,0,0,0.999999999999999
1.6074999999999999,0,0,0,0,0,0,0.999999999999999
1.6080000000000001,0,0,0,0,0,0,0.999999999999999
1.6085,0,0,0,0,0,0,0.999999999999999
1.609,0,0,0,0,0,0,0.999999999999999
1.6094999999999999,0,0,0,0,0,0,0.999999999999999
1.6100000000000001,0,0,0,0,0,0,0.999999999999999
1.6105,0,0,0,0,0,0,0.999999999999999
1.611,0,0,0,0,0,0,0.999999999999999
1.6114999999999999,0,0,0,0,0,0,0.999999999999999
1.6120000000000001,0,0,0,0,0,0,0.999999999999999
1.6125,0,0,0,0,0,0,0.999999999999999
1.613,0,0,0,0,0,0,0.999999999999999
1.6134999999999999,0,0,0,0,0,0,0.999999999999999
1.6140000000000001,0,0,0,0,0,0,0.999999999999999
1.6145,0,0,0,0,0,0,0.999999999999999
1.615,0,0,0,0,0,0,0.999999999999999
1.6154999999999999,0,0,0,0,0,0,0.999999999999999
1.6160000000000001,0,0,0,0,0,0,0.999999999999999
1.6165,0,0,0,0,0,0,0.999999999999999
1.617,0,0,0,0,0,0,0.999999999999999
1.6174999999999999,0,0,0,0,0,0,0.999999999999999
1.6180000000000001,0,0,0,0,0,0,0.999999999999999
1.6185,0,0,0,0,0,0,0.999999999999999
1.619,0,0,0,0,0,0,0.999999999999999
1.6194999999999999,0,0,0,0,0,0,0.999999999999999
1.6200000000000001,0,0,0,0,0,0,0.999999999999999
1.6205000000000001,0,0,0,0,0,0,0.999999999999999
1.621,0,0,0,0,0,0,0.999999999999999
1.6214999999999999,0,0,0,0,0,0,0.999999999999999
1.6220000000000001,0,0,0,0,0,0,0.999999999999999
1.6225000000000001,0,0,0,0,0,0,0.999999999999999
1.623,0,0,0,0,0,0,0.999999999999999
1.6234999999999999,0,0,0,0,0,0,0.999999999999999
1.6240000000000001,0,0,0,0,0,0,0.999999999999999
1.6245000000000001,0,0,0,0,0,0,0.999999999999999
1.625,0,0,0,0,0,0,0.999999999999999
1.6254999999999999,0,0,0,0,0,0,0.999999999999999
1.6259999999999999,0,0,0,0,0,0,0.999999999999999
1.6265000000000001,0,0,0,0,0,0,0.999999999999999
1.627,0,0,0,0,0,0,0.999999999999999
1.6274999999999999,0,0,0,0,0,0,0.999999999999999
1.6279999999999999,0,0,0,0,0,0,0.999999999999999
1.6285000000000001,0,0,0,0,0,0,0.999999999999999
1.629,0,0,0,0,0,0,0.999999999999999
1.6294999999999999,0,0,0,0,0,0,0.999999999999999
1.6299999999999999,0,0,0,0,0,0,0.999999999999999
1.6305000000000001,0,0,0,0,0,0,0.999999999999999
1.631,0,0,0,0,0,0,0.999999999999999
1.6315,0,0,0,0,0,0,0.999999999999999
1.6319999999999999,0,0,0,0,0,0,0.999999999999999
1.6325000000000001,0,0,0,0,0,0,0.999999999999999
1.633,0,0,0,0,0,0,0.999999999999999
1.6335,0,0,0,0,0,0,0.999999999999999
1.6339999999999999,0,0,0,0,0,0,0.999999999999999
1.6345000000000001,0,0,0,0,0,0,0.999999999999999
1.635,0,0,0,0,0,0,0.999999999999999
1.6355,0,0,0,0,0,0,0.999999999999999
1.6359999999999999,0,0,0,0,0,0,0.999999999999999
1.6365000000000001,0,0,0,0,0,0,0.999999999999999
1.637,0,0,0,0,0,0,0.999999999999999
1.6375,0,0,0,0,0,0,0.999999999999999
1.6379999999999999,0,0,0,0,0,0,0.999999999999999
1.6385000000000001,0,0,0,0,0,0,0.999999999999999
1.639,0,0,0,0,0,0,0.999999999999999
1.6395,0,0,0,0,0,0,0.999999999999999
1.6399999999999999,0,0,0,0,0,0,0.999999999999999
1.6405000000000001,0,0,0,0,0,0,0.999999999999999
1.641,0,0,0,0,0,0,0.999999999999999
1.6415,0,0,0,0,0,0,0.999999999999999
1.6419999999999999,0,0,0,0,0,0,0.999999999999999
1.6425000000000001,0,0,0,0,0,0,0.999999999999999
1.643,0,0,0,0,0,0,0.999999999999999
1.6435,0,0,0,0,0,0,0.999999999999999
1.6439999999999999,0,0,0,0,0,0,0.999999999999999
1.6445000000000001,0,0,0,0,0,0,0.999999999999999
1.645,0,0,0,0,0,0,0.999999999999999
1.6455,0,0,0,0,0,0,0.999999999999999
1.6459999999999999,0,0,0,0,0,0,0.999999999999999
1.6465000000000001,0,0,0,0,0,0,0.999999999999999
1.647,0,0,0,0,0,0,0.999999999999999
1.6475,0,0,0,0,0,0,0.999999999999999
1.6479999999999999,0,0,0,0,0,0,0.999999999999999
1.6485000000000001,0,0,0,0,0,0,0.999999999999999
1.649,0,0,0,0,0,0,0.999999999999999
1.6495,0,0,0,0,0,0,0.999999999999999
1.6499999999999999,0,0,0,0,0,0,0.999999999999999
1.6505000000000001,0,0,0,0,0,0,0.999999999999999
1.651,0,0,0,0,0,0,0.999999999999999
1.6515,0,0,0,0,0,0,0.999999999999999
1.6519999999999999,0,0,0,0,0,0,0.999999999999999
1.6525000000000001,0,0,0,0,0,0,0.999999999999999
1.653,0,0,0,0,0,0,0.999999999999999
1.6535,0,0,0,0,0,0,0.999999999999999
1.6539999999999999,0,0,0,0,0,0,0.999999999999999
1.6545000000000001,0,0,0,0,0,0,0.999999999999999
1.655,0,0,0,0,0,0,0.999999999999999
1.6555,0,0,0,0,0,0,0.999999999999999
1.6559999999999999,0,0,0,0,0,0,0.999999999999999
1.6565000000000001,0,0,0,0,0,0,0.999999999999999
1.657,0,0,0,0,0,0,0.999999999999999
1.6575,0,0,0,0,0,0,0.999999999999999
1.6579999999999999,0,0,0,0,0,0,0.999999999999999
1.6585000000000001,0,0,0,0,0,0,0.999999999999999
1.659,0,0,0,0,0,0,0.999999999999999
1.6595,0,0,0,0,0,0,0.999999999999999
1.6599999999999999,0,0,0,0,0,0,0.999999999999999
1.6605000000000001,0,0,0,0,0,0,0.999999999999999
1.661,0,0,0,0,0,0,0.999999999999999
1.6615,0,0,0,0,0,0,0.999999999999999
1.6619999999999999,0,0,0,0,0,0,0.999999999999999
1.6625000000000001,0,0,0,0,0,0,0.999999999999999
1.663,0,0,0,0,0,0,0.999999999999999
1.6635,0,0,0,0,0,0,0.999999999999999
1.6639999999999999,0,0,0,0,0,0,0.999999999999999
1.6645000000000001,0,0,0,0,0,0,0.999999999999999
1.665,0,0,0,0,0,0,0.999999999999999
1.6655,0,0,0,0,0,0,0.999999999999999
1.6659999999999999,0,0,0,0,0,0,0.999999999999999
1.6665000000000001,0,0,0,0,0,0,0.999999999999999
1.667,0,0,0,0,0,0,0.999999999999999
1.6675,0,0,0,0,0,0,0.999999999999999
1.6679999999999999,0,0,0,0,0,0,0.999999999999999
1.6685000000000001,0,0,0,0,0,0,0.999999999999999
1.669,0,0,0,0,0,0,0.999999999999999
1.6695,0,0,0,0,0,0,0.999999999999999
1.6699999999999999,0,0,0,0,0,0,0.999999999999999
1.6705000000000001,0,0,0,0,0,0,0.999999999999999
1.671,0,0,0,0,0,0,0.999999999999999
1.6715,0,0,0,0,0,0,0.999999999999999
1.6719999999999999,0,0,0,0,0,0,0.999999999999999
1.6725000000000001,0,0,0,0,0,0,0.999999999999999
1.673,0,0,0,0,0,0,0.999999999999999
1.6735,0,0,0,0,0,0,0.999999999999999
1.6739999999999999,0,0,0,0,0,0,0.999999999999999
1.6745000000000001,0,0,0,0,0,0,0.999999999999999
1.675,0,0,0,0,0,0,0.999999999999999
1.6755,0,0,0,0,0,0,0.999999999999999
1.6759999999999999,0,0,0,0,0,0,0.999999999999999
1.6765000000000001,0,0,0,0,0,0,0.999999999999999
1.677,0,0,0,0,0,0,0.999999999999999
1.6775,0,0,0,0,0,0,0.999999999999999
1.6779999999999999,0,0,0,0,0,0,0.999999999999999
1.6785000000000001,0,0,0,0,0,0,0.999999999999999
1.679,0,0,0,0,0,0,0.999999999999999
1.6795,0,0,0,0,0,0,0.999999999999999
1.6799999999999999,0,0,0,0,0,0,0.999999999999999
1.6805000000000001,0,0,0,0,0,0,0.999999999999999
1.681,0,0,0,0,0,0,0.999999999999999
1.6815,0,0,0,0,0,0,0.999999999999999
1.6819999999999999,0,0,0,0,0,0,0.999999999999999
1.6825000000000001,0,0,0,0,0,0,0.999999999999999
1.6830000000000001,0,0,0,0,0,0,0.999999999999999
1.6835,0,0,0,0,0,0,0.999999999999999
1.6839999999999999,0,0,0,0,0,0,0.999999999999999
1.6845000000000001,0,0,0,0,0,0,0.999999999999999
1.6850000000000001,0,0,0,0,0,0,0.999999999999999
1.6855,0,0,0,0,0,0,0.999999999999999
1.6859999999999999,0,0,0,0,0,0,0.999999999999999
1.6865000000000001,0,0,0,0,0,0,0.999999999999999
1.6870000000000001,0,0,0,0,0,0,0.999999999999999
1.6875,0,0,0,0,0,0,0.999999999999999
1.6879999999999999,0,0,0,0,0,0,0.999999999999999
1.6884999999999999,0,0,0,0,0,0,0.999999999999999
1.6890000000000001,0,0,0,0,0,0,0.999999999999999
1.6895,0,0,0,0,0,0,0.999999999999999
1.6899999999999999,0,0,0,0,0,0,0.999999999999999
1.6904999999999999,0,0,0,0,0,0,0.999999999999999
1.6910000000000001,0,0,0,0,0,0,0.999999999999999
1.6915,0,0,0,0,0,0,0.999999999999999
1.6919999999999999,0,0,0,0,0,0,0.999999999999999
1.6924999999999999,0,0,0,0,0,0,0.999999999999999
1.6930000000000001,0,0,0,0,0,0,0.999999999999999
1.6935,0,0,0,0,0,0,0.999999999999999
1.694,0,0,0,0,0,0,0.999999999999999
1.6944999999999999,0,0,0,0,0,0,0.999999999999999
1.6950000000000001,0,0,0,0,0,0,0.999999999999999
1.6955,0,0,0,0,0,0,0.999999999999999
1.696,0,0,0,0,0,0,0.999999999999999
1.6964999999999999,0,0,0,0,0,0,0.999999999999999
1.6970000000000001,0,0,0,0,0,0,0.999999999999999
1.6975,0,0,0,0,0,0,0.999999999999999
1.698,0,0,0,0,0,0,0.999999999999999
1.6984999999999999,0,0,0,0,0,0,0.999999999999999
1.6990000000000001,0,0,0,0,0,0,0.999999999999999
1.6995,0,0,0,0,0,0,0.999999999999999
1.7,0,0,0,0,0,0,0.999999999999999
1.7004999999999999,0,0,0,0,0,0,0.999999999999999
1.7010000000000001,0,0,0,0,0,0,0.999999999999999
1.7015,0,0,0,0,0,0,0.999999999999999
1.702,0,0,0,0,0,0,0.999999999999999
1.7024999999999999,0,0,0,0,0,0,0.999999999999999
1.7030000000000001,0,0,0,0,0,0,0.999999999999999
1.7035,0,0,0,0,0,0,0.999999999999999
1.704,0,0,0,0,0,0,0.999999999999999
1.7044999999999999,0,0,0,0,0,0,0.999999999999999
1.7050000000000001,0,0,0,0,0,0,0.999999999999999
1.7055,0,0,0,0,0,0,0.999999999999999
1.706,0,0,0,0,0,0,0.999999999999999
1.7064999999999999,0,0,0,0,0,0,0.999999999999999
1.7070000000000001,0,0,0,0,0,0,0.999999999999999
1.7075,0,0,0,0,0,0,0.999999999999999
1.708,0,0,0,0,0,0,0.999999999999999
1.7084999999999999,0,0,0,0,0,0,0.999999999999999
1.7090000000000001,0,0,0,0,0,0,0.999999999999999
1.7095,0,0,0,0,0,0,0.999999999999999
1.71,0,0,0,0,0,0,0.999999999999999
1.7104999999999999,0,0,0,0,0,0,0.999999999999999
1.7110000000000001,0,0,0,0,0,0,0.999999999999999
1.7115,0,0,0,0,0,0,0.999999999999999
1.712,0,0,0,0,0,0,0.999999999999999
1.7124999999999999,0,0,0,0,1,0,0.999999999999999
1.7130000000000001,0,0,0,0,1,0,0.999999999999999
1.7135,0,0,0,0,0,0,0.999999999999999
1.714,0,0,0,0,0,0,0.999999999999999
1.7144999999999999,0,0,0,0,0,0,0.999999999999999
1.7150000000000001,0,0,0,0,0,0,0.999999999999999
1.7155,0,0,0,0,0,0,0.999999999999999
1.716,0,0,0,0,0,0,0.999999999999999
1.7164999999999999,0,0,0,0,0,0,0.999999999999999
1.7170000000000001,0,0,0,0,0,0,0.999999999999999
1.7175,0,0,0,0,0,0,0.999999999999999
1.718,0,0,0,0,0,0,0.999999999999999
1.7184999999999999,0,0,0,0,0,0,0.999999999999999
1.7190000000000001,0,0,0,0,0,0,0.999999999999999
1.7195,0,0,0,0,0,0,0.999999999999999
1.72,0,0,0,0,0,0,0.999999999999999
1.7204999999999999,0,0,0,0,0,0,0.999999999999999
1.7210000000000001,0,0,0,0,0,0,0.999999999999999
1.7215,0,0,0,0,0,0,0.999999999999999
1.722,0,0,0,0,0,0,0.999999999999999
1.7224999999999999,0,0,0,0,0,0,0.999999999999999
1.7230000000000001,0,0,0,0,0,0,0.999999999999999
1.7235,0,0,0,0,0,0,0.999999999999999
1.724,0,0,0,0,0,0,0.999999999999999
1.7244999999999999,0,0,0,0,0,0,0.999999999999999
1.7250000000000001,0,0,0,0,0,0,0.999999999999999
1.7255,0,0,0,0,0,0,0.999999999999999
1.726,0,0,0,0,0,0,0.999999999999999
1.7264999999999999,0,0,0,0,0,0,0.999999999999999
1.7270000000000001,0,0,0,0,0,0,0.999999999999999
1.7275,0,0,0,0,0,0,0.999999999999999
1.728,0,0,0,0,0,0,0.999999999999999
1.7284999999999999,0,0,0,0,0,0,0.999999999999999
1.7290000000000001,0,0,0,0,0,0,0.999999999999999
1.7295,0,0,0,0,0,0,0.999999999999999
1.73,0,0,0,0,0,0,0.999999999999999
1.7304999999999999,0,0,0,0,0,0,0.999999999999999
1.7310000000000001,0,0,0,0,0,0,0.999999999999999
1.7315,0,0,0,0,0,0,0.999999999999999
1.732,0,0,0,0,0,0,0.999999999999999
1.7324999999999999,0,0,0,0,0,0,0.999999999999999
1.7330000000000001,0,0,0,0,0,0,0.999999999999999
1.7335,0,0,0,0,0,0,0.999999999999999
1.734,0,0,0,0,0,0,0.999999999999999
1.7344999999999999,0,0,0,0,0,0,0.999999999999999
1.7350000000000001,0,0,0,0,0,0,0.999999999999999
1.7355,0,0,0,0,0,0,0.999999999999999
1.736,0,0,0,0,0,0,0.999999999999999
1.7364999999999999,0,0,0,0,0,0,0.999999999999999
1.7370000000000001,0,0,0,0,0,0,0.999999999999999
1.7375,0,0,0,0,0,0,0.999999999999999
1.738,0,0,0,0,0,0,0.999999999999999
1.7384999999999999,0,0,0,0,0,0,0.999999999999999
1.7390000000000001,0,0,0,0,0,0,0.999999999999999
1.7395,0,0,0,0,0,0,0.999999999999999
1.74,0,0,0,0,0,0,0.999999999999999
1.7404999999999999,0,0,0,0,0,0,0.999999999999999
1.7410000000000001,0,0,0,0,0,0,0.999999999999999
1.7415,0,0,0,0,0,0,0.999999999999999
1.742,0,0,0,0,0,0,0.999999999999999
1.7424999999999999,0,0,0,0,0,0,0.999999999999999
1.7430000000000001,0,0,0,0,0,0,0.999999999999999
1.7435,0,0,0,0,0,0,0.999999999999999
1.744,0,0,0,0,0,0,0.999999999999999
1.7444999999999999,0,0,0,0,0,0,0.999999999999999
1.7450000000000001,0,0,0,0,0,0,0.999999999999999
1.7455000000000001,0,0,0,0,0,0,0.999999999999999
1.746,0,0,0,0,0,0,0.999999999999999
1.7464999999999999,0,0,0,0,0,0,0.999999999999999
1.7470000000000001,0,0,0,0,0,0,0.999999999999999
1.7475000000000001,0,0,0,0,0,0,0.999999999999999
1.748,0,0,0,0,0,0,0.999999999999999
1.7484999999999999,0,0,0,0,0,0,0.999999999999999
1.7490000000000001,0,0,0,0,0,0,0.999999999999999
1.7495000000000001,0,0,0,0,0,0,0.999999999999999
1.75,0,0,0,0,0,0,0.999999999999999
1.7504999999999999,0,0,0,0,0,0,0.999999999999999
1.7509999999999999,0,0,0,0,0,0,0.999999999999999
1.7515000000000001,0,0,0,0,0,0,0.999999999999999
1.752,0,0,0,0,0,0,0.999999999999999
1.7524999999999999,0,0,0,0,0,0,0.999999999999999
1.7529999999999999,0,0,0,0,0,0,0.999999999999999
1.7535000000000001,0,0,0,0,0,0,0.999999999999999
1.754,0,0,0,0,1,0,0.999999999999999
1.7544999999999999,0,0,0,0,1,0,0.999999999999999
1.7549999999999999,0,0,0,0,0,0,0.999999999999999
1.7555000000000001,0,0,0,0,0,0,0.999999999999999
1.756,0,0,0,0,0,0,0.999999999999999
1.7565,0,0,0,0,0,0,0.999999999999999
1.7569999999999999,0,0,0,0,0,0,0.999999999999999
1.7575000000000001,0,0,0,0,0,0,0.999999999999999
1.758,0,0,0,0,0,0,0.999999999999999
1.7585,0,0,0,0,0,0,0.999999999999999
1.7589999999999999,0,0,0,0,0,0,0.999999999999999
1.7595000000000001,0,0,0,0,0,0,0.999999999999999
1.76,0,0,0,0,0,0,0.999999999999999
1.7605,0,0,0,0,0,0,0.999999999999999
1.7609999999999999,0,0,0,0,0,0,0.999999999999999
1.7615000000000001,0,0,0,0,0,0,0.999999999999999
1.762,0,0,0,0,0,0,0.999999999999999
1.7625,0,0,0,0,0,0,0.999999999999999
1.7629999999999999,0,0,0,0,0,0,0.999999999999999
1.7635000000000001,0,0,0,0,0,0,0.999999999999999
1.764,0,0,0,0,0,0,0.999999999999999
1.7645,0,0,0,0,0,0,0.999999999999999
1.7649999999999999,0,0,0,0,0,0,0.999999999999999
1.7655000000000001,0,0,0,0,0,0,0.999999999999999
1.766,0,0,0,0,0,0,0.999999999999999
1.7665,0,0,0,0,0,0,0.999999999999999
1.7669999999999999,0,0,0,0,0,0,0.999999999999999
1.7675000000000001,0,0,0,0,0,0,0.999999999999999
1.768,0,0,0,0,0,0,0.999999999999999
1.7685,0,0,0,0,0,0,0.999999999999999
1.7689999999999999,0,0,0,0,0,0,0.999999999999999
1.7695000000000001,0,0,0,0,0,0,0.999999999999999
1.77,0,0,0,0,0,0,0.999999999999999
1.7705,0,0,0,0,0,0,0.999999999999999
1.7709999999999999,0,0,0,0,0,0,0.999999999999999
1.7715000000000001,0,0,0,0,0,0,0.999999999999999
1.772,0,0,0,0,0,0,0.999999999999999
1.7725,0,0,0,0,0,0,0.999999999999999
1.7729999999999999,0,0,0,0,0,0,0.999999999999999
1.7735000000000001,0,0,0,0,0,0,0.999999999999999
1.774,0,0,0,0,0,0,0.999999999999999
1.7745,0,0,0,0,0,0,0.999999999999999
1.7749999999999999,0,0,0,0,0,0,0.999999999999999
1.7755000000000001,0,0,0,0,0,0,0.999999999999999
1.776,0,0,0,0,0,0,0.999999999999999
1.7765,0,0,0,0,0,0,0.999999999999999
1.7769999999999999,0,0,0,0,0,0,0.999999999999999
1.7775000000000001,0,0,0,0,0,0,0.999999999999999
1.778,0,0,0,0,0,0,0.999999999999999
1.7785,0,0,0,0,0,0,0.999999999999999
1.7789999999999999,0,0,0,0,0,0,0.999999999999999
1.7795000000000001,0,0,0,0,0,0,0.999999999999999
1.78,0,0,0,0,0,0,0.999999999999999
1.7805,0,0,0,0,0,0,0.999999999999999
1.7809999999999999,0,0,0,0,0,0,0.999999999999999
1.7815000000000001,0,0,0,0,0,0,0.999999999999999
1.782,0,0,0,0,0,0,0.999999999999999
1.7825,0,0,0,0,0,0,0.999999999999999
1.7829999999999999,0,0,0,0,0,0,0.999999999999999
1.7835000000000001,0,0,0,0,0,0,0.999999999999999
1.784,0,0,0,0,0,0,0.999999999999999
1.7845,0,0,0,0,0,0,0.999999999999999
1.7849999999999999,0,0,0,0,0,0,0.999999999999999
1.7855000000000001,0,0,0,0,0,0,0.999999999999999
1.786,0,0,0,0,0,0,0.999999999999999
1.7865,0,0,0,0,0,0,0.999999999999999
1.7869999999999999,0,0,0,0,0,0,0.999999999999999
1.7875000000000001,0,0,0,0,0,0,0.999999999999999
1.788,0,0,0,0,0,0,0.999999999999999
1.7885,0,0,0,0,0,0,0.999999999999999
1.7889999999999999,0,0,0,0,0,0,0.999999999999999
1.7895000000000001,0,0,0,0,0,0,0.999999999999999
1.79,0,0,0,0,0,0,0.999999999999999
1.7905,0,0,0,0,0,0,0.999999999999999
1.7909999999999999,0,0,0,0,0,0,0.999999999999999
1.7915000000000001,0,0,0,0,0,0,0.999999999999999
1.792,0,0,0,0,0,0,0.999999999999999
1.7925,0,0,0,0,0,0,0.999999999999999
1.7929999999999999,0,0,0,0,0,0,0.999999999999999
1.7935000000000001,0,0,0,0,0,0,0.999999999999999
1.794,0,0,0,0,0,0,0.999999999999999
1.7945,0,0,0,0,0,0,0.999999999999999
1.7949999999999999,0,0,0,0,0,0,0.999999999999999
1.7955000000000001,0,0,0,0,0,0.0030759870200107731,0.999999999999999
1.796,0,0,0,0,0,0.011197985430875357,0.999999999999999
1.7965,0,0,0,0,1,0.020094835394001365,0.999999999999999
1.7969999999999999,1,0,0,0,1,0.027336430945282153,0.999999999999999
1.7975000000000001,1,0,0,0,0,-0.18237450935623167,0.89999999999999902
1.798,0,0,0,0,0,-0.37960105751157225,0.80499999999999905
1.7985,0,0,0,0,0,-0.34572938721416346,0.81474999999999909
1.7989999999999999,0,0,0,0,0,-0.3104950442871921,0.82401249999999915
1.7995000000000001,0,0,0,0,0,-0.27657953070848007,0.8328118749999992
1.8,0,0,0,0,0,-0.2470880276752262,0.84117128124999929
1.8005,0,0,0,0,0,-0.22131640673914876,0.84911271718749937
1.8009999999999999,0,0,0,0,0,-0.19869586113312232,0.85665708132812435
1.8015000000000001,0,0,0,0,0,-0.17876261116290515,0.86382422726171815
1.802,0,0,0,0,0,-0.16113523310306876,0.87063301589863229
1.8025,0,0,0,0,0,-0.14549750589706478,0.87710136510370063
1.8029999999999999,0,0,0,0,0,-0.13158529910775274,0.88324629684851563
1.8035000000000001,0,0,0,0,0,-0.11917645344254368,0.88908398200608985
1.804,0,0,0,0,0,-0.10808290015543143,0.89462978290578532
1.8045,0,0,0,0,0,-0.098144471588175186,0.89989829376049602
1.8049999999999999,0,0,0,0,0,-0.089224000642335599,0.9049033790724712
1.8055000000000001,0,0,0,0,0,-0.081203410959224565,0.90965821011884762
1.806,0,0,0,0,0,-0.073980574669011978,0.91417529961290522
1.8065,0,0,0,0,0,-0.067466769322462872,0.91846653463225991
1.8069999999999999,0,0,0,0,0,-0.061584605915784518,0.92254320790064692
1.8075000000000001,0,0,0,0,0,-0.056266329836138107,0.92641604750561457
1.8080000000000001,0,0,0,0,0,-0.051452418948467527,0.93009524513033381
1.8085,0,0,0,0,0,-0.047090419934970429,0.93359048287381707
1.8089999999999999,0,0,0,0,0,-0.043133976831326026,0.9369109587301262
1.8095000000000001,0,0,0,0,0,-0.03954201552024561,0.94006541079361994
1.8100000000000001,0,0,0,0,0,-0.036278055500459705,0.94306214025393897
1.8105,0,0,0,0,0,-0.033309626103176337,0.94590903324124198
1.8109999999999999,0,0,0,0,0,-0.030607768888575748,0.94861358157917985
1.8115000000000001,0,0,0,0,0,-0.028146611527321674,0.95118290250022086
1.8120000000000001,0,0,0,0,0,-0.0259030012851309,0.95362375737520977
1.8125,0,0,0,0,0,-0.023856188454677518,0.95594256950644929
1.8129999999999999,0,0,0,0,0,-0.021987551849454556,0.95814544103112687
1.8134999999999999,0,0,0,0,0,-0.020280359888613431,0.96023816897957048
1.8140000000000001,0,0,0,0,0,-0.018719561936967999,0.96222626053059201
1.8145,0,0,0,0,0,-0.017291605479466843,0.96411494750406246
1.8149999999999999,0,0,0,0,0,-0.015984275450391938,0.96590920012885939
1.8154999999999999,0,0,0,0,0,-0.014786552640079775,0.96761374012241641
1.8160000000000001,0,0,0,0,0,-0.013688488594045145,0.9692330531162956
1.8165,0,0,0,0,0,-0.012681094822984518,0.97077140046048083
1.8169999999999999,0,0,0,0,0,-0.011756244474570465,0.97223283043745679
1.8174999999999999,0,0,0,0,0,-0.010906584892944604,0.97362118891558391
1.8180000000000001,0,0,0,0,0,-0.010125459720262575,0.97494012946980468
1.8185,0,0,0,0,0,-0.0094068393852420051,0.97619312299631444
1.819,0,0,0,0,0,-0.0087452589833536543,0.97738346684649868
1.8194999999999999,0,0,0,0,0,-0.0081357626876681355,0.97851429350417374
1.8200000000000001,0,0,0,0,0,-0.0075738539429126561,0.97958857882896511
1.8205,0,0,0,0,0,-0.0070554507916343878,0.98060914988751691
1.821,0,0,0,0,0,-0.0065768457634587385,0.98157869239314111
1.8214999999999999,0,0,0,0,0,-0.0061346698286529611,0.98249975777348408
1.8220000000000001,0,0,0,0,0,-0.005725859977521508,0.98337476988480987
1.8225,0,0,0,0,0,-0.0053476300391579468,0.98420603139056939
1.823,0,0,0,0,0,-0.0049974443980731476,0.98499572982104089
1.8234999999999999,0,0,0,0,0,-0.0046729943062961965,0.98574594332998888
1.8240000000000001,0,0,0,0,0,-0.004372176522589255,0.98645864616348944
1.8245,0,0,0,0,0,-0.0040930740401765586,0.98713571385531496
1.825,0,0,0,0,0,-0.0038339386904828743,0.9877789281625492
1.8254999999999999,0,0,0,0,0,-0.0035931754333121679,0.98838998175442172
1.8260000000000001,0,0,0,0,0,-0.0033693281641237194,0.98897048266670062
1.8265,0,0,0,0,0,-0.003161066886929631,0.98952195853336555
1.827,0,0,0,0,0,-0.0029671761171660149,0.9900458606066973
1.8274999999999999,0,0,0,0,0,-0.0027865443929375733,0.99054356757636242
1.8280000000000001,0,0,0,0,0,-0.0026181547855206322,0.99101638919754431
1.8285,0,0,0,0,0,-0.0024610763111400091,0.99146556973766709
1.829,0,0,0,0,0,-0.0023144561559542698,0.99189229125078371
1.8294999999999999,0,0,0,0,0,-0.0021775126350532803,0.99229767668824453
1.8300000000000001,0,0,0,0,0,-0.0020495288142020618,0.99268279285383232
1.8305,0,0,0,0,0,-0.0019298467301649413,0.99304865321114066
1.831,0,0,0,0,0,-0.0018178621518146754,0.99339622055058363
1.8314999999999999,0,0,0,0,0,-0.001713019829940432,0.99372640952305447
1.8320000000000001,0,0,0,0,0,-0.0016148091888004146,0.99404008904690178
1.8325,0,0,0,0,0,-0.0015227604170748865,0.99433808459455664
1.833,0,0,0,0,0,-0.0014364409200199324,0.99462118036482883
1.8334999999999999,0,0,0,0,0,-0.001355452098354748,0.99489012134658739
1.8340000000000001,0,0,0,0,0,-0.0012794264227693475,0.99514561527925804
1.8345,0,0,0,0,0,-0.0012080247759681528,0.99538833451529518
1.835,0,0,0,0,0,-0.0011409340368855325,0.99561891778953038
1.8354999999999999,0,0,0,0,0,-0.0010778648841671679,0.99583797190005385
1.8360000000000001,0,0,0,0,0,-0.0010185497982259095,0.99604607330505113
1.8365,0,0,0,0,0,-0.00096274124317363707,0.99624376963979855
1.837,0,0,0,0,0,-0.00091021001173674509,0.99643158115780861
1.8374999999999999,0,0,0,0,0,-0.00086074371788324999,0.99661000209991824
1.8380000000000001,0,0,0,0,0,-0.00081414542335833673,0.99677950199492238
1.8385,0,0,0,0,0,-0.0007702323856477733,0.99694052689517632
1.839,0,0,0,0,0,-0.00072883491608377593,0.99709350055041746
1.8394999999999999,0,0,0,0,0,-0.00068979533788549041,0.99723882552289655
1.8400000000000001,0,0,0,0,0,-0.00065296703490214103,0.99737688424675175
1.8405,0,0,0,0,0,-0.00061821358270386373,0.99750804003441418
1.841,0,0,0,0,0,-0.00058540795446182514,0.99763263803269342
1.8414999999999999,0,0,0,0,0,-0.00055443179477554505,0.99775100613105872
1.8420000000000001,0,0,0,0,0,0.0025407195363092994,0.99786345582450575
1.8425,0,0,0,0,0,0.010665922951987095,0.9979702830332805
1.843,0,0,0,0,1,0.019563714747874994,0.99807176888161653
1.8434999999999999,1,0,0,0,1,0.026810523098480421,0.99816818043753575
1.8440000000000001,1,0,0,0,0,-0.18075089516727927,0.89825977141565894
1.8445,0,0,0,0,0,-0.37601182898654639,0.80334678284487593
1.845,0,0,0,0,0,-0.34423330508453354,0.81317944370263218
1.8454999999999999,0,0,0,0,0,-0.31287361791898172,0.82252047151750052
1.8460000000000001,0,0,0,0,0,-0.28507236035380501,0.83139444794162554
1.8465,0,0,0,0,0,-0.26032363877355358,0.83982472554454424
1.847,0,0,0,0,0,-0.23820975427229951,0.84783348926731705
1.8474999999999999,0,0,0,0,0,-0.218383097473689,0.85544181480395121
1.8480000000000001,0,0,0,0,0,-0.200552251769062,0.86266972406375364
1.8485,0,0,0,0,0,-0.18040913297803751,0.869536237860566
1.849,0,0,0,0,0,-0.16010395290446644,0.87605942596753772
1.8494999999999999,0,0,0,0,0,-0.14232359136484629,0.88225645466916081
1.8500000000000001,0,0,0,0,0,-0.12670298865252616,0.88814363193570278
1.8505,0,0,0,0,0,-0.11293993716329209,0.89373645033891769
1.851,0,0,0,0,0,-0.1007823941846907,0.89904962782197184
1.8514999999999999,0,0,0,0,0,-0.090018698914684836,0.90409714643087324
1.8520000000000001,0,0,0,0,0,-0.08046996033535414,0.90889228910932962
1.8525,0,0,0,0,0,-0.071984083459456949,0.91344767465386312
1.853,0,0,0,0,0,-0.064431043279128186,0.91777529092116994
1.8534999999999999,0,0,0,0,0,-0.057699116983558896,0.92188652637511148
1.8540000000000001,0,0,0,0,0,-0.051691858051148842,0.92579220005635587
1.8545,0,0,0,0,0,-0.0463256490402566,0.92950259005353808
1.855,0,0,0,0,0,-0.041527709041898175,0.93302746055086117
1.8554999999999999,0,0,0,0,0,-0.037234460794823732,0.93637608752331813
1.8560000000000001,0,0,0,0,0,-0.033390184183224592,0.93955728314715226
1.8565,0,0,0,0,0,-0.029945899209552818,0.94257941898979469
1.857,0,0,0,0,0,-0.026858433966013062,0.94545044804030498
1.8574999999999999,0,0,0,0,0,-0.024089642631564434,0.94817792563828973
1.8580000000000001,0,0,0,0,0,-0.021605745833228163,0.95076902935637519
1.8585,0,0,0,0,0,-0.019376771370706702,0.95323057788855647
1.859,0,0,0,0,0,-0.017376077710211324,0.95556904899412864
1.8594999999999999,0,0,0,0,0,-0.015579946103286169,0.95779059654442222
1.8600000000000001,0,0,0,0,0,-0.013967229901264089,0.9599010667172011
1.8605,0,0,0,0,0,-0.012519051783088653,0.96190601338134107
1.861,0,0,0,0,0,-0.01121854132052269,0.96381071271227403
1.8614999999999999,0,0,0,0,0,-0.010050606667051154,0.96562017707666037
1.8620000000000001,0,0,0,0,0,-0.0090017352493896308,0.96733916822282739
1.8625,0,0,0,0,0,-0.0080598192206983166,0.96897220981168608
1.863,0,0,0,0,0,-0.0072140021467969051,0.97052359932110177
1.8634999999999999,0,0,0,0,0,-0.006454543975431104,0.97199741935504669
1.8640000000000001,0,0,0,0,0,-0.0057727018109942074,0.97339754838729431
1.8645,0,0,0,0,0,-0.0051606244042785576,0.97472767096792956
1.865,0,0,0,0,0,-0.0046112585855558885,0.97599128741953312
1.8654999999999999,0,0,0,0,0,-0.0041182661327886505,0.9771917230485565
1.8660000000000001,0,0,0,0,0,-0.0036759497855833878,0.97833213689612863
1.8665,0,0,0,0,0,-0.0032791872979683889,0.9794155300513222
1.867,0,0,0,0,0,-0.0029233725759225671,0.98044475354875604
1.8674999999999999,0,0,0,0,0,-0.002604363074155347,0.98142251587131824
1.8680000000000001,0,0,0,0,0,-0.0023184327352736567,0.9823513900777523
1.8685,0,0,0,0,0,-0.0020622298466437261,0.98323382057386466
1.869,0,0,0,0,0,-0.0018327392688016753,0.98407212954517143
1.8694999999999999,0,0,0,0,0,-0.0016272485564671202,0.98486852306791284
1.8700000000000001,0,0,0,0,0,-0.0014433175509519502,0.98562509691451716
1.8705000000000001,0,0,0,0,0,-0.0012787510725481566,0.98634384206879133
1.871,0,0,0,0,0,-0.0011315743845878856,0.98702664996535172
1.8714999999999999,0,0,0,0,0,-0.0010000111383223764,0.98767531746708415
1.8720000000000001,0,0,0,0,0,-0.00088246354042376129,0.98829155159372994
1.8725000000000001,0,0,0,0,0,-0.00077749451347330911,0.9888769740140434
1.873,0,0,0,0,0,-0.00068381164486019941,0.98943312531334127
1.8734999999999999,0,0,0,0,0,-0.00060025274156616515,0.98996146904767424
1.8740000000000001,0,0,0,0,0,-0.00052577282775789769,0.99046339559529051
1.8745000000000001,0,0,0,0,0,-0.00045943243931456657,0.99094022581552599
1.875,0,0,0,0,0,-0.00040038708466272332,0.99139321452474971
1.8754999999999999,0,0,0,0,0,-0.00034787775483158256,0.99182355379851228
1.8759999999999999,0,0,0,0,0,-0.00030122237769036886,0.99223237610858672
1.8765000000000001,0,0,0,0,0,-0.00025980812206982673,0.99262075730315735
1.877,0,0,0,0,0,-0.00022308446705354701,0.99298971943799952
1.8774999999999999,0,0,0,0,0,-0.00019055696029790514,0.99334023346609956
1.8779999999999999,0,0,0,0,0,-0.00016178159690394267,0.9936732217927946
1.8785000000000001,0,0,0,0,0,-0.00013635975723691462,0.99398956070315492
1.879,0,0,0,0,0,-0.00011393364825196262,0.99429008266799712
1.8794999999999999,0,0,0,0,0,-9.41821984107305e-05,0.99457557853459722
1.8799999999999999,0,0,0,0,0,-7.6817361244874149e-05,0.99484679960786737
1.8805000000000001,0,0,0,0,0,-6.1580787082848865e-05,0.99510445962747396
1.881,0,0,0,0,0,-4.8240826471812603e-05,0.99534923664610031
1.8815,0,0,0,0,0,-3.6589832440037107e-05,0.99558177481379528
1.8819999999999999,0,0,0,0,0,-2.6441731991511119e-05,0.99580268607310551
1.8825000000000001,0,0,0,0,0,-1.7629840155519716e-05,0.99601255176945025
1.883,0,0,0,0,0,-1.0004892547654798e-05,0.9962119241809777
1.8835,0,0,0,0,0,-3.4332747729237667e-06,0.99640132797192882
1.8839999999999999,0,0,0,0,0,2.2045708568674272e-06,0.99658126157333238
1.8845000000000001,0,0,0,0,0,7.0155788931547391e-06,0.99675219849466579
1.885,0,0,0,0,0,1.1095350470946563e-05,0.99691458856993254
1.8855,0,0,0,0,0,1.4529313475342143e-05,0.99706885914143595
1.8859999999999999,0,0,0,0,0,1.7393766039153213e-05,0.99721541618436416
1.8865000000000001,0,0,0,0,0,1.9756814983118431e-05,0.99735464537514595
1.887,0,0,0,0,0,2.1679219661008275e-05,0.99748691310638871
1.8875,0,0,0,0,0,2.3215150639410709e-05,0.9976125674510693
1.8879999999999999,0,0,0,0,0,2.4412871708179296e-05,0.99773193907851587
1.8885000000000001,0,0,0,0,0,2.5315352875532326e-05,0.99784534212459008
1.889,0,0,0,0,0,2.5960821245063492e-05,0.99795307501836061
1.8895,0,0,0,0,0,2.6383255987250109e-05,0.99805542126744262
1.8899999999999999,0,0,0,0,0,2.6612833002204184e-05,0.99815265020407051
1.8905000000000001,0,0,0,0,0,2.6676324315744182e-05,0.99824501769386698
1.891,0,0,0,0,0,2.6597456748267412e-05,0.9983327668091736
1.8915,0,0,0,0,0,2.6397233946595655e-05,0.99841612846871497
1.8919999999999999,0,0,0,0,0,2.609422546040463e-05,0.99849532204527924
1.8925000000000001,0,0,0,0,0,2.5704826181138785e-05,0.99857055594301525
1.893,0,0,0,0,0,2.5243489126913765e-05,0.99864202814586445
1.8935,0,0,0,0,0,2.4722934262588758e-05,0.99870992673857117
1.8939999999999999,0,0,0,0,0,2.4154335774517754e-05,0.9987744304016426
1.8945000000000001,0,0,0,0,0,0.0030920898000399433,0.99883570888156048
1.895,0,0,0,0,0,0.0076400619437286821,0.99889392343748251
1.8955,0,0,0,0,0,0.011419664543384833,0.99894922726560842
1.8959999999999999,0,0,0,0,0,0.014539400083249832,0.99900176590232803
1.8965000000000001,0,0,0,0,0,0.017091775114662644,0.99905167760721159
1.897,1,0,0,0,0,0.01915595712559659,0.99909909372685102
1.8975,1,0,0,0,0,-0.18435027783808933,0.89914413904050849
1.8979999999999999,0,0,0,0,0,-0.37694695062624273,0.80418693208848302
1.8985000000000001,0,0,0,0,0,-0.35515536394374247,0.81397758548405885
1.899,0,0,0,0,0,-0.33480293363387204,0.82327870620985588
1.8995,0,0,0,0,0,-0.31577298109048269,0.83211477089936314
1.8999999999999999,0,0,0,0,0,-0.29796092958014342,0.840509032354395
1.9005000000000001,0,0,0,0,0,-0.28127272777428214,0.84848358073667529
1.901,0,0,0,0,0,-0.26562351844622256,0.85605940169984152
1.9015,0,0,0,0,0,-0.250936508850919,0.86325643161484944
1.9019999999999999,0,0,0,0,0,-0.23714200783726258,0.87009361003410701
1.9025000000000001,0,0,0,0,0,-0.224176601456896,0.87658892953240164
1.903,0,0,0,0,0,-0.21198244414537759,0.88275948305578156
1.9035,0,0,0,0,0,-0.20050664677576924,0.88862150890299252
1.9039999999999999,0,0,0,0,0,-0.18970074626063094,0.89419043345784288
1.9045000000000001,0,0,0,0,0,-0.17952024408919143,0.89948091178495071
1.905,0,0,0,0,0,-0.16992420337313763,0.9045068661957032
1.9055,0,0,0,0,0,-0.16087489574617198,0.90928152288591801
1.9059999999999999,0,0,0,0,0,-0.15233749090409587,0.91381744674162213
1.9065000000000001,0,0,0,0,0,-0.14427978275006881,0.91812657440454104
1.907,0,0,0,0,0,-0.13667194707594854,0.92222024568431404
1.9075,0,0,0,0,0,-0.12948632650637693,0.92610923340009832
1.9079999999999999,0,0,0,0,0,-0.12269723909009389,0.92980377173009343
1.9085000000000001,0,0,0,0,0,-0.11628080746876757,0.93331358314358881
1.909,0,0,0,0,0,-0.11021480600811884,0.9366479039864094
1.9095,0,0,0,0,0,-0.10447852365590538,0.93981550878708897
1.9099999999999999,0,0,0,0,0,-0.099052640609778364,0.94282473334773453
1.9105000000000001,0,0,0,0,0,-0.093919117145932374,0.94568349668034779
1.911,0,0,0,0,0,-0.089061093185596296,0.94839932184633036
1.9115,0,0,0,0,0,-0.084462797367885312,0.95097935575401382
1.9119999999999999,0,0,0,0,0,-0.080109464560162214,0.95343038796631319
1.9125000000000001,0,0,0,0,0,-0.075987260875613027,0.95575886856799752
1.913,0,0,0,0,0,-0.072083215386136712,0.9579709251395977
1.9135,0,0,0,0,0,-0.068385157820107123,0.96007237888261776
1.9139999999999999,0,0,0,0,0,-0.064881661621754128,0.96206875993848684
1.9145000000000001,0,0,0,0,0,-0.061561991824057971,0.96396532194156248
1.915,0,0,0,0,0,-0.058416057251960751,0.96576705584448441
1.9155,0,0,0,0,0,-0.055434366628952958,0.96747870305226025
1.9159999999999999,0,0,0,0,0,-0.052607988208933532,0.96910476789964728
1.9165000000000001,0,0,0,0,0,-0.049928512597770425,0.97064952950466488
1.917,0,0,0,0,0,-0.047388018466106185,0.97211705302943163
1.9175,0,0,0,0,0,-0.04497904088741822,0.97351120037796002
1.9179999999999999,0,0,0,0,0,-0.042694542063804186,0.97483564035906201
1.9185000000000001,0,0,0,0,0,-0.04052788422698006,0.97609385834110896
1.919,0,0,0,0,0,-0.038472804523991377,0.97728916542405353
1.9195,0,0,0,0,0,-0.036523391716573705,0.9784247071528509
1.9199999999999999,0,0,0,0,0,-0.034674064540274885,0.97950347179520836
1.9205000000000001,0,0,0,0,0,-0.032919551584666751,0.98052829820544796
1.921,0,0,0,0,0,-0.031254872569480674,0.98150188329517551
1.9215,0,0,0,0,0,-0.029675320903503333,0.9824267891304167
1.9219999999999999,0,0,0,0,0,-0.028176447423769235,0.98330544967389588
1.9225000000000001,0,0,0,0,0,-0.026754045222121658,0.98414017719020108
1.923,0,0,0,0,0,-0.025404135474746292,0.984933168330691
1.9235,0,0,0,0,0,-0.024122954197911217,0.98568650991415641
1.9239999999999999,0,0,0,0,0,-0.022906939859995146,0.98640218441844862
1.9245000000000001,0,0,0,0,0,-0.021752721786027607,0.98708207519752622
1.925,0,0,0,0,0,-0.020657109296495113,0.9877279714376499
1.9255,0,0,0,0,0,-0.019617081527147251,0.9883415728657674
1.9259999999999999,0,0,0,0,0,-0.018629777881023823,0.98892449422247908
1.9265000000000001,0,0,0,0,0,-0.017692489067981931,0.98947826951135509
1.927,0,0,0,0,0,-0.016802648690672162,0.99000435603578729
1.9275,0,0,0,0,0,-0.015957825339234177,0.99050413823399797
1.9279999999999999,0,0,0,0,0,-0.015155715159997474,0.99097893132229808
1.9285000000000001,0,0,0,0,0,-0.014394134866207109,0.99142998475618316
1.929,0,0,0,0,0,-0.013671015161286326,0.99185848551837397
1.9295,0,0,0,0,0,-0.012984394547412292,0.99226556124245524
1.9299999999999999,0,0,0,0,0,-0.012332413494242744,0.9926522831803325
1.9305000000000001,0,0,0,0,0,-0.011713308944523715,0.99301966902131589
1.931,0,0,0,0,0,-0.011125409135020914,0.99336868557025004
1.9315,0,0,0,0,0,-0.010567128712801188,0.99370025129173756
1.9319999999999999,0,0,0,0,0,-0.010036964128328996,0.9940152387271507
1.9325000000000001,0,0,0,0,0,-0.0095334892881637767,0.99431447679079321
1.9330000000000001,0,0,0,0,0,-0.009055351451262017,0.99459875295125355
1.9335,0,0,0,0,0,-0.008601267354002573,0.99486881530369087
1.9339999999999999,0,0,0,0,0,-0.0081700195500759021,0.99512537453850636
1.9345000000000001,0,0,0,0,0,-0.0077604529523291887,0.995369105811581
1.9350000000000001,0,0,0,0,0,-0.0073714715645227802,0.995600650521002
1.9355,0,0,0,0,0,-0.007002035391765582,0.99582061799495192
1.9359999999999999,0,0,0,0,0,-0.0066511575191290362,0.99602958709520428
1.9365000000000001,0,0,0,0,0,-0.0063179013486339697,0.99622810774044412
1.9370000000000001,0,0,0,0,0,-0.0060013779854369842,0.99641670235342195
1.9375,0,0,0,0,0,-0.0057007437646263703,0.99659586723575089
1.9379999999999999,0,0,0,0,0,-0.0054151979105901971,0.99676607387396332
1.9384999999999999,0,0,0,0,0,-0.0051439803214198276,0.99692777018026513
1.9390000000000001,0,0,0,0,0,-0.0048863694712832917,0.99708138167125182
1.9395,0,0,0,0,0,-0.0046416804241399268,0.99722731258768926
1.9399999999999999,0,0,0,0,0,-0.0044092629525737115,0.99736594695830483
1.9404999999999999,0,0,0,0,0,-0.004188499755900521,0.99749764961038956
1.9410000000000001,0,0,0,0,0,-0.0039788047720568098,0.99762276712987008
1.9415,0,0,0,0,0,-0.0037796215781066289,0.99774162877337658
1.9419999999999999,0,0,0,0,0,-0.0035904218745081984,0.9978545473347078
1.9424999999999999,0,0,0,0,0,-0.0034107040485721329,0.9979618199679724
1.9430000000000001,0,0,0,0,0,-0.0032399918128034333,0.99806372896957374
1.9435,0,0,0,0,0,-0.0030778329140781491,0.9981605425210951
1.944,0,0,0,0,0,-0.0029237979098324374,0.99825251539504034
1.9444999999999999,0,0,0,0,0,-0.002777479007665451,0.9983398896252883
1.9450000000000001,0,0,0,0,0,-0.0026384889649595511,0.99842289514402394
1.9455,0,0,0,0,0,-0.0025064600453181818,0.99850175038682276
1.946,0,0,0,0,0,-0.0023810430287959372,0.99857666286748159
1.9464999999999999,0,0,0,0,0,-0.0022619062730706574,0.99864782972410748
1.9470000000000001,0,0,0,0,0,-0.0021487348228642622,0.9987154382379021
1.9475,0,0,0,0,0,-0.0020412295650668044,0.99877966632600701
1.948,0,0,0,0,0,-0.0019391064271613301,0.99884068300970663
1.9484999999999999,0,0,0,0,0,-0.001842095616677808,0.99889864885922131
1.9490000000000001,0,0,0,0,0,-0.001749940899530289,0.9989537164162603
1.9495,0,0,0,0,0,-0.0016623989152048102,0.99900603059544724
1.95,0,0,0,0,0,-0.0015792385268796894,0.99905572906567486
1.9504999999999999,0,0,0,0,0,-0.0015002402046629948,0.99910294261239108
1.9510000000000001,0,0,0,0,0,-0.0014251954402262346,0.99914779548177157
1.9515,0,0,0,0,0,-0.0013539061912115624,0.99919040570768303
1.952,0,0,0,0,0,-0.0012861843538694018,0.99923088542229888
1.9524999999999999,0,0,0,0,0,-0.0012218512624733169,0.99926934115118393
1.9530000000000001,0,0,0,0,0,-0.0011607372141291261,0.9993058740936247
1.9535,0,0,0,0,0,-0.0011026810176746338,0.99934058038894347
1.954,0,0,0,0,0,-0.0010475295654301942,0.99937355136949635
1.9544999999999999,0,0,0,0,0,-0.00099513742662882265,0.9994048738010215
1.9550000000000001,0,0,0,0,0,-0.0009453664614142987,0.99943463011097045
1.9555,0,0,0,0,0,-0.0008980854543565453,0.99946289860542192
1.956,0,0,0,0,0,-0.00085316976648441845,0.9994897536751508
1.9564999999999999,0,0,0,0,0,-0.00081050100489243881,0.99951526599139329
1.9570000000000001,0,0,0,0,0,-0.00076996670902396147,0.99953950269182368
1.9575,0,0,0,0,0,-0.00073146005278246218,0.99956252755723252
1.958,0,0,0,0,0,-0.00069487956166414122,0.99958440117937086
1.9584999999999999,0,0,0,0,0,-0.0006601288441479003,0.99960518112040231
1.9590000000000001,0,0,0,0,0,-0.00062711633662004829,0.99962492206438225
1.9595,0,0,0,0,0,-0.00059575506114573074,0.9996436759611631
1.96,0,0,0,0,0,-0.00056596239543316162,0.99966149216310496
1.9604999999999999,0,0,0,0,0,-0.00053765985437770336,0.99967841755494968
1.9610000000000001,0,0,0,0,0,-0.00051077288259382403,0.99969449667720223
1.9615,0,0,0,0,0,-0.0004852306573832621,0.99970977184334209
1.962,0,0,0,0,0,-0.00046096590160726869,0.99972428325117502
1.9624999999999999,0,0,0,0,0,-0.00043791470596732385,0.99973806908861629
1.9630000000000001,0,0,0,0,0,-0.00041601636021393329,0.99975116563418542
1.9635,0,0,0,0,0,-0.00039521319283497558,0.99976360735247616
1.964,0,0,0,0,0,-0.00037545041879705199,0.99977542698485233
1.9644999999999999,0,0,0,0,0,-0.00035667599493083291,0.99978665563560976
1.9650000000000001,0,0,0,0,0,-0.00033884048257659671,0.99979732285382927
1.9655,0,0,0,0,0,-0.00032189691712292134,0.9998074567111378
1.966,0,0,0,0,0,-0.00030580068409324923,0.99981708387558088
1.9664999999999999,0,0,0,0,0,-0.00029050940144859094,0.99982622968180179
1.9670000000000001,0,0,0,0,0,-0.00027598280779383977,0.99983491819771175
1.9675,0,0,0,0,0,-0.00026218265619204484,0.99984317228782615
1.968,0,0,0,0,0,-0.00024907261330153752,0.99985101367343487
1.9684999999999999,0,0,0,0,0,-0.00023661816357223309,0.99985846298976311
1.9690000000000001,0,0,0,0,0,-0.00022478651824320295,0.99986553984027493
1.9695,0,0,0,0,0,-0.00021354652890204218,0.99987226284826114
1.97,0,0,0,0,0,-0.00020286860537632734,0.99987864970584805
1.9704999999999999,0,0,0,0,0,-0.00019272463773956083,0.99988471722055561
1.9710000000000001,0,0,0,0,0,-0.00018308792222521131,0.99989048135952785
1.9715,0,0,0,0,0,-0.00017393309085267372,0.99989595729155145
1.972,0,0,0,0,0,-0.00016523604457774344,0.99990115942697388
1.9724999999999999,0,0,0,0,0,-0.00015697388979241111,0.9999061014556252
1.9730000000000001,0,0,0,0,0,-0.00014912487800411434,0.99991079638284397
1.9735,0,0,0,0,0,-0.00014166834853690524,0.99991525656370173
1.974,0,0,0,0,0,-0.00013458467410121244,0.9999194937355167
1.9744999999999999,0,0,0,0,0,-0.00012785520908942249,0.99992351904874088
1.9750000000000001,0,0,0,0,0,-0.0001214622404601684,0.99992734309630382
1.9755,0,0,0,0,0,-0.00011538894108087394,0.99993097594148861
1.976,0,0,0,0,0,-0.00010961932540687336,0.99993442714441416
1.9764999999999999,0,0,0,0,0,-0.00010413820737942281,0.99993770578719343
1.9770000000000001,0,0,0,0,0,-9.8931160429582832e-05,0.99994082049783373
1.9775,0,0,0,0,0,-9.3984479485831329e-05,0.999943779472942
1.978,0,0,0,0,0,-8.9285144881823264e-05,0.99994659049929491
1.9784999999999999,0,0,0,0,0,-8.4820788071482411e-05,0.99994926097433012
1.9790000000000001,0,0,0,0,0,-8.0579659058610531e-05,0.99995179792561362
1.9795,0,0,0,0,0,-7.6550595457525183e-05,0.99995420802933299
1.98,0,0,0,0,0,-7.272299310168151e-05,0.99995649762786631
1.9804999999999999,0,0,0,0,0,-6.9086778122007253e-05,0.99995867274647299
1.9810000000000001,0,0,0,0,0,-6.5632380424118786e-05,0.99996073910914929
1.9815,0,0,0,0,0,-6.2350708490255258e-05,0.99996270215369187
1.982,0,0,0,0,0,-5.9233125444535517e-05,0.99996456704600734
1.9824999999999999,0,0,0,0,0,-5.6271426313259099e-05,0.99996633869370699
1.9830000000000001,0,0,0,0,0,-5.3457816424629101e-05,0.99996802175902166
1.9835,0,0,0,0,0,-5.0784890887833889e-05,0.99996962067107054
1.984,0,0,0,0,0,-4.824561509941816e-05,0.99997113963751705
1.9844999999999999,0,0,0,0,0,-4.5833306224984938e-05,0.99997258265564115
1.9850000000000001,0,0,0,0,0,-4.3541615606157436e-05,0.99997395352285912
1.9855,0,0,0,0,0,-4.1364512049058e-05,0.9999752558467162
1.986,0,0,0,0,0,-3.9296265947452724e-05,0.99997649305438041
1.9864999999999999,0,0,0,0,0,-3.7331434200926772e-05,0.99997766840166136
1.9870000000000001,0,0,0,0,0,-3.5464845886790108e-05,0.99997878498157833
1.9875,0,0,0,0,0,-3.3691588648632198e-05,0.99997984573249943
1.988,0,0,0,0,0,-3.2006995766886703e-05,0.99998085344587451
1.9884999999999999,0,0,0,0,0,-3.0406633873991673e-05,0.99998181077358084
1.9890000000000001,0,0,0,0,0,-2.8886291286389643e-05,0.99998272023490176
1.9895,0,0,0,0,0,-2.7441966917618466e-05,0.9999835842231567
1.99,0,0,0,0,0,-2.606985974762388e-05,0.99998440501199881
1.9904999999999999,0,0,0,0,0,-2.4766358818539835e-05,0.99998518476139886
1.9910000000000001,0,0,0,0,0,-2.352803373029122e-05,0.99998592552332888
1.9915,0,0,0,0,0,-2.2351625611038983e-05,0.99998662924716242
1.992,0,0,0,0,0,-2.1234038541040334e-05,0.99998729778480433
1.9924999999999999,0,0,0,0,0,-2.0172331403500721e-05,0.99998793289556409
1.9930000000000001,0,0,0,0,0,-1.9163710143876855e-05,0.99998853625078588
1.9935,0,0,0,0,0,-1.8205520416203491e-05,0.99998910943824659
1.994,0,0,0,0,0,-1.7295240597015038e-05,0.99998965396633421
1.9944999999999999,0,0,0,0,0,-1.6430475148654367e-05,0.99999017126801748
1.9950000000000001,0,0,0,0,0,-1.5608948314427273e-05,0.99999066270461656
1.9955000000000001,0,0,0,0,0,-1.4828498129615397e-05,0.99999112956938574
1.996,0,0,0,0,0,-1.4087070730917084e-05,0.99999157309091646
1.9964999999999999,0,0,0,0,0,-1.3382714951326591e-05,0.99999199443637066
1.9970000000000001,0,0,0,0,0,-1.2713577185019531e-05,0.99999239471455215
1.9975000000000001,0,0,0,0,0,-1.2077896509032904e-05,0.99999277497882455
1.998,0,0,0,0,0,-1.1474000048528055e-05,0.99999313622988328
1.9984999999999999,0,0,0,0,0,-1.0900298574423317e-05,0.99999347941838912
1.9990000000000001,0,0,0,0,0,-1.0355282321294901e-05,0.99999380544746963
1.9995000000000001,0,0,0,0,0,-9.837517013222552e-06,0.99999411517509618
